888978
-2129516
4410090
-859893
2355217
269384
1708651
2816033
3046847
4039723
-2324056
789329
-3669655
-9961070
-2839531
-3480877
-2421129
-2411266
-1302262
609251
-1005211
3273891
-334812
-1119889
-1786550
-2952164
2579316
6270988
819061
515503
-2325280
1281373
-3150350
-2980106
1977690
-341828
-677150
-2467521
5109604
-5382052
-1938410
-1841017
2295658
-5287342
-2070938
514853
1680899
1342012
-1953748
-2240675
-5634043
-2417669
-2144051
4629299
-1696969
-4764089
-123325
5346114
397598
-4803460
5798912
2866317
-1728535
1410282
3058491
3284674
5539176
-535853
5862164
1955158
-6024486
-6388046
-2150172
-1592118
-3076761
-3801181
-3300757
1148054
-4641145
-3974460
1383155
6171447
3847194
-1896808
-3780127
-1107474
1573036
-76914
-496983
-1610390
-3796736
545509
-4097227
-2858367
-731236
-7702798
745941
7333203
-108908
-3261705
-3966515
-7308743
2761749
-4722181
586165
-1469928
-2592182
-2915261
161027
-653663
1347826
-3141535
-4622776
-2621418
7410078
-3196255
1844260
1773526
-5279694
3337796
566879
-127895
-3939548
-132229
-6063497
-3039747
3815915
-5431418
3258909
-4036339
-5516328
7808440
-9645924
4679937
-1168245
-3808705
4772344
-4544744
-5624124
-2303922
2953552
-2999532
2201235
-6076147
4406626
-554011
646712
1755841
-104889
6035031
5473734
2249118
-238420
1555297
1710447
-4311639
-437690
1074955
-7634119
1511813
2566310
2362697
-4671357
-236738
-5121708
137365
-2290700
788193
1092933
3481780
2481032
-9271625
-4827755
918968
1896881
2170105
-1440260
-1801782
3487457
1114923
-1620012
-3659717
3757413
1331053
-6274396
-5184030
-2950534
-442169
2597309
-6723389
4144665
1893904
2270406
2903003
-784002
2292090
3258514
691303
2127653
4042012
-3270350
-127416
-6438891
-5544990
-2094760
3911082
2328086
283059
481161
3784647
-3817130
329894
-1155477
2716998
1871440
8553277
-251335
-4335260
4554525
-2423295
1641642
-4633792
71574
-1070274
4216127
-445589
-64154
-2413218
-2998060
1269649
-5197087
-1509719
-3571143
1948613
-3233277
-680019
-3033183
-1473628
1368512
-1252698
-1865827
-2441139
3415857
-290576
1833101
-1744835
188324
-1470803
3943483
-1280126
-2886839
-1846062
2283677
-1422266
-637177
2605355
-274149
-3089541
-5748865
-3536579
-1621661
-5402082
1060413
746180
-2320126
-6511844
-3781903
-380538
-2575390
-3029398
-590371
-6836404
-3979226
744452
3848937
-5791951
1663698
-5327974
-4214554
-3621347
261318
-1943480
3931838
-2244641
2043777
-6435049
2598795
-4210875
-662202
-1259678
1227105
6864868
-2336822
1305516
814509
-2456944
344598
1459475
6357987
4871451
-96345
-2831596
217023
-6201228
-7923888
-4790843
-6206604
3040933
-2014956
-1038064
1708413
1315669
4066089
1398303
6075428
948704
8074948
623485
-3040585
-4852475
219422
-5199315
-2009499
8468469
-2036418
-1382961
-711090
-855617
2795904
-2532323
-3266299
-4132929
-4119824
3866829
393677
-988310
-176529
-363758
-396278
7868943
-1725630
7180101
-696706
-3967202
-739588
-4882557
-1041415
125366
-4386481
-7384595
-7495273
1380698
9237975
1180999
-101393
-1001622
-5711851
-817598
-5173330
-375739
-1333867
2574232
-2429006
1219032
2088792
-5312502
-6627979
3731966
-743418
-2092737
4787943
-3124209
-996119
-233567
162726
-1609012
-4963136
154378
1729823
2218108
2766886
-5874976
-7384263
5798706
-713549
6084300
3376026
-3416727
902068
-3665558
1203293
-7921709
-602173
64849
-4550644
-3952572
-7168131
-1262866
-3207927
-3060047
-5346444
-1984576
-6285033
-5489784
1652446
878686
2218689
-2937711
8561673
7196689
2382334
1110635
-736541
1566014
-4345497
-8107333
-3250087
-1630818
-4784418
2174491
11870
3426035
570201
-1806839
-3449317
-1259905
-4680492
-3639845
-2092029
2244410
362094
-4389083
132676
-942643
-3046773
-4858410
535140
-2776619
4972393
-1485008
1940312
-1548947
-4447642
-3013293
-5543556
-4679438
5326225
1789609
628435
4769867
3232302
142177
-3115409
-3366778
-3518673
-2610278
124654
-455141
-1454530
-1598176
-208732
590963
-572663
-5252195
-1617189
-1520661
619710
4439300
37965
-7977680
-5265047
-770894
-7876851
1189743
-2025291
-2242518
832553
1089127
-127587
-1584116
-4994756
1761329
4605788
1934326
3021141
5420454
1835679
4983680
1621062
2603749
-3043197
912894
2262288
3105471
-7750182
-4506905
4351649
-1547452
4065525
1861299
8142791
-1285629
5639206
-4608650
3510886
412341
536170
2484172
1251756
640668
1549927
-3237234
-6979418
3625809
-1769694
-708714
-3706502
1214646
1049450
3158591
-3283175
4886774
3191467
1658341
-7104135
-1562747
5021329
-2233263
4420840
407159
-5429599
2813680
-4987015
-2976067
-5748000
-4374660
3855777
-780682
-8572022
6093991
5184185
609289
-1495345
-113958
2586404
810803
3265117
1713741
-3277546
-2339515
516430
3599478
6189397
-305650
-1551854
-2315990
-1738024
-3571989
6975645
-1123254
203951
-4248980
-1335776
87305
-6329441
-2890032
4808723
-1090981
1042277
1631544
-4039711
-208469
334768
531848
2511448
132913
-843545
-1960717
-3114303
8253524
-1380324
-3806789
-938729
-2863892
-699432
-4405292
-5461692
-974915
-1505293
8465075
-6828693
-5232037
-4783663
529671
2895667
3092302
774075
554688
-1910614
-3122709
9685
5593945
-220242
-1769345
-579824
-6909322
-2472855
-5657550
-1633062
-857619
-1204458
3139425
-3635639
854131
-466301
4955751
-8009947
2422410
276215
-992094
-204844
6794117
-1305201
-742884
-2094472
-2478120
5301194
-2568595
-3067390
-3978323
5875815
-818604
1748938
3679116
-807832
-5505931
1352807
-5183961
-1478164
-3178996
-7479564
-3288188
-2911564
-2067259
-4926869
2216033
-4534986
-3756332
4401415
-2583943
-2266583
-2232343
691497
3361849
-3287315
-720072
788953
142945
-742308
2688810
-3368141
-5350022
-43724
-4104025
4649856
-2041261
-6742973
-2267178
2498412
-1262860
-5431966
1041686
-4322984
1202731
-5305859
-2205155
-3958240
-2902548
-5562613
-4707647
-934740
4854764
4266941
3682568
2916010
6699416
-2113937
4152491
-1569770
-2487467
-6856840
3552052
-2855923
-3462920
2125670
3927461
-3824773
2647459
-6162628
-988365
-5718112
-663204
-1976873
-2804616
1682928
-5159406
673574
-522553
-632629
4875991
-1800948
5023002
44687
5562215
-6134694
4964674
-4441703
768073
257005
237362
3076029
2706215
-1889332
3171627
-1927710
968649
2862163
1029112
-1710022
-4146276
-2353758
3292089
-4430389
-347307
3712233
-1781435
785331
-2729932
-891804
-6948421
-3084963
1199924
5029102
-1687288
1297662
-2921188
-4273876
-1888055
2788926
-2268869
-5778169
-2055174
1175483
-2293404
-710962
-307674
-2776018
-4939450
-2170617
2677256
-3954513
1963013
-5374613
1698704
1826952
835875
85575
-4528233
-2417369
1750071
-1849613
-1113631
-3039353
5459128
-2560397
-5163169
-7561670
-3186282
-71839
-2466415
-6452449
-356746
2065999
-258444
5195873
-3124568
-445627
-2056650
-515440
5289165
-4566493
-5615406
-1498621
2087188
4867523
2603072
3169540
3575883
-5339296
-8129384
-3545576
-3409574
-1837929
-3866802
-4622339
3153391
-2008996
-844752
-4201085
-1732040
1350646
-2929245
-7081325
-2005217
-220806
-723689
-2143414
160559
8696819
-3407482
-2955473
-939398
-4510444
-5568446
-2411835
1250681
-2153828
-1566272
-4012391
-1994342
3796298
-4413666
135382
-4503085
-3716457
714431
-4951574
-2062867
2514056
-1796354
4724720
5283335
-4561627
3972018
-3684945
1475910
582848
-2168195
-3746823
2379414
-1501138
-577047
-689218
2368519
-1481007
-3216577
568492
5473917
-1924560
5277699
-3131940
-4192662
-1252556
3978047
-1630284
-1802853
-4404196
2859623
-3228179
6460835
-5015700
5769047
6495210
5338560
2726794
478696
1035321
5830934
8337927
1170908
-246445
-1551066
-1050260
-5723952
-1069915
189337
-3778278
-1632848
-5364136
109819
-3653950
-6571665
-3971920
5533175
-4001902
558100
-6470038
2608855
4116377
-3339649
-136756
1219700
-2057033
6433036
-279665
-4322015
-4487685
1241936
-230729
-1316978
-3118726
-3047751
1868404
-1939083
-4849771
2562245
-5344655
4520080
-6305341
-1307274
-3629790
-3039543
3151533
4413888
-3587558
-6931058
3215140
3264217
-4474168
1715447
-1262019
-2274163
1742662
8737824
-1387867
-2448505
403717
-20439
2611994
-2134197
-211923
2649181
-79363
3302813
5389255
623189
821389
-2506616
-7547552
-5061684
-5573210
505245
-5372260
2195991
8500867
-7514415
-5210120
-4154678
-2736220
-4288145
8770463
2035770
-4514567
-2720236
-2095258
514303
-4982563
-5779404
-4283416
-6504340
4261722
321419
-1844928
14155
213964
3450378
2966164
406054
1822849
-2961269
-2583203
-2376408
-1447691
1091501
-2129314
-5714277
-6630280
-918473
-4841441
5842930
-4683762
-838681
-3171101
-3485289
1177075
1703477
-1945024
560488
-3800980
124098
-1966110
-846345
3376094
-1389366
-1769493
-2537414
-4508293
1888081
-3108957
-8678054
5186468
-7075159
5759728
1736154
3748181
-805686
-1036441
-1333108
6312857
6461626
-130042
-4310544
3364948
7492949
-3882623
-4776371
3117502
518662
-2867189
6058338
-2998138
-4338768
-5315115
-3004298
-2663193
-4526620
307061
-7507231
2371356
-2174518
-5704683
2771454
6033510
4513289
47423
-5725454
614732
-4113438
-979154
3396100
-1859455
1248858
329629
-5360792
-2003691
1238336
-4733910
1982551
1009534
-8149228
557313
-7401332
1381260
2968834
927681
-446527
1588489
-5647503
-2588975
-419548
-3325212
3518176
2941460
2860627
-4486230
-4753125
3514065
2155422
-436345
-2077028
-329603
-2179792
-5326395
-6978313
9818048
-3829434
-2905617
-2145418
-6182703
-5603462
3606679
-8004315
-3392117
-4389913
-825687
-2032763
5271502
-3733745
-2183084
-7089491
-3387777
-6058611
-200529
-1800123
-8270159
258048
1280319
1231373
1519745
-916010
-5700208
-3352050
-1225484
-1702295
-4832578
-3581198
-5590190
-4588686
206705
5168822
-1446069
-472038
2518831
-1403148
-2278035
2890563
-3166245
1871772
-3986925
-964208
3722822
330841
1053396
4974638
2838180
601249
-442025
4765546
-4537515
-2010053
-1174078
-5872971
3196157
1887100
1013137
3010077
7545049
1890524
4679776
-805045
-4765361
-2771
-845878
-201314
4086084
5175889
-4426821
-2271380
-2794444
2647073
-301789
4764993
144660
-717600
-680762
365889
-3890420
6159799
-6581000
-1159912
-4773904
7764871
-4347749
1504638
-360100
-477499
-5294467
1632470
-7882883
6919652
-1491092
1298908
-4459722
4396668
-2126964
-2882191
-4640823
-4784121
-2134498
3082886
-1168913
2953435
-3105630
-2962072
1892088
-4565473
-2217924
233129
-2319420
-1643481
4989916
-156496
1202981
-7235271
-83187
-7155109
-4156776
-5988121
-4026931
1750664
-6091701
-1390564
3145482
-2013689
-3249109
1823337
-4570892
-4026755
5007668
-717809
-4499829
-4505017
145246
-2940070
1252097
-3089700
-3567649
-3719696
310959
-1859966
1279624
1568432
-343806
-879239
782493
-681782
3170595
-363011
-3927718
1305815
-313156
1959439
2183306
4983606
4435025
-3201166
-726990
-4439901
-387231
6537304
7431272
2895451
-2901915
-412131
-1312951
-6239297
2430561
-146463
-3191624
-3125543
-516153
-3582177
-861390
-2759098
-145437
1327105
5789988
-2763551
-2541738
1330829
-5589950
-307335
-4755401
2547169
247234
-4696795
-5679324
2318681
823113
-908310
-1778582
-5013338
-2761741
1246455
-1838234
3645269
388288
1843138
-1330034
-5019364
90470
-3963942
-4569690
1156568
1497002
1326532
-4945955
9146008
4090840
563706
1502388
1565518
6318308
9912316
-766295
-1939098
-2162459
1952184
-2304950
2707199
-3781587
3027103
1077147
2509596
984994
-3230496
-89229
-1893523
-4486809
474356
-3193110
-477404
-5671861
-64804
6227670
-1244464
-6199301
-1863294
2437086
-5355925
-5223217
5170972
4139894
-2701480
-5414655
-5299087
1875000
-2467293
6019626
-2502106
353242
1304738
498485
-4621006
4107218
709167
429533
-3532783
-553341
4392464
2720309
7923858
-944203
1826736
6468838
-3390160
-6971666
5105319
-2051776
-2472098
10233
-1341869
546736
-2949338
-8254965
5007919
-1592214
8484335
-1683031
1858702
-373760
-2684969
-2373574
5974045
2374343
-1617686
1472955
-239744
4247463
3539963
3272512
-4465188
-1100560
-1007642
-139931
-2015849
82280
-3950924
1533197
1489418
-2385468
1416986
-4680049
-852391
-3078593
-3268016
681629
3298173
-2229864
736617
-6636244
3140053
-1943094
229048
-3172811
6571271
900028
95276
8464500
3134100
-2506311
-3780079
-4101506
75040
-3912732
1328684
-1425808
-686536
4932176
-5166697
1342298
-3940134
-267853
4663952
1368006
1051955
-2646135
491401
-3579503
-8796285
-4578942
-2051528
-5258118
-823177
5113579
4076525
-4994508
4733808
-141477
-432647
729561
-375839
2908050
-1245658
-3124257
-3904540
558650
1153981
388480
1858351
488047
-1568168
-1053186
-1282762
265599
761120
2512309
25720
2277193
-6625151
-2536556
-3670676
-993014
5612650
-1249824
-2486255
-2423028
-1320172
-1697580
-584229
391016
-4127449
-266787
2578381
3661208
-6120670
568621
-183265
4573302
-3772627
1264124
-290691
3424301
-4849710
-6362551
-5101592
-2061526
-2899636
-3602791
980323
-3679744
359160
-4428912
239848
-6018360
-1646936
881188
5518825
560314
3239831
2280912
-1256126
-3249337
2704588
369326
5085520
1186248
-4170698
2084913
-810542
1601013
4217453
-4942526
-4827891
-2925441
-3826695
-2174589
-1244325
-681707
2670268
1877211
766912
846171
-5227273
1469574
-613403
-673956
145766
-521178
-4485304
-5029113
-4815907
-2412563
-4932313
-1079958
-1839876
761242
10709776
1349359
173246
-1807387
881727
-927574
-3604980
-4750073
-3124611
1880614
-3943046
-530305
1403918
1024298
-65370
-5721837
2070323
-1849318
-2512166
1408603
-6794252
6623267
1893820
250000
-3479310
2737803
-3049932
5577172
-1226847
-3909123
-1455516
4890877
3801594
-5486555
-4842529
-4127637
1494299
-2374505
2234889
-6077433
-3908305
886812
154286
4748151
8038945
-2439996
2422381
-540127
4403799
926200
-1282983
-1252994
-330765
2198572
-5081435
-6658555
-6054912
-905298
-3908183
-3817905
-2600909
3350039
1051629
-1748630
6147655
6190283
2386167
731257
-3547278
-5735457
-2992361
-608293
779627
-2228995
-7528431
-39598
-5329274
-2714057
3094893
-1092457
-4847822
-2409144
-90047
-2024964
-665853
-6595777
2368370
-2641488
-2431245
-827696
-2766674
93787
-435913
-2019436
-2241249
-1065661
-5015273
-2268523
-160535
-1114469
2680858
-671060
-3590748
676204
5878295
2867951
-1218476
-571718
355746
5600270
-2724997
-3524627
-2390573
1460657
1835567
2526835
1935059
-2028457
-2085960
9616508
-2465238
-3576861
-410348
-1391096
-3716145
388250
1667594
-7442764
-5402361
-4714168
-1034524
-1395358
261314
-1963814
618525
1865113
-3155683
-1071124
5272811
4407608
6714462
-4556363
-4707170
-2851066
-1685996
-5152954
-5473271
-6622997
-2845341
-2245967
-1447509
-3752653
999572
-2002437
5855336
-1778796
-1457436
-183144
-1098659
3274650
-1045131
-875372
-2290486
2960953
6633366
-7081532
2931851
-34513
4724849
2390382
-2457165
-5920785
3689698
-1190467
63966
3854964
3362425
-999802
-203926
-2839384
4722286
3319717
-2637296
2543758
-5927358
3412797
-4367113
41383
-3605954
-6575343
441202
-2828243
718981
802246
-5894414
180338
-3124843
1517636
-5863447
-4308310
-2626064
-1198125
3509518
-123348
-1315739
1869241
1969391
-4310278
-5084659
1211734
-50031
-419037
-641670
-2149439
-5929744
1601931
-124163
-246207
-2289652
-935208
-3745734
-4191912
-410031
-2026258
-637698
-2233897
637734
-7967568
-1432428
-763363
-345317
-1705442
7055968
-2471373
8358766
-1883915
3427110
-3525719
-1964360
-7318136
3702273
-4140143
-606577
5145893
364178
-2492103
-709241
-1780218
1065477
3026535
-63520
-2065065
-2137944
1538760
-1399264
-225749
-5315168
-3191396
-1441750
3590464
-2546601
-3795800
2768745
4299238
-1950788
4709668
1346742
579548
6012250
1903459
-368180
865808
-1726567
1048976
4702245
1710185
-5973765
1345124
-4059530
-1283045
-1161714
3282742
1428395
-4224654
5619817
-1041024
-1896291
-2544531
-2107500
4295032
3004180
-3849294
-5225826
1436713
922459
8110765
2068542
-1830460
2944891
6372916
-1346146
-1154620
9217556
-2039419
1571348
6704006
-2837822
1943849
-6039810
-4132934
6099664
-383770
-6854118
-1186033
1072818
896411
1964225
-6428351
2154456
-242166
-4332061
382706
1340693
-1108141
1329345
850942
106401
-3440844
-628103
2310614
1120726
-2105250
-3563032
3044226
-1788273
-396877
-5176235
5679496
-4532821
981342
10411996
2580812
-48105
-2540314
-3193313
2792535
-1177370
5055154
3446383
2283758
-1744713
5070698
-8222167
770152
-2835856
3266044
6723077
-617826
3323725
-9022326
-3002161
2433365
-4257277
-1243017
-3268978
4361686
-1021170
-4761612
-2714345
1904610
-926315
4024909
-7544257
576477
-567058
-5680117
2011841
-3402589
3685444
2136888
-2029380
3345317
1616606
891700
-1408519
-2482472
-4555115
2404466
-4565529
2585744
2125553
-3000021
-1668849
1267879
-2533283
-1660437
-6241940
1246248
-1862006
1251293
-2300556
1703215
-4080423
2683865
-1365911
1156516
-4781017
-1353413
-187226
2517033
-3272793
3703448
2765849
-2288672
3066121
-6842197
-260335
-3182394
-1450585
1447261
-8721372
962561
-2289768
-1671863
-2239879
6854158
-5838099
-2555062
-6728678
2028237
-4291538
-7037251
1433952
-4604739
1825781
-5273980
428748
-754426
-723399
-3391735
6217337
-2016801
1276711
-5135000
986041
-4031
-723674
-103745
1094507
-6312913
6085081
-5373726
-2998660
-4720294
-4670528
-5510766
2774098
2940263
-4624796
2392159
3268673
-1062059
2645592
-1598593
5935960
3325933
-1078290
80602
-4412938
3991176
-901231
-2452265
2170885
-4835077
-2928258
-671169
-1611295
-5485518
2013812
3018547
-926832
-6052688
2448635
-5902049
1027923
-1808558
-4862637
-1412515
-2193781
-5169906
-102430
1163156
3806164
1678299
-3592038
556083
663084
-1391503
-957190
-2880363
1319381
3439945
5091910
-4544201
3734158
2082577
971999
-1208823
3335073
-792203
74291
-4154085
-6682209
5926227
-4688046
4117231
-5758492
-4678841
2094234
-1238424
202755
3369132
4669482
-1552920
-1329774
-6371179
-1477494
1316569
341453
133411
-897512
1788978
-49056
-2841659
-2341544
-441888
-6296659
-5263168
-4714299
-4838792
1759893
1225957
-2276104
2725281
-517281
-2458804
-2232449
-175629
-4743362
1407510
-5808271
951911
-2684456
2150109
343341
-4397232
-3228638
-264868
-5089160
7833451
-242664
-208977
-2506720
2455799
-763863
634224
2055940
2728776
-476173
8409091
-3350077
1907985
196392
-3824769
-2581547
-6174005
-4189725
-3888134
-1851744
303968
3306492
-5173873
566545
2156631
-4968641
505029
668294
5596317
2513989
-3430170
745993
-5755352
-1751727
-3351738
-1534814
7795940
-4432155
-1423562
-6854120
5668154
-3278386
2911850
3032414
9206654
-5241784
-2948325
-461700
-5932423
-3917124
-253095
2596622
-2983280
-4557687
1451750
-1004606
-6347033
3705079
-4929806
2623677
39864
-171303
-884090
-3076997
5102067
4047539
-3005118
2797750
-5182996
-3852061
-4178734
2570733
-1100601
-6328337
1155104
3618801
-1122708
360564
-1985879
-3089370
-6660688
-5156454
942407
255398
469774
1090440
-3778995
-1368227
-4309795
629407
-5501375
-1729272
-4247420
-2075246
-1399537
-567256
6735476
-3102337
-7487947
-6708161
1000247
-1599259
3036895
490746
-3947706
3841956
-358166
-5117632
1490634
-5787445
-1747293
8465074
-6206359
5974559
-676854
13138
-319331
776747
3502620
5339993
-2151700
-3031061
341346
4275403
-174529
-1482578
-1842661
-4346947
-5126433
-5137975
196275
-357632
410551
6816658
344844
-2620659
9439544
-5279705
-4066467
-1455957
-7035666
-2656580
-5922219
-3567498
4766122
2374219
-3021561
6581718
-4238642
-2432654
-6875619
225071
5837046
104034
-1483102
785007
-4845027
-1817311
3564027
-7575761
-2520923
-2953980
4308228
212758
-5640820
1109975
7014732
1140758
-1634437
3712696
371460
-4341360
4026916
2116908
-1235004
-2289931
-803874
341859
-2139069
-3405350
5675195
-595757
6583202
1923989
724351
-3540161
-5970274
2092960
2238897
-8368630
-3124705
-3139040
-6685698
2234169
3800566
-4360575
701119
290163
-210046
-2727661
4818709
-1831711
-1274299
66888
-3277101
5879647
-4504967
-2360079
-476902
2801744
2084318
525269
-1972285
8562706
-2717751
-6319349
-2860664
-3049717
-3073174
-4147096
4835987
-145418
2768611
-5118659
-2036028
-6850259
3031664
981539
3886476
-1118472
-1924028
-1425033
-5575016
322521
3574558
-120461
-1028520
1059707
-2102279
2944382
3953631
-3592677
2065800
3565723
-1202800
-797069
3087594
794129
3542050
-1589944
-582939
4514819
-5749004
-2947505
-1491764
5735968
-1504197
7541682
3352852
4771681
1911205
313873
-1432906
-2140316
-761135
-1502128
1844356
-2064490
-6350442
-1006930
1175167
412382
-641251
-2705247
628388
3663639
4247397
-4609435
97132
5237629
-4425058
2681258
6988323
-1849680
8650541
-2817661
-5512799
3721523
2139163
-4290891
-5450118
-105514
-647141
7342441
4830868
-51424
-939276
43460
1900575
-4278473
-5262727
-661396
-3706575
-2008102
-2887353
4824259
-3948147
-2831834
5787444
-2486200
523431
3616473
-830845
1728953
-1408469
-1608790
4387665
-1215134
1287458
1575609
-972703
1005660
-3703749
-1801302
-6621989
3845728
223197
-2629944
1505966
-4382156
3119771
519875
-2329980
-512722
2913325
3192245
-5167432
-4606103
-2221796
-4513161
-828645
1929564
-4951583
3307680
-5381271
-1026806
-5134676
-559482
-4512716
5375612
-7625235
-660839
500310
903543
3425171
-1291201
-789516
2082858
9560774
-1403661
3488638
-3793870
1560335
-3589610
322200
195095
-2179231
1088622
1874506
-451088
538835
5931304
-100041
185668
2951513
5580281
2290550
4478520
-5773143
3200657
180440
-472818
293925
1953568
4440620
-2606234
5736550
-435228
2766615
-2898647
5520080
-2251979
-495903
568931
-3551777
1991645
869908
5858399
2741207
-3455145
-262948
-4440127
7569042
-8320786
-3438032
-2403420
-4049927
337600
-2247702
1014378
-4800555
6929963
4067679
2977998
3842049
-3407204
1187908
928183
-2639148
-4088895
-1239716
-469591
6871923
-1272134
2237945
5315367
2099699
-1668490
-3010058
293092
-4327127
5852788
2056076
-5101124
-1131494
5351465
714693
943548
2300335
-1658978
2955359
472654
-192603
-526841
-3492728
-1826489
-3042697
884937
-113878
4825703
-1363575
-228980
-2044675
-7637006
-1126134
-570110
-5272108
7006073
-3403583
-241374
-6430015
1129532
-3309924
5876086
-911828
-3734408
128835
-1054534
-2187703
-61438
-6901243
-1660123
2828467
3322419
7609688
4321494
6123686
-1003716
4743575
880296
-638510
-2024756
-3368171
-7169458
-2458190
63835
-1887588
3075073
-1539338
-1892727
-5372056
-5730039
828413
-73470
1660565
-1105938
2510308
1908459
-2926674
-3463388
-4546762
4930333
-5143501
-1886797
-2993881
-1276957
847439
465079
442962
-1228678
550617
5068175
5344867
-930552
-233251
-1835414
-311406
57055
635001
1869530
2282674
-289757
2881168
-7238009
-4284934
1494705
-2145906
-1709104
1297314
2784456
267598
2376030
2725295
-1768472
-3623344
-318112
-2967318
6155193
-4070255
2020065
368423
469863
4296137
1335619
-5788649
-3570204
-5572030
2201236
-1109387
770201
-249305
4902543
-4882759
8679010
-1523684
-2563372
-6612675
-3861954
-5158524
548266
-505363
-3265358
189448
-1398597
-2526808
-1776935
-2816364
1188442
4347058
-9215683
-3286273
3818647
-74446
1063730
6383903
3751565
16806
-1665738
-292885
-4376900
-2271692
-391623
1523221
-5583541
581488
-4044545
5161047
-1265801
-673308
-4636124
1508215
-168710
-1570149
-1598968
-4058110
-1997823
5962530
-514626
-2131318
1816911
-2175145
-6106713
-1524514
2349530
6942043
7384148
-257460
1898348
-4174229
2523184
4843149
-2305010
-4317780
-1081755
-842368
1939025
-4001203
817629
-223512
-2803411
1445885
120166
-148502
-715808
-1833585
-3597932
-5465457
2447999
-3323611
-104503
2241337
-3050186
-189641
-4028215
4924192
1126384
-3470284
-3607347
-1875516
-2199645
-4011093
2460151
-8861894
6844196
-1492435
-3665370
-7899998
5594678
-1803249
2288031
25300
-5807418
8423615
-5065927
7216225
-4560179
-5264069
-1375614
-2774901
-3299576
1583711
-1641255
1208838
-4465122
4010478
-2577373
1646208
-1479992
-3651971
-2816256
-3705758
-1863597
1065430
-2898391
6490675
427088
1798677
1474793
1250787
-4814090
-1489108
241213
-2492787
-2866523
-2198375
-7842534
-601603
-4000797
-2753447
5887621
-2433724
-2349067
5266986
-4240348
1285959
-2842988
-7028120
807104
-2856459
-1472318
-2525251
-1021193
1338073
1299060
-6481930
2813558
-799345
-3170862
2977998
6015164
3409370
-2291426
-4706827
2427183
-3387370
-3341257
2040446
-943781
838663
-2861835
-1131219
-2763622
5990858
7159745
929672
-1626056
428337
-5947146
-525426
-1347505
2734706
2596941
-72776
2376759
-3057574
3556262
-1890659
-3599436
1326973
713348
-1516987
-502573
-6121882
-2176690
1078957
3163505
475521
2074815
145347
-6839555
7751939
-679388
945289
-2568716
2781351
228548
737996
-5833075
-5005202
653515
3102302
2784754
-2541347
1612661
746591
5695049
-8628076
-3307017
3189868
-4374857
2180228
838793
-2333935
-1880734
-40999
-907368
4202286
-3964720
-2674730
-1617529
-1059574
-7521015
-1286337
-1371664
3417900
1891631
-4976627
-135972
-5304313
-8597381
-7977738
-2142601
-5651398
-4696939
-1128554
-3664623
1092193
5934746
-1302325
1895629
-1188280
823885
912833
3598301
4827596
7410051
2524285
-2560626
-2413321
3991694
-4456735
145900
-3240386
-2798313
8792204
-496097
-1995697
-8039540
2218804
-6112116
-1035315
-4063431
-2107698
605581
-13611
-5661046
-3554238
-6381759
54558
4466299
-2924025
-2646474
-4552225
-2398165
-1101104
5339751
2770730
-53627
5047982
6489075
-6856730
1677615
7498836
-923939
-5044057
1761520
-973370
-158942
-2653107
-4370714
-2577725
-6335988
-508672
-1047399
-2634338
4526119
1171262
-3434402
-2099786
-1078425
705326
-1024962
393066
6490813
6425
5446894
-6716153
-6364192
3907719
-978252
-5217776
3949084
-2440261
-6688442
1345528
305694
-2888037
-1680566
-3947757
-1628133
-1549202
-5271487
2493948
-4782617
4298925
-1902994
-4202253
-4371033
-4107293
-3919506
1783153
-3915496
-1950066
-2538409
-2080521
372100
262922
-4802789
3271261
-1686580
-6730634
-5273476
-2242302
-3472071
-4453837
-5896583
-562165
-770646
1336555
-5334360
542706
45449
-3623039
-1883761
-1003641
-7427507
-1475487
-1915703
2910683
-3738462
-2498687
-3864076
885094
-7987582
-4016000
-6034197
-2537013
-963193
-2315322
178184
-3603277
-2459367
2386576
-2678610
-1961196
-5467670
-7518640
-5908598
6550
1585969
-4224330
-2923856
1421483
-5470872
885502
-1311016
386448
5387824
-2954370
-5457452
4415776
1979828
8731589
-4247879
1741961
-2098356
-6763188
2730584
-2609312
1010177
5149508
-2789428
-1793917
-5248158
-1139839
2409445
-2630015
-4346132
-5150409
-1686387
-1168311
-2455427
6040395
1158853
-6355631
487170
8580385
-1045529
-2493873
-4339811
10763523
-3410370
-4967162
-2247428
-2534463
-1171485
-1539716
-590415
-2501809
-6123651
-2495005
36557
-5958964
-1333222
185106
-1739191
3115595
-491389
-1097248
-4654474
-1168923
-885404
4288402
-1997862
1555041
2915860
-2065778
3802104
4624687
3465393
3274235
-4436512
-1804183
-2663293
-5868435
-6237782
-96890
2274529
-3651775
4252538
855013
4306565
5815720
-2781797
-858438
-3571806
-463887
4402355
-3334524
-2262988
5466946
-1089851
8373564
-5915670
-6080540
2360992
6369159
428604
-4159340
620571
5557700
-3548221
1613077
3111283
-2850687
-423047
-5522864
-4675236
-1586474
3325017
-2953393
487049
-3997418
-12230
4134360
-3922663
-4152990
-2260903
-991602
332518
-3841695
1870482
-4404459
-757
4975543
-7930222
4232843
-5348673
-5511100
-5096220
-392102
-4684326
-3142422
619612
3024357
-594949
-1255763
-3047887
-7020401
-3110650
-964727
-4900965
1005628
-4691490
-894981
-4490804
-4457716
2746015
-2773339
-735792
-5879623
-4573456
260230
-1400140
-853774
-6849500
-1191990
-1322519
-4125485
-221420
5138421
2000561
1251087
-163494
1542461
-179440
-3581666
-54730
1379314
7212835
-1559028
-3426310
-459450
1235264
-2217059
5567227
514126
7600392
3574058
-3517654
-3844709
1295630
2149174
-8020708
-5943205
4868956
292867
3061622
2602668
-3803597
2731936
-975584
-2299459
-5007423
182571
3933554
-382749
-329104
1807795
159009
-2105434
6243082
4890615
491874
-422325
-533171
1784845
-5169151
3854506
-5747705
-3591223
2686288
-2390058
-652013
2959180
-3019215
2219635
-2075943
-1520522
-433336
-1072133
4252110
1163417
1013127
8669994
-1065767
5617
1313038
-1521502
-3143911
6507523
-3798320
3434963
3130347
-3015733
2220780
2537307
-598168
3931145
2195647
5626923
2948841
410417
-7359945
-2610786
-149465
-3454019
451779
5714401
-1624120
8493710
-5817247
-4272368
-1773550
-7537171
1638251
807391
93571
109935
-5342794
-3338342
821709
-1338476
902095
-1598482
-2663255
5086876
-7180597
-2212141
-3006391
-3106790
2723177
-160903
-3338171
1992592
-4158969
-1944022
161429
5598604
3673773
-3294508
-2894188
-594135
2926873
2764091
-930774
2519087
-3208861
1084346
-3601303
3310897
1809530
-4752933
1639239
213822
846346
-1018097
353251
-3435536
-1113362
-3984074
206442
-6359784
-3454839
-231336
-6356495
-5410759
1617525
-3146937
2467802
4109395
-1176985
-3615253
-1492374
-1136999
-5515156
-4877467
-1620545
-4799464
-4306945
409510
1429732
161793
-289835
-4884444
-264123
6133814
-2265830
-3699639
403960
2547019
1034788
-4690984
-2235493
-3157660
-1805933
-1324076
-4564001
4470061
-320983
3059416
-1825149
2722
-1271182
-82627
1640484
1847586
-5017580
4192379
2069972
-3994026
6235429
-1580706
6332020
-219262
-2249881
-927206
-766116
-1070535
-53881
-2952708
-303786
-2322256
-3386874
-2854628
2350953
376384
-398437
-3700796
-2042289
-3242353
6691238
1779273
1425369
-3511496
-2429150
-771733
-3258410
4809973
800996
-2734196
-1953648
-3851743
-2213003
-3353572
2770619
894527
4803534
-3267316
2225084
-482295
5157787
3439937
1399296
532210
1598688
-1914494
-3933606
2799044
5708498
173951
366417
4351000
-2331733
7412935
960797
3581925
-6093604
-4117105
-4339483
-5637703
-973758
-4246111
-5751441
-2954363
-1358920
-2961638
-2306589
-4480513
-4719624
447994
-6291778
-2823433
527924
-1575205
1892428
8361221
-2289811
2473047
-2195512
-1705361
-1788749
4776942
728353
7005066
-2090622
-22988
-5437332
1546797
534667
-3868373
-3364854
2894926
-5157534
-109286
7275818
-313390
-1774980
849730
-996764
-2071837
-902484
-1959962
-6325929
-4195514
7414361
4967195
7148691
-130345
-3267505
-2632333
8051473
3715393
4805345
4238788
5195171
-353932
-3549315
1386787
-1235716
-1228749
-247503
-5015732
-3733524
-764022
-1177454
-3873510
-1672622
-6222298
-3926287
-5430727
-5908674
-3719059
-2113006
4734686
-1684363
5833785
2375470
-6212970
932566
634220
-4423135
-537756
1126185
6836937
1960136
-5901731
987371
-2292341
6306646
-4123054
935534
-2550348
514473
-6892839
2640072
-4982312
1959420
-6812914
-2964091
5564111
3567663
1823360
147051
37830
-682133
-3735147
1414207
7119647
230116
1378312
-7540996
-3531149
-1034972
1848665
-2696282
-4672013
3764355
-3524135
4789322
-2554140
755414
-5020983
3102890
7832900
3908033
-3222329
-1750794
-4128951
4480406
-5793389
8278159
-2627899
4496212
-5682248
-6299486
1543423
-2298717
-3113892
-1041517
-2808529
4545885
-150356
-19819
210724
-3369712
684842
-1960895
5897939
-4607549
-3060818
4735840
5031741
9274647
1584735
600632
-1670817
-581809
-3813505
-2387692
-2647438
-2347880
-168170
274372
-2586543
96035
4957949
-2226835
-2832660
-1846958
-7171341
-3239684
885456
2396007
2913508
3181826
-809224
-642617
-3885955
1781150
-85970
-6588229
-4471335
-1659214
-1617044
-2847578
1001134
853171
-2188898
-4357445
-7648988
937002
-5549328
-1525045
1002762
5778519
-558784
-1499688
-2169597
-643282
-3175138
-3610748
-2553814
-719867
-1194196
-121285
-2371073
-2308675
-2866686
-2801491
861108
395504
-2699777
-305998
-6256541
5498522
1985971
6105139
-3845020
-233263
-1233258
2608096
4241892
8528209
-1917975
1269198
-4949026
-5502846
-4777568
4408720
-3786432
1254472
-4488001
-3070574
3115442
1264692
3019680
-3579548
-1320202
-1081586
1967067
-1213756
-2120179
2784778
41694
3799071
-7317162
-6778647
2195254
-216196
-6015960
5233300
1188319
3679987
2269344
4720935
5908350
3468095
-3723982
1796282
-1521108
-2297522
-662287
695410
-1424426
-2173287
2213
-2569153
408782
4007356
-493176
536935
1261902
-3160381
-507382
-3403661
303248
-79791
1742197
-894509
2657170
-1289568
892954
2345670
4303246
-727794
1850984
-3949979
195632
1601801
2386324
-3837953
-6059687
931624
-4551196
-5396154
-2388162
-2956608
724193
-4890551
1751131
1236441
1133250
-6006091
-4704883
4142736
4653675
-3911819
-2084124
930777
-4404917
-4931557
-5013142
230606
-6725942
-5801197
-2605416
-131868
4642735
111304
-811372
3770140
335800
-4820909
-2018810
527692
6611280
-2324100
7644088
-4822365
-3633157
1050122
-1111013
-2838544
-668705
1727966
-2201020
-2594706
821013
-3101347
6231932
-7587473
-2492267
9441317
-5346439
3743348
639619
-1092152
-1940101
3206958
1212750
2042151
-5757652
138432
-2971188
-2060826
-1356748
-349154
-1591289
-5562273
-875302
1482289
-231187
284557
-5812487
1944474
-1859096
3566119
-5440224
-6705421
6505386
-1771487
-4330943
7307236
-2596319
-1250185
-414699
-2308921
886876
-586152
-1790420
-2294479
-1870608
-8505417
-2496749
1580608
-1383246
-2423498
-939011
5697157
-5111311
3901195
-6051896
-1332804
2704950
5066673
266069
-4239479
-2228274
-2294838
-4239602
5510897
10008145
7390356
3301729
724497
528122
5779484
-3351878
669480
3731624
8581618
4181004
-639119
-3286268
4368698
7878194
-4887528
-3027854
-1851586
1116269
-1739527
3894486
3462308
4487822
-2498666
2041216
-2011697
1993584
3131611
-4420241
947052
6802077
5577904
2027635
6983649
-3972334
-1803470
7562810
-1200392
-3870733
5155796
-335940
4806715
-47251
-5094252
1453710
-712879
9064012
729782
2040614
-360055
-1982077
-6392815
6481377
-14004
-2388262
392761
2355983
-2980718
-4793223
-1266009
-1600163
-3957481
-2710177
-2284018
-3751055
-8899
5355981
-1588581
-938698
-4593337
-5940705
646780
-5028639
2362567
-1871044
-2450797
2324217
615394
-2689013
2176271
4664546
-6332575
171021
-5103329
-4498976
-3393862
346933
-4100156
2542914
3772621
625136
3092246
377978
3521283
-7710138
-3397875
1801019
4971146
-621522
1581215
2614000
2107062
4154998
-8255754
-4269103
424270
2410488
-2542235
1589229
-4578947
1639960
-3505799
80001
2136837
-4804998
-3780066
-3699751
-5439164
-3850475
6694805
1673681
115105
3485659
-2000507
239078
-3641562
-6588569
-6813865
-3867534
-3323651
-976212
1542326
-2999786
-2486447
98541
-321346
1267822
-3351622
-4171927
1115184
-2648929
505552
1464053
-2410585
-4474321
-4068836
2426546
-3004730
-6343980
4513580
-2345580
-310490
3705356
-2557456
1361662
-3826071
-684285
601439
-5235365
-7253000
1074621
6349201
-1710193
808480
-7465642
-154251
-794117
-3076319
83888
510112
2205657
-2015677
1817655
3211588
-6935492
-7053057
-5712021
-179815
1988541
2096493
-209229
2017556
2327831
9039224
671506
5431403
4775699
-4839593
-2580280
-2497796
-2483002
944262
-4519384
-2143387
-3539808
1512792
-822618
-5023839
-1923207
-171743
-738115
-4534319
270333
-260836
14168
-3228704
470656
1191998
4135003
-2134904
-6223144
-3639487
2396389
-1201844
-4975161
691881
3705686
-542716
-546473
-4341458
-7733274
28150
-366979
1263139
-6369324
2980521
857823
1668593
-1018833
-5748596
3631416
281680
-586838
3053606
-2107711
4716495
1832924
-4779114
-4635335
-3131399
-1885459
2240813
-2707529
2629717
-2786608
7624145
-729669
1998257
-4053272
2097290
-2710226
836005
3219071
-755262
-5208344
-2805631
-377628
-2844242
866370
-4889946
-1923967
2262011
-3971038
-2103030
1904129
-1244090
-541165
967434
-3687100
1119212
1565172
-518196
5458483
7338364
3085744
-4661808
1220980
3078829
-1063582
-5551667
1322910
-2239236
-6212623
-3492038
1201292
-6090538
-1964436
3126064
-5731118
4037404
-2429332
-1330337
-4701364
-1568516
-2952954
5300967
-4776652
-1434871
-2403309
-3761214
-7279095
-2528759
-409870
-3046146
-6881761
-6666038
-3407993
-776238
-2776611
-5277465
2322961
-4080570
-4002615
-736537
818850
-681693
-857478
-2169465
-1458863
2011431
-1216429
2835609
-428112
-493788
-2261146
8028893
-45589
-1170328
-1877324
-4560791
1386164
-8053112
-3985448
-3816614
-4632960
-2427688
-6822037
1917183
-3281844
-1417398
-1306428
-592086
-2944575
-3722348
2870816
5552571
-1883935
1661006
1369700
-378887
1585122
-1556253
-3919739
-468017
-4897549
2804147
1830850
-599977
80584
51048
4072942
-2416261
2908981
-3614776
-2342673
-335238
-1795565
-875410
206556
6746363
2209579
1862642
216901
-4052365
2796414
-305068
-2162992
2246534
-5610678
2804535
-2044352
3560809
-4043043
-11059
1528707
1036047
336023
2219112
-1554754
-2163608
-548185
1018085
-3513378
-6600461
-2892264
170711
-20517
4334984
176204
-4480163
-5575060
-6317025
-2670155
-5850117
126840
2075687
1149784
-3132480
-4448519
1031223
649594
-942353
-2660989
-2787802
-8124479
-424776
7137139
-1023773
-8371845
235470
4388550
1930353
-2417212
1954367
-6080764
-2419002
935599
-3818136
-962222
-1678227
2051020
-1166121
6292943
-3756246
-798599
2727550
-2000749
-3526750
-4442587
1489124
5089753
-2048128
2913906
-167572
6040804
-1266607
-5587466
-5417053
3899855
-2311305
2860008
4252102
709801
-2328126
-2457628
-5256499
-3421741
2281353
2390884
-4423199
3242091
-5409649
3422909
-1351778
1831396
-1450794
3193467
-5664476
-6204780
-5868016
-4228533
-3028520
-4695812
1412801
242011
2469555
-928918
-693657
-4711852
3506196
802543
-3399975
-1727910
-2179290
-1138027
-980113
-2213367
-4326205
-6695445
-2017178
-3286637
-3147289
-4763437
-2965509
-2063794
2334650
-533490
3313767
1571595
-2430281
-1158176
-1044368
1793812
-463138
5131057
-490497
32000
1051886
-1524698
-1409762
7109253
-4471942
-2394875
4176280
-2084995
-612489
7089639
-3875373
-6323456
-944544
-5711917
1581874
72730
-1203149
-4407303
-2067001
-4283600
-2374360
-2123297
-496443
2871107
-1913902
-4373371
1160459
964431
3331312
310833
-5327237
-461197
-3985409
-3050191
1320558
-7372183
-4580739
3702854
-6670961
245553
-1530770
3901353
-4188205
2415810
545312
-3062105
-3426889
667701
-2009382
-3568012
282797
15294
-672276
2133492
-2045423
4751338
1984331
6227629
-6647569
2880496
649336
-4105204
-2194999
-5065227
-787012
-951077
-5803084
-1680868
-1586351
-2230946
-3281713
1987349
3288531
-5202169
-2200705
4739275
-1424365
-1900311
1519266
-5257768
-7811095
332881
-657483
-1862633
-986133
-6113495
-2157636
-210735
-5647750
5273824
1163360
5575900
2677691
-2385134
43485
-5986251
4984072
1178344
-4344550
-13226
1061088
-1746053
7235412
-4291744
2812320
-244968
-2507182
829570
-1496687
2581927
360243
-2669354
378841
-112467
4385889
885224
-2498957
-2248868
-4169231
-3769208
-60643
3408302
-3964886
-8022182
-3061669
-2639962
-376341
5968637
-3904881
-1928463
4149109
1990463
-8818984
769382
-3637630
-70537
-3479640
-9553222
4888080
-6999523
-1139164
-3990504
-1936633
-1568309
-3077645
4046478
213839
-337081
3175106
-275741
1750248
-57857
-2856286
-7281562
-4805159
-3488687
4668078
-5094343
-3686773
8385109
4152043
5412400
-3039609
462241
-6425415
1222091
-5065372
-1483965
4877787
-1632944
-1408460
-1159632
-2272877
340909
-915860
3228249
-1783828
-6045244
-699342
-1177483
-125604
111460
-1724875
-2162779
1601190
2133958
-3839435
-591577
-1934732
-2817357
-4395811
846668
6460923
-4306340
2296240
3299590
-1204804
3375461
-2218705
-6122063
-1072447
-3054975
5701977
4037994
3183617
-1953742
110235
4944065
632436
-5053341
1476297
-7530177
1001502
-8027183
308523
-3491572
-2777096
-4729743
-1744718
-1741900
4828110
-5538148
4426825
-892341
886263
-2452026
-4029978
8827086
1101773
425337
-1447914
-2114812
-65996
4504409
2261440
3275739
-3278463
1815125
-1942000
2626627
-163464
5607657
-1177051
2272034
502228
-5073857
-4316351
1074540
-2190667
-6468310
5053163
-3479302
-1040255
-5062335
-3752385
373030
5152008
1984528
2186105
5646321
1863469
-4105808
-2605702
-2458881
911050
-4609578
-5772284
-2412536
9416234
-8029067
-4403602
-1425005
3947720
3878954
-1457336
-2306787
4778696
3991399
-919176
233042
6391376
1668583
-1356137
1448230
-3189561
-4002467
-2926518
-3241539
-5868027
1138460
-1906593
-1333405
-2228008
-4199097
-1099563
3078735
-5635338
-5149311
858768
-4714794
82548
-1394431
-4006056
-3242054
5860488
2647293
3072433
446789
6980547
-739966
5826078
2164224
-2768777
819621
2220834
-6113016
2698451
1891743
-1682204
-6779292
-2393773
-1557259
-141378
-7149722
-8215065
1433742
-2921328
5396450
-3980178
2577267
-490617
-4145605
596338
-3032691
-1953773
-4404076
-5729837
-1284829
-4212858
-5753666
-2457601
7039982
3187856
64012
-6220446
2787127
167520
-4659333
-2083007
-6189004
-5516414
-2300438
-3727468
1591844
4993675
-1556339
1369847
-1410992
-4908657
2559542
1682658
5054690
-5176369
-3016715
7973126
-3741496
-990636
1738821
-1422218
700207
1288337
249384
-1389963
-3534599
-2050748
-5442138
-6598414
-3316404
-822521
-1443414
-3038089
3724283
-120893
-956197
-2680375
-660261
1661777
1969523
-6058751
2194663
-5514559
361320
-850209
2818415
1201526
-2211691
3200654
4150452
457853
85433
-6234873
-5256728
-2509439
-2268155
-1597714
-4908741
4516206
1873859
-5259428
-188593
-413043
219533
-1412178
-7053324
-5910648
-1631791
-5763105
6099214
1551691
-387507
6807676
6064638
-2063606
1132496
-6458260
7957848
3343618
7314470
-2160579
312666
-4754252
1388570
-3434955
-1002218
-5593795
-4664032
3064096
2325924
-656321
4914742
-79405
-5100879
-6082973
-3488047
272254
-16717
5601916
-884103
-37872
-2224991
235549
1116911
-2940522
-98355
2194346
5290414
4853308
-3925333
-1978604
-2150361
1839334
-2490854
2512444
515410
-3001872
130491
-186688
6462217
939679
-6397011
-2209888
-5668442
4222493
273565
-2644650
3041093
6606548
3262388
1701960
5497486
6093243
1993245
-39784
-5267074
232368
1794324
-3520483
-359493
2260700
-2697175
5714144
-996854
-3953734
4677603
4822206
1540376
-7462875
-2477708
-2236081
-4862909
-3702084
-9802321
-5874977
-2742345
-4202009
-2976620
-2792415
-2593575
-4107808
-4825742
-4376557
-2490021
3024649
3037025
1365337
-277685
2568511
5635033
-3096337
-74691
-2319913
-3242214
-4370117
-141149
-770656
3593183
2482522
-2440274
-4804508
-1626771
409537
-3575411
3380275
-2259566
-526118
-3620870
-7979112
8092561
3740109
4341008
1184389
-1637491
2680905
-197537
-3161178
-6515777
4020277
-3349743
-2143950
2023254
-2829488
3257897
5949260
-3272152
-2140462
-1555342
-4713743
-4328886
6341831
-3541013
-515657
-1277493
5288222
-3321532
4695034
-3276674
3450425
-2438204
-455927
-699914
-712900
6583153
-7389053
-3761959
1435014
1787985
-2851198
1528757
-3293168
-2456807
-2355069
880941
405152
7041914
-5741718
-779273
-711388
4713407
3252298
-5415182
2269987
-2314826
3136914
-4040084
-3910535
2071039
-5063330
-554581
6682742
-3394707
-1102780
-6246634
2572813
-3356148
-4838337
-3870160
1260463
3077430
-2420402
913966
4607525
-345641
-1834582
1984343
-637652
344994
1727057
999413
-5884218
-2334402
-2865062
-1532309
1025194
916051
2267809
-422943
-471068
-3306733
-1706838
-527526
-2709445
-2659951
625388
-189339
118534
1130960
8181423
-2576049
-1038822
1640032
436911
5538340
-22921
-3323374
-58996
-6037050
-7610098
-2367622
-461484
-6588499
-2624305
-2671345
3840092
-5129317
-4964979
1701368
3418600
3128884
-2827501
5730051
5739358
-260939
1126106
-730501
-2177607
1579375
-2241964
-478749
-5033516
-3893174
3025292
-1576322
-502121
-190316
764816
-3558712
-394482
1663119
7468039
-1873302
-3164921
3420169
-3291215
-4313243
1633937
-422206
-182038
-1280379
-5164847
-5984214
-2388448
-5046532
285150
-2101894
-261784
-1400228
3901552
-3946729
373932
-2518156
-8657418
-1932961
-247161
5253189
218597
7768242
-1085309
-4717234
6278647
5009312
-5075206
-1518307
-3491907
-1630816
-2188219
-3349563
-2473136
-452368
-3498048
-254147
4368962
-5156321
-1546884
3385878
-1749489
385408
-3559819
-447799
-4927705
-2584906
-1751063
-1558287
-1499540
-32266
-453246
-2997525
-5713263
-2991846
-1011963
1495492
-643072
-2740057
1378343
-1678404
-1508097
3585001
-4157404
-5093077
-1675116
-5439465
6669824
3006662
-2209000
-1030204
3805428
7377365
-2547182
-892051
258936
65454
-3838615
-2270535
-3389824
-3362538
2661977
-2419844
-1741686
1787734
8281544
-3717635
-317682
-3258764
-1893037
-749395
1905974
-4285286
3890487
3004717
-745590
-645495
1051929
-5267694
1598508
-3264275
2893200
1186736
6233172
2078757
-1190723
-968688
5433487
5089239
-3441398
-502269
-559363
4928525
1057361
-4234953
-5302620
1047173
-2609996
-4467971
4747021
6135670
5890593
-1766153
1505931
574160
-3389448
-6633422
5108826
7369155
3766034
-2175656
-5807963
-2811820
2992141
-4692997
1670192
823696
2705608
-6031441
1344408
-612055
451993
2961086
-364335
-1393089
5067114
6843137
-2353478
-2588
-1913177
-1732480
1993530
2275242
2528593
-4180440
3401630
-971193
1911880
6069514
-5561625
-4055461
-1094866
-5805293
-6018373
-3547410
-4120541
-6324840
2636594
454442
691398
-3112262
-1345189
-4890921
-1344497
8696286
-450958
-3583211
-4521133
-5736681
-1805228
5682731
-1443174
-3121510
4887835
-2906925
6256395
-2004415
-1884227
-2499496
-7942987
-2479836
-1932263
-832447
-4587006
-347167
-849985
4962583
2227721
-3212452
1106207
510968
-130174
-6550343
-1081590
-1594279
-3042819
1506151
4940096
2907628
-3205719
-1957678
-4075127
3203959
-5341936
375658
2996333
1844360
-3482562
-7187316
2974617
3605250
-3440903
-5882581
6344876
-2956746
-3565129
-3969629
-499197
536645
-843809
5410927
281377
4117891
-2726400
-2703339
57088
-4445881
-952199
-3799287
4404394
3804660
3691675
2749713
-484336
327459
-3489734
9220336
3909026
-9010621
6878803
-58781
1869344
52656
176864
-3785364
1079337
-1194504
97279
-3216736
8933777
-2413270
-3521666
-4325706
-5481406
-1702426
-707218
1367206
-851384
-6626039
-4968008
-5222966
-895518
3269059
874893
-5878743
-1040722
767093
6745218
-4944775
5561714
-1819864
-7004860
-4814184
-3037955
-6900697
-4624012
-530925
-2660211
1978181
-2332836
-869145
-150655
2239074
-3907549
-2946297
2557544
-423671
5663176
3727469
651443
-676104
-3995845
239650
-2395236
5448289
-613988
-5113540
-1247103
194490
-799167
458213
-5498289
1033036
4153467
-4390054
110916
-1209328
6263926
-7863283
-2557817
3318555
-5297106
-2378834
4716878
1878863
1509821
283664
2086183
6082454
-1494708
6072321
-2101234
-3423450
390584
-1692212
-3097201
-3853225
-5052367
3148803
2407913
7480990
3761439
-3501228
647275
-5292252
1302827
-437275
-176905
3197724
3285645
5901403
-1662042
4688856
700589
2259191
-285712
-3121274
-110461
-661205
4623988
-38617
-5682763
3053644
452246
3934173
1359158
337950
247741
-1622736
-729222
-1558694
2287685
-4812331
2932682
439895
4372416
11295365
240678
-2196389
-2373178
6002032
387108
1370510
3679850
-374281
-5550932
-5471074
-5036625
3903791
-2594805
-5705055
-1543627
4999345
2139840
-951502
-515894
-4989396
2339503
2673196
1015709
9465600
-5684553
-9787000
-4843594
-3813186
-73510
6471508
-5556058
-1502450
-645017
3942468
-3912503
-7438366
471500
579796
1249988
-145266
-2362037
-1441555
-5894132
-2691728
-2920234
-1662479
162091
7111576
4451642
4558907
-1494853
329391
1230630
1100925
4288106
-2609108
2867802
6617701
1795510
1192622
1804829
-2482504
-2524267
-3026696
2270633
-107835
4350943
-3545032
-2314438
2078259
-6679003
1373507
-3956538
1262684
-723460
-530823
-3867830
-4483717
-1316543
-2733055
2854337
7566749
-2489830
-365102
618451
-5651904
-631392
419733
-2809138
2133054
-561265
-2366457
2258505
-3932307
3501362
6276319
-3263286
474741
831229
-5539963
5017531
-3764873
-3576058
-293855
1474774
-665810
-6751521
2039111
4647735
-4601768
-908631
-3461852
572919
-176311
-9357307
-3838961
-2600071
8911269
-1555030
-6028393
50963
-599400
-3019516
-2581387
634235
-2528510
-3885584
-60405
4771286
-253182
-525928
-2228703
-3584376
211506
-3518998
1470852
-703361
4640002
-4643010
-1166287
-1236092
-2147420
-2678062
1829804
-4116601
8827326
1998000
-2056500
1055315
-4171648
-5622484
-4207433
4503134
-769284
-1170603
-903214
-3767018
-6089686
4313339
-2575560
-7524606
-6198187
-3388237
1593576
-3369576
1353444
1136821
4841612
1967101
7401351
1328446
-5316042
-1124120
-4022609
1500675
-5452390
3524103
-1302325
-3277426
-1242511
-1885472
-938911
296406
106639
2919638
-2478572
2184422
1357588
-2776597
6670800
-746918
-3614715
-2627994
-1176029
-4484192
679348
2580918
-44138
-1942090
-778489
-1258175
-1324278
-2339635
-5613360
304214
1856825
-1682604
-1837940
1412643
6651902
3255651
3166120
4916838
4465394
-1513527
4693137
752918
-7814745
-506987
7045277
-590071
3282300
4806189
1555718
-285941
3277464
148019
393137
-1877883
-2452443
-1714348
933012
-6880692
-3644356
-1342575
-169762
-1562933
-7561936
-1625542
1958556
703157
-5255053
-197966
-4096292
-5320649
-85747
1049586
1393479
-409524
156184
2322864
-1457162
-1466738
-1885745
7905175
-5215184
-5233201
5761360
-5583337
1266903
-45437
-915253
-3246565
-5776183
-2343884
-450112
914538
-2687259
743698
-5151045
1327414
-1413961
-5477642
3919187
-1470143
-3220231
430401
1265162
-4767125
-2420762
-1302577
-6207811
-4999632
-4507340
5218059
147777
336230
-5121226
-879749
-1732757
2697369
-4708264
-2090378
-1283277
-747756
-2193732
-1505990
1425979
5037813
6217046
3100962
6133510
1226971
-3886135
4356275
1308809
806382
-5664253
1586927
827643
-4331063
-3531576
-5436084
-2427508
-5239326
-5205547
943982
709389
-3458423
173998
3588670
-4528149
-2960989
-369279
-964700
1595796
-1849705
-4565754
-760788
-2380376
3102977
1958077
3019958
3957560
3521772
934405
-5266402
-890576
-3110518
3830784
3744552
-5094603
1705834
-320805
-4345520
6722953
5263853
1317800
4750535
145250
-8230537
-3616326
-5020669
535991
-7253685
-3859612
-692547
-1567894
-6236864
1299175
-4114998
-4959473
4687827
845770
-4444892
-1533571
-678275
-233902
2998517
-185369
5426114
-1601492
1944791
525262
-773850
-2466210
1784177
-1439736
-2784952
-766617
4299323
3664591
4882446
-2537811
-1045295
1542598
-3802069
1854657
-3010735
8431
-1433441
2682299
5316988
2271640
1868628
-6431551
2066462
-6847708
-6039416
2444934
-3765351
4346238
-3348263
-3391374
-2912317
2356167
1585653
1783092
346918
-1391099
-2753165
-295387
-4893052
-2708902
-3266165
-2872037
-366448
-8515689
-477610
1603154
-5076631
1069187
-968453
-4547112
-2135321
5044402
4036826
-4364241
-4440646
1812591
5442642
-8399547
-8194378
-2469506
-893207
8009950
958058
-3393145
-1470148
-870159
-4820547
-728615
-7924309
633372
-933790
-799220
-2678300
-2588849
-1114263
4800058
675605
1255693
-3955337
4673161
-1008625
-802098
-3711619
546934
-6755320
-4955656
4071717
3607775
-5034229
-1122016
-2522801
1377888
2454341
-4741208
1830149
-2731884
-3864373
8513013
-1323539
-9609456
-2235302
-3608481
3131749
337017
4581821
-3370079
3671701
6901844
4580291
-7249423
-2051772
-3233190
191554
413818
5304187
-2813389
1095676
-5954047
-4230348
-2203623
-3281488
1689622
-5212032
16640
709108
2671114
-5475361
-2980295
-550818
5215724
-3573412
-6573649
-2023717
-702448
-2474078
1405461
-5460679
-6334361
6094248
6339082
-5364811
-2279365
-1031366
-4441155
4311708
3798
328947
-2092062
-2144695
-1005848
4140178
5606231
4012673
-1308734
-4676707
-3374810
8721526
-908375
-2012041
-406927
-7634981
-835631
-3478644
-5305296
5853442
-1661632
587090
-5584812
-2485123
-4474690
2035790
791264
4986603
-1989614
3820778
7770925
4107239
1044361
-2252347
-1604045
-3031248
-5455187
-1648957
-10041610
-353446
-2260483
-1120551
-1193018
7858499
7267978
9364840
1628978
478063
1608084
-2316321
703911
1213863
1169756
-7171867
-3208113
-2472412
-2051363
-3469596
-372973
-1378266
-1040516
6886292
-1296317
-2042768
1635714
517576
-5879937
-2970474
-3009440
5968225
2835020
-6304033
-1047536
-1121830
-4012552
-6890492
-914530
190751
-5963990
556250
-1057533
-5700281
-1375549
-3518391
-4750296
109104
-4506160
-2099132
-3414981
-7357375
2667409
-3145394
-2670047
-589732
-1850785
-2458807
-951702
2219655
3489197
3681991
4211575
-5770014
-7807370
-6198437
5862649
-379995
-2803386
-3783858
332397
-5503068
-143581
7668851
-4865874
5649232
-1529598
5033264
3856737
4251791
-2094351
-2708519
-280883
-1424421
-1336908
-5863533
-4897499
4530085
861616
-1696114
801502
-2171540
3587888
-1136270
7112
5827642
-4020508
-1276395
648069
-2511294
-806663
777648
-7987807
1213279
-2804871
-2438150
-295441
329577
531686
5460382
-4637913
-5321424
367689
-5137747
-1699681
421922
-4197617
-224151
-746478
2664598
-3454335
-4678274
-1409240
2078118
-2033137
675170
6165006
-1893588
215025
-2374985
292351
4117958
-942175
291116
-1686065
-1895264
61546
11062
-5642845
-430535
2718846
4447049
-1622038
-476461
-2520289
-3753475
1342428
5569159
-2779405
1375500
-3043096
864345
-1630605
-648997
-3538725
-1454328
-3297689
3243565
-3471666
-1917348
-2921895
-3450985
-3925527
-1123543
3443272
1511824
6839372
965797
3013628
-1383423
-1096774
2167411
-4511461
-2350244
-6465637
3448897
-6446516
72365
2670850
807258
-1408223
159221
4892992
-221060
628752
-1878765
1292287
709140
6596236
-2630711
-777058
-3208877
-857873
1952712
-3939807
-4385853
-3558307
5774152
-573659
-582460
1267329
-2113706
-3296938
3944769
-1081530
-557224
-861995
-2475444
-6796629
3289588
3259421
-2621267
1434933
1782800
33689
-1086426
-4148959
-5271064
-341124
-1456902
8263058
-1645499
-489378
2500640
-1715780
3724253
-1875385
485866
3364089
1151368
-47391
5320524
-2476713
-4013670
-6129438
-179120
-2702218
729972
-269851
-2176994
5333591
2420034
-1329080
-3118572
2669601
320431
-3930765
386828
1044789
44652
719518
-6106615
-1052195
-164675
-3873776
-5270676
-3721652
-428486
1548658
-2468053
2023685
-4994230
-544199
3562799
-882479
-5775605
-3466367
-6960409
53559
1815873
-2881016
-1418521
-1900976
710164
-2993759
-3822143
6131389
-1245799
-3138755
1029153
-1524241
-3333540
-1934932
-3903734
7278017
2950922
-5808846
48671
-559510
1853566
-1488528
194660
2602821
-754975
-3636829
-2858014
-3425730
-651483
-2826228
-3071302
-2392507
8315554
-3350899
-345901
-1910529
-63716
-3079354
-685368
700695
-1948200
-384053
-2180382
-1593634
-1780196
1599239
1338171
-1516397
253613
2162308
-3625887
-1213376
-6441526
116060
-956535
-3358602
1467546
-195498
-4180493
7084249
-846365
1671933
-1108428
8591709
3663035
-1083497
-3936472
-5694879
-2244943
739707
3557455
1302693
-1729515
7117079
2878894
-4001635
-5670080
3248956
-479858
1021408
-5079309
-579509
985650
8805293
5001042
6332844
638076
71512
1181448
2069744
4211769
3315210
3319596
2807718
630729
1951420
-2221876
-21640
-1156353
1683219
1070128
1683238
-480952
149617
1686008
1723467
-4201699
-1974868
-1055605
664334
922204
2808425
143455
487771
-2285206
5163872
4788087
-1722942
-6441974
3290500
3273767
-832511
-4640782
-321681
-5980963
-1166265
-1677616
-1616545
1460777
883919
-66302
3102104
-4324339
239370
-2358336
-5761690
-5595463
2033337
952184
-819969
-1385280
-4246601
-1759835
-1908427
6506254
5278473
-5874959
2532046
-7125594
8741725
-274595
-5912510
828489
-4530712
1089272
4397070
6322210
-263815
-592589
4232407
2324466
-188397
-988551
4041930
-76819
-1321405
2186731
-2116952
-5441199
-2336603
-769309
-5696978
1569232
-596430
-105329
-2161089
-4041205
-4345487
2087096
-5031435
-5054985
-1329791
-2889006
2927309
-1028733
4721137
2227327
-5018045
-5463667
-3602689
-139135
-138566
505085
-2258744
-2928194
2092378
2176511
-1470697
-799583
4898534
372122
-2983411
-3852759
-3380081
2202145
593877
-5513777
-2988274
6556711
-2320547
-1285594
1864932
-2908903
-2259414
978591
2209496
-2699283
-1538232
758675
-1120051
-462236
334531
-1653404
-1328684
-1413314
-6115431
-6765181
-1089180
-2962468
5813007
-3692608
510538
-1069164
755147
-7317326
2317361
917410
1926510
-5221947
-4984257
-2659693
-543334
-6387865
5000810
-1694003
3152664
2128742
-2295807
468562
-3762849
-1391685
2701193
2846842
646410
-2445704
-3016140
-1456171
4830031
-1431527
-778412
-452558
-818003
-1740741
-21450
6540328
1482315
2084004
3017490
2831928
3639928
-2563089
618906
360158
-2512859
-1710196
3237698
1246209
769853
5514583
6326251
-2130111
-2762967
-5595449
-4703719
-5735221
5673261
-4502390
-3392443
2293549
-4660560
3280306
-879913
-5435102
-534345
-455020
808101
-3786057
406833
-5220514
-529425
1943659
-6656040
-1932774
1941452
-73098
-1727863
-1725739
-3248856
-1765119
-1451220
-488754
-2989048
2719549
-692273
5204296
488451
-3502781
-746485
1042376
-352330
-3808696
-4112819
-1368457
3168406
938548
4311557
-2740676
-387788
867899
8549471
7242491
-4604392
-1883822
1718868
-1782621
5970926
1051986
-523904
-5854570
-1887346
3221458
6891186
4303451
-3572432
-146491
-1859477
-997154
-3419961
-4075934
-2540555
-2063901
1620454
7598423
-3570731
1992546
743399
-5325210
-267656
3589494
3201632
12377
-1227044
1036723
2431933
-2812139
4583325
-5294051
3262957
-3058515
-1313710
-3562103
-3213635
103908
-1031487
-5590639
1297234
-5646459
5908175
-1889575
6896315
300168
-1291310
-1441928
-3245738
-3309169
-587387
-2231622
1936675
-2916974
-610793
587020
-550649
-3318376
-4513600
-85079
691535
4274757
2618508
-6082144
134346
-486353
1433050
1793412
3444593
-4704642
668332
-2940316
-507824
-736882
-4985649
-4247434
-4506373
1345457
-2418196
-2341969
-1532760
-6172235
1987375
-2663532
-3082513
-1942869
1829757
-5139073
-1497151
-2115584
-3891646
-3312247
841153
4446036
-366372
2477386
5016529
2671760
-1987601
-2151574
559545
-2654674
-6404333
157531
-590748
1724871
-1030915
-2868591
-864804
-512383
-1673452
-1716057
-5033312
-5627596
7674209
-431598
-2683157
1417558
-1148484
1967472
-5291282
4866987
1165290
1620703
-2810375
848128
-7407072
192850
2366077
1567716
-4529670
-2290939
195569
-3194549
-8003735
-1269099
5833176
-3651672
-2056390
4158869
1214177
-5937229
5827475
5881471
-1767130
884334
5334286
220713
-7011377
-4267757
9406909
-2359153
-1477460
-5874845
1907782
5399159
1046948
-511728
1266277
-3793895
8795877
4179794
5882860
1303937
3905085
3417259
1562421
5056417
6778807
139221
1231881
-759680
-635332
-5116272
4460033
6298796
-157861
3318569
-2076959
2596369
3684972
3832458
1847590
-2686703
-4763821
-2675506
3287892
-1094016
5720974
-3377001
-1825225
-6766485
-3988228
2534937
-70739
2682452
748120
-4046111
-5406490
-5879702
2420052
4040707
-6843762
-2818601
1091081
-2524681
-5049968
-3242832
1740073
4564865
874894
4399170
-978782
-41783
-358826
102740
-489850
-2870296
623737
-5408609
2546446
-1613781
-3097540
-3197258
-1608683
-2161386
-1535623
-1589624
75976
4764835
-97886
345571
40180
-6643773
1984454
-3221414
-18885
5818835
-2303809
-2484246
3144066
-2050024
2201115
1689316
-937270
2686871
-4274634
-19324
-1746002
1261652
3238706
-3266582
4367957
3439210
2241317
-9858652
381742
-2484605
-5146058
-2825693
-2198997
-4438416
3749676
-3361283
3009493
-7728497
2447758
-5941474
-625032
-1288751
352759
-2176653
-1110448
-2037526
-2612750
-7668722
-4244509
1059479
-1874278
-3339733
-3012168
5645558
3144250
-6901906
3769728
-1413990
3398103
-4261233
-599997
6307
-3658893
-6194754
-2364121
6623155
-3346210
-1518206
1573161
4512882
5206272
-3898027
-1495198
3179891
-998397
-144628
-6123017
-5015767
3361074
67923
-5013859
-8512445
-2265218
672120
828566
-2387385
-7297997
20343
-2893560
5671892
1478493
-67453
-4428932
-2984835
5793475
-3018477
-3320334
-3290043
-144640
576756
5260664
-1185893
-324778
7988760
-1348929
-3946733
-2457525
-2846269
-4442866
-689303
-8270406
874051
-368856
3463435
-5403186
-7070913
-7226857
-2817165
259373
-54392
1603119
-3391390
-1151467
-380581
-3003436
-145556
788759
3214747
837848
-2741242
-2360765
-3755037
-4195990
334423
-4624705
-1555220
2307697
4211780
3929430
-2598867
2303907
-7210373
2936501
4723405
-5896975
-2606776
-4245766
436224
-397810
238254
2497436
1747863
-1589842
-3705277
2521761
-2862862
1223314
-86189
-3557031
7615215
2416188
-23734
1258950
-4025679
943060
966109
-6222251
7210271
-3959789
1537679
-48676
-2270423
1352856
-630779
2136885
-5500335
-2690081
-3624202
843101
-1386916
-2384269
-8697309
-1698870
-432838
-5634574
-2504069
-779325
4529288
900436
-1821839
-2978517
-5579291
-6715439
-1709395
-8927909
656271
10541960
8366092
-6877036
3661195
5153390
3559351
3657816
-2003376
-4806752
3774517
22236
2684614
-2384372
-1197513
-1664658
210497
2749678
3522477
2535937
-2729501
212551
-2547663
3758973
3174739
-6452379
5905148
-3558437
-1047997
1680208
5806303
-5977672
2294207
-14907
2006570
1976304
307691
-706182
-1685956
-2089728
6244030
-2643812
-576575
2059308
-6532845
-2343517
-2028361
4497879
-662950
-1029777
-937450
-1107178
-4859760
2717186
-200498
-5081611
-4221991
506207
2985478
-5753956
-579990
194222
-5176159
-1223112
2629776
-3587377
-3726360
-2421888
1592719
81318
1703725
-2312585
-3361879
-999851
-7946565
2488971
-4096826
-563853
-296552
2383686
-2817612
4428423
3750854
-4257960
1020871
3730537
-2583330
6953770
-1908974
2140848
-2090779
-5948920
2396552
1575817
6018140
-3075810
-866028
-3900146
7051953
-4505643
6230377
714117
2387230
-501561
-3800497
979745
-2124625
-93274
165371
-2587650
-5080794
-3094407
-6359156
-2851083
-2994611
-136164
6260846
-1463076
-1587800
-4422856
2036568
1060039
64940
1209917
-3494290
285979
-1357995
-3414908
-463243
-2514587
8706381
668554
-2171546
3867117
1351234
3322691
987315
-824851
3331861
-4970936
-5164628
5321191
-4151246
-957169
-7554316
2997755
4870332
-3916149
-2639778
2434716
4425655
5731077
728759
-2309394
1035694
375519
-6826774
5668494
-3870689
-34025
2586896
-4208201
-4545111
-3048346
-2648228
1644308
-2576954
-5508977
-2890477
2417406
-1147392
-2162106
1283942
-3071665
3856961
2131808
-1138948
266896
6211454
-1183349
-1058243
7169882
-263133
-4849745
2517306
-1999691
8780246
-4710014
2062537
3450249
-2217605
2896116
1278322
395807
-771781
39508
2519416
1400425
-6465485
-2076650
-5300295
2891690
-745296
4166674
-77913
4919044
552557
-8146357
3654765
279403
1136771
-1683309
1256819
5934754
-6335137
-74889
3453969
-5050008
1941542
1529560
-1175900
563502
-3411066
-2669321
125780
-1344817
523895
1021407
-1939380
3271383
1181953
-834753
4502556
698395
-4128824
-3170893
-1568178
-621279
-434239
404711
-144970
-6170259
3430607
6553064
-2028781
75599
-1312519
3055300
-2282889
-888015
308267
-1528309
-2931244
-7171458
2252699
-4829260
5953528
515915
1704852
4666398
1828189
-6110068
-2600506
-1566338
-1395656
-1888418
-257250
-3419123
-5694925
-4239695
-3491681
317033
812687
-2366325
-2888252
110748
-6801626
-6265887
2907409
-3379785
-2678479
392653
202898
8500332
-628746
-8790021
5259683
1599012
2552924
-1613815
-4480227
-6049021
216581
4312959
-2449175
2023187
-6808274
-3641179
-8108391
-290294
-7562130
-3526891
-1084016
-1551872
-2097514
1570727
-2219981
-2160415
-3349077
1295937
-245314
-5236958
-2591791
-3332003
-4683318
-2946246
-1068460
-557501
-6615841
-6129084
326836
-4412761
3422533
2909056
439809
-2905378
-3248780
-1067153
-2060288
5877349
-2451270
-2218398
-3507581
9215861
4245649
-2948618
228154
5423992
-1993540
-1496979
3615412
-5043038
-1294208
1049136
-2850905
2906325
-5902083
1091775
2800942
944222
7861000
-4369981
-1837373
113937
3624352
-1401094
940300
1453459
69756
-4222327
-3762728
4263297
-1012037
-3792164
264528
-1012721
-99352
8383325
1537923
4240923
2131465
-4039151
1145008
-980515
3289794
540688
430158
-5303360
1472235
-2401723
381315
-4836677
-6419052
-3462622
3972513
-6302968
-4165137
169014
6518527
-3501349
1042825
-315066
1112364
2915728
1532834
-3266325
1327463
-5026036
-1259924
941673
2325927
7904650
3180994
-4211774
-295893
842460
4312924
384624
-7029351
-2733602
-2133669
3578167
1468731
-3309865
-727222
3424546
-1980363
-6302622
-5533603
1894751
4928463
1235652
-416356
-1526406
-4005739
-4072088
-6154126
-1375932
365343
1382646
-3234546
3545050
869018
853573
-2643777
-2068116
-3519896
-43123
1540511
4886429
-5733936
-4972164
2456526
-3158972
1140313
4816213
-3752394
-2615892
-1085461
-4937917
2836803
4671940
4378418
7108284
2740593
3406354
-5713581
1086875
-5737966
259354
1256226
3476731
177516
-1381947
164734
148664
-4436707
-2185607
-2909995
706964
4643697
2890711
-333314
-2910308
-1023856
3049214
5520995
-631652
1721817
-5206787
-546204
209351
-4251271
-3173999
-4809227
-7569912
-1387793
-521783
398024
1378157
-763053
-5585064
-2898588
-1430349
-1154000
-5887752
-2591766
723956
-1505599
-3753240
-4491364
-3037861
-2222017
2947574
1439791
-3802923
1445836
-2363895
-1059361
1786191
-837243
-615142
5365606
-90553
-786558
2327726
-3603288
4907204
2363365
3008247
1260392
-1762684
677771
-5279870
4110550
-5374949
-3955078
-2727874
-6025453
2235479
-1158879
1713443
4202408
-2045364
-3488502
-1542438
-1198230
1955544
-623917
-7395269
-4482819
-2611592
5326663
-1091651
3846029
-2085095
5012245
-197011
6380961
1765634
3343585
-1905348
-3239872
-3694159
-5433175
-327436
2620875
1662150
1800535
-1345884
2725784
-7970602
-2775169
1762049
-6040044
6079195
553284
-1971045
5938289
2065630
-1128670
2334466
165147
-4027399
7798742
3812557
7303020
402833
-96526
-1221824
-2862495
-776989
1689506
-1853934
-591532
-1006612
627860
3760307
651338
1646347
-2530361
6343452
-3065045
2055257
2395995
-1198457
3084859
-3432323
-8650450
2965758
-1650968
-624023
-231875
-1628135
-3817110
-1696052
-2754922
2755605
-2693395
-5258809
-3151030
-3222977
-5305813
8055206
2271223
-5666251
7483296
-5806385
-2265500
970122
-2032654
-2427384
3292926
-3433438
-3888497
478676
-2860867
-1793413
-4430843
-1274171
1419629
-5960932
-1844285
-2257824
4503220
1806048
-7683082
-3444522
-1941396
1214311
-1875076
4302435
390098
-4186374
-553296
-8240540
942136
-3773830
817430
-3866774
6930580
-5610643
-616773
1670239
-7659274
-4260772
-1059415
8062424
-5090985
-2097189
-4295816
-2381025
5026037
-267986
-2893223
1800009
-1254221
254644
4738338
-2172343
-521748
1260208
-1589128
-6576113
-3695166
-33033
-621122
3690177
4415711
-3136229
5906411
1854455
-5608519
-5522600
1764889
-4724280
-2200913
2901516
-5504186
-4929191
-1185081
5509238
-2919666
47958
-7660614
-6282
290088
-429611
3200421
-3130698
-618881
-75
-599303
-2441041
-2151097
3609132
3116260
-488996
-746158
5217296
-267341
5797241
1161462
5566820
-4897328
-578320
-7244041
1085052
-427532
-4384006
1993549
1129151
7994751
-5154121
-241458
-1787276
4348794
-2169411
119982
7798468
-2808047
3530330
-3141523
-1648524
-6671864
-1586458
734238
-1182707
-6734523
1286856
4311417
1940224
6490306
-4500357
-2388358
-3240407
1604702
-4686032
830439
-3742691
1938293
-3201364
-2488463
-3979724
-9153357
3688212
4242824
-4255665
500197
2937455
1042716
-3251016
-5551529
1109461
3293256
9242807
-2509068
-3012786
-499572
-4202820
-4633120
60783
653306
-1120504
-1341998
1050614
-4737317
212411
-5970947
636437
1428429
3259417
-5001457
-120995
-1300990
341196
1218517
-2600093
2046639
-3147306
3612643
-4887320
2585612
-377154
-5541134
861385
2938178
-4813084
3578307
5952217
-454396
-7126613
949935
-2181854
-4530989
2470483
-6137894
-622500
-59648
34424
-273851
-480384
3291318
3056915
-3256185
-1746434
5803760
1600549
5536
2166747
4890154
808792
2151732
-848058
359583
-1572434
-2959228
5778732
-856983
-1449354
4245268
858316
-1273490
2411857
-2288029
-2304264
2503169
-583001
-2885299
-7446446
-491169
-2043270
1553041
6966882
-258554
-62305
7379106
81472
-240845
-328969
2899416
-3367057
346116
3616944
-5114198
1332543
1252043
911482
2638326
-3427798
1866050
4344248
-6420178
-2516798
1228891
-1723107
-3729636
-1292483
951211
5842415
-451846
-6763847
-403382
1383803
-1082220
-4691623
354381
3781637
-6045528
1219552
1503282
-977889
4685542
-3260981
-882227
-3965545
-1771473
-1480565
944212
-3763543
-4284368
-1273147
-791164
-3750739
-5243720
2711802
1108950
-3400573
-3909559
-972294
-84708
-426881
-5816225
-79761
3224360
-2738178
-3445896
634566
2316258
-6517533
-1111032
2611729
-5234565
1545160
-949493
3980508
4503538
244014
-6698540
-4366265
2479140
388903
-373766
3434610
-2718459
1033172
-6605262
-2243368
4552322
-5604345
653950
3913720
-1594536
4351271
3620525
-4680429
2810089
-3376951
-8235393
-3081080
652215
761516
-5291410
7985573
3539248
-2522193
-119919
2395501
-4823544
2888599
2638313
8100875
2282212
-682827
4002969
-1351950
2009039
-3195269
-2602413
-1864885
-2696514
3053110
4036791
-5496778
-1379356
502306
-3991461
-2839488
-1837731
-8376594
375516
-6201169
5143804
-1635560
-3438195
-5877201
-325705
-2020645
-687758
1915085
-947788
-5769448
-1198372
-3829779
284673
-1991938
5273960
-152145
458416
4108312
-284568
-4860491
2321247
2578874
1458165
-3309282
-1485973
4695316
2055705
-3999400
-1421084
-330889
-6409598
-5931492
5718320
-5442356
-2133674
-779302
-3650405
-866108
2639062
-5552794
8308630
7489941
1501198
3954659
-4803086
3824237
-5773985
5265205
-51694
-1965727
1150192
2802139
-239253
-3792119
3291394
5206148
892215
-2481748
8492
3020751
1941152
2238331
-1395884
3667398
2412359
329995
1309703
-1848526
-1460028
1736947
-3815227
-8621510
-203512
2854850
-7445071
-104894
-1112022
2696289
1741001
1067725
-4892920
-5528140
3889067
-2415883
5589839
-2336482
1386535
-3522164
1707362
-4926023
-5575425
-4082320
4950014
-1025846
2838736
-1887858
-1339546
662558
582678
-2756310
-317653
-1228209
-963566
-908266
-900185
6314942
-325043
1253980
4920595
807605
6926648
5919436
562600
-6852730
-1817450
-1442160
-3339264
-1478024
803712
-2792018
70257
-1456133
-1004333
-1466327
500197
-4504496
-2673289
-21746
157246
-328833
1196627
51506
-476128
-2616002
6757906
3063103
-978733
-3883000
5191636
-2716317
-5072589
2015916
1158916
-1173983
-1246234
-6525709
-5499701
3027439
-6866981
-2497396
566197
-3359483
8000216
1065032
-1297377
-4051966
-52916
-7396702
1542276
-177156
3144970
-2690211
-3640607
-2357325
3228027
1111355
-1286658
201813
-7058483
-1068805
-1327294
5717705
33160
831221
-1900029
-371950
-6631476
-65914
-2217055
1747524
291798
-2332808
3524741
-6659264
3215936
-3970070
3035629
-2017785
-329298
9525681
2205493
-933870
-3071961
-6640921
-3220456
4717178
-984177
-2589703
-3805072
1977744
-333415
-3383469
-2631730
2341976
-1901414
-3027824
-4291049
3012095
1860559
6348240
-5469772
1139739
5083576
3577631
-1204924
877818
1564994
-1332097
-299120
-4189388
-185799
8343220
-777093
-2042238
-4789686
-499618
-3339746
3878879
-5188014
-285395
5294890
-540139
2237581
5918815
-5655904
-1634673
2669942
305891
952506
-2068110
373000
-6692425
6252600
-3033023
-3621969
565886
-4115496
-6741107
4828606
835537
1528411
-520245
-1667446
-3530190
287510
-4094352
-1984673
1077340
2696282
2853422
8876448
1227202
-436035
-2350244
-5555414
-1442231
-1900454
-1067061
-4652720
-2484607
3004920
-489646
-3635067
-48695
-2708678
5407965
-1646946
-4244114
-3326142
-1463440
-4463497
2324882
1506828
-4136588
-3979986
-1695751
-5155517
1600587
-2415965
589810
1229567
1484509
-4002463
-2006043
-3201834
-713239
-2399642
-1804473
5511659
-341573
-4363380
7428109
-3326660
-5160963
-1660897
-781690
-2654005
-1532926
-4215643
-1121570
4237323
5196330
-1349096
1495250
-1179365
294407
750091
4068598
-1600608
393437
5441835
435503
5190422
1427835
-3972755
2274381
1120053
8768054
-1069692
10048544
-1125374
-4289676
7115686
-2999375
1689078
242631
-7479326
146969
-2370190
-1631022
-6684988
-921671
-176558
-1374154
1357537
5722606
-5705291
-205209
-3541925
-3297838
-76618
-2512559
-4162195
-4700350
-561306
-6898529
-2955048
1722273
-825262
1020953
1967600
-3783052
3817917
-1946772
-4311846
3697181
-3202283
-4688437
-3892364
1565697
-3956771
6523160
618355
-835253
-1182994
2551390
-4827136
-5304395
190330
2287496
3197757
4638997
-6503954
-4154708
-1361693
-1965278
6864946
-9095592
5026402
-4638341
-4732717
-3022935
-667225
-312912
-704964
-1574028
675807
-9466
1592007
-1783444
1191384
3364512
937844
2905538
2846736
-871803
496856
-5776686
5116311
5798100
-2472796
821830
535617
-2084175
-1420290
-2742389
1470983
-1215342
-6928509
-4232367
6170940
-66717
-5027316
-701046
-720646
3941704
-5845476
-967225
-1370530
33775
172607
3362585
-3240397
8263735
-4183542
1361418
17897
1027282
-6908930
2205721
-1049878
-2790108
-4425166
-1441853
-4211411
2577093
68201
2431559
-1144663
694611
-1145992
-6322389
2184354
-4096359
-573839
-1658994
-978697
5880794
-288893
-60296
-4917111
3003754
-3641480
925213
-624400
3559367
4940956
-2664872
-3117540
609529
4653670
1230686
-3503551
5980972
-304623
-4388829
1882590
-27757
-2171320
1609092
6254450
-2217640
-1416979
-390350
-2083335
-3867251
6849612
542554
-3344524
-1233556
-1978706
-4982515
-4240631
1218983
1740530
-8569032
-5633639
-478697
5325546
2741998
-7972689
-2758579
-222960
-5520581
-443674
-988321
-2011461
-590718
-1612836
-2910171
5644078
-5624402
-2148818
811346
-5174609
-682282
4590409
3744221
3331497
4794939
-3190235
-3603644
-5548383
-6448318
368031
-3607054
-2662539
840675
1004305
-1641406
2644983
-1755851
1010018
3792650
-4806462
-1040535
-4102916
-706628
-3870766
-310574
-84537
717061
-3594027
-1390120
1053828
-1210788
-2813306
-4574415
-4956433
3366304
-4803754
-5868553
-630949
3345596
487631
-5737386
4668453
1590593
5617115
7110430
-575466
6087026
-6687893
-2680097
4969537
-724596
95478
-124550
-3168222
2103653
-2730455
-1415635
-4320401
-795423
256342
-6396939
-3953369
-3201907
-905845
2068142
7721660
-805631
-6392114
-3141411
-2087906
-4377453
7740868
-7699661
-1171639
5886922
-3135544
3691312
-2116744
-2956445
6479970
2476897
2054645
-3640406
437232
1556715
3279648
-3835503
-1357304
-3657645
1699029
-5039594
-1423933
-977799
-4453831
7072116
-4863833
-25341
1599658
156037
3159282
2994367
-4100691
-5643837
678908
-2930317
9924241
3465292
-3047054
-3598198
1214308
62729
-447600
1417037
536004
-5632209
-6434903
5430896
2539073
-4923751
-5078066
772773
-1352912
-4379657
-4516214
2437027
2727460
-2573814
4593482
-1855288
89350
4452143
5274348
-2780756
-4123074
-1946868
2076533
1953002
1929214
-339524
176946
2134831
1996830
8364291
4792000
-3769418
-3827534
-3827010
-3502699
2623708
-5008914
-554509
387592
2604244
-2526797
760479
-5728662
-3354946
-2513234
2039540
5974193
1094384
-161573
-2534965
5009211
-1565648
-1159145
2169874
-1027464
-6755353
-4344913
-6026532
-1876335
-792286
-3671097
2633230
-1822202
43638
-977696
770712
-229222
-3026705
-6461336
-1893097
5885593
-4708518
-22329
-2124348
-2809128
-3636959
2417655
-4440928
2061289
-926165
-265839
2028707
-1892533
-3501806
-1101941
-6176019
-3814210
-5537099
-2111059
-2453754
4551162
678911
-357733
-2733296
-155661
3089399
-5055877
8753194
2441976
4461273
-2301606
273345
-566921
-2205380
-2126863
-6036320
686959
-3945920
-2102299
187976
518218
84205
2027317
861738
156840
826707
-3301921
-4209910
3023304
-1887836
-4656248
-5861019
2771184
-4991657
2267278
262825
-4110705
-3104210
205663
4892756
477205
-396768
717695
-5364835
1213290
-2579612
-395207
2244233
-480535
-2745376
6228436
-1116333
5401186
-5977907
2691144
-8732702
-2008349
-105575
-6522910
-5479126
6700895
4938599
-7966739
-5591534
-5382163
-552643
-779254
2829456
-509313
1704773
-2875391
-2336462
-3163158
-1609328
-5847591
4562788
-6971474
-347423
97077
-3691970
-223575
-6441868
800482
-1628385
105088
-2957818
991885
-6346327
-1775664
-1764916
2351620
-4923952
-1030819
-6575866
-2923968
-4966037
2547068
-1750993
173775
-1162425
2002284
-5258458
-2485009
-5769673
4886478
-3450717
-9478250
-846195
4567789
2371935
-1063145
8928276
-3692325
-157262
-7200409
-2822129
-5404665
1687790
1174728
1712076
-3542371
-219259
3066185
-2108830
-1513600
738409
-1119153
-744791
-404945
-974012
-3315064
-3062210
-7881065
1417195
-3548650
-6147501
6135425
-3728437
-3447302
2483280
2095890
-4361836
-3505951
3315928
-1662632
2598428
-3380115
-377741
-1138590
-1187490
4851504
-1689132
8621613
-4370316
5918933
2428639
1648310
-4943938
-1322515
2893096
3123776
-5071309
-3752357
1968559
-4495270
-3943215
88022
-4317404
727861
1310881
-4471343
-4243140
-748725
-1011682
1610876
-6969897
3516163
-6452704
521055
291365
6044868
-1974210
5668518
-2083096
-640544
6852040
-6635438
-720201
5299455
1874981
2193464
-2896905
-3586966
63402
7155804
-1040162
547946
-1086230
-2888816
-3807753
352422
-4139662
-4735743
-128898
-522725
-2157520
-1449278
1651597
2478289
-1686839
-2440082
-4515513
432261
7931574
-6366215
-549257
-700428
-568697
-7187701
388186
89843
-6955736
-1277158
4479321
-2370431
875578
-2067845
-2073325
795166
1248293
-540892
-384901
258687
1628030
6345507
-2514463
2090998
-3187200
-5304607
5933586
5594351
2061471
-8065384
7482865
2404694
-1115676
8725640
703585
-3431756
-4847409
3418752
-835603
-6059241
-98306
-4195154
2927151
4692682
-6521156
1983687
-4852386
-4486023
5601835
-243936
3077617
-872419
-6536967
-496097
-4932201
-2226586
-2991790
-2544480
-2263568
7121523
-555178
-6609217
5772014
-929528
1918329
-2862643
-5193760
-2746224
311613
-401618
1337876
-191622
-2207666
928611
-497474
-2309973
-3125970
3801048
6459076
-4811401
925671
-1225052
-5926160
4986035
3245835
7298414
-6720041
-1455730
-2806071
2789918
8464053
1838906
-3849642
-4523720
-3256514
1634135
-3566171
-1535032
-1222121
-5106581
-1561057
-3378772
3378960
2097570
-2633904
-1142562
-1977594
296886
1986793
-6308786
-1957565
1019067
-4531185
8960904
2156785
-1936656
-3789723
5133910
1273902
5911213
8455238
-3014384
925791
-6139054
-5220671
-1328657
-6133060
3169226
2893931
-5570468
5118516
-1545747
-2433547
-2189083
-3503575
-230234
-5472519
-4310620
-3265833
-5447660
1339058
-3379932
-64842
-3591467
-685652
-1515892
-4575551
2211860
52659
859630
-6066838
-3052834
-3280809
1741546
1500990
5125667
-2082732
1035089
1771756
-705928
10370668
1263397
2514802
429492
-2900067
-105837
1830813
4225626
-4401721
-1206628
-1340364
-910216
3522229
-2757730
-1430615
-1588434
5667687
6801675
-2808335
-7241286
-1563748
-1315209
1573301
2268701
-2581906
-1388365
2077963
214593
284324
-346426
-1525081
177797
-3374787
-2029532
-777643
-3411322
2150611
2558745
3527776
-1617723
115498
275275
-5824176
3180492
2771466
-38789
-858631
-5497142
6533263
-7043089
-5564905
-1467582
-335419
-3645542
427721
-459934
-3180293
1835891
2270166
6475572
-560842
6287817
-3773884
-296075
1365561
-2387231
-8143090
-6789855
901320
-1355369
-1416259
3642780
4117813
2305306
-2066109
-53375
-2594839
-2410055
-1674462
-2526997
1427511
1505093
2047370
-1968589
-4898458
4347993
-758204
-7127265
-902257
1146723
-2592507
-3497691
1599939
-3860859
-3944665
1513143
-699405
-2288697
489213
-2867254
-2850752
5048166
8006215
-3070684
-3448439
-2385444
-2879409
-2820143
-2210055
317031
-2389595
-4163107
-3145943
-1587801
4275807
999959
-4313921
-2084717
-2046867
-6326351
3019322
-1582420
-2036144
1488195
-7098716
-1164220
354575
-1165392
-4625510
-526545
689988
579868
-2065349
747495
1995382
-3089605
-4143167
106340
-797899
-3325165
-4230815
-1214881
1239510
-1769973
272048
1852856
-60608
1757286
-4309068
-1973928
1000100
-5422736
-88435
-2242290
-5789449
-2526617
-3174213
-1115651
-1933039
325372
-3307666
7510711
-3296387
-461525
-5607037
-4319411
-3821996
1437216
-1433727
-2691301
2842649
1571439
-5354697
-855179
3434632
-3192313
-3534137
-2258321
-4926477
-2727525
-3719946
-857466
1457513
-4980972
-3702674
-2647432
594043
-4097374
-4910922
31198
1072753
7153487
-2540383
-3355206
170333
-4500130
1102016
4683532
-1569983
-1587716
1755918
1317332
1300187
1555754
-5194529
-260023
-76540
134821
-794690
5295443
373301
-4991404
-5556982
-1052021
-4201229
-1592615
592815
-2361174
-9399822
-1845041
-1870571
-2770410
5297859
347013
202194
5928886
2818633
1099440
1059253
404136
3747612
1102204
-572385
4685183
-3795645
-2847070
5991055
-4437564
2037249
-3314108
-4198967
-951629
-4438774
2486196
2286779
-4701301
-4366314
4819995
-1838499
2561162
492254
-192772
2215607
1455735
-62663
-28194
-3539671
6775883
-3186160
8348137
-1721190
-6348
-1882761
-2600934
618216
3805677
-2853029
-1503334
6205814
6348187
-3990399
-611477
-4117156
1218023
-4902529
1631089
-3151619
5756956
-1340859
-2927331
1978790
1518838
-3543141
-586807
-2759288
882081
-945130
-4013732
-6987771
-2374605
1716142
2098086
259463
-4841835
-283074
4356498
-1940261
-4445484
3990651
-979684
-209433
3232387
-5130585
2743542
1319548
472110
-4257496
2366354
-3548850
-868583
454040
828321
-5558058
1914836
-5940182
-667537
-126773
2135134
-6086373
5847196
-3608949
-2413108
-2651510
-2834068
-200415
6223785
-1349744
-2669000
3102245
3968893
-48194
-90537
-4700569
2116934
2701974
2370037
2183676
8237697
2601439
2745866
-331595
447495
-3303646
-6923556
-481665
-1387894
1460655
6876725
-3173151
-1843099
4056081
7083
698185
4801997
-1170780
2142701
7287437
-2647215
-6531996
-473985
-2245737
-1163847
-1098097
5120328
1595023
-1095234
-297043
-5976660
-1084169
3804309
602124
-356463
-2678359
-4230239
-8073894
6997696
-3901026
-172163
1168504
-1232649
1157795
2249332
-1651808
6706005
5535462
-1748427
-5581071
5593266
-4162432
-3198920
-4401018
-3076066
-6036769
-2178216
-1482972
-2700818
4813899
-2682330
163917
-5045258
-1949135
4599865
4248908
941788
-1149800
3697511
-8123577
-5339079
938029
-3997974
-1362581
149277
-4545033
-7259091
209929
-404189
-4007310
-2412290
-3698373
338225
-2833612
-435425
-8496273
-1088173
3945854
-167519
-2007938
-1090770
2712254
477891
-4050486
-1689669
-1808123
2902511
-4969823
-2619418
-5177833
-1371117
1520679
6522615
-137248
-896171
-2294299
-6612942
2915219
-6624322
-2329117
5262478
890271
6346605
-1358381
1049535
78816
9119512
5744802
-6688263
-3071098
-4672809
-6546413
2666903
-6211400
-3026828
376055
-2543014
5235478
5341266
366736
1611768
-3873726
-1224536
-3327071
-5456199
5281156
-2632926
-7448575
-2237822
-4672311
-2717634
-1415310
2690825
277785
-3302938
-3090456
6336367
-1391260
-4755270
-3275753
-2320434
-2620034
2383254
-524353
-6239320
3787726
-1423521
-589116
-348804
2733961
2012535
-5059197
-2796817
-2848107
-1735786
-1608998
-7410613
3501895
-4742422
-3705436
-470623
-5721150
-1126228
-101794
-1501099
-3634270
-2181759
3884176
24610
-4007699
-2593415
-1516063
202622
221153
2307273
588569
-1523625
-2610344
-3071040
3461306
848349
-2677268
-443844
4557462
-911377
-3383180
-6413856
-4138466
-3941256
-8532417
6573003
861006
-935412
-2602276
1145222
-5278526
1126242
6745904
-1105040
-5633115
-724184
-1158750
9691306
-3425901
2084430
4004139
-4601871
-77898
-481608
5674998
-924644
-5400800
-2714877
4819332
-1089180
5335967
1711837
5616797
224499
631280
33347
500061
-3391168
1450282
8939362
2395416
-3359862
1977462
-4810119
349070
-3558839
-3331766
-1989223
52345
-3655204
3344954
132092
218192
-3345504
-5397482
-3493867
-652583
-2468474
-2882626
-629225
-1243579
3536541
-614671
-156003
3185270
-435213
-4016840
-2914361
6869801
-4267361
-3098884
3897394
-2126014
730766
-1685244
2445081
3511609
-3920148
-1951009
188970
947090
-6050478
-6632475
-5566722
-2675185
-2588394
-7322225
-140219
8864242
-1579487
-3195632
-360245
-665340
630537
5142685
-1939296
4649137
-4659584
-3316763
-7761696
930183
3828578
5648367
8316679
149506
467550
12375
7665904
154720
6515135
-2638067
-4072078
3891809
-4371072
-6101743
-3337597
946659
-3629077
2332681
-5441410
-3668329
-4743306
-90852
2416008
-1856675
-3925787
-672545
-5511721
-2836071
1449968
-8787091
-4132109
625176
-5699221
290165
532316
-587761
1213455
-3503236
3066804
-2092437
-7285229
-2283383
-2415661
-2952381
-1549330
8015879
-602906
1590486
-2241437
3875563
-713519
-4097525
5785676
-2264797
-3657510
-2930411
-5147652
4524036
-5774020
-139071
1979098
-3340268
3503337
-3805249
-798506
-420923
4006509
5638388
-2551594
2019802
-2933660
4201995
-5633428
1244380
-7955528
3076209
701488
-4140871
-1640265
3549601
2548899
-5133475
-4054097
1532839
4420596
4758081
4248763
3273236
-1312828
2800075
-6275823
-3292794
-3175738
4215417
-3171191
-2490317
-1236160
-567181
-5263376
-1832902
433866
-6131562
-5145462
-2292634
-678811
-7194769
2834512
-1675315
3469428
3587672
-1688019
2706764
246036
-600641
-291881
-1320181
1270452
-2150673
4692934
-2314930
-4065690
2481664
-1464711
178138
-1690794
516561
3670725
-3763351
-3913477
1045825
-335924
-129000
-3798674
-2033086
-3181328
5115957
23627
170818
-1067474
-2439009
-2318776
-1861566
4814485
-686599
-243555
-1069335
841764
-187017
-6522334
-1194769
-5345684
-6072880
-608291
7821631
-5766779
424455
-3920086
5290343
-524784
-1903638
-2681810
-1857530
-2944242
-2588166
20765
-555435
-884099
115965
-3259944
-12898
-6817389
-3735434
-2964796
-2429775
-39030
2788028
-2711170
-3396612
-2335602
-3951786
-645839
-5904257
-107803
1660651
-6115008
-6313433
397723
-5760800
-768624
-3000242
5683396
-3758422
-549469
-1737929
-6714483
242813
-501593
-674575
-5466895
-6117397
3984424
2437904
-2699683
-3856742
3733580
-3796165
-488457
213282
-3302332
-6158108
-4191984
-6894160
-3733650
-5357279
-3636248
-5149467
-1868251
-3752583
-5679764
3216635
-3383035
3526263
-1461484
-5840472
-2548343
-1156737
6554561
-6772396
-5160555
-3729731
-5555515
-3493559
3440723
4255314
124684
-6383519
-2204733
-4336930
4874965
2279677
-7952865
2360587
3578520
131485
-1602578
4072400
-2067019
1706384
-4182449
-2673180
5633080
-4480056
-4060234
-3545527
-3678547
1011379
-1365890
-867434
108963
2995757
1849377
898001
-642877
-667628
-2326113
-3620565
-3046622
-5785344
-3165531
3511832
-4788371
-1652368
8582
-5650914
-2186722
-4655314
4844888
-3243508
3810561
-264692
-1192705
1168578
2098218
342377
-2545028
4332136
-1854322
-3566663
8213051
-316139
-4416139
1717663
-3855911
-2153334
-807546
-6012163
-73893
2965268
-2625282
312173
2922666
3698086
-6489103
-2292423
-3031781
-2969566
-6242055
1513430
-4613885
2429889
1012734
-3928303
3563776
3840768
-1609333
-3844270
-3924077
5770570
-5095651
1577382
-2132671
1737664
-759059
952625
-4140090
-633682
2958245
-2265857
-4758529
-2497683
-4124533
-4648934
-1239088
3734970
-4904077
-4899232
-3825235
-4619900
1674142
-1662661
-6175411
-6562696
-5023330
-4732765
122327
4634842
-1266529
2173955
-1343889
-4221666
3188686
-7588114
-5062526
-6095899
-44827
-3786190
-4771169
1021378
-2129952
-757229
-1839009
-2687678
5306474
-3031271
-2319004
-715889
106513
-861269
-4001186
-2211551
3043032
5143723
-2289037
1385698
4957284
-3785059
4596535
515492
-6398741
1314952
-3947756
-4973877
413259
-4423378
-2950724
2294550
4968030
-6875534
3728598
-3583587
-1178758
-1875062
-5343749
-3522699
-2120126
5389292
-2875486
-2218560
-4732900
4856256
-1155685
-4618070
4709332
-7234949
-2652958
-2080546
1470749
4801145
-1266766
-286329
-675958
-2915705
-5007729
-333892
1423629
-4604099
1346286
-1228138
-1000269
-1701269
1937174
-3869485
-281525
-2951979
-1205736
-3094941
-1884612
-3114861
-7723588
-1526561
-3418373
-3146489
-5364552
461675
877755
3070606
8537478
379568
4818493
-2924064
-2650578
-3128121
865653
-546041
-226200
-332626
-1561986
-6549240
-2512622
2058939
-4907582
-5234813
-4047084
164773
1668923
1855299
-7355945
-817631
-2243072
385362
-2868353
-3020540
22843
-3111262
-309600
311954
54096
1541607
-2139690
-4627981
1561471
4182499
-300516
3321486
5657948
4806133
-1541190
3079853
3076642
-2355487
494129
82726
1070154
123871
-1214633
-1059218
-1608478
-3213401
4098940
-2507359
-6689727
-127968
2900958
-935003
1422436
3306375
-2157014
-2269007
-526125
-3979197
-3674787
-1008567
4980648
-4981188
-1443790
2422766
4894733
839201
4269349
-1667733
2478971
6002425
-696148
5985582
-7629634
-294708
-4167747
-543273
750406
-795708
-2000497
-3440959
2587484
-379393
488673
-1378601
-2000692
-5923992
8313224
-4057200
-1135868
70169
-4255741
-894308
-3215009
4354155
1041571
5569298
-3751373
73127
-1450594
1319166
-2382499
-3339318
-4776845
2063441
-1711190
-7821087
-3300196
-2025652
-868336
2321403
-2688253
-2427390
3165331
-158267
-3227783
3299967
6101938
1131958
-4819761
3139838
2022199
-2623198
-1790866
1752629
-818501
3903978
183595
5123973
-2960695
6969985
296552
-1634200
-7244935
-1073084
876789
-1147335
-571898
646504
3915736
-7907294
3190225
-2964223
-5173911
-4066624
2748184
3511855
875951
-2523922
-715566
-681210
170481
-736211
984919
-1367969
7873855
923369
-5364651
3051731
-5301423
-2834532
3359045
-3322462
-2160372
-3038310
1889504
3473366
-903569
1299291
-3585235
-2604614
1700150
2081588
261003
1162178
2462701
2363105
-2724896
-782507
-3702032
-4091451
-1978092
933226
-4480224
-4656344
-6677307
-2903984
8837937
2097685
-412251
-3803045
-4671296
-1987227
2492862
-61606
1536188
4142622
-1902654
-6021665
505318
1303164
5443038
-4620496
-5104231
8678838
-6140405
-3975332
92925
529060
-2018736
-2078296
-6846028
-4222461
-392554
-5732737
3968442
89775
-3915350
-1994220
-2212502
1554930
-639222
-7770324
-2243026
609756
-2175503
-3785925
-6145916
-3278675
-4440691
202916
-6087642
218171
-6248073
1482954
-3589683
1029490
-36604
-688949
-2163875
5820891
-4147988
-7465328
2875809
-5294701
1416354
-4594420
-2550015
-2866946
4468013
331003
-5812038
-530189
248764
-632976
5117059
665537
-694650
-2140158
2932490
-1352500
1042020
-7461642
-1469998
-4947614
-7478864
4173717
-1480940
3034348
5293420
-5869086
-2150936
-584780
1419917
-2797248
-5239495
5354527
-33209
-5583598
-725925
-4637850
-2676227
1228514
-1568028
1110638
-2816482
-1206194
-5711505
-1874592
1645388
-6964640
-7462663
-4264618
-515662
-6112094
-2474157
3607886
-530980
-938968
-356294
4260303
450924
-4822494
3366343
-3819276
-5175157
-3648404
-2505414
962902
332411
2901946
-2370200
-8155544
-346645
-6956264
-1752045
-4304796
5825713
-1639241
1152721
5024958
970262
-3037669
-4881756
-1771301
-6543087
-1689742
986578
-1665453
2321561
4038513
-949085
685162
7576076
-6214122
4760598
-2035754
-2682656
192870
2183168
4393243
-1042323
5237584
-6374822
-3191133
-4402713
7832809
-657121
7206923
3139641
7474186
-1882337
2647089
-2364382
-1148754
1149558
-6099793
-766537
2450183
-4140850
-5421023
526055
-1848478
-2147064
546637
-4479647
-1335332
2516408
-473451
374500
-4774258
-274195
-1578920
-4482953
-2100049
5527066
-158740
-1984690
-2144518
-1831419
6250445
3697237
2371648
-3502152
13514
7538721
2219745
-3644132
1297984
-3416777
2127126
36129
6039063
5055583
-2730624
-1980333
-3872173
6007946
-1646214
-702597
3032737
-2353343
-1834878
-1153724
-6099816
-1060448
-4211890
668211
2041207
3826480
3379724
-2808547
-1178583
5229733
-3013334
204635
-6874323
809341
-408232
-2453091
-5895325
574441
7744882
-813849
6218086
-7804418
-1190698
-5057165
2917035
-204670
554722
-2158694
5567301
-962637
-1670573
-102607
5446710
2975501
2560466
1993171
8463863
1828419
2576722
-3031310
-355224
85191
-1677933
-3669398
-1545176
-1693756
-1680636
-6949543
7042153
-100580
-6325738
-93928
1271588
1548487
142883
2441395
-244622
-3258682
-8007114
3947227
-3272037
1161892
2402369
5924200
-5690692
-2293793
1769874
-3469434
-1208351
208984
-1894250
-3307915
1988438
-910768
498177
-1206349
-4022511
5261610
2209421
-620168
-647373
-2963236
-3476219
-5568799
6585492
-386741
5562671
1850822
4170661
1906396
-4734436
-800371
-1257428
2338922
-2145074
6140159
-2011418
-8045541
4088516
-6724777
4721486
-3662364
1076156
-1424233
-2401074
8548532
-1216953
894655
-2691965
2711421
-1907888
5602586
-3300529
-7434124
3660384
-5189344
-1075415
4269334
-3616753
-1346057
-6651745
-2383376
-1271964
-3140478
-3993388
1360988
551081
-3749463
-7584872
2623939
-7252642
5890873
1979421
-1038538
-6286697
-4722413
7889885
-3731146
-1584090
-443920
2297171
7526315
-3862838
-1796292
-3857842
355829
5167824
-719481
-882735
-3562123
-2932573
813996
1139461
-41391
-3492926
-5821252
-518240
3345718
-1477285
707455
-5642266
-2458804
789698
-456600
-1873927
7249722
-726596
-3643771
-2002643
2893808
2006926
-6670792
-4254214
164032
-4270113
950412
-4646782
2637499
-1772792
2920135
8888221
-730937
2106788
4042381
3214721
507618
3623622
-3783498
6811807
-1469559
-4260527
-2067192
1571387
-1491599
-1145213
-2209262
-2126594
-5755085
-3776882
-1462340
-4035838
-5839546
-6033056
273275
-1892723
1560544
-450766
6716865
-137522
-783488
3631230
-3419136
2820564
1582095
1043092
-740657
-6041372
3827913
-204770
-4979477
-2879555
2291101
-3042093
39455
-6339992
4030247
-2543924
-1728295
-3434676
-1883680
-5471313
-2780200
-4705437
-3249939
-1621040
-952982
1433598
3854456
-2967020
-2704072
1652641
-6404869
2626720
-1286885
-3082756
-145335
-2431566
2239993
-5060626
703936
-3200071
-2809571
67854
-866528
4740100
-3186801
5482052
-4893368
5933371
-311867
-551033
-2428302
1175757
-1827543
8902428
1222513
-199168
-1334492
-4583095
1525695
-1897940
143715
-1207595
-3598053
-7272561
5989208
-6159015
-2172717
-3011113
3892598
-26194
-2330941
-4131726
-2477121
1435611
3197253
1014502
-4638559
-1094381
3687947
9602863
-8212107
-3019373
5427262
-2588473
-1661197
6143101
1056323
627095
1749765
6328177
-537487
-2944136
-2501423
1935225
-1619732
3198496
-3941595
-4045821
-3410406
8803363
-3104282
-1212490
708013
-2633911
-3998707
1869032
-111787
797246
6951679
-3102480
2805296
-4147372
1408100
3833056
578352
-3603079
724416
3039364
-2034291
4143066
1327825
1762618
-1516175
-1782061
1244166
-3282949
-2786012
2656036
-2417295
-1344437
-5055820
1584220
-52385
-1092571
408550
-8008106
-1515018
-2054590
360639
-5051775
3974847
-799358
-778697
1144501
4315306
158897
-4609692
618871
2663798
1337315
-4345795
-2009469
-1072933
4397779
-2648106
-2368489
-2396402
4903852
2211954
-3035286
4288683
-3475458
1161393
-3840951
1141336
1598650
-3720385
-977946
2207176
-3361828
-6712000
-2648458
4416977
-5007341
5066904
-1465922
-7350282
2907188
-3335403
-1562553
-1651179
-1259609
-631785
504993
-5448096
2996542
896931
-647132
1712801
-4581016
819903
924287
-356000
-5951257
-2759232
475633
-4950105
-1391748
1025910
-3815490
-953264
3252381
-38104
-3424955
-5530198
3618903
437001
-801892
-6122566
-1778638
-2855245
5679030
-823806
-2143676
-4183186
-3365242
-4274340
2837316
-4654432
538257
1540529
-3555830
1706751
697757
-3603783
5697748
-1704881
6214203
8798
-2062011
3127832
-1007178
-496597
6754265
1294796
-5031427
2616869
-1458090
-672246
2507624
-2174351
3312111
-6371131
792977
2130994
-2684842
-2316197
-504328
1312518
5062446
7028452
-581431
-399715
1342697
6181382
2846939
-1469529
-2529740
-3345350
1330857
3056374
6748210
-5338633
-3825874
-2556228
-318216
385038
2112362
-4234637
869239
6652143
4072857
-3924354
-6704814
-2842948
1354182
1257418
2579841
-225951
955636
2651417
866181
-5131699
-1694337
-3388425
6246512
-1808121
-5533458
2701428
-5653123
3272975
-3440970
-3388298
-4140625
-1005546
-4610022
-2646522
-3331937
-2374602
-3814426
249003
1417394
8128292
2359823
-607546
-6190094
2264283
-685867
6963836
3367631
2604840
2506255
-784816
1171279
5111781
1841721
-4858063
3913897
-5199004
2404697
-4874667
-1923626
-1414089
1729565
4909328
5194522
-4945951
2146694
3625770
-9600605
-2013014
-5625809
2675288
-5753859
3669944
-2634039
-1751245
613502
899621
1108952
-1882261
-3100149
-4797987
-5705875
-1623074
-2959667
-7415687
4895577
-1647084
-233598
2269050
-1052710
4730
-1761519
2252984
2040820
-1836260
6643763
-369089
-1330944
-4342904
5085757
-2810114
629464
5783311
4274273
-3048933
1607792
5908941
-6749050
-2607639
-6169386
-856837
-4116622
-4337565
6904173
5823047
4860435
-2098128
-2795606
-5554150
283172
-460269
-6398528
5635277
2311874
211392
-994680
-968821
939781
208195
632968
-2334144
-1005164
2439734
1574697
-684994
-4559455
6002716
-3690530
-2458151
6650003
-2934674
-470866
-4762837
3548855
4724881
-7357626
-1205072
6930800
4819886
60198
3811497
-5717250
-2024690
1535367
-1538581
-129096
2012541
-2199349
1664058
926036
-4923822
-6057535
1472930
-7789924
-1913390
-4036633
478376
2313683
1108932
3038400
-720728
-1651502
-2412715
147324
-1773837
-352422
7730892
-2840026
2284140
-1191344
-1032693
-3391018
-1397721
2675407
-140282
4242274
-5770443
-777168
-301420
-3999979
-4823253
-1559211
-2108999
3473383
3495432
4199389
-1497945
-2072976
-3445656
2647411
-3168383
1808246
-3030306
3766163
4294296
-5976348
5623009
1955502
-3573547
-1156628
431730
-571728
-875812
-2026796
-5279279
-2575027
-2588449
2431138
1622733
-3920362
-1121338
-833424
2854603
-3450976
-1086535
240758
-1467181
-3630288
-7777428
-1822130
-1571799
5452678
-4636827
1326099
2054086
-782214
6235332
4623706
43907
-6971670
-2943061
-3369676
-6162976
-3202512
-4651040
1079956
1676775
611617
4441791
-958853
-4170058
-3422111
-2124467
-5333968
5220633
-3617572
-1755813
4815642
4620703
159873
4560866
6779411
4837774
7877820
2112933
-1792584
785142
-929539
-1759103
2924970
-2678099
-5759725
-3761383
52265
-899392
-5530015
-3276177
-944626
1546395
-1884881
-1242405
-3691336
-3578206
-148199
858724
2720197
3602740
-2730850
-1086642
-87216
-1453693
5626241
577147
-4928171
-1582974
3453279
2313358
3669602
1032251
7764315
-3902729
-3597771
1282458
2151507
4313008
-1146043
-2461407
2254746
834527
5327889
4439727
-1909342
-3292002
-2036055
5260430
-1724442
4576238
3069251
5888887
-1611163
1838443
5780494
-2137596
-7961433
4295937
-891719
542107
3101967
301687
-402914
-5816750
-3815156
-4823850
-1475778
-5803606
-3208198
-1251139
3044219
9960838
-2713201
2280391
-2564018
-1329871
-3621438
-5157056
3398207
3874326
3053487
5763121
-5501961
-2540739
1134424
1784779
843844
-6459295
-1203602
-2278350
3373886
9369406
2933882
2529296
-129253
2715783
859078
4685268
2606001
7773671
6763165
-279783
1632155
4193285
824187
-6481497
2005462
1444240
1493826
-2777689
1212195
3326488
-2671150
5244092
-491030
-4813869
-979597
3002382
-8060658
-5685149
7952631
-6445095
-8008066
-989420
132128
-756060
1872806
-2253422
2610382
4369364
3110201
-2895675
2428140
2586332
1350470
3301409
3068355
2194509
1002664
-3318670
-6414047
-1767932
-3477431
3630579
4090936
-3705896
-7851527
2936
-4070192
-1009817
-1839625
1030303
-1023993
220144
3045037
741655
-1600699
-969367
3653072
-706134
-4548457
-2759873
-5283144
49901
-2246399
-3185563
28829
-1303580
-2978625
-2527490
-5826542
-6725967
-1459075
1131257
2503484
2896493
-1678208
4711868
967971
3488856
187979
-636362
-932888
-96419
-486354
673610
-5695564
3424286
404903
2042534
1484219
-2085975
3620225
940762
-2627006
356290
-5409296
1947564
5092447
513264
6012088
8791635
-6977460
3044393
-3564049
276134
8801319
-511702
-1345465
-4579441
4046886
-7946683
51153
3595363
1092270
-2274799
1648353
-525255
1097220
-1213942
-3502773
-4206108
-1093028
-2373372
-2083076
-777438
-2593893
2647421
5394167
10094
2480442
-4134713
3942533
1217283
-2489031
-7626300
-2311564
-1311569
-5546010
121733
-7195278
3409352
688925
-2237950
1380369
-4232972
739711
-2193334
5121297
-2668062
5261553
-3379753
-1403411
-9291554
-6359463
697056
-495537
-225898
4711560
-1594561
-7368582
2109496
3968121
-1756199
-6428311
5925122
-4488725
-3661585
-3206699
691812
-2158779
4989284
3298983
6302945
2188495
-4061177
3774491
-3138048
1306442
3590538
-840595
-130853
1697645
1354105
1590432
-2816110
6093052
-5549061
-7937104
-2039169
-88473
-3801520
-2945871
-1333859
2631036
5435324
-1615425
-1778226
-7300026
-4160191
1448857
-4129385
-1604169
-2650556
6597608
-3386388
-2079171
-4036717
2475563
-1961411
-1493536
-3908240
-1793381
4017622
5179158
-3537414
-2529318
1685848
2508408
5178907
2669483
-4960683
-4402716
-7410628
-7650155
3200041
1285569
-2646141
-2204067
-1428482
-2702349
-825640
-834709
-3681684
-2223347
4376895
3684672
2077596
8246449
2077253
-3302377
-3053675
-3845002
-7487519
-2637178
6065200
-4956970
-94194
7759787
-3347565
2828192
87595
1822048
1243573
-3321783
891871
-503476
2214496
-211449
-5207952
-985463
-1595656
7076983
-4391648
345477
-1168176
-3261473
2726565
2068434
310723
-4194945
2357324
-3450998
-1246763
-2520537
1512102
-4663136
2870261
-2280768
3700108
420111
4068182
755988
2148678
-939375
-7875364
2852651
-33637
-1276098
-2627487
-5604052
5208519
1428292
1514438
-1639216
-1153140
2523138
1061597
-3817780
1833585
2281521
2592782
748113
7898133
-5094548
-4671441
-6738407
-2678451
-6091
2523733
-661418
-4038668
-419562
740221
468467
2978821
-2366336
-5736245
-7791676
-995075
8409830
831750
-6321737
-268929
9239345
-590759
-2947859
-3256549
-730320
-1193420
-4868084
26112
-4415888
-3911039
6771310
-1172270
-3269447
-3502257
-1308509
-8311165
-2560521
581033
-3313915
-3195372
-628999
1943580
1966364
-1626447
468271
-2842505
-863463
1145913
-4420990
2034870
128117
4775136
-2417263
-2002039
3223902
4368584
2606928
3659472
7630890
2219057
-4403873
-1432232
5778104
-841219
-2472893
-109531
-581841
-3381749
-3881919
-3022167
-4176438
-2889238
-3026782
-3893521
-7752882
-3625721
-2646448
781460
-5869205
3650674
184070
17441
-2848207
-2948404
4561500
-1930312
-7133470
478826
-2349771
-1228635
-1044012
623188
1386196
-6019796
-3578679
189829
8472371
-4151658
4827504
1811507
2293911
372191
-298171
1551955
-5619177
1868555
-258617
-1896332
48351
5236140
-3253317
1885779
-1825662
-647900
1244884
-482576
-4385672
823333
-1714877
2883831
-476355
1686469
-2209855
7509435
3214024
-5836956
-2002734
-2217116
-3807597
-76459
-1683105
3912121
-4713916
-3389766
-1251157
3307765
2263016
1347200
-5007701
-4613434
-2175506
-33855
-5076445
-368992
-4313049
-2408439
440111
-632141
2837589
-1303511
-607795
-4153546
-6769181
-10939
-958511
-3741677
-3105306
2377888
-2822779
706444
2463462
-2785200
-3138867
-2584463
600170
-3661556
7590178
-2367196
2431593
-2524735
-3800900
2741174
-1772267
-7361866
5999637
878283
-779854
-1215239
-3231981
-1644308
3502395
-58157
1158804
831534
-6422051
-1709056
-969466
1694302
-333056
3555276
-2871283
3606140
-3388121
-1911386
-774013
-302472
-852952
-4309493
-2975331
-6594618
97966
-3945810
-2670404
-1934489
6005174
5176822
162373
-5753742
289688
2683979
4570904
-2966830
-3542154
-6993806
-880276
-2266589
-2708953
1155142
-98096
-944851
2133656
-5540461
-1222338
-814294
-7032021
-4564497
-1721941
281302
-3175764
956889
-4612243
-65749
1468842
785592
1403586
-576328
2787069
-2728715
-2714430
5932858
5065116
3277817
-2517897
1867275
1951541
9552714
251374
-388610
-5371116
-2723293
1377857
-1411182
-1334435
290128
-5565082
-380596
-3432299
-4278457
1283393
-951811
-5612767
-1791779
2376350
3716882
-1507898
6948568
-2329473
2250281
4370792
-5666754
-5376345
14349
115623
1751035
-5564264
-6778317
-1860899
-4134333
3971207
-2449837
3094795
-6597781
-5711376
868967
5823479
-5880316
2670326
-449020
10232396
-2360307
-2651527
-6351111
1803222
5923791
-738015
784418
268240
-1532935
-2594841
-457848
349264
441140
-1357669
-474047
721923
-1033513
-1190465
-553847
5766794
-151374
-2094916
-2458172
1095637
-2652255
4479397
-5014392
-7334191
2453975
148919
-791718
-3231139
-2154153
-1954409
275576
-829460
-656860
-1053055
-3437907
-1393083
2822591
-2130754
-7395857
2153345
825166
481444
1095666
1411103
1057005
59190
1745822
1958661
-1585133
-8172195
6763954
3636914
-725632
-1898780
3698201
-5050768
-3605909
-854379
-1404294
-8709580
-4842080
-1760802
-2294834
2776463
4046975
-5227876
-2256800
-4107365
186157
4331808
-5552340
3276184
-2395009
2354388
-379153
8594438
-3502393
8836836
-5157966
-1066995
5352400
2893504
-3590342
-4213443
-2478646
454640
7052077
401731
-2223208
-7870967
-1044486
4276561
-4433144
1098469
-2898895
-4015611
-4468491
-2893705
-1121079
-4416793
-3395972
-1445177
-3415693
-3458670
2632091
7997050
-1340732
60734
-647178
1352303
1245541
1910704
-120022
1881136
-2722125
-1549593
-760209
383888
-1631202
5232157
571929
-451341
1386490
-6278316
3171359
327661
-1618405
-3793022
-95438
7398642
9174835
5173055
-2621414
1447222
-3931964
-208328
-14263
-331981
2179113
1144630
2615875
6397752
-6587621
1246360
-1071414
6762444
1739463
940337
1076919
1051952
1905281
-2487107
2301382
1211025
3358535
-2394080
1761931
1651711
-2129499
-3567799
-2258685
-1158006
-1179513
1028355
861286
-802011
5478055
1949833
-6402188
-584081
-1091780
780679
5155051
-2267852
-2984856
1357946
1048068
1011184
-2740628
-2296531
-2194254
-5143573
1047917
-1744290
-517576
-4561016
4304030
-3260066
-5479423
-148583
-3655566
12194
-251191
-2348738
-5481914
3008353
1227404
997631
-5387263
-1393965
1143101
-998202
485342
-1140733
-4477423
3950216
-2256228
-4097020
5135599
-4020432
3897576
-5055055
3254735
657897
665096
-4011968
-1081265
2417931
-1706033
-6206313
-1666577
-3486992
-7182438
-6568843
-2076894
-3832109
-2511784
4043289
-1460927
-980265
-2108231
1734587
2794794
-7759130
-2203024
-2050254
1617382
-3765454
-2650286
-511709
-1269258
6664948
2863627
-1835450
-15727
-2205521
980637
3465360
-3521747
-968741
-1935632
514045
2497860
2787068
4560563
-4278471
2555023
-1492331
-2702288
-1592377
-103203
-1775868
-6660520
1337561
2010219
-2546085
992979
748991
-3724130
-5386860
-1054941
-3509848
-4303784
978889
-3111475
2303842
1914904
4629769
712310
-4912888
-3255096
6680131
-1339646
-2673296
192096
-1730822
-4356300
1448895
7053455
1347513
1130150
-6993637
-1346562
-2483856
1927367
-2588494
8055973
6465218
869184
-2358420
-5084516
990230
8280491
-239717
-381540
-3554611
-3374999
4419750
-1956820
-2030638
134891
-4012947
-1365643
-4725584
-5920597
-599780
-5131921
-2573975
979992
-724699
1698151
-1752953
-5310441
-2758375
2346359
495827
-796974
-652518
6504115
-2165586
508607
-1558029
1691546
-5295083
-1234602
637785
-1667471
7607063
2267087
1234359
-4165244
-4213450
-3962069
-255134
2271497
-5180857
-2222560
2793805
-2024438
-1199428
5443863
-4270142
3291088
6217704
502374
9383693
4043837
1814786
-2671903
6348876
-4649690
8254376
862700
5716994
-1741541
-590418
6518424
-3062784
-4341958
414865
-2554102
-3719176
1362494
-403361
-661868
240260
7637751
-7824840
2009233
-3516866
2036979
5745813
-66952
-4475553
1685498
2525514
-4280840
619739
-1276338
10253603
-3652615
-4202925
408928
517092
7799842
4165527
201658
-3483904
860109
5451781
-154485
-6330965
-3261269
-926931
-3968176
281539
-3783570
-856516
-5636696
-3175076
5482528
-5851844
-2511010
-499309
-3626745
-7177442
2976648
-4285151
1650122
781257
-2724425
-3307980
-2585113
-1788690
4799152
730055
-1759448
-1636083
10288292
-7683523
3341990
-2235460
426837
1638207
-2373770
-4657568
240045
3152688
-1862443
1383952
-3025936
740517
2451574
-2891712
5675633
-5616755
3724593
3698121
1238662
-3778242
1135453
3801818
2169311
-8550104
-1107605
-3275255
-6082995
-1779365
-34996
40635
1517080
-6016227
-4441651
-87330
1940937
-1016413
3972569
4408675
-3080281
-1766223
-4103297
434472
5130462
-1096009
-3998625
-4655263
-583914
273809
1941487
1339329
-1726872
-3742276
2902991
-818579
-3361835
-2606170
-108285
2507802
23960
-1656547
3349430
293650
-1439693
-1969699
-3338417
9968361
6210425
-3639200
-2281658
4768384
-1619780
-7583580
-3313773
-283760
-317507
2291043
-998819
-2333320
-6709122
7651404
-458440
-1151327
1689465
-2180163
-1593762
8330310
-2176457
-1230911
-1981842
-5113145
3604771
2580508
61056
-2788530
-1486751
-5576259
2406607
-728622
-782395
1413042
4460019
-2486044
3769494
22093
925036
-3772789
2785031
-7209534
454721
-2845971
3865795
666110
-2284861
2673558
-1738853
2520602
1580000
8163958
3098470
-5291947
5733694
-5697690
718272
6661482
-2515369
-1792642
2000091
-4737675
-3056026
2146380
-1735060
-190197
-3097296
-4718884
1543353
-3973200
1514142
-3219314
8452775
-2858581
1919252
581992
-772744
-1893239
-812867
-2491863
-777077
-1702189
-1748042
-192287
-3040770
2678953
-1597879
-5448032
-786101
-3014308
780205
2607719
-1351675
527508
-6624643
-2978800
-3049452
8453673
1828605
1494778
504131
4572772
2267810
377145
-3507264
3424584
-4344571
2077664
3176022
-1833800
1507220
-3779484
-1500777
-2042314
2640625
-260565
3041539
-2511301
-2369708
-501062
-1320783
4829413
1501488
-3430884
-4204111
-666560
3121209
-7388410
5848491
6003371
1985798
-2934409
390181
-3937039
-1926043
-3496680
8092088
462112
-1007586
-3880052
6377928
-6420690
3208425
118698
740263
-3906735
-729996
-3462657
939529
-3233756
-552803
4031126
-290133
2837736
-2049472
-5999190
3119075
-3358529
-5692812
-3056538
-1293428
580081
-216537
-4837391
-717654
2075933
-2217399
5763352
-1720061
-144919
-571058
5010118
-3292544
1575606
-491971
-1741880
-203618
3533495
-1734264
-4267281
-649475
4427182
-5990907
3955145
6580633
-3249866
-8477340
5792701
-2838801
-1479398
-996440
7327066
2425327
-1464525
220969
1484444
-4176759
1463415
-2693460
4659727
4046964
-3268093
-286030
3314306
-1520127
-19276
535838
-376587
-1087359
-324353
4557154
5274377
6924886
-4378729
-2523308
1145593
-2182273
3362148
5410050
-7781920
-1546652
420733
6065056
768098
-471969
-307227
-3393347
805425
-4130030
-1027552
2103693
383723
-1531974
-309745
-3494223
-31090
5530759
-457375
-2090558
-7982163
2735616
-1403785
-2088790
3639407
5112554
957945
247341
-4504381
-757047
1008739
-5347714
-4361359
2210850
-5182320
-3291993
4146117
-5204104
4179413
-3266102
-2796725
-1692038
-2708628
-430177
-3568898
906307
-1793495
173376
-941735
5295376
4995666
-1633078
665928
4247473
-3522869
2414903
-1250840
-954810
1369085
1937068
709621
1301142
2872726
-258215
-6461282
-5393898
3849395
-556222
563314
484122
-110154
-7279431
-854921
1344451
3117954
-1197366
-4309123
3842417
-6839165
-4832176
-4524098
-3216671
8397947
1088949
459734
-3572583
-646633
-4649609
-3433838
-318576
2670268
3100023
-1076854
-5484986
-5141211
2173348
-4797298
-5813811
-33851
-4597451
-2419747
-760543
-1719067
6684117
-2846272
-1918716
888077
778224
8267311
-1172942
-2714663
4297398
-2921295
237608
-3341610
-4040206
-2721797
2544907
-4551145
682556
466745
-3327326
681945
-4940515
802233
-3789598
-105527
-2217146
5423269
3816344
-3125947
-3422804
-1852834
-213167
-330518
-1509537
-3035623
-1442839
-778679
2635217
-5139356
4288209
-171710
-3272781
-3364823
4611808
2766753
-3512163
3728886
213385
4232161
-3844205
2617631
-2493155
4512509
4157667
378275
-6720052
-2472561
6826884
-3422555
-1930422
220127
-2781534
-2984777
1422548
-1973216
-3975295
-993720
1132004
-3352595
-5133765
-983948
5509342
-6677847
-1590684
2164754
-6147882
-1536668
1012306
1424781
1734708
-5591128
33859
279460
-2499406
2529220
-2178391
4109846
1490651
2459604
3187650
4390138
4889373
-7270791
2251222
5245088
-1348985
6192669
-1088236
4237888
2262335
4206214
-4454948
-5957002
-5014898
-3364012
-2179922
-5154
4378599
4111627
324107
2966731
1024483
-5734382
1190774
-5289182
-177878
-2672621
-5733468
-2799851
1186352
21728
-3304333
-1133570
-359276
2405380
2541329
8448154
3531824
-1458087
-201938
-1996511
-4030535
-785888
5189948
3511184
5715132
-3821996
-1475316
3167234
-471979
7008651
-4214979
1044630
-388703
-3932411
-1696717
-244665
-3109902
1350005
-461364
-3758267
1332012
132319
-287277
5199442
2118191
870533
-4102438
-5305262
-6187026
-2623711
-7400631
-1351671
1319135
-1877369
5642102
-683116
-45773
-7733114
-5445768
7888043
8531813
312008
-1638900
-3843606
487632
-5387115
796777
4954682
-2099576
4398639
-324737
5274162
1085161
1625114
-4626338
-6168063
-4806951
-7144433
-5737852
-3138199
2310664
-3128224
-3306469
332068
-2245331
668536
-7516698
-824036
-2235041
-6627429
342179
433893
-2515277
-2546094
-4950399
-2894814
8596486
1101553
85189
217593
79394
2288321
-5310818
234334
-3717440
-199030
669970
2586031
-5176364
-4295886
-3302549
-7264511
-5905356
-627081
1448394
-1382333
-1696416
-3995997
2209290
-3237043
-62810
194444
2262859
-1987565
-2114329
-119574
-1213675
-2251144
-3475458
-7131558
166170
1266925
2963096
-1149770
-837829
2043834
-3879497
5051298
3939361
3381178
-521587
-4120189
-3591981
-3905919
-5985312
-1271761
-2017067
-3319868
4786822
-2274605
-3112720
-4502472
-5715225
1014928
-349826
239793
379238
-1104763
-2434138
-2674950
89436
-3306788
-91629
-5834498
-1886355
-1471827
-4456197
-3351693
6971015
-3894700
-1233737
656636
-264738
5611114
-9646780
-2532238
-2379523
-4402172
-3811639
-2682902
1267614
-4782462
-2112983
5752623
301729
-4047521
-6655282
2672974
-3981316
-5266956
-579819
2777143
3532371
-912502
840008
-2033371
2227088
-522934
-5428074
1184814
-1276830
3349473
-2304154
-2664823
2319302
1969761
-1658893
-475475
-3444633
-3954744
-5522589
2416154
3735688
-2540048
-2164075
588049
1192659
-4447227
-1789241
606284
-2887876
-1130865
-140501
-8203166
-936552
-7507049
2371658
52302
-2838695
218486
-5498986
513535
-912920
-6431219
-42571
-3635794
-405765
2249904
-501845
2078169
3880470
-2665045
-153882
-3002732
-2052806
-6904711
-8064184
-1639989
-3897417
-3600882
-2465122
5988631
-6814563
-3929908
140901
-2016731
110011
117894
2524977
-4982127
-2834209
-2069047
5687519
-4535015
1983524
-5151557
-190837
-5003143
-3926979
-2296951
9675
5144033
-1677628
2376266
-1703143
1631807
8305622
-39029
-3250720
-2732000
644134
2402321
-2753990
-4458751
1967243
7330063
493532
2443389
-2621178
2816789
6451784
-3824440
-446497
1464217
-8305890
-1251137
-2681915
-590024
-630586
-981006
-2558641
3667161
988771
-4943597
-1908421
8129469
-2768934
-2027204
-2525808
-3486264
5306051
-2101833
3913400
-329366
1452785
-6497985
-452511
-286787
6845297
-2868315
-3578194
-5855201
2251266
-3851678
-1084026
9416134
-6100691
2585116
1407259
5000053
-1436601
5190123
-5830224
-4716038
-5486660
1973608
4960616
-4174697
-1464321
8168068
-5708005
-4972507
6550272
-786250
-4160757
3023494
1864862
7567937
3000471
-4690876
371306
-1985232
512230
-5741309
-4170170
9345066
-4747420
-335128
3450256
-1795913
-1673170
-838790
-1416592
-2990913
-2572676
4851241
-5364875
-3342284
-4121212
-1215642
669627
-578837
-628758
-4157709
703241
-3924008
-1427179
-1105451
5826570
4838310
-937272
3108160
769715
-3507588
-3116278
-1868615
3656735
1292790
5998229
769114
-3375744
-1768002
-77002
-1641499
-4536258
-3262557
2952549
-1455871
-3436507
384614
2793145
-2396511
4098282
-816271
-2174496
-6686275
-6653090
-831527
-1349409
-7615680
-2131810
7283796
2008882
-5144104
-7538072
-2474836
4826764
458584
-1747432
-4933116
-1314421
-4799533
-5322519
107850
282370
736768
-2624315
-3771705
1013262
5029527
-320976
7305232
3529287
-162947
-530542
-4102873
-1849170
2147180
982008
460855
-592237
-5142117
499018
-4197496
5104770
-4446780
4751793
-2631383
5399584
-10060
-2582761
-6039538
-2822891
-3099368
-1423588
-246479
1215594
454981
98681
3685093
-3110248
-3093248
-3262229
-1245074
-5448618
-2411651
3267599
-7004922
4808433
-4351120
6481529
-6313337
-5180432
2331113
-6447318
1215492
-4253168
3057051
-7877215
-6585898
1321537
-7982521
5294281
278606
-324792
-1285660
-569286
1181221
-243434
1115231
1628828
-1368980
898019
4745998
2012054
69073
-2430531
2228293
-2026925
-7083357
4159044
2543190
-3706184
-2012444
290230
-332613
2905541
-291853
-3762875
1259050
-1341416
-5321181
-1134288
-219183
-2601037
-1327981
-3696926
2487363
-2578120
4313578
5035449
-1491111
4102788
-5861790
-1313075
380227
-5796361
-5181653
4282437
-1448041
-4160002
-4346784
-257790
-1911381
-2493249
3562457
6665045
-2987745
-461856
1041565
590761
2288655
4562600
-716709
-310325
-1337722
-5832135
2874916
4367955
2177918
1989329
6816852
-1657563
593075
3442288
-925251
2957882
5565092
-2907630
5657582
-2268284
-740835
1111839
-6581176
-1797824
-507784
2113109
5116168
2484045
459726
-556457
683780
1923752
-60706
-1643932
2928379
91667
-1001095
-3881294
-648922
-415453
792294
-4892195
-294434
2524206
-5322441
120797
4845278
-3748365
5527211
-5053557
1008935
-2273455
-5256642
6647437
7814874
-4737951
-2855461
7219554
2395805
-4132790
-4823818
-748623
-4459891
4064601
3937985
-2019784
-5221868
-459387
-2398687
-6351224
1507325
1761011
64919
1148910
-3549931
-6160594
-3682582
-1408984
5356120
2076014
-2278815
7369137
-1040648
-1136050
8158194
-6024040
2948546
4083084
1753362
-7907434
-443679
-4462176
31976
4051251
532560
-3581773
1983960
3347920
-581347
-1187370
-1391212
2728954
3314775
-5521206
-2910996
-1052913
602022
-7423538
5517038
7318585
-1631448
5007553
2410094
-5449880
-4169874
-2539867
5253948
116206
5453325
-1205878
1791156
216498
-1237737
1817369
-5687056
199671
-5589924
-1083946
-2702226
-5883607
2108439
-3542081
-1683105
-1531476
3618965
1192810
2104918
1754287
-5628857
-5179347
-5607037
6684023
-4660928
-1721395
-1076119
96019
4690272
-1110954
7315223
606623
-3045123
3548338
-4357731
3762629
562995
4729233
6692184
4389670
-1178194
-206225
-213294
1073774
-3213192
974786
-2496491
-3591432
1283859
-3154128
-7739367
876233
-5538281
-387138
1789055
-3855015
-3396804
4072308
-1808446
-4648888
2413306
4937063
-2694021
1291858
1614873
-1401515
-249145
-1100632
-1515150
-3582400
845234
-435971
-2961921
-1379729
-1810161
-5594033
-360646
-3889634
-7041031
-664982
-6302645
-6582991
-2008243
-3375369
5778271
-3822554
-394269
-287509
2505991
-1650601
-1624843
-225373
1375150
1905110
-2886182
44631
-7753502
-5273403
2082551
-2337923
4557522
1162107
1472811
-3485039
2917923
4900316
-3715226
-2906524
-4803264
-4007034
255374
981417
-492660
4235569
1495435
-2962043
1385392
-3614824
-6907420
2755100
-4694786
3937187
2878255
1369635
1245824
1134146
2340016
-3860160
-2446449
-1568374
2422629
-3090629
-2487665
1721549
-2610879
-1578
2640982
-419125
656425
-7429520
-5991271
1123967
-4964984
-330060
-6648016
-1435298
-2557091
352714
-1214141
412920
-4212836
1853588
2745722
8797847
2198385
4985524
-647629
3346924
2569414
-1717594
-1930481
-3193350
6064289
-1198985
-3434806
-4829431
-2813076
-1115360
4079636
4322661
-3260812
62316
4772285
2162579
877304
-6781177
-1537218
-4680231
930526
124218
-3642429
-2917926
6503350
-2542683
-2072462
-2136022
-2152541
-2124641
-4589589
-3810547
2254711
2246131
-2174465
-3213531
-1173203
-197637
3833992
-2327032
-1244376
2726798
447378
7820391
-1624745
-5135647
-5120817
3055207
208642
-2379013
11498319
847437
-606963
5981103
11634
2984427
-1790048
-3330439
3187093
5202041
-7707789
1395897
-5477866
-1754093
-3531648
5547329
-1959093
-6171429
-1018654
2652784
4415211
-1411644
-3392869
-1868725
1146758
-849487
-2922260
-2356363
-2186715
387282
4540395
-5382453
2143858
-2146878
1856625
3423542
-4208563
7432928
6689400
7097635
-929765
638559
-1734336
-2860009
-5091363
-1119709
-4011529
8430110
5687827
-2100124
10169079
-1546386
-1808567
1003611
-1670604
-1607183
-5468056
1979370
232266
-1138977
-2313753
2710575
-2632478
-3458622
7508980
-850817
566126
-1882050
-1722418
-2566207
5700140
-5109399
2874946
624914
8785952
1466916
44894
1761797
-3429756
-6457675
203550
3450567
6853766
-1054099
-1577830
-3847495
4701478
-4581066
4451037
85804
1067698
-6191315
3519526
20302
217581
104139
-1747900
-1677492
-1660862
2713450
-7101215
1456247
2474956
-6264803
2476150
1085971
3229341
-571026
-1604147
-1912520
-649741
2162476
4350099
-4122566
-3888335
891371
2611904
8807495
-266235
-3093862
1058056
-5062614
2173561
-2521386
-1967412
-2772605
-5258742
1819246
2062911
-2040831
-4127263
430368
4831939
-1286755
1323567
-5520047
-4710230
1117967
-5481
-698063
-5459608
3994230
-1547339
-1304915
-1843985
-4929449
-2610312
4349297
-755519
-218430
-577243
-2958016
-1647956
-4019678
197079
-1831108
-1964267
-2410121
-53938
100621
1274804
-7082043
-4360417
-5718397
-5385349
1160829
-5304263
7217142
-5592909
-2971959
1237445
7766796
-3516631
-4433688
-1949623
3383980
4798911
1318338
-2760766
1180733
-596329
-7635625
1691919
-2177190
-4201964
103082
3801785
-524891
-236268
3237679
-5589843
-175271
-4362273
3256906
2800809
711972
-1618878
-1026152
4420805
7263429
2851426
-5972786
-3467005
-1315161
1169334
-3396770
7044067
-3777585
-3486025
2546793
-1524453
308310
-3228593
-935520
-3050601
758377
-2979838
-1480453
-5366302
773340
-2854947
-1991609
-1950706
-171247
10269487
-594587
-5646305
272694
5901518
1333600
-4560652
-2148381
-2432430
1813813
-5675869
1879532
-1488088
-7118421
-2125531
-878167
2212444
-1842691
-1932000
3074923
-5575399
-2317074
-3194551
-3696861
-4034111
6688032
-462124
-244035
-3588448
3535268
-827410
-3925595
-257451
-249214
-4140624
-5265486
1104852
127475
2948890
7640600
-2247874
-3001769
3199163
-7690807
1158349
-4111636
-3551240
-4879484
-1025718
-5673664
-2909574
-1270736
-5204209
6293637
-7403594
-1877279
-1020150
-3355653
-2548207
-8270797
586971
-5400461
-2472879
722422
507800
2994896
-3480582
-2167626
-664071
-4014340
-2749055
-3919618
-397033
-633613
-6874293
-825977
-3260021
-1642728
-3469377
-539160
-2131475
-864185
338424
-5346962
1118467
-6299165
-1059487
-36127
-5640152
1462794
-4980274
2564331
-135313
494494
-2094461
-383512
-705338
-8303360
606804
-604409
-1952003
7654042
2775569
-5208961
-1501076
-2572772
-2591064
-4157987
-1410453
-2647976
-5498730
4786297
-4007909
4561216
-1007421
478883
1859164
-4860759
2758548
1178790
-1863312
-3927689
-6065477
6959571
-2641353
-3359773
507316
914549
-3459588
4308632
41667
-538482
-3488738
-2028605
-4060687
-2184264
-5776595
-2316556
3396063
-3434544
306908
-7828512
879051
-7167386
665074
2611545
-7456430
-3952049
-1353809
1616630
-1102004
-1507207
-5433924
4350963
-2341619
5098051
-5395346
8666848
2897046
-133596
-4140448
-5544792
-5987292
1510114
-1457565
74146
174190
154744
-3007596
-6804873
-5744623
1774041
1899403
5249732
877454
-3284615
3911035
-136414
2311174
-1981627
-368369
-42856
108263
-1163143
6287845
-5560494
-294867
-4700107
556546
1662067
3740832
2741417
-2663892
2743655
-794495
-234445
966971
70580
2201852
-1516954
284049
-2388773
-3914360
-5631720
-1633981
-6285783
-4158342
-5688481
-5553345
-6717105
-1536129
326940
-2237455
91022
4722913
2059409
1284074
-659381
-1123859
-4031553
-3369919
1863882
-5455099
-2987802
870543
437380
-440927
-160875
-6186547
-2608212
-1069248
-5412809
-4111084
-1424536
-5268781
-480350
216369
-3749082
-4666090
405530
6877731
-3958437
5243261
-41120
-1484824
-3071301
-3422190
5384884
-1713361
505545
-2658265
-2508167
-3096879
-7088655
-6503680
1777859
-6762580
714429
2068656
139609
-2947363
687584
-2840075
5653097
-5058474
2732798
5545466
-1983673
-7465664
-3925077
-2552557
-3482053
1872047
-1176844
-6556019
5607687
-2226086
-141192
-1646865
4470510
4635681
-2364968
830589
-514367
-521264
5137840
2352840
2438707
3715399
8278097
-2089822
3254801
-2254821
344250
2381507
-545700
-1868002
2104426
5446071
10777155
-1056418
1017841
1544549
-1482374
613244
-487081
-6305193
2343922
-118316
1084547
415816
3913046
741044
-2503266
-5588751
-1983544
3738099
-2494182
-79805
-199773
-1316271
-766496
6486082
-851425
6075175
1283173
-1969546
-205159
-2931753
4835556
2248812
3791497
594
-482977
1284565
-2987503
-874616
-4179872
-3789061
-5840421
-3699148
-1252978
3841001
-3815177
-1399361
1175277
30792
-1421264
4780379
-2773339
-4030952
3047579
244038
-114004
-228171
-4499862
-634756
-4421519
-261163
-989437
-2061173
-4646983
1198771
-3683270
-5128918
-4023947
6060838
-4179638
-2745032
-2385559
-1979437
1672437
6178579
-3057144
-6538040
1902310
-692246
4216109
-2660181
-2090521
4724398
-1276374
395801
411967
-8248596
2933974
-1503618
-1631801
-4411856
-3107783
726494
3538943
1808835
885705
-3400606
-385038
-1450341
-193352
-2909674
3735774
5192871
-983361
-3570707
-5308087
-3358785
2276669
4590936
-292358
-6455399
-223695
171903
-3999071
-3171951
-3282567
2845420
8102214
-2315854
-4955328
-3714065
3468099
-551015
4765152
-4307330
-2956607
-2018077
-5848732
3781571
4093449
-4210133
1693118
-7139596
3719761
-302312
-983458
3181413
-1763889
-4589482
-1815097
-13398
1735151
-2012344
-374533
-1975035
-1042052
864312
-6478484
4254830
-5882867
2967821
3355056
1599296
-936041
-4080370
-2662942
-1342163
-3100774
715748
-1183334
5298429
158023
-5911053
1462970
3290205
2075443
-116802
-4949486
2779628
-8073317
-2562064
-5826227
-909206
1717199
-4916390
466756
-1364222
5924137
-143913
911996
8119257
-2072848
2101739
-3194329
-1105572
1442431
-1968381
6547407
1071977
-3031073
38329
-1947528
-2979102
827407
-7315651
76065
-6875523
977738
2651958
-4868792
356069
2487359
725168
2994344
-7984779
8102694
-3517090
4691085
6187138
75719
-498747
-4137053
-3268443
-5416089
1744791
-3370306
1082138
-3513806
-2510217
-2108187
-1230381
-2676162
-1747135
10117
-7513788
5904779
2796711
2234921
4094809
-3902518
4074437
125338
-4874804
-2999363
72599
1802364
530970
-1859308
-2064604
987314
310448
-3692951
-6363632
3467894
7415562
-1862249
-2208749
-1728035
-4318025
-452060
312783
-1287455
-2515304
-1970898
588705
-1885888
-1621413
-1560414
965104
-714886
141701
-1502743
1555991
-469028
2915139
7306625
1220487
-8575327
-5506739
-3012348
33356
-1853017
-384182
-3951222
589283
3050456
5321897
4645534
-564070
-2074890
-2586972
221344
-594723
899249
-2956329
2266279
-372564
-459268
-5138143
-1197963
-1671015
-4248244
1682637
3144340
4757045
-1452069
-1804931
5206765
221745
-6038433
703900
-553940
1600948
-1429872
-3231660
5380758
-3524166
-3804607
5395712
1789522
-1753836
1380962
-1548295
-1272362
-430356
-3671728
-2682055
366560
1577435
-2647303
-3619513
-682488
3187174
-5801138
4950360
-2918208
1839290
-593528
5340903
-721353
-2395514
4675003
-1861314
-6367500
5124854
-1013808
2781272
-2576232
-279032
628569
-5764358
-22091
136697
-3327263
1999350
512961
-251639
-3956728
1816216
4659799
-1232992
-4195525
5158372
-2871250
-5846446
-5939377
-4884258
-3313896
-7626335
4413547
-2753180
1868492
3606939
-3185281
-3915834
-4088446
1847659
129671
356237
-216388
792579
-7100327
-3193086
-536426
2557716
-1696512
-4770169
4317043
1439665
-3160932
3809172
-3189013
-2159090
6618029
3912715
1105254
-2667456
-7126482
-471780
-584522
794079
2466759
2956108
4932208
160323
5293787
690264
-3528036
-6218881
5647687
-425535
4298904
1163116
3119707
1085736
-2132704
1346750
880404
971480
-2063186
-1323198
6853688
-1939376
-1527789
5177716
2930136
20959
1898065
1790403
2822694
-4533138
-246113
-4814331
1920376
1238
-328269
-3175461
419084
-1836361
-5686504
2187854
-2426970
-1205114
566681
-6188934
-8822279
-1572565
-6067243
-1202051
1125852
-1825045
-3153657
-1763057
-4530014
202443
-3805620
2927467
-2316279
514255
-2936074
-1437595
-5199017
-2738072
2639102
-5680540
-1153966
3105171
-2624866
-5268653
3424184
-2721046
-1375844
6874548
-3915005
-4428234
-145088
332973
-2100033
6946932
5764007
-1754572
-1137752
-3337832
2265486
-3357666
5760953
6287661
-2668690
3565188
855080
3229483
5032209
1481684
5539053
665883
2397952
38685
-181115
-1074527
-8011657
-123110
2250553
4192994
-5152370
-3312208
3569041
-4699366
616570
-2845824
-4090509
-4693782
-1502434
-888628
-2497288
-5660853
-121498
7838386
2117206
-4808060
-3940911
5346747
4725446
-4257116
-1506500
-2196007
-2217264
-5640149
-94566
-6276971
5092830
-1959622
-3197478
569543
2686038
-498182
3237915
-441360
4013389
-4546425
1720581
18800
340559
-2455425
-843663
1991722
3827121
-5548028
-1928780
-1778015
-3552156
-366453
-3397567
-1972276
6472107
-1017135
3199412
-4918043
-2667908
22611
5294424
2765739
-5064517
10061900
3279325
-6459730
7759435
4101578
-5220358
-3297086
-6174723
1758911
-172415
-2223982
-2246564
-3703955
-6467458
-7188828
-4598622
1896334
10036175
-653627
-1416823
-1761008
2673936
-4731841
-3211768
-1164432
-2841236
49217
-5324972
-2347738
-4678522
-4592843
4079576
2243547
1001232
-4306867
-2642896
5041917
-5200437
-1933556
-5015444
-4545302
-850703
3341700
-4966209
4976234
-5921769
-2581987
-2880812
-5118176
415721
1359405
518287
2854731
5343395
-1373053
-1040410
-644765
1365225
-2913412
-871606
-5788546
3251976
-1199643
-4217769
-1936615
-2570829
3677707
3861355
63451
-1405339
-7270545
5995093
7279345
-1685780
-1138747
-2347681
255013
1766664
-757994
-2409132
2263181
-537373
7368300
553301
1920908
-651557
6244868
-2414371
-2164295
-2001046
1275861
288657
-5645657
1557116
-2015030
-569021
-381086
-2642504
-1916781
1936081
135593
-3347742
-5390179
-4508684
2304602
-5143096
-316432
-4253370
3047721
6590824
-1293523
-5571873
5121749
-2735650
-1235504
2582023
-6683366
527817
-687118
6283780
-214120
4309674
-2442851
1660617
-5182159
-8906378
-510483
-5160136
-1330954
4359029
-412447
2939908
2483426
-1613592
1976798
713581
1972375
-2370942
1293358
-3471432
-3563788
-2041736
6819728
-7849255
-531917
6368617
-4165077
-1736340
-7507017
-1194983
-840481
-4149002
-3458271
3927924
4855151
-1515379
1830205
5043937
-1467516
2129733
-2335413
-819637
2164569
-7162325
-2047276
-2910874
-2186689
4346763
-1690755
3572456
-4185403
5861714
-3547768
-237327
809598
-2943858
2649824
1346365
-4689948
5116051
335261
-262683
-887365
-4272086
-5403111
-4782037
-3513517
-616120
4850252
-2003852
-379944
332317
344124
-5239292
-2592376
1318803
-556088
1800208
-1602427
695289
1634128
3068287
-841494
-1199399
-1156949
176447
8595916
-2303725
-4953996
145119
-781825
-237633
-1555825
4482124
1311654
1518765
-4418021
-3207207
-5427854
-1855317
-4521310
3809510
-1386212
-743282
-2253112
-4778085
4724148
-485843
-1226789
-4968292
-6423820
484078
1480776
-6121222
-3651522
-3575874
-269426
1432957
657631
5819366
-2303625
95623
-5502924
2975761
3174574
-1436185
3289877
2876704
7188345
-2453250
-663843
-39022
9530372
-1041326
1279237
-4368241
-4888370
-4602357
-2811315
-1573227
-715573
-2104091
-662021
-1383106
150929
-2254652
8199862
-230488
1497788
1847577
-952352
-378686
-125151
-2698649
-3981987
-902473
126260
-5951154
-5426915
-4420649
-2691784
652715
-7359330
-4210939
-3452903
-2493523
735624
5816462
2290898
-1592230
2322534
-2469779
-1520761
1760098
877886
2303368
5385864
-3878033
763630
-319708
467828
-874326
921365
5474969
-3809182
3341764
-624497
-542453
-3283453
-821205
-3068210
-6262278
-1322143
-436943
-5254364
5318
3272391
-1830115
661491
829613
-3016496
1984864
-762120
5352
1854426
18937
242423
-3054299
-4739940
-2472619
2174374
-5992451
4152712
-8484
-3811736
683651
1564136
-5846390
-3201887
530702
1436299
-310400
-1596169
-4990496
-7612526
-5533107
-2738091
-2268207
947900
-1095143
2632392
1410009
-4379421
4979089
-4201252
2030418
-2647178
1321743
-8953443
2027049
-1076209
3567455
-1229421
-1030308
540827
-4714453
-6528433
-3856443
2621076
-6476739
1552558
5487454
-5017132
-3884452
-1625133
-3507371
1943653
-3590936
1530625
-252291
-5956097
767404
1859056
8808063
-4130195
-2784160
-1538247
-2047980
984779
-2765632
-1156730
-1089791
4414509
-5527990
-757789
-1117230
-2498611
-1831136
-1840124
1351094
-1198469
-3473597
1199048
6513665
-7807638
-1228156
5855190
-6333726
1515942
513258
240743
-346126
-4119267
-1062725
649273
5547029
-3211008
-1365000
8201507
-7055557
3472161
-1970952
-3827900
-2575344
-2973408
-6289160
-1067224
-1071288
-6160541
-3739414
-2544323
-489647
4558062
5854077
-1906
-3235222
-1775028
508924
2963653
-4343507
-2432568
-5016066
2394897
-794893
-918776
5561334
2590154
-3987350
-4978745
735081
440031
-8987921
2899115
-5253775
-2798739
5921600
-2691541
3672250
-566454
1257293
-4532048
5952677
-461786
-340915
-1109650
2871000
3629651
299732
-4456167
-4331467
7014807
-3385499
-1736223
543793
-2372536
1998584
-1977399
4266510
-1847348
333002
-3260308
-7688722
-4243389
-3955458
-2545808
1607212
1797052
4515767
3668521
-240427
-3021332
-5923273
-6956252
-7671872
680871
-6399029
6618690
-1979741
5598354
-4795781
-831789
2773180
-3211707
-2796991
-1768722
558639
6465227
-5776562
-794692
1606414
-6425661
5618245
1379463
-2252201
-4117782
5085193
-2597143
-1411119
681030
4899102
-5831959
1284087
-3386094
2453314
-5014435
1860729
-4555060
-1026648
5873955
500344
-4173362
-2233095
-2941151
-4987227
-3073360
-1019401
-4732919
-3503654
-5427961
-4727390
-460485
2663213
2098231
-5837936
4302496
5438005
1157721
-377775
-2240539
-3905575
-211710
-3968882
278138
-6820151
-1555168
2929254
-3620362
8588161
-4867074
1276639
3293547
-3153635
121784
-1795922
-3216218
581722
-3439340
3073608
1418528
4902445
-2244683
-2088757
-4319075
8408028
-944019
-1662037
-2439368
496878
-1875282
-4367508
900028
-1633807
-2372697
-3155124
-4169957
5408249
5987166
-2273211
-968449
1784972
-2245206
-1807200
5596927
4478560
-1789952
-988465
-3096052
-5521783
4607066
-3279109
1406821
3822952
-4628001
-3870864
-4476095
-5703617
-4761838
-1818573
1315813
-2872025
-3813037
-610206
1067641
725372
3961580
734494
-5453145
429297
2487337
-4691398
3513973
-353312
1000512
-1353507
563456
5108787
262573
-2149563
-2940963
5640858
971166
-3274826
-2173720
616500
-1610501
653384
-1059411
-709319
1364067
-1591812
-7414129
2463313
-711654
4109681
-3980389
4357160
-2448367
166484
-986034
3139311
6430558
-297942
3273331
5912234
-142184
-2623784
-2857276
-2966689
-4804432
-1057284
-3983215
2574716
1846906
961087
-2052192
-4575079
-6911209
1019370
2374055
2555657
-3804754
-144762
-4044856
1777647
-1790272
4655476
-1668902
-4260830
-3249785
-4718988
977228
-7157202
2799152
-2072344
163384
393490
-2738204
-6410697
-2431406
-3116656
1095961
345684
1345256
-2461775
-3582385
-6327673
-5358025
875553
3721862
6970492
-2981369
-1558410
-470801
-1533250
6360826
3812537
-4275444
4261754
-8166322
-539552
-6017875
546116
-2625251
-3840503
2075759
-2172451
-1132313
-1298029
4520770
1670158
-5416088
-426561
3980959
-2545188
2054031
3336231
2350417
2521275
-874002
2520898
-3803982
-5774352
-5897494
-441209
4987279
-389796
-3457763
2236493
1819836
-27433
-8383297
-2088934
-1979258
-23769
468238
4329970
4981307
-6510087
-411730
-1680223
3644423
-1700395
-4842733
-1506282
-4790210
3788837
1008629
-5656066
-1696426
-1521070
5306778
-1188637
3271989
-2499341
862932
2861798
-3088370
2553604
3146521
-2757431
3964284
-2796325
5426610
1458359
-2011053
-6237015
4156879
-3675491
6431846
-3105071
2198780
5834635
1310384
-5828582
-73175
271597
1988292
179546
213846
585391
-2593593
-3871682
-1358138
-6132148
1578091
-5807309
-939785
-3098562
7483218
-3783175
9165171
-3267605
-4258814
1210039
-3968484
-3346796
-1987840
223106
783835
1997760
2521643
-7845240
-2713929
-3781852
-2862622
3519414
-2522115
6012814
8915763
2114927
-457356
4604734
4756701
-2863990
640340
-2424901
2918574
4129557
-873001
3684605
-3431573
-2003821
-7477114
-1947020
-2756294
-3341386
967839
995336
-1284599
1033077
807490
2014518
-678658
5725472
-1093672
-51824
-1199404
773272
-5652745
-2487271
-1941490
-1785392
113178
-2288451
807257
804752
4711919
-3941114
7082068
2049023
-2046103
2017020
-2491796
5635085
339414
3828685
-1102813
-117685
3517678
1091946
1040134
582440
782669
-2585930
-957740
-3103021
609368
-4610489
-1435612
6021405
2651837
-3742812
-1516416
-1688930
2315962
-1646801
-747345
-4360476
-2239732
-824012
-5851071
844612
805916
3778096
-1397985
-5093872
1108366
-3466754
-4634873
5049590
-2145557
-81163
-108501
-322956
-4403055
206138
-4905598
3802080
3553492
-2971023
-3722469
-3666372
1633567
-3534528
-4524449
352542
-222421
3368839
3243387
4936159
5180166
-1739964
2113807
-415919
-5240427
-3410567
2232833
-5352550
-3042645
-4607894
-885858
-3031818
-1631570
-8469120
889997
-75829
7916621
-1085951
-1953618
-2813560
3750004
-1428338
2175295
-21867
2821403
1898995
-1965884
5826994
-1118298
2611252
-3039729
604878
2997046
-5540210
-7144433
-223158
6955637
-2520189
6035993
8638255
-2229782
-1226791
-5895141
481010
-3125914
-989922
1425473
-1403600
9597803
-1710761
-4882443
1444352
-1366960
-2122610
-3083771
-5072548
-2151889
1005964
-1961663
-5026977
-1053516
1396392
-2904359
634639
-1224968
-2047652
-7303278
3173688
5342118
-731426
-7189160
-2384399
-7741964
1229159
4864669
-176467
-3404609
5336629
2360539
-2650324
220637
-2210621
1626920
-7287524
-2329712
-1951577
2860708
-7031023
-3341654
874068
-5186271
-456909
-4961241
3148364
-4236955
-5194178
1267071
2093952
951895
936901
-2288364
7151737
486196
3551041
-6706554
-3500382
-7110990
-4457606
-4415893
-20193
-3081543
668176
6375555
-3495844
1158042
-4575579
-4104404
192042
-2048918
2575479
-2472457
-5590290
556058
-5099573
-6070974
-4333325
-6646650
-1417530
-2252648
-3114495
-3815985
-822434
-2194637
1783641
-1584667
4453434
-3963343
-4094800
-477632
1187195
2334298
2822206
-4137691
7490282
-5002150
178423
1945387
-2592719
756586
-238560
-4846527
653084
-2686184
-5856216
-1870822
-6832433
-5734975
-1310530
-1097366
-9246486
-4267142
3436681
-6621027
-6562314
-5505421
-2847389
5510590
-1385729
1035819
372401
-4095179
-4679881
-691566
156867
4483818
2164451
3044092
-5681655
694257
446064
-1306442
-3255664
-2516048
-1759811
-8039125
2488167
-526276
1420636
-1282536
2228003
-4833231
-402764
-3975512
-4147788
-1920692
-3208316
621212
-1784509
83186
1004372
-3955637
-4624143
-92412
1764800
-2959211
-1298253
-2134937
3618292
3314872
2109694
280760
-1404610
1153212
3986409
29016
654823
-4417354
-1275235
878236
1378039
-1427743
-7183263
2895323
52865
-3081710
1313364
-2988970
-2762776
1974323
1845859
-1611771
-2178541
-2660992
-7152757
-2244734
-5361168
703553
-6888221
-1326336
3098159
-5421513
3582862
1707529
-4160263
-4950529
454165
-2111261
-3028294
-5394501
6615347
-5384153
4383386
-5149280
2966420
2205913
1142032
4188797
-831814
-2952705
-1531495
2688527
-3850039
-1517834
-5424819
-3648119
-6967082
-3374591
-1779295
37819
4225124
2353940
-1785392
-884916
-55720
78030
5542115
1386186
-3498152
1341115
-7239909
4188023
-4038426
-3360832
-912452
9536747
-4502717
-4202049
-748273
-3513
-3994249
2912937
1271640
4167714
4514401
3725990
-1528101
-1998803
-3778650
6183157
86236
630323
-5989876
-3191711
-7036273
-6853348
1002166
-5363990
-2097285
102872
-6223691
-2281093
3750090
4752419
-305175
5901287
-799236
1141165
-273770
-2262553
2208589
-2960355
-582498
1848461
2559923
205845
5092932
2185416
-2741538
4401553
535249
95394
-2115454
-1489730
-660249
-1431999
966407
-680125
-6765376
-429652
-4111376
3050437
991152
-467212
-4472725
-1267737
4050973
-1278849
1333470
215101
-2164175
25637
396008
-269153
1630741
-2248781
2196478
-1428569
-7963895
-5630640
3162870
2280175
-5022616
-797343
513343
-1637363
2195973
-4805909
578700
-191097
-1071185
4265096
180626
-3152566
5665376
-6123678
110165
4588775
-157430
-504010
-3727345
-1275923
-6133910
-3441436
-86409
-2901881
-1254658
-2502856
-1300214
1139154
44588
-5166945
-2825271
-4753976
-3642930
-1695393
-3338366
1949673
1527069
1412305
879502
-4260160
-3399823
-766673
-4528078
-6047184
-6683171
-134833
6161161
2463221
-1204999
-3849901
2442580
6234226
-1530593
4281059
-3341475
1095683
2074887
2269390
3890152
-4946453
3394573
-5068654
-318264
-2054942
-2831565
-3696250
2287242
-3363221
-7045920
-300004
-3130323
1749869
-1681446
-956209
1270709
-245008
5472250
-2369378
-8920639
-2558271
3491728
3208667
-2836224
-926054
-1415659
-1420871
-3567083
-3360325
-495644
-4960765
-837997
3009823
487978
-2959353
-4555112
2421655
-4214364
3041534
-8077820
-1010409
2550896
783666
-1473993
-276291
-4267807
-3505109
-5221391
369182
1355635
-2476224
1009915
891402
-3438866
-3600579
-2206406
-302047
-3033970
-788743
-3333171
-3294860
-269140
-1942563
-4412499
-1138331
-1651563
-522647
4307209
-3864589
-7627845
3672825
3912651
-2284906
-3790330
-4543095
-1854942
1056806
2134815
2453612
5732863
1083055
695400
2507547
2973247
-2565411
4022104
-3113846
-4232392
-378582
2219091
8123748
-9021595
-8598802
-1779735
402678
2530115
1760819
213882
1348378
4626677
187250
2244154
2211030
2203550
-1757739
-4884739
-2973462
-5352
-64400
5537074
-2677052
-3915997
-306840
63505
-5409824
1838984
-2538306
-4322390
-4990819
-2110336
1783708
5110690
-2688269
1993601
4901321
8894325
-1940766
446061
-3143264
-5484702
-13722
481617
-3537038
-4339685
4330332
-1241931
-1574887
2636818
-5043121
-4045017
5152069
51915
-8658398
711476
1155391
-7243173
3835779
4098735
-1587238
-911522
309300
5690114
-2977571
1587437
-5273546
-4485330
-1214992
4784499
663349
-4325464
152235
1648702
-3889597
3686069
-230961
-4864355
-4521337
2641147
2307541
3182868
1600088
1445329
-332543
150640
4455649
-4110036
4011372
-2894164
885355
-5682387
-1354232
443119
-1438852
641858
-86312
-4069105
-1533840
-3062387
-3417330
-2644739
-307337
2973030
5707961
6034716
-7553048
7793519
-3513835
-8165113
-3028397
-5183099
-7423483
-1038107
-4627362
941186
-2791851
-6718825
3603168
2821611
-2693549
-1700448
-1719840
1658447
1323992
-1011079
-5349455
751555
-3487394
-123292
-3667707
-2073476
243601
7150201
3682576
1294545
-568402
-6291236
-1741053
8110477
4492340
5314949
-5406461
-5551651
1112695
-1912292
6114196
-2139515
-2732344
-2212774
-4558688
1177044
280357
-5614852
2008523
305903
2924905
-5400977
-1476683
195405
-3350975
-1915289
-5897688
-1365158
-3049006
-2880707
1901597
2088716
2855377
-563820
-1192022
-4913821
1316900
-3746291
3619854
-592109
-1844725
-2291486
-1891334
4250402
339269
-642391
2197349
-4705043
-8038688
2838478
-5438640
-684406
-1391364
3236089
2236459
-584906
-663371
-4055750
2862922
1002357
-667116
-1366561
1619
-4327604
-1923077
1195674
-5660908
-2470766
872397
-491148
-4218702
-1796768
8311329
6896379
-7436508
1449436
-2692807
-8337050
-2615913
-4562498
-4875736
-2808402
469587
-1217081
-5518172
-5108175
1490546
1262601
-3721761
-1692199
-2653898
4917036
2602410
5837492
-685954
98953
-285772
-5002076
-5156983
1364187
-4452965
-1982573
208571
1215074
-3421886
-869756
-4648702
4081236
4890847
5273215
-3691984
4974490
-1697385
-499998
-6862683
-2754185
2313033
-1477893
3365328
1257603
789347
5574872
2304904
1181526
471524
-1093031
-5740726
-4922386
-2059675
401051
-2927375
-597878
701491
-102751
-9532119
-1827427
5657148
-1307333
-2073405
2637970
5953981
-3413858
-8534985
-362074
4202870
1291162
665141
2391141
467509
-2683513
2810606
-2955513
-9339
-2169825
-3348518
-1908448
-6918323
-1942713
-923027
-277718
1720441
2383557
295794
37651
-3159183
988766
2078563
2718872
-4445161
-2484004
-1523531
-1115121
1034874
-5264341
-6159158
3146464
-5519560
-100755
4067702
-1590929
8218146
887125
-243116
-3369031
2392966
-7051141
2768222
-4205599
510906
-4217424
1285958
-4895769
-805272
-4073150
-2098286
3800022
-3168880
-4183625
3883734
-7430376
-2912517
-2824203
-2479988
-2143177
1714818
1147117
1016317
-2840009
3935639
-1408322
-5723378
-6195404
3932764
981803
-1074471
-1286311
-7919375
-2338616
1582269
5806884
-2648487
-5227224
1696614
-2231049
2393051
-199716
-1024898
-7891559
-7461550
1715805
2838331
-1580296
1001173
1925941
-2204769
-5774037
-7076470
549645
-6558748
-2184779
-2225628
-497437
-4543276
1417368
2175701
-3430661
-2043826
-663647
-2047032
4110303
2535683
-2398577
2164524
5950608
-3015949
-6714570
-2345075
804389
-716101
6672125
-1920706
2230662
-82092
-1466292
-513388
-1339405
2136303
4301908
-1117670
2743182
2542397
-4324329
6548632
-5192033
1022063
314415
-4466531
-3192145
2824451
-7131314
-995551
-5675498
4850348
6177703
-2200757
2239990
-3558028
7550240
-2455724
-3168155
-4668260
920417
300594
-3409241
310191
-4958212
-5230751
-3950886
-2179796
1288623
-3037538
3946627
-2464958
-6688184
1760844
-1785404
3431961
-402795
-6331060
-2139650
-6128974
1959627
636742
-1657972
1020072
298851
-7058352
1153264
-3303482
2774388
1015801
1793693
3430482
1050979
-1570737
-3670875
-4885844
5335295
1136813
-683466
-3755679
-1669583
-5185584
-1548033
-1190279
-238723
-2580608
-1283829
3707726
-4739155
-2677063
-1593030
-4312190
-1234685
-5229863
-1999277
6325564
6401639
661591
-2105038
1874686
464002
4271374
454511
-348792
-2653904
1395269
-2954266
373917
-4554773
100550
1088932
-6403001
6759137
-3560774
-3714781
3015191
-3381055
3979263
-1521203
-2584581
1391498
2520135
4408274
95400
3879861
5075252
-1765541
-1300064
6222359
-5008037
3963429
-2183502
3806841
-1545849
-4393668
-6814555
-3596888
5452294
961304
-2718725
-3873163
-1377006
-5099832
1034601
5420058
-7800587
-1616941
-3191506
-1620667
-98959
-4073130
-2671470
-7439381
1743639
-3437948
-399671
709272
3455841
-1785704
-1203510
-1401632
-7672665
212669
5749144
7639056
-747415
-5667955
446772
737227
-4713322
6716810
-4704020
-2592578
-658876
-2248079
-5299434
854624
-554961
4633303
-2376354
-4147052
-2058679
-4748258
-91775
3452642
-2339842
-880716
-2037519
-6475956
-5247424
-2453672
2918644
6187542
-612657
-3418637
-1422941
241885
-3580718
2233779
-3213823
3804592
-5600408
2476892
-1500684
2373455
-3049500
6230242
-171547
2416960
1116712
2323318
-3637268
-1891905
3233351
1918069
4420610
935444
1263975
-1286975
6391298
-1250256
-2997046
-1373587
618925
3949826
5035699
7981176
8609435
-960501
-524653
-1481469
-4204699
-159648
3116651
-5608597
2445298
-2341693
-4350717
4490293
119307
-488909
-1310231
4102011
-6159606
-4289328
-3736336
-4588784
7041027
-4081406
-5611837
429918
-4101169
2173999
-3629082
4080026
-4314006
-1267589
-5959510
49691
1553771
-1329934
-5439740
-4970091
-702935
-1310635
-2436794
-807035
6703664
-1172582
-1090764
-371546
-8815249
1075045
7323584
1752434
2471279
-1266478
2113566
-2798880
3958425
7955246
-4808256
1027972
-1126007
5320212
-3354892
3390225
6044113
-2773798
-3808355
-3633764
-2332394
-3169944
-251166
-3572743
-8091254
-4457807
4888087
118192
-1804733
4419225
-5486231
-1006451
-4086679
2438101
-1029396
2448854
-6749456
-993973
-2507620
-1606331
1847651
976187
8471999
9382555
-5434095
-1414491
3940034
-5200247
-917224
-3402463
738400
5501459
3319127
-1069665
-3137054
677898
2354404
-2655680
6230279
-2390134
-1017836
-4198115
-624690
-1513258
5059498
-510871
-4548126
-6712243
-4111966
345530
-5075439
1714951
1618297
2043973
-1050487
6731596
3196079
8695513
-4431131
-1432301
-1051834
-2608961
-3615841
4510783
-1257141
-6757904
-2664365
-1076271
810822
-3870823
-4425512
-509953
-7051873
-195496
-4734777
-1361893
63653
7762744
7590589
389298
-2415969
-4022691
4109362
4165188
-278226
3599013
-2836572
-5821361
-1784480
-1954217
3294743
-194471
-1117548
1322488
-1522147
-4655681
-1939758
-236848
-357662
-233799
-38100
-3629338
1838135
-4595121
-3346624
5547165
-2038923
-677178
299990
-1842277
-5097169
-3721389
-590069
-5756231
-2894271
-3456888
-3730462
-15411
-3402363
-183201
320141
6735805
799176
3920862
-2743903
1852904
-6722259
-264157
-1974003
1049044
-4302455
4908562
-753928
-266412
-303174
-3726965
-3510769
7714130
7661959
-3952944
-89057
4457493
-1863133
-7878436
1860449
6073816
5773640
1189232
-3837211
-2267823
-592649
3736232
-3059257
718366
-1212395
4149972
-486216
3168808
-1276881
-156170
1523052
-5968744
-656424
5207406
-731882
1714755
-4793699
-436889
-2409579
-2375316
-2696121
4074502
-2377850
1517104
-2564605
216990
-2848229
-6781716
4308247
1367446
-1159039
-3464030
-2637653
1604200
3156649
187721
-1450501
1472350
-5277956
7105911
-6791885
969357
-2159073
2190290
3907853
4885575
1987233
-1035907
-3343564
-2577430
-5647554
535157
2257516
-213635
-5435718
-2119257
-2397721
-3892013
2597647
5552294
3275346
945795
-447101
6036921
2402820
-843242
-3390454
3414625
-3919916
-1531153
-213141
-2234824
3585749
6128373
6111342
1598217
824081
-2837865
-2385201
4710710
-5620816
-5312127
-3942469
550328
2204209
-2789648
-5498246
-3726417
-6189592
695429
-2902393
-5913351
4237207
-6579959
1179785
-2414289
-5144449
-4330933
-970285
-2570341
-6343028
1490778
834022
-1845415
-35815
2251639
-2212823
22309
-4778207
-2486810
-2376959
2293379
5715295
-5916280
-1115246
2585472
-2341843
-2169954
-4320316
2399802
-1986342
-3879662
2346379
-2528792
-3581101
1341352
-5365300
-1760435
-2631276
-1189074
2066921
-648897
24116
14909
-3437211
126115
2598439
-5577575
6236684
-1948801
-3343431
415577
-4582391
759673
-136563
-4553647
-337814
2697124
-4194597
-2061683
2293342
1812772
-78952
-355063
-3190646
-2964297
-1414001
-879406
-1832348
-283832
-3564801
2891971
995006
-2336872
5417792
-1520186
3031974
-4461935
4478789
9507465
2576164
-1321763
-6979398
-1206291
-2714189
1296363
-999619
-1392822
1715941
2938026
4681705
-4740564
-4584745
5366945
-5955424
486632
1655756
1178938
7117675
-1526487
1005710
-2443524
-2921501
-5530537
2102536
456500
3861826
-4136215
-1070739
-391276
881131
-2198092
-156068
-1089584
575964
3012049
-6961448
-1735125
-4392548
-5518566
-3479208
-5705116
-40489
-2291927
2529483
-90524
-4481425
-5311484
-2701776
-3999600
3418947
255792
-1044458
-4156581
-1523406
-525207
-979273
-4680182
-1727334
-2292340
2106517
-9031979
-513029
-1303666
-2107222
-2051643
-3073912
-618485
-2724890
-258905
838807
-612914
4564688
-4422710
-3384626
3364537
-3036066
-2138471
-3347893
-5822011
-1180436
-3674692
1773566
-379903
-2102246
-2525784
-4034843
-2626126
-3697710
1004948
-3532651
2126413
-4012946
-4092133
2503312
-3191759
2442132
-3366090
-2020732
-5855143
5303692
-811872
-2359570
-7457043
-1308044
121418
-3310115
2889241
-707818
-3568574
-2094478
-2286480
2102048
-1836490
-4223735
-3567996
2698445
-1212185
-1061754
-5994081
-4280090
-2746437
-281318
2545984
-4929239
2446651
-1254764
347113
1906358
5808811
4348164
4615931
3047006
-744029
-3745147
-1033137
7098742
-1394232
-2222609
-510904
-647302
2581543
-606553
1503142
753955
-1230734
-4172136
3971125
-2347285
-3878448
-1779652
-480277
-2381759
-404381
-2593289
-3825868
-3222040
-3388611
2014736
-214969
2185412
1341263
-750320
-6148317
-4131787
-738307
-4994369
-1964172
-354500
-8241726
-4378169
-3299683
7247682
-4211922
4717364
1909405
-1780645
1957464
362985
375129
-2181204
-3815786
-1708511
5326662
1105501
-2798774
-2556935
-397060
2735647
-612901
102074
-310794
-4793891
-1510237
3592089
3668326
-1679774
1239168
-1473971
778683
-1003139
-3112537
6858397
-4055094
1779259
-5923902
-270330
1449623
-5585139
6274598
-3103965
300866
-5912248
758839
-2834152
-533796
-3022941
-2585758
3831807
-3290708
3578315
270491
-9701186
-3187921
-3300877
2769640
2075514
-2483369
10714495
-377783
-1108763
5400430
3835031
-5223688
-5266041
-898821
888436
3998965
-3916066
-1849841
-1914924
1897771
3321858
1865621
-4515512
-3829397
-5007720
-1893861
-132687
-4210904
909887
-3700369
3511282
1903645
-2931919
763520
8244460
4653755
2460686
5301325
2637046
659374
-298549
4602083
5971954
-1656878
-1672899
3125895
9353389
2220478
6841528
-877334
-138332
-2397477
-5553169
-588572
-4427980
-5688058
170326
-1295939
4591191
-376296
8924491
863218
-2268935
-6556617
-2779432
-2304956
-5081659
-2144624
-1340796
-3479637
-4748191
1884084
5074406
-6913486
713289
-5082281
4407719
-3609222
-2441612
-2480392
3047731
604047
-1248142
-272967
-1517875
-1845814
-1562293
-7064479
188491
1440759
-1328548
6056776
812906
-2041678
541500
-8878699
-7178798
-878456
-4569083
-2229962
-232803
-388051
-3512437
-578508
-3717471
3129151
-7335470
-3345039
-954553
2706947
-4983079
2809580
-1163762
-3971541
2941163
457111
3790940
2951870
3207196
-1539382
215954
-4560040
2313123
-1773239
-6816636
1836654
717984
2606288
-7127021
939460
1699765
-2292021
-3829248
-4595960
1474410
3992230
-2871584
-1298354
-2203987
-1902232
4534076
-3949480
487950
-2842212
-4090162
-6385650
-3049265
-1642932
-5442875
-6464473
-3833380
-4619138
67629
1733799
6397580
-544049
6772209
-360447
254063
-2829789
1688028
3500316
-1842225
-2205371
4563968
-3856040
-838641
713025
197591
-2075345
-7938807
-2286761
-4372691
-266111
-2038509
-738656
-516718
5472814
6631794
3275541
-3254637
-4338080
-3267853
238123
-3759369
-8946402
-4163469
3544393
1887728
5413628
-1444314
7073504
-5994228
-669556
-1069603
-1795367
-2121330
70366
5152115
-1600361
4127559
8197625
5069225
4069631
2016631
-822655
2292897
2908586
-93542
-5235086
-3628088
-3849586
4770423
599188
-4489632
5695804
-1556824
3946247
-1736465
225408
112835
2773676
4801478
-1174856
-1943127
1901675
-5988113
-4975748
6018351
8303908
4545811
935334
-2955502
4818025
-3147029
-4252664
-996229
1842991
-2858685
-1714027
4838543
3459600
-752272
-6598958
-2927302
-2042097
3019063
-4465174
265828
-3287203
-5772637
-1586641
-3284737
-4077987
3202087
2882719
-1292360
3870623
-4720712
-2277384
4835145
-2010996
-1777182
-414703
-874015
2873022
-1331348
-3818428
2610349
-6271148
4686945
460248
498988
-5403462
-4912837
-4647361
-3723914
5179006
772315
5062421
318441
3044882
-4316735
-4943075
-2611497
-6752000
994768
2018866
5670844
181445
-6164023
-2721316
3076338
-8078634
-2731630
-1916774
-2757708
3568735
-852087
2998778
-934418
-537134
4233217
-2534804
3556093
-4876734
-2751798
-7820297
897712
-39687
18968
2284485
2721801
-765770
1775835
1781535
-1489600
-1108749
2275382
1326939
-1911788
-1969403
6848489
-5480326
1870233
-1186768
-2342489
-1562123
-2750370
4659012
4106834
-1482131
-3839014
-1165063
-2074396
-479096
-4783190
-1515760
2828373
-1705059
-3645927
1197360
-1076698
-3444883
-396142
-4878242
5077094
-525424
7520394
1665939
-489206
147180
-2883996
-7660498
3502156
169133
2885304
2927466
-484046
-6529285
-2243907
26078
1150352
-5353587
-166286
-4691984
168787
-3169328
1587393
2112405
-855117
-7537993
-1533727
-3171870
-4455403
5209288
-3802044
64759
1437857
-1604351
2773867
-403888
-1893434
-4153514
-1559640
-743510
1539258
6154895
-6502125
-2046207
-679304
-2139874
-2017318
-4955153
-443549
8021261
3448929
-1430107
-1386089
-3820517
3907082
667254
6057509
-2275733
4975023
-5291616
740915
-1650127
-4578184
-5943951
-1447202
-215116
-2792298
924144
2238582
-463690
-1304334
1593941
909940
-4604684
-5572413
7359061
672032
4459234
365576
404318
-2932254
292604
3073906
-5745839
2775077
739255
1580994
949005
171521
-3512238
2114616
825795
3038438
-1639728
-310777
-2193566
-2984729
-4650443
-391159
-905544
-2676730
-840829
1050978
-4791158
417055
1763826
-3923560
2709916
-5380521
3749658
-466728
-1265495
3569125
-2019295
-2480370
-1007977
-309721
-2648804
-7207372
-1739458
-3527507
-7176890
-3820990
-2931422
462156
717173
-861271
-4650888
5921215
1534535
-552604
4690229
299266
-3409608
3622728
-124293
266804
-5169836
4542433
-1744279
-5709090
-3244322
-4677738
87226
128890
-2941467
-2922386
-3246845
-5675864
-1038409
-619259
-2708615
2929002
-3944065
604676
1383476
-5704627
3536542
-1763615
-1750038
2648567
2379048
-3046236
5223983
-4685036
-4305887
1725961
-877730
138624
1533927
-6385210
-2473762
3279178
-5975459
-1220709
-610171
-1727425
-4950611
1427371
-5266010
377056
1602779
3205477
3497927
5619021
3111375
1990598
-1869590
1276740
-2873916
-7062028
-4274948
1325564
-4650797
-2626497
-3336893
-3232427
-4514162
3105405
-4983201
-3301323
-1697272
1399851
144717
3274965
-4257526
1574955
-4422358
5289431
-1254206
2909790
-5542207
1715191
892990
1407891
219670
-1805186
-4302973
-3290754
802932
-2644967
-223718
-2979642
1079116
1352009
-3139298
-2092985
505653
1875944
408953
-1573998
5715881
325274
558118
-4051532
603335
3231072
-3046542
-7217511
366048
-6359513
-471665
-166743
5371266
1601538
-6718186
1636699
483853
-3305864
-3185222
6053091
-3258732
3557828
3787096
2835759
145866
-2209977
-2191742
-244896
852238
-817135
-3074356
4386985
-2113526
916176
-1862258
-1430634
1731398
-4322029
3538033
-412223
5634319
-1586350
-6294560
7677910
5281204
-3672505
2597470
-392627
5139500
-1153976
231077
-356125
4033979
-2342778
3437517
-3112524
4967309
119569
3032065
2038881
-1850414
-5690070
-88100
1205373
-3090162
-4059038
-3733684
3665239
-2086132
-3399896
31996
-535486
-5849197
-2604786
-1603568
6769376
2878615
-2447367
-5651700
296492
-2137756
6046498
561318
-4249221
-2475791
-8107410
-3712910
-1744335
6190557
3315999
5282225
-6468760
264936
472557
4495627
-228422
-2673573
-2005069
1031519
-789259
-659873
-6360677
-3012181
6547837
5184435
-3279071
-1925736
-4058948
244789
734506
-838076
-2201164
2189692
-1861583
484095
-6290245
-1670821
-2760767
-4391699
-5235038
-4876540
182558
-1153879
288952
-3063396
677682
-113560
341681
4992019
4056935
-1841261
-2998516
979823
-1408779
380438
2140300
-5039155
-1159521
7266130
-3632763
7032170
-3695658
-1344466
-1428301
-2976377
-7452094
-2985109
2455942
-2555630
-2998309
-359995
-3772314
878843
-2515012
-2561418
-2549300
-775756
3186623
2612646
-1181085
2241382
-3401186
-812512
-1974425
-3482189
-1796425
1800923
2736106
-197332
-1715590
-278843
-949523
2649281
-3909908
-3321565
-1791657
-1095764
-2410139
3570064
-1230094
534132
3132649
223475
-3962622
-1738575
67612
-1770209
-8293979
-2731001
-3926816
2769214
-6460895
-2785293
-907600
-3450310
-7028945
-796460
-3354482
3917054
-1070472
1473680
-4064667
-5818545
706101
5044058
-639453
3712068
-4001109
-1715589
1503935
132078
670097
-2096073
-3433307
-2747692
4156976
-1496108
-274031
-2542771
-3654126
-6904442
684771
4274545
-1988607
2846267
-652050
3841706
-3039758
9780715
2176980
-578373
1723469
2713018
-4472188
-1774245
-758271
-5413096
3641800
2442183
396518
-1837668
-583402
203956
4224795
-3562609
-1719500
-6828172
5096290
330646
4168577
65259
-4874465
-2061134
-840067
832974
-2302423
-2140317
-4819633
2162847
-6780999
-4733968
3231562
-7710006
2856087
714810
-5514865
-2209335
2010514
-2765320
-1319083
-2980100
-350371
-903601
5796101
-531604
-317196
-7786939
2000589
-1907747
35291
6711272
3894964
-7704998
2929108
3863113
-7727984
3343906
-7233678
432661
-3919301
-2397762
-3478381
-279657
-4595310
-2056465
-3829750
-7348032
2581991
-3465342
-178461
-2494301
1169235
4228759
-3283584
83693
2154701
-83378
-4550261
-2408731
-865025
-4910689
2945038
-4320799
1167391
-4731675
-1172001
-1183778
-1974478
-3394381
-4392285
-6338031
4060819
-2978548
-514233
4987820
-2126777
835748
-6375231
-2445996
883962
1355316
7420219
-6262554
-540698
-1581418
5858623
-2136685
609820
-4030589
430296
-3746350
-4491239
-3086771
5686706
756970
-461722
248640
-51640
-2833884
-5695694
-1450391
-4344156
3757150
-116954
-1468590
2136808
-5047917
-5042927
-5385996
3055393
-2469023
-4653345
4668439
3177537
1380752
-383207
-4052461
5884422
-3422564
-1463243
8135845
1714025
3957826
-5481431
-1218465
-942338
2363269
-1839286
3047744
-412936
-1698804
1288804
410307
-10840
3494135
-3610347
-4807749
-3464634
-691926
-151908
2690912
-1974032
-4544759
-9080593
3278957
-2759558
4791348
-1363382
-3291402
-5979585
-1618775
1095490
4280411
3110956
3072739
5595012
1753062
-2494608
1586686
-1953643
-1196473
216613
5428959
7290600
-1192756
4928296
-6767508
-3625354
-243275
-6287806
-246500
-4023992
-5973809
-698840
6425949
-2769230
-5573009
2514666
-1963803
4059238
-1840620
2746961
8861707
-3124417
-638411
-1347488
-3323365
2848635
347398
-4553554
2705498
4432778
-4153482
4751745
-663024
-2249708
-1888855
5379280
-3069562
-9321418
-204467
-3839075
4763812
2878768
2736600
1097075
-1144703
-3151931
-2171568
42234
-3551284
6109148
1288613
-3085621
425920
-3879034
-6251291
-2138734
875000
-3537954
2317193
979857
4493616
145694
-1921794
3661902
-282141
2982612
748584
-1880203
-3767866
428643
57055
-958738
-6369426
-365175
-1812395
4670509
-56879
2048798
-3010428
-4745198
-638109
-6733302
-488691
-6976812
760106
-6012766
-2960534
4010356
-2132219
-2097484
347428
-3139844
-132585
-4096871
534307
-998022
-3769506
-1815471
2813350
-570767
106874
-2037573
1456272
705707
4442414
-2449181
5300777
-5972427
3962499
-3256497
700551
842739
2760870
5569664
-5053347
5457830
3316420
1149083
34162
-5549568
-1959241
3904323
1030996
3422828
1886977
4006537
-2641130
-1009059
-4677170
3612441
2347288
5152516
-161351
3694607
1094441
1196338
3585775
847216
12931
-5361967
7174777
8734949
925903
-1351834
4313030
-708991
-534360
457360
-8316154
-668745
-2325820
-1834372
-2750174
-4437387
1376863
-4944885
-2761891
-1677680
3116135
-1997669
-214731
17496
2116920
-323517
304359
-322453
-7590948
1923563
-1352884
-2376971
254344
4767432
-308550
-5461338
-2649487
-2451906
424756
-5046004
5304481
-4363839
-2617680
-4218104
-1570349
3171167
-1282993
-2904022
-3217041
-3821103
4787113
-305407
-1576985
-4172110
5276117
-897032
-2406280
2607348
-1469498
-4138867
-4625501
-2243612
-1853807
2630381
-216960
-3536960
-976236
-5247168
-3357295
-4289616
-3598694
351650
-3615859
-93661
3140446
955137
6847254
-4131268
8538478
4064221
2634946
-1046451
-4145851
-1818482
-1513876
-4522570
-2898053
-1287673
-3385929
2794147
282532
-3405510
3083929
2802902
-35012
1337097
-2225477
6674659
-3010969
7401515
-5006860
-394563
3752367
1086936
-692059
-8662706
-3039039
1144598
-7102263
2550208
782356
-8542830
2869801
-2866608
-313791
-2193693
1428741
83231
2518956
2591302
4733884
-6673915
6929329
-291134
-96989
-3129273
32428
-745158
-6348189
1840465
296444
-472713
-3425433
-1260663
-719978
-1784379
-5008679
-3426632
-1625708
-3574233
-3001648
-412517
-4760439
1848112
-4387885
3172650
-3169897
-3270948
-3889538
2380527
3015522
-1885923
-277583
221035
-389653
659915
3287793
-43252
-2654486
-51253
-6568984
-222184
1484208
-7308551
-1057219
3296455
3434166
-5169789
-2557102
1076812
-4247071
2554719
4645202
3382354
5615127
-5225451
-5625840
-1957983
-594774
-3925991
-4601237
-3623155
-4374955
1254896
96457
5041334
3479230
-2868634
1447120
1389835
-1929876
-4364941
-3566231
920820
913066
-1763669
-2426500
768795
3580888
4257050
-2963255
7176387
-1070510
-143016
-1652001
-2297420
-1042424
1685522
-1916212
3316377
-5765523
-3833183
-4353041
4064649
1004274
-426338
712217
1076809
-1057828
2096871
-4623417
-3293813
-6599318
897151
4473989
-1090545
3425254
-2093619
-5097770
-1101665
-244322
2908330
-3535962
2663949
1347958
3051
-119020
-569590
-4493195
-4662911
-1990426
-2579669
1310050
4603933
-3416163
-2415851
943811
-3393804
-5151580
-3122481
3114337
1212101
-2257503
1877032
369153
5927262
-943888
-4122558
41234
-2138106
-5852114
4463631
2518091
2257193
-840122
-1586405
-3834729
5792984
679871
5190254
-2471768
3689982
-1954911
6146746
-51955
6294595
-3098860
5485552
2400552
-4954991
-148246
-3236075
2673822
1609533
-3028940
-1900921
-2498498
-5844115
-6511233
-2648163
-1603668
1684306
9186613
-4610561
-1832811
-2511349
293668
-2258994
-1654530
-694301
-1295318
-3487959
-750887
-1014672
-537691
-2255858
973115
-2006755
-6573606
-3209790
-7765489
-2013319
639856
6197189
-178212
-2752704
-2290047
-7915588
-1841951
2570298
-863860
538026
-1305889
-4014506
-5755485
-257969
2675168
-2457647
-3897216
1918553
-1974368
2853711
6521031
6746430
2248437
-4273929
-852575
-8154479
-3139371
-684526
6312048
-6583854
1638189
3354303
1246832
3815189
-3989519
2142551
-1321877
-2427083
6482886
-1760737
-2324917
413732
-6842258
-4563307
-1822566
352843
-2586038
3267243
2494331
-4189266
-1577032
316273
-6258520
-6276730
3027140
6425004
3297393
5207262
-7336612
1287807
5469301
3868221
2608437
3748685
43970
-1288100
-1472338
-2196352
-4209699
-2717911
1534835
-5581034
-1904915
914811
54832
2529596
-1203928
-65250
-941716
5302232
745283
5946328
1195364
2642113
-3475687
-3905968
-2125625
7025518
-1437232
-1191026
-1632858
4334250
5517999
6532760
-2342266
-4718383
-2438722
-5051161
3821281
4362621
-7490594
1201757
1734048
-5366113
1066523
-3342483
4506606
1711587
1728289
-2411330
-1371138
-1810859
-2575262
-7226847
-3211941
-5019885
3295332
-1910893
-2843519
-1750871
4196301
-2545405
333754
5440030
367558
-1442623
-2952617
-2376088
-431625
619866
-6313408
424194
2703081
-6907183
-327457
4320842
6157874
3429507
4346511
-6542457
354769
-6594191
-5100276
-1491547
2334191
8034827
481070
-2967860
-1306194
6843251
-3664979
3023691
-2328698
-5443929
-5842176
349621
4970207
-4526048
-882952
18588
-2636956
4724889
4938193
-2068309
778051
-4805186
-2445467
2741040
528613
-2835059
462674
7685509
7295281
-3492895
2129215
4074749
-1433427
-719944
-5152897
-2488058
-4187095
-4941966
1119823
-184688
-2008856
780262
-2328445
-2858678
5452696
1127447
-1231877
412831
7190391
995957
-2505315
-5582842
-5883360
-2652002
-1614161
-2240442
2609347
-495241
885094
-3398664
-4178601
-1252494
-2430979
-763874
-3001434
5316405
-5277343
6169507
-2030828
-490876
886573
-46487
-1832360
-3998846
-1935181
4659305
-533214
-877495
-3453257
-1675285
4652
-6522626
-1269006
-2415691
-1244371
1728714
-3066037
-5154856
-1992087
-1981935
-3015048
-1085871
-1888533
-1684893
51284
-687231
-1596401
-4046096
1856283
511112
5236736
4011894
-4221123
-6916154
2549724
1960488
-2389850
-2107027
-4540057
-3633232
-357667
-6017849
-3016363
7126043
6795141
1851481
-2582910
6488106
294101
-1427656
2492586
1830121
-8235329
1720588
-2062077
-1962501
442599
8386
878343
-1841664
793882
3495709
5248600
-5908175
-102908
-83615
-3956102
-3948306
-4655945
-1691028
1611576
9291525
-666320
-258701
2330122
-938748
-6888637
7872571
3551479
-2365356
-7358250
-4634090
-585602
-1297261
3137815
-1501031
1606500
-7399815
-2992430
-2867396
-5726270
692633
1587916
-6392853
6837679
4334534
-5152224
2995975
-4420159
309769
5244937
-451090
-1945183
-1706143
-2965879
-4076970
-878969
419797
204769
4047863
1877962
957176
-338777
1034453
-7016541
3167870
-1830329
-1335681
-3533904
8786123
3397177
1512461
-2514578
1161970
-6163016
-548933
-8100216
2643112
-760121
-4860037
-2912492
-1914908
-2199965
-2204030
-1996442
-1864372
-18238
7083699
-3450662
-6602217
-3414619
-27473
-2102942
-4961894
-2118139
-732632
2671896
-63151
-1156415
-3841622
2529766
-1632808
-4986102
1419602
2478568
2566116
-3452625
-4668929
-850845
3292610
4332984
-2191395
-431520
4179638
1265516
-2089974
2612685
-4888952
5184047
-4092575
-157014
-5454074
-3793045
4862741
-2760906
954594
-1211312
-4780614
1912106
-3193552
-1596849
-1735231
-4084738
-6675919
-5258697
-501065
-4360357
2545819
-254998
-1843591
6369644
-1286696
-255364
4979249
-1062542
-722360
-1105449
-2071186
-2241270
1933324
-4431347
1548846
4792944
-22451
-3131350
2352704
6847981
-4203426
1686229
357836
-3609808
1047019
474988
-7146449
-6883830
4146452
-379871
-3639546
3714829
1613576
1103362
-2332803
187737
-8413790
-1377499
-712879
-1365011
-3014249
-1113470
-1448707
-1807318
4242657
447527
3948840
-82909
1876393
-1614219
-9723013
4351346
-5389588
-3224788
-159634
3043043
-2848003
1899141
-2249435
1358084
-4113366
-903470
-1805700
-2369056
111159
428613
8772374
-523102
-3942467
243997
-1476018
4378669
-5849711
-965634
-4704000
-6288240
19095
-4943065
-2109715
-1596860
2551807
3804695
15461
1877038
-2420316
-252030
-8162148
-2558933
-510611
3099029
5367323
-880242
-1024009
-147447
-6104261
-4865377
-3997345
-3610273
-1048603
-4894386
-1257408
-694404
-4207236
769346
-2122613
-437239
-3838943
-44642
-6684183
-1334654
1928910
-4543878
-432420
-2602706
1454073
-3952623
-968443
-403867
-3208782
-3537028
-338850
800453
-1667925
-2033119
-1127800
-492279
644035
327121
1641262
731090
2653258
3414087
-1317730
-2307005
-4251896
-3936058
-2289428
-4037894
3430095
2007171
-3917503
-2150815
-2373403
-2849648
-84631
-4173082
651841
-647632
-305792
-9357068
294269
-4663422
4413831
6034018
146551
-5536339
-6786338
3776497
-8094005
-546077
-1203904
-809901
4086057
-7516042
-4739676
172609
2395781
-690586
42778
-3781825
-1880498
-1517607
-2243204
-1547641
-208303
2894657
4270858
-2405188
-800020
4338614
-2448882
-5347698
-7320477
-1580494
-492561
1188256
1131265
1908172
-7306556
3796157
-790030
-3110316
-3736621
2931522
-1451015
5568769
-2781637
1142807
-3761869
3213791
167206
-2748635
1055543
-1116386
-7689121
452684
1584546
-5004714
5364254
-2767505
346439
-1287057
1885779
2993579
3502564
-2223019
4345237
-4159956
211441
1608514
-5832332
6435892
635643
1323289
-3821311
-5317466
-5555320
-127227
5102973
-499598
-5571676
1802886
-6016030
-259376
-2336968
-1819183
-7334410
2777016
-4437750
2054208
31930
1331914
5260052
-1460350
-3673092
-3153938
3389872
-1076339
5968056
2438166
-1410311
-913903
-5768681
-4012559
-2635614
-3437404
5224068
-2500810
-3890573
-7297521
4629760
-1649837
88823
-4741005
-5371389
-6854006
-4526802
-784612
3218802
-6894222
3474391
6499181
-1250074
2020193
-1852684
-4124713
-7049722
-7387852
-1911643
-1054699
804123
4266229
-4400488
5609253
4155459
-4248352
-1933642
-742178
1174924
1110068
398645
2890736
172499
464296
938477
1133070
-3420540
-234365
-1690817
2850865
-4497606
-4473648
-244962
-1159193
-3562145
3059010
-3330835
-204656
-2174513
-5138259
5077148
-687352
-4202436
-3248381
-4873763
-1123021
4881964
-4001596
-3070875
9192
-462463
5650307
4178262
4235555
-2340311
-5699278
-3652659
-4517584
-4684337
-3374781
-5059625
-5312446
1703149
-4020965
4432920
-1579570
-542966
2664730
181917
-2980397
8967364
-991725
-3282095
1828172
-6393184
-4222963
-3695981
935817
5163448
-6857524
-1312934
-867165
-2901146
4156862
-432120
-7478674
1141169
-1979519
-4019201
129998
-3678694
-242886
1070720
4484358
-7485640
4807442
1799482
-3787325
-4765814
-2955142
-680142
4437597
-3551254
3230612
4351124
2185159
-3292580
1807318
-2570758
658249
3330649
-2917733
4832347
-2517767
-2394195
2622708
-495880
-2061280
-5082209
1129544
-344933
-3852152
-2001801
-130767
-1049026
-1784077
-1209605
-5737791
6885432
-2375336
656780
-1311697
1959133
-5762688
-1334428
-1298971
1767036
-3662560
5791341
438646
-288755
-1569968
-135795
-2373577
-3131419
-6814566
-1695852
-869709
173592
-1943445
-216772
-2716227
-2106835
2616355
-487111
4690616
4752963
429993
5489739
1030055
-8385425
-3777170
-211661
1854936
5816350
-2718817
-5370764
694151
-1285231
79103
-1916406
-2629315
-1316238
-5323288
-1034774
-155837
5475691
-3919999
-4282713
-2386254
5713009
781912
-1195344
-431893
-2334691
-3297072
4878974
7931238
2031357
7723970
-4281065
-1365533
-2731679
-3211998
3462404
1803455
-773655
-1559013
998333
151974
-4170765
-4796689
991576
1203228
-4453922
-7527683
4045628
-302503
-1310176
-3871804
-230765
3553119
-628879
-5354183
-2099786
-3527544
4011089
-603871
-1868427
8779324
-276959
1016410
795860
1464333
-1890139
3682479
3224408
-1638210
748674
-2038808
5050018
2841672
5262601
1139909
5374119
7416286
-4880919
3128064
5453535
-715949
-1601739
2317701
-3319850
-4227567
3891851
3402933
6233503
5237672
-4519491
-3022612
-7652264
-1848284
-3432378
3399729
5260454
1637340
-1076074
-4993589
2023411
-313567
-719063
1796785
205868
-3454371
1979236
304369
985622
-4114238
1523712
-3269059
-3619175
-5493067
-4531608
-4002489
-1364191
3363040
-3089569
-3394086
-641610
-1316899
87698
-1922682
-463541
-3789781
439783
4730563
-1921154
-2052604
-2675135
-5928603
-4754394
300395
-3323877
-2199765
-8538124
-4551987
-2669270
-3676948
4264472
936802
2834172
-1638018
-3337133
-3497593
-7282961
-1318645
-2461225
2500067
406349
-1902550
-1980031
-4596240
1460568
185586
-3305424
-2974542
-934593
-5464032
1096827
-6239640
142644
-122161
6495780
-2488611
-3410995
2114235
-2265817
-5181423
855469
-2065100
7239617
-2335560
807539
4699231
676860
7343268
-1097121
2167111
-3634640
1344473
-7610519
2709588
1527593
2218546
-6257571
-3138467
-6592518
606552
406337
-4094792
-3436867
-588966
-2792013
-894311
-4819635
1012786
-1793213
-4747316
-2316827
2819826
550834
1005914
-5704065
-4774425
-1855736
-2769191
-2741978
-1241916
-3537130
-4077846
-1829828
3374537
-236290
-8015735
2779965
-1165861
-4344493
-1809312
-1058163
-3025775
-788965
2290477
-2615816
-178632
581184
-1739202
-5008021
-3508565
-2931277
-2318952
1319363
-4067450
-136909
-637420
-5273945
-5750421
1855066
749759
-2339037
2976236
-785309
5968835
6478257
-5022203
-39775
1471193
-3404213
3483931
4628096
-4463252
-4105646
-74441
3936387
-3888494
-4294665
-4808384
-1395963
-2732114
-2108969
-2418259
2083182
-977195
-1759423
-2653030
-2126786
2556398
-1030244
4309907
3744719
-7273146
-3763810
-1831463
269239
-3818893
-4323557
-5650597
485150
1788482
-98729
148540
5990251
-3318360
-2710987
-1263656
607459
1472019
-4234398
-1443966
2519076
-281716
-3888247
-6342886
-1489767
317159
-1370071
-2793705
-49934
316264
268148
-4885348
-1778266
-1302145
-6423500
4461746
2459681
-58107
4680675
-6238941
-809707
2742132
-2721518
-1235041
3586874
-2837622
1761380
-6693199
2085401
-3196261
-5673522
3227795
3065786
-1096960
2184790
-2429749
96991
-1039717
1216825
-4374110
-3900012
1638476
-2042133
-3539964
5916566
-3085088
720367
-1194094
-4284192
4513029
3207580
1430368
1639826
2380805
738472
-1723895
-3384706
-6399149
2050724
3372866
4822659
996763
637452
-1144373
-3420009
2851141
430344
3122232
-7875051
6700564
-4772432
-896020
-341420
-734712
3900675
-280475
-3299982
3943555
-6867362
-1364500
-1654959
-1452153
5704560
3011248
-3492083
-8006244
-4154299
-4173512
-518000
1713929
-1122445
-5330198
-2070396
2915916
-1073634
-5494318
-6018467
-3919372
-5125621
1917478
-137346
538644
-1294782
2431143
-4494548
-8756089
4852040
-3935013
2795571
-5178707
2686365
1574326
-1285376
-7273454
1630820
-28065
-405186
-2338538
2019791
826089
553674
-2094878
-990673
5737186
-1053126
1218909
-8540007
485857
695851
-1428062
-3130208
-819914
2310907
1738155
-4870029
-5172856
2009499
1502235
-4934194
1520017
-3924357
3981041
2342556
6750941
-4013764
875394
1118719
1662891
945238
-4400002
2089316
-4664426
-1757717
7987893
-389380
-1005474
1686613
-803888
1233138
-1368124
3994159
-2041476
-1571589
-144864
-1678116
2666661
3333012
1264244
-5115212
-645299
5959798
-2885080
-4186088
4298389
-3045438
-2820465
4784612
-3783894
-118732
-1334333
-6284600
1432175
-2392967
-1308960
-1147813
-6309835
1730052
-5190298
1355295
-5725049
-1317267
-78039
3355017
-6175993
-999542
-3087016
-5574800
-3706382
-1837860
4794325
-608151
3184611
687734
1167348
-3166615
-5356896
-3026701
-7538501
-3847621
-350056
5384419
-1466845
-1143363
3499367
-82403
-2702731
5716855
1996657
546766
2588735
-4043066
-3287787
-2059816
1078217
1990829
-4693350
1113984
2366263
-2933392
-3056787
-1197203
-4064095
-3117189
-3188792
-5920754
-125404
-4069420
-2888730
6579953
5766522
-1584630
-421091
-2809741
2030382
2285425
-6156017
6650270
864332
-3844993
-3038157
-5096538
-1894500
-488286
-905568
-460749
-2616132
-2293913
-359021
7325466
1667065
-1385868
5501497
-2973704
4350812
-5553490
-6931659
338693
2160600
528934
4676544
3880899
-5505421
1894806
2509229
-4365882
1593639
6723922
-4232984
-5054532
-3979604
1874207
-6028764
2787388
-906264
1050512
-3086600
-758039
2766856
-4025719
223688
-7383123
-3971698
-3095488
-867588
425127
-3926229
707799
-3931898
-6288307
-529446
-5106213
3402471
1774490
-1725181
1972048
436628
-7118698
-855221
-668315
-2082568
-1650998
4815709
6057540
7470653
4700884
-2185539
-3973508
-3556470
-520934
954534
-1907070
-4078376
-5066517
-242750
-1914311
-726593
-396338
-1351247
1152477
-432054
590386
-3375401
-1541319
1765031
5830439
2172473
-4027537
-7675249
-3406886
-6458727
5194668
1046574
-886308
-3393252
-7459928
5334154
-4614421
-4947207
1760385
-5758818
-524459
-1917248
2274342
2304200
-3640803
-1326102
-4853709
-726424
-2539310
3668773
-3636510
47758
4857581
-2246680
-756132
-5427783
4886103
3599382
3076754
6120282
1621091
-4315565
7854848
5854867
5582554
-5462769
3914111
1377553
-6784154
-3609722
6292157
3450030
-873513
-1168635
-5010513
2333618
-66798
2857911
3425707
-82428
2033310
-4660245
3095901
-2306543
-3150570
-920739
-763779
-2606566
-1589245
3442997
-1857447
2298445
-5561918
-6506474
-4710548
3631389
-1611045
264340
-2211246
-6244106
-3296189
246768
-1842550
-6605479
-959031
-3094556
-663364
-236281
-2723088
-2005455
4436889
-5833090
-5196832
-5453568
-524978
-3020013
-527557
4835203
-3718373
2799498
-1339387
5651851
-2264458
3583280
2582164
6883570
3301081
944184
-3390865
-1626043
607611
-2145101
3978259
449553
-342936
1783758
5204105
-1511017
-4577268
-1757269
7816357
-1942518
-805527
868144
974532
456471
139505
-694429
-96733
-874834
1973085
-1188984
2608421
-6029963
101963
-3841353
-2811328
-5415311
-820300
-172586
-3762953
631324
421092
2721786
-2191342
-3837676
-1239937
703475
-8414710
4076960
-4034695
1379224
-8019011
1088433
-2479490
-2684585
5767491
-4797073
-1332071
-2962728
-5851989
1399067
-5649718
-4298263
2133614
-2029997
-516170
-2138853
-634253
-6392219
2506146
7337976
2999593
168467
-6939877
705819
5281483
-4959666
2114602
1634883
-2661575
-4581470
-2088019
-5111194
-2087514
-2068007
-3969716
776702
-3826754
-8043202
2014657
-1149012
-1828787
994248
-1940473
-1702344
-3109818
-3512862
5402667
-4363639
-479475
1101227
608190
-6920448
-2270956
-4971613
-4341257
1150083
-254563
1481094
-2802574
1546835
224649
-3459117
-2623995
1267502
5063464
-3984572
-671321
-3464942
-1459533
4025172
-4228796
6135901
-384601
-4976035
-4125771
-2999372
2657119
241193
2767119
1092235
5303494
4387863
-3836108
-1755702
-3754046
-4282837
2816423
-7123734
-2151681
-3822305
3071795
1623016
906370
-1254173
-3599543
-5186542
2459249
418964
-3096057
-2491222
302898
-1444844
-1527045
-1823495
2586245
4524097
-7893399
-634027
-1276916
2354549
-2141420
-6116203
4185806
1865588
3891086
6092408
-1618807
-46173
-2093906
-4410867
-1413696
1299555
-426846
4859516
-4571878
-3064212
-748881
-6841968
-1166166
-2849933
-6618427
-1091528
6507023
-2399487
4560722
3630133
-5346278
-1414162
-1795811
753744
-2700890
-1846393
5166678
-813192
5226862
-614946
3976290
-3178444
-1773749
-2857835
2482073
1509088
-109230
-353924
-2662226
5801703
-594733
5335444
-2022101
-1085933
-270228
-4714721
-5195556
-2534285
3567519
-3768036
3036246
-2461321
-471437
-3450020
-1274054
1858322
956444
1810206
-3620376
672086
-863599
6032897
5029824
-373753
-4107394
-2486717
-1518915
-157839
3324042
-359967
-3751332
3083773
6386396
9412262
-7024915
-1101145
4036601
-3073351
1285938
-4009829
-1377824
-401
-304718
-793628
-1024406
4220300
3353392
-1761787
317969
-5651028
-3970398
-1563415
4016878
-1125438
-6946702
-55019
3095631
-3338470
2004791
2459766
-4409457
-5943262
-2237443
-431170
-3494480
1894618
4867220
1577944
-617602
-4344358
2611056
-3904818
-2594812
7068588
2674497
-2569773
6120250
632896
1651390
158923
-4425655
1180229
852278
333160
-3435465
-6422865
-5322052
691425
-3655931
-5148176
-724081
-8602583
-239856
3642148
-1748475
-1920284
3304830
-2363505
-980820
-2638111
5356049
-3398639
-4264293
1413310
2205888
-5717663
6320426
6928030
1317484
-2355248
-390849
-2610470
8352945
1542726
-2136539
-383243
5049106
-1656615
3977537
3129894
1795993
2141611
-5303744
1218943
-763655
-4566043
4201414
-3377595
1476837
-1488590
-392573
-4424684
4352
915090
-2465206
-2002259
583817
3198904
487914
3997945
-1968183
-519087
-287918
4329123
-1213080
378548
1003547
-48449
2315328
3312165
3319601
-3482121
-2091279
-501726
2835545
-845616
-4393085
5231816
751001
-4129865
-4868542
467178
2004051
-6489521
-5365208
-3682283
-2701337
-644431
34873
930153
1227363
8756677
-1610707
-1746401
-2569344
5087983
-3800491
1015914
-6001381
-2779613
-4661655
-6364698
883330
454123
2485118
-2950841
-3030701
4541509
4625151
-6164615
-349647
-7290343
3037352
-5130705
-6426933
2163319
1864705
-307374
-211278
1733424
5312665
6325403
293408
-5105072
-4234020
-5177202
-557054
2833026
-2765163
405799
5826920
2016162
-5213933
1839590
-6430168
1544157
-3283378
6947363
-6658053
-6060574
-1024407
-3557714
530390
-2178108
-6556630
-7677250
6571865
2121972
-4927152
-5578453
5364894
4323284
-1752822
4524344
4147479
1125754
-2270625
1808181
62577
-1934174
-1357368
4095005
-1619193
1340006
857877
1516245
2165341
-2529140
-1780984
-1207594
2119565
-3004291
1741911
1509895
-1917238
-6173135
1619560
-4185000
-1243230
-3297106
-6107546
-2137857
-2964016
-2252382
3835301
-1509573
-1944413
-4836365
528044
-4553978
-5061176
4808601
-5067444
2642879
1527962
-4072485
1179648
2149134
-63459
-1592920
-2601727
-5280893
-1354251
-3932490
1805844
6600989
3001106
-1796373
-4837378
-1437667
-1198538
573037
-2110129
-206260
-5785777
-2253411
-3886910
-3151736
-7789828
-3557474
-3585044
6790327
-1014799
473070
2012169
-1713693
-2881364
-356291
-2692734
-612969
-4845715
-5976145
-2360952
3229150
-7352408
3449428
782690
-1213079
-1752101
461020
-2353454
90273
6532573
-1803545
-2260823
-4652457
1401754
-2611632
4114616
-1971022
4130199
845748
444620
2784589
2828711
467841
-1042646
-3025033
-5946161
748716
932735
4266430
6493086
-3888649
396980
-3094251
-535965
-662165
1961705
-1438811
-5987253
3138414
-3379350
-4685262
2483117
-5233278
-2981241
-3316786
-2430012
-2222865
467355
-1879189
-4199000
-4787070
-2393305
-6690636
5222003
-1817709
-3472301
-2553731
-4793712
3315920
5833781
-3174637
2269928
130613
-1853473
2331987
-3742395
-5881480
3882892
-3997282
-398461
497987
3944252
-285536
904087
1359150
-3199742
-7633132
-5272032
-5173994
838412
-291580
-2202069
2686385
-1692521
-1773031
1195141
51948
4567807
3019855
-816200
-3831636
-384569
-5746534
-2398094
2365020
-133705
522905
-2178690
647493
1169368
4519889
-1647241
-1805660
-93687
506876
-3116941
645544
-2598661
-5251821
-1405374
2404188
2638417
-5365223
2499226
-6995663
3513353
4742903
-6354869
-5259193
-5119913
-4062485
-6527890
-1394441
-1501721
-1431697
-799200
-2232246
4572305
-332379
-4449404
4986211
-4756278
4581468
149859
757055
-91323
-5498128
-4473588
-2004160
-7680258
6983733
-4953448
-5991927
-3181206
-2206199
-604317
3673159
-2247021
-3302479
1575405
-1165032
-1822121
-1197754
-80789
374345
1606813
6015051
-2334814
4177643
-2634882
-3330002
-1151987
2243194
-6429481
-2851964
-2300903
-5119024
-3769592
-3024370
-2789609
-4473550
-4165447
-3503170
-936371
-6356776
-7622771
-1390046
7421798
-2391376
-5664053
-4790350
5262844
-7678070
3894187
-891550
-631073
-3737949
1367712
174193
2873173
2625353
6111568
-3561250
-5099880
-2091353
-2284107
-5135507
3272560
2052076
-3995830
-1769167
-170572
-1065054
-2927514
6036452
7284571
-401005
3389559
-5316744
2901187
401622
-1899564
985053
1647969
3343639
-3568039
1196905
2569412
-695318
-1722842
-3520612
-5729689
1604809
-3222842
-1751664
-3046574
-146177
520274
4253434
-4059770
999923
1319173
-2102055
141118
-6250255
-1294205
-3797892
-3558261
-6290333
7922460
-2264730
-5340121
-3302153
-6378943
-7535558
56652
-3074622
-2389883
-4952011
-437932
-1748722
-1833156
30002
-3286448
1419354
5508150
-4074891
2608682
-3291372
2644712
-271453
3084363
1269704
-1757797
562424
231087
447576
-4262628
1709438
-3226858
7727775
952409
-4570416
4946261
-2450616
-5506834
-1139627
-2510274
-5044563
32835
-2128684
2293596
3562534
1398576
-3970437
-1350765
-4446143
-2073995
-3133235
757277
771969
-5888008
-1717307
3707742
-5032358
-7958436
-8381143
-1401477
-2073458
405629
-658777
-4707590
-190201
-960837
4087657
182161
-5964972
2272309
-6035222
-4468498
-3001252
-2760358
-368348
6356203
-1736452
-7370544
2585223
4578925
2286520
-4157203
-8393204
3504710
-505136
-3133107
4586226
-5181890
3293899
-3300674
3362519
2074922
8273487
2050132
3178689
761993
2744729
773320
-6966938
2400384
368660
-5566176
2544986
-5045246
-2762469
-190991
-5098858
-1182353
2404025
-3152707
-4237432
649602
7262767
1793395
-298122
-4276321
-188437
-5489375
-3444671
-2069227
3234608
-4327455
1637687
-1094385
-5080019
-1254678
997391
-182673
6389177
785469
2070555
2749385
-6019186
473987
-5076281
851509
-4485139
758705
-3012537
6173880
-4956237
-5789321
-2938049
-3469591
-4586177
-1833257
1919431
4391703
-2663779
2382970
-6161505
3950272
-3311194
-3153001
538886
1309061
-1970639
2943649
-591593
-2922878
-5396644
3127700
-5235608
-46222
-606263
270632
-4749539
-4993677
-3133885
6001598
-2989465
5777461
266858
-2070446
-1758594
-2411495
-8151414
-7105267
4109683
-4760959
-142812
-1919805
4018043
-4454267
-3672371
2066371
-1004753
-1984443
443760
1520418
4672566
-5190738
2265835
-3290199
1114899
-5384822
-4704942
-3685822
-5275541
-3588568
901834
-1136264
-2858549
-951
-1698686
-4028006
-3407147
856237
3354692
-3217916
-84190
-3879712
1067263
-2630426
39649
-3665436
-542088
2981011
6720096
-2861159
5933051
2778869
3204471
2452649
-2784226
-2506394
-6151212
-5043158
1016967
4279314
726004
-1292522
2604585
283428
6677803
3871948
1592050
-838997
-4028620
-212801
-1963720
-1340481
-290645
2983110
-5389560
-3938317
-2875905
-4990491
-2794735
-7296035
-2687429
93611
7301426
2692639
1310614
-3580815
-7891851
-5027791
-5368320
-1860292
5247221
-1247050
582317
6332760
-3527029
-6521999
-3668333
-2805677
540991
-2510886
-509412
-5297383
2788337
-1378775
-974212
344465
-3956800
-2939757
2858857
-1767977
3380584
1398798
-5243726
-3025585
2789689
7238151
733899
160793
-2974381
-3053147
1719665
-741056
3196892
2544885
-3332070
732135
2401780
-4584920
-974611
-2406485
-1529671
243651
-4732870
-3255891
5382531
1896116
679546
2887325
-660266
-4871178
-803757
-6704809
3093456
-125812
1948396
5185310
5872490
-4153665
-624326
-3102237
-3637740
3483502
754546
-3184024
-2795376
-4253186
3184946
-5860168
1774310
-1276527
3323284
1357226
-2607872
-4082683
6362643
1173024
-2446251
-2681993
-4328380
-5903220
1347345
-4618038
1476296
-3333578
-539080
-1327717
1269649
-864412
-1146871
-623232
-2429240
-2650183
-1180741
4435995
2112880
-7043666
410521
-1141141
6516389
730914
-3889951
-1264055
7563487
4242095
7300443
-3707503
-516955
-560588
5439482
-5381660
839137
-2252715
-3061549
-3305629
4964374
1763226
-4186181
2406531
-2737073
-1135055
6021961
-4152857
6825353
-384177
-5572704
-3329659
-7423795
2551584
2346801
-3022042
-4179997
-3374913
1449559
699287
-3047910
-638170
1644616
-4038918
1373949
1525188
-5826522
864216
-7676237
-1063067
-2132762
1610406
4620911
384726
7413592
-4412391
-1502837
-3064182
-1545238
1729263
-3616581
-896702
-5188033
-3295084
-1144509
-1920370
2308397
-5643451
-3515129
2670268
255887
-1725017
1769798
-2237522
1778296
725800
278186
-4594157
1586391
7776928
-2753639
-7544086
7338226
2358069
-3065799
-4544337
3474537
306458
-3284167
-2914577
4097408
1859087
-8498477
-2658946
-3510144
4608010
-3250427
9297396
-707141
696261
-359381
990723
-2358060
-683700
763922
-2389863
-5148921
3795439
-4139059
2863870
511927
-697584
225994
4118443
604867
345737
2248850
-1253852
2837371
2827297
-1272350
-1176423
104096
-2975598
226701
2188579
335855
-3228503
-3085555
846032
-2726724
-954428
-1949226
-3098723
3111308
-4575111
-1891535
3937615
2442940
-30103
-971378
-1941149
-2148242
-4069542
-3038506
-2476018
-2715754
-1568768
-247785
1620179
-1281621
-1089673
-2269654
-4470227
-2639495
-1777713
-2416218
-3604525
-1297766
-4068017
-2796340
-1852339
506130
-614273
-1511511
-5250236
-526666
-512084
-3545092
-3826152
5382513
-6155225
2029439
-149969
2975218
67552
-7456210
-1979668
808430
2376463
-368048
-162728
-13839
3924506
-3425965
-6932724
1719534
70687
280864
-1631805
2374144
3255804
6202005
-106941
1128572
-2143229
-3101770
-5139595
-1108842
-2113497
-3718655
-6520356
7304548
-3758665
1946847
-412688
164579
-5957646
1447288
-2266536
-2078388
-2162187
-632085
-1269962
-424012
-3884482
-584630
2736442
-689061
4228130
3167397
-1820766
-1653167
1954616
-4742730
-354997
-3637886
1903623
-124368
-6645257
-2715951
3655428
4714523
-2860573
6231818
162661
5757040
-2010341
4842690
-3554509
-4632641
5314772
-713498
-2746785
-370206
5531543
-5396445
2197074
2086849
1849796
6951963
752080
3003074
6766372
-127294
5989551
4113142
-1274671
-661980
-4475264
-6002964
-1732754
-1480287
6944580
-2567763
5577271
1050404
-1579228
-150019
-1131114
-3582425
-951187
-2265287
5849116
-4247931
-1971161
-1366852
-3516783
-4318107
-2309059
2705573
-724772
2484421
1097430
4958835
-6368149
-4833283
-5714157
41839
5736028
-3133123
1454955
636956
1006520
-4441938
-4455757
-2321672
-5764454
1295363
2666943
-3064955
6295870
-3767550
6770753
5621463
1318032
1398941
7879632
-3864127
2852535
2921664
-8521853
-1056114
-5323786
-3355966
-1666492
-2557233
-7437940
4743740
-4860984
-7191738
-4631003
2819835
2745500
-7041369
-1342822
2272245
-3409712
-4598080
606464
3348012
6855206
2510090
-2984840
-1746341
-2175220
7407695
-587840
-5177038
-3152617
1722280
-3432359
-3623927
-961537
-2141565
4500220
4211461
5511901
503356
6824974
-1537410
-7271212
-2001931
1041254
1014785
-6514377
878167
-588364
-2400346
-3744340
6163169
-1224436
2785328
4688766
1499881
-1153740
-6029149
822693
-1429723
-1553593
-3254881
-7303996
3107875
-3520285
2275747
1922504
-711807
1893600
-3182643
-3720523
5478406
-726319
3463527
-1535042
3513360
-7541556
5587403
905552
3891906
4370141
-4599182
-638670
-3572608
1611583
21067
-1032802
4392216
-3397434
-2344195
984951
-1770906
-8585015
-5949001
1131899
-4816057
6226564
3952253
3389662
399635
263484
-2502119
-63119
-2915866
-996429
-64183
-4799328
-4395224
-394994
2495133
6412
351968
2894889
-4894135
2042440
-685375
-1837289
-5878052
3070352
-4200115
-7756837
1403373
-4028071
-135735
-7807381
4261359
6162528
6093480
-3367376
-569721
-4540467
-5500973
5592775
5108802
2775176
-5463784
-2604084
-1263797
-2741418
4207745
5416427
-5290614
1726538
-2297994
2708203
-2231753
-1717746
-3121144
-3674998
-1197919
-4630963
-2432659
8253983
2576825
-3283316
-1134936
-3206133
-4275072
2523131
-4393793
-3533810
-7411976
-737453
9125086
-3507908
-5230833
1449661
3086656
2239977
-3900989
-6555568
-3122808
-2536575
2322231
-4038480
-2754197
1959963
1543489
-608574
-854637
-295332
-2663471
2023164
-367974
-4763599
168025
-2651657
-3710087
2068258
1455293
4509117
-1380330
-1978165
147462
706935
-4805552
6391438
-3231524
156389
-3082934
-2131678
-3316835
6330888
-1100700
511209
163068
-934680
-3405480
-5208518
1405812
3637249
-5020826
3715235
-2417588
-6251597
-259454
-1507921
159846
-2971003
722608
-3053491
-1433483
-2149417
-7828035
-2868440
-3811524
-4238753
-3279366
2520606
-2839163
104128
-2232687
-191635
676768
9259456
-342124
-3981468
2742415
-5544445
5750020
3770716
-1061142
-792219
6272770
964511
-7713242
-3469985
-3179699
-3841601
2732235
2202089
-1886755
-447811
-7061042
2020757
-4475085
2764801
-628815
-330735
-229980
-361930
1535943
-1666328
550499
5778300
-4072053
603968
-6289216
1508922
-3820295
-913691
-5436561
2973601
735564
1843347
-2377446
66660
6862107
-3854937
-2282565
-2750076
-4336118
-5208613
-3165072
-5244716
3969902
-457589
4373184
-2068177
-2986083
-2047158
-3872760
-4022316
104336
-5604538
1260317
-1869812
4179027
1928351
-1688834
-2281458
-987738
-3086314
-2816480
-1263455
-2607121
-847460
-2144728
516886
-1236889
-481224
3955779
788832
-7161983
92288
-2747629
4942798
-1855549
-2867270
-416059
-1998238
450876
-2387754
5594946
-3851071
-4300311
2329200
2060454
1424378
2569452
-575262
-1853772
832647
-3455733
5743139
1039446
5041093
-3430236
-7106199
94242
-3393513
-5763418
5821164
4017893
612630
-374829
6250963
596172
-2263954
2552795
596902
-6027231
-335329
3540191
-3023332
-1485559
-4168959
560568
635633
2149095
-677456
3020721
4957719
-3748901
1399441
-5999122
-704891
-4159288
812814
-3055341
6929318
258294
-3815088
-1962892
-2819825
-3079094
3510760
-2434072
-611091
-6464816
1196656
1027929
-5652615
5162118
-236309
1665076
-1528442
5310121
1036105
-2507935
-3623300
-3959392
-100937
6583147
-658049
3984871
822157
-931415
1407720
-428628
757691
166552
5021444
2793301
-1139730
-1087022
-237316
-939744
-1466495
6444308
-3807021
228806
-1989040
-2314246
-1416575
-2675724
-1713120
2146228
1408770
383647
-1028148
-4822580
-982964
-2293095
-593583
923413
-1802660
-5862129
-4460903
-1990530
-346526
5915684
-733451
1567711
5674926
365341
-1719866
-6495971
-3856285
-2321316
5034770
1752883
-8223100
2540426
-541518
189928
-2278457
4588489
-963086
7993895
-3710623
1208905
1020519
-808317
144845
-7430788
2568746
-465688
1646206
3207407
936385
906119
4892529
-432628
-1513519
-1511914
-3455882
7522707
-1226605
-3028789
569523
5829652
-1141167
124765
-5228272
-1534413
-3501772
-550131
-2429660
-3601083
-4221584
1716792
938378
63402
-3127334
-4391446
-2758428
718233
-2776371
-1684621
2066628
6897904
-3708659
-2973719
-7146957
-3330533
-2858269
-3791939
-358546
-2915060
-3888633
-769057
-4421061
-5352698
-622935
-3107835
-1036261
5181958
-5107470
-5602272
4271560
-2739035
-1623561
1349487
-3596207
-3886084
-5959660
5252989
3529085
-5751497
-342040
9738115
-3705938
3436436
1914898
-1659953
552514
-1619658
-5427146
4999873
5963603
-3803574
1093507
4779520
4892681
3780317
2972596
6136102
-350725
-868372
-7674364
-4013836
413895
-4286572
1248715
899044
2230779
1726826
-4703710
2375777
1889076
2487108
-5227481
1145633
5081022
-3073968
-1395287
1396182
-2324485
5543788
958880
-5631639
-2926635
-1509272
141313
-227538
-147125
-2179845
-6359020
-4711416
-8602579
-4082991
-5237637
2918491
-1047271
3317156
-4718087
828084
-848812
17291
-4672879
2482105
581103
657456
2827826
-2677924
-4704215
128419
-6677531
4167168
6493206
135857
-632105
2821131
3039500
344105
6527980
-2828979
-6459825
181307
3548771
-1433918
-8788393
-4690308
-6787834
-4502520
875278
140553
-2626558
-2065142
-1175763
6486047
-902605
-1385227
-2331138
-831416
1943492
-4738063
-3946985
1986963
-2465133
-2478638
-868534
-2662790
-4860218
-3204432
6036646
-2270449
-642239
3121295
2621352
-1763782
5035834
847168
1693998
-3171094
-6650400
-522918
213865
3855010
1733850
1528351
700316
-2538296
1051838
-908379
6198816
1096453
3469136
-7700072
-6082347
8163786
-4991151
-3983235
2940960
-3734402
2828588
-2451692
-1998155
3917287
-4916797
-1785621
4354473
-2565383
-5877537
1276628
-771997
-5656608
5730506
-2022040
-3393056
-4157988
-2891366
1198911
3958779
1463884
-1621132
-2965499
3585300
-2764898
-5343583
-2847640
-776740
951756
135034
618097
-2739654
-266173
-6808729
-1504020
109155
183493
-5545815
572707
-2120089
-2435000
2294018
-1426109
4765540
5370649
2066652
-6187699
-487362
-3847686
-3599166
671235
-1845284
2728870
1705682
-774697
-3338119
-15065
-2295621
-3715616
-2735489
-4435539
-1770522
-2160965
-1571470
1679100
1393473
-2758652
442802
-3683923
-1259365
-2876562
4130570
311821
724190
-3295695
-519758
4857932
-1177501
5092817
-1526689
-5939001
2610419
-4457130
-216350
123505
-3284663
-5515970
-2183156
4744790
5025423
5475249
-2971533
-195272
-182212
4995563
-2988844
-484099
-4355166
419571
8654593
-42475
-4952643
1025195
-376487
955758
-571986
5966260
3471677
-5122522
2137358
2279318
5607443
1049860
-4768465
4955431
-1180617
-561985
6146299
-7520586
-5293933
7396671
-1261966
36464
-3214694
-3574366
3697605
194173
508215
-54903
-1301439
-1943491
-1143975
-1568519
4652874
2369628
-1806643
-4050226
2948011
-3738886
-474052
5700020
2573016
5230393
-5741877
1924955
-8750897
-903358
1343164
5503581
-3115596
-7967488
7677460
3687506
1874773
2605543
5518981
-1719570
-2052015
6843743
-1251336
-112105
-2018278
-511443
-1471909
-2201383
-5734465
2525857
2128664
-2034913
1846622
5085902
-3156501
-6431734
-318174
372481
-768922
4621278
-6249638
-405364
1063248
-730819
731266
-2241925
-175986
-2376767
4497894
-1736130
-2035483
-424429
7321605
-3483077
1754902
2641118
-4576385
5369852
-4417659
-1128158
-3162617
-1874435
-2236281
643262
390704
-465809
-6250711
-1632818
-4895249
-842669
-1721985
-4380257
-284182
-2775728
1588909
-4928263
-5359382
315479
-1280969
-132160
-1979733
-4095480
5057240
5358257
446204
630378
-1085916
-84226
6484690
-1367579
6486323
2470274
-6273501
-4503445
8506483
5484104
4355472
-5066875
-2969855
-1617901
5789726
-2244340
958588
-6632617
200766
-1836451
-5627012
-6581036
-4585269
-2649951
3814382
232055
-423309
-2732754
-4646293
-4628417
-3008084
2120463
349235
-946851
7908878
-183681
-4032918
5237552
-7223528
-1571103
-692269
-226949
-2924163
-612811
322402
1611428
-1678367
-6633901
636016
4238762
-3089098
-4893324
-2831469
-2283367
-2337730
-3279437
-1445987
1114199
-7142385
1935039
-5642890
-1573911
-3995797
4255460
-3373559
999832
5619319
-4550866
4384579
-265269
-1887631
-2118804
3177160
2913031
-1695354
5933500
-3980912
-4872720
4780767
3089965
3133908
1452878
1382956
-2813980
-851526
-1345224
-3091425
-3042905
1418824
-1116024
-1784530
-7842322
2442753
-3073086
1139249
-6434146
-1994292
3491496
5080990
-2889299
-548541
-5299990
-1423562
-4581488
-5734462
-1413197
-4703913
1093957
-530860
-2854641
-2738377
7667225
1798387
3832165
2595011
2406942
645470
-2514804
-1733143
-2447999
-8074684
3005442
893767
-105216
1001681
-392292
-1666410
3685346
-6058344
-874426
-1374804
-1633701
-2117636
-3434707
-2795216
-3519016
1502365
-1986861
-5118534
-7255435
3848781
-4033793
5625579
1802342
7655804
5260190
196997
-2592824
842711
-1347635
-2171262
5303618
-1595712
1489516
-2276470
-3291837
-314522
5211132
-4087298
4113258
2394511
-1665712
-3070173
-2852979
-4909088
-936895
-1277025
-7808218
-537414
-4312432
-617089
1942480
6996525
2117919
809232
922540
466732
-2007896
-4175180
-6670252
-5191672
-903752
303779
-3249583
-2451690
-1135637
-618764
2273581
-5264441
229817
305860
1547472
-4456154
-7993
3088963
-1496662
-3976557
-84872
-4625590
1419083
-5826210
-1815345
-4904019
-1731016
-2213980
-4178738
-2634167
2857988
-2131448
-1074158
6810232
-1545997
-3885281
-2088023
-1158812
-524110
5306022
-2800904
-4824234
-1769516
6315
552457
-3625313
-649005
-1263657
-4106866
1541959
-6453242
8773011
-6952968
-1410881
1847951
-217620
-834775
6745408
-1701654
-4592674
-2028482
2639831
-3242109
-4650194
-2196481
-3235877
-2615695
691267
3983991
3392832
3480417
3046984
-1730232
-2122702
6706689
-1891557
-7262609
2176368
-978138
1293119
-4248361
-1412433
917832
-5417060
-6581953
6251606
-2557417
-1301264
-578777
-4422750
-3796714
3491362
-4680534
-902824
-523767
2697562
1885160
-756550
-6919417
-6376128
-4586335
2884327
-4988414
-6852595
-1228823
2835825
3786876
4506931
2821328
2852619
-3960114
-4240600
-1982768
-5359345
-1866837
-2789714
-5241801
-1647078
-1051291
-4150008
3492115
1712981
-181699
-732888
-4559164
484394
-1565608
-8470570
-292664
-2096696
3185044
-2260436
3880041
-830002
-4760635
1886818
-833421
-1346286
4415914
3187987
1855011
2802244
-7417690
1058335
-578971
-5487166
-2550925
1329335
3357912
-3839919
-2143814
-41105
-3582977
-4206774
-2650998
-5254332
-419181
-3998296
-4124470
-1432962
714465
5140904
1119111
-5355007
702992
-4491292
-657955
-3808391
-469417
-4710561
-1866946
-6891154
-1053074
1656638
-1842273
934291
3549618
4630142
-837071
1936000
-6468678
-4250440
-1287023
862572
947501
222804
-3293349
2278180
-1454846
4131778
-3880997
-1054636
451264
-5583869
-5708583
2341364
-829341
3844328
-192350
1785375
-4040470
-2698543
-3024595
-1415261
2114164
-706479
1283849
-6946992
-2765754
-1711118
-41126
-2320544
-4948611
-574560
-3657785
2623135
3889650
-1335090
-5489211
-3451824
629136
3740892
4329824
-3488584
-2738604
-2476529
-3095398
-1433311
-3567829
-394368
3176493
3156361
-1435930
-3360181
-2011198
-679137
-1715566
1878069
-67311
-1865079
-3299736
462794
-1432219
10008606
-3410700
838489
31276
289148
-1013918
244466
4181512
2381008
1190902
-583613
8008251
302900
-697659
4246797
1447741
-4928746
1459780
-1294938
3969866
-1034793
-2412206
-4064887
-3754464
-4224409
6759825
3388415
747426
-3599182
588448
2044161
-3432829
-3784687
-1096871
5496573
-2597701
-2011785
-2804090
-779352
1604038
843365
-1860294
1373910
-4919107
2049847
965988
-4489079
-3153310
-3349862
5190668
-174607
-1863666
1294401
-1881212
-710482
-1346242
1476186
-2071953
3620461
-699026
-3686077
-8622930
273943
223845
-4645672
3233355
1766696
-2912183
-2348264
-927510
412939
-4473404
6371632
-3598083
-5010624
91108
676366
1321498
-3410299
4893569
-1587834
229411
-3583274
-4234880
-1108071
-2806398
454146
-3931229
-4613178
-7037636
-191616
-3933130
6721736
-6823293
-3250326
-4621846
-4407372
6309887
4112937
2433304
-483060
-4927371
-6008314
-1903105
-891188
1254381
1463380
-2874060
-4616563
-3179494
623384
-1579898
-2953541
-437234
-1004260
-6086928
4487698
1324064
5129339
2275768
-1971589
-465225
2430542
-3009505
-4356457
-4270481
-4697321
-2477421
55233
-7907912
596809
-4456950
-4064697
3746161
2861133
-9702
-1415077
-2072966
2384093
4524508
782986
-2263567
2774761
-6708415
746872
-2585275
-2979942
1400806
-4193270
-139067
2216695
1198897
1644552
-5677828
2112008
4103849
-4815164
1433076
3648726
-1349959
-6350764
-4168955
-778649
-2311103
769990
2182750
567480
1992927
-2217438
1957662
642602
-3469891
2262287
-287774
228347
-3968
-1744229
-2600358
1330087
-5624494
-1157719
3843603
-1953122
4036224
2208627
5006050
4575019
-166801
3834726
-4737892
370926
3088927
3752408
-4918001
689882
-150035
-719629
-4584961
-5841262
-2283642
-3271032
417021
-3110892
3706314
-5381972
-2000674
2295410
609723
-4247098
-1633153
1119015
8350640
-1289404
-2252281
-2462849
-458443
-635332
-2320252
2763915
929927
3803229
-1170773
-2533766
2395069
-3075033
1756565
-250874
-2057548
149881
-2129317
-4708897
-6360439
-2117212
-1445118
-1288244
-6132111
-1741590
-2398704
-452930
3937514
-2717014
1179282
4105655
-2583269
-3243650
-2679218
1831529
-362430
-882218
2863713
-2115361
1642536
2190069
-1327978
-188062
-6662130
-516583
2914617
5844890
7915670
-2773783
-4212935
-529108
-5696128
9050141
1554351
1693603
7405835
2905852
-2418466
-2239529
5110944
5646810
305188
-2768587
4874843
675505
4490470
3182617
-2468617
-3677678
8478
-1991584
2052298
-5320128
5823649
4284066
3243143
-2914315
3190857
-1511940
3187164
-2871850
-3348362
-4037302
-1415575
-1227367
428476
-5440753
-1320716
-1623020
-1072404
2092651
-1047187
1503013
10432363
-3939266
-6902988
4141831
-5060371
-1705515
6508856
6961354
3143023
-6498472
-6615388
623329
-1260869
-6049433
8174500
-4865496
2152215
-4991695
2276938
4312587
1398399
-5278770
-1942754
-2776682
-2856048
-1084537
-3543137
-907868
802200
100266
2703312
4806345
511994
-1280550
1221159
2058884
-5307792
-403144
-2932385
-6183555
652864
8481891
-4524239
-3176983
6162367
2911250
-1677997
2959272
-1622078
-7559621
-3971874
5662710
-1003250
-5273762
-2459169
-1170353
3309933
-6905064
-1735990
901940
-490196
-1637181
-132084
4160908
-1657108
-4207651
-5127042
-5203518
771930
-769463
-2184163
-3395100
-2762812
1642410
3563215
3998977
-2117932
3153776
1242893
-1910311
-2940114
-3357945
-2316225
3761793
-1946305
-1079360
-4686532
-2794413
-45053
-1438565
-2347705
359745
-6301630
7794633
3610893
-6713037
4810963
-2722060
-1868291
784985
-4186619
-549352
-2233091
-6803829
-4008453
-1647360
5833564
3675258
-2169241
-516232
7296570
-2200725
-161390
-1619468
-1843399
-262860
-7473908
5587986
-2401929
-5139651
-396673
-7346717
577155
8909286
514704
111081
570635
-528088
-1393015
2660292
-4488966
3048670
3694123
-3144967
-4629279
-723676
-2700601
4722594
1781119
3289773
-2550843
1127667
863397
-2677830
-2566436
-2588483
1164426
-4076559
3072063
5115121
-6921306
-5030835
-1237118
-1282681
323979
-900910
-1549756
-4743374
-6727034
7380476
-517306
4101651
2473030
-942562
-1755330
102323
-4692585
1285703
-1447076
-3906446
12394
-5190872
-2949666
-1778405
-57804
-1160049
5349903
9736386
-2392066
-1385917
-1864698
1099830
-2458250
-2397182
-3980285
6258687
5625263
-1441965
3080057
-1124374
2533873
-349676
-5503812
3505381
800449
1752620
5201001
-5332483
-2028767
-3215403
806437
3314117
423794
-75153
-4814461
1354601
-2520569
-4919160
-725047
-4649540
8620052
7973318
-3996626
-1082054
2750538
-1642743
-3950438
1213267
-2573760
-2843550
-3789003
-1293005
-3023918
-3147539
9924314
-399970
597365
-3527422
-2344634
793717
3927519
5255088
-3649931
111124
517200
-2811943
2950492
3971620
6229062
-6868371
5167220
588280
-2990906
-2738070
-4545588
-4188454
3903392
-384758
-3555169
-1037209
6221598
-1296322
-4252545
5212817
-1684505
-416126
4022988
2130243
-4254792
-2439087
-2989283
4373931
365590
-5894824
5548969
-4832126
-1003772
1531244
-1964769
-1533200
-6215653
-754738
-3986146
-4616659
-2068918
667449
-584877
1844688
-1757867
489348
-4570491
-3266019
-1000897
3794585
844026
-1215022
-1751210
1309573
-404211
-2239764
-2312947
3561631
-2864981
-7942774
2141379
-4580099
-4224505
-5646028
3067907
-2758019
-410460
-1500001
-192185
4423500
3522752
-3821488
-684975
-531894
-7609128
3372281
-6014872
-218495
819111
-3551698
1369196
2288639
443434
2161272
-106226
-7733198
-2845622
623825
830104
-6406877
-609488
1006843
-718304
-4509306
-1943582
-434135
2391982
-2083795
-7215157
1394945
541241
-583169
2759066
7542
6484447
1069241
-4722991
-678863
-3771542
663728
1294280
-2924480
-1318429
5983819
-4297957
-5059507
-2006468
-4774408
4705230
1308115
1416061
-429495
-1075987
1544241
-2284734
-320901
-1216530
-3061462
1481393
520594
-6891781
-681694
-994032
-3324020
3120281
-362014
-2384743
9637470
1589020
-1767479
5406509
-2507222
-4177924
-7185040
-731257
-4332769
-762831
-6644648
-6015735
4408665
3037487
8450710
-1315318
1877172
-592166
6268911
-2998549
-1900947
-2354756
-3884879
-969819
5480247
-1390709
-4417969
-3791708
-2931800
-5912033
4364416
4413899
826427
-4257674
-3380423
-5087746
4752448
3397990
-3435962
-527398
-2909233
-2848092
-2346969
-2731272
-1294713
-4309888
-4331323
-4757707
3053153
-932341
-4116948
445604
-3853164
1157322
7081268
2296060
2938056
-3011466
-846551
4896636
2012569
-4918766
-4528684
-46874
-4782597
934203
2092782
-1934783
-4294956
4043356
-3536478
-70165
1557029
2425769
-3665867
-1008128
-4728172
-4547027
-1939164
-3271058
-3115610
955296
960489
-6071889
714487
-6635279
-2215660
1322895
-1398195
1245796
-5580881
-2028638
-4291166
2724351
-3661286
858070
-1722678
-2695723
-2609293
160609
-2845177
-3350971
-556376
-124136
4550430
1018686
1313630
3642298
-5931320
-7563830
-6174070
-3314730
269300
-1757844
-5735130
-5202053
1074502
-1817425
-5067432
-2229667
121645
1062926
-842182
5284622
-4787895
-341489
-3716899
-1151305
-6514626
1142607
-2684691
-3365898
1628198
3081047
-284290
-727327
-1434314
-4591493
-4889965
1562713
-711407
-6316612
-2354430
-6825448
-1212298
-1623968
-7352668
-1426869
2110948
-996469
5413442
-1061741
4373081
-364878
-1598973
-6023112
-168886
5677758
99040
-1126665
-3238139
5752072
-5609853
5666455
-715936
-211214
-26033
494480
1062159
-1942983
-4538869
-2882060
-5901185
139050
3891734
-4292332
900149
6063061
-292107
2329390
42247
-3561284
627581
5667883
-250077
-1026525
1125353
-1388713
104993
-1713777
-1707181
-1928550
-4338807
1186277
-1588745
322535
3365397
-3975599
466849
1908104
3415574
-3854987
-2479022
9608272
-2847507
-1933528
2601691
2469476
-2226110
-1199889
-2926113
-5572945
-1597343
-2890771
1386949
-869800
-4390703
6927311
-1704253
-149065
-2288293
-4167280
-4501878
2424609
-1292066
7244509
-4132006
347255
225034
-1115905
7947138
5271902
-1889500
-351319
-2992608
1504361
-2654089
-2350143
5667835
-5146556
4451725
2219507
-4140063
-1125218
-3758266
-4984484
6517256
-2832171
2645307
3935226
-2198349
-5839826
1793816
-1765632
-61713
3051415
-852411
3051246
-1757906
4893916
3307679
-829348
-3353374
-220940
-1722122
2189454
-121548
2628133
-6664691
-3740424
520598
2359907
-5149812
1383672
-3647707
7025937
1426939
1795250
4044904
-2082610
-2025503
2901196
219249
-926665
2363954
-2155265
2496725
-3477847
2181160
-4860599
5005564
4922403
729041
289244
-1350062
-68722
4782055
-4906240
-2958546
1835197
-1584736
-8407769
804576
-4813578
1395904
1226744
-350922
4335534
6719533
2580149
-2682475
8189186
431240
-3434942
3516256
-3774943
-3413222
-4083083
1462373
-2096212
178727
-378951
5090959
-1695954
-1692539
1993780
-319148
886323
77279
-319729
-3118124
-8204
-1686394
-3961203
1180543
-1492762
803580
632219
1955045
660838
5375099
-8229579
3486603
510197
1077495
-2693712
1217196
-4920060
-1264688
-841199
4260696
1331411
196277
918521
-2096944
-2490831
286372
-1511929
-775555
-5004121
-25909
-1684351
319898
1842710
6529888
-3501196
8675376
-5636066
-895356
157207
-1161995
-3261319
-3455669
1140328
-2534887
-4353678
-3652554
3801028
-5694887
-2673103
941854
-2077432
-1606421
1780799
374704
7574560
1817641
-1746655
652978
4413384
200830
998811
-1302454
2490245
-3937508
-2529756
1587003
1084987
-79246
283547
-4105845
-5212476
3441619
-6546114
1746095
-957436
-3087255
2453509
-1196698
2655891
-333843
-2108797
2056937
-4321763
1359399
-637132
-5687618
-2543824
-1854687
-4097287
5502472
-19856
-838868
3602501
-5045818
138744
-4093429
5620743
-3023583
45924
1915215
-290081
-3183934
-2150348
4574889
-3740652
3210260
-5201032
-1715699
1758551
2718477
-6278797
-5502629
738383
-5288081
-4597386
-550914
-3443649
-4223866
-1436511
5899020
-9145361
166531
-1821670
1948231
-840298
-4189689
4607323
-4419377
505063
-5126904
-3428716
1542738
-6427318
1919866
-1950419
357198
-1490226
-5068208
-1920593
-1913613
-2021447
121851
-1020388
-2448816
2920631
-1206889
1268425
-1991830
1054344
-590147
2519797
-500833
-6269369
-180969
-5030982
-5519448
369597
-1319738
295409
2448539
1844395
2297099
-5452144
-1640051
-4530839
-4031510
-1641915
2189254
5123924
-15314
1961462
492156
-558491
-365468
-570510
1608744
-2151224
4663753
963625
2228288
-246751
336063
-1832126
-2306581
-1266709
-1245818
-1517450
-1273163
-850498
-1837094
62396
-74435
4802422
-1627627
4983962
2788547
-17527
2296085
4951706
1878673
-417774
536078
-7508987
3611107
86796
2499420
-3860270
1930873
-2803023
1953504
-3246418
-2118634
-1075626
4121500
7417333
6096730
-1639145
365077
2438137
695014
1425251
439217
-3755368
2394305
2992920
2525393
-11038
2493835
-2594382
4447284
-3100823
-4409787
-3761694
-5388918
-2659148
5393606
-241058
-6558434
-10077
-1432223
-1002278
3191432
-546928
869188
-7438187
4268755
-2961715
147268
1910
1970950
4141172
2129673
-5657498
-6256876
-5424359
2535868
2452747
-333912
-2305504
2735540
-1788162
142904
-1472782
2197114
-4082439
-6551009
-1858421
-949366
4568306
-1637605
-5191148
-3036412
-1259170
-5428484
-41112
-3805614
-1543802
-603845
2408484
-3611764
1018248
-7217100
-1638122
-3308799
-2071389
-1066816
-2842704
7949
-134750
4076387
4236045
1123884
606398
-1908369
-4300146
517388
212465
-711984
-740538
-662855
-2381064
1908424
-1840422
-1334308
5688829
-4298820
2546856
4130251
-317751
-1209325
-3174604
-644409
-4522963
-350173
1546797
-518328
-4621088
-5091153
-6584493
4303066
-3717887
-781383
-3987889
-3597463
-1123751
-775103
-960608
-6946144
-2470613
-307208
2432394
-1165822
-587124
-4469688
321870
5915271
5151905
-5198629
131325
4523751
795831
-6273592
1121913
-341648
1813009
2359628
1410262
-6713716
-3346218
-1646195
5455119
-272038
6925142
-1773946
2532453
-884945
-4799498
752921
-2942908
6061786
780939
3735001
-82963
-3623522
2188773
1381874
5517609
-5514168
-3278176
-1538738
-3273777
-1013878
880903
3576120
-2848066
-5932974
35006
-1384940
-1392048
-4951192
-6082022
715415
1116840
-243981
9997859
3654464
-3576614
-1122622
502978
124241
9834314
-6751281
1691136
-1227802
1402309
5414446
-4679722
4556621
1575346
-4041741
430389
-2659678
2298393
-2659558
-3984353
2835222
-4395852
-4539421
5045055
6028202
-2585957
742123
-2750653
-2497865
4402481
-132138
1406587
-3930696
-2762261
3994640
-3881974
-2551765
2277763
5552932
2839827
-5709046
-1926364
1156600
3325450
-5507137
-5319147
360424
-279965
6303651
-1757461
-6338896
-537942
3330548
-4348652
-1895461
-2473389
-1104644
-397720
707026
-1871083
-358239
1879346
7592537
4295669
-1315370
-2383391
-7543413
-789125
5353460
3037811
10287466
-2207901
-5764500
-2472409
-5694497
1972451
-2137509
-5477005
-3395961
7491893
1389777
-7572803
-3397516
-85396
-1855499
47696
-1095140
-3761428
-309714
-7147494
3339674
1274372
-4995708
-1421866
1164605
-6985453
1737426
4398140
461925
525079
-75325
2632187
2150933
364352
146762
2077409
-742304
-5007967
5508486
-4680107
-1790196
83564
197123
-1828871
4833554
-1385100
1777570
589606
-4066889
-2899617
-4988367
-427349
-5341576
-591281
-5101256
-646543
2409011
5075864
-809388
-2234830
-5280479
5911466
3576075
-4012593
4535703
3608559
-2347792
-1957476
-4823650
3498216
4014178
6816850
-5783697
-3536619
5367429
-2684727
2409429
-6641002
-2754585
-5369845
-2033766
-1564654
2354631
5821777
-1596012
2161638
4656411
217165
-1058574
-1340786
-5602685
-2078548
-1857963
-217360
4960408
6656524
-2559660
2234019
-774753
-7927224
-317194
-4764640
3690179
2928190
5922583
544561
-670392
2209116
-5723296
4848533
4153551
1614086
564194
4174293
-7425418
-4444191
-3635094
5717819
3096778
-2409711
398399
-3274854
1071457
1261520
4312834
128475
-1512489
1457449
1433451
-3828240
-5828649
-2069324
-1148467
4656370
3115131
1263575
5078223
-1926216
3450864
-2798684
3103790
6129843
-1851836
976242
-2006430
-1108208
-2145958
2521268
1229610
1105876
-7605317
-775385
785533
-3166428
1412785
-5835442
789190
2806862
-3614256
-5097991
-5852272
4185027
-1209504
-769832
496439
-4357066
193984
-6349405
-4072692
-439261
628905
3436894
-1394308
4268522
-858966
-1708403
2358294
-2096361
1553968
-4594925
-3955395
2807807
-6440435
628425
10765655
-2417934
5006634
958553
-4385549
1109439
-2665473
-3619058
-929595
-6671410
-985245
-2985614
1502557
-5154676
14230
-6872474
-2280186
-40140
-4255933
-3456455
1023897
2141945
2519410
2887899
20486
7986870
4055026
8561116
-620143
-498965
-190353
97433
-3361364
-3100379
3294778
755447
-2861122
128740
1264795
-2296485
-3178908
-1112946
-4047689
7936898
-5570926
-2245077
5034147
-5535569
-810918
-1311633
820231
1966527
-5034741
3870929
-4629921
3098397
1879310
-2813110
1609414
-1410887
-5046656
-53638
2521296
3169553
1960782
-2714035
-6950225
3948426
498963
3451366
4699681
1049604
-3942778
-8181946
-215008
-64661
-748095
-1759534
-7759909
1704126
-2744830
-15980
152547
-5302782
-3748238
-5816548
-517730
-540191
-4417849
-3277113
-3184850
651854
7052580
4420094
6143989
-657993
-2441196
524695
-1405162
2105593
2268137
-1382653
9708271
-14528
4021236
-2683916
-4411745
-395717
1444935
-226208
-3391137
-1752130
-5522792
-4682867
7881204
-2354732
-1475958
-6618467
3483780
-4150550
2084244
174263
-3635461
-4386181
-485364
-5249814
6272984
2080403
-1652555
956099
-1042128
1114420
-514634
-2177891
-569051
-413436
-3007629
342087
4169569
-2035613
-5371780
-1417253
-4492509
3732182
5146816
-4722174
228400
5487668
-4056693
-1301684
-2021027
6580731
6054821
-5356616
-6338661
-3879667
4025909
2890803
3895125
3142295
4455999
-2137541
2907692
-6998511
3526575
-2757323
-4585417
1756098
-2441242
-367202
2811777
636560
5573655
-2935730
3352003
-2132193
-2121535
-8748830
764406
-3256751
-3580030
-440677
1132267
1630199
-2251428
1659881
-1067644
-5016501
-3179090
3367121
1115844
4003126
1102222
1507840
5486603
580583
-489674
-5078895
-2989332
2621014
-3155302
180599
478401
1666471
-1103338
-1826281
-1672909
1509423
-5638704
2216702
-4084832
3882212
2935009
-5063782
-4661986
-6010642
-2829645
-1300517
-2328907
-1441557
5465726
-1055757
-2582410
80201
-4571258
2711123
-2244213
-1854806
-5532233
5641155
-1779852
-3021782
276566
2215607
-7727291
2622550
-2384442
-1931184
-3853283
-6634313
3492216
3540019
696325
1964827
-6329305
-5525506
4484703
1369361
-110817
-3768907
1252045
6258001
-6568039
-1163632
-3264382
-1453460
-1575028
-2763112
7370728
-3294591
-1289802
-435303
-3241753
-1250107
-5941523
-6259912
-40413
-6163295
5266324
-1534323
-5009165
3140228
-2754813
-3997687
3043594
-1062020
-1516318
4903403
-15697
2803412
-2384198
782793
3633308
-4205579
-2594087
-469985
-1796000
2879886
-1874888
484395
666242
-245533
2159250
3445955
-3233319
3956875
2054787
-5108571
3066324
-729900
-233786
4600550
2425076
2350019
928763
203117
-2678505
-2815605
1303806
-3148572
6220251
1201894
-1378853
-1589047
-1133080
-3253214
5024152
-2188919
1483662
4714956
-542227
3462048
-3627782
-1648271
2423219
2193843
-597254
-5242909
1353058
-4249673
-7155172
-3451697
-3540452
-3392365
-5440341
-294377
6383355
4586353
-359822
5030884
5177756
7025413
-6339065
-25176
5086074
-2993489
-719469
826588
-1608284
-751559
-2137484
353379
-2059059
-1051114
-1213
-169506
2412389
-744070
-3428900
-5807475
4095376
4916095
-136002
-4537550
-3059398
-3132338
2972198
7407073
-863302
-4148468
-5073241
-2236192
-3524522
2293625
-6720191
900596
-3976879
-1230040
-1104751
-1968197
7227583
-2335452
-721397
-3008376
-1014546
4527321
-2977210
1900085
-5022201
15433
-7043770
-5432858
-8160328
-632180
-2253097
2517677
-1617955
-7617867
-1883285
-6010004
-935771
2641294
-4981470
-3404050
7896092
2429195
-1518703
4484387
-500180
2216967
-4173441
-3888095
5137306
-3898106
-1392321
320727
-2094503
990715
3206057
-2814958
-3290946
-2154467
-482914
-4115819
3570156
-4735316
775269
1660349
8015934
3480476
-2761899
-4923020
-3269840
-549089
-1989159
1110932
2472105
-2719664
2923541
-1680267
-2622330
-2903411
-556448
5142390
8667931
4556950
330094
-5155254
1149422
-1509701
3973394
-975961
-1493516
9155270
-944582
-3281033
-4340956
1157494
-8942740
-2642055
3039235
-7236209
2445484
2843072
-1532301
3322880
901289
-2078160
6428418
7567696
1704301
-2361197
-5030063
-3066435
-703146
-1324237
1292588
-3033946
1710345
-3834917
-1846813
4991375
-7230500
-2863278
-2312891
2900151
1381821
-3226789
6902630
-3004210
-2803375
4098844
-2335214
2165464
-3253361
-416151
-1416132
-3404296
1701331
-913012
-1583307
684316
-8605946
-5794284
408676
-4632926
-1979996
1095475
2360095
-3068182
2591477
7349743
-5477380
-4605415
-2273264
-4757156
-424124
-4433622
-546467
4046458
1392488
-1416498
-1752544
1325838
-2133692
-4137050
1597587
-74066
1169392
-3300073
-3274245
-137550
-3619995
609405
-4849840
-1427233
-395898
-1461736
-2707764
-7100603
-95313
-354306
-5804292
5519744
3589511
-2325701
4763046
-2473791
-2255140
-3612734
-83926
2702115
-1428346
3709347
-2290103
-5721331
-2095162
-1320179
-1154867
-2497475
-4959297
753399
-6749801
-1299287
-541032
-5930038
-1507529
-2704474
-42401
396905
-1352758
-5538227
2315249
2094894
-3149474
3709261
-2886022
5173275
-4458950
-8072420
5590606
-1905151
1171395
-3878135
5256599
-7791184
-207543
-635743
6385045
-3802283
1605781
-40118
-5532122
-2658825
2518941
-3126080
-1568572
-1028998
-2350727
-189467
-669075
-5861083
426196
-6433494
-8491470
6134809
-939198
6535510
-1761844
2336669
-4490688
446113
-3529753
-4546205
2200822
-6802173
-359550
-3001652
432212
-2158578
1825684
3483642
-5181773
-973108
3854955
-7515762
1143500
-5720938
2125458
7519495
-58729
1553870
178867
-5236112
1276245
-6798402
-2722755
1392358
-3506615
-5458248
-1323204
-3032419
-1826594
-123514
-4256141
-5278615
8542947
-2231720
-5267693
4874784
1655924
-1104287
-5045791
319469
-2493381
-1805096
260672
-2572286
-3400654
-4041061
4266114
-385585
329989
-2242018
-2185567
-704223
-2440539
804192
1680669
546279
1374063
455044
-6612747
-6157981
514972
557047
1652506
-6358911
1970680
-3849233
8085119
-1677005
-3411253
-2885812
-7139010
-1559987
5535770
-1215290
-5168981
-2905645
-1816133
-453080
-6765989
423848
-5658060
693969
117708
-2449201
-2570563
284766
-1119714
455871
2670133
-2310738
6162604
6061427
249507
702194
105714
-563115
1702196
125240
523564
3763066
1454360
3498183
-1445902
3243997
5771704
-2466926
1015975
-42018
-7513939
-1256589
-2244853
331371
4174653
-325438
-1329792
6919871
5451457
-479803
-4190286
-1465465
-1689045
101583
182024
-431224
-6773770
4513470
-940686
334964
2997107
3406671
-2183246
-3229910
-2505232
-1823073
4394866
-2811683
-4516573
803048
6917932
1123879
2837015
-361434
-1342579
-3661745
1041922
-3609565
6068745
2652337
2835831
2102968
761323
-4974080
-4197484
734842
903956
3300686
2348319
177747
-2515180
1778910
-6223011
-3173690
-2052415
-2807378
-6241650
-772176
82065
-2928085
-1713414
-6000646
-2090200
-871216
-1784107
664565
2274387
138431
-2189681
-2180520
-1676114
880317
1519569
-3433725
4228498
1332088
-172332
2379994
-2989914
-7900178
6823463
-2580563
2112865
-3509039
-5678103
-1603084
580814
452411
-3306212
-313218
-4429200
-1434593
411468
-966546
-265416
4904760
3302746
-791978
1481572
-3640047
-2169257
3092391
-1513889
-141993
-4236531
-439467
-2613694
4990330
658192
-6434314
-2479372
-5011689
-4408647
-1629655
-1654932
2896106
-4257140
-7077374
-588719
-2897871
-3156625
729426
2898132
-3392391
1544978
-4654976
3439455
2780342
3097695
3894428
1902814
1405102
-676735
2996790
314532
-577932
-371734
-3053017
-4895172
-6743241
-1458068
-1841072
-2043753
6913858
23536
2219088
-5006272
-772099
5671062
-1678574
-1464877
-4401810
3569531
-6553140
-8598401
-4352441
-2461901
-245421
-4927665
237231
1546604
-5802855
-2937349
-2500452
-1177333
376718
-2033407
-4421426
5927240
-1477901
1853737
1423508
1568647
3026134
-2032463
792926
-897298
-8355
4676691
1031098
2514264
-69981
-520918
-8012991
-5290781
-1180439
459577
-1710231
-444676
256425
-1764978
-3002305
-754845
-6694204
333382
1693284
361222
-3988117
-6958373
-4995088
501101
2400252
6855086
-1501781
-1192497
-696519
-1896319
6358683
-2953549
-2112575
-3468427
537352
-2418215
-6906175
1182351
1139595
555272
-6975679
29327
2138770
1776500
2705081
-4350028
1633898
-4390215
5677265
2091571
2000155
6929328
-2317724
-1405046
-2455119
6377773
-2628069
65756
-1183691
-4369633
-1958305
5501644
-835325
-5218995
310287
-2569106
1711274
-4027453
-6402442
-3867812
-7777217
1105479
2894834
-559484
-1715049
-1751744
-247268
-456149
-5095303
-3935225
-4061973
1578217
-2194149
2972528
1133494
2860381
945565
-3792981
1708342
6572307
-938874
-1372699
-65650
-1851906
2799844
2221617
1073528
-2856498
1152037
3480066
-2549412
-319757
6253694
737893
3606767
-3079587
-3002340
-4171975
-3725955
1103034
2391197
-674750
-3422198
-2714776
-2352295
-5182384
-1615463
-1434372
-1185664
2696169
6865067
-5909448
-6276195
-2673331
2430816
-623159
-4511448
3813913
3906755
282051
-7962050
759232
-5671644
-1967664
5684784
-2423949
-3833394
-4416824
-5052612
-3152503
-4162674
-6279517
1632923
1106327
3552550
-4676661
-5264265
-6297763
2191821
-2670801
-3839649
-3914625
-1302392
-1712357
-2219008
2880422
-2215870
6641818
-5761933
36682
-5193913
577697
-2743080
3753946
265065
9121583
-2723425
-3968215
902068
1260771
-334857
-6000724
243804
-4754207
722674
-375592
-2883231
-187628
-4354306
877954
1005106
-194180
9024982
-5168872
3743412
1396031
281849
-3651511
1382387
7921785
1134350
1945689
88907
-384905
-1724659
-3252728
-463426
6334364
5037675
-300808
-344843
-2795892
1841569
-7738539
-3002785
-4288147
-4600018
-1913838
-4931642
6334239
-1947320
-5973578
-3111959
3064325
1837694
3060035
-12101
582500
-933627
-2929233
3913013
2842150
-2066545
4480118
-2936204
-476005
-5686817
6431838
2753582
-3321125
-703917
-4469499
-2402248
2388952
-768261
-5671794
-7298210
-2672039
847336
-186397
1727685
-5075237
2972296
-2073015
4017093
-3931966
-5148959
3477191
2824815
2473540
-5651327
836363
-4682716
8188918
-5694087
6084228
1002327
-4124462
-4305435
7155291
2645156
-1043594
-2127138
3116181
4109982
-2268606
-7109868
818340
-4239522
-4368674
4948882
-1131750
-5950256
-6702725
5864123
2869090
8355557
-2648175
-840347
-1302832
2888656
-4091684
2851358
-1414879
5892447
798142
-4745286
1235729
1881071
-2654194
-5743881
-1197905
-9556169
-438694
-4674810
-751066
-7052056
-1743952
-5026809
452387
-6567567
-2143943
4995368
-3610115
-2283530
-3280411
3089697
2443767
-700977
724355
1284662
1611051
7503916
-7220130
4664516
42023
-758763
6077645
-6452015
-3773561
-977474
2311824
868095
-3776280
-2008309
918908
-2964157
3201330
-2276389
344717
42970
2643353
3799800
-1566389
6223182
-2502420
-2458393
2103416
-205039
-5803705
-322719
-2192540
2282360
-1826580
683261
-1277276
-889973
3103499
-6445271
2168711
276451
-3666667
-1525328
-3124272
-5182560
5557549
-2444212
3297554
2631426
-5717398
-502043
14074
3482386
-4378505
113911
-5202488
-2506334
1289171
-4422869
6376307
-811884
-2027392
1993443
1834725
2678643
3206187
-3728024
-3990595
-3351082
-5237939
-5238923
276795
-301844
-2923313
-3506037
-4436541
-2436513
936240
-482680
-3719072
-2892155
-890398
5826608
4822847
3339845
-317709
2000645
-21001
2319178
-3165448
-3079828
-5218180
1609840
-6565527
-1644301
231115
1565655
4812814
823525
3509540
1295563
-6043069
523812
4289608
5080427
714296
1867962
5877439
-1153665
-5045471
-2801534
-4633927
-5224070
-1740502
19058
86963
802443
-5240054
-6572269
-6025479
-7531564
-1744505
1557180
2436354
140781
3866143
-1152791
264566
-2868402
1235147
-3722255
-2654117
-5479898
247356
-1020661
182342
-45285
-1442348
304279
-1567737
-2209974
6224151
-6501428
-2095505
-349035
-1116976
-2720094
-1033622
-4235939
6667365
-1474932
5851601
-1038445
-1890935
-1535182
336590
-3263795
3675465
2332286
-7840503
-1428458
775495
-1816733
-1300958
-1980096
749243
4026327
-4650032
-4818547
3690078
-3693707
-2075729
-5052379
6091384
-45366
2613006
-929626
3478905
4578035
2675753
-943947
1336791
3168560
-1784661
-2408864
4701005
-3528290
-2981114
-1720694
-4137238
1796033
-1965023
-4770346
7039747
-1087061
4211577
-3030788
5072989
4351860
-498924
2848044
484948
671482
3007372
-597069
-3203600
617141
-3820515
-4134994
1268049
-1232487
-179038
1778590
2221645
-467336
-3683304
-3184977
2093782
-286490
-1562576
-1258299
-995992
-196453
4017864
2367897
-974904
-2735660
-2511431
15443
-5660416
-2346177
-6827653
-6780249
-440522
-5488637
2701308
-225349
-939268
-7450750
-5707858
1692605
2096832
-3080440
849801
1116566
-4175665
-220701
-3055047
-4232520
-3184132
2473938
-5033040
180871
4766602
2058778
-1102570
1608398
-1237750
2096181
-5509909
1889012
-117529
-1078257
-4091687
2242185
-1014407
-1195891
305869
-3153877
-1326152
-4556162
4716731
-2965474
1068542
3050210
3039344
-5312901
8129791
224545
-531644
1597291
-1496883
-1606725
4653868
-8631066
-2843139
5684381
-4398675
225084
-2675802
-3434289
-3156303
4252615
-3431279
-58572
-3575058
-2916020
339444
-2879930
-97770
6472991
-3801710
-89686
-149599
-6192845
-605004
2548363
577244
2062692
-551093
-2400303
-2178218
587613
-5482860
1124717
1679516
1858454
1267547
-4551542
3742571
-5858886
6444858
2709970
-1562845
-2901291
721662
-1943147
460205
-1783608
3967970
215912
-1475211
4099239
-4264030
1459207
-740441
-899165
-4048240
-89908
-1969345
7447482
194750
-571112
-5079786
5458416
-3206478
-2650374
-5431669
-6993218
5162774
-4861431
-3003093
-741610
3280551
4545298
2315550
1393307
3384452
-4068431
-7024721
-2875231
6207695
4785852
-104824
-1365007
482195
903473
-2166305
-5037269
5834796
3782003
-5289586
1535824
-152635
1531349
5787400
-2954259
-468780
-1149641
-2486163
-3762211
-2514311
1238368
738757
2030626
1907611
2550310
-1689388
8768647
-1345567
-353574
-6936253
-922510
-903767
-2114985
-646110
-3051217
-1509694
-2071118
461969
-3845306
1449843
-1657705
2950617
1223664
-195549
4132601
2147584
-3749630
2633953
-6649600
2302752
-546711
-4690536
-4358564
-434867
-3066807
-1741611
-1959948
-126583
-5369368
-3017262
-5215084
-2312082
-4458986
834912
-6901914
-2539426
-2446861
5318021
-96933
6724490
-1421259
-282087
-1744524
4343634
-1245194
-1108691
5574455
2185869
-237950
-2971310
-2779852
-7110246
-851789
-1813911
2459767
973775
819944
-1954916
-1139724
-3325271
1813992
1493072
-1891720
3058629
2721201
2553112
-5141548
-1382904
2053517
-4754244
-4302098
-2344334
887768
-89853
2800917
-976524
4037575
3162403
-1791756
1283111
-4689318
3646061
-2707323
-5117954
788000
3335097
-3541332
-4757052
5741115
1326399
-1987646
-3823234
-603527
3905272
3587530
-3968031
-5387282
-1639535
-221031
-3531923
5064786
1553674
2326725
1506526
-2050255
-457992
-1516392
98138
-1635703
-810426
3086168
-3136657
2183691
-1107663
-2644372
-6234932
-33574
-671529
-1229238
-1649151
-1263832
-1673698
1008514
-280349
-2086809
9860648
3983116
-2893531
6246599
-34417
2309978
-5310831
873092
-2768869
2055619
-3295777
-3430880
3072816
-591391
198975
-3002097
-3896164
-3060575
5043130
3529528
571684
5984017
3994141
387056
1322769
-1821923
-507881
2583742
-1930427
-3501121
-1370145
-1708359
2143272
-2794075
2880393
-3121145
9996283
5082520
9682530
-2018409
2557248
-2778768
-306037
-1884442
-1053763
-567814
-783691
4842997
947857
-4385202
-198619
-6879000
4520849
1629126
-3513048
732582
-1623541
-546940
936198
-2289789
-1047989
-6432012
-4641693
-2136469
2371977
-4368580
-5127059
-1969127
4409068
-4109391
-5355094
-5117867
-2973991
4355755
4609274
1025765
338984
4233830
-1446696
1219106
-2855485
4240376
-3740513
5807385
-700394
-1449260
4411810
-6017908
4032613
-4656462
-3979922
-7145436
-1474587
-2247705
-6081861
-1254655
2252555
-2625197
-7602593
4622111
1027799
-510121
492248
-5482778
-4791278
-1748967
529313
434207
-3168229
-5400382
1756758
6955410
-5489721
352772
74330
2472115
-3342435
-3005283
-1992186
-1199335
-4455194
-1045292
-4293038
3494045
-4563836
2095323
1416618
-5638324
-2684444
1154294
-1598090
155952
1003730
2062058
5734926
-1873015
-3158668
-1395891
-5667540
-300585
-4382624
-580715
388555
837376
-6115
6727786
6730826
1390647
-3319838
689138
-319713
-4218984
2125825
1682636
2921251
-42496
1922990
-1006528
1596976
-3119473
1148019
-260109
1363024
776879
5473400
-2246761
-1369807
-2223156
2525650
-1467918
-2719597
668485
2164585
-2524635
2638957
4101888
-179746
-1040362
-2046172
808264
-1981165
-1899860
2508161
-1804665
7128714
-534122
1572823
-607805
-86100
-1171026
-3456965
-495491
-104975
775138
1499558
-88964
-2649396
-1789331
742182
-1331546
-3363400
45910
3317770
-7789602
4421066
892323
-5111611
-5318047
-113888
-449155
1368283
1980127
-1773722
678940
-4675547
-3067906
3691820
-5445253
-1777525
-4923964
-3744675
-3363374
-1755372
2381852
4937315
-3035916
-2153935
2186408
1594117
-3706355
-102656
7673777
751587
-431641
-5308597
-4635073
4377155
528782
-1034111
4666334
-6472658
5601995
-5547855
-4308363
-7333170
-6042225
1234419
-2139372
4446781
-3524128
-1399176
211964
7856910
-7117167
-3090582
-91255
-1468312
-1769981
759356
-5342334
-2805113
1711664
-38858
-4479149
4202001
2873189
-495643
-2283579
-2698717
4519221
4058607
-1266244
-7107430
1814872
54333
1783806
2175480
-3989534
1366114
1065708
5619990
-1292693
4562642
-435331
-5429632
-997023
-4359424
-588098
-4362133
-147005
103507
4736616
-3454063
413870
1341635
-3632911
-2454250
5325513
344755
-1685736
-67281
-5535228
2669538
-1360283
-3807304
34288
396000
-6735379
-1379339
5427521
-1635848
-1880007
1992836
-134993
-294792
3147103
3176545
-676453
-3610870
-2966104
2271981
2495005
262827
7019786
-1551290
-5555548
-3162365
-2507646
-721946
-904291
847249
-1896652
407277
-4978483
517437
-2376478
-1605971
1833252
-3085079
-4071301
-6577098
372147
-1328332
-2862913
-4555056
2125741
-630454
807147
614144
-329102
-2561551
-3486983
-4711471
507381
-7210624
-3406685
-745175
4307287
-5542669
452652
-6862791
-2864093
5376398
6593731
4062676
-497079
2033238
2287661
535647
-2526298
744893
-4534052
-2255163
70744
-4859096
130630
643666
-1397584
-4019158
-1070380
-3889890
1874791
6130769
1459424
1879604
-7614686
1434602
-6039262
-1594213
789105
-2745023
6344002
3588085
469487
-3080872
-2937866
2358161
8194635
-4648639
-6371046
-5854231
1295251
-891278
-2300380
-4391154
-819717
5229495
-6080756
3620922
-1695464
28243
-2904246
-1182966
-2441146
-4491276
5428984
-1626355
-489256
-6073219
-6035956
3759518
-3597049
-2597586
-6393949
2873508
6590679
5780183
482764
1235382
-5034213
-3208963
-4826242
-978899
-2629219
-5331790
1085738
-315803
3183692
-892341
-2068722
2250026
-324597
-3513445
1597580
2219385
821928
-7528767
1084402
-7009594
2021621
-3128305
-1803906
-1250724
2562137
-1928962
-3377099
653367
-6119167
3883610
7825566
-1510318
-2652405
1616720
-1288387
-4965497
-4257781
-2865439
-1560652
-879956
6838511
-114905
-4114718
-4107378
-1679865
-3700548
-6344013
5129080
394680
-2930745
-6564166
-7141787
5069047
76529
1146143
2957614
-5294694
-706115
-374034
-733740
-3252940
-2022407
4765834
5923411
-2877977
3974820
1434278
-932556
1655947
8380520
-4199245
-1432339
-3467681
4473101
762021
-10777
-4018577
-6717190
-5407591
3128148
-527231
-4249876
-3481264
2856725
-2107527
-4191658
-3481393
5524341
2882306
49645
-2989748
-1371370
-5244683
-2693981
488963
-5304409
-1754121
-2530913
2539608
-6089422
6605008
1061504
-2924538
1686388
1665555
-1254651
2922570
-3117033
-8230838
-4686359
-2654152
-3730345
5211994
8863497
-4558588
-2097586
5816014
-2649715
-4973167
-5767730
-2882672
-8235943
1462148
2118872
3680829
-872699
-3879443
1071901
-2736724
-3257332
-3989128
6141288
2789739
-3492814
-5852428
-6621835
-3700241
1788532
-4685305
3235412
-2616669
-3653208
-2924963
787938
3550256
-614875
-2072364
2316037
1572716
-5531541
-3940444
-15172
1616358
1707381
3554618
-583750
4645129
6895182
2345950
2025926
3961065
-2521653
-947072
-2393567
7760338
-3058502
-6311967
534134
2577
-4564182
-1259303
-1085760
2101729
-564229
-4905167
-248240
-155258
1079968
-2209295
2836425
-1508435
-2826333
-3592060
-2013886
1153652
-4061852
-3161878
-4690107
248320
-914734
-6520691
4828662
2614370
-436940
-2206214
-4914478
-4478841
-3146800
-3412721
-4787816
278140
-226334
-6812218
-455816
3827029
-3687132
-3742521
1199591
4984091
-6985297
-570571
3581455
-2944289
-2012814
1667296
-2160977
-3756175
464635
-4496023
-3952025
-2652515
1044195
-3768720
-617443
5918003
-2722380
6531974
-2839488
-4563447
-3258114
-2656590
-7013713
-204621
-1008720
-1081334
-1444588
-1061093
2752257
505461
-5022435
-4202075
-3481752
2799562
-4425421
5777879
-2098778
-2707585
1874169
1058154
-4409289
6390019
5963122
-2438700
-1826968
-4146253
-2748808
-1806369
1055582
812533
-2036598
689598
-1139811
3713648
1352121
-2219036
1501381
4085052
-839918
890898
2278300
5702795
-1349698
-3304534
-3599075
-306894
-3885890
-2965485
-2870313
4388842
-2873856
-1158633
-3873382
-2384435
-2063450
-1363747
-3652732
-1395781
-5828375
3600585
-2269563
718786
-1524877
-3362161
-918403
4463843
691873
7107619
-2109664
540022
-97236
2844985
-1919404
393777
1024904
3562214
-505738
1429026
-271856
-1127679
-2685089
-2088786
-3931855
1618959
-2178099
-7152319
8211023
-2525222
-3142106
3326150
4264556
-4709371
157560
-4469254
-2324930
2159524
-4670264
-2393885
7601407
-480798
5565659
4952695
2296833
918611
-3375980
-3410700
-7688461
2587431
-3655639
1899208
-5062799
-4645145
-1659684
76843
796838
-1912695
2650938
-1552980
1065230
-3283374
4362834
-1900350
2783768
-2960900
-5068582
1503518
8766997
-5982491
-2192810
-1248278
5580667
597593
-2300680
-2299138
-142019
2154377
618594
5791032
5305131
4682461
-41091
-1237253
-3576821
-973367
-1489476
6068769
-1613640
-2095529
1314529
-5185906
-2797790
-4920090
5200531
651303
-3411881
1157103
-5203
-4528284
927716
2186258
4600027
5492998
-5074625
-6058379
4483173
778943
2138949
-5905336
-4652010
2935391
-2145971
-1559122
-3604169
6499577
3670511
4652606
-3647108
-2506306
-3015328
458756
-28164
2951494
-2434626
-2437676
-1026335
-4649722
-17511
-7379269
39738
-758214
-6904170
70986
-423722
3451696
7595929
-1793196
3592893
-2828592
3987001
1601353
-794691
184168
-3277912
2092179
2889322
-4548098
-6350681
-1970370
943403
6444299
3210004
5722394
-5115310
5560837
2926114
-394869
-2820573
1697371
-2532207
-1773728
1279737
-2820123
-564206
-1412455
-5528120
-1818921
2529653
155978
-6375135
-2125652
5527086
-885913
-425627
-4786182
2139345
1068134
967604
2899430
3255796
-3369249
-2715441
-2442056
63372
-2441914
-4736959
-2935709
-3175462
860280
-729646
-6987108
425965
-3011094
-4195286
-892460
-28846
-895226
1480973
-291766
2410465
-211322
2281578
-1315587
525186
-2159690
-1822870
82244
-5102766
-1356478
-1441516
443048
-3222974
539741
-1371055
1720333
-3717453
1978155
9779327
2029568
-3966793
-2595641
2626323
5678531
2815
-1314109
4793179
-5692959
558841
4994361
2127510
-2442111
-4335184
-3493655
2994439
-2162678
-20674
3473477
6553097
-1043309
-391086
-3490535
-2585154
-866155
-1372731
-4368645
-2641142
-2165853
551193
-1419390
843098
378514
2783532
-4050207
-1513756
-180452
2778848
-2427747
-2294909
-4403025
-3866378
3283303
1979441
339765
4077858
1197075
-3964904
-252806
2957202
-2117498
-1828730
4518394
464792
-651672
4361555
-3577846
5395429
-1793006
-892829
-655147
-2393641
1622239
1159142
-3299294
483767
6109446
-1767648
4375328
-3008915
7393139
1784523
-291150
906610
-2709922
-1713188
496218
2051388
-4164798
-6596391
-663325
-7019428
7680226
2110720
-2941993
-3107404
3696251
131893
-1662859
-759297
-1365068
-1937517
-3342966
-3448269
25502
1434671
-1205002
5186044
-5275326
1200949
-932757
5869472
6420435
4753101
6843564
613362
-3493016
-119783
-3497339
6429919
2001226
-6882958
1394492
-950732
-782596
3699020
38834
-2818449
1576869
2198869
-372999
-1496444
890151
2550354
1161978
8376061
-725470
-4120642
-1561715
3042040
-1575285
5730089
-3412831
3434225
1560737
-676146
-2095770
-5270494
6804629
-3317416
-455252
2651543
7465153
-3906596
-6641924
-3514932
2037537
-3679675
-6665072
3159068
86413
-1390288
6186674
-3265289
1755900
-2345399
4281251
-3345144
-850112
-1985846
2495550
-2165287
-4733675
-2060280
1944824
-846829
-5461943
-3513111
-236076
-1374354
-2194254
-1829174
-3400650
631707
-5102196
2211600
1366289
-5925603
-8009521
114049
-3440597
-1851851
-1321773
-1397344
-2002673
7197356
2561287
2054922
7185020
1787406
-7849813
-2310107
-5956543
-6907592
-5630535
-2702042
-2349135
-6522688
-627432
1058603
-4171789
4831258
1985156
-3973208
-2055308
363039
5200876
2185723
2387437
1127661
693515
-4703534
2071635
-5062496
-6574695
-2614934
-5439906
2634846
-1792572
2399607
-488508
1061559
1227428
1286790
4609362
1064576
928646
673085
-2319557
1910538
54103
509531
-2274429
-2975516
-2189863
5468739
1279870
2750454
-834766
-595439
-1955560
-4516617
788648
5981428
-2504802
2623004
-1494801
-6585771
-6701291
1008308
2217504
2865679
-4036154
2850450
-2158474
690885
-811868
2157759
2086424
-4403902
-1701482
2296600
-1236205
-2281375
4313955
-8022658
-1952758
1271931
-3556493
-490233
-3256193
-1132305
-4217606
1709719
1028717
8280285
-4099079
-581155
354580
412688
-1627795
-1275682
-3188551
-4375382
-2883882
6372033
-1583656
-3349804
-5186733
1109636
-1524383
1676973
4829701
-2804985
2440238
-5452236
-1447037
-2737609
368096
-3505197
1032875
4915151
-4663759
1456853
-961934
-528479
-2559721
-833844
8947745
3808185
167325
-2993406
961088
4447041
-949087
1910469
-1110222
-3519943
1592164
1074974
-1635868
3064813
3280637
-1690797
-2747863
-2553791
1062679
2344554
-1833058
551825
-5362057
-1834163
-4995703
-2842016
5726645
-3393744
-739355
-120104
-1221179
-1315939
1267122
-2921747
1790740
-4636823
4646692
-8564644
5618783
7306855
527201
-2551536
-2490529
-4573893
1385115
-2582084
1135366
-952275
-1885465
-1077680
3955684
-603735
-1938114
-51393
-2120119
-4585997
1747134
5445919
-174954
5987381
2893389
-3599937
985382
2359772
-3147702
-547413
-479384
17193
-6784710
-937462
1463865
-2192463
4363771
-844929
4498219
-1005498
-2602822
-666142
-430968
-507244
5072712
2542657
4225687
459676
-3454546
3141662
-6206913
-2572410
2324257
-113164
6080975
1851072
191548
-4174310
-1165286
-139916
163600
-6106403
-5193843
3971566
-172317
-53101
-4374931
102524
-2330495
-2414111
-7105079
-500891
-4242582
6033680
7196645
5734677
-5182889
1617568
1652831
-1748143
7730073
96588
-4990449
-5949641
7644864
-438281
-3133326
-5019300
-6419644
3092866
-5627686
-4227092
794694
-502628
-5855355
-2434591
-1706110
-2838807
1183684
-674771
6554872
-5053736
5030264
32318
1238197
-2194171
1501387
2106744
5014639
-1180802
-4448373
5822781
2248095
-3874082
-1293268
-2247375
3746774
-5973845
-981748
3274883
-4506631
2350190
-3863802
-2918242
-1818373
-5165722
3339855
-3305383
5046016
-1059397
-283503
547764
3181383
-1377446
433508
-2772834
-5234975
-1227562
5329913
-164035
6255321
7076219
-1564320
-1870255
-1566566
-3103034
-1227966
914500
-4867618
51339
-4103311
-719192
-7643118
-887759
-2889327
1335721
-2085365
-2204608
1338455
-1992939
6043564
-3186461
-4368381
2621693
-813384
161223
1674991
4537417
2343559
-1245984
612331
-3086862
-2460889
-871674
-4225294
-6358353
-3234860
4894299
242313
-4668827
-3833073
3510763
1342873
-6422438
2889785
-5807405
-5630704
-871736
4779338
2575763
-2628480
4762463
319265
-1217319
-1344893
-1829565
-209797
-4954477
-2464204
194154
-1421648
-2904466
-3218041
-280698
-5504860
-8771042
3419979
3254964
-829551
-2004049
-2808097
637420
-1641813
-907595
-8931962
-1727749
-112979
-8103302
-23524
1012810
-1412317
-3221696
8253311
-1168878
-3468819
-1727815
2274928
1892261
-1904838
230291
2079488
-5148469
1239547
-1317243
-961358
4267247
6528856
-2206587
-63547
-7459506
797626
-643692
2416449
351181
1060783
-4423686
4151933
3154366
-2348152
580018
3591700
-1401891
-325693
-1236395
-6826140
-1273503
674415
-8070764
-219813
-5229386
161204
4015833
-4011542
2999453
208706
6445163
1195264
-66574
-5094632
-3939918
4338900
-5789412
-1067070
650149
-8548893
-5507930
-5361128
-222179
-1369740
-5637553
5578472
3237091
-339428
1952231
-3010072
8058
-733910
-3876660
-3265738
-3588701
-4514712
4503299
5023338
-14684
-357105
2355475
-4575023
-1531841
-1031477
-987914
1876301
5632469
-780825
-835136
-6369210
-2683811
251473
-3236256
-5372519
-1094770
-2604441
-3348914
-666881
-4952898
-11061
5663736
-287252
-1887093
-4060250
5571265
-3303071
-3234062
1181017
-2449451
-4150171
-3459325
5357337
-4629398
-2196194
11380
-3273110
-1586603
1128924
-3006768
-5932019
5891357
-4890306
-2625997
1166743
2357792
4779404
1353426
5599464
2035424
-2245728
1250871
3270810
-3635384
-2538028
-3379269
-323972
715561
1697272
-1726582
-3012997
-3352537
-1009008
-1754914
2293841
-2367217
5020257
-7311838
182272
1275084
-7181128
3891098
-2421894
-5966027
-1581497
-690397
6377116
-2783569
68647
3190494
-5252456
-59428
-2209341
3843253
-3996156
-527286
2607046
-2543141
1640232
-2081378
-4313619
-3279448
-506761
-3430060
187294
1050525
-2941735
6740855
-1162111
-3235285
-3012037
1684378
-5495207
-192363
8677775
-3948336
-1859463
2648123
3080538
1531442
-3021279
-1136812
763192
-2290765
-1039098
-1448160
1428552
3025663
-633247
-383666
4009019
-456587
-1387624
-1883609
-7406530
-2425459
8288076
-3954751
-3611168
450421
1934114
-3086711
-171975
946513
2946565
-2179239
292365
-3881692
4344183
7685291
4924850
-4486505
3267618
1050067
-7360468
-656923
-4078011
3047776
-421448
-2633823
7767540
-2265446
1307539
-6324218
-5890337
2511843
3242398
-4327396
800601
6004276
4322584
838612
4774479
-1574245
3131413
111278
-3083737
-4549049
259183
-2253570
5300750
-692890
-4672014
736812
1828855
4235893
-2534811
4091643
-3043396
-410240
-400942
-1587942
6117862
-4017443
5377612
2099438
2223449
-2129422
-4298562
-3723295
-2779660
-5528422
2078156
-5376685
-1567002
-309901
983991
-283608
-2228362
3262839
-2023402
-4486773
-3284271
-7934668
1706513
-1066692
-3959114
-918620
-2896738
-3308963
7279554
-2803748
-346628
-5995957
-6211688
-4246165
9471324
1820803
8283933
-2282015
-3230723
-810886
3199230
6506287
-5955535
3727333
-1127645
-6830055
178365
40581
-3443279
-2097350
-2116307
2123000
-4882590
431994
-803315
1288781
-6567218
-6456853
5175262
733898
-875513
-625251
-4061732
1869753
1667962
-4375379
-119240
-1651548
2426600
-2784878
765363
2895231
2975129
822865
-250962
-1076100
1486825
-1326750
-2276949
-1453006
3048381
-483165
2295392
5835342
6100411
1899610
-1382608
-108147
-141532
1792489
15681
-2167134
-6506789
-1519119
-2245770
2394760
-534889
2204574
2699957
-5284442
-758673
-39564
2814191
-1013937
5741087
-5168038
2261448
-3198352
-6051208
83050
1047663
-3354918
-1031741
-2690923
-2145286
3712619
-3559302
3219246
-6054953
-3681218
-4920555
2187657
-2922903
235620
4115522
-7496824
1333705
3813847
-1115164
567623
6040521
-2192538
1998005
3949862
-3449912
5619074
576894
-4198324
3812280
-3269418
2134917
-7074323
-2218924
-2070096
-2733981
-719434
-529145
2203767
-2017249
-1083009
869405
-3149426
1932483
1527234
-5320938
-2952328
-6504681
-5595867
-4006503
-2998089
900469
-761248
-3530481
-2973743
-2166197
-4855002
-5392322
-3370622
-3239908
-3203499
-695070
-8286108
-3167248
-2823234
965930
-1842117
-6181070
-776848
1774766
-3183388
1922737
-2985901
-371444
-4559512
2693999
-79495
3619566
-4179123
-2345994
-1319082
1877558
2186404
-6210294
-882211
-2595205
-4102817
-1010251
1215991
-382926
-2585969
-2255243
-4397356
2305853
-5755902
2634364
-1295338
1794426
45212
-4652496
-978267
4141758
-4671819
5115591
-3874763
3397084
-5367211
1238975
3516307
-1732256
-2713421
1427988
-2633557
-3024077
1561523
2360006
1798503
-4671119
3977430
-7222139
-5111483
-1953754
3334069
-1742481
-2840663
-1950088
1082728
1442280
-2467898
-1566787
6308290
-206495
1165703
1414894
1900841
1431541
-725561
-508064
-5804124
-2194034
2656622
-1459282
-1155722
-5525097
-2227500
222352
2023623
1066463
478936
-7510359
-6538452
3888177
-1924538
164178
-3596678
-2066746
-758597
-1775555
-2073022
868530
-581776
7026971
-2332587
-2553741
-1277717
1324201
-4008545
379528
-7791446
-884205
-4836580
291090
2323731
3075253
2211746
-2103598
-1435145
-1876047
-5853957
-6401762
-2839952
-6761521
850847
813951
1009185
2401844
-3292573
-839297
-1822151
-1255804
-1014886
4312610
-1918994
5568523
-683502
2736255
54717
-4558961
-3694755
-4382573
5027901
-6994917
-2260752
-1704936
-2647705
-417195
-1030707
2358493
5913923
-4263822
-3174672
-8224868
-3223003
1939570
1116520
249410
2260440
-28879
-3104327
-7395044
-3303300
-3963606
-240822
1942308
497985
-2045626
1728359
-3129692
-294736
-4474969
-2730010
1773822
-74586
1778586
-1770036
-656949
-30769
-5249869
117942
2931533
5579350
-1269734
-1883815
-4232424
-7147090
1379330
-6108720
804124
347837
-61148
-2245971
804763
550920
-3775821
5919542
4483698
-6852334
-747530
-552659
-2501466
508311
-3008843
-5374092
3997457
-3401745
-559279
-4837469
4799476
-9667
-1375659
-3786428
-1366985
-5367791
2672510
-7216118
2674233
4210152
3559767
-3377402
-3435623
-2423484
-1046156
161921
-358885
-5670272
-2619538
-2299714
-1153517
4402080
-1073890
4607818
2201133
5406320
1888200
-1974651
1522430
-7138585
641564
1424455
-5168951
2071337
992842
-2963411
-3482777
-3069437
1666588
-4672289
-3199942
6984439
3793396
-1629978
-2312703
4558850
645093
766150
-5137150
4492765
3412572
-884108
-43761
-4480881
-3064914
-236296
-9330349
828780
1201795
-3043121
-1609454
372210
469868
-1920627
-139257
1869717
-301633
-2407644
-3027629
-1449418
-1503000
-1094315
2704845
-982232
-303305
-1175288
1012654
-1906823
573979
3596189
7615382
5443773
-2367822
-2977113
-5256049
-2667440
4972247
-3190388
-864780
-2350108
-1090584
2622296
-6574787
1319304
1168783
-3370185
-2928190
-1931802
1307173
-692666
107217
3957477
3298660
-4370144
-2747182
-7767135
427750
-2231694
-2348104
-3022663
-4783129
-4143843
1457904
3554629
519786
-4005417
856670
-723303
5861553
1847311
-3753235
1319036
-338893
414327
-213710
179104
1707222
5668266
185745
-3422519
-1508117
-2953374
-2582962
2225180
-1056140
-3525890
-1959145
1128308
5863606
-2191046
-3295596
-993370
-2763004
-1711866
-2511092
-3481648
697591
5906489
279600
135031
1724935
-4428348
178720
-4511356
2684545
3738880
-4606695
2718473
4601723
2085620
4212093
7024087
-1607347
-5586863
2461557
-3721284
8138657
-400196
704239
4554385
-2539964
-3762576
-6952403
-966297
-1430145
-1869025
-2914212
758379
3275532
-4741036
1962164
-199837
-5069225
-1682111
-5232445
2583589
-6890687
937104
-2773335
-7326787
-300937
3057508
-1923439
-1644931
-1498191
750431
-3414115
314160
-5870107
-1401279
415936
3942947
-765762
3007238
4989320
4372789
-2643352
-5089922
-1464878
-1374906
-4370147
-7249407
-2531408
5397565
-3097522
-5751780
-2446176
2775971
-2368636
-3246630
5906405
137331
-3732987
3654087
-85271
-994137
2842702
-4261143
-4809092
5969428
1891883
-2152801
178
-3255372
3374287
-7251400
-619340
-5364552
-1498920
-4379334
2483063
1935240
3302269
-1054743
1075787
-1349148
-4478035
-3016901
-3629140
3608333
1497458
7446517
-2605727
-3104686
-1061607
138357
1412171
-1326336
1483726
-3552641
-4019088
-2333443
-3000062
1220090
-5389896
189802
-2983818
-5123057
-582028
2477149
-2219662
1340067
98894
-1596158
-222787
-1973720
3232794
340438
4416110
-2748963
-6559098
-2464829
-272938
3813831
501212
918510
5274596
-3403394
-3426161
-283505
-1252106
-1633895
674207
-1319726
-692312
2570569
41395
7858793
-960204
52665
5580803
-3484204
-4842075
5220691
-1102969
-797119
-1700135
-6691195
-1850601
2572634
309016
-2733673
-2292542
-4584471
-688907
7050834
595108
-1579579
-393141
-1490839
6214999
-4251061
-5549117
-2352421
567598
-3057054
-627964
-3793554
-1301738
-3146416
-1034893
-112859
4210182
-2015731
-1899823
4749710
-770477
1422613
5355725
-7172105
-2238758
-1929314
2387695
621797
-2814864
-3769160
2315820
-1934203
11524567
2459021
-1214726
9284864
-3596419
-1857178
-3393762
-361836
-6466105
-2309628
1263872
-806372
-765847
-514696
4845148
-4010221
-3607174
-789182
-4964554
-4916626
-3847259
5802844
5737986
-2132432
-2012517
-7239947
-2971932
1583606
-155766
-5138871
-5931822
-1714617
1494472
439281
1625267
-2609524
-5374625
4148289
-4905324
-5327620
-3476911
-2358702
-2158417
-2005687
-1908301
-528723
6308578
-6121408
3133987
-3609998
-3925186
15458
-152290
1194355
-2571616
-2304242
1742934
-7705337
-1125388
1662982
-5233519
-6679473
789012
478353
-299945
-738478
2761940
-3310158
1892415
2848924
971446
656411
-232549
-694042
2815559
1481045
-3288389
-4163478
-2619593
-4641708
2294181
3061528
-2625916
-1571647
4101674
-1552982
-2169438
-3743362
-2838123
-2247855
3005456
3769256
-625624
-126904
849349
4622390
-9708508
855836
2252945
2470017
-516482
-6028879
-6449921
-137814
-3701297
-6436849
3356354
-2230841
-2514402
-1891588
1210249
4373800
1111045
149378
-3777373
-3622954
-7219205
-283587
1590456
878972
7946642
94559
2753499
-4636178
-7864120
-3121030
-1316439
-4052646
-1675864
10130621
-4008607
-2290457
2370520
823618
1535280
3522729
-3221835
-4117182
6387514
5476826
-1914938
-1925524
-5311934
-2448724
1650629
-226930
-537095
3610984
4075251
5493885
1205862
-2029076
5912409
1443092
-2019607
-1727704
-91448
-2276180
929685
-4207235
2201285
-208499
-4357692
-2768908
-3620956
-5058804
-2894063
1129231
-3159859
1112879
4653195
-1874876
3275385
4463637
5238722
-5239040
-1284464
-3331824
3621098
-4755029
-5396682
4139036
3668769
-4522288
4054676
-2640559
5856320
2191863
615015
4480402
-4072013
-3875013
-3984907
-926568
-560474
-417936
-7184792
4509251
-5520749
-8355907
-29570
-1727940
2994539
-248972
-1970318
298982
-569812
2123894
4463254
364239
-6411579
4973911
3681361
-3361863
-3681532
2136941
-3307386
709970
-915934
5446780
-3748413
-4258723
3850310
2860842
6033949
-7462893
5325379
5089061
-1878459
-1413708
-3337322
-3663854
1804138
167471
-6616350
-3931846
-6002462
5212047
-3600245
-1993467
3110642
3888167
-1487216
-2768890
8141418
1944578
-1623160
950400
-440071
-75610
762045
-5481620
-3637456
902864
1294568
-6711728
-3193629
5786468
-1590301
-2397918
-3451815
7981755
3035394
-2339088
-3073433
5083794
1091220
-1973388
5287715
3815332
8189750
-267559
-2448719
-4088342
-4021693
-1166426
672114
-5468358
5350504
-4667054
3977997
9880088
4792627
-4123514
1435624
-4000719
2936880
-1191426
4564561
4267177
2958354
-3433997
1410791
-868993
947689
-8579984
-697626
-2073038
-2694093
5154775
-1098039
863619
115412
5572182
3676865
-1058311
-5681585
-6731746
-439425
-440096
-1409271
7021545
-3055681
-2199828
-7634110
536900
9133758
-29150
-2967054
3533548
987553
60447
-1570438
3215834
-7846498
-3379048
745963
-3821576
-1098212
1837877
841406
5928613
-347803
5625509
-5079334
4027569
-892253
-1334245
-4652418
803199
3643108
-337157
7131313
1937494
-1716496
4917518
4248588
-4205359
-544112
-1183562
-4205341
5764448
-747113
87427
-4937226
298757
-589016
-485344
6128257
7435961
5832159
-68977
-2879675
8095560
7083334
3275075
-3311143
-2613099
6246681
-1117794
2374460
-3862997
-5647813
-1621507
4525370
-8673994
-2931560
-2664622
-2990873
650451
-516897
838042
440050
-170505
2151518
661451
281683
-3730001
4331183
-1103719
-4008730
2842877
-2256199
2257142
-4701985
-3404242
4018283
2263708
586880
7578014
-2422912
-603690
-2331285
-1893084
-2646235
-757009
-1763896
-150914
-1982658
3604547
184049
1175104
-7274384
3872688
-2093881
1636806
201262
-3582341
-696896
1216210
1551626
2040076
-215822
-3481873
2660127
-2396342
-5659560
-1154986
1610057
-2826304
1301381
-755098
-4221539
-1725197
-304786
-794413
2375076
1124488
53669
5044572
3282234
-1614716
58865
-3121810
-7091302
-2451365
3967201
3324269
-6377176
-3040561
163128
-543562
-1698689
2074831
-4181297
-3272207
1407273
418188
-3794030
-2311923
256810
-313981
-5628355
-5091384
-4257879
-1457693
-686323
3431307
-2219233
-2891052
4263364
-3971483
1617475
-612892
-1876186
-1058022
-1176374
1695564
-2401401
-1322023
-544232
-3070593
-1486280
2257220
511622
8727129
-4110591
4844373
2581868
4578405
4598067
-406044
710268
-4322371
-1149669
856293
-1857252
-4223594
564520
-6263647
-2330295
3905637
-6385412
146081
703823
3308018
-2846058
-5955326
1032557
-4976643
-7396415
1342452
-30872
-810515
-2442949
-331928
8887930
5175318
3225291
-1545018
-5106812
-2827993
2050676
-2813182
3199557
715604
244143
-2451680
812174
2952139
-4838739
1687362
-1609662
-214468
1620697
-3020638
-3519560
-663652
-1910972
4790512
-1931993
-265038
-885312
2392423
-106462
270178
-4550242
793867
-4264586
-2089274
-970856
737057
-492414
172714
-75646
295132
3736852
-3776929
-1507513
1376692
-3843777
3645603
-2057741
5791424
-893837
-168939
-4940970
694532
-2034684
1439495
574353
2481605
2317043
-3698217
-8999705
1866825
3756255
3019584
-1533497
-1278394
-2175980
-2701015
-6028783
494213
-3488913
4888249
-351499
1049161
-5306220
-5934463
3910991
-5180685
-8381063
2931186
-235901
-3624874
-2118437
2052717
-1790562
312290
453056
-2495096
1207390
-1746678
-2319935
3947138
528333
-2778522
285098
622561
-2489552
-2707857
290719
6533136
-3896288
5477690
-2549740
2489042
-2210908
-1169180
3186313
7100471
-4246258
136715
3002826
-2041181
3770527
-64320
-2037728
3495737
-1562449
1091819
2240207
1762528
6155996
-1999367
2103964
-4629426
-767729
-104069
-3269958
-207744
-2849611
4180412
-405526
-2127614
1065438
-1155716
5262266
-3567720
2537776
4009141
174581
817130
2464892
-2912956
2285516
-3498395
-2750864
-1119127
5801674
-2893950
5472289
4627681
1483386
-4485767
2109967
-7217739
1212205
-295945
3668728
5887246
1119771
2369387
-5475499
-3311557
-2322168
2747714
-6579234
-1375852
311703
-2105252
-2948239
2557269
-6057667
-2698224
1217291
-2043168
3129826
2600628
-3812802
-1292987
2642287
-131782
-4186890
-2468461
-1216097
-2287296
-124770
-1251688
-3631808
681652
5737502
-1163636
5457491
182688
-3912719
4057502
6911662
3746209
4766620
3503462
-2575072
4801979
-2443430
788805
3660391
-3442361
2081910
-4450319
1559083
-1021497
1655030
-659493
1423166
-579694
-3677651
-2210261
-2032168
-2258381
-4222119
891510
-4535918
673725
-5887450
2980037
1882214
-1502979
488904
-1757594
-3380174
-4007136
5400909
1591091
2740709
414913
-2587123
-4655638
-3363914
-3811295
-3107123
-966341
-6494312
493618
-2398758
727733
-7727652
-145148
-2945664
1923452
2330022
29257
8092296
2773762
-3987678
417889
4742990
-1307454
-6187844
-6888675
-2661749
4507089
2244619
-323944
2539579
-4562687
-2557550
-2915654
-1546667
-4775986
-1601038
230770
-584136
522533
-7310425
223846
1214633
-2728785
-2048726
-100609
-5464499
6958503
2449649
1987407
2169173
471977
-7251953
9649775
-2183588
1553850
393339
687947
-3643499
2463998
631486
1383206
-827615
-2615861
-2464636
-1890864
-7253461
-575282
-779977
1628643
-2484232
7709600
-3013489
-2496851
3410309
2843404
-2578982
6668762
-3988705
-3807306
3064265
-4687463
-4677406
-128174
-4429340
-3407175
443919
-6398166
6371777
5250921
562829
-1048494
-1769532
-1667691
2924347
-6985183
1776871
-3302290
2282241
-3559472
-3148827
-1147009
619784
-2495590
2216639
-1025182
-4093772
4844807
4573939
-2266070
1862913
-4762278
-3112881
821969
-2695506
-2326637
691463
1395089
-1730380
-471420
-2374575
-1681389
2137978
-3585556
6088564
2816631
3373583
-1029470
-5611998
445884
4807799
-3855199
1410398
-3419615
2086390
-3985334
-1068359
5459
5732326
-5361470
-3662009
-737527
4806680
-4573448
747621
-3691761
-2175667
-5587026
-730235
-4392583
1601987
1538215
2319469
1951228
-4510221
2924193
-2927792
1421642
-3704384
-4688326
-5214379
3194797
2857058
-7108703
-5953234
-381320
-548874
1292089
955117
-749852
-4969247
178038
-2816099
-3727098
-481746
-3585277
4403182
-845698
-4177400
-430289
5479831
-1632466
-325220
4176077
886574
2498800
129539
689098
-2283728
240702
2453911
-4379293
2716254
-6058805
-3055892
2139190
-680440
-1977183
-3387342
-5031720
-4670191
-1855030
1763248
-2914850
843924
-4093432
-5290251
-6356245
-1825942
-650224
2900017
-2209937
-2545895
-2996381
1522373
1472639
5508971
1954209
1380356
2190578
2014180
-1059827
-1300379
-3731859
2110294
-772649
-3721928
1260058
-5550253
7170838
-2122716
3117145
-6649898
844650
3175600
-5648407
-4064442
-1366522
5448001
-5866880
-1101603
3567978
-425760
1681542
-4664550
-1209019
-1495375
-1323089
2123149
-857162
-5299136
-5003323
-3844764
-2761380
-324285
-5141345
-2854291
-280498
-3805777
-4907164
-320735
-3082510
-5743258
1092798
-819527
760337
5599359
1562920
-4966603
861765
643742
-578232
-5405569
-2096417
3039867
4331068
2754480
-462923
-2241712
-4010476
8023587
4501872
-4994527
784221
720068
-4231323
-8832360
-1536808
-530578
1330025
7885879
1689427
-4495949
95894
-1028356
-2400543
2697832
4171333
4466256
-1868141
-1244915
-4580902
-1891307
-1534689
-2451445
3566010
4852379
-1047948
-2271372
-1627463
-4105042
-2226936
-156527
234004
3500434
15963
-5145316
-265178
1843542
-2924844
-1718082
-4362950
-225268
-1320620
-2650916
2008542
-2325124
-4122720
-2575237
-4637411
-184600
-1948702
-793936
8006190
-2257667
4213097
5860196
-4879546
-2718618
6041776
1399192
-654498
-2487364
3515109
-2523028
1453662
-4128898
-3087817
-3232572
-2925450
-4681473
-121639
-2436207
-2338559
-4779101
-2170783
-2895364
-4440755
-1930825
-189474
3111829
-2065395
-2556622
-5959019
-4642259
-1512484
-3592135
-2501103
-2221177
7093631
919605
-600829
1984273
1352745
-945999
-551972
-31336
-4847166
-4058655
-4530450
2543917
-4681259
-4676267
-2411488
-3460492
5292146
-1626991
-533065
-4819775
4028548
-6891037
-8732431
-1233550
-4206216
-23622
365290
-4969520
-4475519
-338900
-5203
-1857357
294172
1704918
-6713047
2127896
-6060137
-3761927
7756175
30900
-4704366
-122429
-498284
-7941694
1886618
5611300
4419703
-2196539
3142639
-4319907
956401
-234802
-2402570
-4159599
2749574
-297109
11264198
-4289253
420560
925153
6712891
-107261
1460347
1660845
3025250
-3316921
-2394853
-4018970
-5182481
-7855902
1101329
4903846
-1849793
-710132
139175
-6993230
-1635647
1715706
-195703
-3753074
-3458197
-4854313
535549
-5898110
-5340589
2322913
-496958
-2776248
-1278859
372240
5210556
85021
-320713
-1132219
-2334124
-7572508
-2096262
-3243019
-1237167
-5305021
-3106710
-2670611
6052603
5617549
578085
-3947851
-2910815
-1013020
2558709
520082
-2368141
2173538
-1840968
-1175013
2376854
-2604273
-4268014
-352053
504625
-3042235
250195
-1468465
-3878336
-591069
-3016591
-2183168
-3558212
-4719454
2594649
-837347
-2688132
1007650
-7388634
-381430
-1409255
-74388
-480551
-6230558
-2379820
-3243307
53194
-4292287
-1194635
2926832
2584412
-6039393
-1950843
1958417
-36261
-5798389
140473
-2891129
-273086
4147846
1412939
-1869164
-1178846
5916792
-750514
1718400
-5737956
-551762
-4225994
-1983090
-4151002
-3951950
-5892209
-697723
-3078804
-1873048
-615697
-3194469
-4710905
-6026559
4421302
-793703
3025340
-1886501
-6414588
-2214957
-3905891
-668342
-2591663
-3439430
1489692
1607062
-1959515
504591
-4173905
-7671679
5929795
-5595242
-140031
8480680
6195282
3832420
1690429
-5872170
2655417
-2497150
-4403320
32736
211163
-1151829
-3086649
3546640
-3312944
1793860
-1744804
-6735174
2646460
-7243148
2391106
-91657
782919
-4887659
-2059346
1441373
-7225374
-3838671
-296465
1309833
2553339
-2448848
-1508906
3533729
-2185797
-2636061
-3324234
-4588533
-6105886
-5318571
-2020605
4092959
-3798089
2659145
-340912
3433648
1252792
-2836599
-665187
-135710
3626904
-1581103
-157029
-3895290
69124
-7958789
-136577
6975554
3776613
-1322194
880272
3557204
-276413
-4552546
5467386
197150
-5215727
3518623
-1168435
-4271
5807058
734834
3125487
-1796268
-5560444
370504
-2084386
1350472
-3906983
993432
-2981346
-947383
1872334
2122907
2437178
-9167939
-4147622
1062097
-3688094
-6753946
957873
-537388
-1565958
6154483
-1276805
-4395686
6660700
-218262
-2069947
-4916884
2175433
-3304393
-6761365
6287235
298572
6632463
-5183042
4803880
2524301
1611133
-197368
7093403
-2580469
-5070123
-5405050
-2650669
-1013726
-406107
764252
-1233790
-1704326
1648581
3399039
2582830
-1706311
-3471428
-142632
1347156
-291871
-1891160
1731496
3104805
5862084
-974546
2529294
-1502148
117593
675736
4758286
-3417833
4722720
-5047148
-3227106
7818405
2076220
-6972127
3495518
-859426
1757349
973810
-2498316
3000790
-4338172
-3872096
-4340783
-743513
-8901053
-4070057
-3892094
8899364
1593012
-270847
-2671109
-2146678
1004227
4009322
-4106806
-1269731
-7704270
-1861675
1263329
-4417284
30548
434185
-4035134
-1570112
2918025
-2191566
-4592837
-3169002
5726830
-2817278
-5216771
-1509209
296473
-1219336
-2551333
1286537
-290082
-4089202
-2106813
1341819
870005
-4144001
-1998398
6337197
-209674
-4821825
-4001882
2639982
-187427
-5513336
-1964541
2539902
-3562160
-2159175
-1310403
768045
587548
573691
-8442806
-2211010
3731549
4819319
-1999156
-180800
3750941
1602703
-4620282
3661830
5031438
839735
-878671
764304
-2395094
-6178205
1896984
-1636075
1207830
6357866
-1544470
-2181961
-6567916
5675052
-992787
-5860176
4010240
-1514659
4635032
-721508
1465607
221987
18101
-2478211
329107
-1419390
-8221158
-166255
-3590852
-2429976
3389545
-2274757
3154950
-632926
-5267015
-407365
2045520
-818384
3205274
-5016273
2881583
-2541243
5690257
-6510839
-1046072
673838
-3432665
-4566524
2606076
-86220
-2380167
-5385435
-7165224
-4851804
882034
2098781
-1466022
-159864
-4275806
-6788144
-4226980
2640817
-400358
-472302
-644781
-696234
-2840989
-2811281
-4122954
1075883
-3706412
-2486175
-5966384
5586155
-853090
2510500
1040070
-3548181
-4427670
-678083
-4465000
-1689764
-5181285
-1120964
-2206308
-2222461
4734495
-2664132
3154865
-1011907
-4038438
-2451469
-1197543
-4302988
-3147985
-372824
207725
845381
-6226184
-3551926
-2041056
-6694299
-1128294
-4794684
7769608
984152
-2553169
-5036183
-4273883
-1982603
3475325
4480597
-2390669
-4884385
-1596408
1774377
-4265899
1510925
-6227414
190643
5272693
-976617
-4938426
5833903
1844271
-487481
-4449076
-833400
-4224782
1970629
-2632454
-5317463
-7205722
-4358871
50852
-85800
-112744
-1249214
6507572
-6929516
-6087729
526337
6648866
-2635678
5976813
585439
4008941
-1621814
-1346468
-2923021
-2773601
-459973
-1535095
5069408
-2916247
3642882
-520587
-7061178
1396421
3030391
1268714
-348489
-1535464
1136206
-3209636
754354
544147
977165
-1489907
4551393
524650
286279
-328872
-1884744
2758493
-1315375
-312713
-1206572
3024374
-324257
-2838677
1281716
-3831926
-2820106
2065686
1396181
-4815233
-6576340
-3024988
2549928
-4716107
1462130
6491706
-7513505
-7088703
-1417372
-2769349
-3727144
-2380173
2636251
-4792377
6418846
-2508899
-49399
1763358
2694056
1273506
-1704788
447440
-298918
-535952
-1976335
5835677
-3455157
1648638
1070257
4642425
1158780
2808658
-1934893
-2907864
8281198
4874741
-1392795
1470635
-5342344
-2970652
2139411
-5201702
4508385
-245690
1604999
1081312
-4122912
-1083355
-6622750
29873
-1334843
-3254278
-2119968
6339730
-4995203
6191485
-4481218
1827839
-899395
-1635524
662359
1852585
-3811021
-2604270
3458174
-1547482
-2457597
-1384005
-6737704
-4067581
-1903813
1387991
5465539
-2558729
-6101998
614092
-1360492
-3265446
-469715
-672739
172952
989506
-6782426
5059858
-1862567
-4183326
6198303
-1352062
1801974
-3757798
-2305548
-1930147
-1722270
-3627359
-1020831
5243482
3317914
7551573
3108852
1797281
10342278
1395175
473021
-3137709
-947506
-5557311
-3355455
-5029756
-2566657
469463
-1931711
3254308
-713068
-1360386
-7354807
80723
4182445
-903638
-866576
-273772
-2359145
-3690597
2595158
-7474157
-2134852
4758569
-4427767
-1810564
-2083783
-2373665
-3437601
-201096
-5365878
-1597189
1982282
-1289891
1052967
-1088709
43350
6376232
-738719
-3899399
2846803
2006782
-7222451
852388
-4558059
-1822969
-7069499
1685575
2101360
536227
6641834
-908283
8899613
1538940
-617714
-4974527
1828144
-4370604
5113736
-3157037
-939304
-2538563
-1180172
-7088435
3467794
-693909
-5672815
514682
1329557
-1546878
4934840
-1747732
3603589
1552814
-1857949
-4376663
4258305
-5484698
-3304348
-5156112
-3307953
2988063
1806187
-1779903
-494364
-1873981
-2913432
-1685261
2290701
-2048511
-1062235
-2305389
-2515933
506369
318621
-493591
1597058
486269
-1515596
-6254855
-1250876
-2838812
-3038478
4747490
1647666
-469679
-3112547
1519445
-5445810
-2718697
-106272
-99236
277873
-68692
1808116
2243882
3721546
2766743
-2894703
-3972367
-382976
-987110
-5117426
7858145
-1464402
-6872560
-648054
-448755
-5375149
-3946964
-3471245
-1037055
-3970761
-5902772
-1935180
6000541
171075
6132783
3953095
-5947707
1580193
-3511403
-1139166
-1193809
372181
-5100952
-4529707
-1244865
950518
-1849704
3557205
-7871178
3579694
-4326353
1367789
-4001066
-4192836
2771658
-1052632
-2016180
-2848404
1716574
-914207
2951972
-1763538
-3500088
5394679
-758451
-5908009
-5392014
2966847
5639895
2747225
-999228
-2455894
-1453746
3546422
-1540689
-2708723
-1099986
378338
-2219457
3200971
-4636500
-4121859
6465432
-3326719
-2995204
-696542
-5098709
-5725689
-3520760
-3451438
-144261
7840288
-5980985
1414968
2876241
2890104
-4961512
1336565
3446063
4206597
280473
-172050
7674695
1284370
1263753
-1869089
3222878
-1264778
3665454
3524311
344159
-3934027
-2077569
13241
2769474
4909362
-2118973
-6023826
2586222
2225838
-3190945
-2327810
-3852978
-4485525
-3953307
-880419
-3020128
679595
-2375839
-5900691
2823504
-783951
-2157423
-2274526
74122
1292999
-7191334
-8286662
-4216230
-2417877
3217687
-3402798
2848954
-4180563
1311010
189835
-2664035
-1926715
-9803210
-1421972
803969
427244
142650
6386342
-145169
5620853
-6888702
-6669964
2043965
-5017685
-1539987
4318273
-3321015
-124752
1814260
-599245
-1658595
2652584
2388505
-1424466
5311475
6150553
-2395023
-437498
-3280628
-1257417
8374038
-4897960
230379
4045301
72732
-4848957
-555073
2069724
-5005430
473131
-3621031
-1302937
6018033
-1671038
-2154483
-1812967
-2471607
-3837100
-363969
-655180
1113935
2537734
3164142
-3242296
7430372
-5989679
-2676124
-6773067
7592217
-3639885
2887707
-3735356
-4586801
2583684
-4710
-1918860
-5039106
-5766381
-244372
1957398
1881778
-4453677
389816
1290959
-6820760
649254
-2632286
79338
-4173254
-3242470
-5154323
-1627088
-2427702
-2429457
282504
-4014903
6014028
-456401
-6323575
-1508122
3552320
2493994
-181331
-7337139
2730873
1691578
1787720
3561953
5373510
-5645713
-462721
-1208952
-6272491
515535
2020133
2083695
-4224348
-4401364
-4126361
-579881
-811760
-4370614
-1451134
1228947
-790526
7065134
-3145006
1552900
-1738861
281500
-3610843
5729094
-7677859
-1572808
-447212
-2206415
-2293574
-283813
-1920871
1861689
-6995061
-737360
-3658782
249897
-6469721
-5335983
1488840
697139
-3745133
-1486088
195891
-5891728
-478242
-6087418
-1810648
3790182
894564
-755426
-3172945
-3676148
-2924180
5155099
-1390155
3392617
3295555
-487556
-684327
5681021
-6405989
889769
-86989
-4333289
-2258685
-3346548
3823408
-5727430
-3511005
-2010508
2253429
-3299520
-1574139
186904
-494014
-6867600
1976003
-2995744
-2143799
-7341574
-2440922
-3688723
-3315306
-3561487
-7753500
3998711
-1343356
1831563
-1768410
150801
4405615
776106
-5692059
3351018
-2035878
2625924
1474004
1129980
-2901395
-3621555
4676311
1209882
-2009696
5585590
-4816050
-4543000
2897212
1480174
1812974
1115219
-1649883
5981984
4083566
-362125
1553055
-5625783
4792515
1819333
2972605
-2515378
-3251400
5140266
4136965
-1590412
3304399
1257084
-6026009
5215157
1965468
-1658758
-6745243
-4133088
1144741
-1845427
2435
8992667
-1940070
-128175
-4881942
454146
-683664
-4631244
-4551902
3317271
1011105
1382835
-2391378
-1950015
2028959
-369909
-177655
117297
-1313021
-5993173
-7521131
-6584166
1476039
-1944577
1707250
2357340
2236949
-4228818
601090
-3506500
3919397
1693229
-4359745
438170
-3966436
-2760042
-5767690
-1110136
2321064
-1737176
1899208
-5194468
-509495
3668551
784963
-3289869
-1141934
-2516664
-4208911
-5937753
-2713025
6542939
4371689
-2970487
3169307
284763
5866268
-1166838
-7047925
-2277453
1710819
-1166178
-1987361
-1039821
-4946331
-2595497
-220711
7897301
-49558
1613923
1036007
-3174963
-2548276
-2395835
104170
423516
-1945997
4783244
199549
8445572
55936
-20422
463754
2491761
4683243
-6115969
783700
-2366924
2259878
-3540901
-335766
-2330137
3541923
3296427
376743
-3117640
-862782
-3042336
3757000
7593214
1951028
-321295
-2769050
-2421370
-1576280
-1354413
-2787180
-1898845
-381102
2033577
-1364685
-2241113
994142
-707928
-2603706
-511629
3474094
-2593106
-4295851
-4322123
-2228370
996540
-7560858
-4445165
-2368026
-4219908
1280889
2735391
-177246
5031704
-8681726
6360192
-1427283
-1240068
-1397614
1789374
-3143308
202221
4921217
5184620
-2342282
3147674
788146
-189450
-5916061
-2692648
492290
297861
-2238188
171875
-1266733
3813272
-4631475
-7479866
-1800387
-391349
600580
6438278
5650847
-398918
-1270189
-3134660
-3838771
-16526
3233627
1779430
-1507300
5173159
-946749
4916759
-7797196
1051565
5207856
-2298783
2363012
-3065826
807076
572013
-5541361
1654569
-3347073
2817536
5363547
3326689
1964937
-433451
-2536191
1751870
-6634887
-1310075
-2834931
-3781334
2216296
-2016814
1109657
-7566465
-1244971
-762558
697952
-1511365
2191823
-4845350
-6375027
-6231895
2203805
-3287945
-5853497
2387292
-5072393
62680
-4527898
-2159594
3862889
-6010148
-668106
3542189
-4175944
6885558
525382
-2387956
-2347528
-3071537
-1798879
1695846
-4011150
1264061
-1172576
-1275707
50319
-2209807
2463269
790252
2850202
-2857965
-4421828
3630718
-5539437
5783984
-2639146
1865054
2048652
2891165
-2660484
3352380
1608257
7127725
54427
-1722222
-315889
-2321072
3612358
1861826
-1624844
-4427188
5853286
986963
-4049011
-2671654
-374069
-2161728
7347771
-1774326
1538441
3255177
-3482881
8417014
1432256
-803660
-7250988
5111665
2567505
2412986
-6223050
-2459639
-5381925
6152267
1418534
2047090
-2718410
-2352242
-3511814
-3621377
-2306894
3615612
2309046
-2160713
4195599
3098083
-2290057
-6272149
1797773
-2721416
-2866133
1614909
3544016
738537
1679673
7523192
-3658448
-5973218
-2774692
3954797
101421
1893476
580134
-2987322
-4060316
179241
-428440
-1893309
-4841394
834786
-3635437
-6596789
-2143691
-3661857
-2347403
-6552657
-5284904
-6863372
4165623
1347935
342699
3587003
1810968
3304182
419142
-3224191
-1030039
-2829608
2510964
5696243
-3806391
-3500368
8640065
-6297106
-519061
-1291021
-1706214
-2083923
-120913
682302
1427560
-1052103
-7152661
-4608704
-2568014
982868
7879673
3372206
-830485
-4317984
-1977660
842653
-6647100
-435644
3456443
-4123539
1889161
6235155
5344642
1194649
-5405335
-403541
-419871
-1929403
2824407
4784214
3616219
5648492
-2274728
-1279507
-8118271
-6489183
658724
1058641
-3503806
2254712
-360419
-4979875
2308990
4414194
-199368
-658940
2237258
-4468851
6000695
-1360326
-5685283
-482546
96631
2473234
3160392
586606
-7358293
-1756599
-61687
-1399624
-2354713
6057058
-2526685
-1597269
-4298204
-3010947
-6003587
-3774821
5442754
-2479794
495102
3197716
-8106608
-4199656
-44792
-492388
-6390103
4962215
-4338063
-6266005
-6785221
-4104748
-2243071
1049174
-2921441
2023383
1059393
-50543
-2563104
-7578438
-6040896
-465263
-1325721
-805082
-4070425
-5443916
-2540351
6420017
1933685
3428405
1009618
-1744321
-6922319
-1450855
-1871904
-3635085
-4578053
-7631087
7463570
-4059097
-4972048
-549620
-3144309
620901
-6847714
12679
6604228
-3766586
-1044784
-3270355
-5539752
-157653
-3765554
-1438824
-4637270
50971
3789938
3465566
-3072306
1170013
2648738
-1818834
-699522
-6346780
1633735
-2861075
-657169
-2419075
-3314878
-4954639
7201629
3557683
-2642139
5758407
-2646521
1669438
-1876304
-1439665
-1451976
-3418752
-7124228
-3674191
-4388789
-723543
1634125
4273222
3392312
-3682041
-3874422
-3709122
-2872593
-2728246
-8104083
-3260240
7576659
-5572866
7696510
-708886
-71192
1116057
-3131390
-3660865
-3078140
3122556
709171
-446300
-2063851
125080
-3822256
-2234806
-1650564
-744814
-4128996
-3371191
-557666
-3453783
-359893
-5722125
-71097
789254
6679896
-3312119
-5361524
-3785436
-4778517
-175240
5519798
-4570639
5844498
-397293
-4099456
-476152
369806
-2607075
-662573
841284
2298641
1433332
-1644346
1765838
-424299
7073908
4127047
62956
4713772
-6511116
4458518
2420201
6134099
-958377
1911648
-7220325
3650692
-7522867
-1595107
-476834
2766443
825747
-686031
1400195
-3152357
2115455
-3457637
-794257
-3931124
-3274465
-2881480
-543709
488453
-1778785
-5370114
2512078
-1474167
5462040
5098570
890110
-7638026
-590033
1560763
-7781803
-3464209
-2186625
-272568
5280595
-4013554
-3491930
4227962
-1627888
1098330
2284091
2491365
-8561049
-2098674
-2404025
-4920884
-1573635
2216062
3014004
6327539
3946382
-1678123
-1132656
-80167
-5254300
-5487787
1691281
1253096
-4216512
1649286
6232053
-6973805
5157539
-4890831
-2958665
2502033
-4674626
4630043
-18440
3324307
-2612881
904660
6541821
-1610427
4129947
-4041232
-1913545
-5908452
-8131964
-3298641
-3002931
-6001701
-865414
-1731261
-4341522
-2939160
977834
8486
-1970121
-3120701
1759024
-4155306
638577
-6125203
-4520802
-2299738
-4088306
3317679
-1673766
-96450
-3177122
4660008
-7170820
-2925438
-5354817
-2854071
-233478
-1579508
-5166257
-1313169
-4193843
-349240
4356251
-1124045
-7680143
5026783
6366698
-1366064
-757765
1771897
-3578298
-4256775
-1159074
5865208
977353
-3381921
-3071588
4472779
-3177781
-787217
579429
-30773
805693
-484077
-2262981
-3822473
-2464654
4411370
3806639
-2669647
-1467618
-1090609
-4234097
6101329
4057949
-3768987
-471467
-7308118
6013213
3213036
5157473
-395461
2570237
2906554
8969897
-2168138
-3581867
-2712486
432443
2289355
3426091
309102
-5625916
-5432278
-6002606
-4246869
7474176
-60599
-4419915
998854
-6676685
3211976
-1918096
-193610
-4100210
-3502157
-874231
-7165526
-2318450
171405
-4860243
-974585
530224
-3235898
-238345
3738837
-3897659
333921
-2989038
-1553149
4596881
396353
690797
-1998739
-985096
-34229
-4324286
-3079462
-3319117
-6697979
9669044
-485120
-5436264
-1896421
1154647
-1940577
-2908444
-1694234
-4404197
-2668409
-2394521
-2713569
109496
-6187849
920223
1164686
5345480
-810050
4059005
-3966995
-1785188
952349
-3089498
-7726580
-5401201
-3763341
-6000805
-2601936
3296364
1879093
-4169828
4755913
174242
3110974
3658841
-2976845
5847903
-2535497
-656903
-2670977
-5594748
-5293646
1045969
-8666
9058926
-2245141
3589304
-3282158
3481761
-6748120
1529781
-810415
-2548383
-3382819
-3973162
92456
1122355
799383
665836
-2126898
-6259855
-477630
4671392
-5022666
-1147005
2514295
-2969584
-7634450
-1703310
888603
-5831274
-2719499
-3660986
-2166307
-1934779
-1252758
-1818555
2192316
5755554
1041363
167916
-1577606
1644100
170550
-6124805
-863935
2324130
-1490583
5842015
-4272722
-2234324
-5079253
-5918759
-2812388
-4993482
-2275141
-356046
-1600692
-2180287
-6449896
-1126372
-5439624
-155852
-1197893
305313
707504
-2636677
-3451673
2217187
986233
3216564
-2147135
-7882736
225956
-1500591
-3501417
5256582
-3219465
-3053529
-2116312
-4096460
6342779
-6313494
-7906105
-2706450
-513058
-6009724
2585340
-1371967
2136857
1660974
286337
-211901
1711366
5643502
-5485786
5509687
-2741803
-3162753
-1510366
-842565
-2866471
4056737
2669141
-1575477
-323826
-1813321
5584791
-523063
-8288893
-414949
1869840
-7579375
-1245806
7595773
898499
-4222629
787241
-912534
1384960
67919
905109
-4371399
-1597860
1160333
2960879
2167452
-3031120
4013713
694427
-1802432
690509
-73897
-5498750
1244128
-6803680
2179561
1667430
5039899
-1797557
-419051
3207507
3127060
-1707695
-4674234
-3682314
-7699159
913903
-3377277
2875357
184572
-1603851
5196563
-2805427
-5115461
-1375089
-2815980
495127
2338664
154544
4785026
2223340
1199954
-2538542
3762587
-4241915
-3656800
-1245331
2308884
4132422
2715725
-3109709
-1966663
-3559219
-3005018
-1021844
-6696741
-5339339
-283800
3337822
2718551
-4645638
-3409090
-227448
1248298
-4962583
-3029482
-3989480
1386218
-2047535
2641550
-2615190
2551351
2855004
2273419
-3832806
3211213
1532354
-2480726
-3316449
3603388
-480262
-6121806
2076757
1409359
-495393
2343737
-2401840
-894356
2597723
114642
-5764209
-8162402
-5580314
-4298791
-1236696
27043
-4256527
856051
-2374518
2180991
1900814
879426
-4408425
-1466915
6073162
-6385418
-183520
3337931
2380291
-2520837
-900207
-574712
-4113065
-414935
-4270046
1833759
2711017
-3315818
-2406293
-4926754
5620040
-327953
-6934204
-1692844
-1368665
1937310
3448056
-4243640
1852185
4636518
4428167
-4474816
6006098
-1433221
-1376235
-5285091
-4173196
-2954815
-3544574
4806591
-1964060
-169475
2333083
5217189
-6185298
-3172455
8265469
-2302413
-1700732
9932733
-3300971
3843592
2002391
-7226970
-1763779
-2531704
1519122
-1791459
4507958
-6018208
-912359
6638452
1667825
-483574
-6031409
-6943160
-7564512
-1394571
-2074231
1496979
5191466
-2717518
2267157
1265318
874085
-3324579
-2630408
-1493124
-3693209
1501549
5274997
-4902727
1124258
-559445
5792072
3215014
-5275814
-5998161
2550810
2215601
-3124590
-1974584
3921509
-4563990
-6055098
161984
-4497786
-1842906
927628
-4552889
-472161
-7551969
1083624
-733821
-2509988
430823
-2896357
-1990781
-1023941
-3182706
-3150686
-1585993
-7228173
6354158
-5048708
2025955
-4334000
-4266015
-252473
2556509
-6224481
360890
-2617426
-5249560
2266039
-2481903
3901405
2779049
-3283610
338942
-5558606
-7824006
400938
6121951
161683
179448
-1334979
962187
-407526
-25579
692178
5098227
2228033
-584429
-2883483
-3619704
-169645
1960076
-184545
1770828
-3827593
6216844
5265174
-1132416
-5146089
-5317544
6029954
8211536
-1083273
37046
-1836994
-4325385
-4688208
-444046
-1552704
-3796698
-3137909
-4918731
1017476
-8278467
-1754272
4669392
-5660306
7734872
-4193115
3548332
2923562
1095811
4278592
3111647
-1168912
-2507460
-2145046
-7617390
-363043
-3577455
3812561
-1746876
-2412233
-2425956
-6379475
1571663
-1437075
3546464
3553278
-1925153
-3157396
4514089
-2439981
-3530664
2344567
-4017571
1276745
-621684
-519433
-4423866
-5965268
-2279361
-3598760
-4274155
-3732742
-5560984
740686
-4437690
49820
3062545
-4627308
-3390154
2052664
-1132683
-33269
-3725820
1589260
2874718
-5657127
-3016645
420152
-1169216
-1049527
-513970
2361134
-3751977
-4388336
455811
1732947
-7487130
-3330654
-7177572
1915423
4030906
-3728692
2521658
228525
1204596
1033181
7003233
-1126016
-3456582
-4785609
6360643
1685929
-4681901
-5406980
-4846032
-283051
2840256
-4168220
-2313064
-2876101
-1754038
2373124
-1853523
-1715220
-2026062
1263734
3889786
-4529040
-3212195
-4523861
-3649818
5498552
-412638
-2296165
-3852092
1844814
-105419
561626
6753383
-3979079
3281038
-2091237
-6433809
-863054
-3183666
-1994478
-2129516
-790893
-7160445
-1345989
555105
5602143
6254955
1849680
-2054138
-3795486
-174958
1434389
3256871
1304190
248814
-4978687
993115
-1675854
1083099
6976977
-1806535
2581533
-1951825
2209248
-1819138
1775568
-928330
-8123956
-3245024
1550416
-1564270
-869977
-1892062
-336695
-3920139
272410
5718330
1301787
-3807039
-4022475
-3837165
-5786091
6773483
-5705293
-2918583
-4193258
-2121424
995750
-4036762
1383142
719486
-1614540
6618929
-5556310
-862006
673644
1846402
-1575039
-4038410
6083899
-1400662
-6869221
8395922
-6002148
6515658
529417
1438233
454515
-4508892
134906
1274304
-6445408
-3457233
-2287613
2528203
-1406519
-3049676
-5214317
1273308
-2165799
4745022
-2697923
2763389
-1822736
-1311075
-797481
539615
188090
-2895087
-898381
-3281979
-3677080
-1771913
-3414327
-4313385
437491
2374625
-4032603
-4268471
-7229682
-5663431
1044139
-1367465
-2430864
-607094
-3766090
-3601614
-60222
224659
-5223847
-3649350
-1704830
2341289
-2684155
-3064581
-3317317
-1404983
-3410412
6922471
4224319
-1530012
-4036230
422322
-4245276
-230516
-6658266
2677123
-2967745
-2886637
-3144870
-6142866
278314
-3483911
2310823
5771967
-1121027
556129
6430971
-3300621
-2715112
-3806168
6619916
-4567995
3168924
-1965028
-1210787
687705
3582135
299224
3820016
1045407
-80198
-3471247
2606975
-136677
6142526
-3242931
1860051
-3123212
1243925
-3052436
-4654887
756327
3062256
-1539326
828036
165852
-3340160
4871470
-988361
-982246
2192941
-4395138
-2572635
-6293006
752147
2280446
-6099603
54219
-3940104
-4893569
-2829504
-5874315
-592302
-4069752
-2193298
-3777084
2071290
-4198340
-1947121
-3338394
950698
-9164958
7116756
-625355
1092462
6637967
1184524
2432497
-1324560
525345
-2850596
7814109
-1382174
2445109
-253154
3924263
136534
1194791
-2401428
4996980
-2006125
128630
-2230460
-753064
-1209821
-5404735
-2515454
-3281887
2315011
5477812
2214773
-1749069
-2096631
37539
-3453235
94324
760845
-361514
-6181439
-3992878
790863
-3970765
-6590608
2245696
2754243
-2706401
-1698346
-2438822
-964156
-773537
317488
-784787
-3043118
3002157
3447390
990986
4633159
-1684995
21286
4154993
1193753
-4932111
860553
-4708926
-4048135
802203
-1454022
-894551
-21766
8563165
-1941084
-1988719
-5775954
-1422016
2804788
-2884675
-92612
-5769855
-3612123
289381
98247
-5545878
2457077
2431209
882559
81792
4154399
-3790502
-849765
-1109154
-58142
-532283
-2101647
-2419263
2842639
-2083978
2413199
-4599583
1107225
3141669
2601004
-2645788
-1803510
400371
1987162
742471
2223198
-2455304
330618
2241301
-882759
9456553
-246827
-2862776
2240355
-2341563
-6198247
1440017
1728333
-1077023
539845
-2356009
-3634540
299671
-1599791
3904128
-4102619
5672097
-753005
2914713
4355753
3821308
1630774
3447107
3836833
-2084546
-1100288
-4632407
-2927732
-7169455
-366427
-1021439
1121579
5280744
-660291
-2990618
-3348298
-5205083
2253641
-1838969
-245296
684989
189509
3064671
6656204
2185181
-2138056
2828186
3589498
-6523705
2453559
-1569781
-2721406
-2766628
-3163779
-4700095
-3680057
-7507488
6351390
-2906996
136778
536143
-4112724
4197295
866447
2943152
-1363346
2917330
1259818
-153886
5868176
6396813
3273898
-1035594
4828829
6571262
-525625
-1252812
1256986
1788650
187190
-3258771
7646090
-1611200
-4589560
2884575
9759109
-3619771
6875061
1903625
-3436940
-52929
-4564756
-7322241
3141187
-1181155
-4241415
5756388
962640
-751212
3167532
535133
-4412326
9030462
-1410591
-2952788
-3098735
7547917
-5072995
-5531370
-1905028
-3543118
-3838158
-3738728
4732145
3100282
2177936
7539141
3199712
164685
-43130
1790464
-7044294
2443033
2402818
-1681881
7908755
8244372
-491374
-4612086
-3580864
60628
-2965401
330790
477755
-666859
-1215479
-2247603
261993
-2541239
1070089
-5467214
-1037629
-944786
4699178
-3138719
-2988833
-3391771
1500258
-665739
2276274
2029678
-577162
7758105
-2492280
-2467026
857866
662900
-4692506
3026221
-3385086
-110898
-169996
-4308309
-1733952
-4347600
-1312707
3296284
-3848720
-4817673
-6250389
-2089659
-2010885
-2152654
-3123882
-1495191
-1956350
9111633
1293827
59334
-141664
2292035
-984590
356688
-3782701
-3148854
-4183426
1075425
693139
2006955
-2504575
-792606
603942
-3073750
1871515
8031353
-701159
-1316566
-4606461
4927669
599976
-140670
-244251
-111596
-946465
-3961239
1164677
2102533
101170
61627
2767971
387772
442538
-2431519
529473
4836753
1483046
-5278779
-4681910
5504664
-4296158
-7157982
5775531
-5017482
-1066832
-308587
2442469
5076341
-2742141
4575495
7191625
3832807
1596985
318427
-1801324
4053321
2826950
-2708085
-3483177
8357326
84504
6235912
6180340
3475563
-2054812
4658578
-7297804
-2888077
-4081952
-912285
2056945
1734594
4547165
-6246323
337073
2190330
6344303
-912960
-670397
-3640273
-4004759
101186
2255052
-3586338
752706
-4332638
-3739099
-4314915
-6481131
-5625750
4520100
976654
-4233330
2032437
-6456186
-3102637
7385158
-3064720
1008361
2413621
-584152
1506394
-3438433
2116745
2242093
-6569740
-2749091
-957038
-1529397
-139134
5017680
6398839
7876830
-908065
-5816551
-2438927
-2913836
-6590375
-820096
-4993142
-4179981
-3103865
-3550981
-4177431
-2420431
-2748952
2381118
-2736714
-1619141
-2436339
1912667
-5981129
-2708019
-1389603
5183826
-2147837
-8763709
-1383081
6022159
2484172
1562074
2890744
1421874
-1562218
4440886
8356828
-1929227
1321608
-2618639
-3476379
-478685
2392863
-451853
-3136596
368333
-2817081
1162606
-3129869
-2680195
-67027
1953344
-4013535
-566942
3031672
-5838046
2136265
-6929169
5494034
-1431658
9325823
4159
-4309107
5708593
-1410467
-4902360
-2971738
-3835796
1096909
3094582
-4159679
-1420493
-7535369
-4833436
4512976
-598861
-1997962
-6698660
2576836
-489265
-2365778
-1071745
193721
1457660
5048034
-1657507
603954
34554
-3527089
-1161594
-3916729
-3588491
-2145275
-2975243
1024122
-92450
3013772
-4353389
573622
-5282078
-1780878
2187317
-1824878
-3550318
5412248
-1195699
2467133
-2838867
-6122219
2868372
2738037
-3690225
-6202142
-2362948
189190
7581074
-568060
1460997
-4581872
-619546
-832576
-1357972
-1957652
3987491
-1303925
-1026210
6108704
-69769
-5088342
513767
5098599
-915754
1231662
5269765
-1101815
-3185133
1759514
109122
-3451304
-37515
-2424641
3254305
5222224
-1901677
2670143
-7065914
-1194670
-6429565
-1503525
-4449602
-471223
-1652676
-561251
3072294
-5870307
-2058741
-726843
8073225
1860301
-7295138
2754296
4129880
-1299751
-1568712
-3825800
-1878047
-2214091
-3294000
5611328
2833049
-7845050
-2965929
-60333
-2048716
310572
2220735
-5557290
2768729
3156671
-3640054
-7341377
1533637
-3336541
-2492056
877325
-617280
5905950
877317
1324505
670437
-7154556
439016
2917225
-4920214
-2121187
-325687
2481356
3487432
-2512644
-6585809
1389984
-3106893
-2659098
1363191
2457645
-1511162
328354
-2132997
-5556888
1088609
-3332947
807844
3806227
-1521140
-161552
-2728342
4265742
-1160832
933708
-4555438
-4116967
-1558813
916924
-3529269
-266268
-6712338
-1744602
1868197
1110996
3095117
-1656914
-984542
4886447
1580408
4398305
235797
-4908800
3558239
4285032
-2138056
-2665747
-1114547
2901913
368332
1388608
2828488
-4118522
3595351
-2090973
135490
-2883440
409158
-3411072
-709847
3402042
194890
5184722
-7589509
-897035
-1136415
2812435
450588
-938788
-4910730
4329536
-5385409
-6672006
6789032
1304911
1601086
-3798910
-5396678
405462
1146348
2444152
3779067
-5046483
-194011
-3726154
-518559
-3298477
-3029928
-1283663
-408639
-1651866
3862181
-3073792
-3763789
-2530304
4811250
7949396
-4588653
-3435449
-5830439
-3168882
3591877
-1067184
3707979
2305881
1935763
-7343442
3568909
989585
727426
-3243303
-5777417
-7831094
5612514
2296448
-2680700
426750
1123812
94274
-5029426
-5890514
1289345
805023
-2415218
789688
2925098
4605055
-5924134
-1780637
2560525
3271306
5825296
795915
-1831327
-3020109
-4047748
-417820
1613409
-7949364
-2153839
177931
4998978
1220285
-956738
-220389
3773825
3355120
5474694
-5073564
-5786794
106234
624723
-1884305
-606957
2937419
1047543
4093350
-5045092
48162
-4575469
4094836
181175
-6594155
28172
-3810305
4344836
-5865528
-5620735
-5140565
2626751
2806100
-675351
750514
-897992
-107362
-4158740
5400192
-128618
1689913
-6641194
-5834741
164747
-125353
-428382
-2238262
-5897192
-2825400
4639683
2668299
200348
2245340
3149433
-7632394
-1700060
1448944
834470
-1914500
-1525736
-330037
-6991558
-1137402
-7064721
2400325
-2947214
5543121
-3625768
8961022
-6510957
-2591372
6138749
-3624167
1065796
5779838
499741
-1586133
1892302
-270479
-5456760
5014321
3383630
-4311107
-5584065
-2473970
1196163
-5028486
-266921
3284394
3060330
-898159
-2427968
575450
-2646221
5012737
3791332
-4061604
-6245079
862311
388320
5901763
5635493
-1528907
6347362
-6288015
3996155
-4745082
-2941828
-6242623
-687357
-546324
934681
-3792660
2881255
-1892092
-3169847
-3042298
-3430636
-4578463
-224633
-2358996
3169885
-4413625
-4156830
5382228
-2114484
8761818
-527739
-4938959
5355451
6131347
499832
-2167174
-1172611
4284044
-1568639
1259741
3088348
-1777475
-448697
-6222757
2292374
1507155
-1229605
2398956
5816900
-359089
626881
-3357186
-747233
-4796273
-218795
-4626925
957886
-1042496
-2595690
-2257475
51290
-367341
-4973026
-5532943
-3206527
-2049811
-2460929
3929224
-4844705
4459405
-4285991
5428289
-2563018
-5031192
-2686812
-2295391
1280544
-5685375
642881
5688402
-3568514
-5055489
-3042641
-212570
-1748137
-7696537
-3922616
-5360227
6901297
-2042090
-5573680
-1588817
1689781
1691357
-581718
-2802535
-5064112
312815
-3194834
2766648
772369
-632240
1465739
305357
989989
-4520189
4906029
-401246
-2686935
-4091488
2923002
-1814818
-5233674
-2853441
-1415960
-1572413
-5872993
251555
824089
5559049
-4341246
-3324332
-4467212
-3692279
3196404
-1714210
-255225
10095078
-5726556
5327252
-1578167
-5069254
-7285679
-2052728
8373792
-4077354
-2281428
-1802671
-4319593
-1156066
2080655
-2113313
-1463489
-1336765
-2427516
1082949
5647393
-526235
-6336441
916898
-909687
1904720
-2203483
595952
-2977305
-4650008
-350225
351277
-5592660
-1922712
-6614741
-2462413
834142
-4979713
6966627
6752258
1349862
5426172
2549629
-999741
271258
300428
-1816785
-4380667
8055185
4428036
-3156983
4060202
169579
-380507
-742196
656957
-1511738
4591117
6624457
-5839982
-2868239
-3352041
-6338804
-2330618
1294772
-689425
-2589460
-4450845
-2721587
6110069
514303
417910
5540636
-6792258
521690
-3869800
345469
2600475
-2660083
-571933
-2654837
-2798709
-4304529
-1852573
6621908
-1920524
1911451
-804397
1694110
-423591
-634342
2550974
4628252
753313
-553583
452396
-3030451
6255342
-3342808
834083
1137454
39981
-910651
5134074
-635639
426910
-172214
-4280297
-332873
2239980
-1760547
494715
-321024
461326
-6022516
-1673649
-2291797
4002517
300269
-1969524
-4939426
-3358120
8622011
-1852464
3050233
-5931350
-1300287
-1115111
2458851
2285268
201443
237274
-989471
2984861
-1749231
-988685
-5515629
267554
-3381057
2999210
1883193
-3970267
-1399480
-29830
7646728
2296683
-1375095
-4327558
1585615
6002869
-3153325
-6547352
-4188165
-2062055
-12559
5645257
-908049
-3305227
-3060514
2378924
2525266
4218988
-3380794
2926250
2611878
573406
-861142
-4179386
-3805091
-6058789
1507772
-3975425
1798998
-4686859
-5609256
5669873
1890634
-3882485
3715807
-6481520
-915173
716649
-1071584
1044162
-6629606
2569741
32047
1222094
-1217608
1286659
1720904
1197161
8901358
23842
-2976089
-3988566
-2428638
-3851297
3694696
-3705617
-3201651
-3743783
-2297239
5038184
-1940015
-2205957
-186000
-2483006
1586961
-1736901
7753067
-6107030
-175704
544240
2394862
1580217
-6256575
1501256
-1687910
-3485978
2201758
-1299221
6655406
2528383
-4429364
1473741
1451129
159233
493227
-2542350
7208651
177817
-4218332
-2645348
-1130277
-6003287
-2602061
3131216
-9225763
825376
-967859
-1463118
-4764922
4219673
3073763
-6245540
2356524
-3347745
827683
4396873
-1028985
-3747277
2153057
2706394
3987712
-1949429
851413
-5094564
-5646620
7374679
3776756
4463699
1445580
-902772
-3927891
-4903643
1451999
2627372
-5306549
-305400
-185341
118573
-962589
-2828786
5082137
-3188203
-400055
-3442127
-1407082
1552518
-2892361
5357785
2491425
-6272552
3911281
-4896832
6379472
-6161602
313989
2477233
4393324
-1126957
6936142
129111
-252784
2137705
-5733160
1218638
-708870
-1488951
6370329
-3453054
8751183
-1931453
5161358
3080098
-4244240
-4495046
575008
-740768
604017
2791764
739753
-1973474
4100860
-4569910
-609117
9444253
3845825
5424822
-136156
402011
-3465625
-3008109
-415242
101992
-201793
9479454
-7548730
-1127355
-1032688
-3179152
-3732695
-4218231
-9959088
-120689
-81507
-5672475
5441085
2252801
-1629997
-1616550
947339
1211233
2528206
6868867
-6251969
-1096160
5423133
-4670740
2805108
-732056
1356788
-3242873
-5333745
-5795977
2078516
2888725
-5272707
5794019
5438047
-3388593
1006908
3134437
-2906110
2766676
-3624635
-8407068
-1575788
5280951
-2847456
-3717337
-1335790
-2836774
-2904094
-3739309
6595
-981344
-4509085
-7172497
589237
-2320739
-6300211
875706
2424130
-970615
-4236633
-3914587
-3033420
1043476
1634679
754999
-3458730
310134
-3277957
8650229
-609993
4457801
-875554
-1698777
431584
-1896213
2543459
3450891
667572
6195881
509755
-4155845
-4989797
2550105
-38974
-7313757
5633128
5705666
-437748
-601415
-2639481
111527
-4494850
4654553
-2441485
1451964
-2712052
-4491085
2242106
-2416434
1234775
-6634378
-2502202
228848
566001
355695
-1151847
3342172
-2238535
141725
2931939
-5635239
7664960
3787217
-934315
1805660
-2500145
-8358050
-6610654
-6392796
-8529016
506194
-5095456
4287524
5023229
-1750295
706571
3250727
-3611679
-1923106
-795466
1365178
-1863712
3558203
-2559605
-2134972
-61662
1500972
-2757775
587424
248374
-5609642
2509120
-812848
-2173676
-666964
5628000
-4826874
6691972
-759829
-353961
-5610387
-4511130
17401
-5938529
-3777350
-2091339
-5221698
2344097
-1908878
-943512
307054
-81568
-8218796
-2568217
-3468909
3536445
-481334
-3920093
-2613448
889438
5168735
-5782876
3215762
186751
-1954124
3741817
-4540204
1759777
2045981
-2836389
-355465
3777938
-4302212
-4358818
-3633976
7099261
4937037
1982340
2211032
-1797063
6054256
-652388
443180
-466475
1846172
-3845567
-4498650
-3924040
-843716
731728
-2107929
-2974490
-482153
-2210673
-3389741
15916
-93073
6347405
-3495068
-1970807
1797000
2232598
-3581214
3019344
4913134
3573118
4628667
-4872610
-375176
-2080288
-4590931
1468244
-3365963
-304945
-3831037
-5356227
503909
-3892097
3185325
1866090
-1234625
5648180
-2670875
4093194
-1316365
-332684
875809
3190485
6543748
-7227659
25874
-2480058
-7390177
5172115
-1174850
-4859281
962980
-1031322
-613898
-2702933
-6768069
-792112
-2055788
-5290657
-104646
3802643
-27297
-1525672
8526820
-5345690
-2729969
-691706
7630818
-539386
-476154
5328928
-1184317
-2029704
3656600
-2760726
1012823
4164192
-4041495
-1007332
6222857
-185371
-2571357
1748134
5781802
-571752
-1683978
-2910537
2743855
470255
-1401620
-6209334
228628
-4740766
-3009576
-4749944
3611600
3220726
-737055
-223163
-1517408
3955830
-3425136
-3707106
-2966793
1533565
5448954
-1961417
-763253
-4361241
-4449819
-8564536
-4602213
-2620343
-4156546
-391358
-2890764
950681
1869900
1971426
-865121
-3862265
2672841
1663684
5106815
-5242821
1120334
-2778973
-4597253
-139643
670428
8809414
350598
-9397404
-588938
1574046
2998552
-3204368
700562
-3618521
-5434052
1889531
-2119794
4569636
1059093
-2471308
-3002988
-3319987
-3087707
6377828
-4445468
-404445
-4988128
4961370
-2863634
-966654
-1732793
5043661
-2021216
3536020
1029461
6836718
2609553
-3070504
-4553772
3120147
627777
-4328624
-694700
-2950647
1091208
-4528468
-1351586
-876780
-3816701
2368479
278940
3110845
-3841721
-4886763
-188637
1535001
-3080282
1143484
-2838911
-2215048
-499215
-1080889
4416200
-1870380
-6799944
350271
-858962
3367379
1219913
-5744602
-5853282
2235555
3528267
125714
1991840
-1876335
138333
1264459
5390269
6879305
4465563
-4618464
-7638950
-31289
5549562
2893037
-1677697
4356880
-2264290
1642837
753153
-1372634
-1239995
101141
-595941
-1398925
-4450677
-2529443
-4784193
-4879480
-548454
8961871
3426136
-6506837
3033241
3232805
768431
-3629907
455127
2697106
1471609
-4397267
-4664111
-4991874
-2083594
-973016
1013925
3229827
-2645732
-3372042
-4688504
-1404101
-3421570
-5927672
4297326
-3525084
-1803156
3509012
3612068
-4572084
-2337655
-1589412
-47097
484601
-588008
-1786502
4864470
3024048
3069054
-3697933
4848145
530132
4278957
4588123
2815017
821094
-6345178
-957277
1333793
-6257038
2782683
-1501047
-1310286
-3971931
-3211161
-1120133
1638693
1864215
517459
-2573675
4849305
-2015245
-8299008
-984347
2166846
2027691
45115
6167528
-2602968
-7911559
3818096
586821
850768
-3101631
4426607
5319484
1237362
-3782286
1519988
-2780247
-1957443
-2290474
-2719228
-1674342
-2861105
-4197501
-1969567
-2438810
-3839305
-5886268
-2708464
4911406
5113535
-4313218
-5491318
3550545
-2529470
-3086275
8913461
4302098
19995
4393304
513240
-250565
3964904
-314390
-1321692
-1808551
-2863551
-2313506
-171840
-2212422
-629108
-70212
5238591
-3793565
-1364597
550765
5205236
-1926312
-1129673
5036566
-3213895
-1598870
-3081530
3309525
5573485
2790473
-5626117
-3296237
-1003352
1021539
5003905
-2094300
2011723
4598794
-14980
-3932884
480498
-68435
-3778500
-3947397
-2895326
-1489235
1015890
-5585505
1984368
5656785
-1155321
1030253
-3870153
3420515
2121882
-4155726
-480534
5174118
-780527
-443997
-4330390
2479978
-5410180
-1562084
-7736467
-1486755
-2603526
1409684
81624
140120
2635485
-4979253
-2286978
-3181940
2416001
-57015
-2007236
-2377427
-2814761
5202342
-755166
-4979392
-3448410
-2290821
2494079
-631869
1368802
-3117271
-5163356
-4182580
-3554249
-3632359
3459687
-1272238
1231587
265828
-972974
-2011483
3754203
-5960518
189905
-3198484
1303136
6102233
1631574
3559465
-74064
-3177861
-3510512
3137522
4548075
-5858707
-3713792
-4806032
-7732727
-2962560
-35499
364238
-2147755
160516
-1837304
2666424
4016822
-6354521
-1409118
629536
-3400228
-2923336
722904
-4789978
-1179723
2249866
-5532141
5700448
2268244
-3953207
-955734
-601917
-1764715
282305
-1285639
3147459
-1224691
1908522
2048017
-5478161
-2662966
-4593575
342125
3733246
-1336131
1721883
1405125
-3392490
-1271951
2850018
-341441
-3354139
-2505997
-3658751
-3390728
-2758133
-7524052
858906
-1605084
1114555
-1551566
-1890720
-1054718
-3228108
-2228922
-313046
-1876714
-4243725
-6927218
-131230
3479255
-2044813
6285572
619274
2026370
-3479572
4620601
-1405255
-2746394
6943989
-2526620
-454257
-6353607
8021748
-4165276
-915949
-4287034
5726750
1016095
1016070
-831321
4032400
-3939556
-796167
8945141
-3924517
184242
3653620
-2669005
-6206919
-6207920
-1756507
-920033
-4713095
-2839927
-975214
3521733
3930664
-2490520
7069689
6362905
-2357683
-2400712
-5961107
-2373992
-3511709
-3003323
-2531435
-168066
-585197
3153772
-5053477
-3330261
1755281
-3231171
-5843432
4766900
-5286486
-2285234
2796617
-6559945
2759031
564335
-4141646
-1525351
-1941161
-724268
264809
1259348
-178693
-437498
2941221
-5693703
-2526291
-2007902
-3863227
-2492506
7355351
-849887
2551200
3612459
-2881370
910527
-1945022
-5198142
413000
-3142358
-2356724
42837
-2858861
609370
602663
986861
444062
963924
-5809247
4633889
4222020
-8898345
-33696
-4231294
8156448
-2934868
7813206
-278064
5433721
-1056242
-4160262
1205547
-484688
-1376313
-723998
-3965052
-4665834
-1817375
-8337790
-455994
-1339488
-6493238
-1151391
-3520934
-614384
-1463291
1977866
-2822236
-4562272
-5115236
-4971030
-2877254
516737
680949
-5070878
-4646524
-5403955
213878
48503
184488
2679523
2440050
432506
446301
-3817016
-1984377
-5272907
11119825
5350335
-1622250
702227
7688623
5542233
-1313106
-794608
-3337675
-8162905
-4345706
-1633387
-2439850
-333159
6539941
-4346328
-7765405
-1755720
-3237996
-3728212
9688453
4122263
2897123
-2412741
2136241
2046991
-424751
-6505882
-556784
3609729
2532535
-1268541
-2309297
2167736
-4975623
5525209
-409156
-2732786
-4431660
-1696152
1627170
-4240807
-1787249
-2380755
-4305522
-5457786
5155952
-1761714
1619237
2339653
2132346
-562352
-5760560
7797123
-2870075
-4265448
1648619
-2218799
-1707268
75355
-805539
6543977
-2974031
-3848994
-4398503
-1600547
-8895878
40982
-3196418
-3197258
1692693
-5366897
-4537897
-4740566
542199
6608277
2298752
5284616
5166243
1396575
1169589
-1500091
1524915
5316763
-1061215
1796855
914468
4409774
-4621527
-4939541
-1946057
2573800
-1818678
4964836
-3154894
1520069
-5006202
-291508
816498
3495534
-1154299
-1305573
-4932764
-4749753
3083029
2028591
-6760615
-1136641
5847623
-6453443
-1447894
366847
792154
44955
908734
2116496
2707415
275264
-1108355
-2179694
-2954521
-6363666
533473
1851409
-7750435
2339333
-1682389
-2063324
7611496
-1435808
561834
2829550
6239702
-2382042
3568091
-2828170
-4737890
-2619192
2219051
-1397870
1644040
-498125
6906558
499427
-4448519
1070724
-1565250
-4261979
4399459
1385508
8711196
8404662
5451798
-1938162
-7061832
-1877568
3714078
-1330688
567263
6455
-257575
-5891867
8495690
6075365
133265
-4106099
-3985640
-4666739
-2291621
-289980
5641412
-1012421
478897
653540
-423752
-4196229
-5480147
2808259
-4603079
-347825
-7106678
-1452304
-6853197
1259738
3049507
22581
515954
-6130490
540148
-7851310
-322671
-1257348
-3815650
2379294
2502980
-1161354
-1509367
-3326777
-3434824
305289
1841526
-4668516
-1623328
655502
-3469466
-5050207
601235
-3949327
8718543
-886261
-4618362
-37344
-4939980
884787
-2838909
-3848379
1732172
-2667445
2972386
-2524065
1173916
-1347800
-299438
-815896
1329929
7268083
338769
-711404
7012307
-2795265
-2736223
-1389785
260403
-177507
-2944764
-305975
2985559
2903074
-4716262
-6390561
-3508356
-318165
-6744692
5759497
-1018808
-2516148
4694222
793581
-1847490
-3554259
-3377553
3376381
4503363
-2389583
201723
-2730462
-455066
-4894723
-4853656
6511566
-372866
-3936076
-4176150
1006687
-5281620
-4572038
4836979
1004806
-1164706
-3540122
7501655
864820
-7831487
-402351
-259792
-5945136
-3098943
-4184346
-145350
-6266587
-4190099
-1496190
-5617060
-2287802
2052820
-1975477
-828971
-2927863
-2192271
-4394641
907900
3281487
2061583
-543170
-2325407
-5186776
319205
3802633
-3397784
-796954
-470715
-1981530
2861484
-6430695
-4910131
1200297
2502332
-5305143
-3373468
555628
3643908
-1356583
-4453226
-3306546
-4979011
-2309921
-3709700
5968575
-1454827
-4943125
-2159360
5473256
2446282
-2714127
3525443
-709648
319619
826293
6579735
-5909263
5623621
-63746
-1362024
-445590
5114516
5057513
-6215784
-5448706
2382042
524627
-51022
504018
1690690
2694482
-3764521
275579
-3900869
-6700108
-2272016
-2847198
-6107
2307197
357482
-284172
-2129876
-447242
3850246
-3555779
-3297402
-724370
-2322756
1657543
-5610145
-2277555
589619
-3565141
1154842
2484837
6348128
97956
-616441
-190034
-164289
-2129407
1702531
6030692
1981150
-1826996
3931504
-2550787
7678355
-3949363
1402073
-2073408
6787412
5239471
3716196
-4142760
-5048434
-4599779
-4569262
-7685499
2831762
607555
-2333976
-89317
4134303
2693119
-2862070
3144965
858847
-7822639
-2016031
1663098
-4135164
-1928508
-5258040
-1839499
3871952
433181
-5607510
4020153
1432068
-2626996
-444559
-386548
-1889095
346646
6612058
-1092745
1999719
-2449436
-317238
2007471
-1473757
83107
-1883141
843641
-2120501
-6564538
1320392
-532598
2274918
-2639661
-5015222
-7095038
604655
-3316484
39315
-129774
-4897122
1360752
-91621
-526788
-2924604
-489909
2481075
-3292352
-641450
-7306819
-3026481
-516600
557791
2096621
-4909468
6518553
-2538551
-1329827
-7466729
-3144555
-6364486
-418920
-549948
-2560522
-2243322
-641195
-3741914
-2896826
-6661832
-5143245
-7214751
723018
1780716
-5729268
-5288659
1133421
-1429747
-5197122
-2218200
-179636
-2323353
-624763
-2762471
-4852023
-5226331
674013
-2214269
3259255
4094162
-2486376
-3659681
1350455
1570016
-778292
-3029302
207732
1471487
955653
2643016
-1486814
-5066025
-733535
-4971038
-706998
-324514
-904125
-6078624
-1329515
-94177
-4803500
-1020258
4245958
-3658380
-5010054
2460696
-8378875
-5585640
-1408432
-663039
641261
4177846
3860721
-344454
-4099002
-214234
1425586
1525849
-2752984
4420308
-199901
-3513327
8942079
570786
3205166
-4198833
1414048
1086164
-3763215
-2626407
-7195061
-856588
2277110
-1579473
-6344314
-4149259
-3643125
-2532929
-562274
1520830
5568686
-4273990
-2443540
-4378011
-1461013
441987
-7648770
841717
5246244
-5902410
-6683983
52127
-1847555
4606421
-4253941
2131966
92918
-2939547
200768
6115080
-4083060
51579
-3725699
-863993
-124750
-3315714
-2073804
-802018
2090148
-2500106
-3177538
-3214699
5760603
-1695652
-4312171
-129394
-797107
-4646867
-497685
-5564131
-3192818
-4349321
-4898872
-1324393
-3964367
533684
-1414058
-4886588
-1140297
-605571
2008843
-1478034
-1389757
-6714737
-2358361
-1848014
1614332
815178
-2972394
-2915178
-2562672
-1852668
-947589
-134426
-1774231
-3039645
-1964657
6106918
-609564
-6971314
-291434
-4407463
5579190
2056064
-1104721
-4570409
779578
-4335350
-2927029
-5904724
-2187868
306474
-864665
-3711727
-2993723
-4557276
-2743050
7627726
2056426
-612366
-953772
-1907397
-7431634
5361738
2259868
283803
-3088337
-3877333
-1840143
2881795
-5719602
5691909
-1926780
2152730
952069
1899480
3482054
-744190
1391094
-2232941
-5675532
2200727
-3808645
2589511
-5185501
4666081
-1519614
1826865
-3266901
5689202
1747445
-2098359
-959688
-6712480
-735394
-841706
-5249921
-5823874
5506844
7654758
-700447
-3491993
2671148
-6421928
693595
2094936
5169863
-794069
192381
1328338
-2131043
-1807854
-3973672
-3782667
-6091677
-3227138
-1113527
1375753
-2933586
-4676155
9227033
-2398704
-5073267
-958589
-2451049
3774194
-2987166
5149676
2911970
-450133
-1524326
678291
57552
-197810
-1279083
-4892805
-880898
1953341
4406864
-329112
-844225
-2252836
-396218
-4187262
4432490
-451581
521419
-49555
6509603
-459029
-968024
-1966027
3630209
-1626120
-480515
-4631382
-1545590
1873345
-3328417
-280562
-1416314
-1488324
2707133
4718552
-1252110
7722368
-2732437
-1879168
-556522
-7985082
-1385706
2390579
-824841
1840384
-4518133
-7323463
-5590838
2833756
146281
500791
605123
-645201
2700493
-2061448
-6094854
4355978
5878856
-477476
-3180323
-1188387
-2933512
-602558
4201759
-4844617
-2350479
-8108201
-554451
-3085859
5100434
-2676355
1071564
-777263
-2276214
-3361756
-2845106
-5462812
-595899
-1537160
5781752
2459910
-6598700
1306310
-2522262
1803285
-1418777
1975237
-446826
7244774
-6484579
4482292
-3198407
-223846
2923548
-4729284
-452662
6120224
7852142
3957863
-80659
2255066
501460
-7885106
-5881457
-3152993
3006186
3578112
195549
-4358349
3647485
2677140
4578037
-701123
619058
-2759853
-1454731
4799951
-3347759
-2310382
-2792442
-1846187
-5242067
-3286492
-927741
1932797
-3099906
-4262067
-892351
2391984
-6488436
-3631259
-5298056
518966
-2093678
466725
-1782895
-97648
-6032072
-816282
577587
3451796
-2013471
1601390
3808732
-77118
-4259287
-2257680
5362153
-1730637
2067487
-5291362
-2950384
4468452
-2076243
-785656
-4350593
-2570171
-4959456
-7107750
6526824
-5837440
3209778
-4278484
-5418900
-2991340
396104
-1762291
5563592
7123567
757572
-5199799
-2024416
-3743781
5773405
835658
-3334477
-1478045
-5900428
1600965
1566499
-331701
1176222
-6547603
-584219
97235
-3398837
4566230
-6270480
-1063122
-3141525
364075
-1640581
3331907
1842740
-1046963
-2847858
-116393
-7148259
2118182
-3485812
3021572
-3774410
4968546
1111978
3441283
-2241576
3003975
690836
1337925
-444999
-5483978
-3314467
-4820717
-5351350
-874768
2527936
3236158
4809083
8342547
5555152
-4107120
314929
-491205
1032516
-755257
-1055615
4588777
-948993
3790654
-130712
-4280345
-12264
-2314369
-5792860
-4727323
-2699471
-959265
1289704
1535326
-4143282
1069285
2267123
-6274855
-4928296
-1738278
1705831
1904304
902960
-3333491
1727002
-3276446
-2242636
-2015922
1014443
-345247
5774830
2060005
1424535
-4119007
-5735287
-2969060
-2713788
-115419
444085
6269268
-1890743
54053
-4273035
4296149
2232174
-7188700
6038806
-198499
-2128403
1416548
-2223845
-3378471
-492734
2096839
-2991764
2131887
7093560
9433644
-4206231
-180384
-7016497
-383371
-2375016
-2745875
-415523
-4212354
-3802795
-4000190
-1777941
3784446
-839866
-3590862
7176192
-6614202
-2123317
-1218556
1304801
898748
1695979
-216016
-311189
-1351657
1043273
-3512620
-1003554
-2784238
-6217860
2710615
7025673
-4572035
7294864
-1212011
-1377923
-2040986
-3977751
-6906999
-1730506
2938791
-4030172
-6497629
5055818
284822
2751904
-9007419
-3646591
-538017
244236
-3025964
-1225258
-260713
-925506
2006396
300485
-1167785
5806643
-2350415
-2731677
-771412
4335966
-485409
882108
2724358
-3153101
3062175
-1803038
-1774717
-3307894
2672569
2435092
-2040920
-1114534
5117423
-7408761
-7021581
-5127629
-1832607
-1983334
-2474468
-3465476
-4789745
-3163575
-2933466
2080555
2576245
-1533056
2781146
421869
-4100445
-2106492
-1278513
-7315054
-3571486
-4088630
1863813
-671466
-1897692
-5916732
7375471
380117
2714730
5801542
-6273074
-3724270
328275
-1500869
121483
2137739
-1819070
-3642501
-3098353
7870393
3987648
5593372
-266883
201741
3777914
-1097668
2924867
881745
397533
-3745749
4205741
-2846698
-1162259
448135
4074688
-4707434
-632686
-1584252
3699634
-1592493
-3242437
1768266
650874
-2166426
-3359298
1526977
7535043
-3634609
1006172
-1830759
-544314
2695536
-240177
-5671257
859610
534630
-879591
2792448
-4248324
1250733
-945388
-6150278
-298632
-2848912
1403810
-2918182
3456215
-4601019
1127521
-455804
2496217
-2451765
1136831
-1635915
-1305509
523440
-1477616
477357
-8366364
1185434
1511534
168988
8377185
-3372653
-1024213
-1188549
-1558149
-259806
-5548891
-315400
-6884466
-1460782
-5368345
-3556431
-1297382
2096015
-952576
-6303226
-3438241
7805481
-4447446
1475453
4039527
4056765
-4246456
6040927
22271
481745
-16521
4977800
-3796645
-5052149
-7511364
3234910
-275454
234169
2028404
-991998
-5663404
-3778617
-469812
-2992609
-7309596
7076461
3331373
2965818
147367
-710742
-1233575
1320769
2798650
3603108
3325877
1112400
-5123720
-2661853
-1181655
-6971887
596932
-4378329
-1897585
-6492235
-6275610
-2686594
-288883
-3346147
121029
-1907283
5998603
-4642185
-2842037
-1809539
-1708677
-1089738
724230
3899591
-5036745
-1354005
-5286838
-282271
1733543
-914190
-225972
5124109
377901
-3435252
5850715
6220953
-1927314
592693
-2336211
-1070323
-1594310
-1915446
460219
-5628563
-1049729
-33706
-2558729
-1989006
65842
-1071373
576192
-3559809
-2605349
-4116814
-3792495
-445271
6251106
-821912
6004400
1343686
-731818
2253826
-4015496
2386432
-5719603
-2554135
-502719
-1553518
-4209044
275283
-3599598
-1975228
-3902837
150617
-1480372
-4036686
-381964
927957
-295429
-111432
1080224
-5559297
3952508
1805274
-5765359
-4204080
9817859
-2709277
-5464753
-443923
-2167343
1191969
-464556
4511727
-2545222
-6228476
2307412
3539837
-1358490
-63073
731597
1179233
-1226697
-1078145
-16465
-238527
-294746
5836292
556673
-1902903
-1147962
725795
-3367651
-2938257
-2519358
-3560204
-348635
1812751
-6496456
-2684000
5891218
-3752694
-3198226
-118336
478104
-1116566
-2395304
-5130260
1267000
-1473093
-7991976
6491117
5020719
889
-2949063
-1073104
-98381
-1977010
-1429318
-339372
-2843089
-2395288
-1363867
3369362
-7510251
-1322005
-3762212
2194333
-2623746
-2239538
-1354412
990174
-4711187
2144688
-451334
-219653
-440338
-1669933
-592010
-2774593
-2292801
-5340606
4983225
3797402
2897527
-3156972
-2004191
-298107
4667703
375243
3717799
4095312
-3723422
-164726
-2892387
-4372959
-490157
-625012
423961
-4018180
-5393997
-2061386
-970255
-4481471
-298021
-3783511
1137954
-5930241
-2792927
1210567
-3499036
6635374
-2316042
-3396935
-7498352
-1881279
-4543323
-1964131
4119774
4351562
4944840
-2280378
6561209
-4459003
4275038
1247082
775406
-2960908
5525513
-800954
-3204467
-1071537
3373033
-7352480
-4148007
-2349125
-3897625
-1750814
-2631867
3514786
1405580
3551495
-3303323
-9241862
-1991942
-5430559
-5035237
278249
-721829
-1373671
7162516
3368994
5629911
5197504
5886536
272637
-1695823
-5176486
-4996536
434543
-2695588
-3918900
-250179
-5502518
-2446646
-2427266
-2989014
4406705
-4430590
389828
4342000
-2469151
-533634
-5982582
3697764
-6241847
1552579
1528928
-3942782
-4320832
-5514486
-5686026
-3025095
2416467
2283411
1192925
-3490394
-4023796
1414101
4552267
334860
4350304
621646
-749543
-961505
-2064651
-3703197
1880779
1298836
3218717
-4279453
179044
-194873
-1920536
3448221
-7267893
1359387
-4840311
-105006
2373259
-646074
-1346523
-1088989
936018
-1143284
-2008665
800282
-1248804
-811130
52440
1422968
1199986
-1588493
-705504
2569519
-6985288
-5009828
-1159020
-1421673
-1695207
-2577087
6804972
1345543
2364182
5663783
293807
1871566
-7965023
-6931916
-25275
-5151147
-3435079
4653552
-1430525
-1019699
-5777972
-5800688
-4054168
-6772921
323022
-8556778
-6079006
-4845186
-3516880
-2972135
-4014325
477945
-4313174
2903932
-1956445
-1087401
158635
-4353881
1682420
411812
2419944
-1054977
-6230596
-2327893
-4257375
1617796
4147041
-988058
-866288
-6429576
1371331
-6927255
-1861137
-434035
-3054646
-997843
-2492103
-1932161
398486
-4352362
-4628915
-7517498
-3131080
617493
8648938
2037157
3649630
590204
-4149441
3590158
2240303
-5228114
-4160387
2923233
3392978
20275
1353589
2753682
5074709
-889256
-1984079
-3263541
2243317
-696649
-44233
214146
-2878186
4696140
619106
-1030507
-3919138
-1302244
-5938716
1914046
2457216
4914558
-809003
6305698
2315980
-6967955
-2985469
1374640
-2464461
-3571647
-1919717
474365
-218375
-3955978
-673875
-1766424
1635046
2859300
3167453
-3042546
1276978
3380669
-2785504
-6183072
-5474858
-1530300
-230882
3436097
-6197444
-5963920
1670156
-4446441
-384126
847232
-3957036
-1526761
1930132
-886605
-5286708
10240350
2905048
5025070
-1666165
-4961116
-1969351
859712
-1431046
-2941806
-5118532
-994354
1623807
-6549528
-2752959
-405269
-3993818
-3778842
-3852376
-6801632
5929694
2007737
-1219244
-57191
-2344267
829
-3398074
-7344022
-1289899
821553
4799619
329474
-4571272
4851325
5309197
370583
-1149930
-3685483
-3343501
-1995878
5416663
659896
-2370316
-800314
-1419117
-6740123
-1723103
-606140
3161717
-3678480
-2669740
-2025077
-324706
-440617
314763
-1365297
-2497262
3655498
2157953
-2084627
-741418
69045
195698
-2388122
3462074
-1737062
-108326
-5510332
416477
-6227990
-4881505
-5218769
-8884903
-1824816
2448189
111200
-4167421
-5276752
-3744538
2455728
4947659
-3345045
-700670
-1107926
-4584293
-5816009
-2317878
-3233556
-2880146
-1091928
-4913792
467311
-3888809
1130856
4891422
-5159663
-2580004
-6857292
293455
7760641
1495731
-2884167
-190476
-2371046
-47407
1779254
-1700338
-4520105
-4386723
-5630106
-772643
140204
427479
5065292
-1297823
-6626577
-2983322
3058203
1379114
-4102981
2307364
-3540514
4582969
5111165
-6602067
-3591417
-7958613
-104023
-3090920
-774936
-606027
2892983
-4232907
-2929982
-389143
-4295445
4806962
1730618
-4892711
5569925
-9262111
202349
-776483
6134106
-334141
7496296
-2109011
-6541153
-3208087
1243197
314678
1935203
81123
2732092
-4169226
5664197
-3581621
8361323
622048
-5452454
-4908637
1406387
-8271180
1722617
-1627802
-6180537
-5242667
-2646841
4504109
664756
2923353
-3591825
1830314
-142791
-6778781
-236783
-748861
-4708379
-5383778
-1699112
-1213687
-19789
-3263296
-163243
-6622125
-1377185
-5874004
-2121506
684309
-2042039
320597
-730243
-7421869
2486391
-1281848
-368887
-2610642
1163719
-220209
3962972
-1559369
-1873257
29128
-63385
1310995
-5900901
523839
-6538964
133724
-2142484
-5435013
-3000334
-4315474
1820984
-4690932
2518260
-2890086
-1521670
-5285849
-472739
192507
-909899
-5038574
-2987647
-4080433
6125954
3586835
2826316
-4518361
-1392029
1695829
429622
-3212786
-3735307
-3426938
1370292
1347622
4357166
-625618
2453679
-1944911
381125
-2717354
-1102294
-4343426
2455607
-3008419
-1420852
326991
2183007
-2741775
4005336
3981884
-6179128
849903
1150920
4901905
-2986742
1444544
5801619
492994
3795734
-5084991
-746262
5853947
-2339729
-2675285
983367
-6924409
-828196
2128404
4021275
-1528559
3366263
4999245
-361443
-5077896
8723256
644089
-2674595
-1345376
-1735844
-3931794
-2260960
-1176054
-1449669
-3035969
7452941
-1381678
-198234
4459313
-2257807
1550704
3376858
-2400934
-5708606
8022618
-4272519
1552567
-1002061
1512182
1515177
4826172
317813
-5738447
-3037031
-4142017
2570052
2936265
1024278
2516110
-747785
5762153
4206532
3383898
1267881
5769183
-5962953
-8556879
7246875
-1438644
-5365071
-1180558
-2072370
1310871
742306
-5263907
-777665
1593079
-2993918
438755
-3624290
-3845933
-4219369
827143
-2439096
-4841397
4151148
3971493
-3031589
-805177
-1626811
-1582752
160883
4439670
3688645
-4088914
866824
-1317177
-6849388
3818766
-6686019
-398429
-2357923
-1776656
-215677
3264107
-3849983
-5871884
-1403099
-3006205
6974263
-4479205
3197666
5506308
4677898
-4990294
1774780
748798
-1143835
-2173092
5418936
-4925779
5655589
6441843
-124737
2475401
-4021392
-3782380
-1392273
-2895918
-4472042
-1338862
-3780211
-5332925
4302250
-5003897
-528961
4870620
-2881004
-1866847
-267151
689936
948401
5389093
-3544158
-1731046
-6590428
-5421394
2328094
751977
4864437
-907805
-838104
-2472918
-3447243
-1368483
7115422
-6346568
-5730539
5145292
-3920087
1958391
6260536
-1205190
-2729628
-193859
-1298371
3586504
1286569
-1605648
-437841
-3703050
3569713
1503358
-536531
-1657734
-2292178
-2764410
-5635298
-1671503
1494428
-4789032
5297443
4664451
-1591383
-5290068
-2363688
-1305269
8350250
-1572669
578296
-2073006
-4852586
2202964
2272523
7013750
-3989880
6729802
-941099
154230
-968061
545677
-4416276
-722787
2306514
8288811
3190075
2041156
-4644243
6003407
-315840
-6150330
-2795316
1685970
-2786698
-1046053
-85776
5046777
2001696
-1162246
-727400
-933684
-1458926
-1930244
2612582
2161645
636128
162572
6414861
4666937
-1818866
5357796
5192593
3139929
2218811
-451929
249537
-2111800
2833046
-3205789
-6274513
-881703
2851148
2363449
-4968218
-661185
-1460713
-6813579
-4263840
48797
1073582
1286144
5122434
-3316550
3435303
-3625862
-1273939
-3897196
-3518070
3439168
-1321193
8050767
1801081
-3875171
-178687
1627345
-2450096
-1094572
-18883
2455709
-3241835
302207
-1727093
-6054978
-2511924
-3495512
-3184173
4840915
-3403649
64895
-568828
-1391566
-1803621
-3372291
-1501110
-596485
-1992257
7881164
-379091
4617408
-5684318
3989402
-4436401
7747316
-1299327
-397418
-3797818
-4301869
-6858199
7719542
3448857
-48972
2953394
8009405
-2473746
-1200995
-3663693
-3170213
1229942
-1377283
-3605562
-3961490
4779080
-6685163
-529471
5225607
-3356274
4487359
-3407064
-5302776
-3593464
-1463924
117122
-6621023
9461800
1170309
438474
1243046
8275151
-1133324
-437385
-221578
-7250806
2968006
-1428687
1750507
4452528
-3868186
-2000951
2345411
-1139894
-255827
1360920
8457987
3493301
157980
1914358
-5503245
-3298767
-1128341
-7215012
3919644
-5371002
1041912
548098
-1105067
5646784
981563
171162
906270
-570645
-5547756
3413389
-677999
-1108846
-7039726
-1185263
-2417974
-220886
1013492
-3255105
1000718
-3777209
-3156800
100028
-4500048
-4854454
5335478
-2903348
2235961
-257321
5272968
-1737384
-349418
-2434227
-1584079
-1173411
3116461
-3958406
-233034
-2501866
-764240
-2195917
-2170621
-136256
-101097
111454
4828284
-3132565
-238071
-7251969
3732967
2524244
3627676
4876100
-1774149
-898278
1002004
-6158886
-2390067
6335345
-4260404
3731679
347376
2577571
-173814
-4146697
-358705
6217260
-3397013
-4403721
-3138249
-2926793
-4482765
1817188
-1401250
5858542
-5150616
-4051860
-4304103
4277692
6706445
-5134206
196519
-3756761
-331899
-1605876
-1355540
1135221
-737096
7474630
-3646871
-2793105
1492264
-1533354
-6467204
-266883
-518329
6572050
1124790
-452667
49862
-1767127
816227
-1946865
1471012
-3090921
-4833343
-3123994
-305746
-322159
3087106
-3896564
1055956
2977455
361972
12501
-3034456
-6563548
-4886126
-2998815
-452536
4880141
-4098012
2680992
-5317258
5268697
9062328
-140028
5316696
-6591432
-1009985
2738916
635698
1133763
-4117546
-2233759
1072136
3446808
2609798
-4861650
-801009
-3178209
-3964937
-1747003
522451
8676263
-496755
5810928
80324
-146699
-8981888
-5039534
-234579
3735874
3861668
-3531468
303956
280058
-2797754
-5181107
-800099
-3694750
-5829927
4005580
-44054
-172650
-2971584
-4846297
-3871436
-3673108
-1052010
-3020992
-3679992
-2999475
6046481
1000341
5166319
-3920677
5473125
4666
1016851
-425611
4337995
5704606
-218374
2488378
-2525047
-5118186
3624151
-6361532
2227891
-4383873
-4546210
-48572
1387993
-5399469
-1602679
-1242856
-2183806
-550026
-3241374
-1233036
-4299683
-4964883
-6633597
-5883352
6192805
-4330951
-1697273
-2352884
3656996
2049776
3682196
362364
-4184229
3027425
-4108547
934366
-1822357
-4282913
-5552274
-1788407
8183610
1735246
3241886
-4944323
-152117
9091219
2902006
1521064
897609
-2527398
5197135
-1677903
-2235295
1201888
-3784377
5161467
-4354330
139116
1081827
-3451612
2606075
-2955867
-1728879
-3741517
-1096188
1993699
-3245893
5428837
818386
-6173568
1971607
-5307101
-2457018
1913438
2961235
-115632
6031953
26729
-509034
744174
2332057
-1410414
897404
-4657276
-2881773
-1623904
5303787
-92568
-2642695
-6459436
-678788
-556088
194374
1470670
-6010875
-6477368
-391053
-4899034
210021
-3689793
-4643893
2970740
3658191
-2145861
-670766
-1317077
-2164424
-26388
-3624208
571132
620469
-6458855
460034
4738692
5504726
-2770890
-5578223
-1116098
-3631827
-2403491
7917452
1022210
-1728632
2625483
184268
-4471927
-7455813
-1213823
-4007067
-6570266
-3875537
2706481
3274341
-3362174
-2280727
-5116764
-2536378
-3302718
5479703
-4853420
909900
-970882
-264122
-4197271
2124485
652341
-3761672
-7487550
5897924
-4880933
-2478536
2074322
-734043
-2464457
4623601
2076499
-2042888
7717322
-5229801
-2972376
6355548
5717824
-5330295
-568898
-4667885
1540975
1396573
147118
-5025193
-2895132
-206992
-3471617
-7282634
-2207560
2439090
-2995214
-6605017
1204023
1503929
2409973
-897042
-2706498
5942367
6012101
-3826956
-3809619
-6769109
4452731
544419
1863236
1533234
2830225
-1858136
-2846810
3127368
-1861111
1395775
5854757
-2534095
1691318
3167402
822332
2563995
-4737108
717022
-93351
-3933766
3424236
290978
110839
-7222895
5756566
3638084
2480136
-1268936
-1285844
-2872669
1397281
-622430
4951081
-1929263
1521831
-1390527
1908480
-1984028
3312077
-2880579
-6476173
-7462168
-5486638
-806915
19397
-4578566
3249936
-3677780
-4967941
-5204686
-4478421
-4259521
-3386394
833126
-5407552
5672266
-6612647
-1191169
-1576208
-361224
-160826
-4097317
-1320639
-1779193
835803
-5348917
2383571
6241540
-5619748
-3685436
5303692
-1554029
-1436255
-4212364
-896476
-3589252
-2278142
-4840973
742056
3632545
4858574
9470820
-901582
-8665271
-403265
193730
-1485680
116921
-1180725
1738431
-4519802
-1740577
2638364
-2381561
-6022394
7771661
-5333190
6665805
-524624
-1109494
-2495251
-3086936
-3459252
549075
1214513
-1831795
319686
-4138393
-4486381
-7380481
3446248
1597043
-367364
-3030108
-1069201
-437657
4126762
-3237964
974140
1601291
-3856682
-1070306
5446175
1573802
3621258
6500966
-1371731
5060049
273668
3870261
-5850212
-4539340
-618511
-1911567
3885076
4773623
-6170822
-1360309
-2562559
1301335
-4004774
-833571
1594284
4519820
4816083
-729220
64793
-5481603
1304921
5546130
-2098357
2529765
-5973683
1192376
1897075
751693
630227
-6617954
4514567
-7906322
-5063452
-3834333
-6008194
-2920260
237226
3433015
-2249519
-3660830
-5260141
-348725
1817897
-1085294
2037240
3931939
5050654
-5257227
412360
836170
-999648
-5139900
2545368
1645256
2331869
-7076059
1217664
-2549192
-6192147
2069637
3114097
-5090494
1608384
881148
-2568051
-1984580
-9565446
-1819297
-3375202
540212
-3018301
2950360
-3262977
-2391390
637855
-1817225
1092171
-6562927
-6428034
3469933
-1541147
-110487
9654467
5094705
1538075
-5388284
2759010
-2750965
-5678189
-400438
-5540174
-4332236
6144579
-3612612
-199115
1507938
-2458128
-2843053
27740
1230601
-2423246
2506673
-2291058
-1445902
235217
675647
-111338
1809683
7981402
5043889
-1971526
1972142
5238481
-4677793
-3025479
1452816
-1796293
-2342070
-7420386
2001712
-3321452
-4943938
-2077482
-555359
-3202809
-7305906
2309217
6225284
-68935
-983887
-5308497
4624771
-5432708
2477002
-5309171
-5581909
-227014
-2694676
-1248608
-3709163
-847886
3650903
5795829
7623195
-3616768
-1027468
-731815
-3637118
-5073241
-1114558
3423015
-2041136
2283189
-2507400
-2216792
1669207
-5663027
2461663
2851857
2373546
-3793302
-2959745
-4004912
-704949
-6590869
4412493
4897493
1723966
-4321750
-1601097
-2554069
-959271
1791143
2186878
-3201647
-3628251
-1600738
-2437268
-3169144
3625159
-942355
-3404598
-2505385
1239236
-972348
1708101
712572
-5665744
-1270245
1907137
-34009
-3347388
-3514611
-6658890
2814352
-674155
-2795485
1809436
-5604905
-4400073
-2740857
-2473557
-765885
-5154295
966398
3857028
3669444
1210877
1102374
1154524
-367087
-5722372
-2746636
-479255
775268
1441054
5721354
-1736261
-193316
-149852
-2026391
3357019
-3135789
-4154190
-1279096
-5707405
2454427
-1014297
-4391206
-3393371
-2499295
350771
-634149
-7005288
-4864599
-1043347
-1420911
2903412
-129381
1055326
7695956
-1797430
3990855
-4231807
-2978317
-6044833
-7006005
769719
-2507546
2771002
5593429
-8348307
-3697228
5711960
5299621
-5204706
-2696423
-3316975
-1508943
-2406694
7000285
2063054
2528966
-6545575
1157082
-1839905
4765281
-1963194
-52290
-1485737
-731846
-2173851
-3314359
-3074017
1101797
-5442075
1684556
-129581
2915584
-1230161
-304379
1156256
-4331151
147300
-1847675
5884531
-3426901
58713
6036345
-2738430
-5944415
-3590206
-3693976
-293870
1685032
-6852722
-4720944
3774903
-1908425
-39188
-2904589
-957644
-254549
-3942164
507431
3947348
-379435
4170418
3429770
2172670
-5305727
6726250
-1192846
-4158333
-1470284
1874217
-3086080
-949777
-1348673
-3065978
1604726
-4927412
-392531
3418985
-1804347
4649885
-1295028
-1153266
5363626
515641
-467488
543942
-273662
1732951
1460856
2947153
2033044
-2182564
845729
5038893
8513674
-6610957
-836862
-6682647
-943662
5022351
620096
2946508
-4903864
647862
-23947
-5493035
-175146
-1912297
-5191914
-7592095
-1410987
-5314904
-285292
1464873
-430234
-1190755
-4242132
5076
8878080
1206186
261604
-803365
-2792462
-618708
5052519
-6219544
-530950
-1666606
1430126
-31807
-3529740
-2080395
333912
-6223214
5010130
-1260014
3348756
-106119
3633859
4906030
-1539709
-1762569
3362827
2562414
-1352602
-3329579
-2855628
3587044
991349
6763799
-6241538
3355338
-2286865
-605571
-61994
2472902
-4663217
-4658042
757474
-5964426
-426250
3206639
-5886960
770456
-628699
2829568
4681076
1849164
-3797298
1154834
438035
4891860
646439
1037122
-1622659
-1355365
3822647
-1440831
34926
-2113085
3733592
4029000
7630842
-6606645
610231
8778960
-2644804
3218495
-2716237
-4678252
7731
-5972114
-7174814
-192064
1892100
-2703926
2974514
1984810
1106338
1616651
-3089138
1518928
-2056090
-1747852
-5013062
448349
-164736
-4746829
-834408
4303020
2497578
533836
-3831689
-6424033
-154004
-3692153
-2454349
-6376823
767232
-1713117
-2990568
-3025929
1481031
-5838201
2801596
-4115461
3001056
1321951
949199
-3412759
-667395
-1830077
-4487264
-1825812
-6036617
5231953
6878747
-1964501
-3393892
903499
3692219
5943696
-1274785
-3610396
-3567960
-1045801
2352655
1488139
3515961
3679945
-371059
-1215447
-370433
-1691537
976259
-2755990
-1182604
2989649
-992244
-4074692
-1484444
-137823
-4446996
-4990392
232578
2787580
3434676
-3233874
-3900477
446517
5008560
1796159
9563716
3996194
-1122846
-692021
-1601074
1412120
5125680
2689695
-4083754
-5080786
-1014876
4488549
-436318
1235323
176739
-2109727
4652086
-2187303
-1353163
-491178
-4645264
-4098325
-450421
-611204
-1678192
-717353
-2871054
-3547193
3800977
-3178104
531486
-7565769
-77963
-184659
-2355787
2291082
-6933050
-913288
6361017
-1189988
-2389986
-217385
-3215636
8076000
-829528
-3346239
3448777
-475639
-7114501
1475672
-231614
3366036
1932380
2161519
6045177
-7050430
-4250431
835509
-6837340
685389
4699349
-2967704
653152
-1466140
-2575021
-4038210
-1169126
-2572745
-4196169
6037048
-8120590
-2318572
4324700
-5439710
-3113984
-3119803
-3609758
-2827487
-6903602
3281394
-1311961
-1584839
-2260310
-3571681
3373851
-1400586
5225814
3769170
-6879805
-2031941
5221904
2252977
2828780
-1702566
1253322
-1893432
-2340852
-1019200
2199590
-1454254
512120
-3519738
2232215
248732
2009601
2878140
-2467364
-6820353
479095
68391
3916067
-1439033
4513592
-1244555
-2272823
-1788658
2680955
3639550
-4635322
-2428098
-6109687
6501172
8828276
1301020
-492801
-3970536
5430181
-7725606
9201250
3378623
257128
-7339927
736296
-4282220
1752980
2078935
2558769
1783229
6494238
2275635
-38544
-1711230
-634424
1578942
-2179470
2298730
3401641
-200917
-3237650
1562115
5297591
-5453997
4271041
-62948
5881033
592009
-5294528
-4182677
2243579
4934302
266355
2368163
-5615559
-2264777
-1767392
-6131600
200112
-2021213
-2958717
206766
-688392
-2585266
-2462524
4026090
1587580
-207413
-3035482
-115827
832876
2340960
3988079
-3019739
2238563
-235906
-3596729
-4057480
-2926332
-4735598
2188974
-1364868
-22697
-7404866
-1745213
-729124
-672019
-6224848
-3806265
-479024
353322
-623878
4630711
3970757
4382369
5340000
-561035
-3830658
405459
-1983833
-5393792
1595447
2370924
-389909
-4204072
-5493859
-1229606
-9609703
793136
-4957353
2646311
780822
-984988
-2447474
-1014631
-6781658
-2718370
927143
2197966
-3720699
-6417188
-6638833
-3202286
1933163
-5287264
2894995
-4186132
-4825231
-3531767
-5193351
-3712729
-1404035
1233856
1098486
-539205
-3223160
5659019
1866591
-4176027
-5628678
-1667308
-2274734
-6175312
-1525445
-1600030
3308162
-2121333
995803
-4596253
-1930342
-9331103
-314361
-624784
-4210859
-2129992
1949693
-1822595
4390825
-2250881
-3346982
-3036156
-571283
-4265324
-746078
-2057592
-4000832
2934873
-4021003
692610
-4713840
-5259429
2342882
-967731
-2745080
744207
5494525
-2139882
-1272504
-7221537
3919405
-871141
-6501397
-704946
-1246570
-3003947
4524375
-2101503
3290489
4840281
-1973287
-861807
-4256067
1558330
-1734630
4274597
3259931
-1110026
-3019113
649917
-2082168
-2760657
-4357219
-1553382
5374349
-2560074
-1708061
795635
4603530
1408455
-1951423
-123579
-2185446
-1588257
-1825464
3752738
-3863166
-7027364
5424184
-1216056
-6497479
-5173523
-3101854
8761087
-4027418
-1560206
-7608808
-3609623
-2082447
-1362431
-655786
-216264
-846204
-1743526
-731437
-5231983
4462323
-1820499
-847559
5753027
5363621
-2590729
-2763667
-2057652
3476828
2008356
2859188
-803665
2036190
6198472
-4681883
838853
-1264211
-5210370
6496896
6718933
-334249
-4080856
-5936668
-1436448
482411
5742911
6537239
-4992010
3083314
7452990
-6537897
-5922078
-4651105
-1308802
-931753
-2653061
-4535809
-828224
6658780
-2987902
-4657283
733203
915298
-7560512
-4012573
-3933131
-5851350
622409
-4255890
-2405413
-2347271
-8914075
-42089
2168154
-2940449
-3317366
-8305688
-4576404
-2841766
-2222014
-2663611
4218847
1600986
-3702807
4354738
-446759
-4616407
-1090121
4081784
-2849644
-473515
-5144775
-2362697
-1009634
-3540756
2450942
-1059377
792467
-6178595
5126450
118824
6845235
-3096035
-2922819
-9021604
2568223
-3432909
-413979
2331545
-2092825
-3554812
2724477
-1391296
177332
-4668788
-2389969
22374
-6392401
83006
-1280986
-19822
-2581607
-3923116
4371393
4597242
652934
-4920496
-1500479
-1683478
-3944775
-2692104
-3375456
1039793
4637012
100932
-3833059
-1131710
-1400623
-604806
-1088010
-651777
3773850
5255751
-3837836
675906
2448422
208288
-3332457
4265089
-5431509
-3609863
-636767
-2330628
-2753739
5245699
1635300
-1176824
2012781
-1610996
-2647248
308246
544957
-3410906
246025
-1508904
-2924771
-5513684
-4612211
-4323104
381063
-746601
-6470034
-2709983
-3134945
-1431434
2922223
4325166
-3697228
1412399
-1615664
-2368831
-5821717
2740751
-5194922
-2097226
-1400098
-2348984
541243
-2812995
-4762467
7889167
-4970162
-2083439
-4195034
1272121
-2477291
-8640988
-703052
-4422249
1143100
-4082045
-2938106
-595958
245650
841271
-3791506
5574780
-6384702
-5523499
-136286
-1274608
-2556734
-5826441
145677
421486
-1032900
-6112547
-3700057
-6532920
-4124095
-2588477
6759439
4232454
8137955
1911697
162443
1266669
-391824
-3507292
1905006
-678230
-4059797
2685513
2344359
-965307
330124
1396211
-1774793
7686549
-1991966
-4672389
-2288993
-178009
-741917
2992344
-4642617
-4085518
-2501607
589602
-699125
-4803312
-1408079
-3567927
-3670744
-6592067
-3576882
-2767778
869046
58409
-4948467
-377427
4089447
-2953518
-1073739
-627175
-5730874
581932
-161590
3345390
-3443233
863332
-2873423
-3356685
-3001523
1410667
-3102263
-6607830
-5928168
-1110230
1304076
-4143665
-1825910
-1683674
-2319811
-2786640
-137142
-4328153
-3722491
3994265
-864176
-5297898
-6252210
-414333
-4419571
-4795921
-4855614
2745495
2864010
8706138
-623626
6167524
-1271142
1665945
708830
1505188
1756145
2112076
1857579
-4035407
1188642
1414899
-1576753
5365886
2754610
-1822228
1059738
6254410
933844
-1952713
-4027646
810193
3415203
-5362028
3296436
5592241
-2615725
258895
4252387
-453725
5550402
768993
-5917378
-1918905
-534212
1195432
2391032
-437154
-1144576
5483274
2751658
-3525668
-545416
2439018
-3285091
-1464920
-1951004
315089
-4314115
2264181
-2960338
898535
-3260820
-2686300
344664
-7592912
2371
3219164
924404
-850173
4207057
-6624946
-4700213
-2630130
-1695601
-907855
1348599
-2897222
-5515336
2784195
3131873
-348701
-2749429
2043863
1360924
-3790398
7150384
-4422991
-4523419
-621846
-2352131
3029006
-437724
-8395590
-2330245
-634438
718530
-6732604
-2070962
-3306401
-3690727
-255427
-1441460
-437521
396340
5441267
-2164727
-2738896
1242133
-3879607
297108
2880749
6618675
-288103
-6203636
6053004
-3646951
-2873165
-366810
-144109
-1064373
-6498056
450769
-6988176
-2648569
-917773
1216926
2944630
-2451126
-1075946
-6633058
-105448
-771469
-1170778
-2206116
-3292308
-6134307
-2415782
-2886885
2772740
-7002205
5578273
-5697248
-1068092
4914787
1713635
5259480
2599630
4704984
-3941569
-6464951
1740768
1005104
-27577
-9342567
3152032
6162248
-1297701
-4132917
-5224427
6316497
4177074
-3904803
4867814
1634908
-4979135
3418804
1295272
-3251405
6390550
-5049788
-744461
-6976897
-488449
4638426
191947
-709917
-2409149
-1781615
965071
1242908
525615
-6545625
-6923731
-2996395
-7763720
-3488020
-3534495
5331385
-7068972
1506050
4708208
90570
4287699
-610914
-7442410
-1844145
-3450602
1326772
4789272
-2429827
-2498642
-1241281
-5589915
-3980192
-2334989
-6547132
-2064285
-5904934
858564
636429
-1867908
-3273291
-3809375
7337913
-626565
3107407
926277
1113386
4374849
-2790540
-6136327
3434526
4213538
-2127004
4035305
6055395
-1710158
4044730
-1340246
-676680
-387255
612338
-572347
-5583274
780380
1629062
-3596286
1553383
-3894708
-7661261
-4525008
-1834228
213491
-2394134
1160893
607090
2061506
-5737802
-6660707
-5108624
6273358
-2352836
-944518
1899463
3117494
1384028
-6743464
-1149310
-1166167
-3021554
-4891531
-3535807
-3420825
63682
6176691
-5959370
-3547292
-3780371
-1022558
2789614
552788
-6682898
1644773
5362634
7344148
468902
-3812190
-5453511
-2864804
-1012161
-579130
-2695041
3716378
-1733671
179403
-5615727
-2413929
-7850955
-1070951
2411555
-2013767
-1063370
-4593344
-6874218
2283014
3280149
43444
2404440
-4302186
-5235813
-2833007
-389800
-1150115
-3383534
-3338149
-1628472
696462
3799975
2855209
-4320654
-2496076
-1349561
3161397
-1516414
-6347222
-2594886
-1046321
2606290
4763682
-3987718
-1598431
1994344
-4255365
-666520
-2049124
-4077179
-1349749
227817
1065163
643442
849778
-4401178
-5590520
-4442737
3129053
-2349318
-3195885
-4350783
-2355670
585831
154916
-944686
-1951194
1274080
6636409
201594
-2394867
-966234
4686400
2210946
-2303935
-3823700
-61500
6356706
-3926270
-4122696
-985823
-3085083
-2413918
4450794
-4700684
141763
-2441824
3769984
2443259
650475
-2839047
-1881847
-1061971
-3122297
2283193
-1025333
506868
2292068
-2038912
-5646287
6268710
1013723
5121128
-1827115
5665606
62967
3842410
-5791405
-1386594
3655942
-2919358
3507609
-121974
1185597
-552341
-432426
4222247
-1786035
-4553787
-3008208
4399419
7961691
5305992
-4679050
5810808
1601729
-6033090
5070372
-839289
-561803
6380796
497377
-1137945
2806128
-3379150
-7262808
1641376
1966795
-4856745
1667288
-2444572
-2584836
-886238
3946006
-4405031
-3341792
-57983
-7690966
-718327
-2516861
-279481
-2212204
317742
-8020003
-5149985
614876
-703087
-2380766
3710510
4991898
7316295
-2856826
-1010875
-4249825
-7183146
953362
2519375
4680333
-6512534
2142696
-1187133
-514567
2168079
-311328
4015421
-109957
-1407346
-4759139
-2426801
3062357
-4351639
-896548
-2902709
-3213057
5179130
-14427
-774472
2456576
-455687
2949747
-4939773
4607420
1204109
-1430345
-5075889
-117475
3294024
-4121699
-86641
-6422209
3588594
5639691
-45874
-328032
3762238
-1730686
1669921
3428640
2121867
-2044944
1475532
-1189305
339413
2735471
-360116
-2097361
3172746
8956780
-5230094
9970657
-2124281
-686396
-839773
426184
245124
-3710453
300248
-5906650
-6624580
8122993
2650888
3804076
558577
-2489495
-6328992
-1703412
-3004130
43938
-3595951
1406229
2120537
-3563584
-3105208
-3970543
3823326
-2753159
59948
-672755
1377918
-774816
-1324596
-5246686
5045263
3112508
2890602
1604692
-2911261
5959705
1137241
-5799343
-4968476
-1156285
-554098
-1307797
2700566
-563966
-3841534
-5774020
-2619579
-2616240
-3820346
-1427043
-581809
-3708794
-4448467
-7393
2705779
-1390676
-4193308
-1124738
-2394834
-6336011
-3384435
-401396
-7008187
1895022
1439736
-1599246
-1172997
-4225736
-685883
-887003
-46201
-173211
-2294738
-2923757
310372
-1370597
4691945
-1823858
-8378414
-4503240
-4078433
-2024388
-1748295
-465130
1038754
-1276250
-416968
1101838
-2280974
-6001481
-1683856
-2047491
-1933587
628761
1862194
2628041
-2028632
686225
-557599
-1453085
3415134
-1497727
2284300
2204060
49076
711437
-6306587
1503912
-1286620
724948
-4955272
-4876604
-5856796
3263006
-691211
-827814
2273049
-3483848
582549
-2966802
-1907775
-2946100
-3932080
-1172097
-3374784
-1422475
-1002741
-1821177
1312935
-3745470
2222989
-2940788
-8439304
-172125
-1199256
2281169
-2853925
2042624
-5384377
-6002296
3601401
-666695
6596175
-745680
-1198691
1705690
2488953
5041787
-1360725
-2911502
2920427
3995867
-3056311
1585058
1329741
1376537
-6099031
-2239282
6999642
-6580916
1421346
-1459455
-271887
2276145
-6090601
-3793432
-3868880
609955
6003956
-709827
-5767140
-2030966
462646
-5399260
-8759225
1166798
4175429
589350
2841044
5369
-7379899
2117459
2346603
211425
-1918190
-1423763
-1304664
1270897
4322618
75360
-2592014
-7150600
-2088424
526335
566523
-4017668
-3192276
-1035911
4448434
4929
-2554583
5017740
-3064863
3980410
-5982052
-4191378
5020728
-421643
-2917256
-1463105
1384789
4066757
559531
-2168655
-1636465
-2156922
-1546369
-1958576
-1731884
-1430703
-626641
-1548821
2124284
-6464790
-7623075
316560
-1265441
-2174140
-78592
2873054
3549997
3454095
-1384611
488644
5906699
-4842489
2305771
-281046
4782958
-2618290
-4869480
-903281
2815508
-3554121
5681313
-6009054
3208275
-4647496
-218655
-3296013
-4502113
-1246501
-5055895
-4708283
-4523316
-7868630
-155479
1200002
-5745776
-3294033
-3734723
2111119
2935776
1995081
-23579
-2430512
-554944
-689339
-480218
-1408012
-941858
-4366607
-706587
-590012
-2220122
-3801834
451980
612966
-6462384
-900040
-4148944
1420275
-16406
5457313
-1960746
-1002477
-860405
435960
2581150
-825039
3011799
-3404846
-2193745
-5616509
438937
-3491664
3804540
-3484532
-2067847
-395006
1594382
-8665349
-5319305
1119902
4656208
-1012966
3348948
-617944
-3114788
447246
6277921
3937833
-1811126
-390501
142274
-288674
77420
4925001
-1161329
-2445650
321300
856361
30152
5835129
721372
6951613
623802
-3462550
2780574
226686
-632779
-2251962
4972
1664211
390124
-2601491
-535181
-2956815
720388
-4025184
1373638
2661202
2729934
2921469
2975790
-1608493
-452462
-886511
1628626
3574142
-5558964
1417288
9046876
-7413766
-2447914
-4748022
-5185730
-2707264
-3112075
-2224610
2585578
1002944
-1592179
1369474
-3173091
-1506942
-2156017
6046238
-6478882
3033019
7316252
7033432
3207458
436458
-648090
-5437554
-2627775
-2296126
3724814
-5682092
-5690041
1449080
-3631781
-4035468
-2712327
-4141913
-4703590
410630
-3108479
7337605
-2954396
1954234
-249518
-1804596
478411
75334
-1745181
-1554576
-1369386
497065
1770419
545718
285085
-5666807
-1613412
2145022
-855524
4539081
-939811
-3882781
5208288
892301
-1509062
-494904
2256158
1765145
-4979752
955355
-1203039
106697
-780082
-418950
-7286018
1042104
-1422931
-785570
-6533619
-245873
1354808
-2995704
-2510172
-3233188
-4449310
961515
-2302768
6835388
1313343
3458025
-2106524
-218352
-3513629
-2633202
11593
-3362494
-532597
-2575272
-5014861
1977906
-2958782
-1737968
-1623473
-615076
-709707
-2623840
-1999254
347849
-6495305
379514
649074
-6520897
-2160709
2281399
-435098
2174172
-1449862
1753209
-2753203
1955418
-3828087
-754971
-2295382
3444211
-3657004
5400086
631109
-506600
-1367803
2997325
1210200
2190114
1937291
-159214
-6807210
2867912
-3126802
7092785
-294674
3163760
-3564956
1772536
-5373864
-1163638
-2335889
-1639219
-2309713
7627184
-1983729
353525
-2366691
2200881
5218655
-3702583
4651223
1592446
-1280049
-5109520
1038518
-2126245
-4745981
-5093266
-1226913
1716735
-3616046
352591
-8554762
-5486225
11123521
287700
2097336
-2967356
-2544234
-1798489
3218336
-4045191
-3053737
-2939174
542763
-382598
-4081517
-3095376
973046
8031515
-5106588
-1855015
1979848
564957
-80810
-7997594
-2498085
-2054139
-3333681
-2288044
-2637243
-4074550
-2066679
3879440
-2971636
-3009523
-1364908
-4891851
1558942
-3936203
-1984574
617567
2865799
-5855407
-1183422
-1100932
-2511994
-7131396
3869478
-5382180
5802355
-1179746
3054990
-4506278
-1260922
-2702011
24172
-1572737
-2117738
-1780198
-4659117
4273346
-332072
-3508795
2116092
-1076949
-3449952
-6879590
-923529
8120
-2389217
8116478
3153813
-4922514
-632929
2048960
-3257766
704269
1447360
-2295418
-784357
-111419
-4892654
-3570828
2659705
-2162260
-4186945
-2483739
-995797
911971
2287912
-1434302
1152975
6812653
-1622327
1130929
-3079107
-1752439
5473526
3258067
-4298022
5884080
-1279292
-2689514
-4696007
-2143512
-6528545
-3436504
2580733
908977
2468407
546645
-2110966
-281208
2092564
1274653
-3482912
445997
-1191043
-415847
-1943098
1126405
-4684693
-3800190
-5020710
119680
8171539
-790092
1021560
3149158
-3192250
-2941264
-2317905
-2425109
-3548801
-2203492
-3747689
-4069726
-1090242
6797136
-1987537
-721267
-6709183
5734167
3070869
-4512907
921406
919970
-6070164
-735528
278136
-47410
626499
-755656
1043933
-4134992
4009955
6733889
-5440266
-3427
-2352996
163289
7328555
-721795
2538380
-2389765
-203551
-2287849
2966113
194698
633514
-877910
-5911508
4003044
-8074822
2135580
-2949115
-3834948
-1766828
1528646
-1852076
-1166019
-9334114
1488766
530021
-2566123
4256193
-197060
-603496
-6082242
4951275
-4738703
6757823
-2891593
-575506
1091844
522159
2029745
-3582234
-2767336
1464700
3218127
-3879646
-4854651
2452644
8053782
-3149402
-2732269
4596057
-6214701
-2212960
3869245
-5723050
1591536
-1064988
3408060
-3511973
-6914266
-491392
315419
3775163
-4485969
-3730882
3942539
-117555
-3338892
3898650
370728
-1650083
-3218527
7021248
-3765909
-296200
3628939
683136
3723091
2373235
1461669
1334360
-7212779
-196572
-6401139
-5113122
-1378763
-1304664
1973602
5811344
753656
4866380
-5400337
-4968606
5220311
-6642900
-1841614
-3624854
-6113048
-2139086
2607722
5526195
-3558868
-6601899
1769319
-1524615
3929622
1337748
-1402806
2830043
-3239259
-7122916
-4695899
-233046
6062
3061895
-3472663
-5214360
-4270118
-2942512
1170291
262546
-2211494
1975853
5143240
-914127
2241741
3676198
-5832602
-173867
-5952735
-777756
-2656513
-2283635
7285080
-1394411
-3005510
-1698621
4519195
7942934
804373
1523242
-3604267
-2974889
-8273654
-1085618
-4781805
4186015
120768
-3697611
-4100833
-2307760
-800682
1219241
-3724552
-1683239
-912329
-4527283
1776448
977462
-1556672
-2488018
-4550382
2620038
-1884593
-3889074
1237504
-3782255
-6316784
1315706
-1801281
-1609288
-4512007
-3529913
-5850429
-7252245
-4146703
5974735
8722275
-2710079
2669641
374579
7122053
861251
-4896612
-2262690
1271185
-216689
-1953694
-5297543
-4427234
-2410985
-3224846
-4153820
-9660029
2540307
-3418492
-1615671
-462306
-1167059
8178652
-3089360
3111496
-2226697
-2000408
-241992
2068064
203027
-2835028
-3745048
-623727
-9651178
-5129118
-2649927
185555
2258515
95123
-4026875
2116123
-1211452
-3978005
820551
-580306
-2237377
2753859
-1558786
4567822
4159067
2258817
2233894
-2265258
-4899984
4948037
-2040737
-1909029
-1718931
-604104
570118
-3378331
4918016
-2853248
-1377060
220931
-4218784
3409833
-2229640
-2367533
1403282
8619592
-4361065
2982262
-7786334
-1157301
-2611567
74587
-4396967
-691910
2688430
-5197728
-4164792
-3114594
-2455885
-2727152
-4000353
-5103
-29769
-2793685
3329094
1192049
-91806
1612810
-889503
-3837289
3985439
1198732
-2009623
-458363
-1478592
-4239509
-2264750
1561009
-3219919
2317714
-4484783
8888697
3312945
214820
1014447
-2054589
-3325014
-2210774
1257311
-5984796
1912204
-630993
2099697
2821423
8783691
4830187
1490175
1040558
-995636
-4905958
-13441
1072399
-1967518
2830304
-176578
-1540680
-1459504
2238680
-489441
876250
-1780131
-3709156
5683911
1777991
919189
2323977
-3459354
-1284538
623710
-658673
-2661023
-1030910
1426047
-1943118
-663271
3957631
-4611777
-2912489
4555272
3238552
-6334914
2040119
-1897828
863418
3420755
-1240607
720032
-2878399
118686
1882656
-1617657
597982
-6535582
896558
-2297978
-5267823
-6474374
7446152
5039456
1876843
6278065
7567486
-4844843
-4451397
-2255038
6707934
2551558
-111406
2422925
2037888
-5147284
1674426
2080173
-1606721
1231738
812416
-98751
-666904
-4011540
-2326935
-3643511
5061416
2978721
135351
-4827198
2190465
5520956
-5485053
2715504
-1038771
-1936476
7639004
-1565883
308964
8043989
-3644000
-1371162
-6881382
-5857580
-2890352
-4070260
-2199054
-3408861
7225619
4863185
-4912976
5383720
-404948
630406
1506887
804715
-2201517
-1653901
-1559594
4353614
-3153891
-1257443
-3917964
-2137887
1377573
959524
-3754440
486458
-385106
-4539379
3157805
-460651
-2710031
-1605979
760100
-617634
4019956
156190
-7225328
-4448294
-358188
-3452329
-482726
701969
-5970249
-5102673
360463
-39112
-3234567
2583047
1660501
-714592
382927
-2612645
-3143485
-3945786
2511528
-2829597
-1427627
72316
-3099717
-35511
107881
-7466521
-2677542
-5466669
-909532
3041565
5332512
1281161
-5010792
-5146598
-3290084
-2891833
-2255518
2686211
823061
4643607
2151534
1158084
1578800
-400501
-1472535
-2290198
-7271827
1287513
-2794203
-1360345
2702982
1012440
-2251561
4236294
-1593216
-3261344
2537905
-3534217
-3484823
-2402673
-4592989
-3916287
-8496354
-3529089
1964799
-169356
-4400645
-2003839
-1367220
-4318297
149711
-1865968
8034667
-2176710
4110030
-3040165
3122503
845671
2035332
6085724
435651
3813664
-3704708
5011410
-2653167
-1688018
9227136
662191
-4273301
-4442850
208656
863397
-4391156
-43473
-3142715
-4830609
-5179713
-2207189
3092993
8199988
-4802273
-596539
-4983765
-8097727
-4436176
-965580
-4142011
-1342387
-6954201
-7939023
4572586
-1982662
-4383688
-2837779
-6467686
2060976
7031067
-2270865
-6679386
-3104990
740843
1937889
-629279
-3162717
1803303
-630737
-5862171
-368899
-2736959
-3730872
5023085
-2999419
5885782
-94425
-79686
-659448
-266664
-1116283
1323631
-852436
-229192
-5446051
-2933986
4995222
-2387464
-1611860
-2837011
-122362
-4594393
-4797354
154267
2156526
-3276840
563441
-875117
-4485675
3569616
-3330060
-4818470
-1257850
3526994
-2909944
2291806
-1980464
-2177047
-1257229
6246181
-1018538
2979998
3587332
6374067
-5331529
-2458347
2842599
-2707303
-4988844
3771068
816568
7141313
-5640344
1572612
1236332
6644953
2523437
377764
3479456
-30602
-6429402
-6913380
-4739276
-4990900
6835243
-402562
-316934
775932
3615981
5194161
-3065137
-2647725
-1471242
6364641
-4390678
-2553832
-4396560
-4067758
415795
1993830
116666
-2486137
-484517
-6055745
-1690727
-3599279
-424357
-2128634
-238728
-1593524
-1850873
-3440361
-4947948
1611988
994348
-1696946
2661286
-5567834
6083907
-7762396
75554
-2968705
771753
-1188998
-4598967
2817888
-1880841
-834785
-816104
975187
1879143
-1751723
3370466
3002550
-3756466
-5353871
-785422
904566
373094
-2339271
-4599114
-6184333
172504
-386539
-7218162
-5387748
1159857
4950502
2583262
-4461459
-737652
2502089
8625400
-2380072
5519345
-563136
-4913275
-1554064
-2463465
-6578855
-2757179
4040195
-4151654
-2949268
-445504
-4477366
900083
-673175
-5197686
-3302274
1729261
5891845
-3379698
-2166376
-417322
-3031964
-5457891
1956899
-3023391
-131955
-2904876
873185
-5765115
457805
-661548
3077152
-5132612
-3617961
5448809
-1433457
-2023016
-6012765
-3781496
-7184324
-524235
806388
3427350
950276
-4318631
509413
-881279
-7960078
-6453836
-3941716
-2631246
-2752462
3631214
-3579815
-3121185
80180
-6364196
269976
664400
-2538830
-7532897
-8265131
1490869
-4141137
4907242
1885665
-132696
6530259
3728814
-211049
-3201041
5724163
-1319430
-8537368
-3519159
176628
-1436379
-3643893
2835331
-3916783
-1282632
175778
-2972561
-3691706
3353288
137291
-3375565
-4731893
-1230004
-699614
-177705
11141
1024177
1448682
1158707
4383119
-4014558
1342534
1023250
-2036980
2215013
-505753
-6005502
-149986
-420533
-229890
-2812182
1635794
-3856133
7936616
179991
-2783732
-1463638
2458432
2654704
4675658
-5229601
652943
762009
1735168
-700419
-156650
-936116
1798451
105749
268846
1650543
3592482
-2718675
-1915858
1095355
-6913075
-3933063
2452690
-3391604
588335
-1811873
-317380
-4561142
-2600331
4931406
-1441711
-861839
736679
-1655984
-3295693
-2402591
-4420613
3826090
-1490103
-492765
582331
-1959368
-3070915
-2179885
-6142022
2519882
1686829
7488360
35623
2084192
-3475089
-468039
-8257806
3747174
-5064477
-7177611
-3785498
-5612740
2427066
1507976
825565
8965303
758755
-696896
-2204161
-7508149
432741
3737111
-2637122
-5540899
924961
1913487
-608358
-7079505
689521
-3047601
-3936768
717130
-874566
-4493895
291169
-2432171
206846
-5014920
1774060
-4193377
8663
-954428
12904
-743326
-1078788
1450413
-3817884
-5064047
-1257304
-3121641
-5652018
-2198547
-469944
-654032
940342
-2245507
-3320331
-5792548
-454643
-190120
614435
2985643
-1812198
-912454
-2026655
3921992
2884872
-5414477
-7496873
4877000
3485520
-451034
2817706
1762766
4917275
-3824855
2179234
91249
134898
-207050
-1762504
-3099596
-2311856
-6410786
-2721585
-2753944
-5665494
3534509
-6869493
2462415
-11250
-4308627
1887262
-675071
-3805974
1981340
-6159603
328315
3503615
-1166281
1459883
623032
6309853
-908530
-6164712
1026753
-450332
-1135100
-4997427
-4338950
1687036
2275963
-3783315
-317964
4415668
6332857
550373
-3977923
-5442988
-4632373
-3671937
-4464261
3438922
-4791567
-2645565
-2017845
2048172
-3085347
-3347724
-2807227
-3535100
2706969
-1962291
983015
-1181116
3692249
4690600
3481437
-2755978
-5150119
-2304636
-1528712
798298
-5144959
-1471077
-2783671
-1562834
3772941
-1649176
-1272923
-1491599
-1719151
-4949335
-6700907
-2308859
3306920
-2183719
7603947
-368801
-2171712
1842460
-775464
2091716
-2612397
-376472
3270185
97149
-3699722
-481687
-1800418
-3308799
-2335759
-295869
-3053417
-783862
-863572
259385
-5936361
-3880015
-1714178
-3738176
728062
-485152
-1057575
-1983103
3433275
1359820
-1237369
5182285
-2810820
-1116536
-637382
3422017
-5661462
-2496445
-1412511
-5224275
1010028
2751328
868336
2972355
3840447
5434725
-2421838
-918943
-147904
-3798797
2273072
220146
1157290
-978629
5068026
-1086190
-7611239
-1014689
-649257
5430656
8687533
-449053
-2101443
-7856806
1021282
-3897736
-245253
-3220298
-129381
8659105
928548
5061301
4588318
-1501351
2584741
-1129739
4496939
-3926624
-18665
-1237411
-4091032
-3638163
-4747235
-2019587
5083557
-3719454
-1469089
2739607
-2294982
-403910
-4777386
-4132215
10211796
1412854
782258
-560689
2985258
-2927541
3638102
5363777
4828872
3429912
1009082
4039753
-1909954
-2763387
-624648
-5148603
-2512937
1061732
1814855
1505733
-631840
-366246
2310500
4923958
-2238492
-2272138
-5637789
3920618
-4346826
-4792712
-1371132
442677
3975558
-1065481
9321162
2772153
-5645489
-1110422
-3880016
-3344216
386869
-270727
1624801
550225
5174886
3330104
-1954108
1554301
2758167
-6479950
4999396
-2366742
-4641846
-146599
-3402012
-581318
-2232746
1405092
-3030074
-7835841
-4626917
-1690602
-1013524
-5527821
1930482
-402699
-66257
7540505
-6996120
-697298
5194773
-233654
2306362
-122600
-8090100
1426809
-2889300
8817894
-1021548
-1045166
-3989937
-6463069
-2719944
575499
-4377082
-5500014
-1630794
39985
-3959687
5827113
3694674
5983864
866738
1928466
-7668049
1772886
-496389
-4917303
6229202
-177456
7478298
1187350
5641618
1701764
-1573092
-705102
1725875
-4369120
2720478
-2559959
-2911781
-2554258
263581
-1636063
-1228127
-3045833
-5445385
-2336301
-3479604
-6722251
-2069169
2297967
-3160685
-4572080
-3565042
-5120418
-1895692
1092045
-2213357
-2777586
2383183
1051130
315107
1018845
211131
5324867
-6070283
1327227
137036
-2533687
4748176
-5308017
1394098
-161204
-2845375
-1141328
-686259
2533688
2039374
-1341945
-4097513
-3783158
-3772575
4772567
1008984
97769
-3240509
-5312006
1661210
-2350895
8997229
1991504
2151853
156886
3860519
-703159
5796593
4055720
395850
-5014041
651454
-3755147
1420825
-2423485
1389371
-1527479
-2665681
31978
-365242
-2699106
-3969853
3268617
452015
2717346
2374352
-1452392
-995136
1906593
-3094857
-1348430
-326384
3318421
-1520378
-5047023
4296925
-1743994
2022245
4497713
261298
-2559690
-6225181
-536303
5540510
-891146
481395
2065091
-4991298
-5810233
-2501848
2586476
5002327
812057
3069208
-493034
-1918168
-858781
-1088638
-2437365
687978
-916056
525053
-4076963
1543283
-6699427
-2898020
-1902879
1196995
-3531477
3646321
1667786
-3938072
2042
325446
-4400761
-2839
7471142
-5445922
1145153
987657
4368076
-3769350
3210908
701773
-3080203
320708
-6027222
-1262780
1797966
-6323177
387446
-3223183
5480886
-741627
-1620160
-2339662
-2587750
-3801441
8259282
-5482339
-3997423
-3156690
-1185912
-4198014
550875
2549211
-2011594
25285
7870806
1423989
-1515412
5136863
-2794311
102690
404444
-7512159
-1001314
-1133853
-2693706
1444385
-1025123
-7385435
1450725
-6183704
-6757720
-2423906
4025760
2759288
2041002
-201444
-1153268
3046342
952460
-3577189
-1783168
3287934
-3901115
-3516539
2460173
2089718
2033902
6779210
2813639
-3258469
-1578241
-4944314
2661693
-5846791
4579486
4916421
-421604
-2819066
-2730332
-2199529
6611650
1781531
-891461
3448948
4226121
-6854858
-513544
-6883060
4886616
-1761384
-1948324
-3278139
202977
-1609176
5139221
140312
-4860489
-1262930
-3249112
-2200756
1497733
-7761356
-3838406
-1975698
1427502
-1117545
-3492767
-2608584
-6475036
-3384141
1779454
-290452
4060998
-5669131
-3008698
-3575302
760104
2529251
5666289
5496269
-12698
-3417389
-3738481
-3025823
-554279
-4853767
-378104
-1331947
-3014975
-3957405
-855183
-3560656
693644
5260209
1680088
-1113027
441768
2241247
-6952478
-293325
-3710988
1948195
744274
8776517
-835967
2839590
-3878977
1237789
-441243
-4890219
-2002771
-3996512
1078602
482098
816457
823058
-5942693
-3700960
-374719
-3314087
2207722
680638
-4736094
-4272766
-960827
3203796
-2892040
-3500392
-5058998
-224595
-1727608
-3967637
-4397433
-2746343
123874
-4011811
-1819855
-1965555
-1937999
2890914
-4264308
2977387
229802
-1427705
-764860
6115780
-5236717
-6648283
-416271
628956
-5590403
3303271
2783933
-8346346
1373492
-5584159
-3876691
2599982
-100184
-49305
184435
-7520014
-5529849
-3006458
5545463
1126595
752334
1931770
2592176
1730188
-58335
-303816
-1602016
-4197310
-2064701
-4153887
-431184
-1775349
396028
-1065857
-5159030
-2739146
2263549
-3775776
-3913719
-1542041
3346950
756772
-403610
-792525
5235193
-3038606
-2419020
-1301195
-721854
2350771
-2219988
1108003
2432143
-328227
104615
-4606713
1454380
3704618
1039527
-3502214
274001
-2263699
227826
1387156
-5635441
1120995
1435481
-3236661
4213043
-3126779
-324311
2820641
1685898
-4882644
8156291
334222
8078082
334112
4783976
-3225097
2914401
3901438
-3426004
2055901
-7487932
-4331670
44385
-2589495
2052269
-605940
7317262
-2653893
630174
-1125342
-3042711
270031
1507280
-4598280
2646112
2140063
-1523056
1304518
6540747
868377
4860380
-6947375
-530375
-479619
-1017651
2468343
-1713291
-2150309
6494016
-3766110
-2321813
2582537
180651
1113
-4484347
680324
-2700378
3572137
800267
-704803
4966085
1538377
-4095422
-3182056
-2443707
-2914466
2969210
-3334147
1011266
1554527
152951
5349850
-1860390
691052
-3653802
2561223
1638138
-1453430
1542896
-5546475
6929914
-1821557
-441435
-3006493
-201751
2088402
-2740065
-4211545
-473132
-2714134
-4103318
1945631
1167152
-249552
3127661
-4628329
-6101794
-452535
-1375983
838674
-2259988
-1479194
3032472
1407663
-2636181
5719504
-3579687
-5558185
-3420705
-3701788
-6046037
1553082
2827483
3349292
1286807
6167041
-2203939
-351004
3173153
5504875
1788466
687516
2861549
1557147
-2676514
-381072
4079775
-3121360
-4837938
-92410
-1930073
5134842
-2991418
5303710
-3539351
-2971805
-4252249
-1433402
2092986
-3863538
-1147155
-4274215
-5371163
-4355449
3824690
-4150252
-964185
-2756489
-3707343
-4522438
792418
342022
6055461
-7656082
-1845850
19889
2365329
4077098
913297
-3659651
6036367
-5996594
-261685
1154709
-3074207
1197787
-6180083
3350880
-2185476
-2080529
-1105623
2386925
-869199
968391
1316111
1038563
268644
-5837176
761038
7674474
-3444012
7325112
-2048853
-4892739
4158481
-4019683
4192699
-963816
-3124993
673230
1509387
-805325
317012
704797
-3024586
-1409668
5825048
6726377
-1930340
-2956966
-901671
2295392
-2930453
2389860
-1872160
-493446
-3474294
-3804499
1144406
-2941153
-2877363
-4082138
-6177245
-5131059
922336
3913949
707215
-3710289
4033012
214930
-3287123
-2843060
-2208831
-3610210
-1744202
4144338
-362083
918392
1350756
-1062547
736096
-3229675
-1375594
-2891716
-2995484
1886421
1523561
-1435164
-3530617
-5983331
-923187
-5773326
2043831
3983260
-4448017
-4180030
-1805176
-392901
2695331
6778403
7456013
4148739
1350994
-4626368
2618837
2845909
-2276648
1769077
3392125
394401
1355591
-2229371
-683188
-6513633
2746548
1117579
-3880542
-2478824
-7445271
162508
-4599656
1258573
-1304649
326823
-2363568
1057246
-378738
-2498203
-1919881
-234457
-2077744
-3730000
-494501
5513010
-2040313
6774637
-2458668
-1616206
6629106
-4575108
-2572109
63200
5069917
-5080551
-4313588
-3935723
1321957
989224
-3896376
2054421
-579652
1571062
2484569
-537137
-5988720
5698659
-8062880
-1693595
-1409517
-1390478
-1617814
-234036
497728
-1927550
2171207
5373827
4597771
-1874359
-953182
-4652931
-367911
-3623479
5507372
297660
-3557451
433658
4968419
-641759
-48986
6813801
-1933073
3215219
-2833587
128648
-3321722
-1827755
3353094
714638
-6567285
1732652
-1090033
-888476
2502856
833574
-5653091
4661737
2176247
78143
-1018213
-893488
-2617676
-2376457
2246829
-3795651
-339534
-3638557
-5523909
-4392805
5637262
-1849833
-993420
-2913276
-1176957
1913062
4122154
2372013
-1888094
-3312064
3400645
2616024
-1162945
-6563225
-6970749
158197
-863847
-1224350
5090453
4841551
4064955
-1083121
-7454112
211416
-4144438
846837
-3637100
-2146194
11011
-3676447
-3233722
-5662436
2564312
7436693
-569480
-2314944
-2935905
773347
-749887
6844322
2193397
3579966
-3819990
-3218288
-436175
-2047772
-6530439
1201715
-2079454
2679492
-2568318
-415425
-349101
6512353
-268114
2639990
-496437
3169450
5082255
368756
-3186199
-7326093
-4567289
-258691
-4568302
-2149239
-994369
7916866
-3708386
1026133
774391
-4582120
236585
-6197679
-7191739
-4358804
2344486
-3006863
-1742146
-614919
2112035
7172028
-4698793
-3724733
530269
37608
-2638204
443040
396044
950009
572282
-1534268
-1541097
-1158313
3519811
-578454
-1824050
802724
-554284
-2545097
-6264553
1687484
8027169
5637105
2119838
-1198564
2959124
-1995484
6742306
-6301721
-6768825
-4375399
-5811290
-549994
-1682738
-2504951
-1228044
3880064
-999108
-3089082
1761157
4831879
1023478
7771807
-4315431
-4323595
1969183
-167293
-2160348
-5825624
-2020013
-1002108
6451487
243765
-2755650
3054924
-214644
5926224
6053464
-4874281
507416
-305022
4004192
-425282
-3234898
-937667
-6696946
-1904865
-1510897
3234294
1029076
8624204
5984464
5446413
-4857169
855304
845087
-4129221
-2932793
-7886458
-3648556
8204643
4522526
-3526365
-3630332
-1209196
-5483352
-1533058
-3383049
1746276
2136567
3685119
-1193419
-3082279
-495893
-1290695
-4048838
6603060
5635373
1656046
-1489928
-2852416
-415687
4560938
-4627858
-115184
3257264
-3011126
-766522
-2485666
1620393
3404338
547810
-1918335
-893854
2954056
-223413
-1777466
-1625212
-734284
1742828
-3780989
33431
-6902080
-3459604
1270973
6486086
154109
-5421488
-389924
-1043081
-3297512
1943545
-1786822
-978144
-1544388
-3333704
2694081
1231744
-4054489
1472722
-2798430
-3709520
907638
-1036811
-5507881
-1228302
-2135658
-4371812
-2811727
5401705
-2715202
1276256
-5754563
887361
2129646
2144227
-7077308
874279
-2820884
3000739
4505659
2098603
-894901
4465527
-3443740
-4038404
-346826
-7185775
2192839
-4309752
-460177
1635536
7364592
-2731375
-1115119
1525620
3956951
-2566048
-2197685
-3153850
1312050
2778324
2045028
-1552801
-4057206
-6134981
249288
-1171392
2611292
-579093
-1853735
-3492610
5684347
-4680365
1346928
3644354
-2757745
-665054
-4095803
1158059
5403591
-3891793
-3290215
494848
1393267
312575
-4038089
-3305361
812013
1232026
-6243456
4385823
-4854714
-2999454
2454631
3001742
178436
-3903023
-405137
1775045
-7021482
-6335021
1745209
-4859762
-854087
-5613699
528698
-4042632
-2256695
-3355918
6488467
-6520804
-2514869
-3055198
-18890
-399761
-6071638
7614761
-4835818
-1230679
-553645
-6006022
1350868
5058396
5213847
-5318442
6243424
-4526089
1846765
547710
123665
2185274
-1212184
1182246
-3626545
-5067100
-2687145
2071148
2518449
2941095
-1416011
-549768
5840337
5263714
-3350893
-2095194
5138118
-3576674
84376
-6981334
-4793612
-2848695
-5933847
-389330
-4254491
-3480965
9692434
3394423
3591215
-1563704
-3742121
-6835942
-1536963
-20915
-1135762
644648
-2011250
1941222
2864028
-443629
-1981767
1462546
-3109052
-3087862
2509619
-5163111
3905039
-475453
5620276
1940654
-673393
-954118
554497
68099
-4543197
790829
-1755200
-834507
6556392
-2805212
-7432653
-791107
-4229833
1381321
-6926679
-633693
-2471724
-3054440
1123889
-2237079
-4975772
-3230710
47788
-4024244
-83210
2805193
2724181
-4708079
1978837
-117926
-3775099
-1945092
-1324963
-6247248
246168
-5209468
200
808377
-1222916
3218056
807260
1184530
-365393
-3450270
4116285
5481870
-949415
-4348524
-1427258
-2851348
-1809996
-2888564
-402876
-5573784
-8164083
-3311425
2020923
4306990
-997540
5807926
4739151
-2705797
4484752
-6871053
-6589178
8998286
170469
36115
3273046
-4344797
-3180947
2953260
5622251
-428456
108687
3607435
-4669474
-3584376
4314696
4647108
-228588
-1895193
-1094233
2685042
-2636728
-6677891
1199518
-727752
-6050564
8828292
-1778950
1294701
1778898
-1605081
3398786
8516198
3112600
-1625529
-955582
1407572
3164801
4455489
2640916
-3197282
1816706
4811377
-424531
-674216
-1572339
-85444
-1916687
305074
-2693601
4769229
-1185157
1594227
6201588
4741627
5858257
-1196391
3954786
-117903
-2190025
1733869
3399839
842762
-3799360
-3732889
-432798
-52743
-265458
1820617
2171912
-1139359
-382066
-7154336
-3538122
5051569
-3599087
-3014899
4531860
-4131004
-757724
293573
4392254
-1387584
-1355041
-4902345
-2969441
1088439
4437273
592111
167593
13541
-945268
8036892
-58068
1403853
5722660
3136798
1259527
-3169694
137895
-6062783
-7267415
-7288830
-2721923
-4124221
2466020
-1531852
-1159451
-901183
-4437057
1760620
-6665131
2590296
-4881673
-6378965
-4703321
5810026
-5736566
-149324
-4925503
4865
-1073856
2579322
604451
1201266
-9024203
2409318
-157751
3049787
295258
-3983555
638857
2335110
2475492
-4185129
-835474
-2998494
-920414
6363989
-938857
-6326571
-1026433
-1818910
3109504
2527864
-3032391
1079630
-1428332
1257736
110268
-1279708
-2173288
-4333163
-3101352
-8382413
9390517
-4559738
-7035920
-286628
4973017
-3772390
-3584243
-6726373
-290756
-5486888
-6229918
-1395825
1711345
-3310200
-3044268
-533550
-1857058
1767117
1457227
-487405
1551570
-761790
7548316
4287750
3292463
-1819383
2693863
-358744
-787066
6581172
-1702133
-6223012
307700
649725
1399434
-7264190
-6129953
-6007152
5637580
22426
-1529257
-4434632
1400630
-1115383
-112409
2445197
1990689
-4448706
413105
646542
-159482
-5111788
-1751744
6918774
-3083896
5054242
7990503
5277941
-3100089
-1876656
5634658
6294208
-4188382
1028727
-225146
6686059
7307157
1283658
454608
-3471167
-5905608
-6690186
-7543637
-2694456
2796975
-2233900
-5604022
4081765
1123419
-2429049
-3470955
431242
-5777820
-7455928
-6887166
-6307390
-343357
-8954148
-1156054
-436582
-1047998
2085346
1992627
442008
789048
3424809
-1665350
-2184482
2940596
105775
-3560887
497815
-1893681
3955688
-276324
-2486727
-797400
6204039
1802508
60125
-190924
4111780
-4294427
-1887776
153841
4115016
1147480
2157310
-3284789
-2628138
-328125
-700091
-3937270
-4331491
-735457
2716308
-1011213
-7084911
6077783
-278891
3496757
-6644229
-3378843
3516716
468266
1156555
-2083364
-2032452
2321603
-5250667
-447714
624733
4093297
-1031474
-6154566
-483227
-2546317
764715
4224292
1689685
477796
-320572
-3034877
-7762176
-4268464
-542037
6286317
-3162788
2672414
2455669
-5418386
-6234553
-603821
5929809
4326269
1595935
-2678601
2385066
3828261
-777562
-2393778
1376359
2441679
4924710
-808490
-4465629
-252700
-1072737
-3277519
-4313780
-2456046
1213315
1809060
-2084836
-1116816
437644
3843548
-2761299
-81057
-1605803
-346880
-27058
-1639219
-3888495
-7522213
-914191
-1103153
-3870798
-160982
6261554
-248276
-916397
-3831818
-1914670
-4248254
1188061
-659473
-2795659
-479477
4679928
1050597
-3392470
-1835615
948965
-484014
-3324930
-652743
3198814
-2006849
713287
-1990174
5030153
5175769
-1045216
-5928280
1561648
-1679181
-1394799
2689685
2473436
-409506
-5162585
-18847
-519445
-3587866
-1790196
6519619
-2522734
3664626
6142094
1012709
3395951
603086
-3305845
4338473
-1629978
3565429
222794
-1038981
-1100109
8165949
6989828
-3441035
-767289
2946972
936522
-4105398
1966456
-5081739
-5902504
-2977707
-274177
-3413951
-1097572
-4867273
-5764216
5101566
-667618
5110028
-3950130
-1223652
-1630151
-2369338
-832789
1477453
3512984
61011
-2875286
2907171
636140
-3196066
-7327157
1942824
-2772594
-1077513
2697775
-3390549
-2655916
-5571803
-2488609
-1732991
2619445
-7334634
6393613
-7202949
513291
-86185
-4218709
451807
-479357
-4019090
-1002353
-2545013
-5578543
8315440
751127
-7353673
-803506
-3748428
2572436
-2979564
-6222991
335016
-1255748
-6057804
-7432035
-2112769
3085568
-400449
-4775074
1898526
1239484
-4814987
-3595483
-4778198
-7186047
-3542855
6999308
-5862801
-4641685
3226897
1337136
-549947
3639283
-1949066
-209768
1422335
-3709717
2560844
-288286
-4077585
-2910952
2624825
-6970132
-5333229
-3350149
21795
-1996147
980150
2307656
2818612
-2933654
-2511165
2351929
-737989
-5017147
-4983358
-6783030
-3532411
264794
-4058362
980252
3187584
3019738
-1163846
-2446650
-45148
-5950769
3829703
-5052074
-1220248
3970048
-1443105
4994393
-689792
1687361
-2501044
-6441722
4686042
-2260155
-8399448
122002
-379840
-4745807
-358848
-3484492
-921848
-890142
-363881
-3829989
-2597818
-7588269
655828
3994187
-1723752
-855411
-1627301
4000429
1972792
4890472
-3733592
194018
-1029758
-1216244
-4843605
-1613390
-6968682
4695981
4380122
-4159103
-2194017
-819304
-6937930
-6308429
-1553359
955782
-2585090
1051129
-5430626
-525777
5654544
2368226
497817
6346019
2838009
-4833465
-4043259
-258955
-322464
-3947903
-4726725
-2112937
-663407
278148
2262040
1541053
-2930002
-901782
2630074
-117940
-2265142
3536424
2370462
2367835
-2528266
-1811742
-2695989
-3571822
-138139
-294296
-336230
-2294514
-761094
-2292366
414957
1930379
-3544589
4906322
-2953313
-3988737
3857091
-392990
-4446285
2705484
-7597794
-698400
-4708298
822103
3687472
-4232200
2455574
-5143436
-2275976
-5312290
-4218812
941004
4558800
702276
-4238270
2298909
666117
-6715187
720471
-1266901
359538
7836054
60539
-2549086
6757330
-3457901
4636994
-2513145
-427582
8328529
-194915
-3426736
-1624196
-5234806
-414982
-1379778
3222359
3926314
-4604473
-6933950
3570497
-1221392
-2410083
625808
2126726
-4260481
-3235947
-2736759
-778827
-2893136
-1496011
-2035412
5623570
-5180920
1639065
-1870836
-4751423
839629
843775
-3197631
-3643509
402825
1793165
4236527
-347255
-3591430
2822396
4947434
923690
980169
2983360
3625722
6102450
-4304379
-1987651
5075999
3958652
-703441
-3279264
1286310
-2300201
-3269943
-2566356
3035546
1696726
-2403544
3351358
-3301341
-5222748
3703379
4600917
2733288
-454178
5364755
2093403
2323518
7326238
-3720534
-1516292
-268624
-3026839
-3451108
2182751
-506671
-52382
1160646
-3852220
-3366923
5428144
7899531
-1177517
-6150570
-2474756
115957
1257038
-4549567
-1447425
-3008295
1769907
-2844023
-3797383
-1536232
-1119236
-6792404
-452855
-807538
1173511
2253293
1678945
-5009653
-6750849
-2871231
8809020
-2234245
-812889
2480898
821666
-2908032
-2464500
-2723759
4005605
-4925205
-7130566
-175455
2999968
2204198
2113889
-7169694
-4979155
-269919
-7594173
-4006283
-179673
1354711
-6330855
-518744
3510884
1338458
-4425030
307150
739427
2994574
-493088
-2100574
-1213323
-8231385
-179626
-5301480
-3244180
109685
3114824
-4293230
295789
1364774
-6096350
-4183907
506401
4085356
3171452
-4666598
-6955120
-1417389
4320950
-2005546
-1174725
-3411569
4825769
1859718
-574078
-2790231
2659042
-2399317
-2040631
-600873
-4469365
6350529
-6309975
-161420
-4693705
-3509730
-4956431
-5429936
2981029
622767
-937243
1019868
-2599300
1539279
-805384
3057124
-3342951
-2690870
2136231
-4563618
-3939472
-1137900
3404390
1989972
-4452148
-725441
-2187724
-22320
-3633948
2738786
4131713
-5674336
2549411
-635383
-91339
-3695413
3011132
186765
2571043
-3650668
-7116914
-4248223
1567419
-4497873
-839220
-269084
3812385
-173330
8249313
849354
-7018242
3105324
1014727
-3385708
-4075353
2953786
-314747
1996360
5089468
41822
-4289516
878912
-908879
-2758708
933649
-824161
-895460
5646213
5494818
3134506
403099
-2293048
4512962
-2499699
5392037
-3208056
-3188018
-2557811
-5777041
-1881061
-517537
1602993
-6427774
4758433
-3743612
128018
-3053634
-6161974
277940
-4795151
-4709728
6876036
-503644
2433734
-1561431
-1606224
-848557
-1892986
2624839
-145241
-2294812
-6971424
2745287
-2130303
-4791732
-3216870
5472523
-1286580
3315185
-2562064
-1205655
-7452296
-277315
-52966
6168409
-1936124
717937
536736
867853
4255869
585844
-122435
3151197
-1881282
-7130179
4649429
562645
-903941
1046653
-1976766
-3360064
-3892903
-5964968
-1481676
2308420
-955015
-3940870
86469
5596788
1146169
-1083466
-652497
3897411
-3611369
-1877548
-3352549
-5573182
1659871
-206602
-3970569
-683740
3979022
-4322218
843110
4730056
-6180115
-948195
-3254622
-7721002
-5208540
1755515
-3357305
-1490284
1122375
-1912837
4350880
1480609
8480287
1171694
-2098814
-4923044
-3904568
-2886441
-1589724
-3824435
758258
2792429
-614679
3929855
-6062810
-2193191
843146
-487806
-2288805
-1862744
205285
4564294
-5045052
-70219
-1788372
-2711277
639036
3516606
-1043061
3087686
2469694
3961585
7454060
-7186004
-2863876
1625121
-134876
-5427908
-3142724
-445503
3422746
281151
-1461301
132946
-3376705
-2622252
-1557186
4102682
589736
1348061
2242441
-693450
4566804
-729494
-1578431
2745041
5183091
-187452
-2209045
-1540501
-2370309
2095914
702126
-5425495
-2882470
-4049866
-811085
-1670437
209624
-251111
-2761868
5625706
-6031378
2681400
-2419627
4882246
-3241335
1515879
-4688713
-2110656
3843433
-1563180
-1308230
-1013838
-2989702
-2837196
5106143
1776803
-4288860
-34844
1640190
3990436
-2008608
-7085499
3811416
2331043
-977596
-4802710
2183057
-5898478
1396439
3017271
1177029
-4140827
5783798
326162
-6788816
-4990885
1113800
-1767164
2149804
1752970
-3180702
-4474019
2728092
-3374466
9499069
1670698
6761958
-4042458
-7351820
2903563
-2017317
-2914439
6968881
-882946
281905
-375315
-4742272
2824077
-5595587
-4969635
1192771
1355793
1505046
-1024185
-2217059
328812
5413270
-5128317
3627582
-5738379
7433476
-188288
5208131
4173722
76791
722750
-3900855
-6101049
6227532
-494583
249336
-1902624
-5250191
-55507
-458038
3737473
-4762128
-4845760
-4827679
4078836
527682
-1567481
1903490
-4756298
753572
177854
-2448972
1645473
-990343
1235921
-508572
-1263432
675999
-3108594
648629
-1176861
-1880227
-2254653
-2330377
732147
-2461577
-2552048
554817
771042
3114024
-5526413
-4017625
622885
-6398874
627239
-7547955
-2247179
4325887
-2423469
-248882
3732081
-7490158
2493880
283689
-6065554
2353792
3453104
2539859
-3177037
1424594
-927633
3005952
711990
1866998
-3084997
-5689574
-4730980
5210092
-4532815
-7669170
-4689080
-165157
-2303305
-1570959
-3723325
-410143
7497352
-2972957
1055593
-3019436
744574
-5373858
-1754624
483164
2373112
-527360
-2409052
-511887
-3145094
-2048868
256746
1340669
4178957
5722076
-332451
1148600
-3109626
676147
-2955325
-3467370
7058192
2654266
-2103665
-7236189
437436
-7113774
3651823
-3414338
242467
-195967
3224434
212673
1432672
-2746551
-1203040
-1391107
919572
3234530
676657
-3204029
-6393608
-3653282
-259633
718524
-1773547
-1181242
-3208730
9478527
-4849504
-5166165
-3944820
37069
-464691
-4557044
-896849
-344320
-2897113
-3450333
5355822
1097870
2662674
1241803
2587510
2572222
282561
1389287
-781521
1916391
870015
-3418049
811630
-3175048
8022986
-190249
28092
-5888253
-270540
727613
-4678783
5702390
3956939
-6163890
4796297
-3990515
-9080028
-5325687
-6058249
-5055004
-1732678
-6607968
-1189662
-1677800
-41537
-6338871
2114621
3336937
-6269954
1361100
5472982
-4187779
-4647131
-4510576
-1000296
252071
-1739394
-351159
648171
1598515
-1880744
-395141
-4394771
521773
1799430
2857405
-4072750
-1377487
-1545516
1095878
-5898672
-2230950
-1439023
-798010
-4286947
8653544
1099196
-3529850
-6434835
1510871
-2369109
2341189
5937326
-4455326
616895
-2034544
-1080090
-259292
-4876296
-3366142
-1948858
5054617
4700502
1116269
7510557
-694977
4603944
51498
-5471610
3686634
1348262
-2575800
938844
3822118
-201529
-1226730
5258073
-3352752
-2113473
-6968416
-5360680
-5138723
-4398213
-327562
4086811
-934286
-3899809
1010033
-184743
2857009
4994350
5050375
2453566
-2508011
701283
-4881717
-2167417
-4986078
1670522
-1566710
-1027000
-414378
-4820232
-2716984
-4408825
-6274037
803049
-4079000
418684
-2115546
-3048256
2164966
-4165984
-4435944
4925375
-775072
284503
-2809025
-1148509
1247713
268730
1052846
-4200415
2949865
1304856
94882
5999114
-1881968
560417
-314389
3290042
-4977925
1522216
5145875
1607566
1412618
591749
2324727
1623867
2726321
-761837
-1547643
-1047361
-1640132
1989145
-7225241
-2153415
-1588207
-5059690
222654
-482084
-5090890
1738873
-3882423
2761563
-870100
9356660
-3990537
6330912
152079
-628694
1232017
-5846232
-2303000
-3820514
-2931733
-7151092
-3330814
1987167
2055631
-1228782
-459420
-6314887
756935
-1758060
-3116231
-1346922
-2556919
-6804652
-431754
-7542591
-4954539
-268112
-5773526
1330964
-3519155
-5301557
-5007442
5555932
-3381162
2387715
830250
-2408030
-1600249
5130908
-6037590
2566313
-3265104
3194691
-3664455
841008
698029
-5367340
-4262860
2230666
-1995563
4663436
429821
-4379247
-556136
634653
-2285010
762191
4862543
4009589
3201137
4100692
1645564
-2902931
-5882555
1325641
-572311
5190773
1660839
2000335
8465623
6998038
2217071
6820892
-244668
1086193
-4183650
-3890208
-4426995
5101007
2417416
797060
4925684
-388567
-6099704
537208
5613886
-3593494
2037754
-2415440
-1029967
4647803
2143167
-3961836
-1480744
-1908929
-1790625
3832405
1061275
5624127
-4054789
4026473
2023577
295437
-4537999
2041843
2209544
-1032105
-4166107
-976876
7134400
5263203
-5053883
-3959191
-1102332
-3157630
-665411
-1030416
2690987
-5759072
2505112
-2967595
4925571
-5074015
-415855
383006
1633353
840588
-1672422
3440792
-426496
2807664
743251
457743
-2610100
-2561853
-3630057
-5246150
-3501882
-556595
-3063523
-5588223
1146302
-4897274
-5900984
-3022037
-2162065
-8430472
375488
1910022
5399298
-7434595
-3830124
-2458392
-794818
-4151491
-2850528
-1869420
1485304
6956823
5979546
-2116131
-1663547
2729875
2882453
-1336316
2247196
-1593629
-96060
-4886365
-1380535
-2021139
1204739
-344008
4867814
-1422694
4974487
-3541857
-1180751
7647923
-1743767
2248046
-5705798
-443713
-2434081
205557
3531780
-1186274
7994594
1430460
-4042005
1873351
-463629
-3848462
1305627
-4115808
-4596217
-3831720
-2510151
3892871
-5097404
-2704828
-98533
5999460
1187761
1566191
-2975582
-2683993
-1872020
-1787179
-1075017
2537194
2560653
-1551758
-4250031
3822969
503923
3837365
-2411043
-448584
3661484
-983669
-4589816
-2585630
-212060
1315299
-664990
-3964644
3373618
-7170247
-625091
-901284
-6455007
-3668623
-3097030
2219083
-4368837
-2467612
4626545
-354195
-3792077
-2869727
-7056449
-6275843
8194441
-6114937
-88281
-2288164
1612842
-3344626
1436804
268767
-2903964
-6727055
-5325120
-4708414
-3198242
1043268
6499515
435938
-2109377
-320232
-4726844
1182977
-588021
7790575
-3139424
-977103
-3012721
-2224703
-5776292
2388267
1711870
-1630256
904705
-2267476
811661
-3041179
-7379755
-3362129
-4669872
2382170
421593
1838277
-5905756
-407521
-2905631
-1370372
-961370
4956706
4830241
-2264920
-4533154
-3596376
2942901
268954
43175
880557
2646615
-5785527
-2771059
4776758
1455517
643323
-3977899
-5448720
-4145351
-2005744
813994
-5243343
-876274
-5068654
87895
2467299
-1735523
-1520698
-7860985
7940732
-453711
-1811522
456246
7876456
-3706285
-1049944
2995600
-2800809
3102987
5014840
368082
1575518
-3261061
-4301691
2958401
-1068749
-1472662
1706695
1960099
-2549430
-4972353
-3625644
61664
6524631
2649396
-817699
-5433602
2940599
-2406870
-5396521
4099741
-3208975
-2870754
-739708
3006374
-2379949
-2917873
648584
-4461701
4277754
-736435
-2697998
-8699567
-1864709
8969089
-6287911
5966236
-4372961
-357525
-4825477
-949857
2215759
-3467781
-652695
539699
767790
1168094
-449988
-2891843
1036147
-5691486
7176074
-401276
-2103979
4588053
306179
-688819
-7049887
-800436
307119
311820
-608272
-3955148
8095249
-4008373
-6567427
669677
-3860232
-1132591
4421388
2226652
-2676555
3518860
3178653
-9917953
1897046
-739568
64858
-6325221
-3254096
2815298
4707875
-5305580
-3724446
-6094219
620560
2487763
-7885810
-1917711
845328
3509388
1805284
250282
-2870217
-616558
5708328
-3536872
-928406
-2260522
-107140
-199639
7957093
3078395
-1769451
2028492
-188376
2764003
-2440150
-781265
-5189168
-3112580
198121
-1032615
-7792125
-1073162
-148208
-684387
-6401989
5270108
479884
-4088252
1667584
3598041
-2645824
3108137
4000828
-3803839
-5752038
-4583102
-1859735
-2739989
1812233
-2002976
-3599571
1413347
-2151962
-6212732
-3046311
-3745047
3048472
406684
3003374
-1605837
-3196672
-3164212
-3830081
3355158
-814185
-1282553
-6477445
-423899
-653451
-7434864
909174
-132935
3683930
1690896
-5444353
-2475343
-1547335
-6633646
7045351
4158656
-287189
-6510402
-1939034
-1972795
-2734416
-5136699
4294237
-1680030
1037059
5622217
-4104069
885017
-1209347
4767295
-137978
-2018177
2458074
2416281
-2225863
6348750
-2686925
-1384786
-6056665
-774496
-1030158
-5576238
-4050700
-789019
-1327247
-5098899
-7644406
5768463
-6330680
-2888456
-4394575
-4678307
-2133561
-2749069
-4442079
3783821
-1904019
1543117
-4358927
-2571234
-4433561
-3896445
-230753
-4253321
-624979
-835583
-5695835
487272
-239502
-3578095
-384693
-3233620
-918615
2415868
-2691576
2276299
1383946
-3558662
-2635836
-1949861
-125270
-1911906
2870332
-1387620
-2848829
-3573985
-1707121
-3559334
2350287
1626529
-1433771
177414
-3337167
5151363
865529
-490912
-3574293
224557
567615
760302
-2751140
5725142
294680
880750
571990
937769
1864096
7504
-6640477
-1946894
-761270
-4189962
340131
-75882
1210783
-4066349
-1530106
55904
155492
-2291247
-4322258
-2111347
2525028
-3077838
-4500731
-2979941
-7803
-2196597
3806145
760406
5279368
1865717
3018675
-2482451
-8065963
-3267383
2886114
428817
-5376664
-344352
454700
-3281048
-3095317
1160229
4309713
-1488399
-2738296
-2808606
-1571828
801376
4025175
958426
654127
-6412116
1916945
-3824868
-4980780
-5433315
2017392
1314575
3585492
-466867
-7375722
4761848
-4409373
-320951
-2118541
270646
60879
-1745515
-7002021
-4031548
-1368735
3656597
6757489
-3821740
-232517
2614072
7735623
5243484
6627408
-4938726
-3843947
1503648
8200610
-3285017
2531469
1983317
5057705
-5144578
-3276959
-4095738
-3952833
-5042811
2122975
2925622
-3721094
1013132
-4685874
-2449869
-2102562
-1478918
2893883
-6548705
-5482028
6848729
-1579282
2173951
-1550688
-4407645
2965549
1324266
-3985267
4948300
111852
5754566
3394528
-3514889
-5439294
-7150056
2608728
8296139
-1084709
-917280
-4196139
4802848
-2897006
-795673
2336069
-1917489
-3082015
-589927
-2385036
-1992481
-3807382
-1939970
-3716074
-293092
2496731
-2177901
-5923883
-3184429
-2354563
-1067983
-780480
531755
7434804
3777233
-4301165
-996974
-7352953
-5124773
3478390
-1511907
-472899
-2476125
2122637
-1175961
-6028663
-5561044
-984256
-3358860
1868434
-6113033
-3585255
-4641072
-3328125
620320
1595678
-119281
388008
-1794
-1704375
-3622762
-1225379
-7804705
2113710
-4539022
-1228918
4027500
1261107
-1393330
-7147385
-5614379
-673906
3330331
-849025
-857739
-663842
-1685139
-8129545
668743
-150271
1339598
3741241
-4261057
-1768220
-1622291
4482643
5566725
-3508838
-1747515
1982511
-899257
-4193062
-2122055
-1198695
-48123
-1801290
-5760966
-1005564
838596
-2873406
2572338
-1979432
-2308111
-1858334
-365298
8965049
-4921607
3269
-3471977
-2234288
1309177
-3876216
90779
-5568908
-1890345
-4460024
4978705
-3228798
-7330797
-3467776
-2394392
1550965
341230
-2712488
1194152
4767338
351616
-232938
-3131223
349552
660450
-3229058
289584
8318297
-1700083
-2491625
3486811
-3056165
591327
-2302070
-4932007
-4332687
-2482215
-2240483
-3682157
-540936
5302113
-3467383
-3162902
-6243393
-3737885
-4340408
7723274
-4368990
-5706407
-1210022
2353534
-3269629
5726758
691258
-343823
-1278694
-3006756
-364446
-3020212
-2525886
3483263
-5103290
-3289783
-6602562
5018931
-1991633
-2206118
53927
1782596
1758723
-1648864
-773085
-5387803
1865463
962948
-1109269
1648036
-5320529
3681305
852309
-5599050
-3240595
-2587388
1426498
1752043
6039461
-3666734
-77324
-53714
-1719975
-4998454
-4870211
-3573484
-1234066
7319736
1554213
-2144796
-1152598
2127326
2093786
-1419496
727177
-1594311
520658
-3790515
-3623439
859755
-4017971
913319
-5574111
138734
-2708706
1878953
1140347
2321427
5784090
4413169
7935500
113922
-6558503
-2916319
-1795076
-675986
290939
7258613
-2267440
3606968
1661137
2864665
3114574
5481895
4908225
-1619772
2146325
100836
3499245
845970
225681
3591197
-773902
8972981
-6897942
-2239019
-1080054
-8364408
3517051
1746275
-5525065
1665480
281000
-4700261
1350414
-4823169
-6428233
3555444
-746951
-4336254
-76199
-1855907
-592286
1797173
5495070
-2247469
1342761
-4109320
2111307
-456188
6405552
-1502964
-2700905
7681979
-4238107
77497
2710124
7228181
-2139361
-5017368
-4241528
-1740920
3920446
-2242371
1429894
-2926120
-172836
4398022
5073660
-1920384
2186199
6552472
325201
2012341
-3912698
-307575
535861
-3030206
706682
3738671
-408706
18215
-2305535
-2427143
-501105
-169867
3322919
-2338594
463900
725329
3481979
5187751
-6216752
-3626609
-87002
1856968
3034952
964317
-1868760
-3531469
670986
-4445415
-4850979
-559404
5570612
57766
-2260800
-633575
-4471456
-625233
4872296
-4909239
-4335308
3246508
-3536805
3458132
1984940
4051344
-3883449
2131450
4667117
-4739427
-863195
-4823578
-5198391
-5956288
9362100
-281380
-646105
-1448041
183043
-700254
-1983953
1748703
1464477
-1493393
-4840996
-523641
-757972
-3202071
4423381
1197077
4939893
2335571
-3675423
2053880
-2570932
-1288766
-4343959
-362156
862968
-4740999
29961
-3529558
-2016769
-2105485
1289944
538285
967591
1462576
-3191313
3861553
8447982
2133447
2249157
-4275547
4376675
1036739
-2802905
-3278233
-3387321
2318631
-5301678
1444471
-4217954
-2452530
1495984
-304884
141067
7049932
-138444
4896972
5091065
-2649196
139131
1865552
99886
1455223
1349297
4443786
-7174701
465956
503883
-617444
-363457
3009095
3009291
1585087
-83164
5254474
-2015875
-1373217
3785398
-3210189
3777528
657504
3657022
-6448303
1063467
-1668389
933341
10375151
-2577684
-7268205
-2047395
1794316
-1515318
-2271291
-848812
-3127824
-259013
4433553
81962
1914836
2167124
-1050065
3960333
-1517038
-909748
-1900070
-2433383
3487599
3383572
936823
-721307
-1440064
5242352
-874446
-5696944
-224723
2848472
-3918274
-3798669
-4763662
1840957
-441948
4370600
-297960
-1862830
1674859
-3095300
-6586800
-2921092
-1950861
-3131872
-3322204
-7230654
7116988
-5686446
-3765002
2755475
4940091
-4279690
-2751850
-706042
-4382438
2198185
-1951988
3347318
71699
-3473807
1512371
-2134662
-1276411
-3231125
-2673597
1783627
1367157
-1065830
-6083362
4270733
-4599671
-1671225
-3718272
-1234941
943821
-4794261
583409
1272256
4417061
-1376071
-4946419
-2845448
-4659374
5635388
-2122602
3176081
1338513
-3447004
1532497
-828664
-2749517
-2192335
-5091797
-5728427
-2365826
-3415344
2179258
-2127615
-1538479
-7391527
-3389317
1146835
-3557916
-2700846
4238306
-5319943
-3720226
-4578351
-5755191
5560629
-3322684
1908795
2665053
214703
-1237003
-1640427
3386762
-2122642
3130796
1660827
-965344
402128
-5097506
1102977
-1089830
-800944
-3239894
-4825468
2437758
-2135750
3225063
3436315
-3017560
1260340
-1332974
1699952
-5059300
1910936
-4790976
-1219338
-300730
1236763
-816822
-8522121
4433862
-5321950
-2289883
102293
-5707919
5667720
-49634
-7769251
-3523389
-2491125
-6588156
3147844
-2036331
5240548
-2981229
-100640
5394540
-359275
-2326246
1114854
281719
-989571
4245454
-3495654
-1411302
3678998
-3591918
-1610215
-7711352
4965809
7652603
-1259685
-5680476
345847
-4564863
1918328
2761059
-771928
-1717916
-3662660
-7104484
-3674861
-7410571
-1079341
-387606
-3035475
-2554700
-1713614
-32656
1542716
5869321
-4991513
-1621892
-5196860
1550043
3196738
4210438
792093
-408264
-3844699
2936816
2514661
-4444609
-1044064
-3516696
4064061
-6239315
-7307541
-1069529
1403307
16311
-2346467
-3573074
-4102777
-5426836
-4051166
-3229723
-1730793
-5303007
-2439766
-5882071
-3580840
-6437690
-3537251
6148701
170644
-2474230
-2274926
-2974843
-4455594
-1667707
1839541
2466813
2001208
-4826733
-6292000
-6330099
810990
39450
-2304618
-5038030
3034068
437608
5104158
-4196168
-2354603
938044
-428961
-4049116
-1056442
-3267471
-899938
-4909951
-944850
-3763783
2087149
-5106664
2478512
-2051341
3314383
-1150325
-4946353
-1066597
1736843
7689156
432678
-7183469
2145278
-8773495
1236397
-4001774
7329342
-3060247
866332
759752
-3513166
-5794559
-1955675
1093229
1412979
-3286303
247857
-5558410
3699414
616717
-1020320
3100049
-2013113
1296463
2135934
-3579647
-1947034
5548579
-4143196
5122544
4146808
1753887
-1419768
-3014933
-1921164
-338141
3819007
6712237
-6159464
-2402808
1571540
-5337384
110955
4736141
-706516
-3156240
5608684
-2542925
-5252555
373123
-6106260
2636766
-689668
-2294071
-405438
-9518618
3171491
549810
368097
-6662830
-6718097
-2420137
196387
-5314620
1327887
-2839052
-3185727
-2171013
-1251862
-5185560
-3122266
-168393
5208291
3663196
-3476897
-4687010
2230078
-13468
1412486
-5214298
-5359544
-9124383
-1493516
-1784127
6620774
-4335823
-6471640
-1805289
479953
306828
148568
2114063
-2471140
-670875
4457490
5254615
-5610656
3358201
-1817864
-4039875
-534061
-2894203
5084129
-3541431
382857
-3783133
-2163769
-2958216
1828218
2985511
545191
941016
-2817130
-2747164
1482005
-401681
-4002919
-1879797
-5252383
-4308837
8524752
7288011
-2322491
-4247845
-1472233
56372
-2240841
1268578
-4282567
-2155921
2052883
-1462393
1931486
-1443202
-2288601
-2786000
4240338
-2266965
5764248
-2459303
-631995
-3332965
-773929
-441466
-487919
-1146687
-2681832
2976621
562406
1680619
1495511
5585569
2620001
9473806
2985359
-1417045
-3593544
3282903
349537
-4777893
2166019
1501537
-1901229
3298560
-3427626
-7882737
-3268494
-4203120
2324527
381575
-6890502
-7638381
2563525
-1385476
-1774910
-3949170
7889701
-338749
-1113883
2885969
-3233605
3373294
-1499000
-1064758
1208890
452506
-6736134
319685
-233986
55258
-2853202
-1102743
1760183
2557654
-3551255
2911612
1197280
-3322577
4472186
-9333363
-1487966
2476267
-4270128
-133176
7268654
413818
-6578203
-1604674
7853389
-2915554
2159368
-3944092
-7324785
-5745243
-4203697
4504559
-3390218
-614279
3537395
-283270
-5298134
-2101624
6021275
-933594
-540233
-4279064
-230341
1708241
-6456263
2926213
-1439405
682302
-2297572
-2341585
-5306791
-1793108
1224150
268544
-3083832
-2767825
-3470797
-2272226
2793883
-2057273
-1091565
-1639580
2332260
2712423
1720720
-2915396
4879958
-4776674
3539921
98293
-4338073
210716
-102175
4305384
-364915
-6153700
-1921195
-565671
-2974168
-2800918
486802
-5116281
-3439374
-9101695
-155624
2644073
-528185
1607206
3506089
-2732957
-3206214
-3294196
2357414
-2453641
-1236873
-7187202
-2452730
1724214
-7107206
139183
-5571320
5066657
-4594674
7906749
-2829937
-6258779
5177922
-1840136
3956562
5361541
-642974
-645238
304315
141929
-505034
360220
-1033296
3965877
6319583
-3524088
1846241
565306
2039231
3099035
-3694213
-3161961
1257326
-771631
-6109124
1120558
-2940292
-2102396
-1239039
4859334
2445965
-3999774
2764030
-3776228
658371
-6406588
-7527280
-2648325
-346781
2844554
-1326309
4018854
1839718
579688
4039072
89128
217210
-5495884
2100620
6350249
-1725174
1397015
-1531855
5494789
-621407
-348328
-497855
-7057231
1450850
-6145536
3200355
3435075
-2451115
-1618805
-6948610
3765306
7594252
2336193
-1868308
-6380114
-3424309
2397687
-3951684
4820577
-3813009
-609816
-1643354
-2169051
2837496
1547927
-1873049
-3990274
-2005492
5486894
774657
-2799012
6639537
3443271
-3758393
1678497
-3184436
-1305598
-802988
4675853
-1205988
6283409
-4252567
-2077273
-315491
-5222941
-264077
-3181839
-7436929
692775
-1622784
-2347172
-823119
-247015
-7682766
-2203110
-3135358
-1102
-514845
-4142173
-772165
-1321325
725526
3252009
-5523690
2185632
-2521281
-5578826
-3591070
-57287
-435881
-2370267
-2047944
5325781
-4453906
5076984
-2447401
-3029741
-2320771
1116548
-938178
-589929
1934817
-2848206
-5068706
-4371506
-3734814
-496146
2274738
-690422
-2890899
-3155989
-382042
-4250141
-1010118
-2400894
-6031758
-623664
35296
-2307671
-280172
2279408
-1364975
6660375
-5832803
3992758
-4596520
-6430407
-2618119
-3872626
-1481262
-177283
-7882448
3279886
3483282
-4573830
3473931
-2907645
-61917
-1370607
2012964
-4572186
-4399307
3310823
-716018
-3390711
-6572067
463334
2995365
-6587809
-2490827
-3185473
-666050
-3312516
2488962
-1982828
-988767
-5351624
6025334
-2594723
-731338
-780794
-2114170
-437376
-4496051
2141842
-184254
-5046597
996704
2950821
5728122
-888337
-2887294
-3753169
-5130571
-2947864
-3011579
-2022329
-2447279
8446561
3760332
-71285
2106541
-5144872
-196799
-3903704
1228134
784359
-366145
2012075
-2812131
-3788724
1411662
-1109729
-1371228
760672
-1852133
4890209
765979
-3799710
2543569
-1475547
-408190
873431
3880327
-2011344
2018807
4634935
-2253341
-1140302
-285355
3665732
-5088010
-6041578
4015901
-5247367
-2136247
-199513
-3356255
459816
-4523650
-6444931
4472396
-1051508
-1733471
2170237
1824362
935536
-2754667
-2515509
-3911937
-4930355
-4509162
2162671
2651522
571696
-1887638
-3243680
-266821
1490529
6577668
778266
2507260
-3143867
-3157784
6214379
4331612
-2646862
-2592877
1457115
-392734
2580226
-2852929
2037412
5432817
-2952258
-869529
-6100829
-5359171
-280628
-3002820
-3143265
1276177
2227134
22278
-2914422
-760930
-943378
1577817
1326081
-2281400
250507
-1696483
2484412
951244
-4712319
-5124974
-3069518
-1112168
-4768348
-285290
-2061950
-1424628
-2014138
-4018863
-2881024
-5120969
1993486
7540492
-2984641
-3998044
-4120535
-338044
-4907181
-1107117
-2672641
1335063
-1204087
-6164435
2223568
-1415018
6187473
-36130
7007399
-581910
-5841456
-3659669
-517155
-3468729
-3640349
-724229
-5021551
-1458918
2410804
-3554891
4387366
-6500027
-3157135
-4279276
2549813
-835109
-456994
-3057120
-243838
-2349464
-3453087
895195
7090817
-3145541
4922691
5900358
6879670
-3279970
2247555
1273704
-5741478
-5224260
96329
-2822792
-5598948
-4332120
-1917399
230717
-7230325
4539307
-3970349
-2051458
2256516
-4769703
-5436716
-3021504
401085
181932
2819584
668173
-4577330
2378444
1029550
-319710
-1030404
-2429798
1016493
288011
-3924715
-2812035
1553015
1909136
6064325
-1541075
7832659
2154678
1115104
1401064
-969139
3105876
-3852326
-7336374
-3089871
-1698212
-2705100
3430776
620063
-6170121
4306727
-876082
1820757
-664673
3304642
3434564
714452
-2649229
-443614
-4891521
-5177164
2484326
2952663
-5087367
-371442
-1585331
8964583
3852605
-3326935
-1921060
-231239
8157098
-4184621
66385
-3238229
1774278
909582
1952159
-2116583
-3083109
53904
-3562219
407527
-1511893
-506850
1197105
-3682237
-1435596
-4204764
-2817279
276198
3508419
6875421
1951322
-4688003
1782953
-1831562
48504
4823607
5115727
2484174
2649205
-1888804
1064722
3707324
-4496113
-6837689
2064696
-2308188
-5523803
-2509726
-369255
2644110
2388863
363890
-393801
-2195593
257420
-2427974
-1815564
-653280
2067954
393318
-5581182
-778861
-896603
-1292622
-789219
-3917476
6930575
-1069954
4663810
503018
3295205
4814381
684752
1421089
-2483223
-5901949
-4447188
-1016721
-2014615
-7069157
2071773
-1510996
706542
341232
3857014
-1773328
-51337
5712618
3730127
-510837
-3163389
1998654
2025361
-4492224
-3842660
2121280
2651057
2024579
-2894449
1099494
-4202574
-642968
4022033
1412441
-3218217
-3211406
-1186143
4465303
-7570637
-7453839
-1596105
4432216
-7100257
1144050
-3725336
6197162
-2414750
256609
-2569340
-2695672
1448855
2932444
-1885305
-2932147
2544396
2589466
-5867529
1884375
1011028
-5215428
4144438
457528
-5814014
-3809956
-1363127
-804779
-8322264
2804879
-6733390
2840982
-4116504
-230524
-197881
3998660
-4572558
790830
403079
-1362348
2590905
-8130095
721109
777085
2594475
-4048287
-4103499
1699432
-2379905
-1038038
123927
1989113
-1906632
-463363
-3420562
-3945622
-433561
-31486
-7314833
7086549
8014160
550755
-8621151
4790911
1427742
2398771
4804242
4465881
191335
-621829
-772760
4385814
-5199881
-3758986
1713560
-852729
-429663
-3519904
-1868888
-1650607
155801
-683668
-3066213
3077352
3450440
-549155
-4834315
6123607
2687397
2471527
1102169
517068
1502468
5641823
-4138054
1082701
-7767402
1549351
-2968360
74397
5680941
-3237419
5998273
2448252
-1380197
5423678
-3500897
-282910
-4726437
3871763
-1819893
-514822
-2437137
-3555227
-3025752
3237655
-6299050
-1909811
-3135623
933443
-1960833
-6996247
-5594372
579496
1910813
-2417620
-2144529
-3863593
100867
-1361695
-775811
6036832
-1402312
2417418
-7771687
2213012
-4073214
-4441721
-5094888
-5241099
8162561
-2727910
-6475409
-7515365
2397805
-175931
-513202
-8333403
-2550497
-3751686
-593336
-3552444
-5196676
-2617887
-3812262
2436410
3851330
-5281639
435223
-5623502
3767085
2694056
-1721952
-879117
216881
-5200082
-3364328
446411
-3338522
-2204813
-185417
5568865
805624
-3829723
-4994687
2975712
-3878136
-1221047
3842341
1033321
-1365063
65818
1284777
-3656943
-2475982
2074153
-3461208
-3340066
689051
-4782656
-2012002
-6678501
208188
399198
3157691
4212958
1780123
-5814013
-2982079
5304212
-6195284
-2899339
-2542918
8599660
361617
-3151860
5237865
5296332
-4765075
-2634232
2448671
1774997
-3402590
-4547255
-2618972
-465054
-4584848
2615241
-4580882
2352194
-3040279
-4628280
-1108326
-2666240
-6439715
-4835646
-5167355
-124424
1938714
-8156622
-1008190
-2250080
-3463936
2660951
4889654
5045250
-3771047
3008648
-2487419
-2327777
-3723398
2041585
-3066514
-409115
2161669
-4288497
3839491
-3641673
2631465
-3214264
2978506
2626209
-2805925
-3934407
-4041
899777
-1095320
4084576
-1717998
2171306
-2843063
79200
2323964
-1370292
-7286646
898765
6802958
-3971304
-442197
-2520113
1495678
2487698
1105783
-2738132
-1124953
6489499
-1120168
-4907720
-2042880
1042818
-836329
-7312208
2255283
448210
-1129634
-2669489
3018268
-2300498
981456
1844270
-634293
471410
-2962875
-6654159
-3137378
-304365
-3349379
-4675145
1656570
-2752864
1185329
-2561732
5551968
1845438
-2687519
5328119
938783
-7521320
-5001846
2341492
356973
-5244372
-4087028
-3666951
-6646942
-1581209
-3030449
689570
-1391069
2027890
-772413
-3246198
-600081
-95085
-3707982
-4815276
-1773898
-1077460
7072467
5047756
1221611
-4118577
998634
-1641968
-1671632
5553157
-3315692
-8039395
2666602
-3172551
-4797733
-392646
5822273
67545
-2072012
8336842
291554
1724767
3030739
-3989045
526920
479228
-317501
612598
4910722
-876088
2330758
-265475
-1549354
-415742
392851
-2848171
-6356375
-4836094
1172636
-8319699
780104
-1348320
2413827
-512979
-3150629
2958173
-3334007
-5031198
-5311718
-2614298
-6446932
-871603
1552107
-734917
9064607
-4870150
6419691
-4943032
-1735063
4669456
2991075
611774
1549513
5411018
4350565
513034
-4363039
-570381
3713964
1292171
-4789512
-6903858
113416
-2194289
-2171487
1687242
-1817356
-3711866
292
-1556310
-1581547
-4191533
132308
6391368
-2335063
2549289
4080712
-190068
-1121258
-3603936
-998757
473555
-107788
-5228613
-3777986
-633146
-4341574
-3523413
5162204
-55655
-1471821
436944
66749
2441958
5813565
2511874
-2934047
1469342
1378202
-2383953
4336900
-2283663
-1653348
-6388705
-1614154
-7716491
-924410
-387686
-747171
555561
3852310
159954
-3407310
-6360064
-1720908
2795600
-5403469
-8212543
-1429564
-16174
5638149
-2161793
-1335878
-5177848
7317122
-3149375
-3506535
184969
-7475799
402893
-1513693
-6761880
-3255045
-3722990
-2280403
-5245168
-2475924
-1888041
-585016
3704609
4340895
-2840194
3824019
-4064681
-4289540
2744173
2279678
-1160815
1355583
-1872086
-1599353
-3260353
5650333
-4890048
-3062867
2586172
-7718534
2038951
-1697235
-256389
3908656
2750802
1189785
121210
4079831
-5172834
-3696246
-132023
3708904
2991546
-5020512
-2850033
2027733
3644862
-157260
3277071
-715237
-4800838
-4289054
711733
-6670981
-2023485
5317576
-1933476
1901210
1568487
-5567734
1565723
-3467765
-546099
-708521
-3179262
5079296
-1650951
-4223226
-386924
-831558
3549932
-4354015
-4962820
-1189327
-813559
-3278056
-807302
-4152504
-6933895
-3324719
1849168
-4480115
-1327235
-566087
5269542
-3000477
490116
2282647
-3395238
-2104813
-6033737
4441815
-345673
1333094
-2384066
-3681925
-7001113
-76695
179357
-1329086
-255063
-6441402
48065
-6708606
562896
1438545
2395902
-6378716
-1878480
4819646
-504728
-5836097
692410
2723855
1439319
-1207311
-3802820
-6974003
5460247
4131491
-3139375
576028
-1549880
-1621306
1755760
1258723
646511
2750107
928525
-3688092
-1444234
-6102049
2982847
-2596790
-1691325
-409317
-661023
-3433961
2491828
979589
4497219
-1407417
-119286
-4672893
90264
-2975183
-8906957
115074
2187663
5560888
-2122051
-4429999
-1959897
-4829365
-946773
-628892
-230877
-3120029
-1677848
2970729
7666898
-2136746
-2731576
-481974
484431
3683172
-2620647
2085924
-4103253
-5742421
-944222
-4605144
-1168996
-3088004
-5774563
2825333
-610429
1661322
656190
-4498982
-1221197
780238
-3318245
-5085327
-5028744
-3512487
-617100
-1415451
4405879
-3519227
663590
941396
2425979
-2067295
-781060
5657354
-182474
-3724564
2510447
-8746326
4706639
-2721672
1164498
-618306
-3781905
-2399323
1839279
2608902
-2532126
-2660919
-3201855
-3283758
-3490940
-2718551
-2245281
25455
-1409346
-2495203
5649983
-3153453
2716731
2611135
-5265558
-402051
892510
-5166844
4338278
3490405
-940945
-2811619
-2197249
-2040516
779225
45421
-3217219
-4455379
-6538809
-3896304
-3871567
1017444
-5001140
8483
700637
-1686479
-2018813
2918003
1916411
334718
2886482
4350779
897270
-3655273
-3182677
6581850
-1300678
-5846405
-1313967
-2550167
-1990820
5883037
2079763
1153046
-680613
-6152290
-5866794
9185384
2050180
-9144715
1781091
-5899313
-1490238
1474451
504116
-3000978
-1593153
-497268
5243037
-3139639
2650905
-1012821
1109956
746092
-3977778
-4290566
8574586
-5951165
-7117929
-3572740
3943450
7262257
-1872337
-5089125
6840356
-7324183
-4129398
621602
-1909269
-4036630
-7299971
104694
-2458434
-5642972
3013806
-714771
-2043335
-8725037
-1310180
3127261
-616930
236496
5378224
-5830459
-2522855
1647737
1001948
1156415
-4048081
2262686
6184952
2385088
1144101
2547935
-5785879
-1749922
-826033
4178369
1846715
-249471
816907
1575486
-2765941
1345327
-613202
-2845439
5692129
-6112319
-1815309
708163
-1904318
-1548738
1526498
1320647
-1652989
4902573
1449004
-2651768
8496413
22668
-3378209
-695911
660803
4006565
-2466600
5378840
-1133777
7321815
553176
-3077598
1056458
2651111
-5320479
4332708
4527310
-5354248
-2583037
-6661549
188679
-3379666
-5344618
2244661
-1741052
422632
-3544763
-226090
-1078116
-366947
-2723188
-5542779
5675311
8303597
5820129
4217299
-6278580
-2729076
-4547622
-2558236
-5043076
5648436
-3828408
-5136604
-3199854
1439367
-4425972
-3617481
3369076
-2649299
-731402
4565581
3415489
-1828475
-1119818
2627363
872317
-2872715
-347501
-6155102
-3522008
6441942
3926556
2694945
1247384
-2151927
754032
-631274
-4677064
-2983487
-2933757
-2521581
1446516
-3067516
983403
86348
2183456
1101102
-802889
-62301
-2273276
2735823
-1919339
-521302
-436182
-6976684
5626409
-307303
3339132
-8709343
-3507748
1679011
544117
-3766469
-4008
1535998
5857008
-6739625
1236651
7502430
-864823
-2228381
-7820022
-3407789
-288549
25952
-1611734
-134134
-2190707
-4586505
-3877169
3564345
3933042
-2381862
-4134627
-2682111
-2711524
-1032045
-520865
981337
3447128
-5441022
-2296803
-3366150
-2962426
-4149120
2787486
-5261460
-1749378
-2174732
-1189319
1452108
-120491
-1065787
-4118389
-6232000
4684230
54055
-3030747
4350069
1398430
2270205
-4464027
2884263
-1422988
-905000
-2442083
5245693
230503
4930307
-405415
-359217
2660556
-280169
-5500820
444071
5244454
-2223777
-699256
-1476579
-1311666
1379079
3337321
3588651
2768277
-2367572
-2084942
-2945075
5122851
-5033922
-668392
-2541578
-3540845
-4261147
-3968910
-1425881
3707184
-983507
-4122012
-115397
6434685
-5276964
-2492269
-5514018
-5710342
5674562
-3631419
3391143
-2868865
-837861
-1335492
9110518
-5675036
-1519419
-875460
-648028
-1204303
3813647
-2462974
-5746806
-5305671
-2488863
-4051907
-927252
-1335663
5681746
444095
2387305
-4506817
4716862
1956774
-4655218
-1908392
-5432721
875279
-1100023
-4426523
-4869248
4721642
347574
614749
-1608106
208219
-323062
4377932
-3613153
-354154
-6331026
2177188
3936388
-5057530
-2900309
-1026256
3945969
-378843
-6558104
-1533915
-755439
-475881
-3273431
-3688368
2030637
908596
-218274
3404649
3223470
-5357354
-134949
698747
4300735
-2080645
-1360784
1118064
4059596
1621602
3164641
-3042876
1984909
-5378306
2181857
-4042987
-1458065
-3646652
673116
2155266
4212510
62461
-3325783
-135619
-530855
-70114
455271
1609486
-3736239
-4923948
1814549
-2182128
-4352815
1738093
-502660
-1255208
-4543115
3090314
1867369
-2943470
-2276216
5466394
-5754268
-4207656
-4435214
-3502412
-2696354
136893
511545
-6270336
623732
-2375578
-4281715
-2673086
-120196
2578914
-5619628
-67490
83688
-655407
9197010
2145526
-1566525
799669
-793163
71988
-1298072
-7413881
1452697
-3163137
3342555
5377220
-2976548
-673639
3439417
-9672884
-7646195
-4624123
1107922
2854198
906759
-9134987
282049
-476170
2089788
-7432523
1103450
6252491
-3627116
1228505
-369470
5369226
-241445
-3726415
-8835821
-4615256
-4585896
298784
-1094054
402041
1345501
-2746632
-4270443
-3742493
-7303150
1272421
717640
-485492
-5077929
-1173107
2469482
-1963912
-2139008
4818059
-3955927
10374
-3592349
-2752919
-1419226
180778
497308
-1799093
1585174
3187208
-2465103
-2519275
1461456
-2612778
-1350186
410538
2316993
93502
-3353141
-47694
-1098356
-1643146
66213
-4676316
1776998
3151729
1438800
-1686311
-3013358
-1350912
-957954
-1014343
-973491
-2339249
-1288874
-374971
-4334781
2773992
-418890
-3566179
-1667673
-1633253
-2202443
-1194474
-3513572
2353877
4222959
-386420
-964422
3603156
-219610
-476824
-4551828
1687761
5557488
-361567
2331492
-2839484
771754
-3452486
2030904
-3655683
-3190674
-2029755
-4006021
-3963360
9074403
1260211
-1682788
885354
-2944060
3732503
1883370
-4495499
758527
5715929
-1494215
7058273
3543155
1443930
-304594
7222344
-104313
-3105298
-1592846
1599878
-5134964
2704657
-4357854
8671185
4195743
743268
-4528747
-1568015
-3307823
-1449019
1732409
3338212
3866138
-2582646
-2360133
-2113640
2462256
1584258
2507496
-2528488
-3250312
6203605
2348302
-1359369
-4477391
-2298139
725237
4029913
-7692669
2416391
2542490
-1624923
4012715
-1504642
-6509309
1855304
-2875956
-270730
-1015779
4465490
-1401990
938487
-4264607
48001
-3061235
938459
-6081729
624645
1975176
4942723
-5981026
-1920595
-5138811
-2201016
-1929021
915927
3357430
3155384
3464032
1204516
3496807
-2189671
-6108060
3040604
143448
-2234254
-697949
-4929548
-5147322
-1989802
1689284
-60327
2947684
-2861283
-4776112
1024461
-3203741
-1005217
-480067
-5380457
1768149
-137245
-1371044
-2557618
-1879330
5112144
-160693
-2794398
-3733917
-398280
4292201
6149618
-789494
-295143
-4283078
-739556
1884615
2193224
2214135
1321765
1542418
-1089930
1426757
-370434
-635650
-2232212
-2428954
-5087512
680567
1098748
-3605910
-464714
-2965870
-3673353
-2279446
-1110089
-2007369
-590728
-6743217
-991239
-936114
282157
1580137
-4885470
457473
-374800
812411
-1055936
-1847818
-3760470
-2397801
-5208832
-2680820
-4529613
2694371
-6982908
-4044158
1813623
1876964
-3905646
-969684
-473255
5791763
2750517
5049888
2053166
-2901208
-3468853
9402825
-1610457
-4064663
-3439043
-5645652
-1690745
-1612083
-4576334
-520328
1870231
-408833
-1797324
-2761277
-980797
-5760124
1929756
3052676
-489939
-4391988
98971
3531824
-3163096
-2109349
-4239862
-1535717
1558875
-2612989
6219835
-4911307
-1935386
4131952
-1022959
-8155029
625911
125770
-3085596
-1331669
-2180576
-5455475
-1174146
-6485364
4803901
1335045
3141535
-3510243
3145996
-3025455
-897929
1771925
-5152844
628843
-2053109
4875193
3517716
-3098826
-1358501
-1935732
-6318354
-4591748
-1065992
-201
2128767
-1894200
2912271
-2654773
-904585
8408120
302766
-6195043
-5136994
-6021890
2993728
3026580
-4263958
305799
2396853
1640568
3520718
2259964
-3618473
10338607
-931452
32074
-5963279
-793788
347394
-2013699
2640840
-1874734
-1246725
-3070002
-3550628
-7439444
-2279454
-3057495
-1967910
4143448
3047673
4244086
-2371958
-5182268
932613
-6299256
-3407523
-7456190
204872
-7724240
1728178
-5028152
-6059579
4542165
-4644220
-1430171
-914267
-166982
-1745861
2826686
1547304
-2800725
-910396
2226936
2400898
-3794815
-3492137
676307
2523430
7387104
1748168
-3311449
-2350407
-2577318
264271
-6125374
5476000
1159143
1421889
-3591244
-1040064
2801069
-4739905
716534
-4664934
-1896966
-1306099
-1315800
204895
-713401
-7836823
3585231
-3036581
-1245834
-2831027
-785230
-3957397
-3148092
-1546436
164374
-3556744
-2852026
-7454520
1584330
-3212604
-988512
-3286544
-2306613
-2899580
-3094939
-4820375
3470498
1021826
2492028
23504
-7807466
5192266
6704151
444949
-3946266
2575932
-2062897
608521
1403570
-870434
-5694143
1732999
4019779
-2274170
3250172
-5154482
3170015
5253164
627924
-6689004
4411468
3405245
-4096095
-1287395
3415395
109795
-7536835
-1790449
-2989974
2201632
-3040562
1133344
4550742
847392
-2492674
-4709621
185541
2632969
-4910846
-4915425
-1538813
-2850038
-368975
-4441750
1096376
-1404429
-1668725
294186
-468163
-1637670
-7029535
-4823737
232407
-5192663
-939331
2003127
624980
2923637
-4226984
1067302
-5250026
-2800363
-5925078
-1687150
978504
-3842087
-2962791
-2415812
-4411419
-3255624
299656
-417859
-160434
7470013
3042157
2772018
-3789451
1046192
976508
2140391
-506055
-3079160
-2555562
-5636780
-3894561
855459
-3383127
1257579
7086274
-3982094
-3578848
1790649
-1392536
-2074106
2285836
-4277736
-214348
3299500
-5143106
-5713632
-2882461
-535128
2647371
1807723
515492
2785707
3639284
-6767949
5122864
-5102201
-554778
4834208
6423214
-831749
1076785
-4198098
2110247
-2889187
-8142546
2629646
3207756
-1119764
-3527615
-4574512
1790639
-960282
-3585244
-6590600
8248236
-5878210
2364143
352908
-1614751
-7261719
-5202338
-298867
3404941
408270
-676718
-7925354
-1074421
590008
3183824
-5016922
2864867
-2924929
403545
-1943315
-2928372
-2469609
-3463605
-2999467
-2353212
-3269833
-90080
-2947736
-4373599
-3938820
-2919913
5547860
-5131218
-4220908
-3226031
168326
2572505
1085681
4697033
78152
-3006950
4743844
3785137
-4355757
-81446
-2632738
-256486
6464656
4632907
1339326
-2148257
2249507
-4190043
-4972398
588386
6193762
-5212394
22490
-6822519
1445941
-976836
-562116
1999019
4059954
-882372
3727694
-1219284
-2927191
4853886
-4770843
-2848289
417856
4560950
3209827
140552
330250
-1979981
-274461
1426316
2243959
-3696276
3328879
-1266514
-52300
2448812
6652957
-7445749
-2441572
-305294
-2367951
5126721
-2175401
-5350533
-729282
-2334742
-741247
2764056
1258762
7113085
-2196321
18909
43144
6727280
473638
-3566237
1998220
-4608230
3326523
-2092047
492692
-5192460
-2546605
-3556725
785773
5932620
-5916174
-5889246
-1305968
-3494561
-473144
-5129724
-697970
1166295
5047560
-4336447
-1810484
-6384456
-1637392
-696149
3351223
5165030
-64076
-3405507
-4220596
-4842379
273820
-4097991
-1931266
-5617801
-2533956
879071
4901617
5549895
2720083
-5725159
2208300
-637854
-2481866
2504230
3691508
-1536180
-5164309
1133374
-399793
1637523
-3455007
4712869
5269660
-1692815
-2642070
1698239
2350413
-734018
3909995
434467
2618387
-2667979
-4034873
-5328452
1178810
-3305199
-2349452
-1664486
-3054687
-2445623
2765209
-3590682
-567196
-2719469
5504662
-480626
581916
-800004
-121853
829801
2971683
-3800592
-433350
-1784939
3799576
-3052486
-2160840
1249124
-3463963
-5629681
1812845
-1944015
-3053034
-339249
214958
3011204
-6519557
-1548963
828607
2550802
744632
-2348320
-3400336
-3880176
-5546250
-6173494
-1377298
-1880836
677713
-1143518
-101801
1222982
10379
3108053
-1561661
-7626234
1110370
-6752461
-3849351
-4117700
-8147548
-2603334
3524832
-3500480
-134445
4505497
2045680
-6417636
-4895416
-4023666
363290
4711185
3592702
5517988
3755247
-8052302
-5267981
-4269300
-2350212
-7167686
-5688747
-4825563
1695732
3684050
-3928899
10603
948747
-4145703
1394757
-2861802
-3451749
2845613
-2851019
-6937720
-2379695
-3675153
-1108282
5093454
-972935
-2472000
-1899406
1627055
2290106
2509593
718566
-1061072
-1194338
-4087629
4937672
-1423510
-3257958
-3818020
-2253688
827567
1558042
-1780312
-697228
2347212
3002029
-4773624
3160297
-1475109
4830928
1235887
-1185065
1413146
-6193145
1888741
-1690766
-454
980606
-1329963
-1881099
909055
3118286
-1729928
267576
1801292
-7466002
5771203
-7917205
-7603186
-6989446
-3449951
-4784964
2229968
-4823434
-2603548
14802
282784
-2597584
-4272086
-2354471
-3817641
-6764725
-1004141
-8143443
-22717
6289733
-2454404
2447322
-1247673
-333809
1019420
-3791243
1587939
-4769875
-3205124
-4495876
-3371241
1862365
-3522666
3272897
-2993723
5916305
-299487
1096386
-4967782
-4296263
-3066603
-4970681
-851291
-815797
2666713
-1829532
-1933643
-6159415
-3988069
-3339333
51685
6544741
5108398
4452201
4608641
346529
-412885
-4951230
-171862
3115114
-373772
1233885
-528604
-2544835
-2026601
-4131443
1593612
-5215996
-7857006
-5458071
399975
731731
-1898194
1469409
-1630762
5880272
-5353277
101757
-2596066
-1124995
748085
-2359018
198394
-2235489
-7176384
6031793
3445383
-1646499
-4134001
-4654829
683070
720626
-3531824
-1899484
3543877
-2135498
1658095
-59366
-2207737
1186143
5383098
-863516
-1504942
4718889
-2635695
1250459
1684987
216585
-1458057
5869520
-1369435
1492329
4141409
-692929
3214968
2187815
3070865
2383425
-1043314
-3832874
2111134
-2440979
-4474033
-2714568
-4338911
-2447437
208736
-2201307
1216778
2533742
1236593
-1496692
4579997
-7549836
5390662
-1898413
34118
-2399765
-135295
-6384886
-4459988
2620078
-4276286
-1160514
3610425
968228
-4786940
-4977087
307623
-6427981
-2506633
-136580
-338996
-4088658
-7297183
-1332665
-2028393
-2404991
-4280
-1668436
-5174027
-7054456
-8497364
-2059322
4592383
1233831
-1259512
-5981338
-2154099
5046523
-7812506
-1829292
3139718
-176261
-2345833
2853646
-1205554
669501
-4488934
285324
-836
-877902
1210600
503285
2727774
-568556
2733498
-5868047
-2793970
9313917
6836118
3705166
2192582
-3207957
2225513
-4496470
-2785643
-860551
-3256105
-1649459
-3095444
-3646937
-2202549
2217382
-3444576
-4494684
-3284889
5255808
487191
2835407
-8741725
-594487
-2181847
9204610
-1959343
-2796439
-932100
-7509533
-2763025
-920207
-2319168
-5562614
-2924912
5197396
-4327653
-2816447
-5122225
3252570
-4203320
-4961383
-5491082
6630555
341744
10214
2303028
-2760057
8228411
3351475
9376319
11915
-3335569
2493992
1222401
-118557
-3494366
-7321274
6948605
4203239
-3270217
-2908965
-15302
56672
-2004494
277383
-2075954
-5075006
192213
2333975
-7893167
1424228
5776447
-4960268
4067719
3054619
-445495
4628735
2396060
803033
1588583
-4522585
-4804958
-534359
-656538
-1031807
633325
2970941
-3443501
-1502564
-2628569
23242
416995
-2041159
5474773
117025
-2874177
-5610523
-2202852
-3499364
-3205679
3742303
901872
7020230
-5216758
3260597
378472
-1698078
-3318717
-2010583
-7046028
2109761
-4233196
1726157
6528727
924864
-2194068
-5364396
-2338002
-1648255
-2061891
743357
2244446
-2576784
-1595848
2847406
-1851021
2812520
-4252656
1047778
-7509740
-6017845
-1763965
-1410657
-3593385
6070709
-4902976
649782
-295609
2943331
-3804791
-641671
-7749520
-1185320
987497
5383175
1529502
1485748
-1280294
-3100652
-6807227
-3289117
-1372198
-1469364
-1407361
-6536725
-1719219
4268296
-4471091
-2732218
-1314444
-6058192
1066478
1649783
1557883
-6968918
-728846
-2729381
-2861121
1904611
385292
492825
4430922
-2908312
946362
-3190767
3255345
-4229643
2577601
-4925873
1520536
-4581069
-5104406
497618
209751
-1484710
-1108777
-1114607
-1777097
-3538830
638066
-2593028
-374921
4131816
1208209
-2571216
-5430586
-1024583
1154663
-3910473
194431
-4200548
1380496
626546
-7047811
589876
-631954
1923446
2811587
1265091
-2483546
-3228906
-1924541
1691085
-472548
-7112487
-2074286
-3438319
4361576
-214766
-6596071
-1878394
102624
-6784314
2575751
-732550
988648
-5499675
-4309402
-2436458
1905056
1861304
957824
-4202135
-3143440
-1914274
-488397
4830368
-1452292
-2622766
-7870087
-5418286
-3117389
5253181
-1028193
-2124159
1668836
211832
5259963
-5741872
-3791758
6345045
-2235202
-5027164
1981314
-7832844
44945
4020356
-1236726
774923
3310542
-4683581
4187042
411455
-2457179
-3093396
-7629890
-1648503
1012683
136378
1307093
3635541
-832985
-7039430
7542864
-2917359
-185321
136570
-159812
4378116
-2710283
3941572
-757005
-5033696
-3259703
4408458
6476
1554494
3186067
2121913
-579331
1112013
-5736949
1933740
2302236
-1514157
2680089
18840
-3074357
-565807
295704
-5772194
1829123
-6755502
-3221826
4605080
1530005
-2666004
2344590
-3530397
-5596485
-322652
-2640714
103457
-1996769
-3284846
1687331
-1865290
4353888
5360422
-1915377
-1343125
2048265
237809
8044267
-2038292
-2540574
5463483
-67500
-3907426
-4759099
4323326
-2230072
2621993
1344441
-3941074
530032
-2678272
2959916
-5353984
-580514
117502
-2365197
-2122507
-4690948
-1399953
1207517
-3093825
1720812
335074
4003661
-158166
-1684388
917215
41320
4073703
-186800
6349770
-5943055
-3359912
-3479220
-326165
1409643
4285403
-839210
231277
-4363828
-518857
-3025330
-2561076
-7045999
177819
60269
-3203417
8968353
-201745
-2087869
-1173417
234278
-1098166
-2752854
1274242
2903728
-1745633
-1702864
-5192487
-3664104
3867176
3959459
2858766
5591314
5434490
-7957525
3834053
831449
-5801392
-3374446
2671951
-927933
2274874
2564566
-6126412
-4267275
-4932400
-3849516
-246918
-5352139
367032
361327
-738920
56993
2877459
-1243199
-1906009
4549397
952364
-2585943
2903317
-4291356
110592
1943979
-601562
5701848
-3799577
-2336471
-2904336
-1330934
-2142270
5577873
6535494
-67411
4101280
-2171930
-3310379
-5383999
-284866
-1516108
3597976
-4251180
-1167977
6086327
-2060098
-1512264
1268796
-4125117
-5420428
-2233142
1638882
5252395
-5806177
-1393082
1316657
-2797148
-2338905
-1774014
-2854807
-8834145
-3758324
-797232
1377145
-4454241
-2759863
-1889197
5842737
-1733446
-6146299
3471866
-2482645
-175704
-649786
-3566100
-4343230
-2897671
-97008
222421
4938638
-4237595
-1528107
337714
228885
2872065
-4833445
-6518229
2462120
-5319689
5862129
-1400099
1554781
-4146459
-2707410
-1625316
-3806840
646610
-5249463
-1496183
-251485
-4902953
6433420
-4204643
-2519371
-6086735
-2426492
-685604
-4269600
259421
-465884
-4573086
-251597
-1529562
-5130763
-1245107
-7004957
3122869
-3597525
-909693
-2180905
-5498635
1843307
-44036
-4409943
-2775982
-1952518
-3097061
269908
2195823
-563746
-1116477
-2015437
2280128
-2865140
-897583
-2876473
-7841987
-1599461
-193483
-2000410
-7540147
-730612
-2967700
-4612626
-4107785
-297667
-2104369
-1828650
1222469
-7828291
-5044986
2301329
966541
-2799731
3352584
-2993203
1082183
-2802386
-2482805
6421956
317157
-207029
-587657
-5580436
-3310722
4250125
260628
3293286
4377475
1451662
-548484
-3885592
1533339
-3276950
-4409797
-3072379
588104
-1474911
-3224104
4505525
7136089
-3135101
7960121
-343258
9557535
2294830
3157556
-1345463
-5693167
-2033534
-4657943
-6562977
-2318569
-2553824
113450
-973690
-4435670
-1981583
189163
1229523
3845678
8297993
2869015
-4913757
-6718057
2840263
-6172637
-2947102
-2478952
1245109
3244383
-2387831
-3268153
-782769
-832570
3518
-5799343
-4080437
89198
1764914
-3875513
4171871
2753620
1542194
4320292
-2225727
-2188734
-329059
3864357
-1964404
-4094139
-1918526
-663489
6976745
-2083151
3727749
-1354400
-3566476
-2201482
-1481965
2185646
-6794783
-4532666
-1388309
-182073
1900153
2651493
-2916813
-2458752
1346204
3410900
4523561
1715435
1335432
1743414
900332
-1560932
6128357
-1071738
3241492
-6627283
58327
-2913592
-564395
-2686936
-7245055
3182500
-198658
-3690925
-4293888
-7612335
1796426
4945035
-4079363
-1369630
-3476304
-555058
-344846
3490231
670666
-1308294
-3794593
-1649253
2527893
-1645345
-4757824
220681
3758411
427076
-1206367
2970130
5360307
-728892
-3617097
1500532
-104843
-8906621
-3936553
4063870
-3257901
-5713502
2409403
901685
-6315530
-950498
-6739225
527370
-6994421
4405549
906154
-4023408
-2045694
6668753
4614556
-2419294
-4721647
-2536645
-3357201
2224780
1389414
-4010272
555971
9061452
7583294
-2781011
-4102142
913096
757511
-198113
-4569229
-1853649
6268559
159013
-554983
-140626
2862494
3254589
-3077738
1021182
-3740311
-1038596
-7746948
-708079
4977132
-978329
1659942
-6508714
453996
-2839348
-6118228
1326947
-5118211
-1939138
-1330991
2163130
8940685
-1285583
341752
4869764
-4547427
2008482
2003272
-535487
-5601262
-8309032
-3925960
1077292
762890
5755449
2574714
-1480570
6224399
-379211
-4840600
-1074666
-3933345
-714536
-3021993
-273424
2599630
-65809
-2007012
2710411
4833736
-3436574
-4746370
3301428
-1618652
-762936
-794101
-5379955
-3135521
2618653
-2892928
1073919
-41377
-3652792
5627727
-2579127
805055
-3761469
-1229171
-6438281
920454
-5587011
-6477162
4060338
-6250966
349745
-5604031
-6909860
2019386
2308404
4526897
2011228
2625008
-3059626
-1839396
33793
-3654547
-2642584
-2361416
-8221420
-2393088
2033578
-1760380
-5358047
-1805550
-2165759
-2621789
-2045167
-5027033
-5617719
1684749
4239844
-5672655
2706146
-6906821
847956
2434458
-5935789
-205897
3713033
1372381
-1262107
702688
814665
1268562
1862748
-230763
-755656
-3291307
797640
1858574
-468561
1012219
577798
7480391
-8239377
-6507073
817949
-2191504
-2096142
-5126150
-2602710
-36973
-3922748
-996276
-4808790
-214221
-3755074
-3639761
1409978
-4478285
775856
-2478895
5036134
-2680015
-2386583
-1764547
-3136635
-1580180
-6075721
-4840654
4095192
1136816
-240809
-1602484
-4281121
913194
-7988978
2045783
-4130011
-237914
-2990119
-1876911
-1563327
-230232
1365298
220383
1535616
-1321369
5539399
-3007572
3296777
-203837
-1768163
1538843
200709
-473523
2732717
2489906
2677841
-2899409
2895187
2333319
-2567442
-6686374
-1424157
4872554
-103460
-1055384
-3590794
-468979
2092073
-2427538
-6139968
6634251
2220694
-228170
890547
49842
6511392
986776
274337
-2507933
2782792
-2585672
-4284251
387535
-4517046
-3315205
840108
5602148
-3919830
6176457
-2755936
5313872
1030939
-1384914
869301
-1275042
-2459968
803965
-3809891
-116850
-1121798
1268421
-1468446
-1593158
-1761685
-3540804
-675694
-6848504
4296492
-102191
255103
-443286
2017167
-925836
2042275
-1028887
1197327
-5779902
-1707959
508303
-150026
11476
1954286
1125019
3925563
-3885672
364749
-1988502
1796916
-2404273
2014196
1924564
-649269
4163912
-1970494
1692473
5008726
-4687967
-2710637
-7529887
4462790
5475218
-2240667
-2071063
-6206008
-3850969
-2158280
-1616825
1305403
-3877577
2243475
-3554324
8694485
6132607
203294
1308271
-2748661
-6980971
-8363851
1764762
713521
-2907285
633085
-5981800
-1274672
-1453584
-1754469
2728450
1441622
5263729
-1029725
2380511
2461795
4730998
1948406
1652645
-2636703
-4379636
746706
1968396
-859595
-2066562
3429194
-1721568
881057
-626938
-4217888
2030423
-4601184
-2454833
-1474181
1429326
6418881
-2230286
410226
-4397640
-3822036
1599310
-3098627
-4934600
1747006
82601
198420
5092831
396835
5108865
-2946554
-3776993
-848134
890076
-4361343
-2541032
3509230
-6943938
-2372788
6187590
-4189705
-2116755
-1204498
3667800
-3551593
2450192
-2268002
-5356445
240039
-3639086
-4577759
6683039
-1734445
2992550
1990814
-5731556
1632296
2247303
1394971
-328555
-2725716
-1814218
4466564
-4209441
-1901180
-2774811
-7715569
4653585
651112
-5751533
815707
-2975279
-1697264
3912325
-1662303
4835659
-2361400
-2308471
-778500
1401840
-42028
-6679096
4703569
2183322
-6044475
-4662901
-2446204
-4337228
5710862
-5146331
-2784939
-3569216
-1773174
-1580114
-277858
-2859014
1179345
-6590827
-1859272
-2064248
-4975676
1483794
3439816
-2544209
3175217
-6243947
-1073175
-3694094
786701
142590
2123951
-5965232
-2729342
4620469
136620
7094660
4585258
-2692446
-7568290
252183
5010140
-2394354
9847
2838142
3376094
-4184920
-556011
-2334202
-2314856
-1743334
-155464
101158
-2830387
-7228134
-205981
3268529
-4740809
-1666998
544324
758286
2751496
1845204
-2662328
487958
-8863974
-5874579
2939224
-2711164
1793767
2747637
2960640
-6509415
-2405886
4931432
-2171280
-6062397
-5966719
154645
-1873607
2078355
-841789
-2015377
-1762818
-1299815
-1473457
2431203
736660
-270631
5726341
-3528631
-4062882
982412
5666709
1474211
1490394
-3935936
2836489
-4890538
-6190421
-2284293
6028267
5751868
-6887084
1339353
3869674
-849991
-3179633
595765
475392
535314
-6346885
4201939
6435681
1001701
-3078572
175108
314077
-6549818
-2883778
-346207
-5425463
557270
620133
-602748
259584
2139071
1927022
-6550473
3700939
6622066
3111989
467476
-1077572
29202
-3518824
-2414899
-7699169
3383926
-5347352
-3593644
355501
5652171
4990088
3626626
-1255214
-1704858
2786880
1336857
-3492299
-151542
-866393
-2758265
-3485705
-2623120
1356799
-533732
505276
-7018656
81343
-925249
-2312065
2316863
-906498
-2438634
2283150
57366
-3046665
-3386017
-4055160
2617299
1372710
927456
1204882
-2277878
3717985
107421
2025103
3469254
-2861450
-1688993
-5358075
-2101309
-1892640
690815
-941949
-5446735
-2955364
8577967
-3937520
1840793
2732728
-501801
-4832709
-958674
-3496166
-1066971
-6907245
-4971908
-1659114
-429122
6332796
-1797428
-2126308
-4512460
-276630
-257356
-2858079
3173175
1850534
-1886612
1311667
-6813069
-2208895
5304256
-200083
-1222858
2408957
-5880722
2698859
2205554
-6116418
-2833553
-241871
1870479
2627604
-3200480
-1735446
172283
-2518095
-759314
-5852861
-1967608
-2579844
-1254368
8924079
4780975
2022759
1660617
-865407
-5003175
-4280974
3048326
-4591055
5835045
5532814
6375186
-809
3230930
-2824055
6157457
372911
-1707706
-1897966
-6880019
2230381
-299913
2977171
-6787321
5315761
3142276
-1788287
-3068816
-1113172
-3629635
-176621
-560010
-899123
-5328737
975462
351902
4716540
-7296502
1261034
-5658037
-4081992
-5500561
-1421497
943618
1536939
-1736759
2846878
-820098
-5074279
-3690644
872440
-3783921
-5286723
-3203910
682704
7103488
-1155329
7761619
-4392261
-2398024
-2593270
-1186115
-1439711
-5928091
-2905447
-5826882
-724638
1048872
-1023276
4873738
1808966
-5287817
2594269
-5853603
-2776940
-851568
-2971529
-3429174
622197
7483463
-159160
3311803
-482985
981004
3760024
-2992942
-6486546
-82225
-2536408
1299027
-369969
-391825
-1364908
-6264898
-4127486
1469251
-876028
1752648
-2634223
-4558763
-369485
812244
-1336351
7084049
-7429667
-5709234
-6046466
-4008791
182502
2145863
454240
-2416509
990796
772100
6555641
-84870
7574500
3058964
667326
-2800176
-246751
-7384323
-1392939
-4031021
-2953756
2908959
1259123
524909
-3193657
139803
2369592
6165821
825940
1174792
-257626
-1229947
401379
1951610
6264869
-5758318
-1736403
2232705
3722253
-1284452
-6543198
-1130529
-2165979
-2275615
2089680
-633147
2128053
5070188
532266
-7994938
1647978
-5523256
-1158108
-3799316
-496189
5062381
-769320
-7554982
-4830975
-4734928
-717259
-1449863
719855
-2077231
-4938098
-1240842
-1875808
-470979
-8774013
8739303
-4573117
2102087
-1580880
7073641
-140423
-2092773
-6353676
-6208177
-6726507
-349543
-7983755
157789
1965032
1036195
-1276280
-1452520
3487853
7111233
-5295122
-842120
-2571006
3983840
-290929
-1338930
-3768068
-251881
1074948
4229559
2408374
494166
7763511
3001673
-2136814
-1147746
-366097
-1944899
4771861
-750742
6633010
4091304
-4310321
1736647
-7756073
-3243964
-3354484
-4533413
-827305
3873017
-4421022
365337
-118046
-1929158
4160375
-4766411
-2085746
248215
890545
-1631812
-2224001
6847633
-5766797
2438779
-3295157
-4295457
-1169580
702723
-517508
-1690785
4564169
-1219541
-47407
1480476
7751530
8458032
-352118
99326
1015849
598021
-3031917
-271274
-6403915
1606369
-2535003
-3717118
689072
-4357709
5591976
4834944
-6140888
6586322
4973544
-711642
-2684661
-275721
-2433653
-6616459
-2887780
-110676
2362224
-2194833
1188803
2388736
1165500
-4596425
-4443301
4518842
4810524
-1151128
5652586
3068990
-5793762
-3764792
2605476
-4058737
-6628265
-2401662
-303530
5091759
-4423291
659654
-2859951
-1337161
2575583
-1798896
-1966641
-5418038
-3736750
-2723324
-340485
-3591141
348135
36357
-7542291
4680950
-7072543
-1184452
-3492538
-7175185
-8968071
1136731
-3777399
2981396
-2230732
-4415688
-2993803
9254
76966
-2291182
-2834022
-5961542
2537113
-311973
792569
57226
5052436
-4122075
-2329350
2566014
2653608
-7761026
-3457621
3199558
2017814
-3124199
-552635
3457852
-2981993
4785808
-1648045
4500850
1178614
-2033440
6870555
1561631
-3619055
-1716594
-2032839
989343
-2627233
1402090
1840470
4754729
-5152226
-4644678
4600716
-2901101
2490913
6430977
2920293
945744
-2496621
-2968602
-2150917
-3359052
2021073
5208825
4535326
-3465646
-4891278
2099129
-652397
8192713
-327890
-2605861
854060
-1761725
2507181
-586856
6110761
2615929
-2241051
-5558919
5099402
-4734321
794267
5844947
-5761905
1666600
-9187443
-6871346
-721605
5184671
-30288
-1100036
16833
-4283299
-2402259
-3539262
-2095313
-57186
3352194
-3548205
-1339890
-4792940
5798635
752003
3402715
-3850279
6650415
-2490020
-1437238
-3025283
3736100
-1634211
3213352
-1747475
7160226
3540370
-2179419
-5582013
-4798685
1087008
4930085
726673
-3903553
-2251211
6225242
-6257371
-3205146
899123
-3309334
4198982
-4031854
-5016743
4980344
-3679115
2044016
-4138893
-4153478
5723717
3908624
-5152991
-569804
840885
-2161200
3487608
-696600
-6948573
865315
1853705
2613485
5424593
2632115
-6384093
-3002973
-4025602
-1090197
251796
-3009349
-1528579
2185555
166001
-1050500
-5382588
-5356355
1020439
-3235890
-1745137
-5962929
-2073686
-1016964
5315735
1459556
-3123189
-5628421
277102
3704812
1452283
2776660
-208315
3734721
-957757
-6205593
-21704
-4099963
2224783
-1359911
2839260
-1791064
-1243473
-1033919
-1498286
-3828393
-4909234
2849389
1358381
67617
92074
-5213569
-3775761
-5151243
490343
5444198
-3477980
1326864
-2262895
-1192165
2473018
1080723
-3585669
-665232
-439851
24953
859824
2363531
8251510
-3914181
-2936495
-821659
-409474
4722825
-4029643
-2548666
-5188626
8708727
-1337405
-4081009
4287794
-5809005
5027163
-4110938
-828851
1036301
-3315726
-2923859
1159761
-3106357
-1012265
191747
3156250
4716483
1807238
2627400
-221621
-399745
8245818
2845182
3142015
-5737433
-4472379
2717311
574189
-4066886
1572082
-1746701
693717
-6970368
2386866
-1329195
-2454799
4674326
5805560
-556631
3071374
-5043753
-1492419
7093194
962087
-6297135
4868911
-1981463
-4261923
-4778864
-1607489
-875727
-177263
-56060
2246014
746850
-5715186
-3187578
-2166057
4482139
415190
-3964170
-2066989
3867062
160298
4181155
-3003517
-413534
2069126
2578178
3646146
-1973618
-6633877
-5505577
100406
-7988061
81395
1289216
-2584571
9058383
-4383642
-1495378
-5629260
-686232
-1076816
-1755505
-3220362
-4602352
7068113
980824
-2701544
-2629006
-5329707
-434071
-4352656
-4198481
-281306
-842574
45606
-1324150
-6140337
-2696828
5747318
-2290055
-4361791
3396262
-2228232
-1428595
-3188773
-668911
339858
-1572479
145319
-2837797
4904161
-4186263
2172929
3301298
-2648208
-1440491
5349938
-3405857
-445454
-4002751
-5093999
573956
-334284
9793089
-30435
-2247089
4664549
640926
1095412
182873
-5703844
847854
-508007
563066
-2914817
806560
-98557
-5223017
-159875
-7503056
-3271100
1764441
4943484
-2197827
-1879605
2583668
-3672359
-3306249
-1755102
3801024
3986533
540086
1561544
-4687135
-4080299
3174120
-136571
9692823
-3007032
-2481352
4951885
-4309398
7876474
-5121375
4266435
-6121958
-4146947
-67858
-457162
-2777119
3985668
-1134815
-1582503
601668
-203115
244261
-1620474
-2992364
5928958
1521397
387819
3135521
-2531006
2379871
4918103
1495028
631430
-885252
-385794
-1053183
-4665398
-336666
1781338
-3866438
-1017486
4112541
-3099288
2468495
906813
178583
-4204983
-4564167
1657173
-1408554
2595900
6217080
1267681
-3612363
390240
-3839430
1206074
4558215
-1984346
-3034367
4384474
-335361
-6852037
-6504552
-2419483
-3549549
1970500
-5550478
-2571196
7321086
-1689966
8290097
1283702
-3524464
-5105835
-1744919
-1104570
-2635494
-2072979
-841152
196788
923262
-3075368
2454804
2207130
-7338500
762203
7680689
-2278198
-585074
1067051
-22036
-342586
-1604489
-6445847
-7321354
771444
2110102
-153671
-4170241
368136
4894016
-1867063
-1083231
-4366894
-2010932
6517317
583533
-1941278
4399744
-2825767
-1745987
8174524
-5117876
-2858444
-3993217
4446949
-1262367
1975495
5305816
-3581829
3487177
-1570080
-5275536
-1806308
-2481316
5084909
-3010344
5523536
-5138926
-4833958
2072120
1025438
6478788
2302143
-1022800
3990592
-4018259
2558905
-2847015
-3064265
6358841
-56668
-4638848
5901494
-6166629
-2191024
-2590894
-3090730
-5366711
4490632
-4302022
2763940
3967878
-6323761
2094450
6156733
-1468208
-1946910
-5148006
-2576555
4903755
6984404
-2376444
-1060212
-894032
-368422
-2658608
4281673
-1076809
-62205
-2639594
-3936101
803154
630012
5161914
4250147
3237253
994966
1262267
-1675821
2439455
-1513714
-3250184
615058
884669
2754698
-382108
6417738
-1486869
5300869
298348
-7842812
-1496070
1969182
2880280
7150235
-2814331
-631616
2977052
-482294
-46229
-639323
-3727648
-3459551
5214063
3613701
3362350
-3312478
-3707834
-97181
-916223
3964167
-3718536
531661
-2351147
-1543763
-6616064
2107866
-2760125
-6359066
-3794601
-528146
-1348173
1250122
3325043
3356549
-4262789
2941570
-3511374
-3943935
2216984
675613
4143115
-1950109
-4175370
-624992
2796621
6841749
-3337929
144708
176298
-4446276
3103277
123915
-496783
-1687225
2301055
3012224
-1715560
-2991978
1053354
-4761989
-1593305
1371098
-3371032
650268
-1752775
-3968244
4603327
-505576
-3062267
353155
-5830489
-1057033
-1909792
-3628762
-1853521
2298699
-4921601
-2428315
-4211992
-3283847
-4524298
4282400
-3045714
6285915
729806
7249445
3466108
6613163
-1990204
-2997553
-5629492
3041836
-2466138
3188500
725799
-1115151
-4082924
3693255
-6604603
3525494
-878373
-7373312
-2017635
5916019
-3159207
-539374
515674
1514224
1533325
-1936119
-1490704
-3526112
-455264
526562
-4728739
1615199
-1699841
-2650560
287112
2622367
2167525
1251791
3258375
4273239
-1729580
-1203190
4260985
-3904673
-3569082
4641856
791263
-2753090
3348163
1650267
-1897348
-3501259
2930186
-2045463
-2625790
-4265257
-21560
-5279982
-2853371
-1234911
-2424226
-2606708
4236814
2840176
9164187
-950438
1781179
482448
2039171
-2376336
574457
-5742775
-597957
185087
3423158
1833441
-76768
410312
1826022
-2939788
2460312
-5177332
5323035
-782966
187944
-3858179
-355935
-2822043
23514
63462
-6667213
-314070
-1590780
3005863
5114799
-4323737
-606677
2012174
-8261732
-882511
-1048162
5986258
421414
475310
-2024348
-3368647
-1894769
7550751
4896175
-144896
-3336888
2721826
-2240481
-5284420
-3539930
-3698031
1072063
-6445977
-7567120
-2315456
1754762
-3131167
-3691427
-4135818
-3427955
-115476
-696957
5125611
-4304616
5076317
4772285
-1825932
-4033707
-6032003
6368317
451109
916450
-2204887
2037049
-799793
-504994
261149
-2129882
1981480
-2425851
-3777764
-38256
616777
-4808455
2269813
-2700085
-2718625
-5987197
509061
-665166
-3157115
6148931
-587866
2179011
-415305
4357986
-1980255
2933358
7258450
214471
-399215
2539397
-4730800
3752320
-150173
-2125816
422973
-5129068
1218720
-1784816
3859448
-1640090
988048
-1012903
-4800517
-3443077
3906782
-8767319
2697327
-1307317
-4330379
2584508
1196376
1210155
728484
627640
-4328687
3605881
2419984
-2786602
3449734
-35254
6574618
-5442806
-7051777
1591739
-1422927
681613
-2601134
-3411819
7915682
-1943494
190646
-6071816
345916
2405101
3461836
-2961225
-2683045
2274885
-2507300
-2941282
70263
873666
4088212
-816713
-1057465
-263624
310313
-2624736
-526019
-508738
-6533409
-2600386
-1012795
2357777
-252631
141377
-3040048
-1715653
-3963610
-2021903
2625285
2277560
-2547690
-2898971
-1077114
-5770688
-4020953
5000350
3929871
-5136372
625342
282560
1437185
1269821
-1880977
-539965
3564720
1616251
-713732
999073
5372226
-410011
-3115579
4167732
160567
-1297553
-3989507
-3841736
594264
583749
-715560
3981807
-1241532
2199806
-2001636
-3373500
1128823
-3304572
-2246675
-1878093
-3235178
1469573
-2634
-3698672
1094839
-4317051
-3832622
-9026534
-2963693
-1887863
-3716027
-5358306
5930466
-2553459
1157357
-1445036
-6775617
-3330624
-3458950
71207
-1626675
-501033
-2667107
-2102227
-6461902
5092562
-1184316
468748
118633
-950478
647253
-3549906
-3437341
-4336936
-6581296
-1012021
-4105858
-1261738
-4813169
-4402976
-1188605
-2417751
-2054488
-1407908
545492
-1962828
-3560480
-151307
-3170325
-1303810
62084
-4423345
611062
-3628890
1154986
-1866471
-414224
3635374
-1018829
-3315039
1934834
3716540
-2500961
820290
146009
1831289
-3111697
-2542939
-49969
-693425
668908
-1578319
-4365903
-1129127
124176
2663122
-1236636
-4081605
-1540371
1048759
-3675330
5195165
567007
-2586213
5123626
-2979362
275217
-796042
2114414
-2554448
-6058187
-6557533
-589203
2539708
1301515
1316401
-489185
-3813326
-1709548
3208514
822952
-1872894
1069164
-3448904
730188
-5431972
-6100241
809689
9040437
-6134345
1437764
4557046
-6505282
-1197997
-1398386
775027
-3025834
-4201290
524844
441440
-943966
1762925
-40041
-2232925
4222202
8529052
-6792829
-4330673
-2354907
20945
-4233238
3483378
-6512778
7078
-7340354
-522908
-3466737
686076
-3989812
-3844168
812194
198971
10683859
3927488
-6794854
-4996
3249881
-3393161
-4067
2004200
-4101255
4273429
1292420
-510158
7908451
540365
-1041358
-205175
1752787
2524843
-674989
-897468
-5161966
4298663
3931599
-1401492
1277478
-4830986
5288007
-5037797
8428717
-3558332
2264386
-418605
-1111945
1057401
-1839450
3581946
4114939
4988371
-2930231
-6373118
-3379804
-1198036
-1280637
1978446
-577896
5840770
896560
2776650
-2501929
3409942
-241048
2154569
-4578602
528990
1681573
5582539
1987036
3221387
-432646
-4456606
-5411220
-2116514
-3783632
-7816022
-3159181
2552760
717172
-6908602
-1584619
-2491157
-1485509
7180565
-2123353
-118167
1727358
-1360284
-1901180
-4723529
3427435
869321
2058142
-634793
5424838
-5933446
666907
-4338858
3610186
-1603880
949704
3643024
-4438498
20877
1071746
-1664542
-6966401
-5785838
3714645
443493
1177873
8365126
-1092832
-1172363
6021
-90919
2328274
-110488
-3892545
-768898
-26995
857603
-1804910
1523727
3717678
-4448896
1040164
303456
803730
-4490719
2287364
555982
2283713
-2230806
5821492
-2193775
585789
-2445207
-1595057
1690709
-1918811
-6061662
6328375
2999495
-1321926
-1647718
-2393622
-2677891
-6357962
856464
-1405964
-1732298
3624068
-4201020
1673317
-2088250
-5595922
663603
5925550
-3447847
-4721961
113909
2855842
-2343141
-3093213
23928
109357
-2585241
-6345303
-149985
4432575
-2359786
-3024661
886626
5364133
-3608451
-1996457
-1965304
-3473366
684370
-131383
-3791384
-2508562
-6108703
-3077191
3793983
-1910971
-4871506
-1378555
-4462176
-3504729
2649765
-1076880
1452927
-4668612
-1128431
1057145
-4589274
-5797099
-3094529
-802232
-565464
1118475
-7816995
-2621094
-5221342
2036218
-1599077
3763514
-2886301
4969405
-3878300
19950
-2234460
-4914829
-2743318
2268651
2965327
-8374165
-1771140
-5701926
-1415142
3161833
-3094004
-6755028
-2757462
-486750
4509423
-3079163
-503574
-3145041
-1349916
1346364
1602408
2440973
-1085664
559113
-4618923
-3954825
989712
-3667619
-4335138
1377199
-7727254
-2298132
-6578663
-4447978
-2549001
-1236978
-4564174
-2335786
4022587
2935041
-2010197
5160690
-119634
5931228
-802728
3836467
-2544517
1621452
-1024920
3967099
-1246573
-1759921
-415690
-3149490
-6779053
-3166612
7423133
1909648
-246600
-1676166
-2848241
-483091
-145337
5032460
-4062565
-2657193
745716
-5620720
3260214
-4266027
-1079169
-4513357
3739605
-391410
347390
-2868540
2295804
4190187
-5261528
4890639
-2571819
-176267
-813257
-677142
4084315
1396778
4148946
-2931505
-2180682
-1833157
-959625
117126
-365278
7205750
-1459610
-2732637
-2517477
-5536322
-3115040
929848
-3062623
4686248
1774644
1036398
2022488
3003990
525080
730651
1836618
-3444867
720539
3655721
-7216610
-2513574
-1591479
1986840
1167721
-867676
-3582696
195489
3291123
-874921
-6854286
-1796265
-2405984
-5313735
1767607
-904270
4037649
-1192622
4555335
-1872560
1953945
1833025
-6208362
-534395
-4525091
-4117749
-2321159
-3679095
3255495
-4958304
-1518046
-3347155
88410
-2288299
-346154
2250168
1809261
-3828214
1974579
-8378170
-6022423
5652196
-717273
-121646
-1730942
-1659104
-882028
-3105447
-6556946
-1864010
-1994160
-5167429
736960
747668
-4160236
-1756701
-5730210
-3883772
860676
590071
-560053
3789315
9274076
-2143203
-2310763
4807598
-1296712
2460007
-3509924
-4393996
135829
-4806641
436121
6358
1174002
-3953820
1597857
18681
-4472964
-5024440
-3469096
-1532870
-2882008
1096306
2573703
-1550350
-3029901
-4597161
1489980
-2533556
-541616
-4678396
1480039
-95727
2538859
-1539804
-4695111
-1508320
-2852077
575827
-1425256
1670391
-1377627
-4955089
-1837128
-5815847
-1993513
-121259
7039165
-446938
6533338
-2616216
2948480
-3756821
-3895939
-2249923
2893338
-1204393
3716487
2630896
193954
6715388
-1775893
517111
-2710960
-4379096
-2585570
-5119528
-4747357
1593904
-2223934
-872741
-5548270
327707
2281951
-1021985
-3558866
1735051
-2397554
-3851705
-1687935
-799773
-4608616
6400602
4036381
-1106006
-6597094
-343225
586043
-3786263
1452793
-1842565
1320669
7767148
-3646431
-1303545
-1240812
3208752
1951723
540
-1111283
-2993219
7393586
-4607988
1402348
2472694
1100382
-2948139
4844452
1788845
3642948
-2391866
1571877
-5684880
-1229857
-3123445
-6600
-4007005
626149
3934081
4262198
2664372
-892733
-2427495
1749010
-86947
5212370
-92258
-904145
-159554
-6108950
1957756
1495761
-4801487
-1113719
3944731
-750700
-1484596
79890
-1109207
-184668
-2517988
-489128
-1916679
2958320
3353449
-3746070
-5665250
2609467
3879698
6285215
3478527
2849226
-3336471
4553652
2132120
11065
-4886345
-2786108
-6095054
-1846974
6542829
4159751
-317613
-384819
-1219158
-2713548
-4429082
5700992
-5054708
-1142913
740457
-356119
-1793268
-3430549
-5141789
-2610878
-1448761
-3693595
-1433995
3492136
-2463724
-2460883
-1137048
-1004762
-4126813
45135
637774
-2388044
-332936
1965782
-6214421
-714658
697712
-5548585
-9496657
-2498484
-3128715
2662638
-7950461
-7945139
-621009
-1685279
-4246499
3342656
5782115
-1615802
-812781
-5082162
-6802723
2817566
210704
-2548283
-2189867
4622627
3059217
-6419719
-438138
2518919
2943681
-2158169
-4734351
-4114799
27478
3434180
1600792
-1733711
3035337
-3398641
-1239433
-3699361
5188906
8888501
3531361
5123538
-2031646
-6016185
-3087508
1644632
-2677716
1973779
420000
2063784
-3198700
5000285
-4917230
-1797522
1212091
1779859
5629918
-337275
-1779603
-5013122
-887237
-115048
-7067215
564526
-3332719
-6600649
1781318
2865353
-2379831
-4291091
28588
6291502
-2506178
-4223041
886820
-590866
5712188
-2461721
-4235355
-5126548
1268395
-2260190
1573541
-842402
1633911
1088325
4626547
-1584529
-7028771
-7910757
-6202965
-4775560
-2753246
7146186
-5050503
1581261
697049
-1183006
2129087
8687570
-6564434
-1148110
-1373494
-3996167
4275205
1650405
-7438218
4946022
28131
-3789815
-6509060
703929
-1850841
-2385611
-1981261
5489268
-2130614
-171780
3302185
-1708536
-271139
-4075232
-2513330
4832748
-2470516
-1981028
-5658906
-3860584
3019549
1893952
-6088530
3701752
8139007
-703877
1699229
-3373271
2613595
656545
-2460456
2725580
2923901
656478
3569295
-3253494
3282921
-4549388
-825579
2222874
-3243123
-3419641
-5105043
36650
-6072095
-3328804
1169385
1062131
-4092498
1384294
83219
-2827957
471779
-3530041
-2362350
547020
1307162
-2911029
6228418
4202008
-3387136
-3056965
4633003
-1156302
-4247637
188435
151865
-5487802
3174103
-836073
2848677
-1652047
3150229
2107402
1136547
-3088360
-1463035
3801
-5419712
2361690
1134150
-762498
7400658
732666
-4155264
2039569
-423004
-3150386
6114478
-2121748
-4935132
-4248560
-5653492
-1051049
1711877
-5439941
-417371
577075
-1975564
-1242345
4059737
-6289479
126144
7417217
3340495
-3961987
-6200517
730138
-4926778
360148
-2045961
-1764624
-2616741
3152718
3025916
7597433
5643635
789047
884133
-3312069
-2479
659676
-2101393
-1051192
4707980
597417
-6147668
1046722
2270390
-1434060
687998
-1991820
-2549559
-1820310
-3629644
-6562276
-4341199
1249373
5110267
1611544
3834520
-3254865
647174
171903
-305125
-2015484
-3090735
-4160827
164695
-991372
-3655310
-3657580
720810
-4886797
2265042
-1388704
-4193195
-4219394
-2680053
-3637802
2547663
2319390
900827
-280655
-5477893
4748673
-5958266
3571520
3068182
2745711
605476
2199277
4534709
-7700511
-2776841
1579865
-4272388
-3700825
-2484293
-880723
957470
-1667899
-29148
6182194
7184173
1800680
-3635899
3741878
-1750294
-4290292
-3358404
4498211
-819085
-7051370
3357450
-4318628
5961072
-1621040
-1084948
5779952
-6377454
-4140266
-2973657
1602108
5093258
-152548
-4243390
1503122
-340201
3357943
-3661912
-1893750
-1610666
2876882
910667
-972367
-4440089
-3966486
-800580
4573450
7303819
-5513960
-2180661
-1618080
1510261
1428637
4066074
1377159
-1803952
-694420
-1706960
4560613
-4363985
-1485438
-2194103
-663229
-2196460
2442565
-3283387
13572
971907
-380106
3065258
-456822
-733655
-1948543
-1200905
-3842780
6258330
3778015
6885086
-2855957
-724975
774761
-316047
801689
-724828
1342291
-2944420
-3074092
-1970201
-4099196
-433294
-4970673
-7512341
-525894
1258288
-854817
1037231
-125421
3362434
-6849396
3370427
599603
1332204
2055950
-4533272
3374492
233985
5567824
-3043879
543759
527298
-517207
-4486805
3570051
2998444
8052452
-5715907
-4920821
-2220063
-3349679
192514
-5894228
-2287590
5740403
-4532248
6435761
76613
1464405
6559156
-149761
-6560140
2962220
-7942068
1271235
7041188
-2839177
1189529
-843863
2064385
-1889893
4429865
-625262
-4790851
7432537
170449
-5189729
-3625610
-889660
-2408210
7571203
6134353
-2807744
5974209
-1475235
931578
-597513
-2227547
-5943618
-2213410
-6976120
-2050052
1029223
-953033
9478312
1092220
-170423
-4031289
-373420
-2640077
3435208
-5238243
-284935
-3780094
-2788142
-2306237
1362944
-6223250
1711113
-196457
3489580
-5504430
-4906356
-1481539
6395249
-4752169
3285622
-623708
-6232076
1383976
-1324420
-3594094
-1217578
-3171243
3914371
-3130560
806435
1416781
-1729580
-2390192
-4364906
2328490
-1198542
-1396587
2071605
1297056
-1277589
-1325163
-2937413
-2843923
-2789726
993472
-8191328
-2194085
-3747493
8999798
-3204331
-4000471
-6183891
-2835479
2410001
-2902811
-1736558
-2492423
-144707
-3671131
-1066427
-238893
-7000127
-2071298
-2172768
-2950261
311132
-1709524
-3315764
-1038294
1841604
-1808626
-6881241
1846628
-3508627
-1328338
6650988
-4082054
5505537
-2143911
99258
-4476876
-4816202
-3302879
-246220
-75878
-5718729
2185234
-3040078
850711
-3341862
-3940454
-517687
-3388739
-1391636
2759131
-4117694
6526198
-476182
-8532637
-1780593
570683
1953096
-975630
-1761154
6562609
4940712
-6024673
-4246808
-4066645
-2099941
-5052921
1755091
-8736174
-6292380
-844531
-159150
-379350
-2556305
-884121
-3684763
-2935846
-4850178
2776577
-2293043
2074668
-1266046
-6916028
-2818602
-3714428
1614263
-1488847
-5384394
-4236184
7150349
-4452809
-4169330
-2682397
-4547614
1094791
1040595
1219260
195299
-3089221
-4549024
-6319
-6974532
-915202
-6458403
-2269929
6394673
-475230
-494459
40572
-3106116
-1068626
-604783
-1858440
-3486775
-2704351
6138225
-884414
-2142312
-3778183
-3603846
435539
-4975362
-802731
-367842
-999581
2029135
450588
-2679849
-1948318
6285486
-2172172
-376473
1426513
-4890305
-5466023
-4556606
-9801443
1659378
-1392722
810972
-1543841
-4805886
2649070
-4683747
3585355
-448441
495301
-5848500
5179750
27271
484613
-4510712
-6601530
-3446975
6671347
-4058313
-1613913
870295
-3209441
-2329813
1265017
-5221391
-7304090
-6655966
98541
-290826
-1057977
-1460238
1777569
-2145639
-7964289
-5831509
-1303010
-5473588
-662786
-2995956
2469845
2038302
5932200
-681929
-907887
-2272285
-164684
-5587451
7484311
5068900
-692944
3270270
-4384062
2566115
-2721828
1975462
-794932
-5927680
4123262
-5970634
-2309763
-1297465
-3894616
774001
-3347925
1742454
-3815546
-2257054
-1404451
-2285857
314089
3349301
-119549
487297
-174690
215401
-4015399
4895759
-2406547
-4297401
-5679185
1729972
445962
-7418159
379079
1839748
-5500272
6396799
586831
-1836560
-717774
-845542
7952036
854893
6652584
6523433
5374152
7011659
-4259658
-3122678
-7751166
2110763
2932303
-212982
1689872
-3334356
2803946
1136926
534762
1051135
-3798934
2504065
1054112
-1905049
-3398358
-6459752
-1928325
114176
-13993
-2803051
-1453047
5299978
-2202657
-2624543
-4173489
2431300
-1337259
543312
6043662
5058170
7183650
-3082513
-3861256
-688134
-1064849
-6198965
-1441657
3330808
-3244859
-6904457
-1916842
1558264
2329135
-5001771
-2096593
-4462771
-1037625
5604624
-3455433
5449730
-353385
8277906
7188547
-1463568
-2519351
-1191735
-8073506
983080
-1885342
-2600155
51648
2057832
-2462046
-1288958
-5620605
-4458328
-5429607
350879
-2042614
-3658868
3804086
5831852
-4310372
-3634729
-4434693
4602510
-5762432
-3972176
-1222816
-3484570
833767
-3400845
-1040645
-2523386
-2901260
-1346515
-7270118
-623709
-2852350
-3894938
-2959565
-1569379
5678407
4458643
6297892
4674528
3788677
2377551
19988
-2587476
1343641
775710
-3082826
-4533922
3664789
2775453
-1017242
-2025729
870590
-4945229
-3036923
-5001759
977565
4463424
-7200331
-1955372
-1229551
7585828
-810311
-3621228
-4985217
-1215092
-3077009
-5970985
2062902
-1665826
-3198627
2709389
-1039924
-2571921
-1354939
-4593351
-3053045
2174514
-1382182
-1121937
-3565688
-1784611
-1698433
1194123
-660643
421798
-3197907
3054380
4998446
-599385
-18722
488527
718801
-2565999
1118444
-570735
9724857
-3863488
-2914529
-4076687
-1032732
-315142
669031
774692
-1751659
-558507
-2382891
2072888
-3218020
5350771
-2423278
-6799628
-860716
-2791677
-4614449
4955755
2231240
-110187
2750538
-3419566
