4885094
10923425
7122614
4466053
-3616053
3511331
3648292
5687657
2547016
1901941
2595905
-16750
1096776
2057422
9429496
9574427
9938380
7738841
10691865
6676049
11166252
10467627
8275380
4580846
6419628
7387769
1630302
-67875
5442744
-4133287
5193425
5116161
-3596134
7384673
11270546
-1344539
-421294
4469879
6657936
6914896
2063667
-193943
891099
7906180
7935273
4004867
5202767
1808701
6153579
4202713
11642826
-2075248
4754940
5962757
8859511
4231293
6355639
7947885
7461948
4745810
1878436
7315369
-1537988
3494322
2261406
8596458
5559798
1043052
5371536
2051391
2409383
12814783
3613209
12594467
5271756
10207258
11156006
4644434
1038055
9718906
8668079
3382349
4608650
7655393
9483299
3752087
6417435
4117185
7645632
6377885
1439197
3882224
7184305
8009327
7973836
3661504
8491033
144297
91763
9355088
1747479
4791701
6874164
-965514
7253726
8727760
6649489
5655825
3171488
-1452443
2805124
5819449
8746425
-2843337
12958049
-3601350
803952
-3315416
14732339
3853085
10550052
3286379
-1738272
5076009
-1488452
5488971
-4325716
3741010
2805056
12424193
3678949
1987918
11219603
15096577
2292376
3780126
6215240
1572193
2877578
8994539
9039400
9543811
1724249
2290178
5428870
-3721538
2242483
2872050
5926560
1296842
8609342
13214683
4968691
3496710
-19290
5317229
5836716
-2349468
2548531
364469
3363837
11596323
6255943
-118071
1973179
1934419
5238748
-1359085
6952754
10139786
4237811
10667792
4211028
453708
2461574
4222622
3406360
-509866
13796812
6196952
12745371
1453737
8376419
98264
13001710
1352267
3724747
4571789
6155158
14576197
7962290
8278796
5571822
5631996
-428544
7044326
10228006
2383743
9005127
1907991
2913304
-1041302
-4530374
8512657
10430468
939999
13144505
3673280
5895997
11479166
9106011
492656
432353
3008170
-4019583
1870165
2961896
6223053
3589524
10199553
2889393
4035244
5675453
5336577
8165486
12141258
4591841
2783812
7283816
8431379
4585698
5482576
7222545
4572862
5243559
386293
2238456
5387171
830628
6807144
7969830
3154574
12561822
6987384
11492518
5992404
7517939
4265680
2867230
16428777
6206691
6204818
9989213
5427321
8166855
-488193
16399428
5542560
1363207
10863106
5489813
-1181731
3637245
15856226
4109897
-377760
313011
-1336049
6576696
-114895
4884625
-493296
7175890
3473498
97
11679062
9967500
13571701
-4524741
10627105
5417521
6051874
-795239
7824952
3129702
12540491
2609344
8748234
678929
4565285
7484753
2233036
2166957
5535284
11559688
-10270
-1564376
-2948526
5126722
-2830286
3656962
3057249
2412628
4675374
1039232
8455337
6250598
1355590
-1432695
5296371
6066055
7511635
753992
4905258
-3969582
7437736
-4420732
10455234
1516396
7094196
980064
-211341
-2154720
8475289
6358597
5843042
4898849
5440538
2198654
4560421
847978
2538356
6819559
11103810
3847995
2326871
4770837
-1933067
5483590
9446426
10280630
1818434
-1200175
7861252
3977489
13742382
3725608
3139134
7323607
2398412
13269133
3071774
8499541
-762709
2651303
6477101
2850318
-1128370
13808887
12537757
346476
-176772
6000236
-4497919
576540
4593640
-582578
10494586
114320
11666901
7329105
14684
-722458
1022873
6543058
4193058
6601702
3941686
7340422
8467940
2606297
5762376
8770284
11661590
4559903
9744258
7163761
284383
4296139
12008812
11749638
5213863
1747051
7642927
5557335
5528270
5421650
2398532
174032
-2870217
-2675286
2666675
10930224
9288409
8514044
3527593
-1842719
82767
3713336
2924773
5795380
3543292
10600707
5063963
4685887
-1151866
7920527
145729
11543311
8301926
6393555
1855753
6052441
4237861
5851138
4119301
3483598
-2002437
7396883
3201702
5886433
2829286
2053539
-2847140
-2097742
9703991
7218864
5240768
12801426
10500342
1557492
283374
10102673
3255895
10493431
11115380
5193069
1296737
14841745
2165762
10834771
6726221
5678007
504262
755046
4172007
7232042
6922007
-275443
-798161
-909900
3850180
7638677
1612011
4062623
4995198
-2554146
2482943
16004536
10140831
8637346
-726165
-1545385
10103011
7297440
4395221
3197768
8208470
-1203
-2872174
230138
159572
-54237
9171020
2591893
6175197
4454918
255400
-3123578
4974439
8721284
3413151
3893623
7779231
-354716
549204
7176034
5844014
4345003
-1225894
2588318
9246176
1962588
8373378
4208897
13582757
49900
10473234
6678964
5678020
5116458
13440319
7728009
1513096
-49564
-782185
9712909
9703881
8826306
5995860
7503214
10731879
3151548
-424700
3781297
-863546
-4397645
2250801
2491423
-82823
3120835
2788629
1897381
93426
3076864
7786406
7501046
3234357
4756180
10589788
-1533766
6923277
-132353
-275255
-1366639
-3603135
1542842
8987870
7498933
4471975
10911890
8392259
2414390
10046674
5389731
7013971
-1567136
-2648175
10356989
11769076
-310655
3685166
7745895
5707436
6234540
1089310
1448419
8001098
5117218
9723687
7607962
4457766
710989
6261179
8792892
6729227
9544842
911897
3889316
7228182
4194086
221182
4804569
8868635
4397849
8334706
11496287
5059495
8758073
3436457
-715344
3056427
4417312
2299788
781539
4463271
3527128
2057958
9278459
7211499
13002370
6887328
4106313
1993565
637453
416617
8552499
4448082
3992046
14641596
15581913
8475703
12707036
-158202
1481502
1522088
1136780
10324332
5771694
2298838
3570668
101513
1263677
6219229
871499
2971814
8108123
-1159129
-2982909
10123539
8813156
3432797
723753
-2075531
-136462
5406010
4219480
8422770
5031797
4857142
13815036
6579447
-414528
5214903
3035292
4815021
5124932
5051583
1628981
5403816
4983030
3235195
-2966421
10690835
6072634
5737612
9048699
14226115
-1996880
3630501
5854102
4473357
4905306
5338335
5620485
6896959
7538
599015
3852262
3375950
7903846
11252788
4323188
887312
672639
8796130
2413824
5204402
351443
7571040
9684891
-2235005
-924882
11111774
-1322940
6864076
-2361324
5299194
11185225
14662463
9747032
-831199
466341
6147791
771424
-163825
3472775
-824337
6242474
5668259
462114
7019164
-1686570
3817829
335841
2028600
1896772
11165518
3646989
8919666
4920942
12979206
15589942
6615188
7639675
5059451
3217703
5083148
6435635
11476464
1671444
-134104
5731567
2817492
9179701
-1611243
6011728
306771
3472441
-268181
9137891
8863175
3604396
5307976
5194828
2414088
5169899
4869818
6414969
3163347
2526462
11992904
572484
1427551
8308931
10485193
-424061
5512060
6315302
15172067
-4655361
5922830
7986130
-2310501
6379304
2377356
5533574
8651713
-2202498
6159765
3761009
5774164
14814800
3821000
12453357
6179704
6091524
10355958
8091833
3849451
5767915
5275800
6418173
6733239
4572267
10743832
32910
4734158
9010428
9567201
-159527
7466847
3518766
8794766
7802193
6297550
3954342
3992825
3876866
5397068
4566043
7335818
6711778
9284091
9274447
13956438
2027526
-3212686
3819060
4548494
1145781
3971075
800876
-2242323
3461728
1770166
9838897
1462489
360671
2188527
3411908
1465607
3587971
4268672
-822903
10457982
4494080
10122701
8883683
-1310492
9963799
3541688
3665902
4735189
3256217
4749321
4515959
2804633
9608210
-1948071
3325971
-1981263
-1176406
1677270
2188593
5953542
8986381
5779854
4544550
7957673
7241749
12529735
-227698
3470314
15190748
2263511
5754486
10403459
-1159798
6696933
6592819
5776822
6434229
5028694
7096716
-4479646
5260564
5567416
3651411
-2067206
8553246
478632
412663
11247962
1002997
8698596
10854201
5796984
9083101
-308464
914290
-2722837
5714748
7466408
2593325
5089037
11142980
9303293
10065180
9932287
6955344
7225221
1855242
664986
12601580
2702920
-873367
2391849
6590235
1614472
2711049
4806803
6026519
3978332
4664361
6528836
12901396
8990184
5245757
3726151
11404634
779634
257843
6234267
-3400192
6104993
6081097
8575481
5037319
1860545
-2495414
1082368
10256092
3704783
6902824
2445105
5513324
9589761
9653593
10206927
2620046
2650190
6965572
2781904
11433411
659025
3806866
14983938
6808673
1489696
-1653032
10910199
8180146
6401091
2845126
-54426
15816598
-798470
3137008
673440
12033662
2271457
7192490
3606118
2508617
4787092
9169429
3911821
4174465
1637354
3796432
4169012
4788948
9216210
-708507
1303187
6838808
12834506
2078060
699871
7186558
309943
3207468
3366014
7011339
2274228
-983763
2615538
5370912
1226849
5602400
4884324
-2948728
3342714
-3299152
492700
6609104
6349562
3094486
1434778
6142298
3513683
2054932
9358587
3992697
-359027
2989858
3939117
-1805496
2918312
2445300
-501739
751105
7950174
-228459
-302052
6858003
5092935
6822539
3113046
13137959
15211675
6769722
1686271
1868710
1822772
4627159
11815129
1068138
7372067
-724748
7107914
-35882
1766188
9349937
9224360
3946090
-1126076
2550021
4530440
3733281
-705065
210426
8205387
6960093
14135671
9156586
6021925
10243768
4328535
1460724
4037730
6513239
6274551
5318106
5017327
8607489
6891260
6020045
-133197
1406746
6909092
958872
4879147
10827509
10186240
5243965
1364275
3920701
-1640036
488370
7512117
1222997
3747417
8952896
-1303229
2934212
2653467
-332870
8889079
6465517
-2049659
6440677
448852
3223152
7690467
6140357
5178387
576996
3672587
1392246
5133969
8045996
1087698
6929555
9583628
8693197
4308787
9592390
11178287
1834148
8410199
-2433812
2382732
11545570
3859713
12610619
13676666
10574245
-2972913
9344080
3338977
1809939
6154347
2936766
6399553
9538994
-1984161
2637034
2923716
2586054
12485200
2673229
6851714
3801964
-301420
10372112
-1171866
11887272
5019093
1437515
-2359034
2744271
4356335
4610197
5168052
1137692
8043964
5728498
-3343897
6580196
179463
14861951
5883554
5490246
3594260
2422671
5787319
1439306
3810431
-1583275
5088415
463161
1181295
-185017
6654676
2771268
1904898
1317493
-2615507
885113
659280
316162
8617988
2047706
5797596
11519632
8466858
6453313
2310897
4583461
-500250
4591405
7112487
10973947
8407527
7499624
5180615
626247
7090918
8555072
167089
7790727
-2024877
1328054
911228
-2812012
1757518
-1444652
1062679
6029034
4380152
673488
4796897
3657665
3739238
8112090
2326913
1750209
5042331
4767005
2015102
4456870
3665318
-1595076
9348426
8090415
59937
-2594381
2515228
781798
-188611
3084276
736578
319305
5512798
1227319
8278788
6324179
1220281
2726329
6691276
10683085
4827001
7756388
5498980
-1610187
1959639
9900739
4789865
1965571
7278845
3716116
2695797
5202957
97391
11090309
6721367
12028359
3198789
15771
-456420
5894337
13359048
4427341
5236059
-2513434
53669
4513221
7545142
349597
6610198
7536700
-1641138
5061539
1172672
-2232883
13151628
5448499
7678225
12706213
-537878
2610655
4601001
-597762
-1870324
-2241293
8440479
7675905
13594150
8613631
-1423365
6850658
4269616
6792802
11548711
6781120
813429
2411954
1887053
13083907
9395009
6039449
7320002
5793120
4384472
-504240
3550439
7225085
5763644
3187437
5207002
3366150
72816
3114264
6214583
2126009
6649299
9400977
8344892
14192166
8944962
1809294
4670473
-424136
104597
-3813107
6905052
12057658
38498
2620632
1169697
8769426
8082575
-535008
5489602
3048975
5452372
2320910
380089
8469768
10918417
7994261
6384953
3086070
7273621
9678813
2974673
4031316
15257824
8301665
6838822
5141123
7648643
4628456
6500792
10519782
7941395
6743554
10234655
5775058
232113
6152566
-284415
6199963
-92094
4726779
10880249
4446934
6614410
3154938
4837698
1819492
566064
2048537
6276153
7977841
10466197
3488669
8385769
2623351
-1633025
-1550549
11886822
-3796596
3467370
3050832
9866865
709738
14045672
400372
4336765
3053996
1488878
730065
5273383
8705125
5917812
318371
6994000
9708314
-3018932
5244308
46693
6446886
6681656
2357126
-2032150
13635797
6618118
13245279
11119610
9928225
2885467
1645174
5100501
1835936
9840060
2362001
13374934
5729323
2128226
10855207
4704501
171803
53431
3360671
-863594
1858716
2624326
692940
3674463
1399406
5900010
5439214
11073856
3054867
10904020
-839939
6239121
880624
1069849
11497436
8836420
11710037
13775096
9678867
-1793664
-1059628
-3045770
7513324
3692315
4784136
3909192
9352496
-1622775
3345719
3935782
12405984
1736323
3067116
-107491
6795263
5123350
1159316
2820674
5479068
9305969
2327560
940288
6107225
1934285
8471684
8794666
13670786
12772610
5668853
2361329
4548134
6876948
9562312
641351
6718330
5609547
4969590
-436425
1747860
-401771
5277040
8649772
2099166
2254136
6429332
54143
2439842
980098
470075
5067259
6475528
7246422
10362163
2335322
7827490
4655786
-328699
3844887
6293585
-8436
12433910
3554138
9307623
3387852
1872737
-229945
9467695
223938
2766987
3742878
977258
835301
5938059
3364109
10915529
2886455
9167353
-1462221
9375099
3353251
8378359
6669139
1167140
15083792
3310099
15296629
-850839
3606583
1946096
-268238
9470340
5041550
13627074
2745110
1424225
10205385
-1671632
5069085
3841645
2557284
5468278
2580993
5125754
2829369
-1288255
4161718
3383544
8562869
744658
8001650
11206492
13427870
6545184
1828994
2926649
14782186
-1073648
6893511
1241681
4443130
-290832
3676553
6751144
4306651
6728198
-1707601
3622564
13507462
8672406
6853499
6739114
-157245
8668984
2833230
5136634
10714729
15061363
9509287
2006722
11017043
4441516
13790298
2703191
9426620
2698862
2539863
4310585
5021499
7031524
1045289
9935435
457645
5268914
9963526
-731119
-1452256
4471554
3899132
6927987
13284436
6016412
6169450
1188112
1431780
4591237
6890137
293890
6581937
7544389
3529896
6788994
10942257
12446840
211859
11303556
8536900
6488474
-2114752
4408367
4059484
3336004
-1118430
7770214
2483608
8847640
3816389
1861873
-474051
7798463
8133789
7473078
7134889
13498478
3033000
15576810
3920237
6359630
-434229
10076081
561888
2129578
990158
6662198
9335399
549661
7139488
9322502
3532018
14536380
5589763
8229787
1670139
2438548
9147636
9593304
9783053
3198226
14548770
13689990
7718132
-614482
5161931
7700037
-373092
12857106
11383998
3822254
1324880
4645716
6113774
995480
1647206
-2111008
3800804
-516717
9251834
879761
8172752
4232672
11403950
3565275
2715898
2192506
4356989
4985682
14508679
10964950
3177314
6579532
12742858
5575738
8017392
5423485
4686987
356272
10121733
13522137
-2013777
2429962
3407754
-4203462
9355596
4481967
9894355
2590694
-4488819
2160881
-4860395
-2024987
12637923
7422286
-1892071
12073870
9972021
6211661
-31329
9072823
8588609
5123750
12626585
3586701
2416718
16060836
569890
10480416
7415721
10801793
2770297
7271138
3092339
377999
5342936
4019991
-265973
7918687
11462929
6292180
1076382
10564310
5356644
6380492
1634872
2368415
7745291
8552971
6407782
9253073
7768383
1557705
5537108
3469526
-2619885
-206535
-24285
4489131
3761946
3356883
5409309
12565828
-3214211
4294601
14194741
-2603438
4565272
8200692
1242026
7717172
6849183
2159595
13021542
7806656
-206316
4188349
11935671
3677356
11579458
9356601
6755697
7882994
11398638
11238894
4895672
-2379600
1093279
4115447
8870593
14662228
1575893
2604892
1211717
6492500
3700383
4143284
3101163
9688808
7214616
2846978
876275
1853712
9220850
2636203
-834711
4015066
4459671
8872075
5328923
6469322
9825459
-2184147
6672499
2557363
2864196
-2325488
361994
5802954
5999457
5343941
6414888
1328238
2588122
-312048
970116
3100327
11287342
2172741
6204349
-1901215
12771084
-244303
11105474
-191101
7969893
-524360
4638053
7884237
-645727
12428770
3445224
-3535672
5032467
5040559
4440822
5231544
6659390
4863708
13288834
3439194
444468
287083
2654352
323901
8170213
1030622
4429266
2928303
2703549
3381652
11826091
1496564
3496031
8428327
3873061
4093884
10308635
9358479
5172407
730309
4563171
2512407
10677249
-992999
866106
12265297
5050190
9343984
14733047
-2820178
4706033
10764667
2031115
-1633633
210938
-1607202
3476593
5511746
5046522
9916214
1075075
12406747
2750168
-3620928
9115070
7807150
6034379
9278460
-132268
5543985
3296276
5718359
10213382
5198847
5146113
3058052
2063203
7932387
-701176
12405014
2276575
4988779
610337
-84777
11788152
7454362
1671024
3178990
3932972
5673335
3846342
601632
3097635
1570456
2986360
13834701
4769877
2708374
6564780
10962440
-601913
10992021
10325534
3394373
12621383
4732853
1920585
-482539
-861065
7511722
5383404
10465130
716609
-845658
1787
2606776
4550841
3681692
12407634
791823
5708697
-2944132
6990690
6318057
2365975
1432543
-164069
6537111
3447897
3404111
8068841
8266165
9473930
12773470
4361194
4283977
13581086
3098028
3415777
13083866
1853861
3762339
9914853
5579409
11697483
-957756
2050664
1292277
5719919
2812351
5774307
6508379
-127151
5250765
10496919
-2210534
1828826
-957584
-40721
3427032
-80890
8650189
12537850
4624763
5369257
6096784
-1465228
6334006
5402501
11605253
7136286
10194876
15368357
2139084
11123170
-2093497
12668386
8984077
5873189
2260221
845593
7864734
10187279
6592334
-808971
5264855
8444839
12783361
-1887400
5739648
-84739
-1877703
2789533
5330172
6299819
5717871
5337488
9168969
3704202
10978816
5394935
-504853
4895119
13125034
2983127
2048734
12052859
1662146
3501394
7626296
7073594
5703304
2833649
12598832
3986851
2078906
5538977
7661869
2241664
275482
-825540
5332840
9609288
11997919
8889659
2491844
2548556
4166127
7943423
8303985
1319100
7991689
478791
4890234
-804630
4795743
10898477
6051527
184023
-2061017
1161476
6852896
-4255718
-3080275
5328465
1730345
-1192378
6079806
4062152
7825049
9209393
5324835
-758054
14997603
-249986
8147227
7384245
-182901
2950105
6254567
1828550
4262105
1209816
10759079
981090
8252676
10649476
-40004
8205811
1439104
545386
2863050
7180436
11225664
7723214
-885764
4404895
7132408
14206734
4894019
-2106623
7856382
8149610
5016918
5127832
6937633
1038842
5566307
9089609
5180770
214794
2388214
1762714
7284587
4906379
1864475
3468616
11592704
8213704
-348178
1695487
2768878
8280351
205046
5295222
13242985
533226
-102208
9630252
9674332
8017928
6367370
6170588
959731
883169
6909940
83827
1804529
12659197
6501300
-3843596
5326287
215247
213130
-215394
10565937
2263199
13851203
5421846
8110484
8732722
5394854
12640726
3936649
9977779
3152100
7293957
5865813
2138279
2902235
2944256
10302013
-1963223
1903904
5306682
5068415
-864332
2655763
7004980
4284811
1535388
7953256
3239603
6801227
10652524
-150812
10383844
2984850
3931414
4095453
5410038
7098579
6663573
6733917
4140382
2829644
8021754
4874676
13620097
8989137
13629077
2027846
4571903
12398386
7250633
3193115
-3283757
5688750
-1383211
6803872
8926960
3989601
-1409192
11535438
5551334
2723589
7020485
5749581
2615864
7749754
11297447
8800523
1330180
1291416
4089464
-3985983
1436176
409181
4596586
1957900
2193912
6020827
337945
8549851
6367502
-746269
10750567
5280936
2611386
9848197
11659670
8559276
-1666598
4513035
6045905
3970132
7903227
15242397
9617682
4150349
3831232
2952429
-2344560
7743856
4253437
3470793
7431499
9179346
3635562
2408462
-1609223
706265
9440394
2412851
-509623
5163257
5881155
5518120
4020900
11291144
10924985
4855514
650275
3372730
1003832
10025183
9658499
10692945
3323392
10280217
2891521
8274006
5576432
2201551
1356118
-914959
3399520
8826218
5621179
5347095
10043376
-964625
3788866
4103428
886795
11503426
8141320
2177301
10627964
9521009
4841217
2189240
84276
8277966
6091850
16754731
5031055
-1131963
9003328
10420911
244452
12529810
2002566
6809402
5644143
9752471
1365234
625945
2513308
1010467
1602752
1400087
5611254
1334745
203361
7122856
1860817
-1114085
2018094
3224685
10354213
5330618
1248450
602326
3426597
5649397
11036032
11379551
4391342
3761796
5362196
11412693
-23081
293772
5275526
9632445
14584414
9126252
-2574373
6703248
8855146
10417915
-204727
2382443
972761
2863523
4445507
4549158
-2328109
13487604
9119709
7780794
5096649
10993239
5799376
4410073
3347786
9162972
-2776071
10901106
9839790
-1882400
284665
6609346
9123762
1577399
10727023
6179051
7226221
-149121
3854099
-764488
6762474
1448116
1456113
3752104
928648
2018280
3766558
9022121
11381158
7999768
4272682
5177064
3211660
793085
4993203
5944396
6187781
2867829
6274563
482275
8822639
10936344
4734072
5403667
3743754
5701664
9244662
2942387
-1280304
5860305
1942083
6069621
3774152
448225
3767201
-1307201
2566342
8419379
7793058
205052
5193557
9037678
6848182
-2679933
7570936
4343142
11912832
-812542
10859796
9737505
12313520
3645162
8251491
6753716
6178694
4029590
2483741
-153711
6601955
-491924
-281395
3823281
9161861
11413255
-217252
4081245
-3685901
5531150
441044
5622967
3027660
10705087
5344971
6859694
6097343
-473136
-426289
5486633
3551656
6178980
-2742425
9517678
6736006
516933
8725377
4406685
3963414
7459157
492300
4434413
2708578
3201272
11010249
487306
1526111
2894690
7012937
8837394
1183274
2558625
-639764
9106151
4231439
-323120
10651945
3120323
8043305
878116
9755225
11360257
7497571
7335486
3862925
7370831
1691923
59448
2988951
2336922
-2275154
5646151
13561017
7166061
-2342375
5204674
5630642
-2828529
2899235
3861977
-4070280
8935284
3356871
4004531
5757565
10605536
-963424
4980540
13374651
-509718
5007394
6157114
-779484
13627869
2623951
8802317
-850193
1216065
11466834
6211122
805136
4548030
9630427
5159043
3713608
6793037
3708589
-415229
1215600
13206078
2236476
-1367819
7913359
3197817
1792151
-1699377
12711014
1819707
4562103
-438590
-1427150
11407915
9396982
5749705
3461791
7988903
10246350
-199790
5337741
11080323
6205805
2387204
6255365
4584479
-337865
7464021
1035871
729413
3873996
-2129585
8726500
10324839
4112834
5602804
8679870
7771775
2854253
2768189
9433801
3620994
-862348
8633441
10935425
6442693
10629075
9011755
10492836
9392188
10985754
11977761
768015
3123661
913379
5090716
-684028
7058147
797823
4207774
3301625
2364051
8554518
437246
-99082
6342824
6045400
532357
497569
155572
-2702828
11590861
8149852
1188865
3308186
2911477
5802053
6438032
6599831
4252962
1542877
2874364
11097414
3324942
12101271
4627607
1458301
5793595
9246761
-917751
1647850
8223682
552777
-3267987
2716597
5726251
3236821
-4111507
8050191
7381490
6508104
8500453
7850667
1575507
1310373
2848475
2532150
-1450857
4757205
3290876
7671730
620550
-635633
1212101
-3324480
6618350
11185859
9746133
3642109
8268030
11907580
6191974
11585990
2131815
1627007
4028550
299961
8163618
1941807
3057569
3171242
4165745
1501783
3654378
4072644
5323328
4216862
-6782
12419185
5740876
-3252569
6967541
-3850203
5524132
12499779
887785
14070815
5935091
-245836
3829366
13244939
3892698
1328299
5688971
7219252
4632358
-1593575
7202253
3862520
5073495
6575615
2330412
9106877
7188360
4895607
12076233
3852111
2045047
9764065
7397982
11470442
145367
4784925
3268375
4212711
10394357
12474846
-2340755
3098379
4608852
768626
8760239
14803498
362195
9075233
8298842
3383664
7782534
2181430
2945009
7810059
3441885
1912037
2625055
4939838
3042857
3700059
-8500
7285576
13872712
-412467
2272823
14664527
-2432701
7913919
14749446
616298
5955523
4396472
9130740
1251590
5689124
4204350
7341728
3617688
3620944
3174382
3815419
7062929
2959990
5889320
9325673
1308441
782124
10758487
-145040
11725032
5048105
3346886
10742325
-1475428
-3550456
2808588
5859608
-2102780
5531522
1742349
3957796
5435755
847229
3721460
6330174
635622
2628584
2647800
-470692
6239669
10097497
-158262
6752405
1685085
1661570
5979610
5763966
2599226
-2074898
5580637
10851310
24957
4454083
217406
2597621
2124971
2425504
1970690
8716719
2299759
1937015
1546865
1380609
11443229
1452437
503426
9620655
12149130
1110456
5236448
8851901
13164759
-944623
-1236513
42658
7656316
6376809
11508762
9253778
1532238
268312
221201
5159496
-1276959
6919175
-3635191
253738
2615750
6299146
1722158
3206718
8524718
-2220887
4182541
3746571
8822674
14801543
1078870
-276137
10809920
8137417
6987411
4463003
2121105
11525464
4401608
5775877
5501179
664108
5509156
-348694
7403979
188135
8251247
1556945
152487
5994438
126986
4099469
3756825
5480298
6256810
-631033
9347947
8224061
15349729
5548861
11340637
7114895
8517594
12682000
-795504
2022914
-4069825
4407885
14108217
3548502
11668932
9101683
6341076
200239
2922445
3379495
6527988
6902102
5175104
11368446
6653900
3567961
10721666
4112639
-869330
5508105
7658685
7355931
537253
7878437
11637249
4651222
-757452
2270521
321298
908355
3902907
1247415
8473149
-542177
-1233792
5584057
2307664
-1586757
3257424
746323
-180482
3263553
11950185
-180030
8486479
3703448
3662825
2719261
3745731
6007180
10458799
3047218
7454217
5428580
-510205
12818410
10767220
360701
8267620
2463414
10138515
2062094
2696627
7171782
1760636
8066365
6275643
3324465
7225302
3784384
9273191
2163513
1424174
-1731369
4356935
1825016
4232670
-758175
-3349879
6343949
7555033
10328758
6675030
2537723
2573263
5112492
5682125
5223295
2491594
-649620
2072918
4625651
8336618
-270666
6890022
4052575
3146947
5275270
3191349
-1464121
8439097
10633987
5501691
669205
2679828
3343584
454406
5322879
3566592
1602278
8220600
11170734
6279005
3550631
4969769
13080263
3300587
-1302536
-6846
10552266
9193229
7127969
4549654
14732
1714694
12613702
9072974
-118900
11609687
7018397
3926201
-1995540
3096138
7585680
13696635
6239843
8415226
372480
2389543
5364420
3448916
6494530
12088696
7106194
6447808
1715487
6659389
3603309
2237223
6457636
7786236
6274539
2219764
3999669
9145634
7807860
9404294
2823992
12990374
7308032
6263625
2853052
3982098
2730530
7910350
10874654
6120025
-4342923
7338441
9380705
5812923
7366346
12140710
6014818
6275599
-1129951
2992721
428715
-684823
2238714
16026781
8536845
11157239
11006888
-2065760
8783181
2655897
7986668
5492502
7491156
301983
13018674
5396717
16092883
4739648
531185
5798907
6883059
7001255
10954652
12968691
609380
1809842
895770
7648702
6220010
8574077
2060665
-1549546
9030510
2902342
-2291885
7124029
8631634
2595308
2934677
5529994
6327602
12467493
3801048
-2908160
7317551
3485516
4116999
3701171
2850234
2260179
-555170
7161532
12826565
1713559
8190134
542959
6904572
3597676
4893403
6217133
8730235
5352480
3227082
1736962
3915102
3473528
1194217
8766557
-502377
-462576
10634080
8577274
9378877
8331099
4719785
6674820
580582
1370230
4854294
10008309
530374
1580418
3377197
1468121
6377095
1104891
1617812
2524984
2002351
2708995
10797432
4672069
-3299235
9642025
11556544
8662850
3523525
5517739
4925693
9802497
10423919
8993446
6098693
11477376
5064315
8107518
13820477
-4149001
8079264
2843837
-2544415
4539320
10495323
9691498
2785399
11620122
7520645
6052759
1827120
10039073
4968343
4620508
1227828
6871822
5005054
9009946
5889094
7456535
6926161
-647574
65646
10869649
-996788
3386644
5846462
-1342559
12539556
5733643
-1974510
8936693
6659886
7114083
12319150
955541
11388819
2843683
2963063
3885050
-2147227
7884568
9690395
6635801
-917923
6666193
-193746
2973419
-2787509
5354621
5718862
5636111
3220243
5327838
1795761
4042500
-1056106
6565631
4440365
10692150
-1442683
-1124317
-542485
7590642
2538969
-2202560
-927328
1239833
3485944
5433655
5226754
11853994
7384679
8892061
-115081
908474
1858112
9020620
-103948
12757188
3619423
7053477
1364403
13519184
10466156
7148990
9734254
15898337
-4731197
6859054
12184921
5511538
225053
1156806
3176656
3341828
5527166
662179
4457503
12123600
6912731
5071958
-397886
1661165
1593919
3155085
5564441
6672208
11284414
2303569
1955966
-267246
5805057
20045
4030377
11799920
3637745
7859759
11867094
10842591
-1940560
3272298
10932160
3450187
12796723
6626448
4759994
3406421
5850040
2118435
2684665
4532015
-965624
8855898
6208703
4916199
-1258542
4810849
6299761
-387183
6540763
10979867
12131773
6809917
-277480
11418564
8325412
6978127
10970287
4749852
6577326
1303962
3249286
503458
9647128
1176417
7416571
2734460
1844271
2317786
3805888
608027
9367565
7418828
3546981
3105089
8956008
3154664
4485628
5469430
3897167
-318853
2250869
10530838
8165383
8847548
4224163
10845979
4840757
10023563
6859050
-5493054
8296776
213075
-4053190
5934786
3853232
3989652
4810064
-1988010
2378673
12854472
1540964
11965098
13521174
-1599462
6713860
8016639
9815317
6970417
9833176
1036456
11473833
4849252
1929977
5990457
1934390
1351290
3436558
8990907
14535296
3285015
3792300
-1161268
4094122
4632963
1957849
3123884
13301042
7364568
2766065
4207312
5925317
-4703037
2163544
-4522151
1762973
7684145
2263604
3208051
1555317
3555004
3949315
2871032
5962832
2776964
8119827
5031843
13063891
14038582
9949221
-1667928
902244
957522
-481920
-250915
299213
-1911600
4471118
2415001
2464495
-2942865
10352366
-1220924
9687937
4181738
2727062
-5371724
3865752
5291593
3573164
6496172
5913462
10989283
494623
5795287
3537832
4930696
6625409
6850513
2033023
5814644
13580056
637048
5540195
4454424
9953865
4824979
-744081
4028520
905796
3094465
5997133
3479675
2734347
2304291
4255369
4623594
4940116
8277705
6745909
3323819
8607717
6108727
4999893
5903753
-2515640
2844565
-932993
10987281
9012239
12276259
7130713
7968720
2478803
-753348
2306668
2281086
3790020
-116155
2900497
8252407
3347431
11162538
-2168829
3128018
8976337
5196499
2974919
9871753
-4985793
2769899
8641154
-268590
5696501
-1633272
3530817
11163091
5721052
-1820120
5077320
-1373099
4650568
6044193
159278
4609575
9018933
12121965
-2146097
2197507
191180
8978856
5886567
13596001
2799150
12325268
7633344
5338088
7515952
3459669
9149355
6182560
7821943
5657059
-381386
-2084440
8611121
5088774
6695668
6356727
8093916
3002009
312830
4075847
5331094
5005513
2696570
1340669
12611464
2205022
3280502
3340445
7188756
3909911
5696278
8213049
702808
10658111
4631742
13793535
1385632
13101006
-493420
12641069
2907945
8995097
11312174
11979810
8304048
6924533
8333376
5005726
5848920
165973
5312307
-1415244
7397554
6844505
-3191632
5768949
3438860
6823237
5024566
1434554
2075153
6468676
8703924
7148732
2580181
2128953
11336507
12144948
10910199
7676591
853305
1686209
8060701
11563910
11842348
7116902
4879504
10438908
5124142
3254108
7098509
322190
3735928
1083611
4776056
-225424
1826647
1544415
2329326
21807
7980392
-588238
5862455
4886447
9688272
5207927
3444280
-921639
529040
4251964
-521381
13412091
10198232
7135339
-303079
6636144
6488284
13767303
6518611
10992027
7434933
9242247
6756724
6921210
5702316
1038568
9468452
-347152
4852654
5651253
8910947
6332161
6761
3568010
8896061
7624991
5968722
1352451
932365
4619077
-1248818
8464302
6032498
-2040289
713089
4450978
7845557
14224684
-520342
4814281
4642309
5195025
6514067
2736826
3263948
6322457
6852170
7454595
5852952
14449562
6525234
5540243
10568726
4930516
-451869
1980018
781618
1894519
-2971630
2838693
277701
13853876
5044138
3744306
-2956929
3477315
-736419
2248517
5190139
2764146
5367956
6370809
221974
7204235
9121677
7109088
3574092
10607690
5543779
204139
9614292
1385008
7299655
9577445
1749309
2098559
1801049
3182823
7743455
2698423
6018786
8146294
3130692
11265721
4684985
-2190400
444189
12042942
8339321
4256426
1512429
12673419
5284381
8462218
1726952
13442744
4406781
6687593
-664220
5648863
3270257
3785952
7761937
5291892
991448
6169883
724871
-204054
2745438
432220
2603363
10679577
4255145
4338155
9840213
7583456
528503
-3234653
3643479
2094256
8872386
14783494
8371883
5089965
12569731
4082360
13389982
6671572
4842907
-2042441
2152468
549952
4963048
9507924
2493554
7791314
2770388
2902808
2541944
4968745
-2434919
13451028
8718550
-701064
8814892
393734
-522643
12254244
-1018857
-1544975
4350050
6933707
4771296
9936851
8533368
2145339
-1650305
1769617
12839525
419119
678309
579474
4673490
1649206
2174898
-667236
11275450
6665255
9753283
434661
2669454
8118186
7501093
6033222
11738322
-566134
-1840552
392479
3228827
-2026622
-2349970
3222859
3035226
8851996
12474798
5273826
10768371
5907081
11047109
960645
12397776
11855999
5553697
5900958
4177550
6410119
2739153
5509858
8070303
4700349
4472224
4639780
10226881
-237115
3170709
5308954
8898864
5657301
2878935
6843274
-1534175
10968206
3270217
8146666
11476287
2091882
4209686
1710219
5340384
5943401
546747
9737004
13616969
-535989
5413556
4465460
5497856
-677150
9812346
9686160
8690072
-11033
6911790
1469048
-3105602
275390
4059869
7722723
-1595512
1343746
498513
4277314
5678044
5179476
11137794
3434418
2599183
7104872
6163442
9363357
11194693
8999352
3497703
4229694
9348540
1803181
6686646
4683374
-607147
3618233
6698093
6640672
-1425500
7213221
1447800
8040916
1481696
3579384
5573188
2614910
1797689
7399024
1238483
3298654
7382974
8694642
7980049
-1293414
7800475
2784639
10012680
8094695
8675166
1513294
9282663
3941661
3530297
9504581
7244989
10883459
3852794
7552877
9013218
4936570
284545
3840188
5254049
3268720
14977339
1547869
357795
5285292
7508844
5221507
8141816
1968919
3162978
13262438
6851093
3782601
-275019
9971718
3763793
-434913
7985412
-1357868
16119777
7019607
7257404
2093639
3752466
8091423
2990073
3985142
11189129
5966630
6095860
10313019
5644043
4147963
-1622433
1935008
2768285
2532442
6121198
1998294
2849743
1384643
-1035867
12866527
2110889
10048067
-1203490
8332436
1833791
227528
4855951
10375342
-3665374
12200365
9234717
3008075
4872096
4764996
3763688
568587
3439285
4144247
-716383
8401344
4132002
4676195
-745344
6303070
-959348
-1355992
-2239798
-464755
7351963
8954221
7572312
9081308
5683531
6679578
4688216
7426376
8916015
8730959
3229769
4864424
-1335371
3712626
-3873468
2873794
1460014
3137251
7847191
8190751
4291987
6116301
1316058
7598712
8217414
6831699
7243635
3960113
8560635
-1577719
2242606
1915949
3479644
2492416
3354861
7399391
-1756203
4692626
8955625
-761079
1333758
2702332
-2402931
8498132
-2094289
5973090
6022797
1867608
5979183
4726981
3844218
1360881
9413591
-327885
9629140
6144261
9171093
13623660
2806720
7503731
7003226
6560205
5803297
8161815
3743984
9208152
1411776
1482454
11312295
984604
1622346
5183530
10127514
3542772
1652334
4871501
-1139211
11798854
11739228
-93331
700169
3583691
-1589197
-452346
9091338
-1040096
2345153
9144812
-644060
4291240
5434794
4506982
1613024
13751914
-4212024
6682038
2234391
-113809
10827419
8428904
9791582
4416090
6600392
-3703892
10592793
11894837
4143246
12089473
3524991
9827701
16720262
7016463
8570239
6439557
9061838
9788838
9681363
11346977
-2528960
-487282
-3084036
11333345
877874
683224
4514154
8091835
10260827
8395033
12449137
-5162935
11353979
5430347
5945692
134245
7477207
6134370
2144283
-1272418
8483101
12887157
8291131
4876973
-307713
3500561
414470
-3772146
694989
2773862
5633469
2877803
13804115
12624595
8019898
12005914
8507890
3229253
2722888
6072403
11564572
6851744
11058938
7789361
12585308
6278662
5022315
7325706
3382877
6812810
3935086
5729564
1934191
-876012
9002994
1565637
5419952
6661440
7435054
4662063
6394133
7146590
9068927
8281006
8835546
10601786
-1635280
6905658
4271806
3906398
14009988
2602980
-338877
-3944531
1677905
6033105
2045070
3399096
2246455
-48924
3295727
5338012
7734348
5394550
8164014
7751254
4968890
1770163
3764634
-3494210
277553
1057704
6672575
-452429
9302270
4959222
7310440
9798297
12590987
11402364
6771441
-1591269
7463713
6562539
127289
5482877
7103512
11724389
8533816
-695502
7255756
2612282
3249164
7952851
8722557
266751
3796310
74499
14399881
5152898
6653560
6493939
7464119
2284688
8700356
4459988
3381510
8010611
4066764
4924139
7373367
4871347
5645112
906509
3775972
691141
4597228
3667949
14739965
1185798
4088195
4939601
3755223
2638600
5852514
-233523
-4360393
9897558
6241854
2862561
6659304
2944053
4117415
11480427
4161528
-679191
6116464
3131829
-722240
-2392873
5157970
5116712
616131
12118510
11995471
8936849
7050702
5559462
12889844
11953283
2777005
191578
-773779
3148533
5001442
5309868
4992432
3532635
9788104
-1180684
2650627
8432577
5889568
3327223
10493504
7204923
13741976
2244619
2316388
3637259
-183547
5460831
6436700
854703
10962315
-1978602
-1108521
2722871
13605476
958947
9613539
12165207
-2048618
3098390
8855599
-1291974
11365745
6131334
-3459832
13104413
-1928412
1884031
2847297
563964
3803896
47279
3583725
3026243
11098103
7638775
6092401
10858682
1654919
6985683
-1521068
6450278
278572
5009228
4473036
12479335
-913703
2968270
11264707
16736
3520661
7008565
9574994
6450494
13552447
6773210
2504207
6709866
4153169
-619576
4782595
1978578
855779
2964952
4653093
-2351223
13644210
1764355
11302902
4676192
1911828
10895765
11552806
5989644
7048477
492125
3181824
89699
8023958
11681431
11151716
4334929
-576542
7917625
7827197
-10258
9036358
8872865
3669466
4332021
1114186
3622408
6546177
11356633
245812
1844821
1973850
2255231
-1724524
5723953
753920
3552045
7017388
5167476
374557
4388272
3270554
8836187
3484617
3660438
-3389920
15743446
2457086
11753386
6595360
8000021
6128267
5512193
-955834
486337
6643163
3870060
4190805
34007
11058508
3840551
-533124
8933095
11837192
2383872
520435
12790205
13145010
7105046
540779
5404188
2282029
5539615
9687234
9739693
9487568
2928119
5864015
-1262795
2323666
5872344
-637801
9167995
1726936
-106172
4972130
8848940
4851140
-1496493
11160286
560273
2311601
-756012
3104595
5660943
-500253
3782666
1156199
5563281
4975187
11957749
4607772
-2318933
4784772
8721863
4167950
4860328
1832340
218874
11197706
2264542
4830232
2243316
13964584
8831648
165491
4636211
2634197
1246505
1044338
3157209
-2194829
1889744
2162622
14983639
-2718012
8295571
7471539
4625579
12157018
1917585
9085142
12207663
2048308
2756119
16044481
6340392
2811133
-368100
5747568
2764418
2355576
6154453
3531602
1592688
4958756
8901569
2007716
8013291
2297099
3642545
5313152
2296894
10751290
6814419
846911
7672216
503194
9915236
-518026
2032166
13313668
9781532
8378672
6185120
-18399
9127944
8622950
4379705
793271
763235
-624017
6082931
9805655
2993561
6866360
1312467
12552521
7893844
2759652
3121210
3786289
5425440
6870376
10220984
9344190
8292253
8325701
4508029
776128
5578506
66892
11460171
6049993
6676670
11060471
4669261
3677077
2635469
7744354
1405368
11213580
5111893
6890421
893914
749559
-323144
6395715
4210524
2496459
2758321
12026910
5999132
3384338
11866638
2667052
16608233
6391824
4950232
7680464
1549664
11988626
6001946
-1660707
7283048
7512988
7038761
983670
-3069691
2620257
8375251
1406471
1776206
402616
4906385
6237367
2073319
922115
5220895
3202461
8330399
1229936
7498041
11971369
6227319
6934047
1333497
5683405
8933599
2103346
626552
6640607
7458637
10009658
101880
5475049
1398508
2512569
8981566
11694488
5375616
2606736
10512673
9540574
10733535
6410644
8868736
11392585
2887068
3911859
14040905
6669566
-832321
10516054
8892859
12604281
4553184
2750916
8584643
5992805
251483
4827074
15862175
-50534
6703043
-539635
1267252
5019521
-2703633
14656040
3165529
5006302
12567438
4885234
5065093
12618596
158599
-1493758
7667788
4989787
5324181
2156011
4197968
5151404
681343
9794570
3070221
5972636
4020381
4203771
7180263
8827044
-19857
1248097
933530
6647360
-1887099
7219468
3824242
6950497
-402425
595588
144197
-654915
9559113
-36941
5863036
9982802
3555483
4197673
1382628
7147162
11336907
5438824
6491996
3714567
-963816
13385515
-80245
6033187
-1323472
5826408
1475632
1840293
9227613
8397447
-1553271
620634
6878693
7557918
2637784
8228064
-2959638
7855729
5261340
5008282
12941081
12204962
8123816
1788159
4390233
9774932
5849670
5593319
6289858
1937561
8031784
1531578
3700036
6516467
11958593
14651424
4478085
13709676
66206
2250726
5199481
6563864
1202848
6539525
-2576818
5577427
8860000
7882951
2905440
677547
11587141
637527
8570798
9090930
7314054
2708082
720561
90690
16051115
8073212
375828
7612434
5920606
3036043
4786985
5839035
-2146188
12741206
-1966598
1994694
3964501
3383135
1266406
11133907
813537
3702118
11133887
6881756
4010904
3065648
5912376
-2188666
7965096
-512492
-1627271
7684179
4726277
13921613
-134392
1830659
5384235
2632081
378690
-2411046
6527728
7259091
-3005299
1141152
6134340
-1321618
1473851
10043776
4455044
11019469
1683819
10933335
-1695917
3151548
4043940
12323791
2467739
9994920
-1097580
8899735
-3297408
1630726
3840409
2359517
6614075
6968182
10673942
5389461
10765409
-617570
3332088
6542923
11055026
6349545
2938833
1296249
6105064
6845178
6688831
5738385
238956
4089883
9504207
2295078
1082725
11444438
2525471
3338806
3015648
6381813
6128741
5326985
3999025
10660725
1404960
3898316
10454457
9113805
4831933
6666683
4694110
-96010
3290645
988366
6785842
7172372
6362882
6655660
5504946
-1471165
4297923
6479519
6146378
11623611
10975191
9622644
12207867
10552788
13704502
-617207
6188034
12910914
5872378
12582713
10052524
987096
12977175
-115090
5912171
10767986
3979847
10911609
7729067
1930439
10783412
954383
10308337
4531974
736842
3931540
2797749
-1772685
-1856804
8768599
2536940
647385
6896703
5928537
6659147
11240835
6684492
4655457
2928358
6519253
8323550
1825078
4588613
4998051
3614048
398416
5475343
3237961
16348
1048942
2018716
1020388
16041877
145171
2490283
11316614
5369918
6741513
1824345
6438300
9201029
4644230
1117392
4302656
5347204
871487
9461775
3702235
9978329
3109776
346335
11960326
2834099
5749896
-1976392
302245
4333368
14524747
1951464
4464517
6805626
5124877
3811124
8356735
5427884
1647527
6119171
4206376
5784921
-508699
6021483
-92993
4243152
685506
1066505
5262059
385925
3782667
1642833
609017
-195315
4709372
5101704
13847346
5122768
3991756
3757523
11940974
5140163
-931898
1023070
8964329
-453398
3194441
510194
-812749
10501178
-160559
11484809
5165885
4461825
2788504
-1910290
3791579
-828347
-1263091
7115913
1243622
7505235
1311408
1156042
-1662786
10533033
-1415003
-522078
2203505
-1073592
-786191
6286255
2248098
3889967
-2969078
-1045073
4865762
4472572
7952018
4782389
4809492
-518473
1981013
12622324
11453669
5690968
-827608
2990743
10517701
3545034
8345539
3518981
7707152
-3635421
2783098
-1405614
390928
539020
7878283
-6370
11434382
1498105
6900336
-2189676
458235
3825057
8729780
-376655
731752
13014446
12110729
3312658
-44441
3295639
-51827
2255090
5079239
6608484
9964649
9854740
6710883
3488265
1738332
2645219
7306758
4131248
6261931
3038835
5206177
11607372
2984448
-2875577
3211617
10489331
2667967
2205078
-3034854
-2266393
10130428
1966249
6040803
1219396
10385836
358507
6341225
3349905
3134005
8459046
7887004
12786670
4301168
6215826
6512614
2627392
9515660
5663863
2664759
11622804
6411559
10362176
4977535
5586237
5292511
3939278
5186456
1083860
13430123
-3795031
5225132
7838494
7137269
-95567
6953182
-770283
7661997
7483027
8445412
5072197
3174057
3836552
-512037
3876238
13647394
2734976
4706937
4892574
6805147
4246443
2383113
10586876
11277440
5253672
9882328
-1801400
3752631
1959744
-91806
8195107
9052605
2279746
4409847
1800524
1430163
6618908
-2875148
-2103384
1848095
-106733
9793674
-175223
4361965
6234236
11515224
5509617
11686508
2175311
2797327
-117183
11078352
7159061
2367606
4573932
-1704095
9821527
12711572
10211515
3939175
-339776
7562397
5607155
5984496
-3390835
6397749
13324683
-170569
1490604
4263663
-4065635
-2040216
5519867
1220287
1957764
4725950
9946214
9576029
8878739
11049307
-395755
-349613
4787145
9579384
3368556
6697808
11964093
9249528
-1158995
12880400
12001789
6993216
44389
3981625
5979369
12134211
2681329
1765309
581921
4509546
5039112
7541274
6205501
6622200
6502329
2870011
-94041
4582675
10668993
1550355
514072
1832141
11038838
1978396
4105752
5486427
5140322
1414726
10054128
8554674
10470160
371452
6082616
294386
1103145
2059190
355490
1923321
5719049
-4055796
1776231
6184755
1139609
8710263
2259256
13320876
4939859
383198
4357989
5842522
4419620
2321412
3262605
7086748
8511639
3493223
5231172
9178972
4782787
865812
1486716
10789542
-1302096
6211577
9993627
521006
13216531
6041978
6984330
5062975
8609634
4234049
4977236
4494116
10946920
11683215
2601711
4661297
6491097
-2157707
5430889
13936123
5393029
14753818
7408436
-186914
4687223
1778492
784518
3737777
10538254
3461320
3242162
-1521591
5610135
2335916
-526988
7157398
11913845
4202411
9189252
8684058
8043424
-436591
4225166
5238844
10299716
13362837
5224306
7573695
-305735
10066543
1680770
3305362
4023196
6316465
9015696
16221537
7467111
3015621
-2517569
7677750
1502947
1612588
3019737
-3538727
1444006
-1138199
-2980997
12536436
7440814
2387237
12622699
6749064
574725
2801800
482180
892431
6460575
8885619
2378896
3162978
5335036
7335939
3887186
2074298
5981898
-2453374
-725207
-4954346
5285622
8099775
9643902
12572585
2465636
9053218
7730728
176413
5938448
1221548
-1084362
-968291
1579833
1132009
8150165
-291907
3022397
10203923
-2251084
11572079
8619251
9030419
4427898
-2561993
6167559
10859603
492791
-2827242
9421137
3133459
4931662
11608386
5336792
432961
3567787
4377509
-808736
5154824
1531749
2666116
2709973
-1925973
8247410
-287572
12113291
1701214
5875708
2451420
6338989
6894929
8285525
264335
5655947
6655183
12222583
8548619
5707131
9345942
4276990
4890590
2346183
12892316
5788904
7246243
9967135
-966734
-4154309
1280077
-1000228
8700204
2025532
2361967
8851556
11184863
4036292
1604752
-497224
1971372
237454
-415584
6234929
-1287933
4686468
3542020
13818808
12678753
4277951
1163827
6114827
1957437
8736138
1963838
4866736
9190726
-493186
13273426
12778425
172925
3099162
5214394
9592522
5653055
7098508
9166669
6426821
11493277
6222396
1477924
14199847
-4182361
2127213
3534282
11953511
4697602
889674
-1564179
-1019263
3081649
3233446
5041749
6593834
7432637
5007269
1861802
14502995
5213407
10724265
-192757
3251974
107259
6192899
9251089
5890786
-1446139
4685897
6473853
13227964
8417097
-1371901
11611493
950319
-846520
2789572
11247675
7104970
2453258
10298788
5422229
-278000
9016420
11697984
4630219
9118803
1101003
8093267
193522
15472133
9552749
-2679242
5944235
599303
4560423
6818854
1725174
12113508
4569091
7037596
12501270
5531674
2228022
6619056
11800717
-473454
2119015
4801945
7421866
3225932
3754279
-104589
4261382
12914218
8362625
7602055
3719081
1581465
11523408
10336682
8767546
-1230931
-1252709
-5296414
4286635
3538498
2715038
676164
9848457
4526589
-1108752
9509477
10182463
268935
4522938
5725345
1321933
9662867
4220637
6488679
1685273
3677351
9155112
807555
5230759
2959941
7335466
7228516
-3002387
1860442
-875358
5919251
12924589
8336004
1669906
7114108
430302
2779464
3601966
2818803
8757715
-674315
6041405
1176068
-4387244
1193704
5862431
9104996
-328883
3067178
6354272
8834538
4683361
-905175
5707780
3333404
11818347
4831228
11684855
3047240
6285117
7590388
246908
10355286
1670936
-1319219
4286574
13123363
3184759
-592555
8682165
6585838
1348195
8912001
6103208
6862795
-236702
10181263
-4673079
1435571
4615641
8722348
10519497
983131
1841373
6598691
10420280
10020524
-395540
-172681
5816090
-2083778
1928321
7409718
-950455
3084846
1108191
2651030
-3842362
4000778
8013632
128631
196601
7360868
10314552
-1283992
12170297
4107621
5694842
5256882
7771406
5287791
1060646
7510231
2886063
2636604
983580
5404103
5125938
3273931
7817238
3602087
8512533
12303841
9834842
3083220
5710090
-1522998
11738575
7470540
7674764
7885265
9389423
9638928
11320207
9152694
10948717
3410164
2179677
-1428403
1436512
8951672
-149482
2003869
5112672
8290076
6289272
1179753
4382089
9709490
4483383
370063
6740301
5702732
-950909
12278699
4671699
5687716
2209455
7226908
12983230
3135362
5568611
1133918
-84476
4496680
12381319
13265429
10273063
1166042
1996661
436957
5524832
-691945
7548972
5033222
3396561
1713257
7232568
10148294
5708364
4319619
2235222
9006449
4679872
5237573
-1823551
-1851562
1418887
2092419
3909955
3069551
1000813
14411382
10472178
11405611
3088476
1831890
-3455965
6209539
6876166
-874996
1400456
13447203
1452356
8549166
6825707
9791364
9720960
4085134
2466030
1806101
12654625
4209621
6245086
4229856
5782670
-820358
8217155
1817571
7798327
7029809
7812955
2736501
12331321
4032202
9754701
9723819
-3265333
5812233
-1023478
7794273
7280834
7039593
3009640
7876944
2692521
-893016
4097443
5605598
15768671
2362715
1019728
4565699
6941061
6496428
590819
2024971
12246380
3053358
-1378345
-1979068
7255456
3545526
6991120
-173862
9199053
2457838
3631226
1849473
5916480
6374525
5039241
7847018
6855456
4250971
970779
13392535
-1058265
5137465
5348127
1633848
5930560
1231495
91853
14664012
5671416
7138728
8933689
9492504
4605258
2568725
943830
-1406552
-314596
3202808
12438905
8923327
1919717
6500289
2559603
7383451
9222765
4704658
11600150
5236149
7836491
3380347
-559324
7003959
13471087
2134672
5305811
5011671
392349
9836666
-1044514
9223353
1270718
7126290
-2232035
2733655
5610446
4968861
-438080
9386009
-1050308
5960158
-1709934
2227592
8503926
12068793
254104
4393571
8210309
2964026
6900441
6635097
4509634
-3333505
-1695264
10145438
2517447
2145223
1799809
-358256
-1122633
9417435
9770839
5947897
9381858
10478782
170152
229607
4450701
2652769
1241081
1229032
5664723
5194671
-3204407
5973202
-1276798
11022446
143265
569592
16758566
2870016
1197339
-40961
5510292
12213470
9316152
2042520
5572259
11137432
12661921
11204326
690039
2275994
3381263
-1784947
845953
4739960
6131944
2850081
1929532
5406290
9707551
4336855
4328484
5586901
6494066
7991648
50615
1078536
3196914
11970457
12377891
8686986
1009122
-514378
13451145
324672
4702084
12241278
13864541
9412750
5443952
-1580642
9396074
8187986
3898144
310604
-864673
2123822
2620299
-489612
11436811
2355262
1931706
7548267
7862316
2248180
1479817
3544791
-2661403
3866709
558898
3476455
-36543
4045299
305455
4558077
396325
1458879
14323363
7988833
11027400
-2387653
603919
13197210
9634
7120311
2380150
9448670
15284886
3610132
3162803
14310169
980748
2614041
8587916
-1883388
12231162
11096275
-4334730
11028320
2882632
6974133
1863969
3360944
6543918
7634591
-1051193
7819158
1241982
6729654
4232674
5921135
8545719
4527935
-1845362
1948654
2268334
11629799
-3744112
620456
7255849
5478742
-2315777
8866131
1806991
13027776
6187256
5695713
5041313
46378
7612976
3178913
217673
906871
4730759
-1692887
774049
2062042
1710807
11683557
3066708
10799190
15678705
4138844
4885199
8054984
8436238
6531404
8617578
11149326
3163117
6630821
-1547933
-2185943
51514
12623838
8694024
8526587
-621012
1885692
5743568
5784873
1071120
280568
3915299
2923856
1719241
6469821
7014250
-2639786
4494384
6957269
-3058756
-2967397
8973063
6650864
7286299
-69220
2668329
6460888
7807429
6518861
14638004
9748703
6047136
4890712
4328145
-2783553
3203457
1585644
8609192
9058228
4149097
2391142
-2757161
5280146
13273613
1682965
546280
10372157
11714450
2676324
10646488
1524784
3639659
-9190
11422571
1649592
-1209624
-2721600
4352331
-3892282
-534640
9762605
-2477767
10220506
11390681
13988345
11739566
5029206
-1135841
7645185
7406583
-532109
8790364
5551802
5628371
14321321
-681356
7019334
3768548
9237693
-1541888
4494467
10503436
-166398
-1145752
6179153
4591777
786286
1492012
7415715
2527811
-1273102
14481681
5978149
-465971
6613624
3186004
922490
14155310
7711557
6435347
2906616
13760302
5338517
3320587
6233311
1658565
2600653
8428413
4885711
10463888
277735
3978326
7616806
14876489
5788481
3828729
5636932
9593352
-2054262
6323337
10023871
6661666
977343
9071139
296522
98930
-2333170
7104461
1779513
11293565
9205536
140731
2234038
191489
2143409
814166
-970848
352463
182375
1511402
-943777
1585489
5614295
-419090
13965307
245819
11520865
-1631677
-3831254
2586675
936619
4112363
-475433
2010666
3923773
2163084
6371954
3366456
8762462
13432377
5982210
3861605
3059215
7974388
2792263
464878
3551087
8030880
-1719552
1248796
860479
11716384
2429381
944
1367401
1275977
4419071
-1070672
10212428
4095012
670731
11839788
3816423
7637628
393616
3977094
6952822
4039605
378584
2974450
-1402405
2741306
6137792
7698437
1888541
7086057
6868173
-856924
6253169
12897386
108575
-517653
2327409
13774823
1718797
2591455
2352623
10629070
9412800
2258142
6851064
10916491
7971233
3297744
11513418
-12842
8642698
3794098
960841
2162897
6249643
-970903
10134202
2505884
6676798
5909731
346755
946306
2379488
11136929
2841652
3851462
2491698
3549882
1378905
12423251
9318361
2202007
-111124
8561350
1893100
8007252
309881
6284518
14035233
-1548148
8557736
6629440
10498888
365279
-1561212
2808965
14390632
-1567075
675476
3183908
-592277
8023611
6800273
5441473
155011
3937711
3044653
-23521
12517387
10542661
6004145
3247953
1117368
1886714
7533664
290855
10587262
3330284
1198694
9340441
3153251
5776138
16519669
4975449
4905763
1681769
9408019
2684304
7962391
2391129
8628215
1961694
6907064
6488218
2844033
10763965
14525671
4125399
-3005853
4044854
-1427236
4630713
5111569
2988033
5379927
2381686
2469433
3495572
4565030
14513658
1680279
1947614
6361238
13568783
16086064
-190276
6540764
2264428
9538857
9805600
9217105
11650454
-1678947
2709195
9605860
-1278808
3614226
10084973
9222659
11303106
6923783
-4712319
10000504
2701656
-495947
-1768637
-2413170
11160709
5853953
6400677
7633370
2264139
4581542
6728601
13398296
303185
5372001
8470869
1171685
13560008
608156
3138185
855786
11379087
12591733
2684803
5086679
5330367
4750851
4732155
1279315
14726332
1449082
6233495
-1244775
4933171
5434452
6423672
6300911
6177505
5188155
6354905
4491771
2626650
5943234
-1268475
6789663
5421502
5501936
1063481
-1834161
-3781125
348860
5609172
1379031
4321482
2305697
4172333
2923217
-1280954
7472606
5323995
-1464854
7211003
3685674
10798229
5343547
6546717
-1342316
1993171
12261344
11873592
-3004133
9681218
2340222
2183954
780560
3495890
2892882
5125572
5302840
2645097
3039061
10097743
-1034788
11645855
4818458
2079463
8666878
5180109
4942526
3983269
2454804
-1500347
10168013
2079382
-1644294
10226368
861599
1174889
-93919
12358441
5335117
4791555
5619777
2440237
8982559
2699766
-2879326
567083
6383185
-654714
8815640
5250988
-300446
1680692
5978727
-219654
6748751
11194687
3060120
3959552
8522957
681979
348535
2644405
2475610
844601
3231112
3299401
9188439
5520921
4867378
9347431
4314449
11011165
4422219
6217148
9577982
8763267
3091929
10273263
7635168
9765905
1582911
2532613
-692398
-1945806
7688683
3064916
4079209
8011178
8266464
9644053
8630524
832118
-1980693
-532874
-441165
4357915
3006570
8278876
11990274
4777904
2982866
6233575
5885532
-1457303
4300189
-145657
8876538
1711009
19620
555042
1967859
924213
1932418
4737075
5247007
6880690
8383129
3860046
5338590
6257659
965984
1299273
1906696
1299923
9533072
4415672
5799137
795146
9862187
2313827
10277568
-3999671
5339385
1964950
10003633
4480552
-3112827
11513072
14184250
-1781900
5953153
4549101
1023683
10486560
6385551
5336087
-1022180
11762157
4130805
5426172
5317551
336652
6348669
-159409
9054657
-1676343
-598
1925273
2653808
8512757
3617032
4010981
12935967
5963131
6973334
-522163
13823836
7906816
7810379
4374856
1751918
9723745
189511
7963320
10753258
10840615
-1107118
6274613
11020914
-3765703
3017509
-960507
5822310
95728
6657346
4413068
3690606
-4671634
-3963606
8844088
2339665
2660431
3986059
12947509
-850173
3458190
6915302
4261561
4081453
5559834
752679
9433806
11522223
6424489
2801129
5313692
-174925
-1755864
816284
4728181
8809586
-3285162
2577002
8567339
-1047396
12656791
7820880
-413626
-1829870
6085061
-138258
-132602
1776936
8358898
10055899
4823481
-207254
10969836
2865201
6663907
-3375942
9848383
9339181
1768882
9939074
3778805
465996
-1502238
3079735
12780573
304230
5207361
10214590
1322145
5366760
5874184
645897
15457864
1550482
4867772
271638
12017607
713686
3947372
2228891
2396795
9867525
-2851953
6616868
4597802
6928279
11629777
801374
7997888
1710578
5615829
8673570
740051
-1977648
6668137
1857249
-2174488
7653379
161509
13641740
3991627
6628627
3838759
-1464472
5025978
3489167
2757543
13458267
57031
9286349
6133165
3074236
-1063760
-828458
2916539
2479007
11201507
-427888
1208351
9598738
7977674
8684131
1103704
6608656
66912
5509733
5905788
8414928
6666951
6022991
1814701
-539523
-186024
2882603
12669077
3577592
7412638
10839208
-5714
11367694
1825509
9252274
904881
5984597
6097071
8271751
1909279
-2301515
4427931
12151188
4093336
2987675
10605985
1940893
-2941184
2913606
4704080
928239
7689743
4174276
1712097
6490372
6535541
7932481
-765797
2299584
12256003
1047030
629909
1061347
8324103
811975
9830357
5132552
3794933
1563856
2846233
3167493
4132495
308095
9769111
6629213
2811051
6152591
3073858
14862215
170912
5282463
5940254
3086987
4193586
2148600
4962122
2824548
7525851
4882082
5770191
1184822
11597190
2749077
5930515
7489538
6197534
8050940
7486717
2832804
5516590
7083288
11198372
10979275
3303699
6779545
12267985
-1882668
1781979
107735
3069732
8835838
11797968
6061218
9933549
-4660126
7849861
-1134135
9210242
4507739
4333598
3970764
9255874
7105722
4620646
5741548
9487212
-331542
11211255
5608192
3833041
585637
6432954
2917418
7163420
12389722
5229446
3310689
5421560
12346248
1101348
3938914
8583906
12658877
11140905
9485912
8522879
9108760
4477887
9071894
11767747
6629526
-449643
4859256
6196275
7571192
6092063
4593301
6524596
7758854
8105677
4203339
2713079
3373491
4462528
4903050
177853
-1628795
4219347
3894870
-2354443
582868
8361000
5180963
5465407
2760888
2328262
1169565
5662098
9154177
8286979
5989041
6437901
344098
7080975
4323191
6499815
2474163
3993309
6957221
208355
-546360
-1377331
3258094
7069393
3440735
2642291
8100329
13510009
10022746
3094586
6195169
1788023
-107508
6974867
12980932
62630
1749475
66002
749685
5138959
588389
796993
8756592
2545719
12167821
8171613
4359173
663715
-427173
9954498
7323740
9070709
3659019
9685938
8264306
4528752
4576448
5121081
1364400
6417848
1127685
1509640
6400468
788548
7818177
377069
497473
4440567
4064719
1155983
-3676187
2082962
1708541
10871453
4551817
7274731
1225816
9792016
9429522
11033506
7339723
2732177
685913
5306478
12263993
3323297
-182523
148532
2232618
9861376
5513386
10190265
11165012
4190333
896322
8052693
8655515
4265369
1486582
1736568
-267450
5626778
7995621
-2287868
3162076
8140635
550088
5076609
13155615
11919348
9008280
9819305
11692347
181124
3667034
141528
4873009
14220464
7256344
11893234
2863339
2603484
5370897
5463954
11039231
745683
9681903
4288999
4316877
3015712
5146042
3421150
3728346
7893934
2409849
-1998312
3984881
1431474
1289594
3271853
9557997
3033983
4832666
5949222
11439529
2613430
4190443
6599922
8779858
2503730
3639140
5928354
4644925
511785
4225935
1992958
7331633
4990018
-215701
9577879
813272
4438009
10225184
13527019
2971418
4694176
3984396
-513823
14805886
3403353
10970550
4464995
11083789
6923866
9016921
12660901
7602990
9032395
5642117
6330935
-4275850
7012416
3515314
6637585
927490
-27078
3304826
2010996
6667693
4347176
13554554
-808512
675215
9765188
11466975
185066
3119480
3958560
2047907
5302022
11504381
3960642
925531
13528126
7588897
-1176285
2693055
6467741
-3687142
-381766
10549415
5663809
7724503
-797716
294234
3338214
-2598258
14032906
7080673
4660424
2261987
1956173
3854388
544122
3835061
2568674
9053702
1671186
12232723
1767558
-2027764
563810
3590802
6233983
3832511
4770412
5997482
459525
2171878
1368556
-277361
3493472
-1300346
-1859291
4636414
13118840
2804426
1836166
1086458
9060286
11896500
-779042
3918037
2169052
5715364
-2716317
-2077247
1191894
-1603037
3902468
-1651002
4487013
6088549
-3803193
10547098
5554324
1144455
-2422701
4705536
1225940
7587168
-1362210
427277
-945595
9898461
10249745
-553759
4679259
3429080
-119316
3931536
6741843
8772525
2178864
2203960
-3129492
12005821
13764302
8333983
5198300
329146
-2199173
1849758
2182098
2020981
1993764
4112375
10867966
10724365
6935071
5397658
-3085237
6172136
7691028
5496203
6343205
2316219
16174604
7295393
13794511
9160429
2013630
10687769
10731798
5929678
13904561
5195239
-894114
9827440
1344920
10308542
4434985
5406665
1296285
6927350
1104617
7095227
5127663
-1476580
10153746
3608358
8229941
10484678
7137824
-4197317
193707
1912599
2847850
9374163
5377865
5141703
1204837
-565977
-463231
-1280821
8785791
3690976
4683611
5615698
7006272
4621952
7828313
2559662
-180090
5084285
-1485704
1048515
5623719
12778675
235048
10613141
11873256
3733103
-1343893
-405055
7383333
237061
465365
7907359
6126106
2823116
4464778
5525449
7886684
7069788
5802031
-1044332
-1635727
10347294
1184091
7489742
3171130
5771941
6191284
7571203
6013162
3951006
1423277
6752352
5588765
-173264
4162260
8381878
1830272
7534370
6690450
-605835
7711661
3153822
610468
3143037
-1628758
10615824
4177565
2390716
5986741
-2330830
6482845
12845700
3492017
-506172
2994078
14783841
3057142
8907317
7092737
4710545
9131249
1361754
3274212
9986003
-210843
-391713
8236333
11171326
3564313
5682858
3639714
7941248
5518830
1272595
8178290
10399865
3539343
4629800
12552155
2433699
3584907
2623039
2195280
994019
5788092
9259008
-2907271
11494186
1131738
5872617
2918443
4680503
3546790
3286809
1030401
2020217
6032165
8095419
11295362
896125
6994731
3899060
4960149
11461740
6196877
7630613
592133
5622343
3601751
4561139
5644947
7009093
10912299
9734542
5551496
7791844
-896726
2416521
2108555
1573779
-452797
6864263
2198578
4452743
5198186
-4925889
3609822
5993723
6715436
3166363
3384404
9745643
4942877
1579352
5362536
6039934
3983086
9028708
6226265
8612066
4076405
8960444
4834925
8318666
2422761
-1326481
2714651
588211
545845
2684591
5307795
10953793
-1496454
6747290
4274934
1432533
-1860710
3371293
7526262
6225902
1521438
15071368
4335179
1889030
2535276
-648822
5525564
398006
8047626
706352
5652914
3232976
9527896
-2865596
-876357
612466
3710753
4314551
4425225
7964750
12975589
3703839
4469040
11905154
-2659327
7556933
9510810
10765491
3177260
2537744
5837834
2107063
4944859
-2004494
1518448
3451435
5144574
4112707
-1322528
6130074
3067324
4903679
196499
2526071
7022897
4788271
2698882
9254283
7811359
10602248
-1236414
4204330
7471440
5442858
-2818921
9948627
5678946
4260068
-1099357
12070211
1367404
300680
3895005
6261199
9814100
6219667
6406659
-980108
9042263
3820989
6206961
5958118
8238636
6522576
4219083
1138714
439845
-1590059
11557328
4874949
4165815
3248197
4361290
2325406
9531464
7949458
13488696
5855114
2621705
1280976
4294302
7127330
4325841
6432716
463947
2194974
4807273
2330196
-630730
9912439
-2546349
5422221
13510568
578278
12629251
189826
1449009
8714631
5911164
2563658
6193968
1635315
6332870
4221840
11026848
1289631
-740829
12173537
213068
3625095
788048
4706868
3396317
6312672
11647551
908213
8386252
1920128
-1862255
8168379
5071988
-2704887
6734182
7047489
14967121
10597244
14988681
9500783
2287534
457343
1005692
3949734
1280112
9774193
-1498835
7911275
933757
10749560
3636448
10357842
11083110
5397850
2886644
3428520
-3278037
8956512
7789612
3265870
4911569
3156633
10007926
7171011
5538015
2514109
13248746
-4313235
5181737
2854752
-184554
2317331
564106
5728745
9269315
7143581
-535872
8798102
2339335
10861668
10902627
-2087890
6099212
-3038228
7534162
467659
7478935
1413597
10836744
4149644
6777227
11220019
7227747
2192601
404143
5672201
-4328636
4489576
5007770
10948449
2576754
6299337
3640154
5365678
5464551
-1554383
7865207
5214842
11072701
8948584
8164608
-495339
2972806
3056876
6157379
324582
-1659142
11390344
5685321
4727006
11139291
2420412
-975897
6700715
8322733
2540288
-93710
3086931
13690475
3510793
-2249686
4744340
13653673
736389
15272052
4003786
-46633
5438400
-1473367
5593643
2388008
4688586
2712910
790987
5055326
4021630
2628207
9767237
6392258
3989096
111148
408339
5437869
2771187
-602745
2055012
2089582
-620753
81278
-2252015
12840306
10426692
631705
824650
-1356564
6803148
-359681
11767231
4292551
3764028
12154365
-13518
12576041
780547
2461946
1538495
90647
2322429
-1312973
3445454
8139616
6739162
10248591
2833980
1871693
2937939
4337009
10986741
8733515
5226393
10794082
6449389
7246652
7116195
3333743
12152483
270003
5952916
11392988
-1546010
10516532
3397339
-801750
6631430
413697
5330603
6850151
9748066
10345708
7111404
7940901
575587
6435540
5131332
10821550
3594882
3231805
8611306
2452154
3398928
4849700
7924920
6945838
9780466
4387813
3480713
4185589
10436029
653876
9989730
4955214
-1747877
7027326
2298106
8282314
-355188
4183990
4540338
3991544
-3001547
97095
10256312
5110143
3736695
-1838075
9524136
6628415
12768671
4937815
555641
2790637
6534178
4775570
6083058
6644679
5575140
3910782
13277945
6847307
898076
11363194
14602707
2539031
4052957
4351009
4282348
6355140
2686650
1276838
8569590
2027550
1407095
3698589
10341676
8318139
6375050
12945
8500361
7932041
4911450
7453814
5268487
3434386
4247140
-977785
3981030
2256408
659272
6957066
2696739
5267073
1530967
-4006458
8262946
10547949
2589454
-263641
3905921
5689916
1161378
7589616
1791347
1765514
3304038
3398987
4868752
5926081
5677615
12773134
-2331466
2027724
-478069
4099668
1207851
380889
5309509
5017912
5464234
3321558
9168007
-635755
7813880
5218314
2362366
11055388
1349255
9245029
3483877
-1268582
4374382
3524873
2013262
10265346
10554811
4804565
4592221
5496843
6733802
-309219
14208128
8030858
11015090
1440560
3181695
3144933
10690757
4091361
3841052
1007110
6369909
4730603
4682534
3852185
3438662
1771175
3643564
1110456
5033691
723840
12220801
8452851
9625298
3362734
4191725
4915582
-1585343
14402183
12519110
3743033
1783569
6356152
3652613
503972
4410119
275920
2383796
4610212
11587687
8299150
-2158058
6084351
5016275
651250
-4990337
7449896
7664135
5718908
11481667
5597651
6537440
7063505
5829875
-4516428
1930768
-2595394
1469736
3198314
8069915
9006129
6482797
6816021
7379469
11371654
-304798
9559515
5022727
9809156
2476810
-725790
43996
4799329
3396732
853198
10028937
3335017
6007212
1266696
6847350
2572319
9173612
3001920
8043562
8870102
4979157
3694586
1511325
4879999
-1366425
446404
5645306
2685373
2270781
7597697
-262937
638153
10792818
550772
8669890
2874173
6446112
6859956
-578705
852667
5601464
42710
2819212
634334
4463150
7635350
1934155
-3146859
11399489
15499157
6944681
5656588
5707373
9486942
5040699
4270160
3008271
6908255
2362968
8262519
4319342
4473107
2488123
-283013
4963145
5607410
2527596
3516400
2672062
-71079
8512693
5383853
4012285
1949509
5982125
2717586
486594
4284075
2135597
5014313
8267225
795516
10698949
-961668
2865634
10619729
1484205
6973325
8705026
-3605457
2122884
4894641
8021130
9060576
12436927
782221
5841049
5528226
2028078
4876454
6348963
-567028
10958293
-2075594
7493365
-1115371
1678217
1247955
3738562
2665645
-355644
479151
9206703
5949403
8121982
8345668
7696961
10464166
3287486
1420706
7784320
600703
11339898
4362162
-4295963
1166723
5229319
3158563
-1394020
3310091
6300164
773196
1341444
2187697
9962535
3901746
4335180
2219342
8273475
-1088133
11988630
5885059
9084134
3384760
11049836
1576171
122300
5153600
10821299
10862746
4488579
7494000
7535953
2631344
10725203
5040740
10845064
4045429
8588397
8699931
4337215
13904603
3896679
7314416
10916846
-1455375
5160420
5851326
-919824
5310119
9237203
5534348
503332
1533058
6273837
535978
3379587
4433939
2192092
9942806
1593562
3709708
5856541
488122
-196901
2557306
5320528
-3865479
1339445
5986033
1867388
-572815
4876693
-126258
534565
4439340
733595
5137182
2235418
442031
11429454
2053022
12836884
-340633
7885243
8268723
12574939
4980518
4464465
7307508
6154733
4388538
2201232
3926899
1317442
4289083
245898
4179742
1478701
9680799
1169401
2268282
890518
1298601
9838218
10092263
9697160
-770364
5532891
13763364
1763487
5949991
2894785
7740731
535068
3458900
7449115
10685910
3931938
5286778
-48613
-171246
10925917
6047297
7183366
5048363
6801880
10955652
7775410
-540657
-316326
1833814
3196893
-420903
6280434
15519230
3944006
9550577
1941934
1725575
6283951
4713810
6521286
7738772
10855970
2296528
-122660
1761602
3050256
9002129
11919631
757206
10440009
11084016
6450039
703476
6973416
-857593
2247816
13346460
14336430
9373265
3426291
2836598
7592922
2550444
5472095
3745256
9045973
-5099064
7833077
4097169
6278540
5984821
10132514
4471310
6365246
352099
907942
1618513
2488459
2484859
2821076
3604417
1822742
4123203
5209939
6683772
1689430
7179155
4002102
80358
7928846
6991906
1858612
3514750
9429329
2306145
122994
2278897
6073505
1857521
9277972
3868601
2018205
11712805
1917506
6039597
2375281
8978446
5778562
695424
1151629
7524966
9371461
6219190
-262435
1133734
464283
6660483
-28682
9175119
2607516
8434506
-2140406
3941648
-24447
-684706
6708993
-3761808
4598216
-1445210
4093278
5857206
26530
7629303
1315436
7846341
6758803
6413668
4003660
1352896
3062734
9425403
-320242
11191117
6341964
-119295
-1657758
4619976
-150271
4692826
1865672
6256927
10837670
10490330
13048696
3081235
13242513
-3163407
869138
7837408
4609907
11915764
4614692
7759991
-574397
3276810
7574327
4947653
8672840
14653233
5313922
-1367292
7928288
4607484
2981792
3841925
4114309
3509247
6361362
7074450
11969915
11348543
-461653
7917951
3193236
7507874
-264223
2023432
-230950
4429910
4835819
1205745
-2440371
13438928
13610938
3522806
4692327
-378222
5858123
6292856
-1529274
14006472
5346533
-1475014
8518684
-97252
65102
14490510
-31195
-183863
6640350
1753763
3059959
8336362
3247517
3599087
3026311
9488431
10934845
6964389
8228599
7918850
8689723
3931172
6015198
9854055
1845902
-1282816
-742387
-3597152
-2806441
5092918
9351122
11879791
10997088
7850618
6339799
-65170
4909078
8304656
-826072
5741594
6376374
5238435
6759426
4957147
2651727
1953975
5901958
6005462
494382
3277766
2656850
4344724
7405711
-350073
4087698
1565524
-3864314
1294354
-1100034
4996228
2984953
2598454
6279343
5196261
6327938
7701006
6879076
984370
5398066
2424089
8973560
5711948
1732114
5325756
7368027
3144614
8595717
7289018
2777927
-3657748
4863058
2825188
2111308
1457513
2793045
-3383686
3075210
5689867
3776669
2700517
975368
9270113
10918119
8556011
2463764
3637
2485452
-1068642
-867441
5919987
4183603
109732
2536697
1660032
2108031
2638309
-2425745
1845081
3300054
3890621
4458612
8452561
-2801683
-706090
5892885
-2303079
4156564
666332
4577996
3219982
4741022
6483429
4377813
5679979
-2611643
3241699
8889040
7354602
1337474
7882004
2946949
8958365
6680349
-117965
3151353
4536026
8263891
9783622
2391564
3466457
5875927
1633732
1557201
5727916
8256696
4952659
8177571
258806
-3287370
1764503
-822244
2115314
9782526
1645570
4011096
466407
-148394
6353584
175875
9030343
6476609
-1756192
-1608013
6140911
9131411
8396337
-936771
2314156
6718738
4820313
8511957
5353122
-1428901
3380112
-4827205
-895963
9185561
8939348
234516
4624198
7146335
4607508
6876048
11697880
12990786
5654576
10611003
5371906
2870628
7259904
898530
1751853
2903099
12080473
1243282
689511
413796
-487468
1703586
-341118
-824665
11308021
509562
7096217
6315447
4603509
3933837
7915149
2408135
7477321
10221489
2120651
11226865
10399694
2916218
8287815
6572301
3794496
7100821
2484674
2982486
5272061
-497248
4389729
5916625
3793327
5854443
12819236
-1481688
9169845
11629110
1725590
6441776
4729148
11270542
1341527
7282481
5133967
8449149
2875895
4993279
1921144
7523409
10820734
2749398
5386882
12817430
2433100
4036434
6457655
6090256
6420691
-553272
9152856
1405544
11197840
579436
10179037
13469089
11645983
7682908
1727807
5959333
11916143
10345309
1081945
4994353
10328989
11885285
10395215
4584021
1030976
7631027
3706752
3885086
2405409
4349761
1430434
11956143
6750882
5242524
6004963
5012256
917660
3145137
7915778
4773935
-168217
1292794
4681935
69988
4602051
5072299
1513139
31182
3488771
3601831
-356612
5852004
6145990
3447083
13478413
5077237
4723915
5023754
10443258
14901441
5187930
1777375
7680708
6539973
10648889
5051946
936031
8251226
6274465
5861663
6742584
1066760
-686679
4585725
4424762
821678
11635844
2626690
6197586
11433159
7663709
-710645
9199381
1060272
2529968
-1961362
-2084424
7271113
7683272
5561791
3175891
551425
3244968
3399937
431212
225415
3041515
9056027
-526784
9775304
7649586
-1025043
12036795
5149279
-369984
10695977
9092378
8096249
1228408
11135643
7901175
11054465
88174
2256886
14348305
157606
2684089
4310962
-563161
9252155
7126402
2414618
4370206
7742107
10606786
3924951
-1184109
15946345
251446
6846640
10148705
2831867
14711044
1264465
4406157
7006370
150574
1234012
-634584
5463053
4852174
4373249
15159557
-529437
7817378
11483789
3257078
9285852
10791056
2431353
2367684
6510209
9084865
10202449
577176
8345693
2750898
13730265
3932781
11687391
8386085
8402202
837037
15001697
2326445
-955665
4636872
6929249
1772207
67547
6635589
-1310907
10233174
13022845
3094832
682410
8563934
6457746
10180698
3745833
9448419
8207577
5854298
9840774
10711820
3892044
3065859
2022306
-3246236
10760526
2382196
1579021
4298798
-1203425
6964415
995886
7311014
5626103
1021788
9594404
11527291
9830570
4276188
6520662
-429739
4677233
3872961
6976589
5778290
-1301478
13423480
1385891
9525049
448035
10527615
8827302
-1097121
4169050
6167845
11194064
2657087
1419347
12960889
2128899
5072473
7959650
8874244
1332533
1732354
5859738
529173
-465673
7819886
833333
3775933
9625674
4936057
2217246
6441339
16179434
1990925
5706735
4631236
9287940
5852217
5862642
4111038
941973
11922534
-188473
3674717
4820071
2329798
-1157745
5587059
-1273632
-441074
2843707
8680462
6838376
3186748
-2427420
5833143
3217187
319938
7744072
12474788
9551251
11289946
12129892
3394167
287567
-881242
1179547
10182897
-2139710
6654021
6034514
8611769
7503647
4481104
11062434
6586634
5272894
2311075
-1643915
11293536
6277031
6331641
9472274
2394188
-1495652
8003413
4541797
2458569
7770334
1207608
1872550
8610256
12831058
4489158
4388192
10184378
6547238
5295238
8540009
9397450
-3580053
2578336
2082518
4371617
11568299
3776960
4540722
5917402
6764126
2380320
8012196
-411483
-902500
5279642
-4157921
7569379
7326542
6050564
1052245
-2605987
4278006
9602191
6545558
6936532
1662768
3162846
10493993
3407383
7120131
3417734
13469635
7519467
6718729
-131133
5980518
4415886
4646037
6104141
-673340
720806
5205978
8675495
6456580
5645445
4018761
5974752
12459109
-897703
-63368
11470463
3886357
4522173
10307838
8672051
12993907
7079084
3781715
875841
7914892
576929
577982
1671482
5687429
9453259
2603858
14183722
-187108
3181079
5149118
5999428
3847097
12606687
16032795
7462945
10318182
8196839
9512064
-4013819
10877660
5397403
-382675
2068627
45442
2646539
10930893
534114
3182175
-348087
8728547
3950146
6014221
3139542
7191385
5706076
5333855
5932963
3755340
1694054
6689683
6640
8538846
7584753
11592171
8818912
3509395
1424177
7447523
9570046
4318951
3315719
9554376
-2440275
-312605
6883203
-1371592
618127
12557934
4984842
10200217
4658105
5222051
9121333
2206024
4931645
2745026
9663172
11440396
8902220
605646
3970888
9722107
13463081
10416291
5169225
-101313
4286831
6348948
3251324
1172151
-2361856
-155079
1763019
8889382
2923428
1819809
-929091
4059013
-144498
6223732
12841220
2994142
5937152
-462708
8831340
6379046
6144828
11026081
-1155114
6542942
1081892
3985315
-1131810
1252056
10176583
1982253
1427726
2662222
3080365
2946617
5547374
8564205
-1981448
9080088
4826294
4677069
2612494
-299008
279992
7394454
8858774
9165183
13468787
12595713
11421250
2450531
2926957
5309907
-2838095
5376794
5865881
2247859
1361289
7502194
7722955
5906553
3098508
9382108
5906759
12996687
5465347
8409297
270338
-1174534
7152099
-2412252
4745200
8612623
2693042
6924989
12108368
5562915
3227217
9701225
5251143
11519295
5530789
4616248
4309520
13644539
9064160
9556490
120168
-1101888
166833
9714643
6946606
-463662
-1312042
5223063
703778
10659887
15048201
-1261071
8764817
2598104
10903331
12490048
-362014
3252077
5708681
4935453
8179086
3791552
5735031
5464165
6754524
2717130
15300515
4667050
7194771
8167471
6983039
5210117
686889
10869917
1166385
2274814
447240
9195159
3364122
5616499
2688184
4771307
2883270
2523602
-397570
3318714
9089909
898992
8689750
4472849
36423
-58727
721073
5911724
5481131
6196519
3674618
-2454678
11504898
-494789
7754673
12644250
5161761
6978026
7334630
668954
5375899
1509413
91463
667066
4306885
13979057
10050378
5189756
-510092
6326803
4120495
11281210
3194728
11885666
7573900
7010127
7305800
-1851415
2121044
-3281381
1404483
1877235
57987
6538320
4641502
10353686
-1101799
10191451
-716996
-34584
1313960
3935866
7687861
-1432622
12057342
4259071
4214763
1052725
1668017
-1837848
6005560
2600540
5117863
8206561
6308048
3848042
1947726
3459339
5207205
5826830
5595266
2833870
3384533
8951811
6133528
3271714
693754
2219055
1041799
7703204
2026835
4354798
13228043
3928565
9282740
5854996
-427495
2903280
4332919
1520700
-1730072
-529158
11436585
4018058
10820267
7868384
6093429
7871137
4958072
4491997
-97250
1837621
646978
9853761
2873807
2568631
6480469
8624874
-2369980
4925878
2552308
2742862
-3576925
5613936
-1547301
7153156
6058411
10137370
6995553
12704897
2289407
3154126
5697910
-483150
-28324
5580445
5954740
-3798190
8706015
626109
5290438
6290517
6893406
2223904
10957458
3935759
6628967
7161653
4274159
4102892
10478260
300418
8475444
3289260
1506405
13310187
4124896
8335725
6515964
11792277
4225441
4275938
6588569
8760137
6859854
1929189
6754052
2802000
10297007
9602091
9275931
1919714
8321494
1706116
5641727
2884058
5946309
11638475
-3624098
12596228
2350547
13454189
-2878898
3530422
-154163
9817417
3101179
10298526
9190864
8054621
709240
2172571
2026258
-1584056
4778091
-646111
12966348
-1050110
442601
5967381
-1506490
5773879
2542469
4303107
7225694
10720814
-1430829
8381992
2083535
5032777
-350320
7664311
6699551
2720701
9156881
3255689
5436627
6177127
-1482522
5683380
654450
6776929
1431423
4181684
15897249
10042589
3406659
-15850
11279832
7383417
3403810
2295834
-912063
3714102
8009528
1494006
6734970
-717240
-2927182
10504469
4132786
10262753
2363846
1111161
4886433
8507797
10463213
-681647
1745694
8031052
3722108
6499761
3377208
8456085
1143302
102500
3910920
2616117
2238793
4563568
1242270
11159169
315509
5854578
3184713
6085961
14848379
6117394
5784113
4994679
66141
-185088
4406460
9341755
735614
9140339
9470104
5230333
4855814
-2176301
2321631
3078289
8208966
5338067
5780381
6813584
1274107
12444039
6285174
-4088106
-3115992
5875744
13944452
5716883
8046078
11198414
-4231464
-865822
3463557
8598789
9530568
11665973
932598
5362846
4731652
3951993
-868110
4151630
5740841
12185428
-447310
7279397
-438188
80501
1533219
7182843
5140133
4339979
4984780
21704
7820107
294676
4484976
2487906
168623
-927797
-1084130
850302
-1362812
13008032
2604455
1663066
4459674
1131499
-5212191
2297575
1565346
5265729
12871038
3160149
6266050
4995495
9886383
3036682
4757569
2916856
5408054
337231
913943
12477325
14268489
-21073
-3122744
10987042
2239739
5853947
8181081
399518
4291157
5904314
-3986784
1060999
3283437
7589106
9482927
3275367
5719555
286963
7736800
4070634
11545335
11831325
1537491
7964321
6043708
8945714
7290382
6312272
9971631
-1284953
10079954
482336
5267973
7805685
-906185
903612
4275023
1227008
7917934
45584
4759734
31149
3305860
-1936967
2820725
2387152
3318525
5987933
8450434
14565040
5038220
5705477
-1042073
1922718
3356343
7254383
3338744
7171580
3822823
10707437
9413560
-2179593
8930914
3039890
2160462
-3083834
5502707
13162629
3112715
870471
-299106
10487508
-1292329
3507009
-655939
6497730
10470159
7591083
6822983
3704475
1041236
2675239
3785703
13411837
-2230904
6951990
4500679
11196268
659894
8919395
5187949
5987914
11872744
8779380
2540824
1560942
8680543
4600364
516815
9059715
-3504008
868978
3413286
1997253
2282734
2943142
2324990
559987
495343
-1343751
3562666
1085009
4751039
1283698
-2902447
1644517
12168163
-2931961
2862395
2908148
7128323
9614112
14758668
5964774
546374
9494767
5957202
12489043
3605929
12496615
4166966
6894210
10828398
4012903
5577958
2319347
689724
13211871
4441034
8262659
-1282725
6258333
7845106
4484215
6600316
-461787
3569033
19005
2760350
-2521221
3049368
10579152
-669553
11800902
-1242721
8120225
6298589
6045506
5113142
7016912
4602435
9990934
-3611390
10882092
1260712
1046981
13277104
2016939
8001813
5307017
3447511
7400371
11494129
4438014
790323
2097321
14157341
16800896
5523176
2982684
3363383
5924345
5225796
7003590
1182789
5208804
1479441
14299918
14168823
5716566
946811
993687
305945
6902082
-437607
8478438
5417487
6721709
3248668
3724051
2799817
12182111
2661068
10226869
6673714
7879344
-501945
6799558
6116366
2615653
4238344
4865350
191984
2967924
7625265
3961729
11855683
10878343
5056998
6965463
11866123
2211961
-573894
4479943
230634
6453344
-2227896
9958525
4207779
1661926
-1869776
1710050
2624294
495343
6625163
7129615
3476335
9272924
4799412
7996472
5160336
9000226
-36530
4491206
5226160
-224734
5019391
5808023
8930723
6581274
7292860
7526633
9949612
3195259
-276198
1212448
11560435
4486056
6095213
3180786
-1860063
1065862
1525308
-4708287
3669696
534243
9512787
4588237
-370338
16011772
3895822
4540447
9683931
3914890
-2305149
1422609
2625476
-3377202
9029156
10540652
9181085
9052892
2425794
7165829
11459324
5471893
2225003
10727037
1218962
683085
3136096
-652505
5758689
3028300
532809
3061979
5326785
988878
5225688
742490
4450391
-3445959
-866994
5659000
7714406
5770678
3944577
10678318
1813022
2787016
2108118
5930830
6620093
9326392
11959658
-1229275
10197203
1013033
5475938
6388667
4437941
10629092
10578345
14098049
3110934
539779
7414082
8611187
9505319
1532159
15137058
5588175
-1659875
-1642849
-1248691
-328852
5856537
5830953
5259907
-149504
11960474
908110
9111642
13385665
8881807
3178402
4027959
73574
5106919
8198074
979620
170678
5065506
3016380
6505322
8374873
8180300
7146485
5079215
-729399
997415
2051130
12005230
5202834
6928584
-944004
3471128
3714510
6441233
6948044
8864382
1119277
1923605
12471734
8429224
2982088
9314565
8635095
6393001
80544
12811925
-1349899
10677752
8563308
8090722
11071739
7968642
-1990954
5147061
2825288
3477692
8782072
571580
6159363
-1162924
3636681
2491984
7932740
14925173
5347268
-725861
2205372
4115233
-2377257
11104618
7676667
10697123
10648632
1740598
4406008
10337371
4740523
5685287
6023762
3625032
-1610473
413955
8574000
5810425
-251774
4468142
7820409
-257313
-1283194
8770105
660069
1360980
3065705
6968018
529981
5441267
3022454
2647300
9971539
6546310
6305941
10918211
6112481
11694864
-967050
5446875
5748933
5131601
-1689874
9308533
6548541
9226724
-72719
12761029
2705725
9970787
-1366112
6965354
14388798
10803647
2820236
3513547
12282199
310422
6893983
3717124
-791672
5696386
4140461
7566740
3724342
2223568
3999268
246659
5196264
1685466
6654212
11349890
2098538
-57438
1045731
2496183
2917557
2337152
13204570
13612053
8713748
2227771
10372216
1221149
-673505
3753909
3908198
14224169
12670714
4270842
4226433
4443528
5274973
1947848
2046327
3399783
10723495
9108993
9840623
2753359
3199301
5375049
11222767
9417391
7653587
6164956
6344181
532530
-3665990
740821
-1125114
-1414183
2970109
9414227
140420
3835215
1579805
3381925
3752651
7460960
2925612
7437804
10933018
4312841
-908002
1142749
8400400
10216640
3665862
2334358
2832799
3929243
4555465
2018269
3098075
13580686
5008530
6210635
-2949720
8954790
36788
4993371
5814351
2288521
9441387
5708613
3143978
2242193
5360384
5248274
-264574
-141755
3524186
2988785
3234461
3461090
3620465
4900711
12591500
-746620
-1251525
7762973
1364578
3023032
3600318
3554837
5682792
602469
2325612
9469356
2962939
3989192
11657706
2533398
15175240
4640863
13518869
1595172
683250
2205904
-1080859
1727537
3133883
3623641
-534080
997613
4985977
2943033
7608640
6531953
5199900
9094227
2635697
5010183
10892562
7380835
7859499
2034948
-1312620
5156649
5354794
4492956
-1791518
3134166
-22815
6015502
3297930
842704
1324585
830917
12130000
-875248
3834870
4956266
6434621
-864645
6965058
3608986
7908120
-1933085
82047
2548338
5309940
3643619
2862093
11262961
1361295
9288721
9981057
3138254
2853336
6575680
-960904
139337
-144222
-1440579
-1385078
5121992
10700955
3171536
5778168
5972543
7057495
2249956
5948519
7717066
3132225
11672646
442168
2886891
5927287
6054009
13305389
12518003
6508290
6219855
3362882
5370023
10571189
7767957
3640491
10514389
1191409
4575282
4291131
6102061
-1212363
4018834
9468285
11011029
5057923
8334815
6040492
-130074
8738683
1449913
581308
6934850
5212496
395448
5017490
4296728
4005323
2032043
8401552
-2887121
5216125
-3423126
4625812
12196047
3255181
5352616
6765586
3033712
5559298
8397111
2638444
6832317
6539807
-882606
4906678
7339282
9736227
4663794
2203182
3044092
7223041
1436578
11750653
2882035
6166701
2973301
-525638
1642223
9628854
7006197
5481876
10853863
9309719
11284628
-1170299
5375012
8397869
2114453
13242717
253864
7072636
6544333
4269665
9623972
8725424
3002341
2886368
4961689
8044676
7934688
421486
4314308
7099650
290578
4756110
9525481
2579499
2744996
1976791
5612225
3193228
-3197387
5071107
7436079
5678007
4110793
-3708560
3891557
6657806
3736363
3941726
339424
6787470
164883
4886728
9566556
4693928
610634
-858967
5742857
2038875
10047992
5898642
2943116
3018908
10406830
5369599
4639999
150965
6905443
6490003
1082944
7703043
9955668
12631614
11165752
7687680
12430624
9918083
12844533
10461142
1242378
2776543
4089179
7398688
6082178
7599236
7628779
3647798
4705862
11649522
3967517
6319327
3547786
1572409
2392015
15588549
16014023
4340517
4119785
5237282
-1053795
1862618
5179269
7201725
4224540
-1663596
16291481
1599569
2051516
235581
7470857
2214995
3310324
-4416250
1410216
3106909
6605448
8454313
2905194
3040454
6197255
-392847
9032281
5501638
8158680
4886521
4355024
-165228
9281495
-520569
-254039
3183840
2092668
9517032
1300654
614688
1214865
11250962
-1338699
6916017
2426716
4516938
-155813
5349931
11202587
15183130
-1448535
8915375
7169300
4156419
3980721
913772
4954474
8102119
2129841
6369168
6652930
8902498
10070724
-1553868
11452334
5486245
4993755
-238756
14291629
2341801
5574493
-1753411
15043312
9019804
803492
7707135
-1187417
11264586
-2800302
6482057
2512669
676192
8470430
3553020
617982
5254226
9163580
10664681
7967331
2735237
5251830
11314038
3308166
6885677
7494185
8154677
5519560
10937998
5637840
4247334
3949070
9855738
-1132318
3398001
16034931
-314812
133457
3125684
-3236100
2198969
14857709
4570185
8152399
6301448
5493953
5216044
9441837
-324841
8289584
570008
13806795
7120123
-342090
-832198
3423046
873213
3292648
2779740
11748519
-1267011
-2885207
-4044880
7490434
1859673
9106425
2946985
-190836
977464
7086949
795536
5392954
5935627
8940654
4456904
459883
1186163
5702081
-1940793
3902693
4641722
-1218146
5282637
5631925
9417226
9718797
3797441
6173263
4766129
5401419
12743215
2468066
16491218
7366149
10460367
9927875
-1546301
9364309
200948
9323969
7563333
3697593
9180213
1846783
8589642
7844907
10136795
12010307
6526035
7243192
1227430
4837605
6835048
3964952
10780123
6920840
6013705
6076683
1407952
1271693
9664776
6444127
2121855
6275687
12025
8653601
6297722
4704872
1399881
8676991
13746994
8992836
2280323
4575017
13078986
7549401
-3431845
11623578
6025252
7149167
-359024
3825286
1512449
-1250922
477053
2261310
9395135
4240286
9985877
2734868
-352152
-2750366
8265872
3982810
3034809
2442154
6565064
9432881
4054011
3109598
-512112
3784104
8381735
11649812
7025523
13497148
8476634
-620249
1513084
-1064924
5304897
-3015383
757641
6169106
256738
3920229
-1435208
82016
-3914765
6457497
3676214
4446855
10441313
2834205
-1724792
7958756
4652093
6110714
10992301
4815298
-1062230
6416278
-990491
9571777
12650288
6602648
13740670
6177673
2577451
3368795
1223472
617431
-1900297
8362781
4453412
4956386
5968295
9256578
-892875
1797643
10199157
3960210
4143008
4704524
1643385
7010397
4903359
2023118
7726552
10963962
1554387
7481875
8476539
2784076
7532736
6837987
-3670126
13986409
2962623
5124586
7537792
4093246
2312322
516351
-1823182
15274789
4867592
-4156119
12232075
5360388
-1426496
4785310
6771873
1452292
4687047
6619265
-3928996
536338
2383406
-3273167
4625995
6528984
1206027
1351578
14491096
1018593
1380009
-446656
1534480
752544
1110904
4375446
10907042
2422626
8782210
1066992
6470571
-46937
5382112
13453628
4706486
71203
8230463
11787370
3815277
7161965
11173218
6795893
1456508
16088968
15947291
6668759
11231017
-261371
-252832
2266481
3823870
8144530
3456659
4405855
11162913
2007384
8953657
1263909
4301511
2919049
12492687
5922038
10375177
5764711
-1678236
4614343
9194692
2793983
10138492
3231653
2415318
6415961
3153998
10619902
6459523
9353244
-1762687
5517441
4800856
518555
5426869
3594784
4454086
638194
1565295
-833710
4950174
2963744
6517336
9370791
-1535252
6208955
-785829
7198922
-2198902
2119762
1017318
2993716
-611720
10962057
6320675
3860885
-252088
8613331
12476556
7909240
10925520
6009115
3741637
7217728
4631062
8078745
1565565
4895567
136283
8088669
-189682
3466037
12218832
924239
11326358
4289670
2108750
2530373
2346004
5715266
6324433
7111606
8680712
7030815
1834296
203649
4960357
-1601445
7244849
4447855
3133310
2791228
-853516
12154269
6792080
6672874
6616942
8572849
8455377
9926616
858967
11042635
13825282
14078026
7151077
5806081
404615
2375600
-1343463
1885178
4217139
-446454
546433
-1318322
15179192
-291754
2802577
7816788
6017111
3752638
7541494
8841379
12857823
412641
909986
8240395
-981204
2854756
15894227
4256579
3395887
-1543470
10348620
4371799
11527440
2575212
1104312
10968018
10874007
3357040
10514668
11943339
1809942
-280905
-433400
2948026
11665578
3664664
8547397
7285601
-571705
4882814
-3373957
-1664439
5846201
5357148
6845598
-1036491
11632902
8232646
9094077
11466069
4904325
4759426
8334276
12307651
9709314
8245569
8951722
6469083
390574
1834948
14831509
4237
3177352
6556414
-2631678
8828352
6438782
10590592
1998784
520074
4098568
873608
2608880
4595990
11152958
-2072072
3556392
3729180
4626839
3787292
5498797
6653731
5132861
3639531
6011534
12277717
4499068
2920226
1794322
3632535
2546915
15892341
1824711
-3242167
1365050
5489628
9734611
7120509
8151107
9210433
4269250
1263060
13968126
-42550
7036657
10354538
-726617
3115907
2392554
9624338
1185606
5183519
1553339
5402935
2700072
12480503
14111892
4177357
-498067
-1955817
401806
-534448
5637792
8978513
7731033
4920957
5598420
7752074
280090
2286939
4335843
4882410
2325886
11519855
5691278
5389501
-1625998
3715151
4534711
5165488
3433118
2302115
8757115
-2242284
7910056
2619358
5474489
912661
1443084
6679387
5137914
3230667
11011152
4714765
2643482
12809437
-545867
3602729
4875606
7075310
-836270
6470944
-2643742
768396
-329941
3046514
-3685502
-3251993
10234265
4559540
1087462
2392308
3242961
5320664
5965055
-737190
11394634
543144
12427874
-1887722
7213016
12807609
10416799
5079785
-1727050
6743884
-2074018
1941591
3961720
675922
2784790
6864283
13701992
2902618
2905139
822184
6351009
1860943
4574523
1876940
9414170
-1455831
2798925
7871165
3821813
3173819
-2666654
5476458
7940632
9324717
6189122
8796175
8032127
2906968
-1339508
931932
1577259
8147366
3874508
2315751
4311913
7395903
-1772085
2223689
6399579
-559404
4124249
1155349
6592100
4012992
8880579
1651603
10166351
3087057
14303576
2815033
10953701
8307733
3701313
4425628
-1098202
6777326
3290125
3497868
4406346
-661616
8467034
10517891
5722824
11330282
9228756
-3361892
10819730
7977998
5843009
148326
-984406
9186843
9873742
4369490
8299703
9741136
11277607
4023854
5570508
8927662
5094566
6233164
1021706
4433723
2996141
402217
2815600
3722008
4932279
-2066607
11587401
2475791
4482570
5570038
371387
3186858
1322726
11390631
8807084
6353758
1528066
5290960
13684316
869242
3126787
11111752
6373845
-5366
-271326
4555497
-2301524
2652306
3437781
6213860
5166559
11001344
1857433
6316078
197042
3100014
5271085
891687
-847329
3094221
3336943
8526279
4462623
415485
1249553
-3258816
8131974
10331636
6462304
9808122
1105312
12370289
6768679
-2466097
7645071
5171968
2399128
-430094
1605263
11892592
342257
8576220
6906639
11962955
5599519
3808738
28070
3509932
5458723
4640439
6097582
1435114
3719946
-3789775
2097729
5003568
4746671
11633299
-220021
2062991
8238333
11047783
2261930
3349061
6506198
4950964
8790826
3067089
10943349
7288418
10220290
5486760
8148767
2946532
5376398
3931761
-5782325
9942198
11962169
3605652
3265654
1656970
-1243853
529052
5213954
2692746
7264554
7842373
-183486
5992212
90179
9536170
8499005
6522299
8783749
3863996
2602047
4841218
3459991
9890471
8779684
9976062
934945
1821226
576960
901103
6399877
1600791
285687
1399064
3511015
1622987
13555727
11612364
-1695307
-3326994
2051117
3100292
-833265
-458771
-314115
7283673
3786589
1251417
5281207
999915
11839618
10639119
6984401
14066683
5076312
10908615
6373039
5123122
4386475
7099277
-185720
5041192
4747188
8627234
1298867
9378564
6901230
742326
431827
9495015
-2629384
-385237
4054016
2503731
336018
3566901
770853
4935170
1158533
16460791
4192439
1543972
4505830
8310100
12799728
9542324
12464549
-174115
9841499
-1614882
6781325
9518603
-136701
1168827
8299311
5596612
1118316
1771687
11315014
9216041
-612507
10888065
13935142
10367204
3185179
8102183
2167989
3006075
3056923
-2464897
8628933
1381101
2137733
3945579
10557322
5552095
9861707
2264118
5099062
9822868
14416159
8462798
1611775
974856
1283862
1347103
2281632
5662172
378336
5860681
9829524
7274802
6852920
6540836
7034179
3199017
7360334
-1639687
8561503
6464325
6115324
4634720
1417907
-633556
62259
-133362
8805644
3229296
4681277
5189512
4863543
13666363
10930152
289286
3406619
3985289
2244665
5073527
3794204
6151128
3389580
4930326
6269560
13244163
7315670
7645537
15554299
1230733
9167498
6252583
2207710
2306904
1969591
781149
4878480
5230158
5186567
-3443715
4868388
6912955
8272125
-1323098
8852912
-2087525
-1329202
2170365
3437878
2549037
5528599
1494131
2348470
8562092
13225794
5271066
5679237
1133049
-4336619
2601989
5378563
8027161
7752377
2775843
4423838
2475839
6859881
10953372
8506987
7325697
-1983459
7709268
780767
-376830
-3201742
1260176
2452535
7592018
1706924
4685475
10437801
4463084
9586354
5041648
1807239
-1194042
6761556
7253310
235519
4609795
4119269
-1466824
-536628
12638207
2218707
3438934
6398131
16022806
6898093
4739789
4173732
-1306486
-1848902
11486923
8413787
-3210591
7174889
10519102
1841899
2923592
6660714
6332043
11964332
-860630
9024627
6595988
2806735
-410613
2494640
5559101
-3648913
4710755
4145954
8286371
11289578
13626605
1888597
2127288
4567485
5982008
5948522
7292288
4063175
-1715271
10142635
-196649
218981
7088010
6370247
6298111
2603553
3013529
9542251
798589
1244266
4155823
41140
4030331
6064683
2622632
1675051
533726
10839655
1706525
11839137
3173415
1568755
2292626
-630353
2475056
112095
13984871
5291704
11458902
14881429
1767321
-2725780
11072134
3807345
763446
-1819503
9045494
-48723
1636541
6668106
8097778
6912738
13130632
7990314
7736603
3375261
4665765
9515126
-1943452
12879464
4111306
1500850
967422
-1547077
8439936
9954947
3954762
4314062
3404486
3049898
-25195
2059272
11022785
4700819
727772
-1235287
8311465
-1329952
2028234
5557719
-994733
4569250
1270023
6516892
-950229
1833204
6415928
4713420
8084625
12258701
7061644
10592451
378648
10056931
5666919
-1128392
8473948
8474355
9476238
435893
6160935
2876789
7729938
8566143
11728287
6047077
7006785
1977772
-1543102
10803376
8591177
1479913
-389251
-418495
11643696
1618985
-190341
10608884
1498153
-1966943
-712915
119037
5514518
1882934
2031545
11765709
9441439
-619125
1143653
17378
3327885
4941565
5823398
12727843
3498920
8228052
10501840
5368851
2081980
8608923
1176946
-2123951
2628735
9120245
14373750
6643626
-1259126
3688340
10601461
4152921
4195629
11201895
4381036
9462949
10299570
6549012
2369451
13276824
5688214
9980831
1402796
374146
5283164
-1192620
751089
1840932
8525639
-770937
527242
2146766
10119644
3755069
2825333
6686495
12916278
4197454
15692554
17001610
10330396
11010144
9659318
10291169
5734874
5619138
7118510
2310431
-498044
2135648
12630725
-1215372
3017763
101126
12166836
8196461
422457
3067564
4201364
-1888869
2813785
-156989
8298660
6526605
6202896
5857785
294230
2567047
10351867
5675825
5716533
8888572
-446985
3318395
7370565
7216308
5130168
3247575
7281837
4615716
119120
3813993
13152687
3115190
-136835
9854103
12550212
3078210
5320618
1759185
9973509
5510624
7013163
4287733
21641
4147813
4323026
5636821
11130101
2692715
4590465
279482
6045171
3247086
6687154
15541758
859054
4540693
5366854
11072553
11302594
2750060
5058590
2634364
3469698
2615939
-2997864
1055575
1018692
987314
6238897
809170
3507456
6764486
12584668
-537142
3387160
5894985
6403415
712229
5485845
1613128
8702610
3256759
-127910
3243002
6311513
1316418
8786909
7227257
2598957
-295601
6621473
-327532
2368556
4885898
618076
5689588
5837100
7476850
2475490
10038162
1731423
-1856745
5180668
7696035
5374858
-131925
-1401265
1709791
6185715
9844017
2781598
1668546
13726927
1330022
-3074038
4363183
-17095
11742716
14998015
1321853
6678880
2048643
3543391
15522985
12301940
960957
13576976
11136476
4529289
12640626
374901
7199135
5536613
-2275398
5387652
8212049
-1621472
9302909
12246318
3687233
6931685
12862982
10492448
-290454
4574060
11342399
7082016
6059268
12406672
3657375
1282466
10529369
-355035
1684699
-42770
-2218707
3690953
1311599
5853426
4224098
3191821
-54955
1284500
15509604
-3846871
-912916
6138596
582665
8773338
8152303
2384683
9742273
2956660
13131217
6090526
-3116903
9637654
932557
8878150
6624760
461463
6121187
10490728
5261224
8624355
5123288
8841479
916401
7326457
6112257
7282562
4137936
9357025
4713919
-2454375
4732185
12696418
5119038
1409420
12407363
2378948
13707782
3504905
2232559
8785683
12896360
11126572
5239008
7654329
7193437
1215069
8314171
9931088
3716603
4153390
2177607
5590238
3437711
5072630
11379224
-1076959
8769201
535329
2797346
55284
3467924
6855769
3790377
2913087
7003974
9877218
5072093
-855522
2479515
6232079
1253557
5582260
5328766
11847490
3576771
5477788
4283309
7069175
8576361
221024
2841326
1298212
13367785
5261681
8841741
10443675
5281651
670356
3120480
5945610
8293604
11480189
-337510
-542868
5996438
1815428
1429967
8302990
10668193
5999836
8393214
8054270
1745564
5488608
-305682
2637290
116795
3663646
7564894
-485173
4514168
11869613
10514705
14646281
1249021
2976700
5651047
-991925
5938855
4906097
12982301
-91867
-386511
1504974
2210726
-493443
6563754
10271929
5277416
13024548
6406146
-2351403
7110172
3294981
12500339
-2925409
6206713
-819546
2360794
-927758
-582749
1482184
1286193
10001096
1768074
9665415
2034382
3453665
8600044
5081749
607968
6267847
8821572
9716478
4155055
7956153
-2920970
2851916
12111722
1482441
5258614
-925366
-1444436
-574139
8227800
5398584
239134
3886245
7490133
1013665
2225681
-886176
-1055402
7776031
10734523
2086765
4077397
9040548
-236812
3582804
7292710
9098604
5928792
11805949
1090807
5877504
-193203
5636353
-1377159
1034303
2577342
13209988
5745033
11941742
2722677
405348
5404318
13146546
2727634
12940937
8250937
10742627
7646253
9306938
-2219437
6578289
-2863286
3472730
10322619
-214311
1699637
3261386
1371116
4146480
13625694
-548166
3924535
1569907
8710049
854620
3008823
11736527
4993567
4971457
-485465
6076381
4181706
3180985
6292879
7611109
9663410
7979369
1528673
6697422
9872903
10129183
1619407
12202768
9046516
-632596
9306848
11968949
4027955
1469281
3421945
-521611
5921953
4991242
-173438
6089586
6130395
15233668
2927883
12774700
3073527
5608460
6602784
3455896
-815472
9205238
1933454
-704311
7997869
4983598
-775837
8733850
2190782
9527937
3117193
1444757
2562390
13179828
8285597
5631069
3514081
1075772
-2255363
-1967953
193854
9128796
3378170
9339177
12816958
9074515
1565612
7440459
11408633
7963019
7338087
3157903
4132696
3003658
4218458
7262582
1076383
12697806
10247758
10459658
7151454
10788348
11402625
-2654108
11806560
4101610
8812040
1009916
123873
5507451
647169
3583298
8855106
8372875
5982329
542725
8154969
7254282
147723
8791487
13245036
5618308
10035084
9412441
-73067
3794303
956282
7792838
5541021
6285441
5747758
2620479
5327624
1549960
5819135
6253286
-495827
1001152
9146198
11226244
11671178
4011626
2494064
5166243
11142532
8758020
3491807
5794845
634149
1332155
2933788
13449016
792137
5126314
3607976
6587851
-989479
7985390
-1344160
5553533
2096427
9954497
2521284
-256739
13828231
8291407
3829664
6690059
-4524597
-2989404
-463961
1099687
-891814
7571413
8013305
13735104
8252214
-2618223
3719226
1103182
4561304
2569303
11633594
2690580
1747433
8687397
1843554
4066752
6474371
10979430
-814313
1874488
5875995
-4052545
812206
7630476
-144713
10150326
8318303
13899752
10740663
5664737
12244896
3169295
-3073793
11002278
860873
2774663
11593495
2288724
2779661
1218623
11182076
6663762
13647653
7383329
3673707
6449129
-787257
10445245
10674325
5767197
8152557
3300778
10463052
5983991
10081812
-1971370
5829786
12743975
3265967
9363185
2043117
6885890
11844406
3293078
1363327
7172111
8375484
8192486
5204726
2888829
8529508
10522126
-588515
4431007
9028155
524032
12383394
6505765
2830426
9319670
5148524
10521398
13689236
7637947
2858582
9438098
486082
6863578
9753278
6995824
11627280
7297017
5371353
8553621
4387120
9089065
2387941
5435934
12159593
8042318
6884352
7358190
1274962
6741273
1907837
4436628
3408689
7302561
8744694
1837994
2055667
-162790
5085905
6362838
15127096
12092159
8259252
2708723
3057130
10383287
4647563
-152894
6206566
12567554
2065736
-4072245
2728448
5354557
9468116
7249171
11622316
10769574
358678
683287
7393955
-1008227
9612579
4323330
6178469
-2782097
14827115
2430459
2880778
184706
1081774
10431722
552071
14707207
1680097
2621408
-1214584
2428346
6781453
6898698
10174284
240306
11002508
6494993
14914860
8303394
10510772
5082852
3323304
4082223
4638066
4096792
7291292
2998891
3627656
964106
1740653
8784886
11364960
-948195
8473724
837206
-567232
5485487
8726861
3394969
15022277
1914007
2780043
11153055
7386909
4187143
-545998
4931708
2451268
10420382
9323932
5201771
8269398
7433567
3646476
9899727
6633540
1804137
1671213
13071489
5683779
-311575
9270316
132038
-1181592
5128272
-105933
5609316
7929153
3659223
13099321
-1069546
3521172
1526315
8224842
7599088
114013
3164281
11522454
3922607
-1193589
5521536
380248
13547882
-2915957
4425614
10057988
10953031
10632412
1628749
4556327
-211463
587648
3351536
4570252
-1006246
1987779
6081059
6056653
3627088
-3176323
5991804
1624233
7469937
-244651
9730570
10550238
10257510
7412524
5124274
5856477
7627324
4833716
7598137
-668114
3122350
7517816
4346991
3865203
-472004
-1332994
196468
13335423
-562733
6764998
7784381
3538396
1793052
5920718
-33437
2232371
9433621
2881543
482030
2200822
12370551
6560575
-3785180
11595037
8825663
5997694
-241844
11659348
12403996
5632343
-1655187
1878705
812714
3019882
10990385
7194473
1347673
-3594005
4751256
6302113
7041970
6990159
-741696
6721874
3976111
1655564
4305997
4730286
812184
1417620
4235487
3467455
11242034
5660902
-841457
2890306
3943725
-1656972
1704226
5014264
-384157
2294568
9476294
1138797
-340698
7786929
1032396
1803960
6630674
2543139
7982750
7778963
7522658
6969419
12835756
1192418
5796687
3986614
7032452
502642
2374265
14964939
3712578
6990414
7639635
-2201490
4820277
7965016
6451641
6234144
-354407
7329895
4738778
9310198
4060458
4071336
6936420
8053708
2010358
2527881
5150090
12652451
8406981
4950756
8974728
8067980
10511321
632273
377532
5785779
3611282
-920499
4917128
-1133914
-1613682
3958859
2202763
9972306
-1060515
5594104
6738574
76980
2186426
2529365
-165797
-3080963
8600058
1515430
7969564
4096978
3207384
1132593
3268750
3342130
4923572
4316741
368866
1837308
-55543
7959884
4661766
6842432
8198518
3900659
3094582
927771
13217954
6335630
6880207
11347766
3722183
2991763
-1395722
6672628
8255493
9684165
10550149
11896060
9849720
7494023
693397
4088140
3983581
-2197291
6362728
635040
15129501
2483928
3995404
3882111
2583285
10760113
12191227
-4811778
12048691
9316083
2907392
-197341
-2137165
17993
-32931
2402516
3462271
12298748
15219229
6386667
1143450
-396994
6056045
5745612
7302173
3153836
5017257
1785510
3927053
6800173
3687338
7754101
3500331
4539717
8086992
6817273
9397084
832217
3994526
8637099
4141317
5759469
-938774
6047891
11950745
3852003
10053319
10794370
5107642
654877
-2368256
4620359
-486910
529619
4556798
2211774
8517463
5972335
6043930
771007
1308627
6311171
5524017
6129693
2503348
625693
942894
-794061
3154406
13679378
1919664
13891843
-377974
10183282
5160493
10035103
13008539
12367506
964659
-819113
5896275
5508789
-1731445
2742479
-473184
6990171
7766307
15016399
4388790
3396461
10162026
10168725
7021728
9929152
5969808
-689998
13474154
7256250
3095798
7128510
6252020
13299393
1134953
-520083
352553
665173
3888059
3329702
5680097
3834179
1006596
-1753799
3349686
-339761
1226490
-3487976
8066068
5625632
6903008
13375
-463047
10633599
473456
539988
4304637
7466299
5554732
6579128
8117833
8286366
6303400
3067829
4330468
-1196853
6175830
9506107
-1997875
6044648
6020373
9027150
2388626
13422219
5497955
10644198
-1102540
1570035
2653771
1640785
-1749256
469586
9222317
3250431
3757284
7633909
7812416
-674404
2154456
9475146
8685466
4581070
-688317
10632786
6524920
10680912
2064425
2911305
2198164
10384376
459977
2522366
12402747
12521194
3449763
7232
720457
8124279
11043983
8471391
3839765
1003046
2334036
7169749
2025442
3808779
11389323
10315315
13885396
5811892
6617919
2659401
3151833
9846841
2873784
8435404
5508368
7918847
2134407
318682
8700443
765331
6116955
4824047
4896157
-4206474
1907601
6773914
1839378
843451
3620021
4822534
9450945
6423860
12451763
11699887
-762248
12580210
3673845
3517179
2057807
7092
10426268
8595912
10157662
10083554
5773272
8588958
9305704
6542686
3036972
2419614
8115540
13282565
-1702701
8405678
5230166
5105950
9119423
4779710
1668443
6751339
8253762
4996582
2127456
6124135
12808772
5174094
6005656
1604137
8264667
3264233
-3729074
11778857
4929124
6116405
10226458
3509807
2114387
2785845
4546770
4437680
9865791
3544370
368670
12043314
5559826
12928699
6973817
5411556
9177073
6712854
-958477
7330295
8231283
8919116
1948698
5369619
9277417
-5489
2790920
9306387
15717808
7802100
1930651
-496738
-1466438
481367
1467440
10024916
10673496
8585796
56876
2265283
7673051
3076257
5888062
10506433
2328324
7508875
6376660
9656072
5205037
1017921
4605336
1412683
151522
-2357214
4119918
6199408
7060660
6954914
7220126
11454911
8668819
5473337
3042486
4095674
2644342
-178868
-217663
2053868
3851530
-1820150
705149
15353993
5388996
9052918
13854365
2957694
4435002
2010251
316113
6444616
163643
7703885
3415463
16633238
6167738
3239499
11236975
-1256733
8873091
5063473
7316411
9634768
10316445
5047748
-1523407
13194132
6485533
3676565
5516539
2356038
6562217
3289847
9931589
10184592
9608335
888196
1079901
5805465
-48125
2815941
11622041
6707164
1111739
5193010
-191060
8167376
-920973
8197674
7985666
6981610
-1599415
7515455
1170125
10413320
11425021
-680283
4739385
8630886
2746304
9368528
3842216
7383772
8489355
387396
10759607
3504464
6221885
2526038
4322580
2890525
-1836534
1739199
1622219
10271016
7771349
1808670
7215996
-1287944
5548397
-437301
3260180
1132330
-774915
4142577
7076858
2554388
531859
5129436
4120058
6143001
8812270
-624279
1735500
4748842
-1261980
5306114
4054424
4581697
4211231
5335135
650047
6881356
11495204
4932186
13334512
-32974
-4081534
1609545
655586
3310767
-1110864
14663002
10160405
-30621
-1212400
8425019
-931239
3866654
-12339
2138138
8084892
4768122
12541857
9118710
7058746
5959080
710822
10549878
-868276
4876886
8049144
5802613
1211792
466413
687497
3889986
5384898
8706931
-781966
4218114
-763534
3994811
12712826
5963414
5251931
6473138
5774506
5404605
8868584
1486733
1501726
8033209
8914670
-1469498
6187530
4158336
-109755
9331404
11072764
3196978
2947709
3839154
2489369
-1065947
1229623
6974644
1283144
7906859
4718307
4110149
2211629
3856641
2602387
3049276
7933852
8479032
3275588
5105750
6775276
5729761
10310089
1214709
8987690
4881488
4280058
5102258
5065626
-1000699
5163019
3174586
4450303
872363
10120078
10729505
11212165
3021077
4679087
8060854
3176027
3086756
6657747
-326464
5390739
3124219
1185996
5328483
7472278
6720600
6530887
11854245
8971843
11556088
305444
95275
51417
3953902
2075436
8828491
-576862
5478178
10215928
6164452
5864502
11342156
7470149
1504258
7093487
319124
11835348
-1083097
13434424
2097541
7061794
329606
5400142
11047782
5527456
3799462
4184176
3498149
9146378
415005
14694054
5563708
6308754
185820
-1313192
2054645
1854007
-5732681
-1619448
6667481
9855161
9756632
9985597
897279
13242701
6773205
12493928
2241642
76306
1966187
869414
3045550
542847
-395991
-214108
4193851
9434537
4851351
8779779
98839
11117596
3167828
4726693
9046402
6010059
11761597
12856658
611864
7458354
10889237
14554202
3346248
1408703
-765933
705765
7555011
5080103
7465566
9780478
13278160
15285523
-4562399
6411678
692718
9145085
4856432
11011118
9785645
10056191
5119096
7166457
900589
1257381
3609152
13473516
1092902
9752269
6965815
2670703
7048572
1128911
10558270
1621597
5008726
11708974
2477724
482509
10944208
4723518
8612953
3030521
-3957398
2594648
8644921
7157876
12990251
2722116
2623733
-1197084
-1446596
-476679
5146110
9826707
3622852
-418915
-154732
1910299
3243232
-2757917
5746488
5263515
1702640
8184092
1543764
10522851
2270952
9702419
6752492
4002129
5505542
-495135
13293133
1878092
301695
8363502
3371469
6170071
7524919
-214056
4586453
7463267
3493403
695531
2039393
1649265
3244292
4861453
5604324
4561603
5820431
1938477
3680382
11932589
5001856
6808078
6968349
4332471
3102884
-206194
6958191
9134284
5669367
12417766
1739853
9881561
-1001131
2419002
7219256
4280967
592482
3257317
-1032827
274945
-722543
12078528
4170759
362920
1209673
12463677
10698637
8872350
2902371
699045
2734723
4343950
-213166
4242372
5147419
11708620
5515527
14708505
-99230
4695744
3696252
6431587
7769835
10153037
7547418
723110
3936920
16256610
5352182
2445524
5193215
4441900
1811819
3705977
-1539546
2250962
7030715
4826302
3666361
2349676
-175528
1775083
2988999
5689494
14517273
4307263
5475279
2716037
2135963
774011
8690094
5472563
3492257
8402781
-643657
7249137
12673360
5777713
5192268
8126451
565141
1763699
5934438
4154856
9975404
5040762
3850383
5814626
3284415
5756932
-1215228
2601325
4552230
7163508
-1352533
1518750
5989394
5809920
2635199
10509156
7560081
5039650
5528302
8540483
11892981
2341209
10593160
-638664
2700015
-2741846
12619639
4176549
-854254
288295
9645425
4436118
3626918
2302541
8322266
-3176464
9514201
2713462
481480
1131054
1453721
1012550
7486901
5317214
8558497
7148346
-548258
13278821
1154636
13149408
4020801
3027745
13833598
5418719
1558951
3324931
6046311
12750900
3708292
6708328
6802827
3988627
5018436
10522821
3499324
9427295
-1382970
6158470
4761284
1187289
-312160
-1569475
6695589
2108939
-342923
4855167
3652334
9416436
6079100
3425425
10711372
-1445695
-159688
560173
4903818
5732457
-473801
10944857
7464466
1969088
5525705
3522493
5867059
2707413
546658
8056829
1708248
5218252
7973008
2436505
4813378
8606839
9311700
9244144
7831708
10266159
-1086016
-1031672
6141432
2317884
-720466
4837852
3041018
6420667
1917033
3152492
13241348
4684824
13434539
14501183
5545723
-599259
-879179
3861844
7439487
9156958
3495519
232110
1458811
244652
6042686
15934926
299240
1242941
8251594
10863165
7768412
9487973
6138940
2512180
-3463499
15995564
12455871
712263
12403864
1251337
6077706
10702973
-1081422
3696788
9883911
8033515
2946512
8895601
6848860
4876262
1579644
6729898
8600891
2705661
3904219
10749588
3766110
4892004
2045752
7941100
5542751
5849690
6809652
4707078
9458159
5166949
2423345
3601870
3488910
11741791
704785
-892241
6316270
5131164
405467
7556905
5142872
1227305
3743301
2378437
5994305
6859296
2186706
5634178
12278359
1450184
5990279
-1383915
3038413
7700344
633232
3894398
14399146
5882307
3121990
1627041
4361699
1005402
2641869
2820470
5020040
12004126
6350139
9690618
4885951
11407176
3090749
1780687
3804076
784858
8817525
4315002
5258456
7541224
4921708
3851443
1676531
-2698972
-193613
3293077
5740715
2196965
3793925
-2965887
9137231
10330068
9145724
3426396
4880495
-753385
10793628
9603136
3522320
3420579
889123
2588035
-2664795
3901442
3619846
5295327
12689016
555992
4451824
5267267
-7064
4152646
613454
-1584341
11028333
12639781
10749246
4502951
10299661
10577656
7376409
6861411
3106726
8382905
4323738
4542111
-2121643
246724
6538617
780725
6237370
7189190
1028912
-728482
3564642
2376222
11360216
-367874
5997878
11470409
11493083
2720410
13788863
5010417
3393553
8099724
7671991
2831326
5309424
4054267
1122787
6602067
-53015
6991463
12265650
2236899
5157183
4082538
6239460
7536562
-625673
4348990
4081442
8733389
10535715
2249299
3282987
2926285
2484414
6277387
7088462
5213138
6164012
5218456
10319349
3200041
7655613
5425162
3799351
13725114
11708036
8783899
11626
434694
2868701
5470960
2981404
359735
-265600
5691960
7782359
7864076
5204117
3580701
7602779
-1458808
6185960
1214455
5937636
2375962
3527821
3418630
12744955
8503835
5000834
7427670
2966120
3989977
1776349
1125270
7499782
-2144563
10216218
-531013
3105359
10697764
4846045
4602240
3239548
25314
1617595
350668
10234946
7776150
13128046
-786289
7633057
11263414
1243883
4392234
7362173
283236
1543615
-1244683
14627599
993523
7843232
3262956
11196804
-598110
-1071936
1942990
9527365
5509886
5929375
10231959
2979547
3680909
2084509
5351564
-693802
3217555
6126195
10760257
6681745
6229306
10045308
-206862
3213187
12295145
4324530
13187171
3492206
5889919
4720532
-499396
9382050
9301726
2421097
11969548
-920170
2620977
3578113
549826
8616463
1822576
3337361
5275180
11238362
1082747
6116842
-1389589
-246536
-1998179
605840
4308218
1487733
6717230
5580905
-1638162
11936555
3821906
3838847
2411237
-1623918
5636050
2274165
1131349
7233864
6631525
12648980
11609156
2254850
8592983
10712722
2371455
-51229
8493218
3585848
7408115
9356265
-272784
4549636
11336363
5565282
9261083
6646829
9698673
5095077
5108953
5605667
224017
9154986
2935516
1807860
3552827
8012927
-477760
15145306
-4203853
1617448
12069047
-238603
6839201
5300204
6179502
3589896
6778054
15682078
1363537
4149679
4979381
12758690
2281046
3152404
543226
6526406
55253
3844237
-2104512
-1856215
12780657
4870306
996985
456093
15549909
5710518
5290407
-403275
1139684
5528452
4375864
10980690
3311642
531123
5137066
3588888
4327075
6698281
12391645
-2299523
2863157
6049039
5337957
-1255863
4049407
12850349
8352265
4529048
3219216
9128077
5362713
6914305
8916682
10502092
8543192
6514796
6170921
2609675
2502123
5093307
538361
5845765
1134482
288037
5181035
5157031
224371
1639024
3158835
2557721
-146284
2820654
3469626
754440
10740231
8227747
4183360
4647134
-1043419
4575549
3518424
10934791
5058130
3019558
3239895
5277905
324966
4397778
1174927
-1791843
10102077
8915149
2577256
4545427
4350644
10432961
2752892
686638
9539146
1277171
11418581
6998841
-125946
10140429
5411801
9248650
-1068
3193637
7653663
-840896
3833974
5550721
3150516
3195658
4644840
6002918
9685555
-692582
2973977
-81799
40686
4535924
3832186
4330025
3586787
33504
-4207779
41941
2976607
7400786
2042356
676785
9955924
1797588
4391407
899263
12355652
7909561
4906710
268911
8508353
10110753
2352195
5840699
9347756
8174989
14442295
3745669
4529475
4692038
3681843
-634897
-3964417
9882672
420699
5353193
345785
6596608
6010530
5638635
-1475629
6247989
-513811
4807053
5745615
-3965883
10984854
2533533
8941863
11938866
486582
398338
7897307
8286342
-550794
10731750
-2215729
4248350
11536315
4175829
5549882
1424447
1322078
5895064
-3173738
2849971
12100431
5185166
4781404
2791046
9268177
-315098
4178808
4525367
2549987
6346914
1500452
5892325
4804426
5011390
-1053372
1381472
-929669
4763043
4414893
5749320
10953739
3084777
2226129
2086821
9024514
107286
9500257
6719943
3405334
8594040
12462355
10882597
4701462
4661308
4887219
5753165
-699396
3954550
12723596
2889813
6335732
1048012
10676924
5823209
12050334
9918162
6102883
10212134
-1546782
5038837
2467538
12271504
1036257
4789455
434156
9314559
2338072
3864453
3844551
3611112
3375868
15022575
-579795
474122
5095145
3502019
-295369
5571590
8463855
1648771
10601457
2722849
-191932
1067593
980565
11381330
3509659
1280431
6200044
2939491
-226332
12383183
-1301105
5700473
2317416
542457
7722531
478056
-195653
1749807
-2084796
13635582
2937611
8720794
2143127
8688965
3452010
-801451
7488854
394900
4194632
440810
5671590
3468420
2295031
15320860
517223
1907112
3090897
7016615
6731848
2919160
-2470021
1744725
7524790
8698153
12684621
11568414
1077473
9407350
11632820
5387796
395445
633646
2756424
5435932
8988288
12033439
12589755
13696389
-1020073
7448481
3647907
2951589
2908462
8390340
3005755
1583110
1698377
12317788
1588002
-119777
2709210
10448875
-666422
11914108
4901046
-909749
10543657
-786929
2886818
7766842
5264606
5208323
4935141
3526740
4944275
2941946
4566296
12417139
9588031
3458395
9935701
4717150
10396138
11094213
56694
7539425
11349842
1524405
6917557
5935560
-98021
12064517
12583829
12703812
4693363
5233430
3279251
-1466200
3776974
-149002
11095727
-1956358
13661921
-1639133
883926
6967691
12833113
7831487
10552064
-158536
2136257
198459
371264
-1012680
3656054
13491474
11513149
2202965
4785630
-1170896
379521
8021812
2357722
4639496
2092835
1452398
7111586
2624403
-1456348
8977977
769850
4510852
5851286
6238962
6217409
2654744
-466272
8788997
5730773
3592005
367532
9662675
4269231
2782696
3408710
6535949
1607226
12061567
5013906
2227039
3150420
7934868
8822183
6457718
3763301
11015632
15388928
4859161
3156253
7526588
7618773
11771708
2428769
5042282
13595642
8055531
5759300
1443652
3701126
6203088
3719168
991622
-596993
5455750
4512826
-2910369
2253689
3542670
713496
2355422
4327623
5095218
15797864
4025925
904858
2826431
2487005
12904425
3503773
10072412
-137729
12785147
-3005892
9922748
4146422
2549565
895968
7313523
6042829
3160513
-1257407
1842554
8878054
2994525
3202595
5500398
2025319
14166597
5214915
4031931
8140312
2195956
3931285
13090967
4493081
10089764
4970173
11032816
13224064
8124108
5465889
3104383
557985
-847219
1034737
-2552901
-1248199
10657611
5839015
12451044
6560412
7708216
7464982
3852288
8241550
6839650
6238461
-3104717
3008635
13845276
2678387
3320127
2007314
7903108
10021556
6952154
9219121
2220698
7261298
648050
7216799
5531824
4270176
5782860
1468575
1368905
3860329
4832193
8338222
10305973
-2945695
4122343
9666040
-573253
9432367
9731063
1136218
2031755
173697
1136773
7231285
5526195
952007
6517151
-184887
-2158200
9760135
55195
2390317
2694859
1486388
461894
8454495
-573588
1013611
8801417
6250258
-806897
2899627
9095830
1030894
9325026
-1089667
11227766
926465
5876995
1433735
9291485
4377055
13693679
1116763
4012945
-1749848
6394562
10456107
853269
12703929
10826319
3797960
229234
2074995
1106362
13545564
8967616
-906250
9610663
6020138
9012603
8603925
9475675
12048326
797108
-2143480
1119735
7263781
4691930
4578561
-2436872
-1994041
572096
1079054
10084924
2707226
-2669580
10235290
187867
4420079
7866822
-1405124
4592106
-1328978
6351223
4157080
3046019
5254941
6961976
3928308
-859405
3142872
7194205
3028891
6819378
-1894966
734983
4477292
1034167
-2350899
5007360
6471268
3272133
822919
1372918
8811788
3258367
5568334
-1920814
3933615
7562673
5133980
766747
9249782
5209846
3876524
-2238983
10621863
11963741
2253529
1512321
1092229
9082931
1923554
12115924
-4508706
6993559
333228
6477944
6269369
1073005
10998665
-747679
4516232
7626514
2575374
9506303
3364005
4714329
10636626
2734548
-1152131
5367601
2333821
-1202192
11603680
5730988
4196880
7054414
245615
4044615
7352936
580026
-332514
4214431
3553269
15887431
-4531470
1912815
1382059
2282760
4583422
1818531
7565447
3685355
7878931
6287529
8774073
1955743
10551514
1106053
780196
1797948
-1439419
-657897
-3644175
3055787
3586723
-506705
11240210
8074041
2294465
3977674
2823602
11697581
5484095
5191914
3666807
4063520
6349525
-1364110
4683533
7270941
-3824056
1771269
4893981
11318068
4339336
4070017
4953136
5407345
2365471
2332149
-253937
3028682
8416877
2059550
1038991
-4113393
9301968
9726461
6238241
10978260
7421212
6657199
404586
9546541
5768410
262540
-1829987
8219247
2342944
11252374
1493398
4270202
1458266
604760
1653480
6840430
-4190431
1043637
5787558
6254325
1202815
13730272
-4450689
2876534
3985239
1141577
2300433
7261528
-1828729
9288439
11700406
5634135
3162706
-1882930
3764860
2718215
5148804
6762477
3347009
5984337
8448691
4445496
3441298
1637221
1385938
2567167
8740458
-2082602
4726906
-233120
2560913
5885632
-2789081
7115813
3922893
4876825
1843049
1797790
9547776
780197
8131315
6572127
-236752
3300037
4167568
1654591
3168937
5773747
2498985
2322375
-13224
-687507
5472080
2128544
1481903
3015299
1343741
10606819
5642275
3321054
8277687
-2268640
9111065
9847963
6137139
8510968
1311415
7141651
1821355
1077641
6730774
6316073
3318285
-2355107
5513205
3172561
10768832
10508343
-2399579
6948669
-52455
128260
3628692
-5491482
1198334
4129176
-1055028
-348307
-457061
3340579
-1800365
271316
-2009945
13440395
10589741
2277287
139602
-3235318
-661550
3560997
6009910
5272202
8664767
2676092
8313816
6840281
2793973
8758864
-946496
5852546
-3082376
3158244
6142717
9015897
4451959
2602391
2971264
4761511
2342318
6814335
9771484
-2893220
6827677
3028364
7972513
5358819
13160261
6099607
6801570
14445441
583726
3697938
-375610
4497552
3243340
1374421
-240563
5861327
-1240549
6645426
2630503
8648263
2047469
9542609
11229246
-773057
3863699
4346136
10700270
4591489
9839039
6965997
6173524
10137428
6081262
1808967
6724082
2202153
5991310
5979783
5117951
10313702
1520239
3717236
8642235
5942192
11954100
662941
6941366
2804280
3926175
9314255
1518596
8179419
5603809
6313738
2390120
-2787191
3069341
3751871
10438467
14646077
2629225
714308
4451138
10877873
-672478
-22976
5333004
9089220
7565037
4598600
3851683
2281434
5638071
7955976
2257862
5024996
2454671
7601082
7942794
7235774
-1891194
5107223
1199380
9813764
6326348
12216851
3743864
8218992
1917055
9080244
10985489
1748683
3742869
-1385307
4202699
6228821
3166071
6062543
5830102
8981505
3020379
-294970
14800195
-1248649
2155356
3241576
12688823
-2772535
1562140
1719813
5121616
295569
11964853
4823185
9067817
2241609
2009682
2411189
2616000
9838954
1751668
8300262
-400901
8626356
9401552
-25612
11891844
6508628
5841923
1780875
6644398
3285991
6676754
-529463
-38729
8297989
8869049
9469184
593638
6744043
8208268
12925769
-762563
5681276
6868372
706306
4473993
5615529
-877550
3733612
4275564
11320834
930882
-2401510
-7824
1361645
9716117
2582429
1971629
5740221
5893687
6101075
1047451
442968
2282504
12238502
-624760
-4083320
5679996
3139118
97475
-2554201
1900133
-539290
14823278
10730374
3632105
14374352
2975952
10210397
9749642
919067
8056728
5171279
676462
3599946
14487408
6484035
10568203
769744
1315835
3749939
4640467
11260939
5877663
7647417
5563201
631159
9824077
54978
3238430
3683302
5801931
11997780
10296924
4188233
4718368
2716299
5582255
1938326
1380838
11442279
1375813
474946
28234
5110303
5085477
4515517
1676272
5180675
419762
3445020
1602329
6338939
4167645
2448752
5738376
6362151
-333711
1968184
3307408
3696079
3879954
-559558
-712235
9597911
8907762
1605249
8696016
8134698
5086549
2181260
1747965
-2520646
2491294
3353604
11410760
991096
-49967
10617407
259888
2394103
10844524
2318567
5635451
4196192
3064457
8155994
6326872
-3472051
4985103
9681043
-2346858
1426967
2621414
166156
4180556
4262806
7533728
12573885
2077254
2147332
12626088
8202784
-1992178
1574464
11445929
4881420
11074278
4874145
-1145076
13259523
-129775
10619368
3939264
4755673
12308158
-3336893
4288373
12581915
8682227
1288249
-583193
-273799
8542195
4312402
2881112
4098794
-763334
4648892
7116747
10248580
10624709
-3076798
2733865
9644639
2024025
2243998
-312565
3140128
997566
5446072
1471922
4404224
-2727917
9028287
6330520
7007453
803604
3312499
-105783
2857155
812689
12876237
164869
2960944
6018747
4953699
3486007
-463550
-120757
1972960
6040609
2278785
6852022
3619594
3830517
9374064
1674804
4727942
13903077
15264161
28268
-3074463
8297937
4214719
5544208
7881318
4572883
1831990
4463251
85292
5423856
6607681
12878353
8188329
-1965912
9978977
4560862
-2709192
3146613
-551890
188047
1115439
9558489
9410411
9350425
8681367
3562857
-91739
2776704
12476008
7729372
5842987
2533722
13092529
1206984
2891511
10965316
3460865
-2226987
9432819
6454282
6189768
4699920
6039919
8923721
13996725
10694362
1779457
4275877
-695474
4932720
4977038
6351005
6872762
-1458061
5154753
1524230
1323538
-573115
5128905
-398671
8428229
930868
5237790
1320831
10094570
9426641
8796674
3502359
10351840
2880654
6390299
10167364
-523089
13469165
-3160152
2363099
1176349
5595645
6092188
7358448
2045711
-388369
8712559
4081516
1348661
3193947
4583323
1642062
1994568
-59600
2495223
-831255
13791708
6866563
5056374
176657
4919258
6366570
5392037
9436900
7409355
2577218
4071410
3665756
1455236
9441423
13060985
5751825
4941501
-1007262
-1082652
4004134
3494095
1301107
-680496
9715627
9466411
2308655
11272001
10496344
-818300
-1858504
4970609
10819989
4412557
2794901
8047711
2380479
3092304
4576948
-2363374
5844867
-2142714
4850641
2378888
1984360
4626113
8408409
6388615
-839770
8532332
6830448
5663363
5591755
7180133
3005472
5867895
1354699
4330787
1817854
-1704863
5926628
1224929
3525163
2211697
5532355
812032
4165087
-1027819
46037
523877
273303
-1060431
2000457
2515605
291738
5230352
12648579
-4335758
6166403
362500
1664772
16450173
2777435
4840098
3089107
10847430
3129255
5291615
6071020
5349358
4804915
3647726
10193128
721614
-3359534
2901745
2146187
7009449
2017247
2823162
8829943
2147089
5270556
8278641
2641794
7341508
6118536
6853795
89681
-161953
3113400
4770513
8890281
7789435
11819680
1108758
6163170
6615931
-3780657
4255358
2180731
5920437
8577718
-1396435
4802064
4100091
2686461
5057696
3922519
4403493
7664345
1264943
7748661
876888
608205
-4612377
2726138
4889491
-5390808
465282
10965491
-1658253
-1428175
315123
7472588
1698857
3385471
3732057
384489
4120313
3748728
4959430
2896712
9602573
4422285
10129942
5555082
8281939
4652399
13765704
11208684
5258669
3682853
13329401
-887308
39942
9238576
10043776
3700285
5059006
102776
135377
6546978
4697540
2765281
6890416
6262158
3304834
2651409
10598720
11764708
6609992
5452971
6912543
4743897
10585204
11637967
11617345
13499344
18649
6789522
-416719
-1038129
4662816
3993366
8341142
2872623
6791681
3148408
784954
12054415
351263
853798
8216784
823747
11769745
3778827
2948916
-1478127
10669651
1892413
-444083
8365502
-50874
-3053419
-537554
429429
3596299
5756446
3614225
8221451
7362385
3581735
-226933
3682942
3871431
5472538
4109614
5339465
13186774
2057431
331995
1022943
13864960
4053746
-3919680
12702547
6996604
776850
5323086
4497856
7627774
7091727
5266006
1831532
5393892
-1079157
714778
10586266
11364592
7413509
3690965
369993
4087259
5108982
955784
-988990
5088181
6158050
3059037
-338185
8888815
5112928
14336176
39919
6957496
3109270
806048
6200984
848055
7779293
3315351
5151252
1321827
11185147
2556340
13715994
8499304
-3597687
-25201
7599296
5952063
11797895
4499646
-499930
10304969
5108738
3260149
5821004
3286569
2233601
9401598
7564085
9171135
5096805
-2588883
-608765
4336918
4666582
11164728
8667587
1181357
-1755847
669805
8567149
12111829
5955959
1771508
-1541337
3319064
3882924
1353000
-1720070
7849754
5608978
1342581
5383483
2420746
10356115
-1546083
-3620139
5696333
4738961
2865310
6962495
1919886
-1464774
3841972
8790892
4084115
314057
1905201
6623768
9420928
10173682
14646610
1231246
11419789
-938139
2821291
3340632
4896934
5183597
5209646
10576638
6302626
5029286
5530103
7163219
7686654
3548047
5408633
5397457
1933331
7351407
5950315
7177479
12707346
1406457
-491425
4663987
7421554
-276964
5776758
1593337
6911443
6930984
6688353
-1330391
3053624
4843080
9750072
9868037
3617678
5328823
10763313
10728629
6096791
828432
3087750
12662385
2396801
7785453
10257609
5154732
2216855
14345678
1468731
2454673
3019480
7961255
5606780
2888463
9836166
5242174
499813
5714890
10702189
10932310
9604353
-3419022
1195761
6204402
1601736
4769629
5176735
6335049
13226735
4362732
9867451
59914
4523667
10754065
4813581
-964143
12066006
-404556
10883267
8435154
-180814
6533929
1546849
2290003
-410557
-319420
4528661
2715376
8628005
1489772
6224542
-465415
6031229
-2007557
4247315
1410600
4980887
7896183
5555101
2658260
9421795
156255
7276772
-42740
4879463
11911079
2378286
12206353
11091146
12144729
8147016
6677222
8991477
2340127
-796079
915311
3740988
9383213
7641802
8124142
11795101
-3022107
12392679
5800119
2680795
1416680
13696515
3921123
2313702
-996851
3533473
2892639
7882192
11335706
-2121211
9059370
767185
4739302
6484434
4012568
5694672
10431195
9801062
2781170
4567335
2683109
5877826
9952392
1646412
-1558908
5534482
3895783
8530617
2483328
-274187
2759062
-273037
86921
5906197
9232337
-1747148
5499832
-538501
-722444
6838639
-329077
-1988714
4355485
-2153942
3028642
6071263
2185230
793805
666275
4698640
6137347
6969686
4074159
3615214
5499513
3310815
1898957
9447758
1147132
8052053
-585620
2360361
-1748085
5231887
6799274
10725645
9714978
-2007913
1958548
3672853
2914793
7423195
5726296
4238730
2503026
13308540
4883233
-1333606
1535475
13119736
984777
1121384
13238676
4278529
8699886
1322252
1910900
1229150
4814562
6101261
7745298
2751069
812050
2091978
-1092037
8721829
15344765
-648337
13844847
2641547
7483999
-2371921
8631952
841068
5632509
7251203
5158360
-4235608
1204251
1721414
426499
4145620
1817507
4193718
-492991
15410590
140750
14127893
-4042201
6046432
10676998
-318965
-1288119
5936663
10434015
-4881312
1773406
7527324
9969706
2328080
6267452
5665792
4241299
9059203
-657462
9615970
6310481
8785685
7684639
9309203
12485171
-722789
5634429
-554157
4823573
8908116
9484506
824286
3627191
1940452
-261467
3323621
28309
9981520
3061099
8733628
880426
12279778
8517129
7459801
-1629302
6862837
5522309
1642934
3128520
3917246
2673457
-39500
2002069
5823078
4328079
3251345
-2196153
5057046
-4117584
6366617
437111
-367589
-1047194
-254844
5652936
10818900
-1201039
7365615
7667199
12561479
5216848
6535890
5954170
10257744
1024168
3422166
7695652
9365195
-197399
6252973
3551062
3637479
-2357255
1361422
8735479
11472800
7187658
9139226
-2243966
7435058
6047821
1914267
9349861
-18672
6516945
11361254
7980720
904280
8567129
1853797
1307666
5962872
3229545
-289551
7035907
513532
1337946
5136791
12086162
-2446261
16224375
505075
5454400
593610
8035508
811410
10202247
133587
-658427
7390644
-64287
3019596
6123024
-889921
13344031
-841925
7521648
12135055
8157465
-1205032
8469764
3725489
-1033710
8294381
4755336
1090288
2467752
8619821
12558797
-2054953
2945241
230550
-2711265
1948506
1107487
7861480
11452744
4629167
8042825
9861351
6489352
-1478185
11516294
3728771
13084361
243369
8189793
14336344
6127122
5560222
1400105
3364101
10588558
713606
3818139
-1497247
12539646
3084698
2717173
8481925
9762903
524507
15617845
6964425
7525024
-712758
-2982959
5611740
8660797
-2478114
6521409
2385595
10867130
5562184
9313278
7282510
-1072692
-2404784
9056849
6058208
10500680
6560305
992890
1256588
-559114
4524025
3795929
618508
9488358
5829595
11104319
1921762
14168358
4351474
7443931
2766529
-2720586
2914891
-4664576
6604726
-114563
1971069
8184810
1945764
3072037
-566185
12858190
13601051
9198557
2050979
8117931
1443298
-2659980
15941092
9715178
11476683
3910163
2344835
2602426
6649540
5458961
1915588
9996540
2826438
-3911900
-2991613
1180067
4389431
12745665
6508512
7375320
3130236
5463631
5484570
1917947
5675497
-1669890
2562681
1023379
576031
899821
5090989
4800844
6367219
6514765
8090872
-1313980
7250831
5369356
3476273
12087097
14609075
4793517
5224449
3072757
11219402
-278175
1014518
9592697
438962
3062392
9982373
-2959045
8523622
-1087102
3115076
9374393
3419368
8881185
6047625
3243616
6074853
3008159
9846455
8913056
3057257
5312383
-1471712
9173066
2730017
-106596
8248777
14022645
6107961
7381326
5663189
14817364
5936799
7863754
12422416
6966004
4827636
9755373
7808767
-1052418
1831055
7325749
4837066
12641325
9983900
11103496
-746855
1295697
-3868062
7888367
2784359
2644541
9241392
5028500
1029213
3598737
7294607
3058804
7832271
3302817
5427356
-967387
10628232
885942
8173244
-1482519
6662562
-1113520
5794643
13441508
-1018746
983475
159505
5926935
1980166
4174606
-30997
1768871
6852390
2257934
5064803
503121
3915345
3807522
1335364
-2294698
13476958
-1448048
992569
3654069
-2991591
1977892
3815333
3926980
-3554034
8043498
11407564
4718970
3320907
4334407
5405212
7911179
11718866
-3004826
4315964
11626660
1490567
5564546
8252253
5567243
5143828
2828878
5868532
-1829092
1130739
4775693
-850415
1354841
-2506809
3169404
7750628
10017832
3757877
5815023
3738727
67987
5710316
6565249
2803340
4353712
7211384
13596831
3965770
1530289
3817669
14304317
7828430
6801028
5672200
2231761
-78915
1280713
4146189
11380183
-255799
-3404127
4856270
2279347
-3063955
11184574
5102773
-1667411
-1490735
4633632
2176667
6532484
103677
10581436
2832951
9282313
8181316
3486048
3693702
5305547
5729665
3942125
4592569
2300066
3319801
2930012
6828987
675724
4766383
4571895
11840319
8339729
9935056
11061602
3296338
-2366452
5800759
1742692
3187560
5681682
4808070
7322803
13746308
122113
449373
1801260
405688
5162766
-33777
15009890
5702380
8377542
8619428
12961988
5871152
7462046
-1535387
3408280
11983924
3432084
294459
4360734
3378057
5957425
9576139
-310409
1198885
3031442
5366808
10897497
-1697954
11744855
4520346
4715505
10165794
3204921
-96150
2362202
-4400597
7798758
15605708
10247974
2766713
8642317
6006381
8104381
4234480
3488096
6172766
10393146
-1991818
-3578528
6146049
9869383
11280235
3686195
7319644
8833912
8727642
11616326
-323817
-198296
953347
1610588
11332856
4489493
-644310
9007522
5531919
198537
11544846
3062290
3711685
10915914
7656664
4411043
866173
4060586
8209408
12100909
5917399
5386038
8975920
-155959
1910428
4615083
11134519
1861591
-3264035
7023233
6754925
5599564
8650147
4591661
7265551
3722388
2210072
11836491
4661399
12803495
4272282
4288647
3144669
3500825
9406792
5390598
7685748
12422920
3847589
5390513
-2492704
3472515
9167212
7396994
11002683
-633592
1150967
97652
-500958
12043271
7156803
2501152
4154433
900359
9090936
-958000
5442599
8987371
8797839
4895488
8336833
8592450
2777850
6814491
12253554
1276960
6533058
1647415
7732807
1594930
4193274
4201914
12712309
2416263
1983868
10385764
3258961
3458231
4161206
9500419
6636487
3154852
3709335
14626437
-778843
9406096
4257823
7123266
4069074
8341436
14140447
2895623
4723180
8910242
-3100333
13737005
-334381
5279682
6494569
5202347
10787981
14186302
3979626
9115453
7090922
3414623
8946773
1918847
6616940
10485367
8104099
1232111
-4045532
7256542
7440020
14549929
6538149
-1699411
1487155
-1702879
8482689
-798871
7720551
3926146
192422
786224
13528001
7945737
-1844017
4430450
5044784
8716770
9933844
-371223
4092358
7888445
4417666
-4617925
2535128
1613171
4007954
3367521
5923258
1339633
-1744893
7926626
4585890
6946488
6732069
13013358
3590524
16348
15812930
3945289
5272977
8149492
10274636
5981026
400330
2050683
9363760
2327189
-1067019
6601307
5049634
5561237
4404806
7942390
5449948
7835861
3647050
6725810
6176669
5367918
-1444166
-898674
4173108
8159255
5933654
7654602
2655016
342850
5811464
2010341
4562552
-2757969
3305514
8323827
6045374
3881798
2379478
5533961
5951790
-296518
3354242
8021151
2183965
2860021
-261544
5586794
5534145
3756282
-225467
4063086
461674
2061565
10128
4972383
1750452
11373573
13046935
13185532
2583641
5955978
9046582
4701948
7377662
4529644
6770288
4197856
1164628
8808424
9186063
7124116
9023123
5754437
4361693
3466907
5216463
-746153
-2961360
9709942
11875701
10098436
210877
1531824
5306857
6713758
2230733
5366330
9210195
10160267
3510097
3821900
-388732
9469673
3645289
-1235535
6744343
11462337
2726939
3261540
869960
3088960
184662
50194
3953261
1671377
474739
-717266
12174226
14475488
5499878
10572134
3023747
296894
-870383
-1140047
3043000
8870342
6815129
10700247
6203421
4303117
241223
5487710
1323518
10838973
5980857
191048
3847904
2230567
16814575
1257340
5293472
10371065
-1475533
4887575
11779545
4419682
127856
-601280
1619612
4677777
7752661
6526410
585744
-1438602
3640203
-213162
9284280
7681819
2985022
3795347
5445724
4008467
360861
6459778
10189946
10165997
6161690
8136109
4707829
722616
5534399
5569268
6843951
4998738
7500774
1017581
60594
8739815
3965185
9070439
9306684
7002279
4243487
5427493
906794
5793114
4323083
4995536
5684845
7835628
535189
-205742
8859560
7118575
2626225
7423146
4495859
-732385
11209747
7768546
2961299
7115767
6897687
3967623
4071429
-68520
12918305
3191311
2189850
7127166
5283885
313778
2149320
-137689
7218165
-1276812
10123250
12142753
8836498
3440838
7034350
3852424
5941046
4674614
5070884
3536901
1182742
5200399
3548578
8328637
5659324
4903557
8852125
5725065
6634744
-918314
3902232
8395736
133620
9772786
6390484
11007791
-370634
6455140
6942227
3198317
4641285
-410372
5676200
9076514
6989906
5602358
-720847
2535615
4001463
2639075
736831
-164348
3621505
4610322
5144816
8080710
156520
5235144
13256413
1590080
-786053
-111576
4092787
4638478
5932491
5559192
3246812
3715064
2093458
2594735
12512182
3376946
2801463
9032126
-1015076
9199185
460207
1854651
5001157
-1260220
5783034
314025
-51473
7489325
2154879
6838070
3701963
3077589
593740
7821911
7076055
2109489
3260424
-3913214
-2563973
12220397
971950
14053336
4333566
3536532
5965211
-1091188
6893711
153356
-2081019
1064838
3347801
9088454
4007988
330476
-816029
8154827
-1561706
10674819
3312388
8711119
8314065
5735585
4686287
5383329
6031815
6376335
8253805
13096920
11817006
3512791
-2126449
5865322
9691959
1764026
486116
13846655
5258296
1329547
5160648
-1538064
-696244
3811545
9136885
-2853700
8770451
-56317
1665666
6811527
11791600
307319
4842649
1717455
3152760
-1017752
-3730580
11862899
5808047
972804
5811910
3689162
3111635
10339975
5436276
3955307
1443294
4979041
8112031
-762263
3894338
12225250
-882111
3732896
996230
10618771
1466154
-1411697
6658677
9099504
-190315
5540543
9098165
11241389
8573223
5330474
3217225
1784413
1584472
2065966
1579890
1837954
4743251
3517239
10841255
-218895
-2216151
2599317
-1107127
5977263
3358629
10433963
13819020
3297162
6706546
4925209
4728167
4909912
3751824
902263
8839265
13663292
6769980
6324404
5201129
9625301
8895590
3994633
2878790
3527208
4304488
2912044
7769104
5524799
-1934178
2058481
-88075
313909
6525243
-1990956
-233403
14036477
6874648
-589052
7440203
4406702
11476852
8485575
-3161126
3261636
10231151
7451148
5554350
4763091
2985357
15746057
2112873
1799716
3577660
1834033
6309837
2281333
8470095
14308562
-322955
3375174
7830228
8486401
4305190
-577571
5327351
9412467
1762878
4768760
3763549
6174471
-4084472
6627751
-2536424
242199
4166151
3857211
8137174
4048434
3575111
840912
615614
11668844
6501681
-896182
1830528
10880062
10199845
8632433
1192270
11138170
1910131
3511625
-2753921
10606774
-630288
2509326
10031854
-452448
5920184
-320995
7210678
3479606
3448841
1456949
-1773862
1804811
7879674
2678493
979012
-180756
-2951776
9475366
3886950
4663229
2927100
1944525
4997565
5016
106184
10228737
1539458
5451471
8144178
7439404
9064821
739567
5815709
4327680
2785781
3337308
8926552
2848237
5454175
6297469
5468741
2606282
2546638
2317196
4767162
4970992
-235170
1941517
1597872
7424734
9251371
8171057
2039633
825545
11219071
11586364
5626067
4490146
7532252
4743489
8260313
9044458
-2187625
5013430
13609447
5343007
2681244
8961897
3953735
5076472
2420251
2356428
-275969
12068962
4949681
921066
5373962
778310
-992994
10512145
1325848
7774019
10820989
10294737
4444929
3917857
7726896
4552011
4673818
5950760
6767729
8286280
1595566
13598967
54133
7399521
5977523
5387758
4933228
12953830
1503491
3423173
7884354
14585038
1119887
776120
2929231
7742210
5010206
5271954
2376933
6285628
5708219
6369899
2020936
7171191
4488616
1682914
12681447
3662142
2179800
896511
5309795
4813177
3674714
2720210
1484114
10039468
3375266
5951803
6195000
9216304
7584019
9121223
11276281
11158239
2497803
3474260
7373466
7607173
14158870
8888543
5826013
12508487
812297
13606311
7953278
6492382
2890972
2548950
3416159
9411425
5696410
5709971
3236449
-3476166
8711715
1333329
1022396
10654115
10700496
4928459
-540441
4236477
2021581
8832159
-2505885
-217619
9818392
14433803
12958608
13828297
-735313
7778244
5603015
3784298
-408033
4758045
2049668
8217451
865158
17537
969560
11845871
5289895
7569390
75846
652123
11298633
4194313
5417997
11890987
12527403
7710844
10591579
5229071
2572591
3007823
8131474
1005185
5223307
3200490
-370462
8277480
-649461
5935984
7308563
8499051
1809769
6356090
-168054
2493010
2114772
15363575
-3093890
-1158270
9743896
-598094
976515
559625
3126869
2718193
4368136
5732227
2016093
-1323448
3266045
11128435
-32823
8076199
3875835
9070821
8278793
3154974
5326192
2692557
9129170
1377266
1957298
4698244
2338717
5025127
1748044
569702
7804804
3509653
6001207
13728263
3086268
4648523
3356226
-232821
1491760
11996038
12868171
10892260
6796460
-3831039
7396358
-181948
3889654
3905668
11669411
4812067
4664596
3349431
4527387
3061927
10029408
8674944
-1196004
2928541
9428280
14323277
10515873
-1922077
9228939
13159982
9066205
6019522
3847743
2548152
-3396788
4039719
504279
5998141
5812798
4213188
13405487
12698429
-1776015
-79959
109673
7649006
9134688
3540626
6783839
342982
4460091
9820367
2195812
-1713148
5375712
-1455324
-1261338
5991876
5397479
8727889
1807731
3507691
10569791
2396447
2174694
11917010
405263
7077077
9167299
2759685
4876105
9133062
2632368
-2331287
-1520577
3708657
2709306
5794666
665750
4531816
-1979975
478611
14316449
1662054
4573430
4524500
4104835
5138206
-2315512
4913967
6457555
2018719
9174910
11596334
2890180
659743
-1248778
6634697
2971586
6829673
8170447
6580120
7662390
3497055
3287472
12954423
5291200
6475196
290710
4182
-350285
9306701
31121
2899102
12959543
2815847
899492
2876527
7276560
3000660
756666
8652227
8842718
3635537
13359475
8356006
2892237
-2117731
5842316
6783613
7334895
1099886
3394788
8035092
11266808
-1767511
1414042
3589406
8707937
4621399
9123176
11968785
1041556
2502998
6044748
12921159
5148867
7431629
6362547
8660892
4668378
10932408
10756494
4085175
4434805
3223480
7261785
11891232
4347877
4963885
2234498
3935320
4806053
6915727
3140914
8520195
5338955
-1267610
5643340
8129549
-485525
-2753840
-2865697
9570951
5530864
8219909
5049671
6511535
4279237
1784952
1872741
8926171
9487465
11194007
9329973
9238071
3436370
4279086
-382377
-951728
8523854
-3055363
2175968
12575596
2871124
1293100
-2820964
1735453
1397670
10004809
-4679383
8794119
-982015
-58488
1978908
4838612
4110241
-522015
9626534
3964772
1271288
4066199
9871591
11299965
3640904
-380184
9419928
3759663
3886409
3077243
8508827
3591608
4308550
9036785
-448689
415320
7278113
4312786
2298958
5724979
12210053
9642793
2573664
7071624
2724024
5774484
2519561
192955
454012
-360927
2807491
-964977
6702662
12322170
12084935
-388947
3704110
4159172
6953365
4665355
5451215
-479312
223712
8054659
6438267
3331587
1549050
4634480
7437193
2700719
8160989
6205550
3505199
5281978
2023258
1141269
4206580
2726155
3157254
5461711
1961799
10584367
3604172
10132260
1060256
6260864
2946010
-69604
7214052
11190723
414811
13375039
5108062
832542
10810488
4508183
7407625
10818662
2450762
13021306
1499425
1682612
16587473
3837196
3334456
-943574
-56781
10624871
1371196
11752994
12920312
7367492
1336636
-1706207
11370000
4121455
3247201
4277631
11525581
290845
6839933
3716931
4224811
5620253
3844921
160600
3821107
2762450
9658363
4367705
-2002957
1161523
12275558
9704685
8857424
4511957
736055
501471
3960320
5294555
1521494
8132296
5270246
2347677
6327661
13208819
3566161
10814525
2926657
1575642
13000408
3150452
3479766
5287477
-2487090
13700403
2725612
6114335
3898246
5548678
4929349
1276561
12929836
366061
4691736
8013324
9557453
4936375
3234057
1486160
1174515
8818312
6974738
1934822
8760742
179961
5227257
13108236
4372951
326801
1684181
3944622
1519888
12767294
6804173
3277213
966259
3490440
7189899
5945238
2688246
3057773
6958060
4597208
10821203
5352841
-1988636
13740702
13840534
12376354
10745002
3153772
-1769611
12564279
8911802
4079065
2169591
1203522
-105059
3699685
3907919
544350
5622178
4265023
5257748
3853236
1695139
3204981
5057931
8222251
10833597
4498946
9068164
2846472
3218580
-2153439
6698685
2341816
2770765
4235002
-2963428
11422801
2450063
10282629
7138865
3902713
7556368
1670328
4639967
529837
6436889
16368926
3378837
-816503
9151988
4602751
5785368
3225872
5424037
3770077
-209037
646613
14241443
1347706
1560514
4888213
-511937
3469684
6837647
8280399
1884556
10238867
7750347
173824
6691024
-652242
1887517
6183751
4404949
11168264
-2982482
4658376
6298033
5644512
2716997
5808159
3929343
10029268
9041269
10930621
8327831
14030424
3901547
9287918
4730193
9613808
977631
6719992
994210
11214905
406152
7377060
8961443
5687593
638654
4811483
9629259
7139682
6819980
5715541
7516762
6569862
8513377
11889423
-1067305
3535474
4603203
1207540
10155445
3302254
-1707994
-512154
9416371
12032031
-5745873
3615992
-1081501
1653893
4593354
-515302
2533763
5284569
5316588
-1611607
7585578
997573
1779686
5466465
538525
761678
628955
7301117
2125595
2583503
5839502
11552112
8391422
10883476
92710
7162789
1538660
4770374
8748621
2591449
5386012
11126170
-3373749
5352392
2295930
6201036
3872488
3964068
14792595
799345
12094134
-39057
8671544
10087753
3859344
384282
13297553
6497814
6568075
5304538
4335281
-3636607
688231
4785511
6248834
5278771
-899539
6704987
11450066
12617725
10415174
12962505
8184321
10383054
-1743282
6946832
7972021
5562078
2226065
5832506
4768119
2752690
13505015
8086475
2239916
2375135
11660765
3700847
2143321
5194802
15702209
96703
3633282
2271169
8839813
1328575
-2315537
2594572
4630877
1372430
2819736
12493767
7114553
2818424
2509181
1448267
1136856
7812555
3330973
-109733
-270666
14468749
8836461
2539603
13914272
6905327
2536999
1016843
12897740
6778759
8017072
8716562
777815
11157658
3790496
4013366
2751196
1339249
8183249
3807902
9590984
1485962
-3207261
4791869
9247480
14651005
6891184
-353606
6924715
12096102
1165720
6906880
11307207
4305130
6536287
1532973
3421025
6486356
10595344
1291297
10592305
6797739
2078217
4799772
15279493
5114930
1182438
-2108368
12846879
14168719
2130331
624430
741984
8086425
2689700
14166200
8389141
13061175
755961
10961637
11281338
630869
-1239542
5171196
2963989
4723433
2135386
2195983
1878299
8678135
2606250
949866
-1068678
4920321
10406624
5718053
171615
-831672
4060148
11180227
6704129
5896277
-2147794
6553585
3590008
3051294
11760057
3718440
8606389
6480191
5942271
-3142889
5827974
6206136
3798385
-331221
10736202
7246746
3815182
6261775
10907754
5199918
-829579
11845989
2767067
6172113
2534909
7518173
2501728
4546182
-1316325
4015407
899732
6260594
5478469
70981
4151326
2656139
3596904
3816383
6716467
9751391
8305606
5117722
3943212
2551173
-1396817
6633373
1834731
12418678
5866883
1006133
8867547
1899582
8248988
1224084
5729791
3149219
540105
2250135
6877487
-30187
9400863
9005682
691121
8471382
3339596
146516
4719054
4882178
3470342
16212973
1457455
5568492
9690680
6223606
1449213
1721844
1670512
6269587
6334726
3026850
6346816
5775886
3290630
5011291
9295465
3201121
4650352
10850845
12573636
1637301
9033999
11840947
11317948
1088497
159588
10490760
14747423
5239312
13057518
1928136
4115453
3716791
3246528
54005
7444992
4669860
1223515
317373
6575186
1508386
7064891
4638445
10307575
1662323
2673123
4343319
5215388
10804692
4188253
-275069
2576108
4405491
-1027345
1444736
9038596
12957576
1701610
-552356
-252713
1265259
12071762
6744132
6923576
1188076
8595381
6756270
5115999
5189543
6472656
3677788
6796948
10088402
3378808
10730407
3634568
-2100183
3531283
11030572
2981287
1786156
-705680
8720093
3307652
10227419
1811110
160525
908332
-2117455
-1346590
4953857
12497322
-909728
9133266
-3531922
2578577
8341535
10932049
4819169
8670554
4467962
2764060
1563446
4255387
2198604
8893611
9213168
4778861
7324604
2151912
10998947
7662347
4044381
6165335
9071544
4489943
5216111
5549503
3804371
2447074
4073588
-147049
6671719
5833435
8978219
5734629
10028
3690726
6811004
8360512
11128132
4969506
7551467
2775359
3313684
1518564
12441809
13924163
-251548
-767104
4182329
-1674170
12841812
3417042
6804762
-863850
6755239
14391269
8520660
6061185
1880342
7701588
1554892
2499895
8741937
7483107
6149603
3916159
2337551
8976330
15211867
3218428
-962980
639111
13377659
2913578
3331793
2496498
4006781
5229546
2851207
4203558
4490908
-2259749
8067660
4493519
-1602201
10221591
2804603
2464701
3899707
-781793
2936701
4017908
6386588
411042
9649752
-2669316
11266558
-1911284
-4736071
3712219
-1359799
5474471
4238051
5017096
3824817
-1435317
1738171
1867772
8439527
-184670
1522143
61670
12890591
5764519
1175973
5326212
6870582
-1130282
9435749
10590382
7251636
-1243610
6463865
5182354
15770569
10068793
1561208
8543059
-374418
1092871
5422895
5453648
4572645
9156567
-1034798
3021097
4146203
2953366
8653439
8426784
10988164
307437
4405334
11633031
4940710
11031217
14010317
11659359
12458693
6822542
3173104
6581447
10183291
6753520
-1668208
-395610
7846184
13057643
5045896
3566841
5937555
-162489
-3004154
8331784
6558535
3496009
2059056
5119674
2361881
2879716
1097758
8242216
2415071
4876572
6650967
12447079
11163555
11981609
-365377
-2056158
5523295
5605639
11584631
5080314
654662
6788040
653180
6591100
2837299
-1130745
948337
-1379777
8556918
2908548
1145876
5657537
6261289
4638776
5837244
9527566
-105791
2268544
4990767
-1120202
10295688
9478437
2787642
2090894
6293020
10500830
1430657
6785695
5787396
4684547
3227438
-1681963
6352514
3692118
5995899
11368990
8861652
11924131
1379720
535937
2802985
7727541
10266203
-2343395
-438565
6489437
4470687
7099638
1124571
2417546
1373121
3166583
10830391
3611303
8324367
3434501
-595954
9250494
4067969
5897272
5365282
6433545
8794655
4481829
339109
4013631
4940912
8790850
8017249
-2230102
3784273
8055189
-1728951
13051515
6877789
614606
6495229
2557153
5707990
13152835
2839801
8925983
698129
3910347
4411070
7061127
4668052
-460184
7393851
3353716
397852
4716954
3946040
5197832
3886721
3505202
4068369
12541046
1810221
2354244
10167907
4586913
3563486
6391567
7271508
81948
193114
-826323
9128725
3655210
-3129977
4845218
3929302
1141581
12392541
-362352
9706675
6977668
5465027
-418623
1048730
-1154148
5825669
2640234
6867531
10763268
2518370
2570555
7644615
2136077
6949964
5801053
1240613
4536782
2115023
294554
4994869
1682336
2674498
218024
3037276
11027866
-856432
1161840
-1300357
5373822
-1139985
6532136
-251019
4879763
-995983
15937602
4322902
6121840
9516025
4439419
-562788
11130272
5969342
6411836
2782753
6597489
7082342
899510
1997154
6429124
2099789
5576175
6338985
-3869658
4969380
7529997
2862399
1861875
11784064
3135281
9217180
7405138
6044059
4513776
2256893
7077696
3345461
9550290
13437873
4766024
9961639
1456966
2846331
2221748
4847460
-479190
4251882
581778
-710674
6362903
7886352
9019049
4198539
5152012
-65045
11432114
6148609
11491686
10841280
16250017
-659036
-2094161
8887847
523785
4456314
3619638
1472380
-3007834
5453248
2274940
6751363
14106706
6770314
10906296
4765768
6064487
5203941
16145221
9112255
-843951
2607995
8145168
10487408
2666297
1944118
8527678
5916234
5287808
1332716
10543445
1490361
8708759
3737549
750575
3641116
2716233
4980254
-1550704
-1150236
4732378
5041422
6010108
4061571
2523725
4573518
9802150
3084058
1696318
4458801
7814945
2931784
6787044
2226455
7698935
1649795
1561926
9659605
8931905
4468183
9928964
1025709
3126945
-627756
-114046
5653596
13258617
354606
575245
6859778
9463228
1277644
-4683524
3387260
-722697
1361657
306467
12903348
9619942
5800940
10127953
701972
2839462
104148
10560646
4460639
3207403
6391227
3844246
11219105
3540036
4377480
8956538
42761
2203856
9399218
-1428345
8689703
6915545
8323029
4834397
8088972
8100164
1313242
13407491
-3640175
-2016682
11670737
617813
401991
9261655
4943583
5537905
2390653
5502345
1917742
11511217
4666135
4182722
-1331826
3700280
6350810
-1329351
11194834
12471255
-1407586
6599455
5386381
12622649
6517743
-3806247
-348280
-704215
1015430
8552940
1241140
7278440
2171338
-611162
2499986
2290636
254214
5281638
5705911
4979897
266923
6538857
-160749
-1887846
480234
3318354
3837330
5048554
-603195
4761062
3132080
3182667
138026
-465723
9381664
5647326
9913607
3091679
6516918
8231860
-731956
4484055
1967864
1254231
8896042
8266317
4129422
6965614
6154055
3614574
6762577
678685
-1728525
12507890
3037944
1246505
6948174
3155275
3120798
-1412624
5964572
465160
82303
-2661352
4434941
8238773
6887028
2356715
7598738
496771
5095028
7554798
6271063
1504366
9702177
3760603
892517
2135405
6333512
-582270
-186818
6682630
8566598
53534
5981627
-656025
6787714
3110502
9818257
3441040
511663
11126315
2984032
12963271
-2387342
-1837041
5195478
4289591
9574338
-1239753
6074627
2160283
5603047
851616
5255330
4736886
2354806
2689525
9329259
4379586
733774
1858366
8922018
2335373
10178849
617417
6191418
459918
1749994
4720773
124035
119405
2492151
7173504
1128542
6569338
-1536368
10090062
5030702
-431314
12226340
1769278
2000141
6185256
1185117
6260411
832997
-1116865
6145444
5334067
-1182202
-252371
5089661
13559854
7517518
3316873
13761185
5483618
-838690
3938491
5053799
8468682
7171970
2968386
2399151
1682903
19670
6850683
7948821
3371624
548441
3022581
2905663
-1505118
5398935
8752429
1416314
-310331
6686605
-2184413
9380586
-1189270
-10578
-3705100
2034444
3699739
8873238
759189
1698531
6185374
10670251
4779612
6002943
11384836
7174792
2823720
5424601
11899516
12768456
7896025
5766312
6046700
5240903
8420257
8474158
3208677
8008352
4660127
2300226
6725861
3893013
7676812
2006605
6118743
7140271
2576488
10768018
8916966
7288744
-305612
4670512
7010228
6279892
-449951
5156109
11502624
9407846
-2791510
6468349
7060232
4502079
10022095
-404771
3309500
1626333
5290800
-1772098
2716301
5351913
15762936
9534488
1981242
6026447
1738881
2395126
6030088
613070
4566269
3357016
11599035
6515548
12714275
2835199
981809
14411435
-1101593
3472573
9819531
9661333
12035595
-1475359
1855422
-1463923
4828463
9822593
2760078
9595860
9070795
-114270
2049571
6673631
-2806425
13438255
4415777
-3598736
1180286
-1846960
-354392
2317022
4468278
1402093
2748470
4398888
532247
12474471
7625177
13369205
3836937
7184930
4678425
6172990
2932974
8458739
-4127004
4877434
2790121
3141796
15277680
3005387
419823
3952867
3592657
1501418
11215616
406414
-912224
11621802
4448484
7917314
6374777
8150502
6724630
10990394
148498
1774056
2537081
-2319004
2152373
-378779
1272301
7151395
7487394
6828005
437001
-338256
1514347
-448234
5812908
10229088
11385674
12064554
1749437
-1178220
2341535
2361849
3159511
4246770
2237440
-2345385
11139208
-892231
4397185
8603227
245599
8549644
2294737
36889
-1183914
777113
6787077
8257690
8034391
2377661
2904678
5101647
7130207
-2695906
578017
9403719
2515022
-1410566
-1151981
8162171
3344006
12051501
960268
8383440
3597108
3539621
3211522
8253518
6795665
4035398
2937068
-651658
5372875
231990
4262890
11329551
3891574
5396604
-700896
3452699
10003772
2205441
8331188
2418864
1779337
4986752
1506248
7385781
3413681
1360370
8012675
6769491
2166469
-1082435
-3939586
9260328
1090396
11279804
5100282
895013
3861712
4405341
6122718
748699
2435528
8871896
4817769
3992062
7409847
6462671
1345132
10430709
12743909
5512250
1512325
4460416
-740007
9251170
1052995
12828116
8879788
-1693663
2268761
6699179
14462492
1393151
-197882
4690887
5964930
2334454
2159142
5150248
1737385
-374794
11614849
-1913931
7818710
5140699
6080047
4412755
2665449
10972548
12521804
5315083
4802611
1811587
12095341
2246932
6030438
-87922
3525371
6526161
6704585
-389154
9550065
7769751
889525
554653
-1045174
-1759096
4068483
7137928
3278735
-2550332
1574050
6809561
4032208
4774631
6124499
4423660
7007284
5832667
2528277
5109445
8670008
9366937
8840597
3887089
-1825383
9614513
3791741
3429287
6329263
3561764
-365174
2153459
5731105
2997548
2390157
599276
-929596
7982213
14173538
326895
951117
8813546
6692205
3515900
4976708
3442662
7865105
688894
3167976
5638027
9030024
10329635
6519920
5058036
5153738
-942184
9020630
9831249
2043054
5609704
2848906
1776417
-336419
-636685
9431613
5273915
11149477
4035202
5614507
6585129
2973074
707956
6980810
13351620
7508600
353209
924035
1019861
2321906
3124733
1845201
3415667
4555003
8085758
13590702
3481643
5746809
8766328
-263996
7333618
6918678
7967137
3535881
7959677
12678102
2523313
2566015
256842
5690555
7074386
-564589
5211153
1215834
13280841
726675
10457646
6795900
2414924
3220328
7130173
5455501
9026596
6251865
4063089
11626072
564734
7692583
6501469
1499861
11505101
7457191
6598307
5450751
459449
-104347
-629348
692612
3993342
13269916
11585090
1417530
2213949
-1857609
4297272
11638697
3906534
8667999
10296124
2089398
2474543
3805620
2665029
-444253
2292343
216799
-2018251
7429179
1815548
3812385
6942737
896081
13901355
-895040
5334907
807387
7046939
7544077
-724628
8401770
9564087
2980705
6025749
653266
3767243
4755108
12392692
9322799
5650332
9377204
9647487
1150708
1775300
13582519
7042593
7760896
10907818
7906240
8507967
-171456
9068183
3303189
927749
5737224
10181031
906627
4769545
13491192
6763936
-515954
14080696
9155696
11790362
-1742633
6508592
4857760
7816405
3585598
-265235
4432003
4191118
9811604
1978071
1365316
8060476
3584727
5740906
9263
6673124
2650093
5309788
12245912
9074774
10851363
4161174
6676888
6582547
6126354
8121103
-198136
6996264
8316702
7662486
5237184
6520709
6707384
2209556
13609628
3616703
4133122
4771950
13562642
6857721
3061301
13215729
-589319
4080778
7966219
-1830740
701675
14524052
6154164
-2816441
6560203
9321941
6365809
-368894
4506777
5163954
1882457
1323774
10743149
-240708
8315066
-457742
7934742
4145847
5023937
11898424
5154168
5666742
583724
4235963
12043353
10578990
723007
5196170
-547981
1400601
4626265
2053731
2394246
11546949
11348682
12430244
3795419
865219
6155768
10660027
117854
9189110
6281614
2913148
2439560
6188215
8552054
2407062
5370927
10549092
3662808
4136127
8852219
3490371
1851006
8367768
3548644
-1826795
2104166
3018317
9067326
8665225
13908444
2480961
15658318
4628914
4710986
2771148
7199208
11310642
12120334
4770814
7787862
6319280
9723884
-115493
8901558
5934760
4940497
1857663
11828072
4533550
5088345
504581
1332459
6874508
2620998
10949773
4762179
2124724
5564002
468697
13814218
6291268
1252542
3034041
3153302
9892668
14846359
12610
390884
4170777
10309117
658876
2468123
4697220
8930332
-461227
7610652
328541
12998412
2202289
6208314
-538865
3011132
4654518
8327903
10321020
4742075
3812489
4552469
14679712
9940355
7912054
13132803
5537655
8052707
1693805
2770040
673338
6281119
-801955
5407397
2957945
-2714721
7893513
8397877
4223612
9454134
5667451
-658984
9892374
8887136
6325254
8424593
3277283
-1439086
488156
5077481
6963917
6414563
2238084
497035
8410673
11170812
4428130
222349
9357449
1900891
-546483
3933803
2159816
45218
527526
4141522
13434050
8082449
11090013
6680908
9106767
3740693
-3589225
579830
-1357759
-2085383
9679636
-630960
-342507
11440400
1998411
-251319
2537032
4722328
8268767
1324468
4225074
754611
9742303
1925611
9897225
3128441
9121287
9641877
7807997
1050903
10023673
8126634
4386519
5082005
12747000
4204513
7352076
6202181
10344288
13023116
3661785
13181884
312548
9383355
4893560
3781983
3947988
5804064
2729524
5551960
6849952
1157077
8386860
4030021
8540487
2845301
622433
12479086
9744883
6239477
4421905
8323596
6818204
12411114
4676990
2117528
11923207
7844365
7670325
1300968
1424236
5747102
50674
8523435
-893337
11680771
8819414
1397590
5111496
8850157
640162
141214
10205869
4507199
2102828
11276110
7488127
5583473
1825698
-914122
8848149
-3054382
2902643
4346291
4721753
5308932
653264
5635973
5270446
8040589
1639450
9035526
-937020
7564497
501691
4874168
11659492
2838748
5527094
3171634
7233563
3846668
-378346
-465870
1600318
2981605
7862730
5914165
-828325
616437
7121953
8505408
134456
9640468
6833272
13404784
-573578
6524701
9147501
7313053
10284021
2145463
-2232717
-73229
-2243023
6878331
7540028
3570531
4865347
114611
-49348
-306875
4283801
10142006
2836907
1185817
1174393
4931207
10426027
8753820
4464720
991286
1735969
6325412
4764848
11934982
4504002
4368831
-62802
7246227
747752
-3054191
-1177863
-1233082
8606979
11004770
3830618
1970806
11736464
15509512
783630
6258636
-2577777
4436901
7857559
284555
2588418
3213631
7057682
5379134
13374343
1345475
4398922
3208551
9095847
2343599
11191850
-1145279
1033942
844626
6469813
7933030
3517333
8395143
-650988
1216316
5875533
-596929
5428625
739744
7126397
4507217
5613281
4491518
-1622844
2202612
8074321
5960721
5335844
-320064
2066011
10534310
1076667
5693387
-394946
-548919
1944026
1061929
12722401
5481049
6485488
-61894
3049686
945887
443563
4635863
9911042
5035462
521892
3112253
4038352
2131357
-2909784
1805548
6987210
7171372
9850349
3510591
-1070258
9240054
4270823
9600210
1162897
10282634
4781926
3076237
9108313
5638776
4881220
-303899
6654510
13085257
9346724
2859735
3047565
-428201
5711018
12206469
12654175
8429673
120146
7068949
6716390
11472117
5299977
4038537
9883091
7499864
7416134
6906571
12425763
6439219
1065945
9759068
2808819
16074396
6362740
3578071
571499
11090550
-2014297
10480834
1000126
-271591
10365341
3146132
92972
2976761
-1249226
6753054
-834163
336092
2873990
1399773
6404230
11036723
12575740
5076224
854542
12819536
2999216
9018272
-2978743
8364780
6390795
3219882
6872151
3664915
4922194
9350882
2102875
2462508
4891749
7938285
10048945
237248
-2338295
8683394
13188768
7901700
14782307
7470803
3604116
4310527
6987683
5132278
10242413
4509280
11864392
5631612
9339049
9690441
11184442
6769914
4327037
9577170
6981089
3723921
6362086
4931846
9947573
-2188221
4538360
12657647
970501
2653858
-3880136
4498440
10935012
610187
5450573
12111617
8381009
2535979
-2454201
3568631
3539711
6612727
4011299
64945
6973179
9686061
6559456
1928837
5158084
6897961
-71491
7840161
4481678
8862276
7107608
-350506
13652505
8335482
1208377
7567706
13027200
5314454
4381479
10786186
3251825
4020380
2128279
10116312
5511301
10880980
3685801
-278720
3180592
3651193
-1038542
10246185
2377166
2857061
7093662
5070564
5486849
-38416
12062739
10365166
471451
8494102
770881
10153929
504427
7294234
77331
6922607
512826
8186495
58263
4520589
5879076
3883540
6003954
3926910
5380171
9984694
890469
-604904
10149639
3739175
1803477
-637822
1901097
10151143
2139151
7963415
4827140
-2055669
6160583
6197329
8216116
2319247
2441292
1410108
8319453
15446584
8834686
14174830
3561274
4408829
739541
5814502
5190030
6815943
718430
10174878
7914198
1946370
11796479
1096153
5048100
1668673
89979
1159389
5780214
5112805
8551720
2118051
4754754
13097710
2274815
4689731
3810576
8461420
-2152848
355233
8785999
5556430
474913
8577674
-1080816
3475452
4816400
4919629
-545493
-1702081
7332537
-1430740
-1697610
-2088988
-342789
3343870
-2261358
594543
5020055
5413380
8100977
11533888
9896639
-2051747
7293930
8093824
8733150
496408
-123149
3514013
-331883
4324013
1619668
337350
6778114
589930
-1345636
1395275
7520489
5221694
10526511
8426656
1102187
5362926
7787962
12543358
2639562
2665373
11179928
6696722
-2732313
8639521
6121407
3524609
453238
5569493
1012014
5919420
6395515
2294742
11691379
8940658
-1570305
884407
2803762
4708847
-3171458
11576091
-3952510
6149452
7448412
1932865
8443526
22827
-627937
5304783
3785660
6474993
-480005
7225175
6614966
2909228
3562620
1637716
-1446193
5623768
1389453
8117811
4275332
3629744
6925615
4472753
12531602
2738376
5726894
9823490
-1887003
5742842
-2632286
-2420786
270700
12240594
2254614
6162401
6119743
9239456
5247336
4645687
9545532
10683587
-596919
2650399
1959320
7461321
6254069
7026813
-897461
9011162
10790484
6300433
4435426
-595344
12520928
5047758
2198723
6712262
11710921
2983381
1958799
1128879
8241419
9139857
2804637
4800472
-1275286
3437521
1957372
2253256
10883438
5019109
4457010
-157769
7482203
9370483
7758386
-1627954
8135857
1380317
4140557
1896154
-1729186
1547557
6329620
8337324
3480770
1216285
10286720
441189
3157020
7978121
3173718
13279263
-4435701
7480725
2911210
6787496
11112373
8087068
5222575
-1966249
3425919
9257369
213957
11111476
1144153
5636098
3716731
10983747
3138297
7117456
4467882
2679206
-1663182
-1513986
-1761209
3552300
7210061
6226554
3693870
-189297
2452507
1426836
10536536
3250865
755328
9801996
3844232
968159
130903
4241015
3832873
9622328
5483755
6486832
-158490
951445
10376629
5264651
10869202
5706385
3128039
5578935
4255156
1996384
-80453
6047185
-3033691
-692609
7386967
8491722
4640529
-4807966
7952269
2157727
467815
1411975
803830
2572865
6268605
-2196955
3348855
8903007
3413292
5673049
11068133
2257720
7295177
-923088
4443034
-942711
6700191
4248267
4484180
-1403711
8696629
-1395145
1587442
15328378
10006908
6550876
-1976074
4443636
5630741
4403167
-1225938
6146389
6522122
12237762
4718277
1994400
-1031680
9365459
1436250
10956213
10922563
457399
-742823
9333863
6521393
5298762
-505202
10377914
-22265
10611484
241355
-833478
1090830
-1999153
5195636
9830913
9003190
11667731
1463641
-961117
3959879
-1189934
-1652004
7867790
10301833
1748948
5395958
1784848
-129231
1284010
2528332
7927961
-1957142
4466304
14552651
9186757
186147
9119356
6083635
265855
6634634
819540
4701497
3538713
1186037
3611418
14728902
-346120
11665966
6437315
11078124
1271863
-666985
3547095
4637976
-341642
-3982188
4570944
-404540
8826547
8255274
-2178832
10326256
8504581
574352
538
4708176
6246020
6632023
1474154
11128450
7821181
8819819
13334525
11562270
1298037
9041452
8317047
4845546
7477577
5233355
9052703
1995736
-595418
2084690
-212140
8245008
7127858
2251790
7305349
-325611
6237508
4177356
2699223
4539538
9123127
4067510
5568954
1338523
5964480
10414324
-585618
7232778
4375775
3074301
8280231
13632962
12191758
5144057
-1306774
10568074
8938559
2858127
5986482
6243062
10514552
7251824
16366739
2704928
5914688
1423037
4723198
12710539
6256869
3195267
1387503
-310014
1603528
5148964
4173692
6175573
2839918
1092621
1335872
-1702877
462074
2232168
13691114
-1380657
3596273
2532598
471749
2348759
7689091
4799544
9573344
4869079
10795548
11461488
1584735
2914389
404050
11718005
530434
7514415
6952207
2556856
1648888
4376923
7216753
13513553
1308133
6446173
-1516296
4572821
3072267
4064739
8386932
490040
5453146
196101
2179868
3613039
1218627
7797672
10968893
-353932
6517509
4015568
-330892
6357392
12090933
3011473
3060711
4363767
15303065
-664586
5356081
4604768
3129188
5405026
1697402
-104789
453053
10107712
744572
3873294
474782
2838602
-1710664
-159110
-804435
14391977
7979431
555994
4164116
6664664
6993357
-457427
6703264
2357266
3848047
5255797
2080045
7172664
2910688
8029341
614910
7834771
13973872
2926818
3110963
7943724
1383596
5743444
6314692
126106
7862310
9873498
2802013
-131936
2479403
2397463
8259943
13328246
-1359199
1195855
5259283
5732877
6117875
5396575
-786155
6241579
12718682
7044008
3455822
6094493
1963303
13937973
5032483
2170972
8375666
2392055
12973861
4015709
4885397
2225846
6603970
-210422
1165637
7142390
2806420
-457895
6104253
-429310
16219714
5191366
120635
8038191
4166082
9812605
8810566
5528596
6658983
7997934
6169197
6958727
5507776
4709576
6040684
6691554
4628413
10913644
12607821
361744
3346765
1393585
4778432
1506651
4884613
169000
10381390
7895719
9932159
4293620
5958186
233296
6824188
13323747
12698511
6477798
197223
9108810
2956079
8016412
-1476797
7459258
4613111
1103655
14389822
5104478
9505039
6473931
992282
4790333
8950141
1477261
5915461
689432
6038737
6123372
9558060
4632743
2676254
112227
1480465
6461813
-167741
1357031
4694880
564902
2186466
-201061
4816503
9028635
-2550749
3108616
1438973
6621342
8747077
186114
2446899
5341986
-1476748
10274214
6723501
6008081
11235868
100206
4836940
1650933
2120442
8307590
-680397
12429045
-389217
5448013
2415248
5059569
3088427
7552065
5068514
8344731
3581062
5549154
4286582
5580067
9315975
10991245
5472300
6270172
-2309883
6642489
8792562
76673
4609865
7100562
2430815
3780777
5627824
5869046
4714021
11772432
1764363
4243367
13117465
-897934
-303516
10513476
-3917047
3805850
8492779
4429303
1037526
5279691
573182
2168355
1955767
-389925
3363239
12788071
9497262
5995178
1852308
9501047
936442
9905
5793007
2086453
10097176
-2783590
7183173
4536234
5372278
4273378
1396608
4528550
116782
2267538
2897501
86335
4558942
7363725
5303840
-512517
2926885
3838039
-35649
2956548
1323175
10940696
13571660
4597002
8802239
981959
5287339
12039065
3908137
2088438
6974164
3716671
-900151
6981113
-1379921
6484166
1487712
2958006
-500008
12001431
1265135
3871042
9921869
3385158
-359920
279538
4806142
38186
8032841
8142129
9739084
7999447
14954159
-1934393
3489373
593568
2659912
12108690
3940879
8782580
3429233
1408263
1159225
-12441
-1282705
-1732316
3048550
7695105
-4831181
-1151049
797254
1707312
3588803
1007374
9778171
8905522
5492455
3403035
7311793
3420110
3987880
6227680
-1635539
2002648
11268730
13394118
3326764
5211450
10701593
5441638
7577494
9082728
-66326
-1863377
10865583
8587348
5221909
3452130
-162516
13479754
2805655
1638967
7180298
631588
4808312
14736204
7140835
-3196129
5883253
1567841
1215145
12018410
-1894681
-696636
12222869
110006
3313087
11320507
-1369801
-675146
2420442
8858826
4650222
3133701
4785896
5556899
3849522
-1443603
139449
13678055
9946705
105471
6584865
5894459
4725072
12827129
1790588
11269571
1568807
4327882
5957382
-803984
4095422
14076601
3421977
-342630
8869829
4134898
1716582
5581467
6853445
-558164
9150968
-2667795
122693
4606220
-1117303
-1017112
1207897
7711988
10452310
5888015
5495851
4687916
-558278
1249386
6671804
-1817920
3862886
4901572
5530632
1972070
2945648
11623012
8230114
2865783
5843862
13444368
6533860
10903941
6602800
-3242071
15712722
11352354
13766945
2197864
4063636
-1993308
4249834
181736
6345785
3595871
7700556
10558376
741643
3372915
6002442
-1421362
-67810
3792425
1052522
-3086216
811256
-160743
6550427
1375299
682083
5205182
10569891
-197161
7692695
11371711
3318065
-1052313
13239369
10165114
-203179
7754104
6252987
5079693
1888584
13397166
9307616
4300040
9420705
6288554
7321740
-1744082
-1239871
2361127
2458082
4828425
517553
7009295
7485403
2177424
161506
3457264
52156
3547958
11128217
7307678
7218880
-1523430
-3426123
2849822
-597619
-219305
1218482
4565923
1499125
744782
2581761
590205
6102968
5140107
6157995
789768
2581993
770697
7028538
6073259
783493
5095194
3927500
972426
5125489
4497828
2540014
7058188
9881395
6286484
13420519
12825549
4637946
6795827
-699077
670222
12822303
11334734
3310374
3043137
3950220
722239
3806935
5278659
3200243
6755532
153426
10279127
11515968
1676331
2119595
-655747
6242211
-2425300
6758402
2624403
-565702
3011232
296558
10367057
8096612
4058817
14673531
9095325
1462748
6681003
8679077
4169399
45701
5474139
4313856
7731583
2011025
10656422
1960985
2485677
16223448
7951930
1212977
6506639
567146
926321
8617519
3728974
14053221
-5186933
6897098
2154456
5137139
280906
5386044
8326747
6817409
15584691
11500698
653085
1906736
7889045
-2285508
5767057
8328272
6100341
13449540
1965501
10430715
8525360
11402178
6651867
10734801
2769324
-1727024
5018133
2400286
4574693
5051213
4962053
2102842
5862855
-551821
-383343
-2425401
2907834
2211131
1179142
12659240
11894045
14243936
2554342
11180619
10247943
8486313
2577477
4155356
12009927
4395783
3671860
5886159
4766352
415566
2726794
8867874
4405287
8697874
5934714
6749647
610588
5863575
6128635
3867401
-1791285
2218164
2247914
1471276
8441104
6702273
1937720
4316920
9251208
676158
5468081
794885
-833778
4532084
4889609
7833554
-3831662
-1190557
5150242
234534
11031947
10011520
5578360
10705303
7596688
-662370
-949186
9503123
1741588
-513532
1903034
5864504
12923967
-1523233
5363179
3816257
-293825
2463576
3062881
9758032
-148954
1495158
8501870
-765733
7040039
7737454
5918742
13419828
10004168
-382120
14361202
3094890
4075057
5925004
11921999
2040350
6763251
12732853
8818171
-471031
11198804
10528252
-970660
-234878
3423208
-797922
1915805
9795882
24238
-1368633
480153
-3038685
3602086
1040836
4345160
1977957
989049
5223386
5589535
4054408
11160460
11789762
10592207
-984410
4116202
2283450
9806900
1465837
2510149
6254500
1605682
-777560
1455807
11476258
-721062
-4313666
4749107
8454659
-200605
4467288
284214
7090362
1548492
5593420
12448288
-2901400
-537151
15624021
-2702536
6532405
727222
10799353
7381241
5579550
5034164
9632008
3179959
6069135
423333
16064426
6446645
-1560206
4839228
7418642
3452817
3289451
1672393
3264573
4070171
13170864
3793304
9434028
-573624
5355434
7002880
6158077
1767805
6369400
2944266
8762621
11879075
-1032725
6277158
210137
6761664
13033517
-3323611
6553583
2612003
5679538
5635331
2626451
6163451
3256410
-3853926
5266500
1180440
7519776
4063620
7641372
9028866
14561643
3066538
3575553
-1376297
11840449
3050345
9844810
8972062
8215951
10012635
-94879
3158232
-81650
14465617
1006837
-1323524
935492
12597552
3089167
1997278
3931977
267028
878885
6159898
3545658
4116879
3120492
8831234
11266793
2862810
5759181
10900659
8781715
10270323
4059511
7064905
9150773
11228480
2943016
9228096
-937509
3923896
-1525132
2966812
4522646
3973564
5560250
4372814
2388807
-984651
5668422
6914369
15051808
14558524
2413746
555030
7345398
-2388376
8467643
4722565
13067426
6565413
497338
5845415
197211
9053375
7775977
6137597
5089176
5783853
923878
3024064
2620873
2944337
1162086
7643020
139472
259021
9878154
6892711
-932104
5452735
5609259
3162102
6485545
8991292
-3287518
6118141
-1422327
2989491
3169305
-178760
5865119
13415543
3909301
7188298
14522260
5594422
-3472475
2758805
7888896
6927185
3803657
-2381345
6538271
386132
2816323
-2334911
6969749
-618925
3617910
6569294
7178894
-1252656
5489795
4386839
-1290862
2595724
4900046
4565920
1760025
-2474952
4116481
8355672
4243338
5298933
828484
9534955
-4411785
8814621
6831523
11879863
2930764
3006527
-357152
3395118
10600350
14585171
-3096518
2948564
5659947
5198279
3629923
7535903
4142813
3868064
2470379
4683788
7443445
546638
-2268380
7393713
9697134
8651113
5979890
2044240
5685899
645331
2139186
2451598
7022700
3090527
1978686
2994666
3207751
657576
2324346
4986199
8474904
13982805
498211
855890
7870541
61198
2059193
3470939
7399926
538268
11820065
5153759
8033100
13342731
5951208
1694755
1399421
-413440
-58326
10260069
1435867
3781250
10189062
3289153
4524587
5749285
4915141
4130440
13467117
2133823
4391119
6000768
1146036
5557228
5768654
10536093
-3178556
-183253
13959278
6862002
10567116
5701619
6210977
8148157
6083603
2814283
3825048
5931904
8943979
4384144
11691970
2801822
6374605
6130580
5338780
-535555
4692624
60230
-3223153
4595735
4723299
2704120
-3468372
3132677
4749521
1809719
2865172
-1718309
1558264
1280152
9662327
9024309
6047606
821492
7753636
-1172511
7927700
2632578
10147453
4936913
-710446
2977952
4818077
431462
1148365
11993236
4072123
11771650
5826760
13943967
1579727
-2952301
6518684
2495646
6522358
6706900
4695077
2640914
-332835
5107963
12958652
8299840
6388196
11248188
4792552
5435903
-612838
452820
9859262
4454123
3358748
2423994
3277710
2516867
2771885
1785898
11635551
7766068
5515552
-1678716
792721
2552994
4745263
3577946
-2236602
6945769
546970
1220792
3066038
1687728
3729689
12344679
947427
3928489
122699
8792958
12494069
1727321
7541883
-375058
5047854
560001
3778632
5428628
6095851
1366495
-3132873
-970228
2753023
6332626
6709363
10437278
188412
6096111
5301575
6773735
6433583
4945387
5742176
12540856
1970327
6347346
10267068
7907761
1244680
6309375
10441917
7247437
8138078
2857411
3582173
10693737
8007182
5474506
9903031
3791230
12047942
11821244
11322457
7637475
-409754
2885613
7219324
4854282
-258104
3113973
1086025
711522
2030024
9461826
4232043
8929156
3956558
2285801
9349520
3697040
-3644
471142
-2247809
12811567
6030509
3020082
10902853
11251933
-989351
526202
2810822
10797117
11250964
3011674
3765551
4992806
1610601
6901810
-14719
2458815
5203983
3595301
-277275
6019198
14628038
11259819
14201149
-1010891
5959833
2580995
6781093
4593736
-2173594
4453084
-150634
8228176
6277352
11179883
2481985
-266457
2420842
8799449
1726384
1742168
7833987
2694092
8376263
7320411
10638751
10194194
3172235
6135749
2518439
395610
5415247
12793962
11692282
7396078
1535602
357351
3555342
6191175
1856145
4335309
2538077
-1407395
2527174
1219615
3445531
10542833
2317990
-1519441
2942994
1229501
3543054
2826926
-1236339
3161853
-3433239
-1710982
4651307
-767858
3339266
1917253
8222479
209054
8595143
2655433
8662062
4090882
3828204
12220219
11261842
2415270
651929
7924440
-517232
5645043
839778
7251239
8551647
-1305550
-586901
8583115
8946395
6698615
2460084
5773748
4354771
12804692
8992613
5577334
2778709
1901693
2393648
6172038
11647172
2016475
2742386
4079569
2652372
1197135
8347164
505212
14940781
8877529
7384463
6462489
541296
4712745
34824
3123179
7696831
8225774
5744298
10855189
2963232
6079038
7830950
8418738
5898294
6127998
-2499579
2671518
829867
644373
5598787
3195655
4476330
12804400
5359259
-2191664
914475
1205608
-684498
10638267
8856512
3286170
4730316
3494089
5275066
3366298
625739
1837248
1085299
6172282
-714656
4412847
7860511
12395281
-2523421
4956655
4995980
3596904
7863201
12785462
5432362
10430518
11320182
2614
10908068
2343467
10547887
3692290
765502
4185249
3076174
5500553
11831969
10750579
2205718
2849287
7301867
418576
10819611
7382089
3780176
3291223
-1097549
1437463
-1270051
11371068
2457927
7208308
9270672
4160681
5466863
1618518
-620866
-3280520
4206846
769884
-369419
-471787
9438143
6416541
6636615
3527644
3354048
5231116
10380429
6605867
9405244
2812173
2229898
11616956
6942158
5689388
11079930
10105589
6838850
4522457
6117621
946245
11983287
10183546
12203463
6315956
1311219
4489423
3277716
2182513
2955393
-2727243
6809576
-2033744
5480520
7081708
12121551
8187699
-515076
12894504
3470055
5362467
2600522
6692267
9936644
13842004
-3057360
-252539
3008381
7712597
1091421
11692943
4614789
9408333
3968869
7385872
-1772287
2684266
7293393
4479623
985990
2906168
4454477
4961685
6540785
5479731
-796335
-866232
7965172
5623541
12494154
9804766
582958
4206810
490160
10599984
4398212
-644573
-25967
974306
338690
11343995
1770438
10041966
1074604
13353593
583440
1459578
4741657
2872913
3130452
4938950
5150251
11321977
-983339
8299382
3827574
10887459
7357454
3901789
7981352
-3459542
1016286
7435267
9845626
7584834
4237500
4523300
11856383
172689
1002689
4215842
7981541
2974008
1684999
4332635
3520548
6464202
8749440
11024028
-404375
7643631
4512250
11252567
4599296
3957146
8670617
12866495
10262071
8006657
1184293
7820384
16405414
2677619
5479124
6399206
14418627
-1296339
3633389
2635921
2130382
72441
3429710
2439271
-3331479
6751906
10130646
5821273
1583679
5203566
4613063
11553136
3468257
7900551
7985827
13824015
9888887
10378750
457040
-372517
6922393
-1708804
8333707
3523631
4160563
-402013
4971681
-710074
807586
7779638
8537356
9165718
7984821
3581266
6038607
-756132
-775085
-444858
6135240
12424400
134538
4463800
9023247
5850066
1964335
3286354
3497803
5109898
192126
5642101
5869473
9801232
124376
3273119
5298509
12354226
5330192
-3017868
-2338649
2540979
2218116
5477947
11804981
2966777
2232373
599478
-1736521
-3005707
5034806
1990735
1553364
8010002
5060179
3775107
3942971
1909715
9882365
11081690
4520985
-1556232
5876064
555110
12474967
3693187
6655739
8613523
3842618
5193536
-1340738
5742090
5147119
5785376
-537371
11539651
6960699
5805014
2457057
1343024
98513
3400142
3971595
3304113
-231969
1697625
2191989
6539269
2990354
12978302
-1874458
9995132
4348520
4518738
12248547
10160974
3961694
869714
6558939
-695738
14115236
4921026
15462171
8219818
3710236
13322931
397189
4355825
-548303
3210878
5024994
2423230
-1572386
2217403
4469879
9042307
10889179
5572030
2771602
2710039
10528719
5318130
4523374
15171172
11269393
-2082253
2216093
2307220
6516684
4961272
8764700
3313234
401686
5813230
9904977
-929053
4565580
5811362
1462773
9552152
-441699
-38126
4086811
-3157770
4928973
8872241
6973069
7001164
-1293199
4216700
7336028
2128100
261877
-951230
10553192
4797304
3814182
6555868
1805060
3573052
10558656
2606144
3568717
-699915
3032738
-10513
6564535
90465
797756
2051805
5817683
3670352
1252225
11341737
-624354
4526052
9599130
4402768
11545649
677672
2933063
-1193405
5276828
-665952
14244542
11273491
1990285
1643004
4218940
355664
3646974
3995975
10960028
6071728
8750311
3313431
4439900
331628
8492373
1096406
3421052
-2608732
1092575
9945524
4141701
3761832
2007241
242586
4768068
4848285
-187366
10846242
6514281
2074136
5834858
7446428
-349751
9204083
7185571
449644
1368345
4125348
12469785
3251707
2691680
5469208
3822359
10104661
15218307
4719803
2808229
10769105
8626795
8966118
-342568
4403525
1979571
6488599
3529323
3271295
8303863
1697909
6087115
7461480
6299244
383869
6649233
7704094
2684051
-1130216
-706712
9024443
4977373
8183897
3133655
5774365
8505464
6785097
3419934
8125814
12328621
-78267
14765753
4231651
285373
9522166
9581373
11708926
10301335
1082889
4845185
2246798
2073932
-205522
11366510
3069285
1657947
10815238
3440790
813886
8342040
6180560
3658773
4045736
247779
1776774
14163504
372937
1262475
-1389003
-1507124
-2283339
9041910
1031971
4177131
2984668
9816061
9078095
1532116
8177951
4526952
9280551
3520788
-3624789
5740389
10138415
6452877
1272820
11591006
9781063
7735619
5907323
3002195
5394616
3903110
12708211
6094231
11179781
3187634
3503181
6411802
3016267
3538400
3503050
12701506
6783007
-1079447
3557847
5800818
8453310
-554768
-1256196
-276374
10267726
2700541
2784478
5738182
8483673
140963
4091965
-2068677
5685961
8051012
16618038
-262428
4733903
10279306
3015100
5214216
8420164
8609395
6524343
1088215
3088510
9228994
9187636
6911231
4014585
3115053
1510854
3969755
11693393
7911723
-1172266
4717099
11909482
5495251
6366383
9474884
-486568
6873395
283666
2669394
11157944
9444778
10616588
13064154
1261319
873352
2626252
-596904
513215
3937043
-1257212
5562440
1307290
9817022
5819095
292418
2132613
3601139
3013681
11218345
11895197
4936627
7262867
2119762
-1332600
4384866
-1354032
7030049
4120108
3247564
-122963
4689364
10558035
2894959
10825959
6922131
-986843
-1815286
2825137
-165941
4820033
12645187
6605741
3311051
-1046905
-480873
9834061
5416004
1695363
4571487
3358665
10050887
5182711
8959914
-2604350
2601018
13153981
-385761
939202
-241300
1386887
4357156
552165
1889213
103883
-117512
4047454
1206531
591789
6546379
2477614
14269527
7021335
6219005
6570684
6757059
6107722
442934
2783120
-1483382
6465539
3867519
8251785
-3174903
-3401407
3327370
8201487
5309956
6083189
2397653
4084974
3066213
2663740
1434333
13088921
2863104
7040112
2433227
13768351
4249923
4969935
7895575
-212399
5539713
7179943
11508119
7732278
5307635
10087779
4250914
8453434
7005355
3178365
-1079543
4857097
4226162
791364
8166089
40707
3690843
8829876
2085345
2246182
615796
1443459
2835519
-223173
6389521
7155112
3577072
-31211
-664992
2098213
-311985
13475317
2476903
5007732
-1181855
16516311
3242215
5265799
-2801880
3649618
2005391
8125954
11276082
-4434334
6061818
808987
15391405
2088984
4044781
4843765
3114721
8315123
5925502
-84682
4651681
-939493
-542288
10639421
16478508
4764526
1521635
6887034
7383613
10520872
8015536
1056233
191622
9537089
58151
7630036
7811983
7889689
7917128
7895343
2119425
6245560
4396271
4639795
566851
6360616
6291112
13427360
8638885
4615981
3760791
-1492441
3650568
6320808
206098
4843683
-2397364
3249232
-36826
4771055
7960674
221755
1705051
7688866
3199291
1450625
-888970
11025169
3572787
806219
9362332
1564445
7058793
-2797084
-268739
3768990
6997163
12771579
3551083
3600631
10848509
8586549
1061146
-1515987
-58688
8637483
3424375
4284004
13252310
10023261
4658731
5574686
8971041
2485907
3852992
5151084
-161028
385811
-1914525
-1107750
1869965
1402469
10905882
-2868462
9159963
1854721
6646552
7837718
10913011
8278776
4035068
3531280
2679290
1652876
3299067
-2856872
14881332
3574441
13265276
7259069
3566249
484684
1749420
3290874
897870
-984345
6487239
5424110
274135
5936812
2498558
2083141
4880248
8051323
770133
13386890
4415524
6257962
4034112
4361795
13994773
6028827
5296372
1014842
11718829
1445614
9671414
5705700
10202660
667015
14527739
5299662
-3358889
2237776
5434804
-1314843
5100030
-44828
-2388835
9810792
3053318
8034488
98690
2850664
13815329
5490810
12126708
7470488
2064187
8587473
2581123
9196788
22491
10645288
9904134
13491470
-441534
10450823
4691559
14494431
3346071
13738443
8212261
13443180
9642213
10078062
4304678
13987724
-1868727
8666685
2017444
56225
-2847757
-138885
-2123125
433286
2201661
9220784
1890470
14141347
2467626
-659982
11670689
2929131
3725519
493791
-480837
3915192
10159604
5165339
4954157
-1049334
-2131142
7680317
761867
2615882
85773
2218587
3018536
-1781095
6859464
-3094350
4621027
-897796
3118177
9562295
5169736
2244028
778404
6274308
10106260
1406668
6169268
1566138
3938927
8750553
4127722
398839
7452176
2717437
5447391
4042859
5645576
-4207478
8549637
6182063
5138344
5487453
10374728
12104722
878061
-773940
1257278
4204380
2794923
3865643
10423772
-1924179
11626934
-650969
7217548
-2299502
3331718
7050400
-60520
9175634
5392305
1135389
3855136
5602365
424893
1349186
7026038
8002588
5228273
4670634
629270
1191438
2819194
13492470
5366692
-1832685
9021282
6010167
1097317
-1003129
7745329
-919536
-1614888
9073871
5890105
12221182
1042815
1192683
5826113
5031637
6928847
9183904
-527486
-1910265
4221458
7699852
4313403
10464569
991443
-511965
3096455
2343173
3814187
13101231
7594384
977402
9600124
7022610
4867927
3380869
-1036276
7515915
1830360
2994522
3008742
4712430
11759465
7434310
3184285
-326521
3010966
3674099
4970770
5676966
6953921
-3043972
6740910
755505
13025043
8506357
1393311
1222760
11513107
184682
338104
4210460
12718110
-823892
-741064
8100017
13778929
6369684
10440389
5562206
8771915
4591709
-455284
7285400
2882356
4837411
2234961
7095366
2874763
3651265
-1589661
2294423
-169713
4143681
9546125
10189315
1565677
-964709
7682234
-2917228
2121201
2288835
-3981663
5633350
338623
10421919
4404713
15751640
3056995
-1360116
8465971
3433523
6709331
2218373
-459736
3301839
6838515
-2003236
4942170
3726335
3753466
3195537
11080537
3380866
1955363
3831141
-205994
6725287
4361758
8317226
6025770
5528780
-733322
12541954
10189763
6264007
915910
12910901
12130826
3509601
8352943
-1819745
5550241
10732976
8582987
8017327
2706008
9865962
4309541
243057
10883251
-685336
148838
9134101
2968374
11956759
5347070
7458439
2916622
7430520
2432134
7230785
990244
7359555
6842158
3063708
2169485
6392546
7958410
4428798
10857755
3558065
8128764
11962881
7899724
12882606
-545351
-4841470
941386
7186561
8537483
3759938
10108801
2277288
464496
8469316
7667006
10746117
5906858
1111914
6476960
5671229
2213825
6374147
5514715
3897554
6662904
4348968
10730825
2422245
1600049
3532467
12344407
-3139412
1177881
8834620
7495231
2605931
9251094
2286316
8268742
5372737
-1601415
5258282
3713966
3486226
5034898
-1234957
8374341
282980
2116137
-196940
7650536
3068006
4974211
9261577
9407118
6064249
4978501
7476879
-190802
12072079
10960327
16145578
12769475
7495967
5426554
6441736
6930445
849533
9888061
5619053
1345563
-1976468
-569131
9458316
3477032
855058
8731949
8307493
388272
2923860
2280290
314296
-1820653
2826460
8910858
3301375
14724338
4317390
11337573
13149046
2272640
5288712
9400238
11453718
-330147
162836
12060489
2682736
8731106
7869099
6595076
1773758
4890014
10221182
327523
6852699
3840893
-1434098
6166766
7289315
-2443957
-290664
10687600
-1646923
3769169
-697547
5530101
-630692
-514767
-865368
10847984
4096972
6697436
4632813
12386548
10360203
9737166
12068284
-5265611
11265055
796080
8050731
5317177
1156441
-532487
10856313
5804104
5726442
2718369
7701660
-542878
6319544
3879598
3682229
2814311
5638951
4569629
-3296793
10857727
6138049
5040125
-1517326
2032477
5669026
-71508
5177519
-641573
4899439
-362485
745319
393369
8558294
3012532
492281
535236
3163495
8484294
6233075
4789152
2653834
1929834
1012478
5606100
4432318
3731377
8117705
3622136
4009035
2574699
16735982
10704601
14018549
54098
5399327
-1749241
6921417
3101829
8257801
12079680
3276305
-558803
9238410
7780690
4075490
13940116
13757506
9344994
2082878
2393021
477718
6224463
-561896
1864303
10382907
8722099
-1421201
4523956
3738988
277257
4357
5778358
5606659
-387429
-1326863
1240131
3265913
5699551
6078333
881403
12423172
9106212
2054324
3941022
6677276
5770223
3780696
1984724
1556158
11190768
-1175320
-237259
981357
-423793
13674560
2839593
2606657
2102402
5494850
4440645
2973316
15473255
-1412443
4720167
2551019
4858672
3348545
5249951
555228
10243291
3421085
16024934
2381942
9170125
5995101
4383951
1134418
5765803
6706982
6122796
2993095
2207289
5615261
-871570
12436118
5483371
6195564
7829444
4878914
-4585578
-215054
-285241
11216001
9068352
2656652
2598939
5134942
652307
6186196
7093645
-467854
6288041
7232279
12155270
614319
4116821
-855555
13548594
10659631
6905798
3147457
-1342479
2991621
2934662
11716323
3760202
7755417
-1187814
1593095
7738157
2949248
12638866
7573908
3644533
47185
4936384
9373753
1568444
1299270
6308446
2458722
762285
3406824
7988051
11482847
-959008
5676696
9688
12590018
7954426
6285801
4197478
6547857
12883603
4378783
560680
10517062
-2810890
12092242
4575603
5299726
6177324
-958703
5336069
644516
-2176404
3505445
4959248
7961344
9217603
6077812
4208689
4520326
3821272
5870098
1008868
6150178
9111951
-65174
-1776858
7576166
15953663
3031110
2606784
2676003
6087727
7707706
1126335
5152849
3278085
4160743
4766604
2747399
3496127
10675887
477876
10834184
12657131
10265407
15572691
3949694
8180918
4521758
7765766
5718112
730348
626102
4781104
14379494
5108571
-141466
3612353
-996977
5350251
9969280
2933557
5761692
-127732
6101206
10860462
6553294
-1945778
9864365
820402
12906834
6363596
4300503
-173986
7754052
662466
-1484378
2780169
3548048
6518282
-1156325
10533285
2769747
2277295
7316395
8563149
8401815
1558901
7798063
1747204
1607240
6727838
4065177
6992249
28436
5037390
3551528
6362999
2141338
5988080
15799778
4865311
3976512
11263980
630734
-3105619
-1638096
2699221
3338662
3408785
5184767
1834321
11051099
2315085
10592645
-683303
7402828
15268560
3531590
26936
5629273
6730484
6573609
-607985
-152137
1389883
3817175
6093475
3003847
8650865
4895153
-2664715
9388012
9681449
6097301
2551427
5733962
-3438530
467690
4465914
2983126
8936871
6162941
6309858
8128478
11566434
8152220
1326855
8960997
12599921
-4777903
5699597
4997178
8934601
2968433
1928586
2051856
4045837
3226300
-1997304
12202863
876297
12970521
3343423
-1043044
11687962
13036
6014276
3018208
9823057
-1750455
-1348270
1651740
7722696
9791566
11561360
-47034
4484400
-1508550
5944014
3398913
5075200
5863131
1990040
8380601
3613675
8815395
6703224
70773
225288
487121
410389
3485975
1374680
1037496
7395130
6461626
7829773
6924833
4828348
5792242
7973520
3655284
11066913
63883
1162241
12743970
4741524
4957943
7274338
-4754104
5788012
-1093764
-33110
-1159556
8222581
2589646
9291564
-1737185
8624048
1989255
6454964
-827513
8945793
1704850
8233100
5483798
5800946
12101980
6387657
4577381
-530269
8378981
4627319
4411659
2551411
5847404
2660051
7039731
834971
-1600698
1674682
6429702
329614
5618294
12631349
5093246
5845577
2282483
9658081
5616603
-1809988
3360006
7742843
-3211728
5164726
7526899
6700205
6174182
4765968
6034091
-1281211
2533997
14109735
329202
2950528
-752906
413660
-77802
1530819
-48124
1739773
717146
3613751
8050585
6623292
8624485
-2439736
13399048
12566980
2934980
8192952
4386145
7123908
3093470
-1377937
9401527
12176456
8247136
7323080
2778720
2293264
6455310
5821977
6083768
2412549
11567586
7136581
890527
2451411
9044144
5358560
6570933
9749587
2467079
5961096
-1257110
5565061
6111523
181226
9665892
8063124
1335950
2061322
5658403
4349292
3754466
-283625
11452821
4475781
487859
4215819
11396510
3691489
8265776
6708580
7257659
6414826
5561218
5192209
7485240
7270882
8460891
6322164
8582471
5455591
-217972
11304939
-1827189
3363119
4719845
7982201
4356819
-1113223
3209476
13134418
5707223
585989
3532855
4614843
-1605469
1449909
5707587
12584511
5762462
11540088
10074030
4747905
5932945
14791625
7892910
5021721
11804176
7425321
6148298
3197030
7263264
9181476
6504703
7571992
4584624
7490260
7145405
991198
-3138482
696489
11661389
3395257
-936041
2758526
4803275
3151400
3871569
7917754
8534112
6348982
-577713
7536678
5724771
12305525
2104276
2800227
6510202
5816522
2750678
8417578
6656099
1455331
-480127
1650951
12222451
8175845
937512
2316962
10115455
5190613
1332303
12301761
-2979611
4984743
7922444
3073238
-1419443
1594513
2981176
13646265
-302636
-2240208
4662087
95324
447446
10236225
11180484
552875
7030190
2276423
5703796
9660693
10969569
6113686
9573662
7702063
8533592
11486002
5551414
9458625
4753608
6859729
8174056
1415350
4889260
7797194
3511341
10004690
7172693
7937674
2301422
2880261
-1152214
6894838
-340814
3481504
-562424
1617314
7509229
9880191
9371251
1710841
9400525
2463965
4310696
4528318
9408958
1958313
10861196
6070214
329133
5391414
14829384
7624312
14110966
-1433548
-1038361
7669727
3371170
14610672
5718729
7991659
4362674
-518488
11947303
9267679
5866662
2088176
5820568
7371268
6597999
604688
3623844
2241576
4921652
4158657
3833899
4828383
4894695
3481210
-897981
7762228
6280164
4185795
13210955
3868650
5276040
5159323
4599972
6833116
1493297
2766859
3851448
3015831
1550829
10254199
5780773
874955
764985
12950335
-76782
3854952
2996572
50517
8674681
6166898
4943739
8640050
4299018
12122722
6104533
4297499
-3030466
7595837
10287573
2792551
-156349
7208489
7816165
-715039
3781565
351961
5023069
14193573
3642781
2217843
2286761
12027721
16173867
2310716
8315685
12800172
3577072
7400018
2696586
7974652
11194727
-239914
209265
2164625
1162595
10988256
4575230
395326
2081612
4885960
-130674
2920874
12774801
8876609
10688475
10803555
2824441
6470924
4635792
-41559
-423083
2120950
710410
6259973
8355455
3135005
1288706
7568587
5916468
5221726
7107012
4961495
9001426
12583209
9302615
3819331
12477309
9961786
6971545
8056654
9744034
5022549
12820878
6258211
2534445
1896549
-1880203
5530631
5161673
926744
4313372
-2127522
3464850
6959477
9473735
9307622
3161759
-893060
5542988
2478292
4495842
-2326063
5236644
3805056
-2207390
36914
10226313
1707302
9845025
2124129
1509558
-31784
10414796
545107
5419580
4622451
8254625
5153087
5816409
9746521
2704487
7797417
5543416
7130091
10733939
7047796
10071456
1059422
7769808
1333909
-1244475
12720266
9928583
-333585
10517619
9366394
2211025
-38147
-3100598
-815279
4825251
12331497
4985980
2054988
12936368
2743306
5977493
1072804
7457222
7894272
5003636
3032402
-1156523
-1645709
77349
-265252
848202
5388159
7841679
530614
9079047
7488563
9107659
5904590
-113162
-876830
6310971
5710615
3272009
2737838
1311971
5834517
8384332
4252036
13012863
337416
6266007
-112415
-302714
15643522
14963897
7163300
7909457
14646125
3839166
3356250
7403429
4469417
-943675
9537719
1924805
2132441
11542335
10876439
7195695
10494258
4423754
5930107
185664
-852972
-1677376
10173210
989116
11240263
1564706
4174753
6472588
7436583
5425
4939519
2237317
4458247
2902646
-1168093
7808208
8370033
14438620
8246319
511749
4902277
-1211328
2600322
8190903
5506604
6606882
5248483
299689
10226452
2838762
1456923
2975162
9604606
2738453
5527971
4881208
1418052
5527667
4520882
10502299
-438412
5359533
-109276
639365
2612490
1722212
1167021
10856507
4029713
6022554
2700342
15248887
10694838
13193956
10176261
4512057
12698234
3675377
8607341
5485717
-728998
8679572
3446381
8919251
1694321
2114754
4509011
4766215
654388
2213900
1106539
7098438
4922336
6731761
2757190
-319466
6765032
4588165
10839403
7708302
10062392
4059204
4197102
4218138
1983045
5568118
11244417
6972637
4919938
10921446
7999453
5439304
5938472
4462338
-1532247
6548342
3075200
1217226
73658
9738456
1071078
3267517
5994734
4415591
7764174
8228678
1528860
6433854
-643105
7954614
15104318
1018070
6639511
4193035
5490450
2632302
7076864
2722844
293043
9237308
9989655
12441296
3651448
13629086
6879821
2014641
2751104
14086317
1767990
1017709
-1698990
988873
10037848
4874536
7760824
301609
7082867
12253404
-843396
13517612
2287620
12545131
5448414
5381897
-3102677
6456570
3672329
7000903
6184298
6408775
11831947
7990525
4250023
1918304
205139
6993431
4277923
4652993
-448298
2057326
8259144
-4538841
9634743
4972452
285553
14248445
8485656
11911291
390057
-1617516
8681748
-756844
4552305
8352917
7678992
1274093
16164305
8191352
6667913
362090
7649039
10445566
10767888
10791265
4395697
907653
514866
9370258
5198663
3842075
8665661
4277198
1321119
2889521
4148323
921906
5720485
6493756
5140836
8032337
574254
9469023
6681403
4817812
13556297
12668310
7594092
-662733
5932467
-1020432
2271650
4332752
11273293
5736669
-1283218
6833940
9911334
1980893
2283335
2451277
8641872
2696907
3029965
6306417
3208296
13723242
-2828335
8543384
2948424
3012988
-1827375
3013773
3021773
2638404
6608649
5418616
8015981
2504324
13355143
5389702
5305865
-280195
11706924
-230615
13337195
10243133
4766930
5012698
-1990510
6374493
13708909
10801878
2508884
641258
8507027
8764019
-2431725
2858097
1549862
11023251
1470817
4165610
11100269
-2012955
3996077
841913
434188
5215941
2156502
7181124
11607968
6884035
5429386
2439298
-3399566
1688374
7235876
7979282
12758507
-1535446
-3711961
2599410
4996522
3006799
8178860
780643
9069785
2390110
2381376
7539680
234057
516290
2208181
2286893
-3012628
4206078
1350956
-1896228
10158508
266683
-783323
2886512
3664071
6617774
7192369
2132144
243442
2598512
-1613055
8109680
6574633
2935337
6531973
2727943
12709788
9962327
5931532
4236821
3553373
-801253
2101405
-2629872
3216071
5350426
2422965
7826593
11304557
8125483
3850017
7145497
5525950
6331338
1936620
13856685
16351603
11850689
-407346
9565372
65072
-51917
3589475
8765771
4420834
2350671
4091969
9617532
6333534
4922977
10965502
7720009
2372424
2383950
-1029482
4962082
11375402
4559707
14204620
1577989
-1417212
11470958
-799055
8188438
1408540
15501092
5655256
7172560
11196316
1975296
1201048
11346875
8976332
3528548
3434552
13262068
4501222
4116387
2890026
9119056
3000875
154784
9459660
3829024
970859
14675519
-100811
3526120
7180889
-5719
5527710
6280849
-263442
-838722
7921877
4698675
3401084
7105275
4308144
4823473
3860603
201469
1001879
7564172
3631193
8925485
8309296
14547631
8588888
7906202
10989838
3969122
2227275
3862931
4575246
9689005
-2060915
13129311
13585822
6417704
-424677
12256078
6086539
-1707983
6747902
2808581
8753632
7577141
5639095
16769043
2847366
-3010317
9249331
166989
2592597
4192623
8817914
14694012
1537233
3731137
11947927
2651968
5415012
2432320
8730199
4938534
864373
5764079
833083
10267630
14134202
9922881
3503186
9025731
1761238
7657574
8727660
9839854
662369
357532
3404959
4908188
1120205
11594441
1283797
2345256
5313794
7514514
462269
11349683
1851177
1035729
4867653
11486507
5604489
-1512071
2897921
395335
7076701
3188713
10603351
8515759
10412615
7981552
4880612
2234247
5345151
3365929
5633455
7921255
6919073
814869
6559695
6863227
-1199075
7788408
-559421
5486611
6330059
845838
13176944
8170977
5095077
410556
1166234
1564284
-491144
3536181
3130758
1154292
-581475
5254827
1471106
11158571
303847
910149
6088728
1911714
-2542203
4453899
2518072
2562692
5437102
974308
3881263
-454765
5993441
-145128
2680509
2767611
4718084
7322019
2016089
-2802580
8933393
1052101
-431480
6648995
-512468
1399191
4390969
9433645
1702293
9760180
3148845
-1094339
-2271925
-2477629
6444506
4294979
9456105
5542290
5383937
374369
1455524
13621579
3847874
4159618
11995937
-1581431
3725721
5783556
5949997
15541590
3387351
811299
-337051
4368573
8793352
4836579
4335654
7685781
7139786
6733386
6867661
3972148
942031
-2038200
6666571
5856650
-888757
4978061
5892586
-816696
722211
4444999
2646934
6486730
1295789
9569754
-2318327
2577074
12407260
410719
12680272
7809217
4277198
2451133
3775375
5440564
4155136
4210563
1539267
9326407
13274350
5172310
4738425
9243485
5197877
12011738
4890325
4994507
2297790
8098010
11210739
-4679030
-1934484
8952379
8268924
5976881
3034395
-599368
8167229
15806048
10453011
6142736
6532967
1752004
10661646
9042211
-180633
5472752
3960293
-1738746
-758961
765518
7047950
5134631
2512395
5839910
-440223
10032442
7228636
4015567
2556382
7533648
3492117
3404190
9397533
7648205
3406112
6174444
5997612
7430464
3551380
2928634
10760076
8049215
-436846
3824679
2877029
12605242
6055145
2860735
1401775
11791556
8420427
4643364
-4133232
3095120
3847420
5276705
10153274
4488604
6638213
-762494
6861241
2125683
2110602
2209747
1991448
15288346
-474017
13280425
6322959
1105813
11219608
5766903
2193925
-219150
2622618
4194515
8191787
11154323
3691180
7784521
1761102
7051169
-2955405
2664835
6307471
2836442
9250254
271079
1995083
322912
6629247
5006984
7570375
8158847
4120394
3671370
3716633
5677387
2901594
2316957
1818404
-3742038
3835907
3479305
3337846
5357334
214746
4957051
7138929
3205940
3717644
2520573
1830064
7791945
4350469
11248597
3845961
5737209
9349258
2459989
6927840
4231366
3773176
5824880
3849192
-320103
2283696
6976551
8968026
1770915
10965870
5304444
5932497
10107402
2196648
1746260
4538090
7964236
323395
8889913
8476467
8877037
3502766
1645702
1857422
12934661
-3315799
12049048
9090364
2680608
10752552
4590252
7565155
6921095
5870954
-3031060
7219842
9192763
4250058
6042171
7703884
3024415
9847329
2543429
-3090562
5969898
7502240
11133057
8240762
-785125
6267474
3957242
-1004005
2230962
1625964
8600393
-241477
1782440
6784970
417467
3712633
9435080
857939
770978
3586366
5934798
3136665
-182924
117004
8206150
6403711
7973909
8083155
5089824
-749368
8581696
11297580
5667711
6940777
3535592
9715202
6988618
6759116
4799349
3975172
12878162
5317189
5543150
5567194
1873764
5872337
2608460
5574471
1282574
-1537916
10037877
8639778
5108944
10027719
12235620
-2108281
7364028
5647696
3926367
9105186
5020883
4535446
-374517
9776195
154450
-1355458
5610118
13261338
-1379027
9666278
10457180
382412
7632813
5654540
63515
4932544
-146379
1284808
9518521
-806956
-1096948
11180618
2801206
7236373
1348931
995921
2504495
9058852
8822787
4022029
7885753
2666069
8981790
163134
4038763
5023390
7885455
7691415
14059161
6760952
3512354
994984
6823926
3341898
7707629
242019
3509734
10917539
16027757
3594625
-1522998
8839469
7870412
-811331
3800802
9718101
6936290
4617159
6584484
2349499
-2980460
9033419
991210
5812006
2102633
6316269
8411740
14278712
12396793
16366802
7650869
-152660
-1682724
12147195
-1074745
-2169006
6660518
3543643
322592
10225548
8022452
7108678
-436203
2969593
1606897
-2116739
495365
4775765
3124519
332047
-2527790
7433228
-89721
1080544
7302773
-1634609
-24569
5626939
13740310
6721566
5730296
8126997
10924043
12822654
12917639
9385108
10200948
7671458
2736433
-981385
4833180
9419270
-1139533
4212980
2189146
6299197
2612395
-3701159
5530208
646409
-447511
11879146
11044268
3081742
2337777
475657
10794217
7751709
5236700
-1256976
516109
8972498
1183755
8879590
1198689
4286279
9859184
8516069
10863672
-1137737
4542952
2751503
6092771
1391654
1058052
6364806
7398264
-657638
3977815
1441413
6678474
5349653
-1271232
1780221
5767470
11768228
-103821
13277733
2951737
3005871
11986257
7311824
4709657
10408352
5367414
2311562
10201450
3191590
13828832
11543405
2931843
4495512
5156670
3830006
943653
3527710
2897661
4764979
2249753
1244912
3824687
3013813
401417
13710509
1072156
5424824
498957
3069825
7019319
-284717
8375478
2778844
2384380
2135986
3695620
3901747
-660534
4031649
5512239
682648
7371276
12319622
3924009
10343583
10097771
6621645
-421030
-2080623
4182039
5118309
7786290
6245309
4615493
-896185
8248751
8722532
-1016947
3703711
9953854
6951793
5259958
5653419
5336415
-174547
10588131
489891
5212461
5668254
3721128
10636287
4227884
-1120580
1726284
12353468
3158488
-1290893
10788812
2128717
1503572
-1896354
10415283
11411547
4928041
10624
7153244
5939026
4298732
-3914023
4974975
8416661
3411547
2859865
-414184
-1517309
2232347
-3230406
3225662
1215378
9213853
4827607
-770789
6367447
101480
7255080
-4404996
2523262
1315503
10014778
-457119
4458181
2559492
7118620
6525519
13485668
5835204
3100649
-3574414
4705048
2400986
2394493
3602813
10390455
3282195
2978783
6630934
9968857
2281236
1913847
7557657
8362113
4300036
5152225
8471536
11748841
4403742
-339467
5263486
13374762
8415873
4382317
-529485
10791035
6489580
8984374
3934306
-169764
-2138594
4364598
2928528
8083468
9543108
2864987
6436035
13211448
10923332
9738733
14876036
5631764
-604794
113469
4286545
5058146
2738045
13825415
7346571
466441
2398399
8325220
8494970
3227946
3022277
2998573
1992626
5918315
2888227
2802987
6467771
-2137182
9233352
6687708
6803940
5146412
6883583
2360757
6131354
7665179
5299868
98949
6085636
6558773
5024273
12742753
3916276
3637159
3358025
4202490
3519030
2805638
11438735
2504952
5742123
2577949
12668513
2987252
1580389
-950112
1573738
5861030
9809179
7458931
1784529
7851612
7398303
1981901
11267448
3934355
8224280
-343649
2028978
11848477
7756108
7770758
4817281
-1363095
4203600
3183740
9459178
12411111
12328290
-1764369
36301
6044563
3780158
1670067
2298065
8976138
6811832
4271175
1579727
-2407351
2069901
5716868
-1391730
6355197
5988983
608342
8356297
6052939
8112603
7279931
11190690
2919520
-4556664
16345196
4923887
2757654
-1326804
4177948
-1866502
12845621
11313738
5596731
-454567
12806932
9511776
1389960
10738181
6291123
6238520
9093362
1040327
6699573
15371924
553338
-2076233
6612649
3866495
-1221115
5484366
5644717
4802457
1997081
982851
11132207
1922116
11619802
8744092
12297335
2297800
4668892
5013447
3478862
7942132
-3669806
-505813
-63528
236061
6489049
6529501
5785772
1249080
10611781
7128145
6443203
-192699
3400492
2992574
4506929
1351526
5245099
-693162
-1715923
4465468
422737
1766009
-1271409
7380891
-1631290
6934140
6839185
11945913
4321233
7561172
11585616
1336814
-1005219
4252700
519650
4715463
4810813
13754497
12515259
2613092
3707757
5831886
6427928
4955389
1927225
3190448
1936668
2722294
3118297
10496234
2100883
10699838
925326
5264918
7052370
2568457
7113823
5614266
11283820
2597035
5308101
7880033
3314308
4767386
-1404782
-600116
2460553
8148881
4457365
-2272891
532732
-3014097
7018041
7821912
-334019
6724783
11917055
-470913
-1844805
-204570
9466165
-2259897
3762922
11622709
2780291
12457650
4213293
9672701
9459028
12589083
10253424
2501521
-516205
-1362885
9384811
12212020
3187553
1936160
11801776
3319865
8067213
457115
9277990
7003384
3323710
1022343
2348331
3454401
10922926
4063342
2177677
-73463
3372568
-1872588
-3660117
14691612
9015224
16335150
8384675
3554594
654615
4623961
678360
3038737
14553669
-2745513
16270483
2307532
10557601
4184551
5108863
5723948
6732748
9144187
8137510
-246578
5029947
10546798
2913595
2510421
3971614
2295112
12489928
12383131
4732646
11085078
1630677
-405964
12011324
6096041
6239086
5410402
3130200
5132451
5970474
2186256
2723420
754977
4016388
7123197
8876115
15497161
12601887
1029215
11042934
3267069
7322106
12847447
11975083
5733601
4604083
11469353
4765194
4394086
6925913
4223400
3419926
5778801
6511133
-453233
12982335
1591602
7454257
7819890
-2091025
5912956
9587948
7435597
7121867
15371117
9792695
7446364
13507942
15548882
1590972
7023101
1826227
-584663
276723
-2045683
7655936
3790410
5090585
1510608
5941664
4238888
3019368
2685977
1149597
4524411
585738
3132519
-197934
-418431
10122462
6467570
2692773
12812635
4676124
13016381
4308897
10770953
414467
2316268
11757170
5250082
4270765
2730650
568796
-1892204
4528940
7407306
682353
-1546348
9647694
3101725
3412296
6607726
5298084
1983548
14156931
10244365
-2204980
4466047
648161
3107551
5452643
4321758
4746606
7517477
4928607
5448392
7175008
8961821
-1193457
3011695
8413604
2592496
6696990
3650592
7242300
-1308355
-2625064
2111263
4057378
11175102
3854008
4069817
-883054
3856680
-2368530
4809372
12428254
8813734
6594292
12424084
2488570
-193922
13358417
11565549
1087078
7282539
2317446
9254811
8497163
2920496
5164337
880865
2434241
3087618
4719026
-3379010
11588166
1292418
6979716
3390259
8095453
6779270
1531460
6024994
3323165
12969321
8847684
11261796
1886681
5175086
5510053
82771
4011914
8419633
-1104476
3446770
2144245
-1487860
3282400
3858609
6135737
12636290
10887821
-1495662
2390153
8688556
1860210
-1479039
-228026
10930734
5945079
2401761
2366603
-612135
-467940
6216815
9396068
3470242
5264196
-594639
1365434
4090443
7963836
8294463
-2006455
14291855
6611303
1976204
2944309
10140733
4904333
1447970
670712
3568479
8987402
3204393
1858139
5481301
2496018
6105960
11547365
7572792
984810
-69303
1713166
1711592
1681516
11003516
8690703
-785425
13473706
5417659
-668527
151461
10360159
-2846937
772190
12448551
5961251
7317211
5239665
5001665
1394717
3037331
-497329
993470
5243654
3917937
1418912
10910362
6178848
4203652
-3423800
10327819
456173
232322
8877764
4338727
4970377
2273356
4548391
6656970
13487669
4720676
7651555
3421555
86388
10539344
13414006
7346148
4304161
1980417
3787162
-1139367
5205815
7755188
5638915
4691977
3239658
3952019
-426197
-1859079
3144917
7177353
6318584
2341938
4554336
-842999
6254420
3911630
3985278
9538829
1724185
586796
1960460
4361487
-408107
-412019
-774005
8098801
11609023
2359829
1063341
5102784
10021113
-81261
12685436
2306377
7026819
-981434
-537431
496157
4310628
1015318
10785700
1961688
2027080
-1662234
4402743
10189877
4547276
7766059
3258933
10279355
10967171
5994496
7453884
16479651
-16221
5777069
4399616
4787473
8587304
3501085
5612772
7222835
2408424
7965900
5802089
4997711
4324765
8127094
9390886
12759364
1695088
-994735
-1647742
-893878
14940045
2355457
10190303
11322690
-1548909
6666231
-112111
12719175
3257944
9416281
13614281
6145742
5017670
-844174
8639546
5634027
6274196
13024573
7131403
6221180
9535477
465023
5946170
8545197
9079336
11930450
2916688
7109611
133501
3075018
4087650
-1279395
664949
6379262
5511408
8880491
4931705
8239626
14487425
5944910
4818640
1452545
86457
2557003
-159022
238620
5100458
2608616
1211363
694510
-1757569
4931781
9095410
2890070
3369168
5773404
1269658
5745222
5111086
1611971
6681119
6762880
3547162
434078
5409909
11808445
7434198
832817
5643918
12485563
4874405
-523441
2967783
-3358807
5699883
9282265
7529355
14041407
-1884685
99512
5445838
3976950
3293151
6037084
3444399
3775104
3229318
2899025
4387011
66887
6733172
2847347
1615073
11646303
-1840964
7090518
1690206
-28347
12778113
411396
1546199
2700442
604684
5096386
12806669
5648007
485967
2682875
6038425
6158883
13299656
8899152
14534141
13564293
-2299828
9161442
9726741
790801
14035797
365841
11914417
5319873
271719
7191556
9506601
4144850
648418
4095338
1119940
-1342228
6644953
7741342
-158971
13097132
2618777
3813246
9758555
7599831
10361246
12523324
-1620826
-904940
7735866
8084324
502483
8142015
4872268
6314637
3919321
2280576
4354162
493713
4899951
4248141
803691
6330483
2454471
13920126
690872
7073407
1467674
612019
5879296
6662526
-1859523
1187342
721547
13062908
2273922
3050350
10318513
8866459
8935538
-1463616
-1169414
5235174
7238005
7768933
4976278
7556513
760383
1376508
5846161
4097850
6955959
-427994
2310803
733430
-1001901
2814939
1260712
14148883
4293818
15698379
-1566183
531756
327773
-501447
-483197
2270244
7967169
312667
3064018
4856983
40269
3698536
4257076
7817053
2623401
6724141
7998350
-665097
10066747
6363041
439309
8269711
11107645
13328618
423867
-1059908
1366381
16129901
-191817
8092663
3387926
6774199
14087442
-1730769
7064197
3347775
7316568
6425436
8977369
5832819
11161785
11806145
4220370
4987187
8552234
12526635
9443718
3179160
4642269
12981122
2565706
13319036
16459088
748691
1078698
5219149
641354
5144936
9018790
10460110
5716415
3747055
-99575
10919492
11726132
5442496
5639649
3752432
6962696
2702620
315413
4723652
1827053
4557122
-3765610
9945906
13399909
4160637
160372
5438566
5114273
5411702
8938659
4760811
9135
4336587
4677153
9711869
5673248
951905
4232594
2841988
2287061
2147804
-168581
2944884
5724336
3838218
9970083
4876420
145332
6269612
5415302
-2259673
11433534
703287
9556764
7336611
2548364
7541285
4614151
2644188
15435152
5298885
2185996
-1783937
-1839407
5230219
-1381672
5325842
-1622508
1029213
3458185
6227661
6009140
4884103
3264350
-1311203
6468968
5899084
7182300
4656932
4315568
3928045
5967034
-692947
4452078
16223465
12295334
6422051
7888073
3070864
2109858
1113981
6141719
3038790
-1929523
381655
3994597
560069
5825264
8070916
3529524
5086716
6223107
6653465
3064319
1356353
10473911
5727221
2062696
3014910
9719569
14348688
-231148
12280412
2437227
11722500
2285499
6292415
9304970
6367196
6972191
3268790
10554014
5673791
3867740
8354739
1864548
1137613
8875666
-1444159
-910990
2088849
3664888
10432368
8121706
3960891
3272959
4967040
7451510
2090151
7397602
2896035
6438224
3259445
4440420
12921455
2429294
4410502
-1593844
5864962
3384811
2573299
6837997
202921
5794869
14358437
-1708768
3334613
10854396
4793482
7404029
7525445
1815998
2478760
6230320
7906855
7708936
-1142826
9400362
7258248
2516451
5826376
8274176
9779317
7164357
4277118
5141517
10002508
3279585
-1180416
7673523
8215403
10190232
3329710
3194993
6916897
10615400
5814897
11280925
5439551
-258595
-2703299
-126219
3280674
478991
145780
7256744
10800789
5841630
79331
10103781
10730995
4889764
4491315
999617
6250783
5535102
3226704
-2162328
5620747
7301260
13549852
-418334
3726021
5355340
15645791
3105204
13558917
4432653
5937650
7655750
5456580
13197354
6536542
6685442
7461688
10137179
5129591
-2665567
2651780
9063264
2807571
8128992
5230676
13598175
8058441
5369475
7160019
2851901
4697265
5934636
174561
7675294
7304681
3395445
8339367
12267053
944392
5478812
2149739
-672110
3566383
5664251
11382637
10937922
-1329701
5174638
6897182
5114274
-1284855
3155859
8732974
4105112
13175146
532086
9200244
10600686
5468236
11732466
6108190
6152733
3740085
8996235
6737249
2232570
7242962
2515571
13009863
12352278
-4993739
3060709
7314342
11358948
-644472
10782826
416818
9235165
7016828
5981031
5210660
4586579
6448001
6563389
8175364
3572699
6309839
8009600
9737760
-501755
872756
5185463
7552763
-2647642
5555909
2980845
-3181081
4628906
11426513
8281642
54771
10585047
3230789
3962913
-1547772
472660
7454941
917670
5990192
-2145582
3272861
10704550
1452681
2051038
4717558
371280
6247029
8272884
6586793
11211144
4730637
10261528
3739952
1064509
9571286
-2470426
5096362
9387760
-930946
4996268
1355175
7770685
-447983
5460725
9309991
2360627
7513708
13488799
4459645
1059716
5878083
2638273
-944569
-1453444
6035739
10917044
10478190
1862805
3360437
6131321
11692116
12452090
9538668
-2395787
9357500
12134739
8707991
-1892681
7560204
2414585
6871381
1799209
2289489
8526935
3889632
4117442
652690
6319870
4958082
13350053
13116730
1114966
5080226
1952678
10602153
-1382153
6699798
1148626
12339000
4520603
11737972
1302027
13485980
8887956
5886465
1013102
6877168
-133844
4372802
3843488
5146513
1032752
5570175
4259667
-1167121
2472985
5153387
-2935142
4013616
1184015
11269464
3744358
15015390
3437043
1379775
3238007
1624214
12545467
5175250
8221126
14187129
3292706
8198433
2206269
5221615
4028308
8355832
7157688
4797475
-299955
9824804
10066260
4245997
2208787
2343376
145199
4194455
9626504
1458680
563900
4281872
13676125
-3526692
819883
7564458
5375302
3557953
403311
6168933
2488520
10186471
7282540
-428088
7526447
7832592
3356981
8359426
1895702
899592
4823038
11902961
-781847
8873198
3066592
3837185
1675762
6818315
8917679
7615913
8706850
6412565
4224569
-197870
4831147
5456366
-2424700
7677497
9191076
7710134
8835642
912620
3803078
11803689
5568301
1808652
9390688
6016880
-165306
7233716
-589372
575486
7308179
11708126
5696085
5398366
5430290
2827812
5105966
7494783
2200219
1400829
119413
5318524
746845
6727968
7118945
7045229
3257452
5481471
-382765
7471605
6591075
9178705
9447547
7896953
2230267
6153206
1836488
5522831
-2030669
2121751
8745094
12139877
1364709
3802569
4020068
229052
-1001182
10459303
4541229
3098928
11231057
-645363
762274
8844267
6580695
5602241
3427117
3671813
-941139
5918863
11001194
6668461
1923510
4748554
8161904
7942700
-133920
-774121
14222097
4391993
1292952
1289599
4290857
1982540
7238914
-521207
359504
8078608
7485161
4576985
-2672383
16232245
2362647
648463
7866022
-3264804
7087744
3219433
5942631
-3545490
3182925
3241896
15053691
9901081
5136713
2177977
-122865
6504491
5426831
6697333
8407678
3519078
-1571952
10479480
1388787
11779809
1732415
-542286
8763596
3652934
-377620
8595568
4887732
-6424
6539954
2213786
10476594
-3667569
6183446
4717138
556024
-4546531
10944705
1990125
10362364
13349493
2227217
5591426
11859316
12719943
3501775
11351208
6779105
-1674058
-2818303
1717440
-614083
8266245
9357474
4644209
11324365
2696751
6040656
15191825
1444490
5890789
3993551
1025108
10690827
3430734
1457313
1395164
11456732
9942924
7071694
4348576
-1248460
4286321
9697811
1774173
11094911
12124845
6173403
6167445
-349466
8473103
-204969
14500412
3233326
-19349
5869928
6270348
299259
2861106
2806756
9176042
4825225
5843998
1818291
6709962
7992906
4370949
3605785
2928336
9656070
8000145
1556265
-3608726
481973
766086
3834268
-130341
1385936
2735553
1125410
6158052
10843789
8099397
8999553
1333384
7822235
10874828
-444891
1873901
7488380
6297632
2607018
7045740
5440885
2531355
4107659
2157684
8584648
-492320
13292705
12376478
7877363
11543826
5953794
6100293
-517344
8893521
-2681056
7237876
8395893
-892786
6864784
5732277
4210615
13017231
9429310
6521219
4060309
8004096
5098221
4577735
2990645
9894427
5397665
-1253070
13542119
2515732
3062163
6752866
-168044
4403620
-533404
5271990
-3111601
11780153
10544490
14909805
4911008
9332425
-236702
5355371
2950080
8140079
8674353
6320469
15308999
4520208
8675208
6814841
4756938
8134402
8371767
3566375
91217
8920775
23825
8376413
4321359
16565612
2720114
9062659
11012016
10550577
-1861443
8729482
-2639262
3571159
2847179
-2059902
4309122
-780097
2898621
6534563
10311342
6692208
6710244
5125102
4965753
426793
6395030
9398812
4117761
7817553
12273308
2047251
1497639
4790032
5274773
8921399
5879069
73
7496039
-708305
3094936
1453862
3354178
4768384
-139532
2845467
-1330429
5299170
-658200
214195
12136717
5769561
389758
7949709
4326981
7698299
1152542
6542192
14544962
12394747
11032593
5560414
6235368
5279299
-425033
-133904
3692012
5178022
2703236
5080125
8005306
2743675
4229802
2368527
-608541
2105198
9716646
10250710
5363178
8586176
5662002
9856908
7132926
6063131
8848344
5675556
1657245
4751008
4060202
6925880
8371122
8355727
7499045
2124148
13340987
-639156
2386934
2297173
3516309
8085237
11672588
2545923
1695463
5983985
8622502
11024536
2677277
2639341
11978011
10071684
11673046
4912970
12234649
4939019
6036357
8716097
6751324
10100161
5594401
7197947
2033100
4675505
721323
2942143
3662245
921112
11634840
-850013
3939660
2595631
9787928
11248048
13920671
10523681
681900
5112306
-1626571
9640082
5228240
5394689
5683982
13033912
2943872
4431090
-1419367
5883296
6655269
3714427
5901698
3451110
6413161
444318
8630503
6735477
10818031
3439790
4476533
8007125
12878709
9298602
-1768635
6502485
9586482
6214739
10372368
6464567
-390179
-404436
5638572
5973626
3030619
347128
12621372
8060790
6570263
6849838
4251755
13561121
9210204
12151029
6630351
2564799
-138103
2692140
6970729
5955882
1391056
4161793
3675819
4210783
9568642
7084958
5736548
3465449
5165835
3853412
12412403
815654
2578838
5907035
4556539
7417132
11582505
-101181
2614907
2998294
9407733
5195476
-914429
15486746
13358265
7348965
7014391
-2229722
5480339
7074024
3821148
5455899
2393590
4937717
7263739
4446892
3009852
170974
2594074
-472591
1224301
29698
611931
2261740
4248145
6196437
13214998
3900069
2274047
-1997521
943741
6447267
8562200
7174159
5973641
7522114
2946433
195606
1283663
902718
10232082
6055845
3152068
5750794
5767015
2354295
13306209
7891674
4767178
7577617
754567
8899851
6808118
6669247
-1569559
2640726
12599960
5246246
2035990
12931417
12937319
4319374
5112796
4203110
13655742
6038880
2525373
5515425
5857826
6222479
4592080
12540239
8533143
2743016
7018179
6491663
-3294223
6044504
7361502
10620573
6885839
7405705
8908612
-1491982
-602183
13761751
14376
5362574
8853253
1131439
2988113
150951
10397223
-761456
5233377
6119054
4361508
4657404
9629315
9466615
-1164415
-141472
10169261
-436203
3738972
460918
9828974
3243087
5553786
2897714
6505781
5542049
12248207
151967
11513201
5098085
11000809
2415085
6298943
-124166
4801257
6669575
3859638
3289439
7829372
6333042
5661058
2766190
10878077
5935890
4119411
3188298
10849941
10100565
1721376
1517974
152657
5928158
6369317
8214030
4647062
9483967
6112321
8106154
723463
7830656
10832383
-931329
3738189
1201783
5609996
512976
4657301
7712717
6546720
2330573
2357513
9557783
2832902
3903994
8930855
207600
9309
2123193
7615631
7095986
-1354885
5429613
4991265
6338158
3311021
2955768
-347692
5833052
9820396
3060465
9166665
5459183
4275675
11332509
687682
5518645
4780614
10021099
1173183
2993685
2441153
2377480
4603383
6117083
-63186
3700916
6111674
3095242
1951903
908607
3022810
11961899
9346769
4470476
9893466
10954801
4063681
43462
5468575
1984782
2331665
6775960
1644735
7608714
866599
3534855
4179388
5221987
12197439
12358775
-1012421
2444972
2397599
1102184
5317358
7296737
1348743
7377962
3439529
-453219
6344837
8707303
11719597
1974717
3664051
3827017
7004231
5155571
361430
7653621
913047
2446145
4813579
11251939
4305230
8397602
2944413
3208028
7394734
2389227
4821746
2359171
6164190
4066950
6249291
11278583
10816965
-689391
3826083
4719035
3197638
2021756
6460762
4262868
6809422
-475040
-815194
1116002
1035435
2635028
2186493
1530412
11322776
4421410
10231935
7521200
2962743
6852226
-2270880
4216065
5664243
-1464712
4522171
2324907
5919685
9499458
6389323
3936518
455792
-242233
4730448
7936121
6050016
9183867
6562357
-688046
13139707
5604515
4069556
4629429
11198218
-1421580
8411888
5361970
7439811
6992680
2008304
13091725
1224693
3802803
11047058
2865349
383691
6344922
580893
974886
12414835
7715350
7683769
4878856
13494166
981373
11026433
13671864
8134527
3622555
6477826
1026618
-2145436
4605368
7150155
8516919
4477954
11785035
-2341429
6325144
-199750
3930785
-2014579
15059367
16418119
3523254
15574798
6458830
191140
3222765
8155866
428612
9873723
2527024
10974651
2722943
13180107
3411332
-592258
5977987
2312507
8073324
5896
5802103
2138048
4456617
7580236
-441315
4111596
-1574003
2460226
1846594
-771930
2489535
2888648
4493594
2841980
5666483
2970283
4319876
4628947
5840027
3286029
754175
5914374
2287151
8831123
-1781256
7910443
-1219301
3711998
7869622
5979288
5065976
4805074
2168688
7048550
10955116
6540444
5538637
2750882
11739556
9493302
11052631
3573984
-2229517
4203026
4511355
-492318
3782702
2759319
12675206
1814755
7581201
7857348
2368280
136922
1182507
3591012
963380
10464725
8743726
8736468
3857734
2723970
5935746
148622
8138508
6170416
411650
3451700
5719529
2743640
3946793
8611512
1769691
8883134
10810807
5270441
1643706
12811914
8445310
9332485
7532857
4981473
948207
3054964
-584214
4702184
2008782
653186
-792975
4940592
9807987
9696460
5321305
6009837
6331764
10654803
-1767884
4498126
-1579380
5068139
6488826
3239686
3581740
6185700
9821970
3314094
159080
9859336
7866007
3122011
2753245
-1354301
11314010
-1079879
7211241
-1287720
6712245
1612178
3204026
-3861424
4890440
5645492
2058790
5311633
4319545
6526615
8796379
7973679
-298755
2195862
1453144
1916595
5201964
6384074
-644272
7385049
5783693
358207
11938744
5945822
3149367
-1118440
2698202
3424311
4543948
7655791
3979503
7683165
3742250
-202967
9579537
9531450
8111790
11842231
4646512
12045540
5230510
11422456
4843344
4996390
340281
10492350
6484260
4678026
3412380
5034421
8597124
10243048
661016
10848970
196791
2418059
1591910
9163529
4152132
-1680064
8827621
10941899
15849903
39444
6391715
2648282
7490708
10149071
10510194
493674
-94190
2547089
13229991
6784352
7008834
4767806
-4006866
3245470
5634491
6010304
5623711
2754610
8869190
2845362
6605324
1599904
10889061
2311525
3223045
2239740
4978877
2305172
4023797
5888527
1755426
295892
1853088
241012
-670143
6480552
12634850
5706521
2583315
3392163
530907
2884758
7780506
11429903
5825252
10745222
10179097
-530765
2544012
4507080
6550109
6167420
8046827
7902679
2232000
4018415
8382761
4489508
565707
6466320
7781712
6591693
5738788
10163273
3531497
891509
6979271
-4885232
3366362
3975560
12041800
-1923081
6351678
-1517963
2582307
-242903
4704910
15025212
2175685
10877982
2503439
3872034
4646193
11237918
403946
8027252
1950267
8581668
987099
4081596
-2098631
5461333
1190427
7531719
297471
3430960
13855780
-1251519
12041654
7699214
7176146
8789350
7387633
6178062
4652287
4069894
9048669
-385715
1631434
11783696
5491911
7892256
1531919
12865357
231458
16419888
2984337
2010825
3169776
7751371
4741946
-3612435
10514802
5501325
12951401
3550619
1239357
10902038
-1960954
5135552
7773190
2195928
8839098
4347663
101195
4353557
1184942
4480610
4838933
-2447460
8242794
-3469882
3524804
1725053
-452292
1754966
3296905
4025535
5314515
4406363
1984378
12621624
3274962
3552330
5740479
8147951
-721186
6552549
1670160
5980486
5987780
10111926
2733389
127001
-544732
-2935423
10608127
2919341
10832597
9840714
2379793
1333139
1825539
-2096919
5305972
5846524
5710843
-1892251
3699705
3061481
2155673
1701825
8490105
4246563
-2528977
4987567
3839415
5988056
8038020
8218450
-1667846
1863721
6221697
11098210
2355282
2563689
-1724003
2156721
1777978
9043262
535234
8874226
7355880
4942231
5519660
-2070650
8732870
1468130
3949681
1825685
11037294
-4037318
91696
-2423866
1385183
1380372
3174832
9441894
12145983
7986273
12223189
-1002784
1059523
6624160
5633890
6931792
9298882
11593427
4570361
953411
2191536
4210894
7860290
-721143
5656635
-3364708
10276811
1557477
11173197
13003036
269636
5186975
1654420
11381173
94501
4293623
416152
2183356
3802267
321927
8286944
11714445
-1316980
8136246
2292214
2804576
7319712
2610698
2440508
11033317
2177537
11701572
12571003
2048811
442167
2519688
4638761
5790433
8442681
2656846
1518103
3308580
3391301
-1629508
7381758
2316509
5480029
7182334
6817861
4405516
2560351
3746773
10516793
4935983
591821
3352395
1250681
2631151
2598214
4008991
-1176232
4635008
-1675444
2041780
-821971
6614211
12976696
4401893
-150624
11832072
818643
8405220
927586
2676394
7573916
2200590
5774513
2103180
9074551
1899300
-636654
3850825
-3180402
9295820
3508855
4926839
7496356
417552
-3752489
1832014
6531096
5747848
7064900
-613141
11693386
4593073
5722852
1644789
6060336
7468913
4334783
8451147
7063742
1385990
4479301
5161049
2099553
2659301
-4785565
11560843
3952731
6437157
4503295
2695264
6802568
421786
11421382
-1263153
1039650
3963625
6557238
11263914
3917576
-1410428
9129305
7240159
2455582
9145302
-416512
2438822
537931
4895553
10607922
4138644
1476526
3483974
3701889
3072933
7787562
8743374
3250352
5215009
479075
8713196
9662768
540603
-408731
9092917
8675270
4796332
748587
-2078708
436882
6238955
4696144
8505158
7884338
4270159
8071794
260692
4607707
-2657169
4547819
1553986
-1751443
15989955
2120806
6972280
7007260
7711837
4995596
4664019
8735874
9538896
1604455
14274136
1700424
-2542816
4273040
1957257
3128669
10917435
47547
653807
1840036
1133573
1215963
2360253
-874273
9403415
13456332
11159957
-1289420
5514711
9616231
5565852
3527789
-2942993
-1363397
3315553
-1309155
7808223
1382552
10203554
2352771
5066624
5761810
9244608
13684431
-1174603
-430256
1876637
2230654
3955393
9856152
8086604
4881555
-891022
14063378
3104825
61182
13003280
4351820
-851285
3296620
-2046744
-920194
3355702
10540124
3108144
1205170
5561421
-2974473
5374579
5746203
2735857
7106738
5474670
4869026
3562491
1141984
-639033
-1693079
917061
5789040
9326795
7163861
8404502
10773328
7435967
2813773
6755285
12115494
5178639
3749418
4378926
8795510
3671496
4763064
4943402
9834388
6440789
5283306
7445814
14813004
13005276
8635202
2641130
320292
8123503
4537320
8405119
4775583
-4230808
4660270
3799556
3887348
7071872
8846733
768722
4556431
370574
3835525
7517745
-660773
4447684
9315516
400863
-132000
4245304
3411500
5621403
6425655
2790026
-1930077
993980
-2128544
3789600
3558787
5975409
13106638
1417811
2077123
13561717
754835
6789136
2943288
2312365
3340975
8005715
-134336
2630036
-1772278
4440855
3220138
8216507
8181904
9640694
6525653
3470803
4912669
5056045
9040641
8465543
12617061
-2239039
1793312
3412866
-143849
6236841
9521675
2279247
-2337471
10997275
2436000
10415551
3630223
4429107
5633820
9340535
10385393
10889115
4732159
2580455
10001015
-534117
12198974
-2449292
-512747
3261375
500592
5972678
8413518
6059275
-154510
4832434
6192687
4431836
-195661
1642161
4910004
9170837
1791825
3400674
2369981
1462306
3652269
5362942
-1694017
6780569
6788293
9033850
4965035
7013581
4429887
-1333915
6338944
2067074
-3404913
13485628
10108926
4969924
7100113
5627733
3905647
4109835
11838556
7535897
4889725
4863295
2856310
8560263
11568696
-807070
7325673
1178055
-1015997
10566081
70721
-846015
13897040
-1755328
11223581
6273373
9018080
-100598
9338022
2759247
-4878760
4174940
4919841
4608672
15729368
5444723
8547568
3264029
1642247
145109
8072418
6390866
5160302
1281758
2140480
-250950
1159717
2994001
5762957
2122994
3301362
7204450
-137856
-567749
6437226
2420863
6908118
4669299
6256732
1218527
-1513389
9797552
7047886
2531841
380720
13792197
3552870
-1051063
2897765
2281269
13905850
12390082
4045316
4476780
3240370
235590
-3718087
8674914
10952479
2299131
11243562
5206326
6240101
12254674
10786849
5017968
-1243759
-357893
11371801
466152
349350
-2510877
7257829
2834168
-2965791
3161071
395241
2178121
3201210
953683
10084471
-852904
6912886
7600479
12402735
7116598
7128939
6601816
10301280
8797672
11058715
5006005
5630859
8288033
-1471505
9995332
4133013
-1099184
7299606
-2360017
97847
9589938
5832048
7098601
8536660
6026796
-373068
-2252062
4760919
7098413
6004615
4605908
2042483
2336547
684622
2115379
11977210
7338169
7115359
73736
12265567
-2951211
3603738
8910493
1572480
1441184
3279318
108650
10033011
4419231
4756089
3799312
5695312
3908235
5838488
4159974
3670287
5714738
3937499
227565
5215091
3471220
13317302
-529215
10516738
11140282
3626378
2296035
-1213437
4130406
12005868
15841250
-7159
12449988
4001908
9490944
10064961
6068859
10427
5332633
3816193
880295
1545486
13107197
3868984
693718
11745515
3640812
2893789
7370049
1393501
3163457
14593582
-292374
-1516582
6433562
6542732
3045144
797286
8728618
11106805
7643404
311108
-3224503
10634010
2440288
3512559
350255
9104581
11518827
-4164560
1630775
1449326
4518834
-366589
2285595
-1927443
2615615
-182543
4471881
-3332303
4038517
8009888
7773171
5758056
11945334
5356294
5605922
7797781
3627009
4603704
-496213
12771764
8290305
314430
8843925
4955832
10044180
10416836
6923151
5283635
5530313
1116505
-485422
5040357
7975120
3731841
-224224
1412132
-228724
8035509
5025198
6395242
3536105
-4100642
2655450
1258531
8945619
7355881
6209453
5538890
1109929
2925495
-1418866
7960075
6975692
1103200
5513872
5642595
-280594
1351274
2016675
1839330
6257753
8814404
14463458
9664074
14188962
1076546
4667901
6042946
4415963
5347391
11166953
4692845
9301273
13478498
9671248
254926
4577277
3042100
14127757
6435448
13576438
1684274
3268804
849341
3725470
5626123
2277211
-105482
3680191
6193482
-1567382
8237840
1299463
2253634
10039811
2573556
2582691
8115626
6741164
11465134
5376158
3748483
4924264
7038505
6012807
9231649
3774008
-589777
6144882
4575006
2559907
4129650
5418205
9164281
11196396
8021432
14896555
6095378
-814379
4230948
6840301
9631705
8849832
1275404
4291709
4105158
5210855
2175467
5611082
5358771
12029657
1189930
2566711
9498504
6695969
6595646
1099966
5650051
8018120
9341961
10520408
-951141
12700509
8908086
10146307
4017189
3146369
12955299
8949759
10864359
5527424
1903551
4498920
-1996605
6183043
11933319
3524234
4831485
11415872
696325
10859685
-939190
6462194
3209031
-808219
-2223830
8222319
2227397
3968963
2537177
3507448
12912178
3441937
10567619
60108
424753
-1341636
10172278
985542
12802783
4701911
7664376
2295781
11095421
4695165
13312488
7542497
8168254
3965409
6322765
-672827
5408703
7906868
712565
6130259
10324604
7572248
5901979
4480723
6559323
6645912
4668207
3269730
2153057
-3784960
8558723
8298277
5625308
8920477
2172793
1689390
7538672
10844784
3067691
-189788
3951283
16442689
3949781
3178957
5651037
1292808
2967725
8034014
-589029
-1554205
11024226
4996240
5490116
1291552
472238
8704275
9752593
-847291
4892620
808297
6924611
-1326585
7198139
869272
5458393
3986354
4935908
12981155
6783964
5493640
4946617
8530690
3964717
1625199
4110752
7408974
3168696
5898775
6354489
1909395
6223570
8632174
7822339
6980402
3836576
4019366
3201839
9553032
3998518
10474193
13973106
7765361
10060164
10534920
2269435
718220
7391560
3372270
11272642
7534842
7229727
1456369
-2509421
1842630
9121064
10156766
5903179
3099541
8344948
5012430
6102203
6914253
13391581
-1125347
541849
6670437
5716810
2353961
350465
9859064
-887323
663573
10634547
-541703
2904160
3760239
-2355291
1667368
561614
5108108
11248623
3633131
10174261
7352607
2160762
512091
4987311
6434241
261564
2604792
7953012
7573229
-1723199
3827164
5016346
3512171
-1446922
6217877
4788288
-4599243
-1465756
6760367
2314851
5530484
3734336
16422217
12034608
303945
3901821
2843852
8367919
6817988
4185412
1581402
10207602
5833576
266758
-3691796
8646846
1921820
-1215119
690605
3581340
4279336
9284033
-134212
8076954
2815526
-1539215
6686323
4265006
982302
4564272
-731657
2304172
901774
7675808
3925529
862663
10230814
8700713
9392748
2147449
6737891
3703386
5233370
2503217
7043239
5127860
-4931324
-498587
4567086
5375172
12629903
8988829
6293427
3068701
-285489
-1151996
2497999
8136575
1006519
5207027
3233526
11519576
4091325
6540151
1632568
4648677
4714937
120054
1347599
2399730
9639697
7336953
4728871
1348941
-222864
-1840052
4708903
12320498
6941015
403916
3413038
5145271
10361711
2475501
5356335
7086214
4460096
4423527
8619470
2421070
929104
1860476
9674756
4054038
9745274
20749
3474433
10096193
339391
-1741138
5009039
2104063
12814540
6508189
8599808
9126140
3443998
10323534
11617688
11583701
1466386
7605098
9371446
8451914
4552768
6684878
7972311
2901609
12100878
8604374
1320678
5260934
3389899
7469233
7921526
3128228
13512662
7334707
6693162
8155598
11869929
8004407
-194490
4295028
1608607
149762
1886150
7641130
-1804691
5602921
5511649
11287528
2570359
6347081
5314895
4362492
865525
7840654
2772344
-1570660
8851177
939259
7582968
5772561
11217391
5276559
231931
14963445
7834078
9727510
-865146
1623509
4201321
4804374
1984414
2996256
2630125
10641648
10938730
3116218
8464378
3807876
13959262
11542714
13525571
2099224
-1230911
4587612
6037510
10062208
1817007
2244655
8496087
3960103
1063512
-211904
9490967
3897597
594752
5478849
1622092
920493
-825141
865837
1843274
1358023
7360238
673923
4854285
-2696042
4924872
6168250
5063341
6493365
865331
15628519
-1229509
11302296
1072842
-889455
-210886
2939859
5535537
7709869
10473005
2907661
9091920
8636444
-156901
2349607
3103471
10851403
3688716
6058417
882554
-227606
-244522
784806
11222130
-1548967
4852895
11536756
10381312
848290
14163672
-692104
2970127
7053654
5985489
-706410
378600
586903
7225204
9746781
2844450
1949387
6593084
4021112
2265587
11485402
9408214
3970732
2925541
5824330
5083295
3427990
7963917
2153720
6852688
5154911
8313422
8907351
2974655
480670
2623343
13031525
5231736
6564852
4016258
5523086
4162446
-120321
-1297632
5630416
10639582
-439553
4266469
4680346
7740376
2540018
11717131
8759404
1232451
-849720
1974936
6548086
333483
1838031
3104414
1223595
6279328
-4060250
3547990
10775263
6548568
-43113
4234264
8809262
1338038
7667455
5322250
1074624
1116275
-3943974
6838013
9562340
3837872
146873
2312039
-2461874
2416600
3414095
10640126
735053
435482
2932700
-1426614
6934429
7315165
-1563186
3126446
-3012994
7435399
-1926894
1932864
2643655
3708109
10467483
-873151
6036746
-245886
12197830
5982521
5570239
8525683
2298944
8058246
11155054
15655464
8718234
3161859
5067309
1170918
6105688
6640125
2992091
11562600
9211301
7400158
7103685
10176427
8264295
4231241
2168838
3714120
269959
8767904
8460775
2868274
6858795
14038850
10485556
-1008787
3806731
9694757
1547748
-1777144
10567835
5437307
-560632
2464244
8820332
29434
10404859
8405186
1065558
7529228
6150195
4816549
1970037
2758752
420012
8942248
16064409
-3307578
8977915
7836601
934304
468746
1807336
5940748
10306501
968539
-1298189
7445123
9146883
93149
10196372
4090895
2214534
6538776
5817614
-23589
13214436
1812771
2869053
4531633
-2970000
5453967
13699545
16619559
7269106
2489227
14914486
3123019
7458384
4124276
14684445
5170775
13536216
5406627
9281056
1941893
1132941
10511947
7427061
5736751
58627
250047
12932363
2303577
4486209
-239838
2501202
9709278
2544058
5289403
2536237
-2478094
10791471
7820558
1623836
2083665
6443574
5448819
1151044
213838
5790151
5838406
4582071
-656255
8119289
6073850
6005305
7266034
10552791
9473213
2953112
3536134
10097049
11342072
7935904
7614193
-1871514
5380602
-374557
6309668
-24347
3707891
7322892
11525910
10995369
3093172
7251231
3211314
5044243
-1892134
763740
6298100
8571623
13080445
-1785984
10207823
2570729
4872529
3549481
3828130
3375979
4522414
9961387
7164474
7213650
9428550
1105137
933921
11013411
4389974
-1346994
642588
577806
7692341
7116340
4171864
10413134
12616736
8904426
8124011
1045125
7516680
5042828
4039254
3030884
2056368
8834000
10093284
859495
-3781840
6169763
12056856
7862586
4398943
12336090
7534739
10828894
7906815
1232187
818247
6455012
10867429
1601212
4079790
5073922
-568913
7650820
-2856034
4282873
4242207
10257298
-409630
8808624
2368851
6651793
5532249
11505419
4559961
2263008
2857812
453356
1767416
-932900
4562185
5206682
4335512
7254614
3831293
1422490
8755480
4937795
9545193
1305463
-1164914
517835
4490287
12774154
-1099731
9924448
15269392
8556408
4476269
12457548
2238141
6474341
4189335
9917854
2450025
10779380
6967980
2748394
4849276
8456419
-442817
6116173
4351737
5071057
968956
4684125
-102849
582866
4699861
288563
2985299
11378280
369559
2719413
5728125
2538902
2665535
2647575
1278387
9364783
3959616
8773281
8419709
12508507
2157835
3708072
13183491
5617078
3230064
1477274
10577909
7185270
4572693
11132815
4445211
1257521
4503383
4681752
5662671
7806183
-2281511
9040894
-1030240
2112131
3418127
222897
3051396
2579693
8077216
10315246
45236
16007062
651980
3369165
538543
-3873782
728894
2695301
-736156
4590921
5330209
4245908
-834521
11815367
9187988
9857379
1412200
533799
3732642
9258973
1916918
12910227
-4573507
1486276
280997
7993588
-1359460
7541026
4413917
7046763
7982428
2787326
6444906
6616152
12221449
8633689
5265672
2628367
7696095
2047860
9386718
2160970
679066
8568953
10439360
6854707
3422445
4609481
1374751
3101460
8949431
1663622
2720100
7498543
2658530
5055342
9422607
708687
12385653
8639861
4015403
7175779
8840526
5592104
9414703
5193531
1529482
9544550
2752512
13489850
5187070
8893943
2026943
4790236
4661004
2888724
1923506
4810096
11764995
288519
4362873
3743073
221130
642507
6521529
14166014
11172550
8909692
8199429
1082611
5892864
1364009
1683371
2479878
9248805
10167345
7561282
8019537
13116083
2432974
-4728683
4102036
9478989
-1011400
11547563
1615011
4753303
2481958
10522061
671441
753904
3336067
3699164
12989886
11778605
4650764
5751821
4516516
-2735849
5985463
5056339
9458564
11792099
7312319
12221643
8149022
2986653
-2216170
10632729
11902958
5365511
2849001
15691828
4416456
4769023
5305957
-261330
-829565
9718897
10854700
5264384
1609071
-177885
89078
8006097
11122468
930088
3546222
8092374
-2260450
6713229
13632158
6509559
5688838
-2158911
8807193
3411406
3050327
3985691
-515052
-3457444
7345575
15426704
2118417
10805035
70236
4862835
4400476
7834497
2823162
8634096
10208616
4286305
12434047
8813065
10717310
3919088
547626
11157741
3156250
-854782
972743
2041276
3950168
1127957
-1261167
3238192
2390848
9757140
-977697
15967322
9237801
3153440
2891159
6911419
5715660
-237784
-1341548
2946914
4470964
3391444
-918185
4412257
7129545
-651393
-548288
-1571046
12662711
8348163
8616660
4650596
6865137
866280
6631599
817189
6754475
2118750
7455721
4680046
6402828
2168896
-1582728
4330026
2919007
3152484
-202312
1966414
6626044
1775869
8486159
-1684144
2104794
-2366331
-199990
13363081
946487
10371105
761957
4879564
11308937
11315213
-879566
6589674
12645650
7953724
8116828
1656624
8757603
14175565
2364478
7179776
6400418
5340008
997121
4995991
2836331
66673
5919792
11199810
8687768
-1321183
7313156
-2198776
2314277
551657
7335178
-2299718
1199623
9017281
9559203
14568078
6793789
2944908
12601250
-1821240
9823459
3785767
2804418
2688551
9720483
4183322
848451
6450959
3256194
-3029569
13768964
698779
11766415
11642565
-2042994
8810017
3423126
4993783
7681379
4507360
234725
3656798
1864514
8665024
8194979
9739723
3722496
7849507
4393425
5176357
3830911
6570183
-1173536
8828057
-109131
9125224
707522
6411752
8524871
10573376
-1230046
-228843
2148347
3473258
13818353
10164320
4368790
1637460
2529231
14572577
474197
7384370
5152535
5917677
35986
6715807
5126532
12802110
2170035
-380794
-4706343
304880
5663796
2047
6363104
-2652091
-1424248
4030395
1228810
3901928
9627307
4526379
11909695
5209719
9028444
4896977
1640304
5199917
-1212659
10751933
7636943
8459217
2431543
8883415
1985888
3251764
99919
860250
9055545
10305154
5221729
9980200
-710887
-2483688
3107263
487785
-1488820
470051
-1272479
3449074
7604244
3737803
14095599
4916959
12040585
5581979
3978298
3876039
11264269
5868774
9710630
13161747
15009256
185055
-96651
8010578
3266662
-1462862
12271511
5841800
10921073
10439505
4265044
10692581
8244153
7061290
7499302
3448924
1642487
11813145
8521650
1826355
9498533
4913929
-2592323
375159
14556691
11494995
5263808
5366610
-443335
5059826
12119245
7973688
-2113565
8645675
9988658
5843549
13566992
6804297
-1583252
5033676
-950259
3072202
9449102
3975293
847660
-997229
2286722
11274326
7154187
14479924
7212561
1306698
10322441
13512917
2209706
9971145
6754991
8186219
4119458
12443387
-2135217
1196269
3831411
1904965
11922967
9932892
4350271
2847341
2525674
5642413
6474186
-2411426
8388805
3318553
3155610
5258609
-1875107
6203657
-1567736
4834659
5691986
7944792
9889235
1360845
7251133
6978307
8048481
1483848
1195189
5347655
9611445
6347062
10264391
-1973755
-190489
11163086
-1665080
1626238
2619350
3679236
5649892
3610174
3843694
1441834
6483758
3964766
12041549
11627898
10072556
13712030
-664095
7277827
6497902
6406715
12725649
7746842
10720146
-2006307
3882080
11847372
9808473
4918875
-1299084
15455406
8607412
8570913
9411503
-2479756
8335277
3770775
4852024
5416286
8226436
8340923
-979202
3730350
7870495
4805863
5914245
3109501
-343154
-1130203
2144366
1970698
2075563
11400251
-571687
1659201
3675189
3227241
-507334
6243311
9564068
8430574
-2942266
9464602
11071164
8709701
6912334
308518
2373015
-3554370
4408535
3463935
9233370
11372606
4415022
3302459
358346
3546632
6018432
-4136116
5154507
959918
12333537
516970
-333722
4044720
7830220
6937266
8754438
4522696
3054517
3254883
1990218
11378267
11334909
4438617
15190708
2407346
2327148
3731819
5641742
3601176
9979608
9786771
15491840
3489064
2782507
-101470
1502267
-1438385
-4396129
14952
9217800
7866101
6015450
3256899
12045464
6878771
3775335
8894458
4645828
1599942
5634359
7888043
5103660
-1818429
6467106
11428216
5989402
6763042
3642853
5823654
4051484
13478862
7422470
7289135
4661246
5014066
-1564061
2624136
7585168
7166974
8791036
7184335
9275232
-593622
-1478841
4257918
1311249
13503469
4296917
3126221
4658147
5899189
8939553
-910202
6317343
8249784
5596351
2442844
1477686
2672324
2411438
413273
8139102
674776
1975916
297588
867844
5787404
14120409
-3134348
5998198
-358089
4615090
6333240
1954937
270943
14108209
7825747
401131
13745834
7929762
3051003
1178732
6570392
5502855
3431215
2040462
14600511
6383515
5673261
7698298
11480937
5246554
16371813
-50033
3884448
381484
2267391
-1802233
1556412
6118367
-7270
5535299
-312828
-348322
656622
1137588
3744411
1384020
2601898
10701008
4431729
2274502
1811931
-1962621
1062480
15421586
6088478
8532373
9994572
2665248
10185583
10587350
25183
9563855
12942100
3656988
10771335
2146308
4161074
14862069
4143704
1044895
1695198
6239235
2629205
6823543
-1835140
12687972
5904534
4716335
2855909
-2517209
7645562
12072721
1494525
4118075
-379338
4824829
-2005960
5476886
-18927
1123491
14000804
4379040
6038399
8102763
746945
-634672
5807079
1466859
10346660
8290567
5189164
6682783
7567220
6352089
4807613
9639770
2957588
4273588
3441173
10562244
8284672
-870645
3125330
-172909
-675806
5598994
-2177152
-2125810
168034
8666362
3252702
10512474
4686601
1259910
2225399
5718996
8135842
11042923
1417374
7624498
11995709
2060694
3487089
62870
2646700
-2322716
11035019
8102876
-1050525
-319957
6322334
4430047
8335194
3681949
4511430
792887
8040746
3259577
4273932
8803685
228624
10082814
3461438
-554790
2529007
2165041
-1651182
-2300094
5040847
7120195
5468585
2523860
7755237
8083272
9955082
5902152
3436278
7578512
5420351
2821336
9587562
12010779
3788403
3681295
4239912
5318580
5681975
-784052
6381847
9669741
2398685
9531374
11175213
1333908
3888873
8528203
11312187
1495189
-1325084
11641973
3782691
5548962
3581906
54626
2991163
2177191
-1662405
-1547903
-781869
1582405
4234448
11681906
11041604
3090912
8010652
1779081
3819411
5595266
19798
1911691
12458612
4586297
4499046
-733724
10299
4107000
12458158
9425963
1745674
3566308
1484580
2570099
5457069
6869073
10754859
6020570
5375555
7854115
7176099
99443
3267894
-320409
11240830
5952220
7953813
4775822
12893689
3371849
4626158
10776928
-2567901
6328877
6947372
11526916
4582440
9579096
512713
13507328
277133
13191556
-316527
5741426
7587728
-3630020
11122498
10134315
1430544
-847367
3294117
1762317
454570
9823827
-640058
11253784
988534
3672307
13503133
-246753
11860960
9868054
67609
13561357
3324522
11550193
4447962
3149155
12691041
9833121
5830459
8012234
13450719
2943323
5817705
8456240
3810731
9290298
763718
11013285
8081816
293074
281075
2569516
1313413
7501206
-568367
7642370
-1039934
1706052
3798054
-1234468
8772805
1330616
5629925
5234647
2651563
11516724
-1433219
1032938
70593
4677655
1916227
-3433133
7908057
11568936
-3222160
8495371
4800
735288
2336283
3895855
12417152
15348116
3402001
3972676
8980577
8090830
459298
5845839
6291444
10402051
1237175
-816241
3918321
893855
8123432
4306140
8194738
-2658960
673452
5130961
12017130
2534399
-2744711
-877745
7997790
6519946
9901517
11165800
1952134
12827343
531527
8609335
3922545
10536907
11568564
1532072
4768027
2367680
6072925
-3913420
-676938
4295887
8000251
2679084
-511228
785219
13331457
8261356
-1509479
1364029
4113376
5218000
6766827
13885043
4708959
6899539
6848294
6842990
5165192
2348062
7330659
4712656
-1922746
4229469
13684650
1137331
-408356
-179632
-3105896
91184
4498407
4692233
5402444
4085287
5306669
-150435
5197459
5767454
-3054828
7142625
8383628
11791087
4042116
4931067
651123
4052177
5293974
4289080
2507194
2368142
4048622
6511242
645340
-397089
-598308
12652377
10266134
7144239
833809
5272465
2596379
6540035
11397402
3380527
-24505
-1548276
5374802
-2387907
-852282
4541713
13242390
4232558
4578700
1701286
6585271
4452146
11906214
-922685
7985117
5306356
4976876
12400665
-4486658
6052558
2624000
7376211
1550490
4947539
-1526293
9679817
11895057
6375856
5180562
9973052
9832340
8300892
12508657
14300157
6323572
11776737
13750325
4790612
12249381
3542514
9629573
10941959
11016842
799952
5238919
5302302
3925873
1477982
-1686654
3812131
10577591
8509960
4730029
3571733
8251649
1696838
893331
2045582
3792340
8340742
2349773
10839266
6978214
1772922
11836386
5381975
1653302
1176447
1927004
5443201
-1015460
5448599
12145250
6596265
9353845
11913196
-3344886
1098215
694406
6154692
10363698
-182847
4503516
12533542
8549073
3462281
8386120
4136821
10682602
4651790
7983266
-2790593
1546395
643842
756874
10471478
654798
1708657
4676501
1891
3117741
-2750848
10097378
3944375
-542010
76272
-2163491
445217
4000050
2427091
13956283
4493831
411260
2869272
11163127
-1106967
1705154
856133
12011093
2644012
4354307
1304206
8195158
6837497
2788625
-1007673
4508418
5671787
-343132
645927
3230419
333001
12749452
-3481868
4876458
9978280
1988881
12495836
4567104
-2834562
4079485
5874824
2925745
-633606
8251581
1544282
6971844
8678923
1399576
-3848215
1994840
6917165
-3054293
8503514
1666565
920609
98556
5339644
5365854
5748603
6705001
6159610
16237
9897070
-3481443
3831135
255284
4291000
-51187
3880762
5099033
30583
4945263
3807242
12611327
13187713
2752743
6855638
2086474
7360059
10099170
3420347
5965428
8186157
4002489
1191526
13426597
4206370
4198879
6565186
67526
4994424
-980823
9541271
1508597
4178208
8277707
-2927264
11269116
-785425
5949467
-209243
2011446
-2854484
6214250
3959531
5349760
7984685
781811
4329338
295230
8348063
6139917
11443612
5424081
3647946
6532926
6126734
471141
250057
8705849
214500
-1259018
7389995
1706655
2525059
3494934
7048855
7063983
5691877
9826163
9941558
9416281
8094138
2101697
3436057
3679918
2025758
3876514
-997040
-3926366
3785991
6734500
9112020
10293484
1857453
1110493
13201672
2127248
3283215
12715189
12079439
6967815
3438302
7975697
6869046
4374617
10427051
-2306868
6453709
6532128
7068052
11357031
10779459
7637335
5026364
2993504
7662471
4578965
659643
1854045
4025089
-92140
-294927
3194170
9236213
-2224700
-4466898
9158563
110603
-230488
4014710
10631980
3336395
-1055327
-1954513
2135633
5830068
4363174
8506105
8383656
12125843
3548964
6223146
3693238
4177245
7301395
-2663962
1600588
16209230
-2875496
-2084545
6233831
2762581
4285613
-462166
9690705
1340696
-211685
7704567
2882539
14855997
3956717
5831131
5653030
11273262
10752
3453181
445785
6076727
7580606
138294
-615685
2997540
1186487
11823728
3213280
3600879
8039257
363779
9512660
2952188
10581137
3627061
5587432
2632335
10253435
10859179
808077
9169241
2964047
11932091
2330163
9871330
7542191
1251336
6656251
3862801
4872577
-660012
3685320
1054759
13840193
-4849355
4329556
3665393
2263366
-3769667
6516086
1754813
6925391
3459347
5949447
11901741
6025016
11025633
4940487
14428027
4366778
1957359
11275642
-2171633
8380034
1465428
7735762
270704
3746849
-3287844
20953
7718537
7579314
8327219
5443475
102935
9513112
2760967
2443483
5766847
9893997
7443239
8558119
5551582
3171734
5284009
4680166
5847691
13485516
277024
8745709
2578113
4558079
-207379
553310
13734432
6048663
4525808
3548666
-344554
11141587
11356569
2424997
7325415
9546561
5356449
7112284
3406827
1761171
1840655
4363058
-1131225
2483878
-3906697
2657410
-551744
2317596
-259271
10467904
7138703
1525404
-182598
5216737
2220555
233553
10281413
1339041
12432032
11047026
-1712854
-2423116
4427742
2480035
3687885
5463757
5652202
8537147
7049432
4891735
-256118
-1298865
8890499
-4044564
8102405
4154541
1791893
5629083
7406401
11583939
2731645
2504490
1433142
4853272
1955975
-597729
6619277
4903052
4315423
-1655240
14654269
-2842136
7590740
-764469
7676817
-227434
11630791
5787033
-67224
7124211
2112518
2189789
4177287
2947938
9659606
7832233
1009793
722870
5873510
10423886
6815536
9725517
5642046
2301553
8182250
3333801
15209717
9030457
-367604
527095
2147669
7272687
-1151410
5217784
747864
7223073
643019
6027738
13787682
3299265
1830214
5235714
6501587
5375525
2801731
2519729
1187108
3039589
11006803
5869177
1860082
5110318
8425811
2947146
9155811
5669615
6412714
-509452
7995316
2677958
1230545
3699599
13258781
4521358
13198907
3627774
8264922
6482855
-3448900
4516217
388930
-1798504
2423105
10690969
-496884
-2410171
7344003
-1355605
-785026
9320004
4231341
11673
15392398
5050531
16615
-749406
5291646
24191
5454748
1635947
3034300
7425112
13587891
14094010
2920944
-1755979
1487694
12739739
11131319
11639449
7106270
7092775
1302955
4263122
8224434
10687634
4846223
11590355
6592371
-873044
2969684
7418179
9404085
-466342
9635877
7490086
2361075
3143548
1528180
4319484
6662837
6043974
7543619
2633748
5330123
-912811
8187159
-302911
12740668
3834527
5351693
15799583
6359849
4693864
-2088312
4407495
-3680505
8183742
9547112
5236930
4586458
4848971
3762807
5378258
7707137
1653889
6064052
5869180
11209280
2370295
9282638
5890064
3703623
-439969
3829208
1915637
2441134
8336493
928613
8373772
689462
-1246498
8729304
-1930740
5158595
8026738
1487332
4944589
10337846
4821829
-1730237
-1795413
15658542
841830
9359355
6471827
2736434
-1310186
1635554
4058350
1535203
-1024665
10638040
-805779
3950214
4577090
11965115
14854846
-832076
8090074
13219179
6803422
1972727
6790437
7031508
9725202
14146774
4065291
-2881995
11884837
3651785
14091245
9324410
13459651
6011149
622169
6383245
828170
14645550
7321564
5794440
8514439
8656620
-132905
3121403
7521164
1168501
6661855
12464815
554558
3009455
2066358
3967917
3240800
6987595
-3136439
3130843
2161106
12607425
1952138
6078608
15579475
4975188
5985261
4257594
554809
7606737
4155622
8395250
2840311
-2770964
-2553628
12882295
6907636
4586896
793908
-1070528
3309872
394048
5285410
6185958
7822672
7692458
4166037
8527015
11648539
10726258
6122154
983100
6339108
5340043
7141462
-118036
2727467
6032941
454812
13013824
-222840
4290064
9159232
6212837
3645135
7498635
9471333
1128115
-1779876
5548058
9604821
1127791
625291
1914690
8143771
2619134
-3398648
8124991
5635782
5436208
1456099
-2344783
9184308
6589693
6685360
1173749
300842
11248621
8644503
7049777
2148202
6604491
8914772
15459124
2396368
618170
11501758
11916140
253730
2791169
-2023519
6887594
6622583
4610428
-370631
2887414
521952
-2443966
177763
2646595
10812378
6323402
11061590
1176355
3052624
1481618
6512804
10590057
4522600
2466592
2258959
2850474
-2563317
9550673
4630755
2983003
249538
9227396
-165011
13798145
14302002
7173328
2151108
4312401
13990100
5207517
7565221
4099457
5788138
-647060
-741805
2059322
12063564
4253584
13297088
-1683222
5140490
4698791
4059772
255545
8621330
1877081
8923193
5035202
10541036
4185141
-3770212
5095278
6509074
3191972
4007620
3516942
7433170
1577286
3722288
12067428
13343347
2961541
7898461
1425292
6410740
5383252
15896975
132168
4575245
-479554
5235580
3362555
-416410
5066652
8155332
1442202
2263293
5883547
1582756
6245610
5482980
-234673
4579367
7613146
10452994
3475069
7554853
3048899
-498466
6438815
6121202
16088533
3007693
4044698
11186169
2897184
7017077
8964904
8392258
6044327
7750102
5270489
-1109668
3279223
4414846
8868100
2151764
641557
866612
-1889780
-970184
3716632
4424017
7441310
6335534
7121430
8029810
2360586
9618371
4403777
-1937829
5880305
-234063
3494431
5492489
9908723
2288483
6578271
7044318
154351
1146827
5850826
10001832
-1331979
3630323
-1128030
1588210
7904041
8008187
4874650
10638360
1593591
5068860
2392840
1687993
1522614
5663362
6346439
5302995
2335330
9317072
3899039
8165804
57881
5799602
464113
7686022
5799015
5952885
3321401
5864051
5203742
8369785
6704013
-349642
10910925
1564091
5393938
5859163
-1348000
1921454
4398453
-140164
12895948
719004
13224608
8906829
6460525
553373
9903344
14948272
14181134
11050009
5290582
12897508
3140269
6678044
9727865
1779847
9716311
3521520
7731588
4004793
332251
2718522
5850319
2116384
-1421508
3109248
1192173
8385025
-1910678
8601353
13607802
10339031
5995319
4054813
-2127957
6419471
4960320
10305601
6446125
13475569
5347012
10682930
4509592
7818448
11848704
3382880
9758303
3903786
1007398
-2274838
2631044
8117356
2857533
10121904
8646194
3879017
12829476
3989104
-259032
8661673
1066078
1602538
-2332569
2924284
-1221535
12801385
5752206
3997891
2921172
2625982
2866148
10628312
9854296
10222971
-618711
-295801
12558692
764518
2161363
1388484
3167896
6093409
4918803
478633
5087561
-323681
5409041
13420168
6756608
9392263
6376777
9091536
12786816
4207557
13730583
-682090
4575768
4545624
7498889
10114202
2785034
1861160
-2783566
1279525
-837457
3661748
5511697
7463507
6518434
5270813
1254816
711212
1612920
6735349
-212475
2351539
5332647
8222455
9883400
8505707
1864765
3841650
-128790
9363961
11973522
1398345
3553106
14386107
125858
1243469
2327679
5823086
6664689
2815470
3310397
-1217368
3181424
11321278
-986297
1399741
924682
3002777
7239737
-2292155
12762444
7958787
2610432
10428522
8655622
1096749
5191117
3398062
5512485
-3806360
5664683
-1822053
1289674
1736425
4479571
13151651
11146181
2385868
5517321
509064
924244
2196297
-164810
3848038
166778
-1148446
11538832
3762075
10715044
1122298
15293234
3619209
1254472
557045
3634632
447366
4679473
6935146
-340606
7335089
13034738
7440205
3601188
510161
14679479
8645615
9197458
8399852
5558786
5884937
3593116
8015654
2071547
1397478
11321535
5496420
2139219
3358634
7152718
13615287
-4656914
3857484
4337705
8962810
8965537
2260993
6489287
-368213
5126603
4912921
1712649
1875682
7425426
-325999
5322641
5585995
3062248
518929
-4095635
4919316
1600006
5180682
4695553
12636057
2383731
759204
9137582
-544004
-1657539
8173392
3669139
5782080
890722
5315406
9243939
11107953
-987295
3696971
-576658
9581380
-336963
2144715
10599839
10497296
468942
5220879
2927620
-1096774
8203271
4246338
8748606
914322
3404274
8523773
7631567
357532
-237160
9258563
840940
5783973
1746607
4656779
3491110
5393168
14708726
-1850390
7760375
587990
7983434
9207676
2943522
-392975
11431041
11382477
2831302
7404782
9458167
9606666
-2205918
-1504819
507978
562582
8551057
5842531
-115156
7225886
4278719
3011745
3591204
5523667
1466220
11727892
-7519
1387760
2574720
6504372
3085192
1974993
3277345
5643891
2263263
7638002
3330589
-579740
4236247
6923158
8589965
7874156
2187430
6067551
2603396
792094
2952030
8393229
-1107291
-348414
4826657
6385975
279356
-1539067
5642879
7570665
2361411
7687253
5174351
2567173
8729944
6845504
6138035
5636337
8905074
4704793
11586555
2608143
-2102619
2309442
7266378
14893135
12552354
2184849
2570508
44304
12034093
3945992
372390
11658916
8048674
6678087
-747276
7650443
478431
2809829
1321827
6147342
6525516
2171168
10120232
3483660
3984697
3181467
-22518
7444613
10166043
555530
2341436
4628176
5769755
2321119
3061206
6098485
778693
237098
1602126
5422824
1065641
6518788
8655832
-528369
14419508
10739414
7851314
826200
10879917
11781619
710644
9516130
5745226
6193116
10249794
1542681
10904554
3512228
8716429
4541664
-724511
735758
14173076
1750196
2291782
-3210029
-15427
2561515
5144458
2545388
178568
1779456
-1557071
9793520
-722630
1741889
9914228
5944726
6819085
7636554
4936555
-255466
3209015
10587381
-441820
-777434
11143726
5802083
5667516
5530036
15885060
2547226
4387538
4587647
5326690
544106
752126
2802162
3379201
8149000
5374901
763761
6413290
5969304
7459082
10438503
11744325
-1551420
1568114
8082620
5609627
10822143
233304
1653188
5282160
3759313
1163083
2728221
4378240
2548376
9921172
4923837
11348525
990948
-1883076
-2539918
-1492252
5646399
9408387
-2396965
1783534
4814444
13226206
1706498
4387394
945765
10377883
9309543
5201215
4194794
2426903
-4122842
3315280
9689492
4281191
12544102
-3510102
12741908
8890096
12530640
2247342
10563024
6061081
-4352539
2944194
11172473
12250182
11089594
7130756
9176004
-2156939
4214221
3022473
5279876
3373540
2252073
9028970
5643931
2825457
3708981
9152946
8118188
3886795
1062994
5310039
3765515
9056866
1736295
3888534
2175207
10994763
3322405
-2275536
13304308
5887498
3871413
5599485
11957591
10354126
1522605
3887465
1187859
9715844
-260824
1797431
1226010
10563657
1130828
8171736
7044817
2210432
10650023
6867812
-3967919
-296591
7534132
9903439
-129403
284748
5410115
-5699745
379862
2578076
-1480731
8439930
3916532
5771919
2199162
5788045
9914072
9962194
12796780
10335358
4294070
266859
3821453
3788312
-2465089
6660640
236516
9398807
6858896
3129129
9543117
6431441
-468478
3456552
9308716
288557
4423674
547514
4354763
11565338
2521155
6059347
3054545
5582170
-3236208
6032630
6781686
3927421
830956
-2221943
6771141
10224390
3711241
3755928
5705041
408073
6472393
2560785
478683
9797815
14956155
2841507
-161392
2369988
-872903
-572170
14501576
7297208
8042258
8622134
2068059
393139
-1531642
13017081
3078872
-789407
15499309
571925
2312843
-2227956
417686
6911265
1872458
-1688606
2386476
4080510
5259756
2653824
7926020
4459628
412441
931911
15736048
-650277
2440155
6265246
1041974
2646573
2974231
12739556
1179500
21901
4329684
3401754
5993957
7227666
-2209224
-101322
617879
8009123
10371093
5199406
-2262328
10360771
10946137
6786722
-518391
5223785
3504813
11048626
11323469
4301679
-1221892
9353485
4361568
8296172
4474412
8147740
6976310
3870480
241842
7135511
9873434
7265416
5949270
125027
5303567
6921116
3925462
11570786
4289046
-1964414
8262875
10589578
7806313
1670671
4813936
-1735603
-1376111
1336659
-78427
-3232285
4526515
11985331
2015768
-1508691
-1337712
2559423
8460354
10690028
14541400
-2009918
2605316
3239439
1744751
-594474
4775140
2038083
-3069701
2842470
5489151
7747465
9368218
7361066
8153571
5371655
7504950
5084714
2996574
4998112
7514447
2046757
5989594
5101179
2192294
7686361
7322330
10637420
8219667
62419
4525559
6859478
1504066
2577692
-1783854
-2028086
11375879
3980783
15753571
-1053516
424498
2628473
3499892
3916176
13530360
1057398
-3190655
2342482
377138
7863815
13109037
1753311
2692677
-2257217
-699788
4246111
1005113
789559
5918771
203743
1791666
-1241642
5254059
11662689
8749885
9906884
-1465215
8714083
6654781
1496705
4749753
3341200
2313776
-35329
7598048
-1295713
5897951
-85679
5124937
1578257
1829929
6976949
3439744
8599644
1991294
6353727
1448589
2008013
8527961
11515230
3155461
4134524
5464103
4319615
8542666
233144
11812153
10737962
-860663
-153617
6057763
4824659
974897
583261
7461779
7381836
3220310
-88682
4320853
11147518
13219581
3694320
13990027
452093
8786148
9939035
4149398
2676041
1864381
2812387
726377
4278166
10307922
-3419410
8413914
6672229
10370590
5565498
10216755
3538242
14015221
4017984
12823502
5107066
4827803
2835669
5386805
6661830
3352632
-425116
11447365
6785757
13669346
5711371
13369828
1860898
10925664
-269621
6008082
-1112118
8082129
10586706
5192222
1133379
3057702
4016710
2885537
2599548
1160385
5587492
1448639
5118767
1497904
3884902
2680501
910140
2744268
2157959
3266537
6159604
-67621
4398188
4705503
14416852
3752395
3334264
7731569
11033128
7199919
7269397
-4631759
-750869
7811645
5845851
14673964
6582347
7574789
472642
3658067
7071863
12966179
7573432
-237816
314705
2215235
11959243
2662340
10520028
202144
5483822
7233150
-4658541
4912996
5492671
4341181
6138980
7651164
3186699
-81250
-220304
1556158
-83763
693221
-990860
-182225
561263
882548
3336972
10044350
12241937
7060196
3499726
8976932
11201072
10220973
4339255
2034555
9712693
6936622
-4511380
6757892
12818134
1490061
-2243908
9922954
12379521
9048624
4493231
8179317
4858087
3824897
12524207
-3094241
-2255951
2422491
6808271
1589401
7013
8029276
2974618
9020490
11943352
235491
-2213001
9832588
2498436
4127836
1904707
3473784
8312620
-2731995
3736795
9920057
798024
2877277
3046679
1677825
4019104
2108333
2594326
7135290
6863481
6179688
5413071
5040264
9437305
2235987
4702484
605624
3008501
3995704
-1949045
1905093
6935386
3128111
12937077
6974886
5810275
6456764
14326683
3184144
143600
5914621
-1459201
3299025
4390184
4615456
5588840
12626284
13944179
5707607
14724772
6112609
1532346
4659935
3488429
8467895
-1499970
1963756
8309997
9475303
3458557
7139599
10323128
14007376
-1161724
1076348
1606227
6068097
4899982
-224826
11371364
9770257
3639392
4246038
4497925
2178027
-350158
6131998
4826472
13408201
653152
3834443
598294
-2603687
12897303
-4879277
6168590
3170814
5141767
3329439
6598322
-711951
7746292
-1653433
5381833
4329508
6717084
9803458
802716
755617
5146528
2270175
8334613
2181862
1081302
-835743
5298692
2594845
8111743
2606150
-87932
2252026
-804470
9137828
-2536426
6378552
3982081
2457985
2363613
9158295
8687084
-3149472
11861996
-37305
3373036
1602051
3726225
-1645594
2544914
8255824
3982767
8926200
1762968
5999566
3555344
5222216
4103360
1631284
315830
85973
2411106
-1179850
1832807
-1678255
675429
2381254
346676
1404864
14194389
12990403
7468894
939177
8746179
6153638
1323054
6023419
8472713
5030644
14526581
8089348
10120866
6361237
-121047
1115853
4849909
-4584091
10155023
2921780
721855
4093307
-329212
11022025
2153397
-1980838
1467010
3158562
8859216
2711245
6039830
10554735
11587341
2021885
3640519
4237770
8439038
2863909
7047573
-872663
4036456
6452711
7139529
4478345
5319617
11500847
3732457
3344574
12881073
-2801177
5969711
1253033
7976733
2948658
2108638
4690870
5532193
3778770
4025285
5533280
5162811
348646
-1177125
6996535
9485012
6218241
7662473
4800352
8322257
3780417
-1617993
-568998
1821929
1160424
13975865
8438963
9806664
6128066
9947504
4750986
918058
967815
8050411
5072586
8513192
-1417325
401276
1096475
3293590
2747294
7748061
6087574
3537273
8061033
528735
11283214
1937055
8737767
2103228
13920196
5149181
-4270506
540342
-1045784
9100243
4828141
-2730923
3163973
8931185
8928618
-1064897
7186114
-2815293
7176124
160273
3477570
1318211
9319711
-4377771
8000679
4516015
8766297
11328747
7829452
2352554
2237218
5280676
1499355
6768567
7294863
681451
5855257
2957279
702662
2513304
5066682
147253
5839576
4990108
10682290
2713602
3006420
407453
6183754
-2482042
6130469
5222908
5302660
3192476
-1232525
-2309770
12733002
2908343
4280048
-1477724
1061444
13188850
4214114
4974165
3135348
1971050
7074793
5008357
-1223959
2213374
-616214
6743050
7227232
3411662
3568402
7768333
7664880
4579374
10283209
6120086
5571172
8181493
3300088
-2967599
3129591
12948440
-1540110
1727623
2089210
1291693
12285374
394859
-10640
2389714
5971703
6551316
4731580
6437745
1389070
5127431
-476396
3816104
6899662
5450848
9224187
3044803
-794085
2423335
11023574
3534371
3505239
1910342
-1160804
9548177
10658030
6527393
-246620
7819535
3506538
2288731
2907357
10969974
8871822
7752326
1083834
3438833
15358814
4902675
-599975
10435870
11364983
10870620
97800
2081634
321287
-2016269
15142990
6219675
14290083
10616704
6329564
9130837
93787
4741446
3510965
-404163
5071844
4483258
68666
7417700
4852856
4418031
5302005
9181586
5286280
3123785
10627468
6923846
10303442
3576258
3274094
7895517
4552827
7250679
-5199824
2084344
7109544
-356816
2991973
675893
3489711
4144186
4894633
9451193
12949599
3698683
-338502
12462055
8996518
9149613
8602699
2408951
-254810
-1661010
-3452381
2976972
12695930
7639699
4152939
6762505
11772579
13829267
8108201
1131880
7346169
3291998
10188206
5748911
3245578
3094656
7234318
10470060
6480991
4509054
7989619
5116775
5558860
5782354
4791923
1717542
876588
3802850
1206109
7606566
4640955
7161348
7267797
2743741
19422
2929579
5713830
974943
2908687
2840212
3509655
6070941
2215922
2436698
-3011446
12860009
-2552875
961658
5360224
9078652
9821513
5794604
1805316
-2058019
-600197
11546362
843320
-651647
1542981
1822270
12824493
9277289
1499817
431711
6214950
7318130
131610
8255424
1298395
2074163
15253501
-4034265
5090167
2805944
10105310
402178
3060166
-852141
-505311
7970992
856635
13099549
5209986
7363643
6440695
3419577
2649180
-482456
2661542
13862007
7065188
8680780
1537806
4165784
3563210
8545334
6100083
4252161
2561345
-59476
7504447
11472606
2078921
9588921
6515909
1996417
6347722
4577218
5541235
4690080
-1307957
1781048
2517078
4883198
12721830
-1369394
5187120
10636208
-77528
4175967
2916049
1178213
1092622
12077509
4479396
6413379
4056329
6363522
9468121
4487790
4193657
608964
1568058
9706382
10114463
-5218244
3801757
5991385
11783918
12990459
-949765
5744318
12749357
3292102
7308904
7376522
2640119
-2104418
11136976
2072888
7414688
9829441
5973342
4513794
-539211
219703
4671543
9014314
4501654
-1822074
-841607
1914416
6326999
12965302
-1388716
4789155
9362932
5734970
6627592
-436535
10755756
69780
6046292
8141142
11252668
-355355
3867815
9183384
445522
5817354
3403096
5963300
9805178
1114161
4973921
4147452
4448379
1062371
1252246
7427708
10776331
2767275
11046170
8943351
8198040
8737564
8032311
2669799
1498531
13873703
6030027
10618944
4851496
5570515
4004769
2841348
9214992
4309491
3709947
4551485
2040209
4425024
8906627
-2372611
208534
8175433
4297619
7336209
-3872638
6433679
11663881
-1309571
11638776
-1239586
1682723
5342644
9637730
6111510
9210625
-1392234
10161420
1461346
-3114880
11893080
5266602
3982659
4968649
1906219
12627394
7201580
5101940
7138794
5387368
4164030
10813075
6829584
4577601
2735571
3738772
8056127
14639705
5134620
11416133
3330049
7210847
13096304
129216
1467823
1882996
8073448
12278011
8635446
5375622
10292360
3841722
-4199298
-1863950
4852325
9002903
8903487
3962251
2462730
5420442
2787470
1368088
11835239
11766650
-1035655
577970
4842012
472456
4618211
1421562
4837020
6426559
2370495
3481526
2285782
9489176
822022
2396805
6593777
7293943
2551633
5153031
110150
8272676
5423074
2790577
2553934
9605491
1877646
1369584
-2849601
5063701
10219078
2626958
-1150013
2689009
7118087
-172526
12748729
1876245
-109761
2085263
-68227
5128062
5523279
10698421
4451725
67059
12073696
6699034
4465349
3650302
5097785
-1617713
4926748
58004
3651565
3221647
4128571
10429526
5954040
-1204858
2613650
2500213
2512337
-2668160
4203321
3422780
6622123
16107112
4618340
1854296
39152
7115934
4301984
1161887
8735810
7290887
1172598
-1906115
9074438
1080028
13076266
439837
-2642620
898884
1603115
736644
1702043
5993945
6343824
-838892
12603572
-1202512
4232296
2120849
5440564
4125648
-1790666
1205874
-1963877
9274854
-3326452
832256
4438697
6322214
-219252
3852041
1394894
974549
3745754
9361188
8512204
2199885
2548036
4308756
-2384518
-705254
8408657
4186648
-536478
3919306
5271822
4685142
1934947
1619446
12509065
3428895
-3478409
8531086
6874516
5305708
12705972
1582757
12243798
668316
5374845
-2791137
3057685
2982992
10127976
9926567
1919064
12401029
8391665
-661881
2177553
-2118450
-815039
-4234017
8375193
4098982
7056196
2517256
3603638
5289712
3053190
-3161960
4064814
2344576
4783504
2544967
-2428108
13802327
5585489
4671126
1394896
14820849
7048240
11688553
4944091
5319276
6984435
2900231
-56903
3590404
5447008
4294081
3854137
4076001
12729365
8174981
4375609
6742027
3369617
5691371
4690003
462938
6954302
11207721
-1670542
3188807
3744824
2862162
1898114
4341744
13788025
-764354
3646633
10688107
7185154
2182595
7355145
4289211
6444307
5454281
5820921
-420719
8664750
8741870
-409009
833700
10967766
-3637258
12202009
2957907
2850198
167007
-1815672
10665574
1596488
8068394
3044743
12564207
4733554
6739656
10508108
9650954
9244015
4877829
1251422
336365
7432629
3779757
3015600
8772953
4683480
6538764
12657426
5281451
5243421
11509534
10306942
8392633
12630567
4371496
-1588769
7265469
3226459
6970239
2441614
8091560
5077141
-1931981
2526310
4159422
4253495
-3307494
4181156
-284519
10965040
453613
3238668
168490
5494226
11873157
3480185
-3015089
6115416
-4747343
13923992
-196684
-2971951
1899299
3358499
10607872
4976056
5690099
8358352
-1461640
5506400
-341871
5423297
1867970
4980729
-3274673
10721836
2155231
11720606
-984330
2897363
2840191
1422008
4198003
14099050
8813723
3951381
10191030
9847625
2628488
349460
2553932
10724954
-182834
7874098
3478928
14268514
-1744009
3218326
11122645
2266662
-2289856
5164659
2806473
2207777
1947190
8517132
2213031
2968405
6576090
10968861
4431971
10331987
4127269
15398535
5118125
890832
1875587
6290730
2860752
8101399
1994129
439343
6147626
5281130
10050557
6710977
984979
4298577
1910208
3437255
1456088
-889900
11218807
8615020
-1985671
5537328
5908372
10119793
7157289
3374704
13767558
7489337
5304823
435289
11595763
-564562
1384575
7537911
647286
5122243
13402076
1740283
6798537
2662425
-729816
5747421
8531877
5669299
7171052
1339293
5924741
1086990
-944467
3752189
5380735
9260922
-68598
3544523
413251
6076929
5880893
4793069
2311626
10839673
2209470
1809179
5036676
3577568
-69852
6462942
-2279231
13454371
6318565
3407837
-1677170
1596587
7682873
14330557
9008985
5430105
5419946
4340654
1521069
8863938
6445271
1166839
1417479
7908656
3832789
8701212
316033
3893864
3935629
5163356
-4056170
12402673
4301945
-1298839
5897457
4283328
10809518
4798289
2206103
7818151
2479890
4066551
5046676
3794245
-963905
-630183
-1142635
707806
288322
2370
7798073
11877140
2783390
248284
9242800
517045
-1021082
-5508941
2824462
4591031
9405081
1703470
5691988
528560
6872560
3449933
6301681
6596178
-470872
7785927
-1786412
1478189
9904597
4278294
828932
6813636
1747493
2861438
2886627
-1536750
1587191
10642213
8579782
9822086
-2174433
3122905
191000
-903501
1263783
8808875
1172285
-386551
4721750
10017385
7456197
5393471
4708472
5557252
3021615
-135464
11039767
-3118486
8035710
6694081
2965735
6457423
7375310
10938092
7671009
8244021
3739101
6983431
608933
3174518
2200919
8090233
-647261
92937
13318079
2573909
3211902
8205074
4589534
8660093
-1030690
8403120
13539861
1553661
4329385
10043204
3322871
5670247
1757058
-831590
-2497941
13882613
7653614
10066976
156891
2312962
12195744
3683174
-52403
1909434
8124919
2736052
304282
10431049
4903875
5543202
11986944
7345527
6231193
13919682
7693487
9768911
7183495
8540996
7611380
9004688
-1880752
-629709
4220449
4444212
705400
5870125
4591908
3209393
3823896
2794485
6992549
2520180
6428233
1315679
5479052
9974054
2447629
-1275924
5830482
3107247
8721672
8374475
23182
9008257
5260941
5716869
-1012957
11282071
8340164
1365537
-506606
3240246
-3034960
6380352
603650
1155143
11100578
10835109
6522765
5607402
2386815
3924453
2838601
473010
-1684788
4549331
499724
-3409566
9746585
6881522
4200976
-340946
9312234
1475258
7509129
4731963
8565115
-2127918
-604685
6138266
8532282
5355226
-3369862
7526947
5986878
2288088
3860642
6869863
8534683
3779253
9012183
-3120
3641098
13001042
9414591
10924
5388154
5781128
7627
-2174326
4894745
5340451
-2321202
5271566
8304036
1911210
423322
1861044
4633753
7733097
6383801
5754945
1850300
-1569553
4064180
1767531
9294010
4825160
5924808
2597568
5241939
5233825
1600650
6900256
2900292
-264812
5917540
1124330
3885954
1221645
2584628
3510590
-4214102
10385733
1904627
238669
7297987
14132107
1462495
1831334
448651
3751374
3869399
5316234
4788697
12911071
7391362
2074834
-917771
-1145199
1558069
-1466479
5966780
5437341
4384667
6375480
-178474
5245217
13615556
12186531
4977350
1992342
-1071849
4758758
-1208373
6573148
3213050
6496617
2133660
2739286
778656
2949827
6913060
3349173
1128131
5565952
-228947
-458985
7575695
12486838
-2011390
2290021
5415799
9796136
3546254
6538781
-3896068
9313985
-852293
8593441
9046697
4988970
9717933
4856801
2848285
7213314
7122728
6796211
988895
12521685
1908581
9035706
13486269
3187520
9982335
5398802
889874
-389897
-151218
-219842
6168721
7047345
2013273
10744211
1629757
-79599
-1337469
-1409064
4250196
3862306
-2150101
-1024759
6458123
347785
3634945
8331238
11923936
5645982
6568266
1859153
6755641
3703894
7253580
7718611
9677292
63219
842427
2677022
-789721
6993834
8848322
2298715
3234955
6744052
2524408
9821294
4387920
3951774
1401684
11070003
2135810
2545190
1737295
2504241
5806134
-529860
10038164
6812068
4941693
1752487
1580172
6981364
8367848
1420751
254771
3417606
6241669
7166985
4719077
1228621
7006247
7910656
-1525725
5104717
4524335
8898687
5001862
-1320006
11165481
3745819
4313085
2273455
13221526
9396863
3902566
7082460
4109669
678703
2099148
423293
4449227
8246535
2611187
9506116
4422507
-4433531
-2217800
6422996
7466041
7064557
10483150
10702029
858408
9139052
7376423
7449109
12089835
3434673
3014183
3461886
3425733
4903021
3370774
4901398
2718597
-729752
8988422
3818604
8449232
712082
1736008
711613
7428315
3439147
8072864
1281213
1117523
403637
-377432
10069144
-2884991
647801
1273676
1005595
288424
6036805
8944447
2775570
8060043
10833897
545174
3270085
-1749558
1425778
928518
13377687
12806066
14080557
11099742
3942265
3528813
2109066
581031
11429612
1249713
7460801
7097908
1344827
13217038
5226136
-722428
7266516
8683617
1627155
9846178
914153
5213720
3062276
1949000
3359646
6095528
7657859
9252949
8945329
1023893
4242394
3896431
7117985
4642777
4520744
13126787
12666870
3072025
-1990931
1815216
9186831
8934309
8188864
7948
9445373
4874304
3437153
9465096
2150272
14124603
4026068
3305356
388799
8738804
2688727
6067733
9729116
1415559
-502212
426720
-719165
8845642
687942
4125744
11350989
4861623
8718564
11098579
3413605
1605852
8099319
6926516
13005088
-270442
3904292
1553380
7328129
3583212
9528381
4997852
9412007
5019619
2860378
1055692
7234064
3527852
4085440
9132817
6514168
4490499
9599686
5282177
8708402
-619383
5324475
1730346
7473801
9327973
-465174
8894487
1807438
-1089032
-4006709
10684953
6228151
6426308
2900574
2688628
426229
768013
-3348814
10689086
10139296
12156618
3743260
4852974
-823478
7287316
4281537
2833260
300048
3519334
3125818
2566318
3346361
-892803
1310083
-3219722
8013622
3861121
12352371
10160519
4966699
1969352
623035
-3080422
10101407
5088263
8494330
2733667
1791219
4629634
1226044
11073446
9690119
7071181
3854126
6729863
7697923
9547137
2474858
8289916
4125960
-846133
3017491
7735910
3340226
11590303
5654372
8713641
3552929
1694863
14079800
2861942
5186972
5374488
6358747
366048
-542231
-3944108
1041233
-4448470
7929232
7609073
6868919
8369969
13185542
811720
6297099
-616018
6084369
7478929
-1302096
7658849
8886205
2376962
-414859
8575716
4256304
1872788
1798808
3397888
4771227
3406673
2610924
5896942
-1358716
-545001
4161678
14360736
-2537124
11226816
7260693
414503
3701258
815591
7948827
1118567
6317800
6743273
5501240
2067526
13855275
2868941
935832
8949779
724990
2538916
8060102
4696850
5037762
12537573
14275880
4330899
9054432
2080201
1854694
7471478
373748
2754885
13797142
9597079
10007282
1936246
-3986708
10828216
3634998
8774869
1355644
5183693
5779197
602837
6626220
4237052
10887197
4733615
446646
9023967
6624091
6075994
1452501
1254446
3829619
14209164
8024874
1306418
4420709
-2133440
422911
4611830
518970
-3582027
5069983
154036
-777570
6500014
-1018424
137313
-189572
5321895
3526503
3425224
14979787
6374037
10579165
7359868
9203009
3954421
2323209
4835377
7418614
3437588
614080
11107347
1764403
-1387360
2511593
1512010
12037638
9249556
-1636324
10767490
4336478
-1154474
6593477
4201940
9406773
2506151
-1122239
646247
4182843
2771572
3207352
6204608
6708541
1099064
3674305
8114635
6448522
6938229
1126085
5596205
4115078
5654194
10495818
1916839
5927960
3234011
1478240
-530139
7219104
-539740
8664379
3373588
255666
1771155
4572214
4917303
-3244206
-304172
8100574
2297032
-176294
9202364
3819478
5245456
-208863
8465480
475289
7920658
-2077201
-1287792
3573336
11479515
8225854
14225898
4667730
7279732
8483357
6343259
7048809
877075
2794095
15060177
3242242
-1080028
8154004
5524269
813538
13237836
1431101
-1180527
-1054261
2869907
1864797
828520
5104659
5276921
5536730
9731817
7984282
5668742
2905875
4989325
3606692
5960770
522940
5403882
5132116
2627108
8858656
3135548
-2164899
7592518
5786862
11098742
7882340
-2267369
12519936
8084680
658653
2110067
750316
11148028
-881879
16752143
435958
10288657
11179336
2463617
11639386
1643889
2142652
5235610
3027815
5419891
432468
3968145
2780631
8229515
232617
5248181
6171590
2023749
8838576
-431929
13235931
4651604
-1920661
6680467
2155561
3087517
-147716
5395277
1588619
3130943
-329135
16437315
14714247
12647636
8580270
8070613
356886
6990786
18799
6455313
5088194
937488
4596101
2578087
1759530
-2569526
4236003
13877249
1868835
2192679
-1962833
5738952
10517554
8118718
8703466
748630
6405437
-469012
-826663
9069216
-414951
7329838
5644412
5027044
9963679
7544110
4649543
-73655
291266
514838
5884953
5528520
2498235
-529853
7465999
7420231
1231892
10668796
6302663
-829952
10403088
3077613
7108140
11103024
343520
3434361
1407576
2122602
2655577
5960385
3126523
3556023
5028242
3596774
2408217
8273348
6741557
7325443
1543117
1880725
8597880
-518855
9687782
4111739
90955
6442193
4580651
-2699360
7301288
9155425
8332555
5114189
5497196
7846852
9406863
3131838
4180384
12649690
14807528
3648029
6156529
12511920
-1447267
-440384
4522552
1642391
4917117
4085880
11522059
1855345
10936608
3683968
5482385
11508387
6945806
5084347
1277229
10804535
-1187176
5539279
884055
12218026
10913380
16984363
14349593
4065605
-1498440
10498787
1367223
10247607
1893624
13769978
6285001
6336401
7599785
15261586
-2402360
1453232
1183914
3144951
1219932
9014025
2291905
4202194
3669
7705056
5075177
5409199
7718778
8992585
5722515
-2350175
9815575
2962658
-1273910
5511976
3463598
902701
6894252
5126880
7313525
5234712
5682733
5087312
12209724
2476393
-2931622
10060537
1256923
6429026
3530715
476286
2147656
10553093
9709356
11119107
2287766
1845881
5265996
2928287
8537358
10366652
4453387
7715621
7046262
3429629
5015302
1253872
6195065
-1102139
7680729
5192408
5910221
2969492
5937153
1895585
9794744
4325695
3197259
5273262
1761821
1574338
-3093408
1523834
198982
3098291
12121308
2570805
-576960
-2242950
6916846
2503841
1696831
-2157813
5663542
6901256
5140808
-643886
2574970
5974704
405758
11468140
484630
9971014
6113896
-137132
2253236
4198149
-2413918
396107
6890000
8042530
929505
9550483
4621665
3203937
4679068
7405000
760236
6699161
-2109178
3447506
11741017
4684074
-3684
1573789
1578026
3851199
3673708
8706702
5804388
3965090
6004730
6968195
276909
3816088
6906769
-1077739
-542768
8302417
7812883
10272429
2155994
6222802
16656128
3980885
8138573
-1042892
2394776
5088296
2375086
9566979
4163881
629115
6845954
2326067
1658871
587638
3801200
5953156
1291225
6470669
9574332
120683
3815984
11937828
9697348
6433553
-1730721
5867570
8141542
3781102
6648892
14510875
3815230
11431348
-1190924
3066497
7133209
4536361
2278780
4491337
4907259
-1554261
2579309
10817417
3056756
1570807
3284730
3212351
3425537
6019691
6648598
830952
3195547
10788430
3867515
1410516
-2180902
2870370
7639597
14445365
281801
2264606
6794429
3638774
886697
5173885
10105386
8108465
4968971
2551386
6425268
3018759
3505392
288405
1704921
5645341
-1225439
5362550
7687740
8908309
3974306
4711964
2807984
3433291
-1475430
5039963
5418484
4287563
1873415
579014
4901719
13136259
10743931
-77375
618788
8367233
3934068
2721043
3984564
811183
-2379539
17026579
4321774
2667059
6916891
9809483
-2176419
3842439
7289100
2955590
9148647
4828873
12369270
5632813
2893389
8305961
12230694
419076
-982744
4755366
6930743
8997480
-1909711
13999451
5901153
1286595
11124160
1960692
3724841
5481423
6888697
9960039
4346756
2279315
3430878
9572523
12292808
5313821
3368975
13249844
5981399
430174
6204054
11224386
-301254
2644292
7300812
9525367
10698752
9323265
12677973
5534304
3956551
319889
12554114
1085103
6269698
3632017
8995250
8994384
6782353
4030205
7239357
1677832
3337609
-1161502
4644909
889898
6495280
6533355
9562509
2311161
2938096
6619800
9416555
4818507
3951876
4645999
7831934
2046883
5992935
3770245
2143336
-1726417
13341796
8247185
11537488
9279109
10062245
1037718
-3289444
8774275
-1544031
-372422
10376419
7093764
7069018
7590090
5928175
-74814
8404117
4819552
2544024
10007806
5948363
474404
-478118
9960832
5009846
4586650
602870
6083975
6381572
363784
-299712
1257602
10806261
-337358
7398501
10890078
7213749
2901233
6309734
-771425
7053956
8285225
1633838
4661726
-1200562
2677371
5478784
7761267
-4208696
5678146
10021982
8354046
3403411
6611323
9196826
1633228
635573
6925289
5183843
4131668
4639789
5060015
12076825
2223663
2966616
6715449
10652051
3667447
405806
4332418
117033
11282200
2863774
277338
5426377
2034261
1970746
7195445
7413274
5532720
-1454318
3258043
-457701
281530
12366657
3434158
1600407
6616928
2040743
856979
-239058
10026162
13821795
7127956
2888511
6115883
1963979
7147509
3159222
5309656
-1673554
571177
-1261184
7008036
3199613
910891
10905967
207719
8659624
5319648
842791
3510411
9800137
2327283
2972204
-273954
11419042
4825839
5759762
7683517
10084372
-844986
5388652
8328958
2552438
2044436
14444077
1571880
12548101
792582
-2868275
2645932
8727373
65632
15772780
423128
4614962
-165827
1907735
11920235
7748946
2412955
6507632
-1608535
4609583
5737941
913975
10616187
4381115
2926121
3692731
830197
-1035679
2513799
-2767306
1099724
1673370
7239018
2781040
4597064
6932948
2062711
8845158
-883786
946283
4994173
12228714
2005990
2840403
8856649
4170043
10107840
1417481
964505
3092889
12775629
6272681
5006210
7915125
4437381
5384086
9389869
4088484
5199714
-2757202
3550271
2675762
15806330
11188098
7954222
7895325
597539
9022822
5121687
3963072
-599285
4364141
11033315
6571714
-895758
-802027
6430686
12923205
5021103
8280279
9751239
3759507
10185949
8450602
5256553
-1688233
5019848
4942559
1275874
4133041
6915448
10046182
1336930
5639026
7844995
7346379
4670977
10601569
-36422
2572055
8604774
4750645
3553041
3625802
-528401
8011480
556360
955314
-287446
8139465
3635639
10826473
9515464
2272408
1767191
5221832
3490632
3080822
2432883
14145091
3001982
881564
1169758
9464455
11230999
-1767649
5679454
6083417
3732821
-103038
2335718
9639761
141982
2062142
-1264362
7910714
5243518
6715716
10627837
117393
731162
8480266
46669
53143
2426983
5910509
375809
2809463
7316616
6328820
-2178826
3928546
13968732
10601930
3975226
-1222543
8291079
2722286
-1451227
9894729
1652558
-3205444
3340811
8670084
9107563
6470730
13074955
2928442
1484098
3655159
-1706726
1195446
7927081
11046070
5763551
-318518
9899108
3355057
12621406
5630237
-3217326
2455288
6029780
-104875
1926850
2855612
2830428
-533666
3899255
2409538
12219385
2210884
1153326
15573206
-2743356
12668045
8715774
8687150
11319621
1032174
9484686
12846097
3545983
8286992
2355651
8127978
-7214
7068449
2988116
5210045
4157313
8110937
-114225
5454773
6435971
4170612
3768891
2811108
7043027
11207772
7092881
898060
5627585
9752499
12227047
607000
-1030544
7213350
4589833
372213
-1107420
6015193
3342918
4708124
279328
8888503
9218001
4811079
611238
3706082
-658676
1693085
432476
9222253
4824730
2170660
2075431
1662452
6258187
1966584
10283398
-2697730
3268753
8156448
10053303
-4648
8075399
4514496
3347978
9447096
4324788
-516879
-1209504
5067796
3940361
-279003
6400275
2625997
2473863
4962041
4960818
9530765
3332966
2772151
4842196
4932903
8022346
4043622
482971
-2509229
4154794
3486050
1071798
3693879
4229970
9047536
7739980
11208858
9144914
12429175
-327055
11130582
6092342
-1914874
5011303
2318874
13172948
4725995
4181077
6523551
3980272
13178388
4301893
7368750
-1229919
9424264
5516836
2163126
3318298
8883294
943002
3865017
7258525
9228750
1419005
8421932
3869366
8328074
-187109
18765
1143494
2679131
11127861
15222663
-367995
3766516
8015727
2332887
2114043
9717108
-3446853
5466888
4846067
398759
12643651
1447278
-980000
723089
906804
6758176
10727695
917534
-2426568
11408399
3104973
1983326
2455667
3518032
7772664
3582291
7139431
6394145
9056037
6471572
6393048
-1397550
7953127
8245552
2680041
13720475
9011885
8261962
3993359
11144650
9455448
3169029
4371263
1454894
4698439
3433018
7630777
3486033
820724
-832180
13209054
4019801
10062847
4952508
4062625
4480898
3444412
5414895
6559947
7577347
6117368
7766637
5441793
2557719
3674731
7031607
5411078
9015008
3993357
3790914
5074917
5958582
6009455
4702827
14176887
6259205
2142672
-2614512
-167717
6957755
16631440
6458517
6900826
3658861
414335
3229427
3945915
-993277
4629914
4252688
4996871
12533320
3563353
-3435488
5691726
5414357
5133142
3759694
4379886
-924860
12376579
9840763
3566135
-13751
1858964
-573397
11993950
2418226
4983231
6873564
143794
8532405
8655332
3246176
2210424
5202955
3621902
8795030
6085802
1571307
5708378
1388642
5542153
4462298
-300152
3712800
5235498
10532522
5099581
-391172
5743352
6788835
13135226
8269522
13448469
13227769
-442937
400725
2633029
-553323
6692052
4054561
1206833
15741267
6027200
5396822
13109441
8782262
-1720063
9023345
5906344
4792367
6493330
7850658
2884061
13644761
3151086
3462486
-2825508
-400968
6714978
2332091
5063713
2016380
2373189
4222448
8905812
-2166791
7493803
5901899
8638518
6842852
7172284
7144983
7225191
6357644
11836065
5619420
7424995
7030639
2423014
10330477
2857090
2160524
2496442
-678399
7566571
6365949
3119505
3103595
1918071
1468378
8009404
7028271
3719250
14322025
4787824
1691182
2545263
4753141
8103109
-443550
9572979
-604582
5701388
5685970
-3011310
7326645
-2705859
3528917
9252859
5188762
3858341
5919260
10197044
6966142
8391104
3430636
9301586
3405837
5427271
-1908173
11441845
4724810
132254
7866322
2148794
-293573
4102162
-32023
5887773
-1076395
5078428
-1522461
7126926
7558548
1277189
101441
-59293
-1939787
7761325
9639826
9246770
5201494
2656183
10336822
2142615
3968089
2524023
431208
1835867
1051457
1652133
208710
13143048
-572960
7290419
2929896
5360686
-772008
2679012
2817233
5427464
6355616
2811093
1956904
-572512
280492
9885674
1660624
509253
2445495
1999194
-490047
3198741
6602973
792073
-1494984
9487977
377946
5756029
1448386
3610154
4848657
983509
4259172
12896715
2814914
2798317
2079188
235295
1888105
1355957
4068906
944867
-1361168
-904907
15704650
2252573
5947694
4418359
381804
664406
8210610
10612803
861767
-696463
889886
1798536
5353820
1011781
6034156
6434489
5198736
-5086281
789112
5908668
1295755
-4156899
195525
5829109
10228320
-378119
1503932
4035890
2084330
2531506
579071
-442674
5070870
4576755
5318059
3246439
962301
3693396
1609117
6596020
15986474
11362336
2228459
1539217
10527180
1950202
7818123
5331323
577401
595946
6990547
4484245
7057116
-632140
740124
6418991
-614793
5157477
11220642
-466610
-258054
-771547
10476211
4234026
-493050
4640207
3435655
9269862
2289397
-2863392
14124831
5317142
5965112
4018227
2943247
5295286
8015761
6300842
3037921
1722115
3954557
8157655
3199915
5422187
6033032
1379128
4957555
8551933
5351961
5597821
5320146
3646761
5642591
1805629
3846304
5991692
651849
4672132
6362665
4975992
6939900
3021155
4937283
11489827
6745430
287661
2312669
3212906
4583962
6938963
7660434
-1807096
-161859
-926585
5689758
6137404
717173
-1455234
271628
9506344
4038623
3602008
4028562
5200599
925438
-910376
663466
-766225
13326036
785326
1954874
9510719
6617727
3639119
4900927
1559066
1709736
13740802
8751568
2697847
5094386
10057138
3511196
8856526
-1962015
5364154
8966977
675338
-1377083
5419404
12501605
12353482
1203501
7483238
1613049
-625562
2130121
5244661
9680111
1514488
4231034
8900337
7401378
355606
6069100
4067887
255290
5278875
5274570
1104101
8580126
635318
1680365
7911809
5502028
3039633
4791214
2503953
7747587
371980
7809938
2874379
-1723497
3721814
3360400
12548456
5898712
1531482
10579761
9353620
-1030687
4983766
2195987
3638098
5382519
1490622
11823038
13369605
12424701
10452703
8110516
6761336
3113319
2745156
4557114
10380172
1904418
1121111
-14224
9651028
-2013744
5161953
2537283
-62284
-434227
3961419
3416171
1022822
-1495480
12424923
2757775
4989398
365113
6796071
4469729
3133850
7835159
2842175
14091981
4997178
4404096
10868696
7670089
9564500
6391861
5759792
14248867
4955638
-1474831
2901986
5572722
5173452
10376788
5093275
4876624
11553702
15332198
6058713
-2740409
12065045
5498418
9964480
-2728776
4687909
10082171
10458972
3172316
5344132
2800910
3780060
-241198
3329425
5438789
8226721
3337111
4159728
1770228
2033602
1242092
9268248
6642658
6527526
6093557
6769121
9884335
12907064
2332854
2875674
-3544113
3584321
3427689
1131788
97126
4122178
5046295
6534874
7107956
1045232
3460491
12293771
2666845
9152515
6031825
3756230
6341154
3660917
-891933
6015619
11545825
5878037
948913
10719742
5460247
-490054
1653603
6006338
-1500866
11270955
7061204
7403754
3801320
6873828
5680844
-1726269
8034781
8701342
8590929
2391367
3478112
7502441
4750389
7783012
10441963
6059786
4809337
968952
10347130
13333785
5532368
9600470
9066587
11505179
-2407276
12274677
7381849
1708254
4891566
-1506690
10492061
-915754
3740514
6213353
7399105
7908453
7943913
-411666
8415321
-1324227
6112784
-156382
668015
2767394
5375675
-2070225
1753692
11212778
1687642
10821495
15663399
-95575
2092469
11783371
11003981
14464897
3252608
6344029
4072659
5565557
-261030
8963606
1631452
-940371
3064802
2199673
13606705
5270891
574908
-775996
5112527
2146114
3164279
926122
9184833
5189511
5801629
1834636
-945797
5394077
11729617
75807
2978969
581662
-38688
6616900
3298569
8023076
14970909
1803440
2854836
6204628
1702841
4128109
9580604
6180933
2429744
10198386
12122804
1908365
13391877
4624102
7905189
3155268
4400203
1812219
9058516
2059514
5573051
-2707245
7342654
-1518230
11278919
5120497
6131527
635774
11447063
1947862
5851819
704820
5438381
1692424
-2088683
6138804
8789744
4766794
8237227
12876588
6584162
596825
2886937
-1314292
4214587
-2736946
-791237
3018785
9729998
3381428
3824906
11404356
8781943
8777101
12117622
1684617
9077803
5592725
14199913
9229149
-2270543
3471402
3117268
4641034
2220940
6362704
-2757468
7620788
10542904
10032525
-759728
5889098
-994410
6670595
6082066
5361083
8079265
-948103
6086110
6117425
5830158
12839813
7508542
3293947
708311
489719
4083890
-193775
5796532
8008207
2780102
5862107
653420
6021383
11825503
2932617
1764678
2021522
3792717
8350428
13330110
-637731
2974591
7462898
2364231
2904529
6504061
457643
5420178
8113302
6318641
1631481
8534282
12155927
2381768
12672461
7118462
3598260
-201738
-176837
469266
2261691
5938712
1380717
39877
-413461
4449311
9218516
6677249
1443239
12075389
3991350
11476592
-1420171
635794
4379297
7844685
15587298
336663
1492772
6336956
6043233
5048452
-231968
6737931
4641928
-91619
6413040
8131885
-2097212
10404194
7726571
5168617
4889440
1564828
3397810
8680590
5561407
1476389
-768987
4041868
3387009
2171274
12255621
11612823
652982
8087186
3213113
7714993
9921947
1021555
593631
1081367
2367247
5689330
5276337
4032903
-270095
12196400
-154918
7387348
-856215
11026966
1313180
80086
9335700
-1832981
3515747
786077
7815859
10124372
-332495
15798430
6778049
4598234
2797303
-3147104
140689
4154804
11574447
5112401
-329534
-1236131
11124888
6617542
1542066
7032628
-361765
-3821476
5028756
7288776
1750549
8018578
3260771
5265198
2288649
5320405
5554690
6013611
4465173
-759257
7791319
4598263
5374104
-1450858
23736
9271093
6031201
6780450
3979915
179000
3591977
2658203
670265
4343998
8128254
3868329
7957044
13254166
4798800
6759451
570231
1894353
2624218
4494987
-23891
1201490
1906946
4321969
-830785
5434248
2194009
4345718
10385322
1548444
1063657
5361256
2126618
6864904
1108558
11763345
3349398
262888
3934372
4404336
3365817
5704544
3249362
2086378
10601808
-1063842
3341777
15931217
966324
67423
8042021
-1570461
3776105
3069461
-2280802
1139492
8243622
11670582
5089285
3442862
-2705357
11224462
5214532
5247407
-2357930
-1302828
8149266
5944241
5937557
176206
4664988
2848817
5056083
473377
4354335
5158
6677140
-152591
7720515
2944290
13710241
1743732
9036524
11769099
9494610
2866998
9526536
3840970
4085927
13428171
7853085
3170246
886765
-535580
1255765
8463483
2819587
6345675
9781637
9393604
8771956
-2097492
7853085
4393995
11215946
9663009
2714985
13349160
1393016
11305648
1553006
3325511
7851331
4730116
-1115231
7644362
10337976
10793022
1977646
4361139
2516509
-1775209
3704691
6278371
15165654
7382066
1946856
485222
-391738
6379597
2107160
4078920
5553983
999172
-2025041
8888965
5635381
8533741
3038649
-2379488
-1405878
1887318
5748058
5625466
1131077
12935994
10971225
6350344
3291334
148847
3007874
2581188
11093552
7260723
11330419
-517548
-2611972
181328
4223502
-129009
11660055
6692556
3206730
-3222573
5846749
1905476
668490
6991053
9595711
3040178
-1614449
5737597
10580949
309560
6385771
1998720
10766303
6835892
8330345
3395344
10454162
8142951
7027231
15897
5473443
4007194
2599954
13764229
300008
12197508
1482466
1207680
10648591
11216215
8547697
3212717
3890388
834845
2390945
3185063
6204885
2991462
1775745
8181023
9190356
825933
-1624640
12144815
7862572
14875720
12746640
10555167
4105147
6284486
337022
2920327
826219
-450416
6076354
4997982
12025274
11582316
2233446
2495010
8329597
7661189
9558839
9253295
9159192
7908094
12119146
3826951
15963107
4746748
7520784
-2889821
4516141
11256351
427270
5513745
5260129
3546958
2224126
11155785
784251
-224284
1628337
1148558
1415316
6401030
1669133
3916302
4734839
-709745
5807859
2639729
3010607
4174606
5780217
14666751
8205271
10529350
4054090
8915046
-2518456
3197407
5821725
5156398
4954901
9710712
8378105
9542231
6593135
2655169
7965773
3626800
2265303
7782011
6173752
4435945
-917274
10690737
10310213
7039059
8692012
-2258031
4799373
12423522
2070355
5592818
9984860
2745828
4718003
8567550
5226146
156343
7966986
3515435
2015667
2332030
-1872266
3425454
5126889
11006799
9373190
9410174
6138752
-1543193
1608618
10094162
3963989
8488948
1275322
361352
419302
13123141
1661487
8774788
2884969
11080569
6868541
8202060
7432638
4566233
3753810
4163802
1199337
-3306355
5957993
12079677
1447690
6781081
2191296
8932099
3689927
8748414
7851375
7671574
-1266296
1647294
-2711923
11697308
675370
-2205815
7046432
1220733
13382634
5560647
3694036
5710812
7525471
-50663
810441
253258
1396695
13002175
6655787
11803911
3373060
12472165
2492843
579925
12444281
8525961
4353580
6794660
3166483
4620399
1090397
-531592
-1509264
7218530
671228
7848924
8439434
2936451
-855458
1677227
8221183
3783034
2483139
3909632
-834442
15706238
9934629
12714397
1766276
1357786
2100537
175791
4731079
8791936
6534095
5351669
8055637
3166224
1920672
275493
3802531
3047835
7012117
6511495
12640474
2486407
12081799
5730051
2622413
7598480
1859282
3512601
-557960
2382832
4510459
-88876
-1137992
7840583
-667319
11026127
4309359
3097552
4683889
4956620
6018670
4572707
8788935
5207979
1733389
4791751
5834896
-884548
1568148
6110473
8021750
-344728
7781826
-3321084
6146341
1335482
16067309
9975699
-2452059
3387396
1036175
11939390
698235
10156834
10533197
1157568
9354417
-325817
7366400
13977086
2919626
1252636
11472084
12244588
8653
4654269
434347
4403222
13404448
1882792
4151701
7642925
-2064136
3238169
5133621
8114823
3912875
922909
7279663
3404915
-994618
709730
6105122
5909594
11959910
4045563
3203734
4758475
388912
9202373
3549933
72018
5697311
4624417
5186005
2492502
3804962
6672186
-1840813
-1305579
695631
4968855
10732694
6909320
4868273
1132998
8631266
9028261
4298065
3682941
11020905
7363109
5096201
1478447
5576846
5510412
-4276631
1465004
9662953
4890264
9240591
11989320
12418208
-1456433
1071774
726148
1238799
7032544
4004313
12155013
5591265
4402077
-556509
-2562193
4270738
1443422
6290943
11486330
-4567686
3434956
7026121
9921370
13026433
2949619
9995136
11947035
15127744
5947870
7139203
8272620
-3431846
1463387
2336394
266066
11548061
10897125
11085505
1932682
1825632
14060636
3931964
-3415784
3950703
9674986
9416016
-4929098
5242259
-351449
-974805
3624136
8529161
-373489
7043287
10843621
5811353
6509631
10043490
7801450
4184210
6981491
1800753
-1226397
2078596
6593971
7244157
3329107
1311589
8064289
155452
-3106485
-40434
11476627
7861259
1854862
5156897
11663670
-1291438
13897076
13629121
9087474
-1772899
8601339
4178168
4672410
4171587
3047998
13835701
9115510
6612747
9618202
8573354
3644815
14043866
954356
3535741
8354870
-1477123
5268676
7222029
-1747493
2757192
7669614
1342280
2230637
5768377
10905672
9820529
49801
3342562
1171268
9317944
10560284
6582925
5508830
8353918
14439928
3242462
6572105
-1301645
2583926
5508779
6331780
4331087
14032703
5818137
4044608
5941619
5974811
5929589
912544
1448507
7721818
3428914
5695141
5373948
14422160
1610989
11015861
-2280719
6544841
4326743
1824909
3060881
-4510398
453778
5977399
854152
3063503
10645262
6749147
12687335
4931375
5086905
7686496
11695550
13066155
-189682
-255317
752542
13325682
7266550
5178366
7308350
778093
1678119
-1204890
12412488
4203020
-2471539
889814
2827832
2401778
8716051
1305601
2962450
6665032
8120111
5265698
5294920
3366046
6865922
1186104
8734634
2447386
3837332
4537316
6895230
16211611
4024171
2482580
-3741945
-2217838
12728456
1222809
-2462383
5609309
-556832
4089616
1496641
-171526
3264501
2725709
2009380
1091417
4685660
-1795438
4077875
7325269
-935903
10006626
7393661
7138338
3495338
8568535
6639692
-3161252
5938914
-2091178
7766905
6249026
7347772
-126223
2499133
3711540
14271772
1069484
7123199
5092540
1562411
9368435
5375060
2857053
11781058
215162
4107246
9813613
11153996
8214188
6346907
12048434
11112906
2579993
10233085
3054235
3357621
3304586
4190799
-188555
10611435
519078
11414396
1291065
3343701
29159
3466581
1770574
3914900
5101656
1659243
-2662691
4542049
3197059
10592202
1695528
3278415
9911673
13315717
7478507
9900262
-2162249
12125198
9872698
5665764
11819766
22255
115176
8418365
8054348
34788
653937
7336368
3128505
7398884
2806666
-4476905
5673747
7427967
10508727
8422409
7212379
-502116
8368666
5305972
5080878
875923
241048
15220510
4412142
5048652
146816
5801873
5570590
9280980
-893892
2001811
9460414
6830426
2834676
4135580
5739479
1873157
4548187
5366537
15782900
656855
3699350
6709231
3068289
9681424
2728181
8913580
7953676
5709436
9358734
-650267
9595628
2041963
7167208
5236622
-2379274
5914873
4158533
4052761
11997133
-2121033
4947023
1448659
5375364
5091776
3152303
3818713
-1466198
8260687
-4503642
2582143
-1401882
1126876
12929362
4483850
5974447
3099472
3141839
3757444
3911648
1835055
2416245
234959
5217553
-3100606
6438403
9210316
137175
2360967
5590368
11551390
11913937
6892019
-3300977
5848381
3015914
6888224
8782316
7738582
5477331
8312453
5487078
10116756
10903767
12247724
7342286
10750094
-1811324
3931547
2965256
2035021
5589783
8746616
-865751
8021929
1022488
5334660
5042576
1350606
7126264
2377171
15733014
2195600
10183759
-1619892
11421009
-144126
5700291
4200686
5403936
-196515
15260792
2973634
1890690
2027572
4726040
8066862
543649
11391834
11150392
2245623
13354638
5315354
6387777
5732069
5456969
1213933
6568680
11262354
5002616
10972076
5016938
-2943253
10791416
-2988963
4646117
548903
7508509
11583570
-2124217
-1311409
-553925
3037848
4378836
16039678
4821266
6283639
969600
-464784
8927741
11439105
6663818
12395282
13425298
4391423
-280602
2596538
-272075
-1690568
15491227
11316202
-2908184
10519325
6421200
4047377
4353676
2631184
3032462
170185
6819343
1778896
-699785
12419395
2291622
6105799
6083685
8712050
10276670
5688653
2273094
3589894
-444480
5410781
6908670
3860998
7126048
3876395
4616594
5718690
4022424
10229178
-933532
11052107
3797197
1047492
10748299
3699506
8214283
5485045
12282310
5835384
4223868
6659044
16129589
1986232
2088739
-1229188
10514000
3708063
6152509
8377043
2244124
10351945
168086
8377626
4813185
9125270
5926056
11115646
10656319
9310856
-989184
3395715
2522484
9507186
2310911
3030910
3766282
5722334
-1334573
2939797
3949890
7829101
5045727
7390711
10816928
2961142
7593110
4921845
82942
2614923
1773569
1449862
5742991
15798310
11135778
5694607
8299705
3173999
4091954
3176523
3392380
525148
-398986
5796314
1111941
8795668
4198407
9943548
376996
11302415
2293322
429400
1761560
6968534
1885717
6030263
8934945
-438243
915616
797646
2896668
3484278
6812134
7241412
4287840
9587448
6158160
2088881
3696205
3353969
-2019822
6048952
1153812
-303097
5718522
3748422
3811762
9628949
6256094
1099194
2502376
383952
643478
2533912
-1430089
-3778514
-2567458
7394695
3127826
10506218
3952433
10168218
940515
4787104
1343005
3356790
1758781
1647312
11123289
10015588
1427738
467066
8172938
10617331
3762075
1543269
-4156125
6939794
3017091
2206004
2898197
5592288
14452779
7255998
2388349
-323964
997439
5848791
15460818
3521717
5961368
4899526
2808201
4233307
11497694
5645387
6514389
3904705
4886517
1756446
278904
873983
240081
8485758
10658773
8873723
7604776
1636017
6508967
3322756
5892969
4405072
3716035
6592469
-1447915
7484390
527635
5232294
1979339
-1522535
3754910
3941520
2958936
7566216
5986301
-1694718
2833199
6645926
4479663
-270063
-526096
11136157
4321948
2195809
3907505
385141
1595384
1789406
-1933195
9600861
624118
841736
10053233
3567992
-551930
6234629
5293977
-1871579
8697636
10983750
3297443
6993615
3259972
5306223
10252078
-2215701
10273471
6928933
11913823
3084624
5366245
9395874
7911919
8886420
4028915
7954094
3193468
4922335
557191
9679199
3385318
5368048
6661589
7347131
402297
12409702
-1009788
2898607
7284905
5689106
1280890
2057444
9011344
6332871
7461799
83748
5444235
-470339
7332355
4015943
10982700
8253349
2293410
1176184
3614625
2408222
3707696
6667037
2155087
6826879
5993057
13683657
2165864
4666714
5884820
6602726
9798263
14956192
3376227
5413881
6007063
-3361846
618414
5871499
7222662
7424289
7107591
3810880
15136163
642336
6712427
226216
78803
10207654
4100180
9646499
83095
5124598
4542084
6393641
10256195
6855765
6541998
4243397
7323862
146355
13432589
7572562
9793973
7215925
2063942
2807732
2874691
5829120
5374852
-309040
1474466
7689291
10490396
4678228
5803045
-4006075
13273996
-2592117
-3473187
2296991
-252907
861703
2624935
10726383
3466825
6199132
2335752
-3183343
-3782285
10580250
9386159
13599445
2368039
10460778
1886855
-3376968
5147472
8217805
8156876
151256
10160298
-2516869
10785502
12541271
14357974
-3949401
3016752
2432751
-3035472
877195
8730748
1874330
5253180
1366920
11167026
4791086
6793016
1704147
13236936
7771939
3261117
6174123
5302094
4966142
3352599
4496406
12416952
-303430
3640705
3768814
2292241
9432804
3648751
13667909
10755898
3644069
4781644
8141797
-2578893
2506854
4099251
6806882
-355795
10982106
3165646
2084245
-480181
3544097
5111443
4596685
5109431
13152279
1533692
6073625
5847581
8218779
1991344
5260034
176623
-446212
-5173117
1873571
-881971
5179547
3861877
5475408
2408648
5067705
15636667
6850763
6864367
1437247
-2038976
-952979
4201348
3796622
12917184
10562799
12701772
3324338
-4523658
5744278
1861193
653455
2410025
5615031
3673766
2855296
9946659
9773725
-66273
3335134
-100535
2653580
-303224
1884012
1639330
4116562
677064
-1728010
3727137
9907373
2586798
4528298
2813652
8462826
2914098
80701
13475313
1432119
120761
-1049673
-1194341
2496980
6865763
10511333
-264982
4449731
2186982
5354621
4673263
11024665
7796474
11217417
2280572
11696689
3185457
7699964
-1691892
9432250
2522148
-262366
6015754
9338494
2423870
-3481886
8610123
5622701
11654675
5086573
5298290
-1287558
5512396
15669152
11624230
14746871
5788558
10957098
1693052
10024775
4810119
10065644
3622450
2191986
4118554
10949786
3603240
4689121
354957
2488211
598396
2988580
5543891
-21542
2558202
-1387014
11819802
3431469
8648863
123055
393716
1065280
3344225
887295
-1013386
11205405
8585462
4798701
10249769
3449396
460195
3482160
3309477
7774972
2272095
3096588
4753217
1105951
2191892
4327354
11027110
11567371
2684283
5151982
6665838
5470789
-400505
3455737
829275
2517582
3811951
5649612
9625052
2852806
8135254
5992345
11622620
4202670
7739723
8478474
985480
767430
4943670
3500288
7554368
3315509
106735
1320817
7052479
2374041
10140323
-2043808
11711054
-2216070
4458767
5549038
4070074
3415344
13676594
2153925
9687353
8922607
7710449
9168733
2397149
7852150
3795602
7405226
8584328
11462104
-3548627
8956407
5688413
2196490
5871444
-829760
-182425
9352948
-4351099
7760606
-669477
11288063
1001135
1704301
14392403
2517931
609383
3445523
4826022
6511112
4282147
12346272
5216630
4460774
13329843
11752584
5105642
7660905
-519332
2250597
2313878
7306795
-180741
3523642
1044006
-360207
11267229
4287924
14474730
2126075
4357061
8366944
-3128998
3667481
-42971
4712923
8937374
4347167
4850040
-580903
-717458
6154014
2409175
2661138
8146836
7795478
12158807
7267515
-2393091
3265575
11712255
8349458
7006268
-966277
4053659
5782254
-863736
-1559048
3820438
4900033
10953146
12144623
4449214
9329687
3955111
8316071
2447079
5095580
444755
10603764
13562626
7214505
657456
10852024
12199965
-1263118
4028026
3312527
2097009
758262
2117447
8637271
3109750
154577
13088060
5689076
2212980
8708424
-2378318
4095498
3882847
2004443
-630143
1340449
2053070
10703411
4834942
1867230
-390946
7030127
7345325
9044619
2642952
11432288
12083244
1400035
799767
2073603
2945039
3878453
3371179
11120913
5501317
5039421
63365
7000760
9515532
70166
4279577
9105768
10856219
11911077
6031901
3128185
8386288
3324017
3637331
-1747343
5136227
3026669
6355745
3964538
12366652
3887430
-1877330
6526948
11520848
243182
8805871
804877
12669948
8504298
5828335
940425
1610813
6225782
10967590
991159
2492691
2964775
7502144
2238004
4510054
13619782
126667
-1039299
3824298
-1692014
9559894
11153887
1036335
877641
4034749
6037324
1175231
9598583
7679186
568051
5784779
2481983
9834485
1465989
6911948
5199287
2364374
1795781
4319953
4446778
-1691937
11811264
949130
7255743
4446247
-2012062
2310529
7688574
-23621
3166414
3852133
3332885
-314552
10619632
7710414
8729946
7016299
8556946
2503534
12544332
1415524
-634589
-1943127
3532976
13404016
13662763
5199398
6472992
1905811
4888448
4662479
-2628850
1289742
1970153
11150814
-1003240
-84582
3472727
12943818
3576077
7261050
9261509
9996316
4508100
2800017
11143882
7488137
14852817
1927283
-1648073
6465963
5077373
2047275
2439654
5011878
6796399
2676992
3676365
6904566
5599350
-767874
3175425
769873
1116821
11423304
8362186
3780432
5550653
4105609
1615545
4302123
10967466
13422695
3139454
9671327
-993436
2042790
16605335
-191941
5328283
3105351
133772
12848244
4680033
8934396
241697
2832821
239015
11556775
2583860
9856995
1221084
6845298
8384328
3569288
5802575
6430834
7360164
10028081
3976732
12321650
3740039
3581769
-477684
-1248768
12169390
-203052
1179139
3881247
7731494
7473454
7105327
-204732
472262
8089873
7058917
3478375
1468696
1194621
2575610
12899676
-5001472
6775526
4997685
2777246
3284057
4009397
14406299
6468483
-2972048
4452020
7486257
8277378
6535986
8099355
8880459
468396
1760079
3529375
6959950
5859511
6092789
2540679
4722047
2578276
-2343900
2514146
12769087
-2232044
4712810
4906479
-524588
2829708
5020184
9158800
7667737
8791410
329410
6167224
6782384
5526826
9263163
763174
5789264
10803385
-256919
12710903
11960187
-898759
6803108
2094193
2671827
-2127378
-2065195
-1593714
13311321
12468364
3407689
936588
3102773
6218716
12672325
1808139
5233545
3131379
5682601
5698322
7249453
6551976
8810680
1503108
4874028
4249406
371195
12852001
3397118
-516554
4202887
4829479
6788716
3746533
9164692
5517149
15655167
-1485159
-4780316
10371234
6042879
7856206
11353733
-1940186
49381
7012384
13865422
3830587
5032596
2359138
6325770
-812056
11634590
2536244
9271320
-1688675
5246107
8808254
13876155
3581815
7937563
554953
716453
396418
453420
3095368
7332131
11508277
7711142
2111869
4580455
9102674
1531654
3263964
11602002
11966664
12770942
8023103
3734890
1656059
3143212
7362531
3649248
2152993
11023339
488503
9018018
9377484
10103299
1059347
8252035
1805502
1310195
10047397
12648200
12687316
365964
2007770
2975067
556101
2241438
-573123
863810
4973671
5424605
-1335625
-206446
2537974
7618457
785260
1813938
5432877
-283280
6262753
9208198
3432469
2454046
14300215
12197965
5474272
1591783
5026551
3287519
1385684
8238103
7117591
5844719
3007792
-2649428
7568881
3839685
9314746
4755368
4267305
-562339
414796
9794619
8759345
2629164
5660751
5883134
-1930942
6631634
-2772380
4098411
9932720
6844763
-3208090
-2657814
13807261
11788752
2587791
7958542
-1429068
9092817
2729489
-257273
3365424
10904827
3775791
-1580272
1212158
10790219
7156925
6952675
5770674
4910982
2510412
-347403
4148559
3192343
6581749
3594026
6757599
5095527
6744512
3585310
-1570357
8377527
2513279
4534727
3613984
4687684
5432600
2964302
-1742468
10416500
9102436
7042378
4255841
7435565
6095442
7884838
691107
6089958
12585577
1448513
6364480
9635206
608876
2715942
3097277
10765008
7000289
1715750
1196253
2022411
561569
-1920746
5462478
6869279
4946624
8108462
10867493
-1269865
10305831
10027509
3938113
3539966
2133758
-59259
4926690
3676539
2655926
3015734
3203965
1115931
467204
1849837
8650293
2229668
4860204
1393751
3827277
11782030
5430978
3976260
3468232
1195312
6305470
-1172042
4611268
319718
14673605
6562617
123374
1133081
725066
-17704
-1038044
1815087
11083019
-341046
10347104
6329324
6825857
3792691
-753949
1015501
3210787
-2255469
3415705
8537372
4779341
-624984
1774235
5266964
164562
7781052
3606694
3623596
14028846
4380405
3687542
9990451
3039865
-1269922
5822974
280178
7857867
776428
2768008
2820010
8393010
7095053
6357943
3080226
1988176
7585100
1985596
6239159
1202416
3978154
-793807
2306101
6611013
188886
1108307
8996368
6620964
3070228
7900502
-1005287
6013307
13470158
4241032
1136386
-3095742
1627815
16435890
6057932
917251
6015947
3862124
-628305
5574530
241825
6398492
723582
10533299
-2800905
5970269
13625469
4824015
7146005
338689
7342081
7849827
-3635179
10950275
1962407
-342202
7476566
11060779
1543052
5236659
2126813
7274333
-1875951
151502
2245253
9047516
1869896
4703439
154415
5284222
-887365
-3329977
-557004
-2555797
5944146
2412496
14765228
9916123
5003601
11241
3942095
6198881
1920770
-2274442
7691781
10288618
7931646
2114475
1834687
-897175
2411545
5384822
6182286
4823500
1118780
5544906
5839193
3950445
2014760
-3152048
14915326
3303557
1102976
3026527
8025351
8508307
4742578
-3691784
-2858349
-2364507
5235132
6098032
3060733
11763899
8162087
5423134
10400311
4615567
167201
-2031200
4617
4968273
5105725
2053171
12343553
2393534
-137968
3784393
11522896
8776022
10036326
8169559
501254
2210454
3221226
844485
264031
11165246
4764895
3434207
8489973
6369547
3574194
1978557
12441411
6622093
9863545
12630198
3735596
3154887
3505472
-313287
1866557
12150188
245068
3217787
8587695
11539580
-1600583
2833614
3740548
236139
-636389
4709016
256647
14234336
6288854
2949089
10482029
1426477
767652
8153996
8041356
4847317
2922779
3601835
10472338
7557854
10521291
7273230
-678134
1050927
4996551
1941170
5465807
1980537
4581185
2434893
443913
8103559
2318202
5590341
7996794
4044794
2049594
5479928
-787476
8141505
11445663
-81512
5751781
8172183
-995130
5220149
11991387
-80158
6418384
8943062
11836071
2422359
436266
6303386
-1823320
2448515
2935221
10843162
10086440
1184356
-1458889
5334445
7206199
5934665
784333
753361
7726331
598465
577375
8515579
2813275
5672488
10208690
11870347
1050270
7812885
4814589
4816280
6409
-347740
7358784
13855308
2871333
8030025
1044391
7905895
8355177
5204060
2100781
9188740
1103808
-1446729
2203220
3293650
3639478
4864583
11647175
10394971
2375676
6309482
-2463475
3189981
7190729
320580
-748034
3355504
9792871
3583036
10865303
1450460
9379104
10637617
11128364
12914109
9384541
4332149
1643173
413668
2811572
6171442
5819218
5267951
4888944
1588979
343196
6588321
4485452
12498703
2182098
3398413
-1047707
-1008738
5974843
11036163
6661371
9309708
4762746
5579208
1699693
-2837746
1667780
1010153
5814183
6970547
4703441
3705332
2059990
3635
3589011
11450136
4012094
878657
8476298
5423722
7884125
7119068
2165408
-2192490
9378659
8704098
760661
5932119
-1682633
3693415
-674091
8000644
5322653
5614674
5943468
9011636
-665119
-125345
2797886
5275385
1208814
7022415
3151884
7881775
13160578
5099254
5710381
8326329
3111662
1141185
1151259
13288726
4716217
6035984
3877065
5398914
7146905
7451486
8187211
1748857
6829243
2562842
4248464
-1858916
3535558
10548560
3247657
-1249606
3582041
419841
2722168
4866865
2584929
5940912
2639002
-640314
846676
-988602
6628250
66287
-1350757
7945437
9598338
6232952
2499628
2647493
5793187
9446935
1794640
10661174
6164725
1111827
574658
-41656
759738
2459911
-837983
10062249
1947804
3246658
-1531919
3098362
5432470
8765235
990005
8332292
10400068
8434411
689119
15222079
1575034
788177
1428911
6037265
4027974
13258865
2260573
9356814
6713625
-4624173
1991102
9289559
11848928
4476211
3289831
10460204
4068745
4640927
3838017
-4342751
2933260
-159383
9531091
7910940
7632699
9441048
2954195
143093
6360936
-786490
6201567
7670680
8023035
2495258
4239542
3600808
4596362
619701
571881
4449203
703292
8898975
-486784
1268477
-5059487
5091305
791991
5353592
11728553
2008176
3493909
811286
3452216
8410911
306225
3272689
8566490
789648
3667174
10252418
6311216
5883778
2799151
4306825
3410037
5631243
2676484
7426644
1694269
2142343
6102361
12449348
4365039
3419588
11922396
6409512
3133387
136844
5696483
8811032
10914673
701991
5965772
4173537
9939031
3437609
8481108
3226307
9616558
7952722
2398223
4199531
5351678
8297888
1128480
10061790
13282884
7351914
1314943
6486294
13089657
12568270
7854182
5493396
7279852
8582652
8109171
-60126
-1531101
3819325
8759032
7120840
11867742
6522553
6372002
3683520
724138
3971954
3471473
5534222
1486013
8710907
3345709
1001737
2465706
8955186
-293454
3897417
-731764
8967427
10941298
6625927
3236294
4084749
2991860
-811779
7950956
322914
-621810
2747228
7913214
3727308
2553355
2326597
3458922
5633394
3585492
5007811
1755659
5343763
4626362
10625081
6087191
6374325
5476325
5447035
-263879
11753856
-1279738
4141875
2554028
6550651
5578024
-737182
7404265
13403378
6278281
10914844
2991423
-1307498
-3244324
10219965
9251063
4383680
6883133
7669309
7002676
14044130
-752975
6748012
5967981
2777267
7202603
7393068
6690213
4219610
131139
5847692
3830764
3745512
9333485
7112340
2606999
14883855
8079782
9461271
9834509
-237415
8355069
8644603
5842428
2176434
3133323
14606206
-227316
5882921
-554375
486685
-1515816
2873720
7812017
8553780
2498521
2983070
3140522
4662653
4171878
4065005
4553523
4844636
-2556017
-589532
7554066
2688466
6475487
2304796
5589079
7362032
7351743
13477487
-1875155
6197039
2946411
-3337219
6240454
3706748
1549554
673984
5400938
4478111
6713392
1771762
-1574763
4586355
2499756
5201034
6851511
2326949
7221815
1429996
3617317
1195888
5331614
5336153
12237874
3461488
5006414
7005603
9048850
7009157
2289885
4783351
11568556
172336
4103800
8855157
6466003
13080155
7977976
8368992
5272918
3967316
5544800
4956155
5000331
6115141
7398498
5062672
-487442
5285469
5184800
8888407
7405281
-2122426
-351387
-279310
2445141
5590783
-475061
5799206
2161819
4106122
9224140
3769312
9217579
-208969
-3117560
1761621
4245783
11566565
2106494
4937550
9648132
6034077
12812493
11624810
6378520
10078511
3199270
7596599
10910784
-147412
1005449
4043345
1807301
7806170
14289630
276770
10066839
4409759
10501341
1397442
2523985
5563309
524856
7615873
1171022
3509526
-1684484
11439749
4010755
639277
5684683
-239377
9120493
10468548
-3999221
2078629
5165401
4286461
9551607
7936421
3213624
2501353
5982240
7297782
7052562
1894433
60710
4702339
-4506132
1675610
4865540
3157166
6566716
1285334
8923642
-1652949
12310658
12628461
-386013
3711283
536687
5876302
-1480834
716802
-4732501
7874064
294596
9342825
7209417
8647974
8844775
-1919983
-1307094
4538975
5513360
3424140
7036010
3741376
4535004
850605
10147245
6337254
7685253
2329021
5102070
5802594
6564386
1121465
8193550
2013609
6826578
3909122
70082
5005275
8348316
5053142
7047240
10070074
3995922
11282932
5619221
3570570
2904302
9751942
754638
1670020
4484898
368437
7572273
14143091
2900924
7353371
5295297
4722856
-3013794
6650871
5588823
6923435
1063350
3727019
3791908
2432149
5636359
9274439
5453812
5095127
1200973
8067673
7899652
2163397
3809418
2130060
-1337255
1695149
5319467
11306461
2578636
4071804
7410859
5055169
-725032
12852230
209585
9494460
9213622
2017097
7582224
8574806
5171759
-374634
4161474
3944976
3533590
6291063
142081
1992675
-2119591
12962848
7639440
9126333
3826650
-1534721
5968063
10781040
614194
1900543
4212668
7054928
4241089
5954803
3583916
6773698
2739530
5224863
10920882
65637
12006788
14594702
12812763
3054991
11132633
829138
7069506
5789297
4307015
9968383
-1321378
146873
8305800
11937902
5678213
3187377
6454805
3230291
2659281
1381994
753321
1903726
12322593
1794567
10727885
10735846
6569060
7130704
8020149
5573245
2767094
14821837
3836534
8828382
-603321
8805822
4551442
2864893
4152374
1576143
5566928
-3431449
2231653
1316267
486937
13692365
7171986
4333036
12468900
4744307
13751046
-3177460
2130950
-1634257
522473
8434144
1495728
3924885
14100668
-338914
1693467
1889436
1143083
6068900
3780485
9046110
5221421
9793260
5925077
5379080
-1324140
-296732
4629602
3305199
2218166
9129460
736768
8440118
7252725
2943519
-936657
4510296
6428239
1454045
-2156795
2041650
980953
7711722
6228268
11253882
8758327
2197612
7479153
7724288
9110544
-988118
8026403
6807576
1677633
786171
-125666
4775721
7164883
3532333
14616374
5843233
7313858
1526559
-925345
3603469
7231175
12948358
430746
1486247
6403069
11117158
1480211
2227607
8711931
11191966
253910
6668042
6645652
12270136
8618893
5210600
9641115
4029502
575074
-820269
1414745
4641469
1965260
7321581
8656152
-915422
10128289
8955051
8364463
7014368
4257162
7135697
1001594
7300909
7845558
3757394
6183894
782106
5865263
4066367
1726422
1566435
3786749
10622308
3160158
786722
14020566
7235573
8422850
-1289007
5018482
-242667
11363097
9794538
2741396
13456515
1983437
8982381
1237938
-1503247
7702823
7822907
1656517
541386
9111941
184643
6787721
4641940
2267612
3274104
3266713
981580
7763343
3701071
3015336
9667218
7847711
6495297
1700447
2188079
10219109
6046169
1126771
5203450
10379374
8121477
1880998
12592057
6744840
3581431
4109680
7025429
-2560267
2448567
7474043
12758082
7590843
8917401
-1497947
8373058
7469986
5649304
5339406
3845803
2274953
9743587
-143654
13012801
3231722
11984740
3574388
1938144
-1377353
-3330051
3359842
10676162
4290212
2660467
763227
2406522
2170124
1416518
188161
1539632
1714031
-1223849
48900
3922236
-183288
-2375116
1394797
1572166
5337880
-1467443
218044
4149140
4989069
5368722
6589392
1946577
6225609
3213853
808439
3307761
5143414
-126098
-614537
6021022
11036797
6593068
6662134
9895510
5078059
1904885
2926678
-2292602
3605311
6268874
215357
1282401
11688681
7363816
2731335
10626685
9583992
13322632
3006211
7406962
1468033
12482002
933430
11155899
3623113
667543
1203886
750016
13689127
4832549
4385548
1308444
554925
3945534
12008994
4812075
9184101
11986511
4603854
4494676
13424688
4227431
2393138
6748772
2818218
7116703
8035462
-633979
-742985
9239859
4273334
12067977
1592298
11739356
-1359350
9027570
-388482
13580091
8765747
8091705
3768799
4721878
11101305
12889684
2767395
9491506
12340840
147853
4498544
2480161
3167060
12487149
-363520
5018028
10997629
1765233
782240
10790857
3759543
5866863
2801104
6493420
4974197
2068239
10847008
8564789
9166159
2877963
96149
5136791
6322746
2724515
3339340
-2113027
1847359
7055499
6258764
8296520
2069862
31663
2373403
10525302
7438700
12511242
12205639
2605438
1581940
49100
11924516
-1004259
8458514
9196521
6587582
-1725916
5870107
8777182
-1852392
2912843
2920403
13488012
4495550
11432293
5717268
9117251
-182276
6864442
2669020
12243903
6415333
2397646
2731333
1305777
93765
4792799
8706985
6510443
4096918
11604150
11126461
3002535
773750
7593671
4328488
5788610
3767789
6566665
7211750
-3653641
6460258
804531
-340045
-2050242
3993703
9973591
6979722
4616683
12184248
4806997
4429307
-258335
3008403
3489633
884186
-3491425
14250436
4056590
2613892
8543015
7832244
6132899
-14923
-303298
4003769
12327108
6393076
583931
8471123
3294222
8221961
5767224
4271903
4220490
5879622
13582189
4072438
14262339
4271352
4873639
4670753
-1546323
7815063
6038650
12134287
-562514
6497658
4176615
3249453
8664654
-1828525
749093
144908
2405425
7676016
6064596
-2971278
644326
6396827
-690006
4854230
5243173
283197
4167932
1267712
11436771
829999
7312585
5668826
2976889
1856470
6336457
-1993016
7211599
8468029
3210803
7224228
5008021
6500921
13009893
6132662
-1060837
3250954
-309501
6873074
6418085
-1484451
-4931904
1891647
1489009
-2531854
6368585
13837572
3316655
5703478
5281459
3122516
464103
3045284
-1716555
11504394
8594907
-215883
478970
8940485
11467445
8912593
3577506
5312108
-4008572
11258506
2915648
3704868
12141515
7749361
5485284
12931762
4030613
1526243
-440490
13002833
8433065
11460765
6047783
7788919
8747738
4642555
3582718
5889576
8172580
2656962
-273474
1790229
5540784
8316387
3647472
10003742
7525488
1874900
5051346
5812526
8111511
3565178
2746814
4578033
2488135
829537
2912154
1880552
665932
2049598
8974207
4593138
5625319
14779230
5332025
1615408
7741046
2942304
4337851
4089986
3241211
3842052
3446758
-967600
8455214
-2717851
10793533
16010987
3086667
888603
8073646
5773510
3943640
4445239
1702258
-1873903
6665247
13469948
5934947
10988105
10017553
10284945
8176627
2384467
3959460
2997003
7953432
-353312
-112434
4864895
-1189563
4860068
11640989
9355755
4071908
-1687166
-11581
-2099173
7861485
14545999
4283298
3692585
102618
484409
2854525
2525127
3798853
5495598
2842634
-950423
1707214
10990439
2563919
5979386
8085026
-2045655
3857589
3110731
7060008
3133108
5386434
390704
8580875
4975077
3757718
9892938
7484278
928191
8339152
11985163
11538178
2461626
469424
5550950
-509833
3793666
1947000
7974962
4176362
1871071
-1914538
3213181
10287925
3599508
2541607
11125689
1239708
-3584717
2262410
13922743
15608354
1528253
-63939
10018685
-1143110
2615653
931682
5270379
3316012
10547540
1669900
-1719407
8112282
-3045836
-712679
7797802
1773968
1122376
2897620
9669961
3678990
12457966
13576801
4916524
-2203112
8660228
5167719
11272559
5374759
2655927
8900391
2912972
4012189
-917253
828045
6950528
-1014870
2443334
5241711
3392848
9250497
5504890
2746978
9295134
-1379740
511558
936124
2118788
6021808
1743280
2512794
5491992
4387068
6086983
5722184
3795943
4574264
173149
-3547898
12850197
3512309
10024404
4187804
3206087
4422059
1698210
4793272
3896040
10394006
8394309
7108312
4878315
5714036
1451098
6589927
163243
14735360
-929715
4288543
8272336
-921851
3413003
11004973
2464639
9834065
3592141
3940180
-1172310
3859920
6262840
7298425
635018
4377877
2300135
11839281
5609096
474400
5449315
5645812
14281276
1830413
3607727
16340409
4076052
-793503
14908923
10109221
5573741
1365978
5740895
773653
6301658
10446002
855292
7671592
12371750
9912203
5352671
708034
-1562607
1464092
8325626
5408549
10530270
5129815
4125565
2807515
-1467254
3606750
3043572
4557589
7771832
12382060
8253925
-1671603
13447543
7358963
11083128
8147494
7560054
-1704229
-3884203
4959848
5304387
7544155
-163659
7417180
5473966
2515842
1125156
5402382
9265189
4994813
3664506
9565156
5942778
11512596
4719150
4440009
263606
-1542952
4183071
3062554
76634
-46630
-356337
6133760
2928535
1830635
6750838
5968080
8854625
7169275
13290358
1014319
6153729
6313029
2673973
144088
998408
2318847
5050728
3039132
-1306313
7834564
-359379
5016433
8054923
12684089
2429384
4349825
4835004
-1820352
10192153
-658156
3009481
9366346
-4126690
4209478
6930005
7716142
-703103
6869126
7416849
476474
-317691
5221523
1003951
4013840
-213481
2666072
1998599
5173002
-459088
8515456
8211280
-46543
4704335
5860224
771147
3722795
14018362
2427413
2584014
6431035
491261
2032796
14580996
3329575
1008701
-4001169
-759161
3806797
-2668199
7368468
7404794
10961502
8171241
4974813
3916328
12496279
-1173199
-1839973
11503376
13060248
3173351
7646768
1671733
14861608
3409092
-981648
1586718
8729485
887448
9777788
4962770
5025750
-3816665
5543291
1735091
8747805
171863
5863777
9726681
13336757
10692404
12888597
3566786
2578338
237149
1520565
975911
-231634
15832186
16683814
5000824
8086992
3907750
6084220
9758212
13298602
5586994
848273
1632717
13404287
5190788
-1621806
12714477
-2748228
2281530
10411008
12421559
8247167
7658086
1494674
5061335
11674003
-5034421
7215525
-2641250
-2959506
11661049
10534663
-749609
2527894
418322
-1595982
-63327
-1415665
4253257
8143457
4043681
12125008
1742366
1135203
-1220534
5673026
5283515
8576742
549932
7184176
8739889
8989948
4792982
10364310
2513614
-1212197
6067964
8896752
13326564
8296204
2193956
9246881
1489058
12160630
9931972
-210471
6227865
3816104
-1151470
5604073
1531555
1308061
12835498
12645723
4839970
8672738
2054883
4163192
-2595192
2904642
7206180
2516320
10300889
4299444
-1829898
6191253
-107474
4034903
7379639
-3059264
6451216
7606922
1141432
6425422
2119107
6990375
7563895
4612282
4828102
-1311786
2727744
3026239
2775080
3382401
1094173
9344468
7422477
6926296
6694477
4471609
1895917
2484039
6030753
3959028
1978254
4313604
274315
4956200
2012877
447149
6525969
9900693
2534349
4635299
-2233491
8579882
1436510
7330048
6291270
13625301
4699107
7180501
7930135
60180
5513890
10676777
2274644
7653421
7710346
8225678
10260144
520989
3572222
11403363
5555601
17104523
4200407
-61101
2027331
14432181
6801720
5901329
2323573
2162728
5539731
4554513
4591682
-448894
1778620
8544303
8302116
5282795
7538131
862292
8420374
5525410
15537568
2768823
-1307278
1624048
8801170
6380165
1801559
4959331
4897645
7769641
4097054
4087378
710339
-1239266
-1943700
-1825240
9972930
1159743
-501014
2288424
7685635
7675144
4101636
-21108
5512869
11688357
3556126
5702756
9406143
-379749
7867521
-3909972
14129668
9839673
594713
7917143
5246694
-2280774
3224748
12787651
4563384
4110366
173042
5975498
7461304
4330112
11203654
4099604
13959540
14639965
131855
2425549
2921708
7490770
2501505
3725135
5512053
-3437627
3404506
4244731
-4880234
698080
8172791
338111
3010535
453279
6150610
3829491
4724902
2825270
4209274
8239392
13792050
-299769
170547
8544687
2915419
10741523
3269716
10872137
2490346
12451656
7135826
-1359338
36863
5908673
7136757
10320219
6701077
3351511
5684774
10498036
5093739
-441553
3482787
-1986161
3322991
-197002
5101969
11126570
10803783
8816023
11453086
2289973
9962663
12544004
6075393
11492585
760832
28252
1420678
-710719
11858258
1772909
15695504
4385566
3193213
-2654399
7367353
11039594
10683855
-2853735
759134
1160555
1026011
4773847
4902785
4446611
2871640
11573151
2770485
2560359
2921075
12117938
6173280
12546007
-1359950
832260
5583179
-205145
7601177
6608434
3985132
4341251
2478233
9369026
7038438
73701
13993590
8368383
10957823
-99998
8433033
3436956
13607078
6061635
4500649
5831584
5530170
8187802
6159228
5497922
6489924
1095296
13776373
3478144
264975
6534966
-907303
4415357
8262304
3694420
3532251
2032534
824273
3620322
9568842
8088513
5040355
488040
5465494
11597758
-3153440
3619467
6195957
10448285
1620835
-714469
2212699
2593287
12752649
5991695
4024068
-1580296
3401401
7806993
6822302
858070
11692190
-2109367
10417699
-437893
11813308
9242933
-228695
4506517
2335632
-1828117
9383184
5018955
-6904
10496342
7557686
6455265
601461
933513
353385
5116526
7546135
4447315
4208892
5091685
7493020
2599414
-1037811
13126628
5061287
5019262
3838412
-838390
-562460
224860
3059213
-1070362
12162708
4637498
6016641
7671889
2383856
249593
5253977
6742097
8799207
3439240
3702699
13000768
361767
1726149
-1579246
13616580
4875904
1527926
5241551
-195362
2581077
4217336
2327089
1124797
-3519791
-419285
5174849
5098556
11504152
4157312
927207
7090433
5421391
-2614034
7790986
9766951
5529202
2738105
4065809
5857054
2934151
3881689
10471252
4557129
5041243
6757453
4385939
2191050
-1155254
4916186
11279299
3474433
2639052
219034
14728531
8892601
4887427
2483910
6622394
7255266
-635507
11585851
6195780
-8052
-2045573
9723162
2614986
5108853
1011630
2736731
5589321
11568202
3740390
1499057
4933542
-196018
12156327
7670786
1595349
11793825
10767880
4607896
1106946
11404019
4524758
6323038
-3379842
783966
1311405
7561400
4074645
5512352
5033604
4464371
2622264
-1917192
-2070012
10017251
5752381
6287052
9880466
3005286
8004502
8697656
8221303
4015928
2437960
935276
2841465
8768804
9212009
3023909
13479864
7833145
4631527
7216309
547145
2804509
4003396
9685823
1109710
14275642
3947712
5891232
-578831
5525894
6874921
2657895
10870427
2616834
3617246
1178971
1517533
6716134
4680735
7988435
5358607
7526180
10370145
-3944650
4164200
3964122
3209860
3308176
1669256
7004055
481119
11297753
2932252
8342426
4467523
7349240
4577050
7846270
8021088
3594702
7644739
11703258
8513890
3419403
3623127
16365649
10557269
3385541
12460584
10996336
9291128
2397071
5940283
6472544
6401364
2663019
9038844
6357510
1666069
4797246
1790080
4147273
1871899
4983974
14151748
7632956
12832836
14177519
6701999
16278559
3355794
-626291
-1941668
1141359
-2579262
3285348
3698077
6429154
6299445
4192149
9584447
1696805
4714389
681363
926206
1307589
5868210
6216150
5427807
4773148
5117170
8965650
4984520
629560
-2940656
11597850
5032662
4792099
2246138
2271556
-1733608
7755329
3919762
8940671
-1613605
1742143
8392134
5959798
-2538866
2994083
8014257
6459653
-958082
4603774
5516253
2472597
-515178
4762990
822890
1237660
10613360
535066
-112199
1880856
4571719
8374764
32142
1329653
3142324
7632048
7675949
7681427
7013734
7939833
9401485
5040858
2417761
1576762
8900977
9619617
10829531
2448884
9906105
4297262
1356404
6201586
651696
8786569
2509773
10071223
11269112
9303518
2241427
6628868
11566468
10568569
7154449
-1510660
5459811
7021737
-4414488
4576372
6266783
2005745
3619525
14170634
4928402
10701051
10495075
-870512
2914477
5108646
8384817
2886603
414099
12342975
1483876
6287699
6111754
7784010
-608884
14211279
6877570
3042617
7601565
6954756
1840345
5107587
9203892
5084374
4330348
4436426
7956055
8660733
3624262
5926218
9370079
1586906
2711161
3358365
1123243
8112677
4869009
7296288
5399316
-393222
-770774
6632981
7217522
11398734
3766120
3652859
9016428
4204653
1824585
4350185
2298888
6147576
4277405
11160529
4693630
10670834
8609470
4756010
8990513
3818437
2650616
4604477
-1849706
1497934
-3376364
6289303
9833629
9605181
6491769
6932651
6254981
5211611
429654
10332968
3969305
6944308
6915509
4297374
7706134
3796465
4672415
11504200
14270621
-761510
5223998
693268
7644814
2050815
4052395
9568304
2561307
6216259
4935228
5545651
16210718
-2050876
1587440
1507070
4481394
5594578
7953352
6422292
-1727838
3373282
13937726
-1893414
13744487
-1135448
2509075
3117322
11618970
5645910
-4500785
1690104
14943955
2036296
-1873494
15505934
232510
298252
14168017
-2366086
4800579
11471437
9198420
-359989
7879782
9252836
5214039
5651764
5269549
3044570
8316443
731672
5911074
13678801
-1482649
8865427
-1358781
1950272
5284666
-563755
-105506
-2480937
-1387270
-85270
-2991743
10609583
6803022
7332814
2338282
8505116
11666227
6681450
8645792
6425124
10978183
-459796
5263480
6014353
2877621
3910214
1815251
9870094
1625648
-1522053
-2712302
10033452
-950315
6271912
-716221
3193816
-307102
11085801
4950320
2586180
3324166
4184477
7224581
1056642
930512
5200338
7118131
2906534
-2292430
4985856
-319930
674456
15293342
2931444
793877
304053
-603025
8361934
7215002
4145099
7507547
3278336
7993604
-1878902
14169183
93628
4950917
547526
4210448
4823169
88268
11604095
5409167
3106235
6946526
12103087
5703337
5963385
13841856
3070401
8748925
-3032
-1817856
10086409
11830391
-1009991
9748652
845775
6888471
10981319
-5534600
-592462
5905926
11848661
7718887
2394710
360424
5224508
5546497
-1593428
2110222
3849206
892246
7266044
8371566
11287478
4241475
7841333
4054393
-97857
3684914
2697590
10400460
16254721
1252212
12783707
-2342632
7535124
4727318
5555181
-639675
57259
-176407
3979915
357355
1734682
5598233
2180403
9751044
11930752
2193735
6854116
-951364
-1034570
1960238
2463469
7390088
295901
8201711
2686666
-413535
4025245
-4209559
5423828
12992159
1776524
5607653
5007412
4904934
6859878
4903749
3867042
4689538
9740905
2737868
5858396
4601985
12191423
4664553
7782423
9745066
2471876
808618
2194495
7168467
5220157
11018796
5179227
8855923
3859944
-1230171
-3396520
10188527
-456472
2396658
1209924
7011614
-1345779
8976643
-80906
8479945
2909543
6866186
11501390
2061190
2320867
11318089
12147391
6171449
1568196
5782566
2176722
7612986
11057135
2412813
7166082
-2626914
-2659903
7354471
8473695
3221698
5277882
2310864
1236534
7935994
525911
9767425
2285022
-3773619
4515155
8226679
3640666
6858669
9441227
-2861039
-2305041
3450488
212163
3057835
9028817
4553229
7581878
13125113
626240
3624424
2239404
-81957
2422911
12980311
655369
416493
9815674
2003040
-23849
6876521
8727441
3335019
-1153301
2800847
3379658
952801
10815874
5917373
6150277
-629573
2618068
5173529
7366431
3234955
9899365
9053724
2122898
-1493797
652574
12336967
3137897
5464155
-795932
3669737
2975219
4779600
-306290
5199602
8649950
1616216
4898490
1430077
-1023068
9893079
11017043
-1382605
2336956
7065299
4698185
10770506
-1089313
3505887
3772428
-1473642
8379162
1708106
14984081
6252379
4983408
-1611200
10474378
3223203
3420776
6359362
2565288
15795890
11040599
6730758
5056752
12268359
6638024
792463
3283360
6748491
2751289
1684410
3765870
-8043
9336748
5408065
10776848
6298582
12321229
-114306
4355355
5594716
2506881
7952057
4648428
7004298
-2946041
1360860
3358176
7697916
-2453628
9441211
1589821
8765804
9285482
-1524151
2288705
8042647
-1649508
4445594
6426963
257602
11689913
-374724
-2618001
12499459
6574187
2181734
4097139
1212552
6291064
3188921
11592334
7904933
11510727
-2356130
3118634
976888
4665075
8243229
-3712534
8318349
6604057
8489383
2369899
4361978
-3284184
1034529
-1151855
15458
-818995
1668827
7116791
2195371
5918458
-1214845
5292684
13735580
-1637683
13534172
4145585
-1106852
5625668
4408216
2018748
8721196
8018775
4953452
3814502
6165912
12559262
9874042
11582323
66204
-26598
8709123
2820305
4534733
6801782
814539
2350420
-3647416
15099978
4036773
9368076
-448290
26046
7249012
2647749
-1874312
5870294
499325
4461774
11979096
5840600
3894494
-1850018
1831704
11084233
2645691
6170148
6611484
13384483
5351669
4164327
6019075
3965348
-1216497
5670451
2482834
12016988
-3026787
4935596
2882845
7152142
4234821
5032294
2227829
9412410
704117
1377568
5002054
-1014318
-311083
-739908
3250300
5560617
5974721
3569421
12330237
551520
4921599
8146308
8071097
8670253
11693673
6326479
1352848
1718463
8916748
13863565
-1621960
13970344
2283566
10902911
9654035
1080897
11809994
1387046
-2040056
9088182
11504125
10042922
1093058
6708842
3527028
4446801
3814027
3840100
2773485
7311356
-315212
8269988
3616866
3706231
-781360
8904999
475680
10466758
250605
1453403
-4173040
-721072
2873434
4099391
7967323
-4463811
6216285
-43349
6688904
1156445
12291177
5249006
13895748
2376593
-2904254
1089365
10411898
4207567
73247
11049708
7129716
3655172
4590123
8624999
3492527
7914711
6034116
4908096
10306450
7831791
-1564909
5362337
2601171
8598464
6295870
8780005
8150060
5832432
7216969
3452863
2283110
10300300
455424
3861257
7929237
5237606
6746976
6739060
9012649
4429370
9081905
3301438
8069850
13082895
6233221
11217311
3318093
1122246
5402807
1086435
11543781
10045646
11313859
4089294
6154637
7497078
-679077
-1156611
4032058
10334682
7232507
3659289
-2035340
394189
3175854
5218693
11524718
4802271
2667719
877889
11012861
381365
-820884
7445573
3693492
-674591
3445260
4893153
9618708
-1629176
4347900
169597
5688835
-26948
12421376
15348549
-690140
3909714
6008279
8631386
3087965
14423976
2478971
5147370
5547361
-4050105
10550844
13750513
14452968
12665754
3440635
13260273
7147679
1371578
3169297
2819980
6694760
5359765
1959660
291051
-589772
5638631
4115713
45739
8027811
-987927
7229573
-1469816
11526242
606749
7298985
2213191
6032566
-4996851
1033677
3911985
1562937
731866
4007440
-236653
2846818
3148284
4275019
4108735
-2680254
1233316
11187422
9924331
2953263
7486218
-651808
7073698
4164313
1554806
6384318
8505228
-3376019
8930893
824596
-3312281
4758424
2800640
-262110
1810315
9443360
2673391
832198
328683
10408760
10048549
2984156
9593794
533482
42184
3333303
7152130
11663104
3742017
7809637
2401134
-158694
7767677
3031714
9860989
9277222
3653567
1568440
1033134
11563133
1679989
2571813
2710989
6275736
8387791
2859492
3414520
-419779
11908490
9371817
6306118
812317
-770157
1406029
-176449
3716634
-3972836
9995478
-684575
5150935
12257494
-1371127
7425499
374877
3057068
-2592335
9834478
10728571
-745264
-937513
8157222
3146321
9409596
2177422
4079646
1093822
8324380
5491192
1496896
-1534798
3493501
7840979
4611705
5829050
8245446
7638511
6332172
8177121
-2791707
4161300
394002
1825993
5486485
4591148
1432686
8987937
10547271
12288005
6434305
1452716
1548040
10716684
5232966
-441866
3909588
8526083
10111522
11899334
6730091
8969779
2882741
2892814
3969557
6434079
10415697
-1354417
12359908
9167396
1582399
6620809
9373631
8940570
7373798
5205173
4880944
4774059
-51404
9667530
12347981
3935924
187910
-668650
1753712
-423551
-2039118
4877761
3115288
8823065
14727490
13340312
7236594
5802869
5256990
10793138
4338345
-1560733
10191821
338426
6126474
5793375
6595684
8030258
4539201
6106759
-1816808
8532107
8644120
4229424
2008613
12301238
7933556
34713
9243475
4666326
-774735
7975805
3603262
7737189
2664464
9149905
5793699
11143828
-325976
9107756
14053912
5660891
12974632
-2536514
6344944
3046247
512998
-1346344
9110016
7886165
5295280
4285438
2263040
9406930
9153728
1150382
6698307
10260762
3505177
4209298
1095750
3742515
1682844
16245735
8640120
5400085
3756009
9052298
6432900
304333
3355744
2142781
2647046
3100142
6422461
11132539
6666616
9033618
-1923476
5386325
4433011
-708838
5953464
8009550
1580513
-118012
5290292
3035082
1892713
4426107
6711036
-255424
3632968
3214302
2851059
9835910
-1508685
2870247
5214009
1849306
-1247679
12045777
635761
5426030
4598175
4249166
698612
4270263
10471405
7525574
10298618
2620742
7439052
-2385197
3588817
5631409
-280
8282767
3376912
642441
2013353
3070133
2593186
2057030
3922747
9935748
12803386
6058288
1201882
526068
7924798
812606
7271418
4944279
14519255
3496133
4411912
756277
8969630
8428081
41182
-1728039
4161609
900693
-353563
114315
10735929
9398438
6242280
1497687
10287464
1024955
141095
2405656
6634016
3329745
288308
11418222
80038
4685093
6090613
499823
-191354
6116344
1306274
5880861
364995
1952164
1605845
7016665
5869750
1018133
362018
5550272
3160430
7028027
5471325
2132856
7319920
5854853
197822
-38967
5098789
-1200056
8612012
14679060
6432701
2513911
7156882
-4528538
1178599
8237163
8715414
6730731
8839910
6041842
15840612
989366
-3309828
12778488
7073752
7709220
15911395
8943788
3628451
-1487240
2070219
2819289
7505372
6207596
3116329
6117701
3931780
9014341
7202642
6622584
1613404
11107011
8411930
-1428311
5899700
10855125
-1784432
-965779
4433940
7609803
1652937
12667105
5264148
7479091
8647109
3177326
11754359
-1357722
7959385
-2037180
1710972
3773900
1835278
2586871
4927408
11709022
131028
5205269
4916616
7576397
4473546
6161411
10605038
993568
8082886
219748
7792770
11497612
-1422422
-2133218
3037794
8076739
10730117
2759355
9467846
11702346
7534229
11961323
2333311
3297557
1687755
8052390
6366206
2142542
5885132
-4976243
1845024
5388711
6528098
8623082
8560530
-966089
-352924
4302722
3874141
3854933
706040
-66959
10926257
-806156
8906999
9461935
1844661
7706863
10893831
7110519
8110154
1927326
5255112
3302442
-833958
6553079
2450341
4763554
13072589
9864269
3920415
8310763
5025402
-1374965
4111804
4017984
5264778
5020272
12242910
9805007
9895506
7165841
2712042
6563451
3473971
10405432
1633334
2877946
3309056
4899538
3463693
5453563
7992558
11093025
9208212
2188880
6974381
-2711007
12642524
7244378
3192303
7911887
7801923
3338848
6934144
5875971
3861164
5046183
6181122
-670332
3801708
10405964
-1894466
1891260
1109651
4890127
11951915
-923422
7253088
7908215
1270504
-55385
2323219
2517405
-1887727
2506003
595914
4905526
7728802
11877692
2932541
14636115
-727656
4998225
1554330
2906698
10899115
1498086
4522108
9553771
8879627
6844780
9127078
1601001
-3111829
-490770
6052628
-1010074
102024
13386968
295729
1570008
6036773
506600
10398434
13438930
2901159
2546421
2993027
3086430
7916558
-105053
4927461
8165948
8065827
-3315725
6375191
5666501
5824976
9789145
-1393561
3806114
-2062202
6963493
11062161
2475462
4034551
3725112
5793941
4131092
7543340
12101070
5978563
-872402
-4206606
1838724
2582647
10510148
2890401
11358447
2828951
2286271
-3523348
499766
1548811
9588511
-3125106
11668766
12379318
4502143
9548212
3772512
11281004
7869482
-744720
14638336
6981090
6555431
7610689
5447536
10069852
-1941181
1130748
7158244
13247729
-1552773
11105931
11517236
8316287
1502139
10368608
497144
8169047
8275084
2221568
1904874
6986274
36126
9450326
3092183
4855460
7734633
-1005987
7519319
4568354
4359057
526548
9756400
2095219
4760514
9374218
6154149
1303439
8263763
3908999
4750309
-1605567
2429903
12738573
12898072
2545524
5182927
3655299
4350826
4407371
1921539
9226016
7470273
6176698
5787174
656295
8155580
12349176
176899
202214
7826319
6329653
1552432
-867004
3097317
2407362
6065681
9240626
-230604
697126
13544395
6222280
2648686
-1024945
8638169
3788218
5876270
3420675
5313090
-776783
2244855
-1143064
14406594
4764056
12180502
-1844061
-1668041
-337461
6484074
3975353
5406019
5285370
5166659
5471002
1297900
6135502
-356601
11292280
6799861
12077316
-160597
6608405
4879679
3409142
3196374
6862503
5403775
10696160
8451468
-2264535
2089593
5240460
12224533
2709864
1711964
5759039
5428174
11800665
1676925
10453584
7354106
4893873
4400075
10708661
2008366
-1117648
7254753
10672410
634575
1996145
4785357
-3053558
11004412
-1130616
6890681
11429270
-82000
-1331527
-1824759
6457804
1393954
7838176
6515295
8237650
7015366
7972710
5467767
1597999
692425
1109622
5148277
-553845
11127495
10300009
9058093
-177617
13982725
1187781
5230309
4185682
4058470
2063909
1906119
5068514
1078267
8033813
2195514
953428
6519806
6208008
8637000
13700806
2256988
6308731
16425916
8460946
-4380990
1046319
7387088
-1834565
7050080
9048753
9638479
8515524
4877654
175705
1875424
13698168
12701702
10663476
730038
-2140803
447299
5670167
3457686
11003308
9147030
5241471
1731104
14994382
4741214
6752261
2740137
7142420
1459238
2796801
2193403
-2488132
8607861
8756296
3395824
-3438555
1357708
6895155
4622197
9125312
1181911
-2512202
2960170
80664
-1569813
8921547
15007481
2507317
5188109
11010835
9567843
5742446
-1438081
-4616376
7623007
2623838
-1645961
5584333
3790633
4889134
7216519
4861889
2424163
1959514
2226903
4304443
-761628
2577424
2781125
8639923
5309871
11152502
11060279
3731612
3622935
8334561
9137564
3372345
11515211
8528119
9022790
10894597
1855988
8040052
5822876
193289
5099601
5348547
654204
4012368
9782967
-2274898
2657784
10392122
8447909
-1708605
267715
430207
8966754
11791364
7825945
4859615
6112411
-542356
368585
1131405
-1631929
1599595
13653138
1784430
9344534
2070148
1804450
5725220
1091778
12688705
9051168
4195994
9190203
6710555
9463652
13836988
11274047
-1306584
5468516
2232485
983947
8936221
4468729
1538190
3763251
7198889
5806197
2980687
13284491
-1429865
6940203
2308966
-2671941
626992
398773
8619504
5574861
5102512
2759248
8423116
2849670
1750151
10993531
4940361
5407510
8944532
-2129778
3880778
3958089
773267
649218
2032767
4234262
4467088
5810534
3518280
2293639
6989271
5150930
-570669
5089577
-1329651
7860980
7264992
-305330
245748
5089979
2639449
1613718
-1597654
2732704
3081215
5666130
8041492
-3294239
4210686
10757408
2806693
8688511
2663079
4069520
6075181
12366669
3026060
-1018142
5555234
-69545
3283871
-560963
7269629
6375721
-535860
424462
8298851
1179395
-200797
760160
270422
3780800
5970856
5157129
2053254
4842577
4877297
2925135
337642
6350506
9035730
4862117
8327445
5751827
3334547
-3294579
-835509
3158950
4596449
-1550097
12842530
12900677
4575411
7114956
138494
-26808
10040334
5381391
-361100
1979725
-1080378
7188493
-102051
11400752
9904743
-332001
544392
-966824
2657913
6478561
-1803368
8123099
-433399
-1406725
-2401867
2291305
3770499
5853846
5975010
4247117
3321425
1729029
12259692
5139505
-1602342
4837720
-930680
3634787
-4889759
4514930
1025237
9413018
-432499
7288226
-2425766
1456714
6896972
2129138
5455210
4947679
10743852
5400091
2870
4010255
1413167
10636893
8991837
6194599
13117951
1788142
-1968057
843510
13995276
4140817
-1431469
4880159
7212751
-1161
1531532
1301420
15403822
5304251
3336477
3683270
3500464
388689
6258887
1754281
10839317
4125300
6532600
10393342
3891646
1440719
6177022
13470380
5920901
-1304371
5348580
6999118
-595633
3319036
1932578
1238705
9896892
5997057
1286596
993669
4017550
-1305389
4513294
6038750
8663827
5106293
5816537
4365270
1375833
7110373
2691158
2163381
12325848
-2572605
12624985
-652432
666464
9628035
6124635
5562039
4819303
14472118
3320834
6205064
9532246
10785523
4374327
1353981
-2131403
1133832
3827062
-103120
7350466
-954272
2866051
6239088
1510310
7227519
10238002
8992457
730405
7293734
4205605
9495418
3877668
5524489
2342359
11037224
4725572
3920338
2234691
3874394
2935293
7673701
3376912
6581587
-735461
-456848
922287
66948
-1408851
4678340
6257652
3156997
1305638
5242542
16303016
4120701
10836603
2013345
9840692
5736726
4630713
585602
-496069
3386650
4256683
2383383
9238911
640260
5277084
5793696
3833888
13358293
6368541
-2408827
-2357263
9185243
133941
6276229
8011117
3608314
3572375
11023456
8176791
5562360
4109016
2600468
3968832
11276941
8657564
10180549
3434855
12554730
-1531690
-369649
-1937337
4110161
6648312
3368223
-1134001
-674671
7697376
5499822
7669648
8534332
3370517
5349889
1708328
4380060
867940
-243707
3728231
-1451173
6145637
3539546
2847260
3163658
2017316
6435951
7083727
465390
6500303
2543813
3798461
4367123
-2070817
11724653
4102719
6320723
12699141
1264717
4843130
7008067
3740478
1603564
7276337
2387254
15753739
12122020
5078469
4281817
2734022
-77742
8926952
4282365
3966132
4578745
-3312991
2378815
83274
7640281
5413435
-1686879
3094098
6350922
11371642
8095699
6586984
-1640011
11007708
96575
3393139
6183286
3579168
721029
892667
2241610
1045072
8297210
10746131
3029596
4220393
-2321404
3163532
1138841
9661955
1270955
5836655
-592084
11123879
7366737
8124739
-77316
10586979
4854096
5095
4959696
-3440235
4527358
8731302
8042334
-1426517
5406923
12496354
14306645
-368550
8811554
6938038
2807058
15623266
1999636
9677529
3047439
6157620
7036849
13274373
-2360171
250316
4179820
12927715
-4160603
2967938
3708807
3879032
-117425
1867827
2037801
2698995
8082502
4336410
1196035
1061419
5174151
-1015684
5624736
2861491
3891271
1530149
12952686
2060221
10118714
15402638
5248783
3989003
5370045
281901
4253266
7558890
7736493
988020
9963320
3457724
-2477887
-22007
11984750
7586207
12237407
4275603
4376282
11580403
9385034
3751848
8769303
12464649
1089382
10193877
10264762
5886392
7465089
2083227
524179
2944841
2617740
12262287
5214111
6307705
1611499
5903218
1030924
1557359
7829387
1453318
7591806
800274
9536703
5228840
7332461
4497761
3566779
-970165
7841040
10754159
9729408
6488778
9375914
-3782413
6247026
8178095
704860
-1398630
-436246
15847847
-676325
3220921
11979524
7666081
-3160977
6415094
2096561
6525957
2105921
3369922
5003738
10419549
3098809
11409585
6185514
6667351
-599878
7038263
-3881213
-1647963
-1193814
5012026
-1131959
6146653
-813090
3765977
3797001
5950966
8541653
3740292
8369901
2249989
7126866
9960268
8210860
-504350
1957767
5756475
1970986
2699693
8237593
14286920
7294703
9770862
6359647
7892571
10387660
7854076
11755146
275956
10250733
8860714
8907390
5151527
-2130657
8413372
13210482
9974123
5015459
8475532
9355553
2081969
2503071
4566513
6965841
3595969
6757843
11338809
2746193
2732286
6440148
13518161
9961218
-16117
5430113
1237297
-2583649
11713549
1507444
-363236
4751194
5848359
13148603
4435965
6256164
-3482734
79684
2520711
2787725
-822592
2920486
3260649
2894894
7924022
5938837
5749901
6197107
-345271
3708394
2852870
7460507
1378221
8010481
5461524
5082933
3892285
9995130
14659462
3054678
5762920
2491474
3876863
-2426692
10628085
3581977
-66220
9421987
4331765
4589422
8351609
913102
7641098
2757029
5747627
5756971
3053913
4328373
-4626827
5495768
11292729
6274264
7403382
11466640
7788550
-389076
5874680
-1649412
2639189
4765117
-3648799
185395
885113
177530
7785877
-104274
2225955
4023562
10835396
-293067
8008936
4370744
8612757
13412484
3195618
12534876
2154032
1299965
-1103102
1351771
4436457
-978121
-2216086
2130886
2586492
1690197
3097336
13356976
3684996
6479950
2325319
3276076
-3187759
10577969
-998027
2228741
12548082
7569719
9112052
8092046
2071453
7041096
2637769
10840729
4296322
8114609
5265642
5870164
15540717
5413916
5666945
7535167
6438277
9093870
11502294
3819185
11548909
7302683
1761797
4891506
9818058
1619136
5598307
4586040
5012348
13374620
4384280
-1435816
2885752
5807152
-488364
13250125
9686770
7833878
-1279898
10661273
3174383
5715988
2196941
9088601
5751795
5977515
11406936
162246
640553
7541776
9731865
4342374
7630833
-1514005
5296530
2364919
-1644268
9441118
739061
5212896
2552911
6124335
5598881
-2617335
-997488
2824015
7792329
3044707
6190277
-1510033
187001
4020513
5040761
5298245
4673942
5879143
-163011
8192020
319718
2451403
8294087
-1937247
-950113
6351873
181728
3582945
9605725
1925774
4107402
685677
3522132
2823285
-1216458
4039633
69776
10250499
3818300
6811071
-266090
-794032
13001839
7343524
2266723
9563862
879398
7606859
2518423
6604910
585175
6806681
5680428
5163898
8077491
116708
4230170
5290551
981622
8096439
2089255
12407106
246318
4539249
4177326
4127452
8006433
10825869
1389408
4666294
11116701
4255189
4440221
4720686
2218807
8017465
6549645
5731023
-755567
7543733
1826111
3978637
5571862
11575976
1424830
9251726
-2548829
6707438
9012919
2615586
3257226
6588080
7119161
6179942
4412403
15762375
6837686
3279296
2188698
7777670
1546262
3028691
6396434
3988487
13922889
2712189
9221634
8987322
4561349
1004596
-1640292
8033263
2704219
6559066
6894103
1958153
11253772
-164648
5067551
4050061
5398818
5830083
-614616
14209669
2785788
3136712
7415472
3262596
8091515
4350685
1334903
4985643
10363882
-3247060
2121143
8762992
5573484
637772
1667072
3841308
10605412
15048700
4740235
7028454
10468416
2984582
-1043564
-202947
9278250
2659356
-2015096
3557669
-591414
266213
8465324
11807794
1290352
6054566
5603140
6090205
12249975
6396170
8664835
5914707
7249203
3880341
13526440
5864129
8427054
-1481519
7219872
11040848
11436826
9805618
3616669
439693
4517691
-1629919
2362448
5153426
257081
3935934
13707046
12111760
3357729
871431
3431505
10151762
-1123345
-2104512
564348
-871974
5840039
10808563
9972428
5590975
10724171
9769961
14234966
3970102
9328585
-5100
6236017
4680303
4559505
-497723
-188652
-939453
543502
9258460
12170468
7977477
2401592
6003261
9116000
2840689
1978711
4566978
11884627
2736645
10024831
11267497
10335168
9218426
9390917
-1201936
-3100643
-354529
4118119
5283707
177375
4546493
12182773
2125595
12328519
8187524
1186915
2953807
2107480
2358971
1915081
3205381
3788615
6407000
4902721
11286504
12605258
4424105
982671
-232135
12365250
2296017
1044170
9408955
-1796934
4042756
7523405
2268386
4905129
10140739
5527446
8661414
653588
13682290
3901338
-2747879
4967216
4961559
9319097
2875416
11994067
7839683
4129851
9928436
13275614
2399272
6271748
1213506
-1400092
7684368
4614989
1986035
3384110
1220669
7248429
-410390
6601785
1303799
-2331209
8882882
318204
6099574
7335961
1957397
6163827
3583222
1035209
-113729
11317824
13913533
5614245
7593366
8003069
3355286
3379264
9261605
2034909
6697983
-2211425
9765037
2139772
5972009
6095609
11275457
1630160
8382928
-1149938
2396299
9052094
10740283
-3877000
2219876
8108631
1730954
7114856
4917343
6733630
10219098
13990576
1437174
8866970
11861377
3232967
1394491
-2156429
2398283
6619278
6025284
3703778
4416119
-750366
201817
2250699
3014148
1077539
-525599
7664096
1187442
9954850
1436267
2308462
6123364
14530174
-1134797
-3243630
1370803
4256938
11596340
2243689
6964532
7025791
7673670
1466821
4611334
6731819
-1978187
5373487
6965668
10791387
3242598
11905371
5111165
7449030
293253
8260535
14638237
-1472843
9768638
7692913
-2863208
7647301
10264640
8930464
4121082
193498
10863703
6497510
6002168
-1078875
90517
13631413
369036
14537300
3800572
4935259
7027504
4293274
11688221
2519508
7883856
4125624
243418
-1362622
10763554
5436999
1123505
-1261743
-1383368
10250611
10731650
3071703
2420956
576871
1493554
-2590974
4287384
6680692
4228685
4822842
6765344
-390232
1077011
1455493
10465650
8561464
4235648
11420969
1178799
6899358
-4809175
-220096
6863426
1002625
5576797
-4694093
6855205
-512804
15901184
4839867
5050396
8253152
312017
1289757
3128417
-2610193
14548620
6203978
-1971670
3133713
8791431
2746688
915212
4587855
-89473
-2516149
3953926
2565512
10024172
6044522
2692771
800371
61841
1369218
8245429
4230330
3607772
3027865
6274103
1320019
3832037
-328839
3063482
1041543
7700499
7684795
5889892
4239941
7592487
4014933
2842058
5103949
9617605
14569749
8572967
4892896
7313581
6684068
7149690
5345518
3483403
3966644
8898535
6097336
15015616
11931481
7117070
12986398
13582914
10838336
9536065
5446753
10633894
5898227
1571699
4581144
9469118
3662757
4685392
3888919
5828383
-1864404
1758814
4271425
13370868
6793236
6018666
4081572
1338202
8488029
1132657
4716878
2985882
5322770
5342964
3593948
14178477
5850554
5546810
8032532
7897756
5893999
17130
11393488
700897
1827846
2937844
-1837050
5098882
4698144
2784951
154998
-1097135
-135371
11864970
7056075
8841986
4803191
4147457
11944226
5342119
13812833
6772677
3724224
2090883
7879006
6108078
4819891
11409501
8666644
4959754
-191571
1156735
10627848
33937
90619
11638790
3898041
6169559
-1539845
7708618
-213683
7910135
6566612
2069416
956390
-2547859
4429425
6576411
11320449
7953440
11947636
13253469
5468037
3305173
4609317
-624220
-391985
5741246
15642764
-16080
4089555
6048341
4777061
944794
3038256
-1678444
10856840
10748107
1538249
3448257
12328101
7421189
5308920
-4869169
16644986
6239971
274002
5076163
6284122
-550871
3846285
-309650
-447851
10397827
-2721040
3425029
231601
3901659
7872516
-4235417
6573324
8107381
1689004
6818624
5009266
10715494
3029332
4985674
5019437
1044072
11062367
-608058
4679934
2153569
4096619
14481984
481177
2447074
540607
8243824
4625366
3527504
6574379
5732
5555997
302315
5046270
6111649
5889715
5091374
8751658
7204079
8709598
7880093
-1167573
632013
2566031
-936505
5310627
7156822
3999448
5744270
7000947
2569047
10204262
7431927
7851595
6051760
3296806
7142317
4992997
1224656
6871005
-1268195
5572286
6351018
-220044
16254231
-2614293
1134772
-588065
11682848
1402625
5118182
7701259
4398137
3621999
8335576
5499527
4548161
-2100831
5790987
3168236
10929621
1273666
15204037
4286805
14048456
3244594
-805871
1257994
3023365
4636285
8553622
5372172
7997452
14472532
4902777
9601970
10659649
2938073
5960325
-1074083
3396279
8976084
-2208049
-1510810
869525
4834384
3589108
6223544
6777955
1131120
5244411
9147840
7313001
11675761
2791109
8267517
7764330
6351891
3157635
9758807
10913596
8143706
-2557191
1777933
2273673
687156
968324
3116967
7653000
7941385
1286523
1953522
5162115
10483038
7660048
6152368
4638235
5683747
4527249
5447042
5094396
9567892
7076558
4500019
3600311
343405
2949729
7520179
-2267322
1862295
3136791
-2779250
7265700
4244297
1175312
4199215
10953644
6043500
6511339
7667718
2933636
-387392
1962915
1044362
-2037947
-1966429
9203402
6637578
-3054538
5013255
1890037
2821138
1770311
12913331
388902
1975972
3971475
5910143
-1082406
-500752
7084709
11335741
11624387
7313115
-2482686
889950
-605040
9212052
8904161
2658566
-1101401
5821215
12887081
10449964
7481421
8558825
266456
251243
7414373
4868939
6481807
5599407
-1910730
6989620
8321871
-246966
3244510
2641410
4067645
6732860
-240859
13496838
5348301
9618924
5942105
4625861
7947084
2705686
5291140
-986527
3901945
8207781
53771
2070220
14143699
10506639
7304349
2569764
-1375054
5283132
2465436
3438037
799817
2535170
12265413
6187804
-1597592
4566066
9338807
1344297
1619396
6092050
2591873
7466680
2956417
7774961
8837352
6252387
5371760
-1756104
12819231
13651637
1917303
2456650
5960699
11436409
9627990
10359510
5102918
1581565
2146489
4694371
2625009
5737709
7693449
524032
-2566967
416634
11084164
1224853
6826522
5702418
2852033
11174810
495356
5349754
5552878
10895184
-295152
14681293
9068198
802428
2020995
5069189
8090288
136932
4769281
3496206
2550898
7300850
4397241
4357763
10799708
10116954
-882648
61928
599444
1963777
3537565
6529830
16201553
3460592
-449859
2766358
4035755
258350
13894480
5166144
186476
5877797
-24058
481005
2571431
1793653
4534942
11544265
11153741
644326
-1225220
5708939
5381601
3891851
5700473
9139667
6411712
7549774
-328266
10826481
4674916
5066585
11558541
4133160
7358378
10642645
5106645
6241596
9477648
10386010
-1179012
8395000
2314160
219529
6647778
4794679
7418533
-3358184
5692684
5989508
1848282
-391308
3654751
-1621819
6251266
-1301742
5388173
10909748
6043192
11280036
-817700
5821386
6360710
2943081
9569375
-988653
1076853
7473264
8806992
-5156204
10583504
2591308
4964489
2729817
5160198
6062803
9282720
7333930
9404565
365073
10486459
5623328
3118686
1996746
2646227
8470258
10363626
13266818
7889413
3412326
5985286
-1815081
12145598
9020995
-106441
-22876
5873894
7743712
2606188
878943
2505821
3553370
4020486
4205685
3092499
7544900
-2056084
6256374
1558517
-836280
2367464
9336853
8975399
5305692
4891997
663631
-588006
57883
8323208
12593068
7526193
9180407
238334
6593293
13176155
1453483
10500715
878735
8573906
-2000147
7413669
7326762
9715805
6848722
-535874
12349670
2820536
-4354164
-173498
-2357175
9982303
3226089
-3837369
-1566560
6681160
4416646
4335453
7481209
2918879
2527235
8236659
7295866
2358814
14244608
1619388
2456504
-2352126
4409811
12438275
-228715
4191102
8656629
993845
6640027
8094083
-2596420
3519797
6155598
4646885
2010479
-3169928
6829933
4980467
32760
6145006
9169520
1824031
-2161905
6563438
179846
4121990
-3042716
-2177906
4274412
-1772257
9855348
9593185
3620517
7282487
10749803
-1353121
1013214
5786751
3369210
9458850
218402
5871082
6208313
6534256
2510819
-3687553
8150667
1069889
12600377
5338634
-4843827
6560828
7803584
-2217794
-1537768
12120851
589348
4842597
-1986323
1880452
7117723
9180580
7207674
402666
3408309
5139329
9058096
12667602
4773031
8527884
3689138
2537500
2865058
5116080
2346065
9944118
-2249380
-1631919
3241652
9272249
-362272
-1439305
3388370
-1168841
4085242
13045925
-2684159
3129988
6843747
4123320
28175
7139405
4473775
3936543
6894467
2705735
-486205
1923152
6413134
8722519
12209044
2763193
9962364
-1411742
13600360
-899232
520073
12979686
-430121
304763
9724479
2901077
1813517
2978143
2838844
10605045
832370
-3207208
8360382
3503877
7225851
5134667
-1713779
12431586
3329027
6144047
9870236
2811116
5156249
4470241
3726434
7024895
-2881294
7833847
8403229
6989246
7129148
13716863
8710654
3451835
2904239
6052790
7394564
9129128
3787587
476638
2224149
2315755
6892157
-2052540
8103056
9270248
4410625
-235521
4321765
1160993
-1151924
1755287
2082949
8135457
493354
-633298
2697210
3067852
4625715
10425529
2130138
9939543
3498906
4228594
-181966
7634850
6827163
4928557
8878350
9394092
8598339
5074821
8495601
2007421
6830341
2523726
598061
4862913
2638516
5104837
1418686
14276113
7981711
377893
7574116
-1094808
3188393
1717908
4672623
25646
1726998
663241
4304604
21273
3368022
576938
8943272
5366068
3957606
2050521
8414943
12511895
5742148
9137860
2181696
9724616
4372015
5314577
5197747
3017050
-1141038
-341696
1572097
296104
6653682
4706399
1582931
1443123
7429316
6613652
4020232
2371000
4091341
4234828
5414537
2090040
11391670
7813295
495182
7708124
10255715
7084218
3744070
5337577
3497990
-608272
3470891
7216854
-39579
-193612
127216
12193778
-2901190
2942622
4396320
314036
5941684
11439096
482921
5331779
9354830
10431534
3460171
6256740
5002793
1546897
9512627
6797415
932607
3636352
4416020
3545474
1212347
3352431
3522623
3762328
4316325
4934847
-530849
1384247
8632872
12358803
10389420
-1882369
617871
-150604
13819620
817445
476053
12997749
11207347
2239742
-3085576
12923881
2316938
1950839
3719685
5998862
1718894
5527175
-787539
2085123
2704555
8422610
3203028
4955718
14614985
4353569
-2313611
5919740
1412997
7980370
3013118
-198808
1156686
1759417
5299736
-2435905
5670911
12998700
2138798
-1001550
6796288
7477586
4997602
3022104
2669581
13191683
1371524
5528464
9896570
4210296
2340800
6549612
7376921
3023155
11462955
248369
10381229
4607725
-4714208
10940169
12110061
4748093
8392341
1356322
482374
1078951
7010099
-1343246
7570094
4526537
9878248
14034773
5496759
595490
4263341
10533039
4137796
10185893
3287289
3911998
4594348
8912045
6126349
3182328
14276144
-492880
281817
4378197
3401366
9065419
3062966
2101366
10442960
-353785
3365529
10192359
7891372
7509032
6610739
6111192
1325529
8311894
6307877
3182569
2648455
4752920
9044171
11113944
-3817569
5909058
4235369
1946319
1978340
-3089462
-140182
-159360
6442977
2641839
4598944
2138961
891984
-745980
4097152
-2432392
6973305
-312539
5097115
4027461
5939753
471223
-1193668
4814537
5575892
3972638
10619064
-87153
6299797
-1261574
5901080
1649224
3730958
2647145
6547392
248286
8457408
6757512
-3192932
5213574
-2430058
5424403
10728194
2392189
6465908
2755429
8836672
-1922891
5427378
-1814456
505790
-2645711
2347524
3331865
6763793
9268696
6395645
13052353
9863899
2295090
13869285
4232383
6647874
5539372
4185588
13294799
-252471
5983048
3935782
1299314
101316
10818440
4963046
8584372
1448114
3974571
5481667
2978351
13854041
10677846
10673601
10756491
-3602917
998551
12031036
4328394
4581441
4051540
3408759
-883322
2915098
10752931
6047219
3555958
12934498
5090487
4513181
8930283
3455913
-620245
7840192
898881
11087137
5010632
9869778
5208473
6032962
3734329
2525134
923739
-1302040
122698
26932
3174449
-265270
12449423
6401239
11794509
5810510
5271135
2237037
3152321
4485298
12631721
11386069
3331626
5489837
-1243558
3493291
-1013118
-2984613
8195238
1898555
12875765
198015
4804087
2171224
5870979
-2049347
7187588
-2893141
683674
3301649
6627056
-1298404
-1103927
2082783
5491837
-1048199
1619134
4296365
12099704
2774100
2966450
-770274
12380790
-388143
2599311
7340709
10327294
6687137
6086724
5421527
8513982
-1404814
-3607468
-1435080
4842653
11960797
9994409
-285049
312130
14310877
3088692
5753612
-59469
-481827
-1242848
4414320
8787806
3031699
1680435
-1716995
7451988
9918614
6825910
-1602679
9575602
338302
13792394
-338208
2144063
-602684
5371648
13343321
3524828
620833
4581234
7789610
676235
4232172
6748540
559860
3536856
2750499
2903215
-5238693
6034982
8763819
2648714
5426364
-2064055
-62753
6318343
3530354
-2651850
4715084
-166560
10399522
9846692
6857231
5526394
2935506
1012983
6147538
2559405
7398958
168767
7370134
2839030
6615368
5286182
-2682541
4963858
7423593
5728103
6495722
3553751
4266380
12786781
616206
6277797
7648431
4046852
5401003
3700222
-957089
11076180
1431534
8371772
3953998
-832487
2487959
8079175
14302860
8293325
3725485
8976293
-2042467
9453360
8741923
9656986
446706
4438422
1543056
4856854
3193978
3782087
2969886
11260490
-463806
170062
-119948
-88194
729727
1994787
3477006
4348058
-247111
5987368
-885431
9781631
8368296
2625536
12698382
9177737
3599414
2307793
4487308
1721909
1475326
10303447
12750146
2104007
11271914
2055579
7592085
8185106
-648058
8496057
5058484
7002826
5837251
14785920
8167249
2204987
5760569
7836234
11432071
7147855
1135435
6235890
2319752
4603315
71331
2469953
2041692
-1683500
8525680
7007961
-762834
4699959
1347041
2420997
1741679
10407979
10680550
3354717
4378532
6190845
5706705
5110168
-4541328
5938951
10919389
6072813
1687057
3724800
8511567
4827283
-762465
9700275
10081105
-2648927
4425803
4784691
12820187
4456848
-11994
7773792
3782542
7872348
7545681
-1462674
1796382
1597984
6176234
-53327
12017231
4851958
11787554
68288
9142446
-21689
4202424
1498250
7444489
7390409
5957309
2347706
462686
9390645
9312131
5801270
3669050
5109642
5995191
5742092
13120946
11099571
58220
6189065
-328547
3926843
-2402870
3471018
3564742
12880412
3141312
9295138
13129910
2294662
6104500
4663706
11540203
-41584
2226790
-1544225
1630182
2999001
11092973
7788504
7083372
10754317
5228160
739725
7511926
7811811
1151328
6552175
2027622
4850430
-633874
9327140
1691308
8330745
10059508
2330940
5646150
-2406799
-2123639
3188627
1836581
2813290
7128090
-614045
1923759
-1038285
-504208
-685578
438758
7542737
-615095
868316
2030109
4975148
7669592
1987398
3895509
7615795
1659543
6375138
583751
2557863
5530667
11810687
8551354
-379342
-505575
11222154
1447730
7383258
11888495
3590099
5944913
6873005
12359752
13416718
-471453
3217281
8938809
584299
90602
6291382
13007323
6552962
12526320
3054927
4201477
10984626
-1618945
2257140
3920956
8947750
8708573
4104701
3008463
2852826
63866
1344859
7363501
617111
-1419024
6195042
4320344
5653033
4847639
5315813
9269700
-869472
-2032121
7272402
6750292
3741572
11438134
2611895
10131903
17050461
4518880
4294884
3010143
4398902
767718
6980545
3634965
-939973
8351067
6960306
-202217
95162
8184676
7504140
1900653
-707337
4021000
6489827
6605174
9911632
1264365
-571779
-1092521
1176640
10264078
9484470
3396044
1904081
766226
5952403
-40486
134957
3093489
2896328
5499026
10820869
6395328
-3194813
8764930
261890
13253543
6882521
7501427
-1537237
8459596
190432
15803829
16863
1150452
8395064
8744691
909902
-2061868
10734564
8949293
-1356726
11189667
10853208
68114
8158047
9694649
8368723
1306257
3681811
7266139
2779829
4088660
1720200
133349
6029806
2938043
613215
2528279
12117302
-517986
6405843
2664959
3141550
5230832
3977894
6972797
8856388
6657499
1112783
4124849
8094614
6885103
-408302
5816772
2911500
9144610
3704544
3467768
4613727
93840
928602
2861275
3917396
9408071
-761122
9457786
4337249
6660079
2218853
10677948
5928564
1931808
9054833
4349025
3531675
8498500
7459183
10608707
933730
606053
6332490
3785829
3127593
9491766
8521837
10825984
4342010
2935737
4543090
155979
1938167
8453506
4032510
7845101
6280172
3607326
7838234
4047444
5237460
449462
-445184
3419773
9441877
1928336
2984086
10099184
11373943
3550701
10132874
364063
11858260
8317695
8335293
7258385
13698610
3916451
-1621685
-769141
-3039660
5719831
7114974
-511343
843116
11222750
5286376
954851
9739391
1814915
2472239
-161323
7383991
6867965
6517839
4792130
7019408
5770554
5757084
13494279
2474220
4913737
4830627
3280150
7285694
10933151
5674148
-72580
2800878
3757459
9604198
3135645
6090634
11010888
8533689
-1958733
7257344
3552926
906766
396543
5106495
1179863
2316862
-973892
7259542
13210448
8580929
4717990
-3741167
4735145
3371669
6333918
-2075781
-2770610
10603850
5719335
9435336
1980655
11676022
7065035
8457130
3910143
996027
13628015
5163991
13278742
-4335102
1835376
5701474
1801849
1986892
4795458
-848915
-374754
4967489
1197818
7185941
4987699
11225869
6536886
13719439
11744065
9693491
5036080
4338377
12396125
7184045
1624966
5312096
6555366
-277184
3438222
465030
5034242
3838732
5515113
2488657
-38466
657484
1493843
6695917
-2517987
1918287
907712
2417349
9074073
7795285
7852288
1625761
5448484
6158836
6545476
8448322
3294707
5499632
6474174
6362
9321646
9600214
2092047
757381
3740186
5855305
13525877
12050164
2188527
6144769
2437407
8088889
12374611
7305711
7443485
3831563
7191231
11420578
-2918877
1418206
4929137
-1741872
4545215
10146011
2541199
-4170569
9095100
1837747
7101991
7514465
1508843
9715633
11184843
-3117687
1556905
4740492
3088790
6685580
6419833
2009394
-2078841
4499335
3953912
3939866
8660426
-2329225
8676507
7834313
5386748
4934149
4111446
-1227954
10528353
9198644
4786798
8260103
8606128
3031668
6967308
1889426
-399272
9219357
4610299
13623088
6205939
7941241
11123204
2953045
790125
-1505536
8697429
2687316
3306916
6355031
6124054
-680509
7043054
-39440
630576
9977973
1868998
1719094
1269883
2136984
12559738
1154771
-3303007
11609689
600867
15432220
9377865
7903377
9896545
16269094
10401680
2934485
-271343
6548220
7698249
10916985
4928111
4782159
6080190
2654388
2401796
4266134
4497714
713424
1396793
344180
5574937
1444235
10270850
6213299
3701791
5164243
3098410
6407164
2290583
3474106
-361446
3925293
5544572
4768132
-3771770
2438516
11355847
5020949
-395410
6864753
-1184880
3085105
5393579
6199083
6742265
5013186
2445420
5083569
2710349
13031458
4545292
3795227
2166368
1774215
-1062676
8608934
-2527084
5524480
2840382
6983397
7063480
1740874
5363762
-1593395
3968448
9348234
554893
6073936
12071299
-746183
1796886
-89427
4833070
2899694
7715830
1927293
6453024
6637692
-57490
426989
10174392
5715296
13843062
3996620
4240285
1778031
4923446
9055041
-92627
2464961
4877874
4195920
9303042
2102701
13390
4113126
4269729
6054719
8122294
-1622658
2774819
8347278
-165855
13422178
261167
3817750
3262938
2917306
2658630
11300374
6631255
7909274
1270854
1295018
2521528
8656593
-786191
1648616
10318973
-4471328
8297867
5762229
7647189
7637595
115131
1069215
4331745
6319849
5525583
-1444414
3982384
-99205
5861635
4802616
4568694
10096889
7160669
-11229
1689571
705494
2524623
3452208
3782643
4341940
-2823026
7412513
7320879
-1961955
9476290
2894070
-3762059
-1500256
1996421
1806954
12274156
6047050
7107994
9378005
64617
5022619
13213600
7786305
1091387
3985649
8723591
4431518
2826276
4273402
10915191
-1458955
6026702
15918748
6593034
9084069
6847722
6634859
3791481
13513351
632194
10012434
5518239
3133621
1515750
2364568
5196661
599432
8980240
3000922
3427895
2409248
-2103922
4333285
2397979
-1347516
1506270
-333253
2654623
5654084
4747313
400169
-367188
7431164
1504709
6697497
12184354
1803433
-398470
1573728
6265643
416678
8927680
1758497
11492046
2089927
4131237
8997391
12076004
2415910
4770376
10408951
2722764
6267640
2284793
8095578
2737024
1685563
12927468
3854574
2751005
14368658
8547719
3067552
4910410
12907413
5551322
4178816
4602057
280621
-58673
2546475
4643130
-2539264
10175389
9873342
1804896
9596147
3738561
9838031
1864746
-303461
-770331
2394121
7521952
1568467
5230048
1461865
3975619
2265357
7221502
9094565
6822676
346822
14667377
-113467
4155455
-795211
-186191
789445
4067922
13963114
4705278
5545815
7065662
7099177
-437070
6444546
3880238
14807947
6403798
3751994
-57269
5610871
3672682
9852712
3244033
10525228
5486937
6266316
3681791
5424014
8403516
13788162
1726121
4542611
167508
494400
9421491
4340404
10264002
5420130
4124893
10069292
8788640
4403781
-1111885
881107
3395695
-1376804
-2037046
-57193
1932013
5121055
8735255
4339867
4745699
5830264
13676859
14906335
6921266
-1618097
6239033
345589
4942171
5430714
6508158
9673743
2192596
2480406
6209248
-1773793
5240976
1889110
9794890
10923042
1466632
7159164
9472248
5103307
2421698
11216915
4608445
-161235
3950920
4526824
3184816
1042076
-1194972
7419384
3438749
7501392
13751131
6512818
-983067
-2044702
6503078
-351008
7317689
6777446
7145224
8782072
-1683685
9339903
1024943
-154754
-625080
-30605
3170832
3709186
-2617803
4209941
2774245
3790787
4780652
-1070958
6695055
6298391
1741239
11854809
8081391
808686
6307148
-2132950
11763865
11633394
4056168
13982647
-1040207
2357724
6092474
4331502
9278529
8503162
66467
10031312
11688748
6875205
8013445
4129310
-450422
5278825
1170806
1682376
3784414
9499147
6414769
6972261
-126974
2359823
-1156596
2281076
10648012
-737672
3877796
2510392
2652956
1359338
9633504
3147521
10454641
5077585
6109986
3585312
4654383
1720899
3136525
6917187
3585177
-1388311
7802213
11623969
5826981
9971492
7501530
7464356
784982
-1121235
11251889
9104184
3546436
-1002236
-2490738
4180670
1476176
5577890
6827915
331297
-1031752
2729498
9208529
2852525
6876083
5566173
7906434
5368892
400486
10758949
2263258
4278779
7460946
5100219
6531942
3131625
1774563
1913983
6499698
5394082
692631
10983563
8686245
-3452280
2346320
10448508
4340306
1053227
6069200
3586589
-152113
11416320
-367906
4849462
5140809
-1551080
7248677
14738816
13178694
8799258
1415532
2946287
7503095
4619336
7541109
-1805960
373258
-2963331
11003959
5472635
8811266
-1544460
-73964
5100504
98867
9385112
-2029772
9458492
2389054
14676853
2091724
8289773
12600538
8864289
920404
6878940
-411953
8964790
218574
6250533
-409391
10871720
3201007
8294218
6444158
812109
-1315440
9772463
-673936
11372547
1522356
7767264
2304502
-3084936
-383309
-838106
5499925
4876696
7031419
4478328
90073
9821636
13090586
3965847
-1142868
3605007
174937
2114843
3511097
9563233
3212581
627545
834000
7516460
11794356
2886650
3773243
13566220
-887701
5399637
4629094
10622822
11504147
4202586
7511053
13553419
4845809
4711083
3020049
763809
4631737
6719982
672946
5406718
2963451
6519131
-321645
11321994
8966105
3480080
13265337
4177978
12136628
8670254
3467093
5647759
4847894
5361294
3324714
3190302
6336953
1041140
8497706
6191155
4847247
-1078644
1834927
4442881
8337741
4412429
4339360
15373167
3270552
833900
-504434
4125135
2822755
-488394
7141097
7801485
3003802
1548777
3367506
4727611
12148983
799389
377606
12792124
2114335
2184849
-1108620
7153116
1669342
8225189
5048625
6218625
-858507
3414320
6341009
9590963
-1770901
9316387
2293099
3708432
2105461
7897074
5814152
6657772
6920353
4952833
3365854
7526594
7259119
3737160
2082195
9317947
3079019
3222300
7517678
-975082
9208664
13065051
-1436744
12711064
8223780
10223030
4531436
3851374
4878824
2150578
461456
65396
9008120
9522853
6051541
9732371
12021739
6319450
3057603
6378158
5998110
2708492
1945971
6097567
-1105795
2712388
6652231
2709634
9175326
5590775
2337462
11206904
-689313
5844467
4262858
159299
11695030
9311283
7623440
385173
-410728
659981
4097
11490674
7782192
2646886
839673
-2443001
-154839
40651
3129842
8373354
463473
2923204
7449119
6008175
4781213
1167137
347359
657552
6827092
-538823
7622174
-1051834
2266360
5134911
12210692
2601396
6471093
12561850
10972230
-111981
5440446
6309975
8787527
3058489
9587457
3720473
11475339
12985234
14018868
2187025
5018354
7525722
4903623
-1381815
4422262
13106760
9194598
-3876123
7601111
-1528575
2087814
8313163
4356882
10428675
6328606
3271131
5265965
2157098
4436238
2410617
6124965
4590069
13001155
5371142
7545603
5616399
1420929
2414252
6899945
5172208
5276581
2913030
8865428
6069117
5064919
5098219
9238139
2053858
11671102
3018829
3329413
1243744
6285930
4382385
9507832
648556
4039387
8664149
3863780
-889449
6357825
2970262
4306924
1651668
-382061
6127953
6676892
10804875
7166584
8515896
6006686
1528773
7035321
10594423
12005234
1486695
-899715
1709232
4825948
6854728
3553182
6234247
4496407
1787732
5484833
3296493
6325425
5318721
6444607
-1695594
978692
4524648
6558595
10648847
3687443
14302977
9181683
7839178
-4846817
1296463
5492990
1561967
1385080
4768276
1608206
7605546
9291294
3041548
4717205
1264126
10834023
3528583
8318674
1363667
11546044
3507386
8666078
-1611458
3166047
6024
-5113544
1175023
3389519
8465076
-2104208
5476225
1493332
5894825
10077824
6910125
15144994
-2280149
-1352148
9295507
7638764
7339526
2125392
1526307
4841727
-1685912
8044362
4495474
3197587
3475122
3720383
2363297
4207696
3166751
5143956
7068739
2510919
924430
9026272
5376369
5285232
4163331
7042757
8752712
6007578
4941931
202563
5383978
6464069
3172299
1369225
-3431864
2340061
8493086
3233548
1046012
1917806
1706236
3552306
5556118
-873869
902109
-1502821
5080937
6160836
1507717
2780492
12315582
4543872
2480165
5217590
12887295
8129002
12942975
7324987
8633932
-312040
5548799
1011382
-768941
11398884
8321066
2893721
10850484
9862619
3220193
3684995
6508356
3849994
7386513
6020918
3017592
79846
1036763
-1861437
6980308
8313863
9193580
1625432
4115691
2727271
5394102
1740486
1726798
3975077
4869628
5138596
9635106
6922842
11735753
4591399
11579918
9235674
4828387
2731846
1122794
2503601
7251902
7506768
7148814
8778195
12607440
4461882
12001938
3452900
-2587305
11741522
5486799
7035386
-1759210
-494197
1716197
-1288036
3072900
4579312
6697995
723695
5186848
2142254
-1608099
4718581
6096591
2069006
-1848538
5941440
-1717016
13502588
11233106
8139275
4805046
8756572
3602263
12213076
5680829
691521
4765880
869901
4923043
3255906
-509495
2455962
3963668
9165746
3600433
6994440
6963899
5279742
12441634
5765965
9087910
9645517
2147787
3985240
3508606
3039509
2958872
4931209
4131357
1620713
5848857
8235830
3657043
7106145
7783493
-879767
8174057
-4056215
3888977
6088844
5824972
8299176
-772438
5463559
3796282
10361485
550443
5368127
6492303
6698909
7731265
3410437
575213
2810216
9976663
14766789
2577616
511792
5591019
3620832
-112919
4422477
5050929
110769
6707267
12759280
3672226
2732654
5421165
11347629
5757938
6437338
3044135
2346902
1360576
12680872
3614893
8278519
12494272
4165438
8415557
6221043
-1265050
13448514
4512044
1139956
10290187
4227804
3003451
4146173
10948466
4403877
3815036
-1794196
10343713
13212842
8762367
6675485
2726138
5770863
8904009
2417953
4607784
6791076
6587586
123118
7106775
10247734
7730395
9237871
7239695
2792700
10139697
1235280
10274953
1993528
4125245
1368247
-1216070
3696623
3270425
5518884
-203738
8517857
11483768
2898790
4342239
5490456
4658549
-2914125
8529599
6101920
9540469
9722590
6876536
3382391
-699815
7333638
10998002
8005862
5561204
5787707
5653225
6872007
7157774
6533596
9529558
5785649
3221199
-3090543
7957380
5123564
10776774
4687925
3914421
4902468
3109199
4273127
4494302
3675885
-335589
4235750
5879047
13213997
13318258
7337674
3397955
852694
4203329
8422116
7409291
-1842308
4766223
10669253
-466530
1236131
6069194
5135841
4189803
7057698
306100
12307463
1717455
5818717
842023
4997360
8576803
3357244
5298333
14801992
3621356
3817084
12594077
7745802
8683653
4977687
6604437
1780794
89388
8723381
7446290
410552
7592796
12365137
5406705
7267072
7921497
12554503
-1668856
-531684
3944171
248463
5044629
1729228
10915605
-1230459
411055
219729
4688456
1309830
11631022
3097020
12137311
5371829
6211476
9315421
1044515
663775
-366449
3586960
9560660
2539207
8982843
13548665
10028199
-421031
-837612
10925383
2419977
11817181
7378579
13274697
10507566
8884850
12988981
3627856
4807598
837620
-1077371
1824779
9533607
1727069
3563406
1759536
6608687
2871859
-837272
5864623
3927088
12342109
9880103
1361063
2842384
1873491
3138833
-2470475
5601106
7418124
11577820
7988578
6944998
2531616
13173366
1955231
6649990
9211713
1959557
1240550
6141978
8632189
964308
1738316
-3696420
10519938
7410583
7576596
3873176
22436
-649292
71384
10534564
3064482
5669801
617609
7424073
607132
6791733
45156
4921518
11356719
-1277623
4853483
4930797
2766250
4614744
-415100
2735238
10563628
3102002
2929371
663550
11184677
4901441
4484332
483392
5749473
2743577
-823644
9411795
6489563
6535199
13469274
-522176
6476484
9464597
964328
12416649
3902720
371568
2920890
3262292
3797728
430943
5483454
7897953
2769406
5388046
3311944
2167126
7144594
11657351
8706886
6126838
2413143
-178294
3359365
-344463
896404
7946665
1414185
2287521
12581748
6771479
6134859
5095834
3140693
1202653
3127227
11218140
303560
14250571
12795706
1322453
106514
8470340
12078252
6954391
8495013
6281875
-127824
548135
3974119
11650505
5344294
12755268
12454198
11586928
-2652039
3084639
1625686
2788865
2308520
3815572
3327117
11747684
2542856
10513573
7077744
517566
3467213
3924850
5795040
8041744
6264222
6627916
11605836
-434989
4750065
9142695
-2387374
11363497
924164
3453121
1793409
5576922
10556494
9248630
-1069257
15216920
-951982
3041088
14186486
5155710
-2699579
-3519660
7153100
15446631
8116244
5024336
-260635
1802312
4376796
9230829
7583063
11653138
-1295214
1360456
14757135
4408641
1056528
-1099525
2775186
2114680
12925906
1607809
2153694
601323
5401184
4935304
7842785
789506
5113618
7970447
9497505
1300227
3042777
4298925
5219081
7276318
3673976
9240236
9182436
6541060
-2955371
353919
381381
-682363
8023793
9274206
97446
6791644
269197
2394442
-1928580
-501423
11154410
7030306
1548405
2666613
3735069
-1150972
5428659
12264386
9964850
3105898
1646101
11009588
3358535
3604924
1598230
6270078
12456433
10115578
7003869
1868090
9966711
7855512
6932175
2119733
9419807
9819743
-573937
4672209
6232174
5375233
10857651
8297135
8962551
5180278
11738
4533153
119348
11845294
2291978
4804791
5251056
3422544
6804377
2637343
-1589158
6767522
6111966
2910374
2089618
2556112
2230444
1565328
-3191692
8232720
3991955
2097100
5317659
-172011
-1376079
10823647
6538655
5653170
5067735
7965756
-2080116
66457
-656371
7320901
3616624
5487284
319554
4499659
3139699
10739067
-2978075
6989661
7609741
11112321
5816256
474308
-4315084
5399551
8713778
5038185
9941190
5105089
4262093
3105111
-282565
8667021
10541847
4914616
4889439
11088490
3398394
10253669
4144783
4709358
7223433
7387265
4494944
584681
12717448
4029581
6412207
7384475
-926187
8562716
7712996
5655213
4548436
12621367
10037527
-306676
-2657799
5658864
6824361
2460954
5261976
14971329
2753999
3352587
-455451
2651952
-837094
5204451
3714456
8483376
3083172
4914797
10356691
7030649
2756524
10970728
7509044
4196385
1445165
-1556156
11458833
5545722
4784634
-1294634
-4305366
5641813
3353322
12544008
8612061
12279101
4756010
479313
1478800
5083995
12649129
2833270
8504497
161303
6593677
1823581
1035312
5068567
-876378
6045359
414228
2232175
79996
7066227
10042666
3182043
1404148
1686949
2554948
5318447
3873970
9113000
4739815
3744155
2020257
2073785
6732703
-2157723
6204182
-738424
8791293
7869583
9273328
3695548
4600917
-2287868
4257354
2711057
102047
11173127
5406493
2994194
6059052
5208271
5142203
1430239
540343
11140162
6863269
3490637
5230536
1530207
1802576
1651091
11963451
2364368
6693995
5994093
5245229
8698365
4574399
7613923
3798864
4754300
12804011
4817832
9996497
3478929
10816532
1671487
5222547
-314725
4629723
12030505
3211575
5707570
3751854
9598054
3754204
5230806
6443938
10121457
6453440
7819115
5904627
3084050
1297727
2378292
619354
7672853
7451337
2245204
6303713
5429354
6705459
8873266
-352537
-3277082
8552011
2109004
6888628
8969869
-1611562
865638
-1351540
8323323
4096333
803562
5547565
3550567
3381791
-2446786
3976781
9685020
805610
10713779
128420
5152517
2698661
10353570
13889046
2739452
-608199
3547549
4908699
5204365
6914523
144457
16185847
2563052
6459217
4304090
7881121
9755369
6553183
7330265
-1723213
4136322
9610132
10034043
-136291
13508535
8887450
1430506
2032086
214007
-560860
1922921
5626427
4508055
11432094
2971381
-143102
7834549
11735952
6455674
2957377
2522206
9073270
2346824
2799247
2194801
-3195824
2862279
-1565611
2001330
2807324
5180551
5487301
-747083
5206126
-1937171
14677947
199533
3043150
3515064
10524598
8790662
9285518
1954956
-4711061
4162792
1319798
1927911
11991751
4881530
7354695
10974953
-1122305
-1717047
-1634370
7362742
8450962
-570779
8807069
4544313
6195063
-1124367
-160430
-2327321
-1526554
6295503
6933733
4986543
1230246
13843941
4143794
7105537
3970073
1487695
-1441298
6808168
10425737
16356060
1492281
4192868
6508891
4567686
11016256
-172528
-5238656
9567409
998319
11807090
6303593
8760899
2470225
2975411
3982049
-3005430
5042237
7147423
9587349
3592572
1023239
7666688
10132483
-438239
5047207
10548981
-975421
2221521
-693123
28350
7506375
-2609888
11589011
2829368
12598829
13264945
11217314
416970
5128034
6737094
-2758771
7638614
5945148
8271679
2653628
4561176
4015094
-2516824
7660585
6778131
-708022
670565
9979591
2116070
11448695
2486134
7525266
3404090
6688977
8190246
7942280
10826079
1147985
3045354
9699251
4804826
8264680
9996492
-3754579
2492597
3618189
577192
7137115
4453612
521147
9876301
-33390
-435971
3230806
7082050
2765509
7929366
4070744
7622
3893749
-1227934
3279254
-2548966
2949503
3165843
9772763
9738356
-1885177
4269572
4499839
-2424323
5839036
-1324060
7914355
5646249
4698142
-4270983
6524108
1023830
5397892
4980593
4902301
-868305
-1765949
9336566
6383658
2232843
2145025
5895342
6417787
8873401
8894363
4706261
1434847
-1718609
8819691
13921922
5132370
6790991
3141825
-691931
-585043
1415500
2188553
800697
1969581
12445742
-4454780
-906342
5033400
13381894
-3030095
10575088
12215336
3647824
3473812
7219109
3297041
5986365
5685013
2595173
11478502
5872245
4954083
3803277
7047076
12283979
2655506
-541248
-2796065
10472249
8927923
-30894
-885422
1374818
11065834
4796715
4808682
5327406
2787305
3956389
6320588
-1451009
5028654
448239
6416541
3039811
1429584
10700971
5206416
4081495
-121027
-1938565
3533127
-2260950
1306167
447865
683838
-1692052
8963543
5038512
2382560
8444565
401191
7586706
-3144331
3674738
980721
5260478
6459166
10073082
1960886
9107413
2830813
5474531
9661439
2619039
6078771
2132801
7886701
1106936
-1552188
743609
8382014
10472217
-2250507
-1429771
7224875
3840870
10787344
476489
5595715
8069942
1026198
-1008722
6912082
10988545
5465048
7073585
4578287
3003947
9113976
3025214
7878844
6434821
11403471
6765319
12158752
2818291
2940452
3194310
2783498
5013242
-2928316
9082681
8875640
7489649
9334647
7696873
11402635
389515
5694195
-879111
5691644
7133359
579275
1093779
3877245
5024234
5829387
3899382
-619459
9189836
-1226984
-2097419
5251299
7877113
5953642
8272220
12190079
4033397
11974836
6035739
8520737
-1601421
-267144
13163002
10576610
8763186
273423
2055326
3178826
2847203
8784820
3954492
11474163
2926553
4665068
6649282
-83887
-3069124
3503947
5381950
7987132
7660125
2752763
6923959
11663023
5714637
3201644
5412799
1435891
836723
1202981
-4694745
5791883
1800397
8648821
5766432
5220248
1008649
7249427
1427159
6608814
4646757
5169348
3574106
8020818
1906476
5397099
545144
-1293921
610837
1037758
886938
4239266
2920145
6926359
4401734
-914550
5865387
7662290
11044314
6197676
2552650
-327335
3931675
1699997
1353867
-2348989
6548460
4536203
4089950
2375002
6024104
10597584
11469228
11406466
2172668
4285601
9673850
740059
5267110
4662277
681709
11088868
-1913619
2009511
5662184
1984198
3318257
4292239
4283860
8256861
9883052
5408694
4014811
3672350
3137838
414153
10805233
3386536
13144323
10623156
5843884
1807075
1241300
3282684
92825
7832101
1263575
5331063
912806
10872824
3598607
-1942647
408809
6545849
-1964234
4956684
4610636
10750483
4066107
4203570
10522728
-227350
2685868
221478
1543349
12021548
4572563
8623755
5368559
10341951
5760290
2853542
-249062
766644
7293996
8585792
7048519
6062586
3751657
3970870
2265216
10946710
7257118
5002098
658314
-811472
6461695
4273772
10268281
7544808
3546830
-93102
2498836
2476803
9200110
-1445967
596465
1544298
4002442
6676800
-40558
180474
3749163
9173697
2441437
-3025256
7518425
10371718
4343412
7113074
1660685
6233005
4899339
3404214
8648863
1022715
7484999
3063299
6319761
7859359
10483436
2881058
530561
1939447
-547906
5419789
7691697
5383399
7292703
1524152
6580537
3648744
12326600
4896002
2995207
3127138
1384996
5362593
6904003
6516565
4190615
8957752
6006950
5733829
9181525
6217668
2748261
841721
4355423
3800707
-2563599
-968087
6578510
1202722
11314465
263491
11346404
2633286
8082993
2681631
7509035
2704140
3126465
3387057
13823849
8155889
1894031
3039440
15401346
6032159
5650862
3045259
2957068
8541504
338333
229618
-227772
-1092696
1793237
8516792
792507
-1525016
-2927021
3163639
3375589
1188859
5505399
-1815934
361324
2821538
-900125
2777772
7399550
7232285
10960333
3772049
6173474
6421431
13452501
8902985
7100380
-3227166
12457778
1056372
7221894
7322758
9589982
7707052
201733
4314453
4949090
3837572
9850654
-2018318
-112222
-3722975
5904124
13234533
2341257
7932737
-206
7355733
8316730
136999
4568943
9246303
1068226
2540753
165868
2868091
10956052
-210720
-2538193
666227
9062770
2232600
-629772
492988
5971234
-1055037
8096528
-2210070
10061331
7695675
-172501
6491363
2890407
2424454
-4203491
8410278
1990344
5757816
4805564
7147316
4645474
8588870
3671740
-116956
629687
-230094
5119454
4973097
-868346
4228581
6588643
6853933
3723947
11892941
10830363
-1822086
8185545
14616109
5995794
2927630
5288622
2463424
7332219
7669425
398571
2617759
-2127770
6771600
2605981
12181997
3871886
460597
6267133
4720585
7096766
6323107
-85463
14254105
5229515
3551629
2884293
1494506
6854908
2931960
-1131446
14798720
-2847565
1092672
-974512
3398053
-5271563
7163600
7863665
7400801
7888020
-375739
-184582
10785609
7222032
9898642
777571
6099358
7779729
-639776
7802762
-528714
-665836
5756043
-1749939
1313059
6496988
5411749
4142779
4479908
-2748326
5368026
2258407
11179698
-3994019
13044421
5021396
81779
332462
8925235
9098093
-284273
4052995
-1201123
9045695
2515
340082
600970
3240151
13873501
-1353035
5650677
4115562
768355
4148725
6044166
12728346
3733115
5446003
-2654616
1878713
2869660
2753336
2491029
5754250
1818508
-1489217
4161536
12918835
9919798
1433132
3764493
8732123
2000111
4233261
11997597
3772949
2955209
-3283379
3871886
8883963
11665696
9456610
2680406
17850
3224058
5739937
9505069
2410552
9846164
3914029
2834626
5006731
8696434
2436239
6159556
10770384
518667
3350802
9766640
-1385192
5463459
7681660
-2924207
5897902
11926273
10329255
1805203
8883479
5844784
1786429
1442109
4483134
6071877
-2046431
808356
1544257
9864799
5531402
10633142
12819115
756836
-324093
10241300
-842398
3844295
6869347
7138574
6070733
8226575
8470977
4891939
5792098
5564452
6322691
760977
11657011
320530
8020456
261518
5111615
7101519
1771131
7771094
-2382054
3904166
153175
4771301
4803592
1750563
6111389
9337314
5702733
-554994
7009165
3437053
5933262
233043
6496362
5353252
-263673
11258057
3828522
9004252
-523265
1345271
-2241654
3904859
15049057
5776572
-567026
9562083
2013091
14958391
16670072
-1434512
4808391
1376712
582517
1509639
8002135
2580896
13401738
2323462
7100647
776754
731047
1869224
4900517
9717506
3443878
3414433
3221792
5945767
5291385
13453074
6599985
12289045
1239365
7615844
2266433
8860593
4889074
3852990
7488098
-227724
3615808
7920592
6020302
3655408
10166296
6261980
6463430
992127
-17112
4263324
-612376
5697990
6953834
2428551
1228146
-1001642
7559022
2364145
11154469
7249046
2381227
5497729
2109362
-376164
-1093364
-565354
3181464
8218044
519527
5483960
2822634
1922251
3381414
-227233
2823927
4240866
13092326
-2531907
562405
10444
5081386
3277747
-311895
2479583
7825192
7382464
11283052
-94840
12030112
9030598
10848259
2182475
8381960
3814271
5605863
8605032
9327814
9254728
2335637
-1323347
3248557
-1278744
3284668
7856541
3404203
-632323
7891377
-1402785
5080776
6089926
5003953
6814975
10608160
5154522
5264776
238744
1405721
-2668396
4756480
8863579
1988781
8137906
276224
6638753
6883363
6361182
3117315
2822130
9726265
110740
-1638887
7393590
-993644
115813
14930276
5123098
6440361
-1203283
4630600
7372146
5906893
2150064
5118054
6097757
3146925
3264310
-2309204
-744307
5521167
9320146
1708421
4978861
8927667
743089
9564634
657156
12471267
5573322
7502564
2238636
3585339
2029818
2666460
124211
2618731
-2755840
-1315017
2626948
80331
-3785721
-2383954
3483437
2260243
5270133
11692491
2241002
10963847
-62140
5110707
9686494
4245532
8802652
3264519
9604202
4842553
5481279
12292142
4840949
866539
3156508
10800853
13275698
795963
589224
8338463
2855139
5612072
8778456
8816976
9674147
6644552
6674614
4878151
1176372
9799461
11432100
-2061016
5562237
4160124
5631654
2527111
3082931
9216907
-1206975
2940497
4102588
12258485
8396297
10328060
6676816
7337828
2303691
4145446
6417528
-107510
4153905
3952306
2758736
4200339
7718891
5955850
2591938
-1281915
7291322
2197108
3512996
4329801
15922483
2185018
8885523
3898674
6613419
8654358
-8849
8066147
6175302
4815310
10371476
5700852
9166101
9576894
-794490
5430068
2824323
8918197
3649663
3569567
2439632
-692202
9920169
8357646
6475135
-1837435
3003579
5910612
1971698
2322159
2570279
1570953
8829857
3717502
10677427
6460082
608146
4494398
10496255
5729388
482977
3343797
9820879
5897092
5942808
-391751
1324192
-2473492
6150976
1836344
5337605
134821
9109863
7456134
4857158
6464968
13527521
1260566
11826830
3335360
5988548
6056937
4316090
-2062663
8337866
2439626
7542227
6484155
-2799238
3304349
2380678
8154677
10890655
7919049
-1534926
11532592
771379
3191080
2549324
10609104
5024020
175865
5170603
13381297
7711089
-543652
-1113282
4930486
3973467
4015924
6208582
-1648715
11243422
-2132105
3955060
9651304
1761978
1849432
5218501
7979102
9302693
11144992
6286661
10336746
3313893
233728
245195
8843786
7709617
5124992
8419221
281715
3663510
4268652
-595825
1672146
6350349
11380530
1774843
10046464
5435035
5316111
4093360
4536470
4339523
3824993
5263920
10009793
-520
12667467
12300095
8475872
6766230
6902293
2196618
-2330212
320394
2838957
15190550
2791641
3182814
5785081
3320131
10208095
6063347
1892070
3403058
4963903
359809
9840339
-995209
4444857
9965901
239397
4857211
6506779
295333
2648201
1776925
1713434
4861765
933145
5948589
3654528
4316759
8076497
192767
5401713
-1820484
5338109
4425992
-1494357
2512226
11300383
6579841
256691
8421004
4418135
2001405
1683091
968948
-150282
9045669
-2966354
5847939
3187408
1522597
7114728
-328251
4135840
10617202
9910010
7980393
2387080
10296115
12555443
11424340
6406927
3256871
1406659
9359446
11656220
9304201
6319484
10572944
7001601
10686466
3559779
5026135
2179041
5027415
1584894
889767
13899957
1437717
502195
-173059
2618959
9583651
3485120
8919487
10567197
5981068
8987445
3404820
3296201
8830786
4222770
-1009017
1400788
2718833
-1366919
7806286
-743402
11145753
4428641
1453962
3465794
6336478
3076070
7555536
1387773
9142431
5857529
10087216
-408776
6380118
3422544
978989
5560281
9426972
5596127
-351741
4690057
2884825
4568761
4275194
4133910
5891360
-2039558
5404823
847910
5792586
5609103
-1111263
1653287
8012777
-244216
6008265
2464084
1239023
238380
7564120
4638829
913316
6478769
10988005
4220620
13769450
3680783
9688410
3851599
-674728
2849310
11754322
3745235
11583278
6162392
7461245
829182
531187
1969921
5829291
2538100
316243
14226460
-539529
4914078
8761751
-4164355
4401408
5364248
5297176
797457
12007582
3865614
10221448
2935955
3243170
4391472
5865532
6525179
6183724
416410
13670367
7753016
3030984
951672
-3605131
-1082926
5163993
2837516
7661583
3128891
-1208910
4254118
13085038
6173167
10152979
-76254
1351078
6342177
2287810
7585162
2667071
4506572
7948968
-5623888
10042319
-1673981
5317710
5156405
3904755
813868
403494
8033871
-1428409
4053809
11534637
8626650
-299471
-297706
4470906
548624
10721107
5693632
5087307
3528500
9789019
3563490
9765950
7972902
4872482
3749824
11981814
11538248
4057383
-629908
3615353
-1213530
2879697
9055048
6211164
11369138
12820656
7156691
7967741
938078
4387518
1919059
8173570
6519433
5620423
4535260
3424946
14878744
130745
2223371
7109378
-704087
6290794
3053678
3369108
10443599
8760956
-3050820
-143900
3045042
2757086
3955231
12810648
2133443
-4144320
4472035
-1515632
13407128
-1379827
11239235
11267955
3158329
6097609
6355243
7101195
1010160
14151666
-2333919
-2652293
6110412
9379359
14932761
14107476
-1375573
3619775
5149228
652429
4055756
4420976
-993608
5881950
2287621
6951709
-240093
12961145
-801904
12979425
1468590
6735386
2766309
7261587
4205903
1029215
-1201173
8919651
4768459
3158724
4191889
8712474
504111
338080
3727583
1702400
6394877
2661552
3554177
7493828
-847834
6040593
1735188
1210106
-804429
3293052
4562379
6784252
1008426
8131067
11253938
-1169404
1967099
5864681
5115988
2393021
-1876056
665274
5242470
8643668
5089783
2509898
7510362
4359397
4267292
3315016
8479877
2397599
-841387
-2655257
1295720
4678550
7277509
4853665
-397142
2640874
-1085239
7089920
3214037
5194511
1511514
3584116
12587534
6174601
3130222
5423676
6008807
-498827
14057276
5738335
1549326
9727501
-1495762
2327369
2931432
4422817
8268720
5162898
7580368
6502757
-1916700
10131420
13749533
6041080
-1873870
2105108
12586460
6037256
10746195
6378576
12035704
1813518
5096259
11271062
2748077
748872
-1840898
3208444
154129
92373
899920
7016117
-102422
3698324
9744239
4077217
282987
-1086955
11672604
6870143
6948294
1420492
4944001
13682082
1252464
5563932
773994
-668903
-1165711
4749920
13748107
5254663
2209746
6441435
539345
287933
7455131
7627676
1921045
6995480
6011444
-1249649
5735964
1130080
1556192
-2459151
3895803
-4474151
416904
7816179
-404068
7979689
7410750
3817356
-3050401
3950641
7459201
3812749
10029981
2523057
3629608
2997666
-229028
6238193
819845
4983595
8667387
5981941
10110676
13127240
3885115
11311712
2661242
-330437
7442330
1749197
-3392530
13798096
6356357
4691316
1143314
2780893
11971456
10821771
13616549
8096855
-1062163
351056
3108154
7509032
5119298
-3825902
-404688
7008576
2874400
9717359
755686
3304819
7350572
441587
-2329504
7908308
833675
3194794
8663240
-338808
7720762
8921690
-160708
10819025
6841092
1812562
10961345
159697
3032599
6787850
3575741
6619432
601896
2223036
6170405
4335340
4912039
4304814
3590060
8429463
-433257
1429566
5597347
5881049
6029813
9194845
506715
5454402
-3436367
8573666
255341
11523039
9638637
9522718
7431420
3755909
-592084
-1097863
2701881
5242265
4892593
282047
2686143
11412986
10324522
8175262
10232622
5823468
7235766
-5142923
14406355
3573838
11405023
1700348
1232103
6914104
2047848
7267325
7104829
-3683972
8231933
-3000433
3445850
10724024
5779662
712732
10807099
12550934
-2622335
7918820
2562145
9123363
11151809
-46747
1129479
2284622
6161257
5300129
-222585
12532631
10921918
3836125
8123794
9728617
-406854
7614734
2875226
4659429
84788
7880204
4269599
-603122
5307456
7661962
-997459
7967077
3566000
6084550
2754652
8600641
6384675
5300687
6023755
8120442
6668397
2929263
649460
9673202
3616875
985157
-2327146
-111487
6750940
5270463
4478734
6221392
3525110
13957491
8506784
876722
-1712459
5730536
6758570
7310434
796633
-5206370
-816941
11822545
5957655
1956758
5194503
10837256
13396509
14529251
103754
8270065
1102014
5111028
7291720
3547659
-1034399
3329082
-1672010
4564349
2054285
15469550
2337649
4292994
2149877
-2394939
3321908
373502
4526866
7049035
6342154
9112814
-1194377
1957457
5647184
3096395
8513188
7193769
2249360
-1289600
13166252
1650127
11178422
6980740
8261609
11112603
-2131321
522418
-1976298
1203844
1030518
10484443
9295421
-109685
7095105
9541285
-1810870
5901382
11745952
10520186
7519312
13044855
12890735
3107687
-1826259
6252572
561170
4523693
5396645
-724995
11986399
10229304
1154332
4354840
982143
2099249
6436147
3337198
3947309
5364414
9035331
6843031
2711488
5978148
2786245
-877395
4870192
9275610
6770507
4441154
-869112
11451770
6607957
8511379
5912432
14235015
6088062
7270456
2824135
4982620
6094760
13644084
12948387
-15478
8526536
3489342
7319423
4558350
2570484
4386544
11490849
8107454
4334323
2152609
12622325
-1724166
-1265937
5135698
3800708
2663296
8697150
5429158
5148154
-571447
1202161
2034434
4770006
5146712
-2012515
6160442
-178196
-3105852
1857254
2957060
1147109
5042604
10757272
21324
8181469
8377826
-2614706
-1122100
5111967
14639346
-97823
-64141
5079504
4383611
8429226
788000
6334439
5959036
5351901
315457
10059050
7741409
11146715
5222747
-474761
1673286
2430408
-2932643
5549116
-537566
5750909
7839150
4986755
-310145
5413080
13671493
493972
9883321
8351178
457126
12140875
5932993
7876156
8729483
8771156
7822296
14427535
6090409
-1753092
6189514
11069331
3948475
2445828
2969279
1125015
9326292
4732063
3419133
4843862
3165125
6488892
7189057
-3279160
581485
2136460
7915998
3090523
-508058
4711653
5774005
-1430083
3097531
1006487
12352783
13787682
12385141
1807466
4735338
9140447
2804742
4009081
4424266
-220412
1106809
7349683
6285817
6173310
6926556
316714
4861306
4714985
-1280052
11873845
7143887
7215680
8317373
4886407
10197458
-220366
11465307
5122361
-114030
4522437
2146325
508571
38312
55432
1078317
20111
8415320
4379434
5313842
1317252
9170365
3896735
6848415
8227248
9107019
6081150
-32653
-1636658
5248044
2694822
2378833
-1169887
9216022
6705090
6423351
-612122
8127872
824051
2932456
4945024
4590729
5626201
9425690
3065612
3658872
11289871
12683272
5658293
4865673
14591483
4792047
5241453
3878371
11878712
3150943
12257387
10861570
9407315
2196105
6372048
866852
6896638
5870328
5034810
4097703
1378730
1817347
10922811
1713984
-1420731
747508
2443506
3337642
8878547
8938305
5219519
2115371
1889874
7351095
6363039
8454184
-3469331
5730684
3003420
12148411
3308372
2617866
10879300
7347062
165059
6817663
-2503331
5614335
1211197
11036155
4870550
8733016
2426856
2020307
3717379
-547503
2297182
10823391
10400317
8166751
7004430
11454423
4120651
5354195
231872
5740155
17229579
4035289
825614
-235485
3104818
8497596
3910407
285052
6459613
6117283
1924462
-3412717
2158930
2465504
1584168
5245200
7839672
3407609
8876322
4405526
7939722
-1414596
5513720
11286886
-86155
5994505
1521525
8453558
-987952
1689722
11540291
13710200
2322315
13166612
4026558
-107670
1175939
12433150
10321037
7273811
5447828
1592056
976257
15686140
-2897622
8024954
4842507
12727019
3484606
10473220
6082406
9332762
3329289
577186
8377453
5639664
10223795
13693913
1750826
-3142325
4013319
-2582909
-190401
3040329
571493
8660099
2051176
2798098
8665574
4225132
-2643393
-401800
-539773
5722377
-3913042
1460583
8322526
5813139
8835443
13954375
2498436
12060484
1525958
2035464
6304287
651955
2651975
6067805
5357108
5242026
-283821
9098057
2573616
3341020
1351532
11038997
8002142
-1674957
4759237
4872009
5841390
7338943
3056483
4740548
7524659
3843464
1830528
778791
2431793
8905801
3796088
7168913
12568131
8789131
9262950
561114
13012487
5836055
11612792
-328979
-1980619
4412795
2359436
5401021
1172219
8690213
3123532
5853203
-939494
3890033
3611602
2452722
3074745
6183094
10224218
109235
-1098860
3631935
7044223
4371690
8385939
8085344
2273482
5073025
12933526
-272738
5744734
3187091
-2939409
1823253
13918818
-3117011
14327535
6902380
2905081
-3799818
2547025
15688131
2774666
339565
3940379
2806608
11608703
979009
-1380173
6540415
-3317169
8782627
4244047
10625709
3865257
9283389
6890229
4895808
12484535
7782696
-976746
-2502504
-1980315
4054306
2037542
5494143
-2061871
1714888
3280294
2263569
1460420
4344552
4766391
6688083
996567
7446033
10542394
4306246
3799929
11215294
2504795
5925994
3045734
-1729535
5090226
5660428
6201265
3125576
11021701
2933197
5451870
11260243
-693672
3357975
5408818
12252211
9268928
-293672
-2614803
3254933
-2733114
9853730
3647467
12550137
44397
-2893753
2488310
5553912
-2759408
10825295
7532152
584731
12418168
303403
6557763
14573493
-1114368
9533060
11794115
3983848
6039851
424538
2782344
8013249
203436
6558300
2632404
13120347
9455284
6680452
6678533
-513903
5711824
6179903
9434936
4318266
4219244
417112
663408
2002294
3233910
14312876
9297827
-961512
2922433
164538
-3475017
10930146
12386442
-730011
7233186
4497499
-2779407
5282635
7135602
105317
12514117
7307220
1632176
712763
10100648
1904328
2141846
5404596
2499656
5947892
469099
1057489
4780799
208595
4963697
7614533
4813708
2295633
13439376
-2131666
1243056
-2436231
3334553
6636642
3806936
-654107
7983851
5138168
4343317
7269107
6866235
9829107
4960110
3699483
42251
5338768
1024464
4316263
7113424
2735680
5041891
-463124
2946778
12845486
10919553
4581723
-859639
4691283
3391271
4102994
466893
2984906
9691398
4149055
444779
6418096
5025166
4197967
8019924
1334963
3709994
3934048
4886173
2359045
-852026
10173211
820535
5897333
8760412
9305682
8301170
3327867
2133832
1644016
2950812
5978984
4695361
3174128
5238064
2204583
8551422
2950798
2994417
1864917
10827753
6213591
2448443
-1156577
7690773
-1434290
1057718
3699464
-2700887
7487134
1907167
7124435
5744862
-3182818
13403804
4184808
1835251
2114043
9007103
-513886
5943069
634387
2964090
8294783
8620874
6238199
-41101
6340410
274598
-3324
14787611
7239291
10288087
4799855
10573824
4359293
6403523
-1057418
-144175
3539078
8014514
14982469
2008814
3887734
12471104
6494284
9097608
10180684
2755279
4494424
5976566
12433770
3287128
1711170
7796818
6067621
8812163
4719496
10825851
9414770
9817275
6001141
1192659
13750216
4187918
707008
2588249
3113264
723478
7313284
4601949
1778805
5772052
6170
8484238
12336685
11402398
4744023
-575294
7973101
4197661
6035352
9264184
4909780
8380948
2346714
1972628
14176816
11105937
1591729
5350266
1705831
2331817
1540470
4343315
-2369456
6226569
3287645
12376666
11253041
4378471
1524185
3633459
6843152
199840
7662274
1008852
-2217436
3820533
769530
6926697
6822261
2212875
905223
-109208
6186725
6398965
390808
2135431
3107837
419833
6895465
9229957
7897111
-1947488
12073542
2598762
2538408
1712387
6536734
6312771
7521350
-656396
4198790
-1235884
6445736
500411
-718482
3164806
-1239518
7520064
5487164
287296
686733
8446691
2272461
11625178
2758068
-376617
6754954
2599843
-816515
-789854
12934218
-914297
8106528
7760212
8022938
10003387
-13547
9929556
-511169
-166612
5202762
7662044
6952888
337305
-576539
6015988
5374510
13915511
185445
7859300
3286021
5913492
11088615
4054363
3357451
5112866
5800970
-90873
-1372494
4647402
12527772
11981185
2099044
1010124
1815900
7893101
1379914
464004
3008078
1841820
4458111
6484232
11411587
8723875
906241
6995909
6031919
12315448
761437
5164422
8754117
13152388
11748611
6176508
6556568
3319317
4970878
1579578
9471287
6582211
-257308
12552282
8424901
-2830590
699734
11044434
736753
9129981
-1737763
254724
5396529
-2404955
-681913
2580769
10013669
3746698
2690532
9167452
4378620
898856
4244939
8798741
790239
11252599
11527290
2823962
6452676
10404595
4741340
-732283
7704275
15354703
273222
9724115
4341574
9905698
14122739
8286639
6408223
5063291
6353866
6718777
8489855
10262733
240578
6469750
1221136
369810
4841499
7252429
-1556016
10486160
14316974
-3737011
2456417
3349445
7230746
2236678
2091958
7578330
5888850
5005015
9640492
3803134
9330877
11009030
2908927
10027867
9791983
5303261
6157105
3398648
-2315449
14439454
-529725
12196217
7671283
5369628
5515363
4927362
3183604
162158
12403971
2590315
5971494
6203327
3645725
-941885
10823936
2773663
9633556
1244521
8257405
-417331
-1689616
5922074
11749655
-1100120
-1606474
7369391
3800346
3204951
3045653
12709578
8203377
10099299
10986413
3012407
12534440
4963054
3025831
6572322
-152059
3362375
2398279
6357036
-330483
3378023
4886918
5136959
5847788
9511801
4746467
743546
562901
268141
7273986
6355068
5762002
5385512
1281459
-1369716
12223874
3124596
2160067
7851184
-413234
5271808
8213467
2208473
7219558
3422885
6749340
-4128366
9345540
3963610
9425230
10845976
4466884
-9707
9488234
-226094
2282937
5233541
12302026
8768920
10358684
-1072819
-1360801
14182716
11088261
5617154
4248589
5796846
1765706
332636
-3240332
5169284
5250841
5721483
7219534
1976575
1901956
6840756
6730620
2044953
-1604347
4373957
5297445
7781975
8007901
9225534
99078
-1904745
-56881
9453193
4677711
-811105
613502
5889625
6421616
175943
8660033
-1245725
-1968073
-1512329
1114308
-2254678
2531360
8264108
6998308
2403488
4490692
-2769507
-1642799
8465018
2525489
-35528
5993592
7366528
5569537
9479068
6353539
8237382
4429014
-799057
5730926
1613376
2406784
6539517
2728931
5918136
1879001
2887157
2274324
6176844
8927301
4154992
13132132
5633796
9656884
1746903
-1468758
8753752
9792817
4939908
8603822
8738436
3497387
5853863
7764402
3844078
5904142
13521524
3415362
4671155
3015657
4081276
2549412
3208874
5230279
3105431
3530127
3206072
-1287889
3573529
12509829
4748647
-2225240
954699
-1236786
15868350
3368673
3776210
7117904
-2880998
7320278
4422157
6684531
1493716
6337452
11549396
8775732
5599991
10401092
7637927
2224437
12808208
-1631579
6372257
13004318
5862762
2721746
7276711
12239934
5796563
3376705
9273729
10993341
-1373393
2715868
71943
1119472
4617338
311838
4964900
5730128
-315627
864364
1335142
2376142
288513
11725449
5915934
4615138
5694344
6996447
4785879
814365
6840377
-979429
5054644
12172870
-2413815
657406
5996582
6509692
4747825
13906205
6187802
4314250
530958
7116331
5452146
10438086
5577854
1592023
-1328414
4053914
4836284
-448183
8659370
4732457
4633014
4104729
7385299
6083203
2090336
1774650
4340346
1908065
5820780
792761
12693876
1524568
5070542
8001526
2533510
11291467
2779086
1809411
2373515
8170558
3762844
1691270
9774368
11126818
-4456475
3807268
3473570
1720374
13515709
12086377
7079394
3526801
1095310
3749334
7354634
7554145
354867
-238176
11379703
5818292
5635578
5449320
3914243
3422377
12710457
12187764
11277339
8354836
3201013
8141235
10971140
-736515
10168732
1908840
8668849
8898873
5939918
2823026
6887070
-504347
9884158
6056096
3905872
3048393
6045212
-3431
-1929058
12900252
10770367
260980
5838582
1655095
2738120
5222765
8702148
3914340
-405139
3374695
1489303
3575946
9118931
7345369
3740762
5411564
-299989
6075091
2804026
-999841
4937168
2786805
1878034
6031938
2333781
7183401
1087963
11861777
5699863
851993
11228156
-714572
5961154
4359296
3592035
3467601
2584352
7345170
10062116
-683813
5979886
3337517
7206556
3415639
2552890
-767016
8668440
4658680
9949565
5237399
8904092
-531554
-1482888
-218809
7438379
9348230
-2230514
5297678
5232203
5577429
2510601
2787322
5817220
10945918
777513
4581267
3155012
1891414
8942209
1198823
10137562
4350497
4847426
9872329
2099079
7884506
4966834
7998431
-2503386
11599320
-391394
2960782
3679404
7366496
-718801
7902467
11573555
696152
1332709
2263685
2848714
-1403962
8218344
5706080
4384804
12595833
3969867
339174
3559777
10968479
1797479
1010459
11575056
5429608
5107001
3178662
3699509
10606065
6764518
-2877225
10480989
-753558
3761002
3859642
12999479
-1433700
2931707
2693578
8396815
7362941
11195047
213765
9053502
6136710
3007256
5144194
11514286
7548462
9345727
1317650
9647782
11216013
9463654
7420440
-39745
10398294
-144034
7625718
796004
9306835
5330156
-723503
-248235
82005
8131141
3558484
10953930
7060085
-1986468
2713006
2134181
5694301
4005084
6686148
375872
4999698
4182913
9478888
3133162
4785717
8946559
1884847
7918958
4654388
828189
6297119
5769997
3664383
10163394
1983800
1040144
673348
-2513611
6780717
10402700
2887851
2554541
2673432
5816117
7642992
10423202
6956123
1852170
72920
330714
-1246755
2937330
6633900
11335349
97787
2685257
8121798
11258383
4444376
8024549
2657054
14899026
5434617
755784
288509
6954085
3320321
1790545
1188795
4112880
11167249
12271378
3711099
-368216
2965433
9543973
-655274
2289084
6478290
9462574
9266250
-622249
5257982
7565823
6547129
5968728
7415195
10176622
2956749
13458740
9111735
6881243
7006408
382821
6307858
5348613
-1633079
2502725
-1053409
6246603
4309910
9623614
3579525
7495537
9655408
-781672
11589404
2066538
8123096
6777910
4687122
1762602
8969694
13820314
-1086438
505570
5345907
4067631
6248630
2591826
3647687
2541262
10802959
11824384
3542149
902998
1989738
3689214
2526929
1127774
1917512
973010
6258261
11528937
-1021940
2530299
594223
2240305
13595157
9660922
962029
8820595
4970529
5117773
11518667
10613170
-2689163
-4002160
-1845576
3718859
6259050
-371366
3649747
4535244
1554453
8987700
2471843
-1590663
11460823
2824578
-1994514
14055884
1117045
5655998
8835719
2675948
4273012
5588691
8494388
-427146
6314549
-138687
672485
1368401
1673989
1049704
11408523
8667330
2200133
3651409
4610750
-435620
9624702
825821
9382594
4477137
10237737
2978802
8968516
-1662482
10913914
10147390
1083130
-705195
4924146
-1168070
9032110
10235441
9149848
4823716
2572730
5058115
7154212
8408649
521072
5788152
3879166
4779006
-1084052
5647376
9224732
7477955
6464735
5541808
2322444
8538110
1374620
7256481
2129827
5091724
532917
60852
258646
7648810
4120142
3080583
6411560
1947324
4326072
1623958
5572024
4382843
11926724
9928218
6956084
8106615
5414999
3935395
96715
2333263
-239567
911925
758742
7740097
12380438
6925385
9929171
509493
713006
9444611
5887982
2934254
4235785
5775469
969705
539484
6690157
11011855
5704707
1510963
-1916113
-666401
1910547
1118569
3988466
8984639
-79301
2897276
1812327
3139818
-54748
3968231
3043524
3968594
8750745
10216436
8545208
-492367
10708584
3718885
2781132
1558804
4422004
205372
11008790
2719424
723934
6773495
13365322
3277054
4376681
4965719
1474309
3411581
5022977
-495852
9308947
3784712
2671460
3450853
12755117
3383363
8433811
2662859
14462488
3592943
-3278561
5223627
11325922
3480713
3530263
9218824
10912242
7387285
9260870
5412569
15959940
6120458
2190571
4280160
14676123
-1582112
3469893
5210244
3476046
-2285755
8873067
8538178
-864891
191580
12970201
8486456
8972037
2953574
-922737
4041832
13358875
601409
11075055
2692178
14001437
3516203
4998115
11605004
8327728
4008000
-374607
4875041
3393234
3088059
14330417
4489787
9525032
7729511
7811526
3147564
355236
6613524
9886103
5925604
2375734
8574896
7119656
8376281
12377518
4118363
14369304
11062659
4261976
3914060
4945663
-801867
2973588
7641517
-1280908
-3337365
11275733
7676144
8128494
6709968
14724139
-2527755
7925112
107637
2615859
9825403
3041028
1740658
6477762
-2146304
-282666
1650151
-1534704
9822695
13133661
1521604
6598999
8578220
4827003
3913560
3237728
770931
6767800
11082992
-480244
-366636
1863009
-647271
3563603
4581643
4230701
-234832
1012635
5935203
8566776
-2973446
5200854
10190547
1029988
10913182
2545424
1928144
2142950
12520319
4051497
-294752
4905401
12996615
11154052
4096678
6173079
4609636
11002227
11261257
4873203
9915948
14405687
5271515
7544655
8076332
2246919
2462564
10066825
9930744
8183722
4460654
782162
4437554
4481451
-74270
-154128
7452696
6901916
4868884
4137557
793717
6503332
8695019
2706404
-3422233
8882773
14776014
156413
2095056
170399
2681792
-246954
11329746
-1079588
8720590
15759351
11250100
2136409
956196
3451479
8667068
-1708559
1086691
8641474
5097730
-170323
3916199
-699032
7559748
-3162804
101618
519332
4720321
8175947
3654036
6778309
198361
3287737
1210858
11268160
5150504
8522102
10811011
8358473
8140920
4323490
3206595
2522098
3092525
712106
3695079
11210521
6940163
1573634
5932553
1261015
9057538
1357470
2967069
12563907
6334752
-1163759
7584188
13161082
4850350
4217328
10278202
8634312
5447964
6301503
2698258
5543504
4556854
6863712
-1560008
-4024132
-2016588
8823591
8870013
4697558
4886692
5471125
3733142
5220329
7032415
7524051
12337303
2044077
10790955
6117922
2594286
5993904
16222180
2292978
6798351
7395627
4684648
6531727
4674731
8206598
9167585
14517753
5869624
10069735
1705831
3580966
12745053
15702604
12580926
1650030
2567851
7306379
7155099
7827793
-690129
2458033
6074559
-908344
6149067
6526955
5184984
3631712
2647979
2097318
5141777
13839715
3551124
3260571
2780682
-1024354
1864184
7262979
4935453
2504774
-42244
3578011
8465925
610035
6240302
2145408
-788601
-704524
850602
-65789
11582138
1679126
5227501
7322415
2425574
-2500011
-939719
1974323
1709097
5467497
-466686
4819816
10142777
3330615
4296555
7035010
2513889
4714363
2654530
3250234
13168841
4775547
7366009
6868188
2189542
12346230
1796319
9085564
2846876
2163378
7275812
11256069
9546285
4567926
2051878
-283394
4691654
4150247
4085857
-1928322
10192110
2215346
-908810
7037154
778295
6113253
13164840
7656022
187399
4955524
10899084
-797119
5460750
2518841
10652593
1192577
2515172
6988460
6895950
9793595
3024023
8728225
8531873
7395437
3941204
5377887
7090699
8603639
2003096
3540760
4251100
3772977
3150188
5306196
13929923
-59095
1713247
-1082748
2043153
2795910
2176229
4270474
7306756
6006549
-848243
7269018
3385227
8529512
3591505
2697823
3242390
1423464
11437229
10875414
10068666
111481
-794086
10774668
8050797
-126615
2695453
489812
356332
8935102
-1183226
1106191
-955528
5654556
8390413
234266
10977451
5467683
4751665
5770395
3016950
3280704
527066
14203679
-268345
-2123603
4737657
6817418
3015895
-2335955
1619789
10412806
1481817
1038413
3602765
-786571
2801469
-1414351
2927456
1716845
12396517
8649705
4457780
4864256
1079762
4382027
3493217
5131934
3028341
3650286
-188300
7631151
7373864
13446218
12867676
11520299
8044323
5645928
-1803658
12412583
4310601
6356123
7375758
5628158
10441934
13005398
13035168
-1479558
-23618
3920930
6364704
8299359
128440
-1909898
6283236
4745514
5997695
8016499
1838822
505034
13905003
2147303
6232509
-613493
6063543
7261398
1077649
6393969
3198863
8714486
2096727
15994484
-36939
-497579
2832785
4294730
-1008039
5310771
2433711
2132857
2046203
6079989
2172790
-3348886
-144538
4717554
7215501
4922777
1827013
2329978
-1193598
5675540
13085770
-28252
1637690
5708580
10978608
3974237
5086079
7571519
1714354
4447098
3524647
3933617
3091119
3915187
-851747
565215
11059100
9336865
7616185
2332211
12255225
1330207
3870768
8026583
14147737
10008913
896532
5141071
535284
4206989
7526265
6199193
6771663
4623768
-1847053
9234187
990333
4179930
6130976
11388070
886968
4211962
3425577
7908244
3381129
2186274
2650697
12242244
3363160
455120
7572814
-1549317
-2250596
-281242
11507630
6143488
4231470
9465745
2054654
6179306
5104429
5080273
3252833
11195961
11276989
-945110
-393337
2823158
12335063
4199090
8903116
889711
3948540
2197696
4846510
2907692
1851731
5266550
3042012
-636191
-45017
8680353
4388389
11169597
7076324
-2624517
4736858
-2667304
9032250
422719
6051500
5645299
4377818
3636320
3608225
3406473
11329469
3039178
9816172
7171887
-242925
-2541419
5536153
5495029
4164271
2691569
1804014
179893
10631342
1445096
2676404
-805298
3395591
-536196
6676137
4558639
795043
-661846
2589327
3728011
10516561
14430051
-1393393
214055
13181648
5609432
3541503
13142231
466542
828701
-1360266
4383764
12770201
1011625
983685
5247364
5532076
1825976
4787183
5284783
3448852
5403712
5965828
1414207
6926922
760692
6586251
5989071
10871403
10158283
7085994
6118123
-117875
2782256
-259799
6721463
9789408
6727787
7967258
10859555
6254399
-528788
3182436
1007665
12855369
5089929
3355888
4624586
7190765
1117809
1116758
4161898
5366404
2277931
4746665
3809089
5040141
4233625
5430361
12624470
3171477
9449605
2625226
3617768
122972
8807615
5369104
9847017
7450270
8053201
2626617
840778
10239825
3059263
1618772
12440411
1871779
-2631326
8044923
7135546
3526963
-148515
625334
1322595
8796386
4605127
3018127
6173786
3995867
6364589
2214858
3412569
7425448
11126280
5738331
1544687
7633309
-716245
10913252
-488403
224590
546093
-2867593
2777234
7178844
11972181
11679203
7934065
8502919
8579462
6217604
12256440
13600715
256778
5628363
8274893
3767154
-969602
8056037
110115
-616724
9000184
633299
10696079
1505779
5695636
8888511
10443000
5194223
-1079691
6166466
2649152
439224
5611349
4260915
-687525
3749175
9640274
6788078
7127638
12847487
1701288
5926042
3489538
5099654
7215754
6031839
-39062
-1967959
2892909
1086606
5070663
-2216125
2613996
2308143
-1018761
8109421
7230563
-1245572
6130788
7252949
4014288
2882989
6544607
-771098
-503601
10854126
14413523
1766334
9061482
12081399
1107799
8573986
3729006
5317314
2267788
198808
439887
7534190
4507417
8106209
23337
-510788
4713583
3945863
10400507
140557
5788641
6047818
4645304
-1092154
3658080
5893019
2755387
2856368
-944542
10030800
3913459
3276482
-1600330
4787579
9538789
3780150
13373909
-2105952
834936
2302150
5702231
3678453
2749733
3260738
10289330
2132222
8184759
-117821
564535
460010
-349362
-1329180
4904798
4709313
12006868
12569294
-843613
8389030
1021601
10152982
6003597
-1527007
3095958
-124000
2402503
3783152
7418075
12251315
6286559
4306964
12061689
1762257
2821338
4346492
10579212
2730330
-1111258
11717001
5181947
11042653
3698913
8320966
4381174
7483641
-818297
6205845
2847991
2607197
5875615
-104024
8820168
-2503146
-9719
12544851
8198069
-266432
3516819
6896083
15041932
682538
7829437
6445139
5961660
5427286
7105802
10849387
5578898
-1683367
11744753
4623186
1866351
13545242
281281
12916501
11153558
5520698
1204748
5142670
5603718
-70580
-31568
5745800
7255058
12975554
7503911
1226083
596337
-1217354
12860764
1231355
-352850
936625
5491270
4928528
4210416
11139992
2430097
-2813350
9470621
3301101
8549533
5617116
2925992
9073511
-2559459
7557374
1749696
13102166
3201893
3829513
1612865
4510930
8240022
7230507
7385158
2834042
3587472
-1224432
472214
2010936
3938449
-1342768
6983816
249328
4811533
3351124
8541493
-459441
10218757
5080803
8405847
4009626
-2124796
8617874
12479053
6121733
5980500
6308717
7605431
13285612
6895638
11472551
6722109
2433358
14489335
9539486
12845869
2057862
6684888
8506602
-657258
1815266
1996489
3342938
3847788
4178104
4258798
7256789
2551778
-3375050
7608930
5311040
4175371
10534369
4288575
1403421
5445615
-414481
13113353
3347384
1440385
11880349
-1225184
10771785
3563324
-439118
12523579
6302034
12006039
-807095
2327319
3376837
3322520
6823705
9595692
5758881
1355247
7627794
5740033
9599477
-73343
1647407
8328771
1765899
45680
4706093
5423176
15268915
11191731
828088
426532
5492002
3710996
-542275
10116867
-2225734
3511109
-1764930
3003332
-764637
679313
6891985
13252971
11779464
3295781
1827848
-746296
7661121
4503488
-2808142
9259682
1283672
3108359
1120234
4798990
2741660
5726937
3267144
2803184
3366933
7714237
-3682943
5562232
2034135
33172
7512174
12471781
2917853
1583046
123664
8615173
879247
1009955
9380240
4143662
5460835
4942652
6047140
-1359621
6742783
3667429
257863
9180654
9387754
3256881
2884049
2181583
2521122
-286120
23627
4703144
-2570225
5458134
5775520
8678586
6269307
2211482
7976455
12996087
10393530
2194781
13256053
4582639
4843691
5228769
-85764
2269707
5434484
7916072
2168371
9137243
-3800440
-2346442
3828627
2765879
2404628
5743014
-2129298
3453563
441632
8260896
8570649
7907096
4643155
2879610
2128160
6248414
2565393
-781251
-487638
-535496
4850005
3195956
1730213
10853690
6452889
11804151
11224996
2961967
7932304
5278409
5194766
12743890
3759701
11190958
2712971
7954933
6316040
1239203
6897653
-567149
7888781
-734252
3386692
4762547
2264242
13807295
4998118
-1239186
9132691
-460726
971033
-82212
7335052
463309
8000488
7976605
7366912
-539102
414416
261360
9460201
738452
184414
11179170
4057350
6953284
3121602
2611477
4168471
5077491
4824855
1889549
15804327
6095082
1398539
6174796
9381835
6792017
-2949601
7611733
-1386104
5423865
1425313
4049122
9916287
6132342
4094407
3463271
4866213
6736510
3830960
4877039
4775215
4541082
-229381
6002830
6129268
6181244
9524479
6943046
4013168
3595004
3901156
9269707
4084523
6341091
6281074
2720297
4260251
13853613
5900972
4822326
3790281
10636717
4503753
4014490
2483642
7632014
4870231
7412845
1945152
-44362
7443890
-120561
6724219
42408
5027668
8212320
2637607
8385961
10713387
10156746
-2762297
2383897
5035986
9256913
12513098
2649396
2083401
-4656990
12222766
6815923
2626319
8849411
4634841
7199913
9241153
-2444140
6282740
4826037
2237633
5116112
-269322
1059809
965696
955486
3117141
1436037
6356823
1946706
2526682
9384532
4826860
6385167
8126848
3124840
8811909
-44806
10957408
-592481
-4175254
6151714
7700374
-3241109
7869164
5909657
5914871
1172513
8195673
-1293368
2644844
2414578
6734742
8890408
6378242
7631050
5451904
6482061
-1024026
14453074
7268738
2480146
2394958
7704814
2576337
8223217
10080982
-359694
8400611
6460928
-1945975
6572165
2555128
5461736
12803837
-2092401
5278080
4202836
9533752
7089815
8804215
11789145
-114156
1311149
3551370
3882625
3218611
2173006
3299832
6629566
12851578
2957661
9694501
7623688
7949715
4436308
4809600
762299
5823105
10767179
343065
-1421698
7267359
13830542
1181458
504233
6100179
7174914
7696840
4204187
817618
6836630
4336058
14900646
7962425
7597055
6217306
-1777341
407717
9426901
4416458
2043560
8658977
13338838
2083852
10923181
8829144
686635
2006784
2110223
3352418
4241166
2994018
-43169
7597410
5187200
6155276
7190964
-724559
-919961
7970902
5687926
1474413
-2630086
8787779
8771556
2579878
7494109
5607484
5848932
6429509
684120
-2152844
-224629
6121882
15277894
1896700
-270730
1963207
942046
-405143
2393025
834451
-329286
7952970
5013819
3345531
8558881
5843388
-264480
3813415
7497576
-3258337
-3881033
5859301
13739723
2397629
4064634
-1939778
-479195
6811350
5659195
-1267318
3995400
14748
5322737
3892670
5063588
1810900
7288822
5374475
7206673
13169079
10996635
6953021
-632652
5044347
10712205
14188761
3722712
8836827
1981697
11931852
-3585193
462701
1763467
8340598
5985033
6895992
2205867
10891292
3410104
4089848
6071010
4436169
1732203
4945569
2917021
10804249
10990350
9275137
6833943
-428809
594202
13470735
2299834
-4376157
5308096
3301614
2019389
16165374
6254616
6171950
2749164
2014844
3800891
15672213
6982376
3193607
-1453240
1697266
10960342
-1021373
10684555
3369952
2503479
8758712
7963909
1063700
8640328
1661960
1655512
3913821
3419781
4456843
698521
1482033
3276284
6333666
3685679
613595
1008453
6140993
12843554
4480340
6453688
6767178
413518
3462209
4919917
1585175
-1735817
4688571
2946133
999970
9232626
1655486
297388
5854738
-2008690
932910
2443935
10378250
5403136
4077181
6127223
-2005919
-1409290
3421903
8358510
5984476
3430734
2852265
4059657
2086237
6669904
1034995
-725177
4067142
6003636
1229852
1024448
11510139
2985423
16088428
9140444
13095473
5837703
688985
4114882
2257342
6435455
5135988
-1016201
10414959
8282947
-614468
13013594
7587063
3924995
10067704
113907
10122131
-14403
8003714
5659696
9732422
3223893
281834
6606485
823638
6597519
7454993
10190374
4570187
3576783
6730457
-1611206
419201
2322099
13695033
1226717
2338835
2798690
3425650
1314855
2213937
500219
-27908
4721520
5269665
1985318
6471119
6554760
2418455
5150934
6462280
2118883
4163413
1832133
-546929
1446801
6190173
2431292
5163536
5624515
1338808
10840946
9092994
10020010
116112
1521845
5574828
3612073
41465
8307774
2715100
2292989
6630364
3882360
11884631
-1562899
3849399
6855126
4302288
4644430
7444181
9479441
6263635
-865419
-5039963
5597350
1942491
-781848
9858067
6273854
533434
1754118
12965442
4769374
11155429
1806401
8896811
-587201
4207647
5017548
3957595
1657824
15107227
4556647
4487864
-543682
-4471078
6269619
9568302
2981629
3667853
-1916519
5712500
6827509
4324014
7081665
11335007
797241
10960104
7180222
7317088
12495366
-1175918
9584300
2497657
7788390
10312406
-3717757
8594637
2576621
-60805
4053177
202093
12618169
13838605
9750235
3824442
5092540
3913813
2556951
-1691514
1408998
5151290
7579306
4307935
12711242
10172508
6375853
4715950
5375179
618681
5334822
-2568444
9750729
1113926
2371771
5303813
1842836
1255629
9181315
-45875
16012516
6375689
2798841
8472070
12604441
2698665
-1285885
10187037
5231319
4624327
9527426
4606232
-167234
-954523
264504
-912276
24098
10392058
2169603
144510
1310192
-3467257
10362076
6603926
8124806
-1954740
-2761289
9356875
10968039
2043195
4716241
8971274
7182974
12958076
-639470
612294
50267
4160318
15298191
-2758600
1925951
-1463711
3458667
5004622
3901502
4742753
-792491
3949044
8549807
-82845
2161969
4559552
7202089
14945768
4473147
7133834
5498869
5597159
1973600
-213130
7115851
909432
9901641
3071300
7266276
10312254
5912813
4461242
9405474
5684573
4921015
8846591
167902
4570049
8928568
330768
3478996
901852
8337966
-1592981
-3796668
7652382
6117973
521131
-975972
4212989
2544421
187485
13825074
4717025
13125614
7541430
4077262
13841172
-4112078
15689660
-335958
8328251
3665183
5803370
6868495
7940015
5891691
10943818
4570835
4180434
4578149
5956402
3433666
2912118
3629041
12916738
5655203
9397195
5717480
11380814
1999997
5216370
7085838
4246661
6087356
6252909
-1907327
5414149
10125786
664743
2103299
8673317
12122740
3586807
3006371
8350226
1759584
616130
7623360
4316108
5456243
460326
3094533
-1070569
13534793
10711389
2811257
669571
3853359
1759776
12686297
2587779
12244253
11961599
2882311
8840670
8640056
2464707
2788886
1755384
263175
6622779
8258594
-503325
8343539
-528978
4248691
1491840
-423652
7952553
6128923
7498141
6160394
12130772
2039612
2904388
1872959
6600522
3472333
11483900
-668671
7790802
1353950
1628368
12554280
12444156
6674920
3520870
5074848
-316640
-1473571
4494070
7388414
4438362
2850916
8572990
10954759
2562009
-501480
2130105
2778464
11758138
3018725
7499833
6280946
4971740
9437794
-1572017
-200161
2193523
5642645
3798542
11754071
1587865
6829046
10460266
9234218
959084
2240441
-3503661
-220941
4514749
1842334
2788517
6646213
9116121
8185457
494680
5268709
5674320
6559808
12886247
135654
502287
6465884
3697172
625116
9677262
11147764
3469443
704132
10129390
1249573
6714824
2561322
5581060
5314687
13618498
4328233
8127512
-3329789
7052916
5045016
5651235
9467505
4438868
11691390
6779047
2828970
5705903
6365915
6633488
6652996
4129461
9410997
9223314
6374999
4429084
5158215
5502651
7816738
-40051
8373563
239378
2839731
3246998
6781349
7686600
1977111
8523263
9185978
2517055
-2584474
1446877
2898062
11461568
11338900
-473025
4156874
9367184
6972273
7747044
214668
451480
2086418
3117792
3119512
2978484
9837028
15589691
-435836
7244893
7043114
2774098
8455848
2273346
5204936
2325165
8012848
-2530483
-2649143
9530817
3366920
3248511
-1738721
9807221
7041838
2363325
3984542
8176275
2921306
8934790
14451622
11405648
1739424
8278551
291788
3082460
9834959
12483280
-10640
365521
6736876
4367190
4780528
8044095
5095922
7913020
-1651916
6988276
5071481
6490565
1790504
11412972
8429748
8019217
2884536
3123295
7202753
821148
12621440
6772720
14989272
-3393286
3061865
2304853
5325835
739023
-2984516
11073177
513958
-2938377
685034
11349637
14277016
10064619
6164857
11568056
8025340
4177028
2065193
4595867
-2954854
8740003
3361918
3842376
3586713
2677923
1001265
12410962
6447040
6995155
4791185
5145195
5952158
9589187
7937761
5993166
4205382
1250721
-1154790
4980900
12472008
3173855
4347457
8355412
5878332
668566
3922856
4583714
7067507
9093896
3969380
1510280
5862467
6032516
4806131
7997581
12832156
5443511
14646270
7271856
3224641
2140854
12826686
9400491
14189875
760296
7590443
8305608
10894936
8309408
-2276846
-1717718
5579139
38115
-158013
-395557
10419122
2227183
3398327
1289684
6706222
8127666
6083544
10816968
4138410
8229608
2518316
-3745110
4247194
6069001
1592358
1763415
-1490083
6352172
3671075
11318865
259322
6352460
4419406
4665260
-392733
559321
12423692
-2606252
6926209
5464165
5549155
4843070
4861779
2190712
4566561
4362485
-150798
9872193
4866929
4691706
1981936
2885502
1150466
1276815
4221089
4233547
2908162
5371972
14048171
6507493
4407166
7643383
6087380
7697555
4209256
5888209
6142004
6097121
7037405
4259898
8599634
5707225
5995637
2424337
7671742
8149702
8713230
1142284
3027550
7647576
10426708
4763995
9957997
438566
11335019
2801994
2794881
-768509
1092398
-677659
-174759
4504086
6757903
10630864
3766687
5658726
8331697
1169078
10845913
-582269
1098029
6073788
202350
3089508
2844994
6164284
7858334
5398850
14870777
2414639
8185931
9361183
-4708498
-3137629
14613532
3439348
4409074
10620414
10667214
4593378
10248108
4040931
9303699
-469038
11159966
386923
5415876
7199336
3418759
6448109
7937230
2880245
14119216
7485171
870267
7936993
6489639
-9647
8099471
11312907
1083657
8674810
5196338
402265
1562858
6561462
12671049
1088768
-655315
5032302
-1501230
3875734
7968532
-1707625
-324497
5412506
-360895
-1932411
5118422
1491499
11516065
1416466
10371678
3988417
903286
3752369
8057484
48761
7208819
4794439
5475110
2853483
8114116
2143625
9113410
549604
6070543
5616869
-16369
9571589
2969449
-696113
7529522
9585278
1655862
3486815
3412020
5154882
259830
-511752
647628
9987969
301990
1800579
11339870
7802424
3323359
3419942
7189085
1466112
1256152
4557112
9034060
5442459
23090
11020030
4183403
1568305
-2213620
1213646
4082651
3730587
5116456
8152925
10180143
11702013
12616784
10991132
2747924
1952304
8597875
5651364
12766663
3574411
3126564
4895221
5440027
8640101
8870371
1858736
11220398
-1574397
5889780
582512
-1128492
7906751
7274255
-38937
9193291
3359320
6089592
3245920
795186
1783410
916825
-1737370
-2688823
2713688
2772365
2653473
-957182
12207681
-2209770
3485622
-2512168
7543431
11977709
1999948
-3036354
3417341
9957467
13409375
-523889
-1589854
1834924
3640955
4748907
-4407984
4292207
7071769
11880403
15477024
4968176
6593994
5894677
9311811
9330794
6047727
3515418
8533824
2020521
3180531
4621603
11338937
7803030
6431595
-146290
5438556
2431767
3205462
-3504667
487892
-3484470
620618
8137231
4472668
6575685
6324594
7476827
5284353
7751410
618391
-1804037
12609435
963119
3508228
-589937
-11306
4979128
-1510593
11285728
1185206
7838799
9537147
13051462
5082507
7943469
1013582
857970
3551605
13611591
8642386
4903268
3372815
4780504
6613830
2679631
-1509208
8813523
10595042
869064
14354831
6687314
10405012
7764894
5000793
7498196
7736593
8737874
3984446
10540178
6742295
1864513
1900774
7677839
12415348
2518360
2630076
5595422
7654893
12453114
4563486
3681238
4349041
5506269
227906
6847778
4894384
11180898
2929993
7350601
11413317
3373983
7846401
10683448
8095404
8628823
672665
3272431
-3391765
5471801
7789304
12425666
1679329
4138261
14657004
5089758
3325409
12332589
1702499
5633230
121788
6178177
9332900
-1129386
14108605
4515966
7780178
11804858
8810673
5588642
9699120
8310630
-97512
118481
8892937
7527249
13284505
8490119
5089452
6400372
4576200
5538769
4986199
6249708
4866503
4952068
2409528
7662783
215528
5975203
3905669
3462043
7536646
8191721
2640756
-1527574
-1740091
-372121
4362376
10633189
5027800
4846861
4836502
5583290
7844473
2234849
7356330
11127441
11538456
7480455
-3024836
-639369
11491431
5747958
6964854
3297739
7980952
8135906
2486067
15800944
-791360
4764763
5482311
-683521
6612018
1279418
2658374
11792335
11795115
4166081
13665032
5382535
10635264
7285095
4119526
-339514
3533351
12774136
150226
3373499
6134585
11213048
3727593
-822719
3604102
-9437
5579837
12406626
11342539
-778984
973144
4271765
9183289
11998721
1783012
7134966
5709376
2642881
8690972
4653700
6390835
7230809
10992241
2642049
5408624
-1904200
5723589
3015867
4623801
10100979
4044047
4208695
3100475
8525201
3357266
1150012
11482180
9475401
2082789
1450714
10684344
5281894
2018250
6279646
7326041
-279467
-1490956
8965382
11089145
2847689
4959859
7000911
5674016
2371745
9901319
1866259
4107821
9820844
2913477
3805280
16246098
3316433
3734441
3716825
3042214
4056905
-1138823
9569249
105856
5636626
12096093
12180394
3140698
2992805
3687729
735328
3619249
3966572
2628476
3778149
7349752
5128311
14540533
2642012
12772061
9775419
8032163
1339083
11809222
1676000
8690805
3458409
10951709
2765648
2950299
3702306
1290507
6875311
309226
12032908
1205250
2132737
13232475
-3727612
-1077250
8660584
13266644
1912203
8838875
2098151
7854823
12513607
7539922
4204309
4303990
2470942
-210417
8117918
7592309
5437618
1590144
202689
8823452
5497464
1836641
5742806
1046759
7481279
9938767
8136671
2862788
7383115
3783841
1804045
5337346
4617362
10049138
3732385
10996656
994632
10458374
6894282
13177861
3583589
4519073
10094791
179974
-3961288
7819442
4378361
2511072
10964557
5507102
4607853
12989580
690981
7217207
1198141
698764
-1227850
10612329
-1758956
3124064
6842424
-1152200
14175500
2673106
-2975156
9553879
13396316
8413729
-2415839
7753549
8009887
2966482
4705443
-711354
8650352
1130211
4517414
-3137162
2462061
2310574
5511908
2883937
2335211
6675280
7253249
2658307
4643778
3755966
2866597
6599053
3439310
4794615
4992850
3381726
-1318482
8963311
6527118
2420862
4785069
1231777
9058831
-2574356
3816547
6815037
13272068
5351591
4099573
9201454
4226994
10845497
4210225
3815067
11664730
3665840
8326255
808773
10067992
14341807
-302530
5854988
12941146
6321725
2350455
-29863
2894972
655563
6089252
4683118
3657673
11824219
7400978
-2848602
8831023
2917184
1917008
4155806
8473262
-1131110
6281917
900547
5675093
11794321
-3644399
9637916
7810738
9797750
2739654
3248146
5022685
2894784
10362830
8636103
1989091
6314781
12780571
5458408
5462152
-1112472
137502
4471179
-4098356
5290514
1804779
3318445
679424
1771517
2371441
-4854061
7076094
7745518
3107973
5532900
2470518
6249853
6759569
11621246
11198068
4433052
1915613
2296215
885333
1963792
2112227
3422233
12152720
7224869
15082630
6355065
12105008
110053
3338388
10556900
10498153
6648552
6354908
-1085542
5947956
4524532
7446998
-445107
-286718
12303941
-1128627
12107444
7475330
-26851
6659599
286776
6643427
-741290
3714068
5370085
300458
5537289
7621154
1085055
6822827
238693
-1292622
4673290
5582577
6355526
10928628
1221041
10125820
4805271
6796098
-7273
4128201
-982404
12607181
4468250
4844380
467132
15513760
540733
5840581
3057700
2000836
-98145
4100918
4236943
1563137
2643603
7871117
13357616
4118780
9846485
3434185
7310976
1570431
3941251
2262669
7644774
-4094557
1764941
2188289
3313159
7730705
4968637
2138102
3325921
4554843
2097340
-1161198
14047063
5851944
4774688
2724959
4000667
-1555046
6664690
10533429
1981706
443074
-1281775
2178586
79800
6318184
9012167
5336413
3284174
4577919
3196150
6132084
8912479
4209318
4552407
12034298
-891517
4072072
6777387
2100743
5076782
6373354
5928966
5166172
5023396
3722837
1529524
4493064
-468058
5484207
7667145
5223317
2330182
5829264
-2629919
5146490
2485544
3103456
1616993
5336586
3309249
4605794
6477235
8625479
16514337
2301572
8686711
2845706
2756359
4395329
15020568
4218196
8542320
6747924
3016821
-125928
1406512
7626946
937352
5014093
7356550
7920511
-494690
-2130333
906157
-965709
3001568
8140311
7556055
121926
1567589
893755
-603508
5563731
2456452
4971014
9510770
1487088
3610596
6887304
-1202272
26868
1739259
2742529
8369716
13877936
7732738
8302593
6193896
328827
6173230
4469980
-2559323
8483022
-2211263
2139060
9366930
2284661
2562212
2166505
373687
-611542
1824177
13965688
672925
1027612
7328585
5963706
2099347
11166585
4390109
1384457
2132329
14315761
-1996473
1459306
-4093005
5815319
12981880
13533229
175156
10725983
13758771
-2167079
3045444
1971227
7229779
1795265
4599970
6311783
12830970
4213245
8385850
2383965
8680034
-1026571
-72051
-762735
7845646
8726022
4903984
2382071
-630169
679420
2508175
8121294
66862
9004380
9333247
2683826
9192226
9883804
5422121
10734461
834569
376019
5009836
2777507
8717507
737542
-2344521
6548700
1695702
4341172
5454321
7850017
-1096618
6744370
16637693
5119347
3388289
7540493
2453025
4460559
3675815
-1111517
7103049
10827079
-763763
-1842484
8809656
2816296
9387264
7728911
7089193
3303929
10105892
6476546
4572628
6952507
13068717
5625775
-108131
13897168
10102943
2515335
7095191
3799181
6315631
4522153
6835217
1746199
5065376
652585
6045020
12085100
1351935
4586613
13258992
10237003
7252284
-331928
4266596
7568002
6858622
-1374726
4831832
8577693
1845094
6663777
-1040140
8116135
793799
1529360
6124377
4358388
10927595
2415030
-61007
2405949
2449449
7074412
-409050
11394766
5319933
1301772
10752087
832093
11133088
-477906
10506818
7154353
-553070
10605307
3153430
3636066
11776385
-3666247
10374055
3349773
6021506
497447
1359947
14893009
-3467079
-2158276
5938667
3214418
-3112941
7257737
67109
3308896
8326266
16069169
9547732
7475332
1546933
7989134
9793521
3673138
6715413
1464541
13429388
2462981
12668756
8632607
2030106
-3276942
3978904
11678961
-1485401
8472488
487982
-1017371
7486532
5323482
5821494
4403412
6273011
10623153
3765170
-2840259
5649756
-181496
7009014
9638026
-951887
-961584
10240675
8897388
8999392
4007129
7439064
3779669
5764127
2689974
14041006
7668438
-480758
543370
-1561170
8262363
12831707
7561822
7350767
8195868
5527523
3475625
9686200
-838969
62492
13984703
2653433
13527270
7448214
424206
-1807647
3539764
-912940
8401182
7923659
5250899
-142877
3852679
11232495
10662948
5585033
13846424
3244817
5059969
597172
-2282332
1546550
11301669
3646288
7277748
9157248
3556408
4401134
8136292
101866
7071387
9378799
2401046
7273032
5346751
1208840
1595124
4801171
-1598481
5092189
-2805220
-788111
2282136
9437459
-259903
3275266
7904114
4606273
459427
5265532
-2971759
2222161
7039340
3584997
2466252
2590531
1503712
4156870
15371346
1596319
-2321501
178172
-1273540
3280225
7395486
3838833
2869396
8138733
10730358
1499720
2259916
3332881
1326037
13032878
-648972
-576608
3644741
8121464
5659934
6503862
7665754
11501656
6223471
4584715
11083974
11103119
112357
3699421
4737085
1810047
10077248
7709517
9537840
-1293447
8876294
3981146
14528596
6566860
-720656
1954521
10403994
7648804
8357842
4708712
256855
2551655
-833087
-487584
2003534
5118229
5583185
7415553
5849709
3927219
12359264
-2187136
11221595
6644476
5008897
5885851
2713281
3751438
5433793
4044029
3723363
10843556
1972948
2096678
4281161
4686080
6297622
11856558
5888589
-948019
11363195
13090100
6047174
2686750
10388551
2824772
13304850
5410921
2227927
104381
8205509
-719721
316367
-302453
2060418
8992971
1265915
1389108
2612833
5419652
-576529
12779930
1812221
1467361
2791508
-943665
9879814
3972129
11317307
-1309779
7844871
48940
4784586
9902156
328811
5027958
2248873
6925329
7882497
7865227
5357487
1697239
12737995
5195685
12551402
6543846
5859044
3201108
7286575
1454504
3997417
5136311
5433635
5322382
6535439
-295220
3482175
7937171
5025679
3284730
1469583
5233226
5420760
-603325
5240196
-1419641
5348623
1858255
-208783
3819838
7580495
4183378
872775
-4427551
6469717
3139196
3160571
-2774418
7694951
7697338
8527068
9643788
1770486
13215038
4302208
-954861
11068596
1217383
487699
-2846423
3995039
-867332
9565398
11227492
9600943
4774516
1059878
-469158
6374677
6353114
9439796
-1129481
1947301
3837376
8724024
7787210
6756032
11991615
4717426
2585081
6241426
4478200
3737269
9138387
10942377
4762854
12717091
1520391
-496599
5337043
3246423
1398968
11099126
1518640
6632258
2340668
6329203
1931666
4361598
48773
11426259
2671341
8714389
2436846
4804906
14259707
4422289
2607557
4079701
1479695
2818114
8651354
2278830
-849567
-472110
4519744
752352
2513442
2278545
2431661
5112025
-634855
10863559
1113099
7297471
6149882
5441804
11362689
1530438
4951254
8738989
3849161
7905578
9298883
10578931
12394231
4253247
-1850127
488777
10449618
141304
8206356
3870699
-271115
1219682
4947131
-650223
8707793
2057361
8540040
8139958
1507512
7589526
13103249
2670064
13099657
8879750
1328192
12083361
4827077
9983333
8115892
6695815
496363
6481794
4028874
2915943
4876841
3955001
6057949
3756673
5251858
11490038
-458270
-1190063
-2789071
12855730
7248357
-920530
9923373
3146398
-396368
6594555
2829880
5437845
-4055005
10427204
9569988
3494632
562717
5020099
5277240
6786664
327043
3523753
592396
5154752
7934223
569961
2952910
8381776
5503084
9422305
147816
-656497
16790159
-1783855
11915596
5020734
4326634
5615758
1383208
1683619
2880341
-349826
2945559
685854
5732230
226930
6899182
6539546
5051616
7962835
2431217
4168309
8403120
-1373286
9603253
47595
6348751
-429715
577745
6564810
2361409
-385792
12827186
9721235
7997654
10924463
2788484
290868
755433
1166429
11754125
13451853
7735130
8882867
-550197
6621098
4453985
12024062
13811981
9192848
3726914
1676388
5035991
1508549
-82467
3148445
9488701
9168517
3273822
881728
5992418
1361293
2443636
1082441
3231932
1431793
6950552
-2818064
3400561
6295230
3217791
6316042
4056610
13096148
3517865
12470344
1412591
13651437
8000421
4643335
2370033
-2302978
3525746
6988073
8195224
10846615
9470069
2071129
12730556
10961902
9601781
4183499
11594989
6675653
8863099
1929502
12267846
7540590
5637580
9298250
3654318
5774383
2491503
3218001
4739199
2183951
10409827
9010485
8522668
1045693
-1199089
2546052
7789769
13087032
4642144
12560721
3420684
3858610
-1271988
9484222
-131106
10598327
2968861
9929142
12880779
477071
8691400
2890905
9724649
9522156
-4865159
13301366
6474162
666244
3423341
6009143
8698790
8283479
4576390
5078256
8556922
13286171
6418170
11793370
3726153
4303294
-1142169
2542416
-4121223
1218215
-3424940
897214
7427842
3736298
2921345
612721
-3345044
10465086
5392543
7397041
7758899
5275059
3019246
6889542
6843253
5548714
4841902
7082114
7663798
8193922
-142005
-370158
4744052
2828173
776526
-570730
2993980
2530529
4105376
4860801
11090980
7462476
2178152
2901436
1670511
4498462
3192808
10379426
12898317
2590195
871901
2068995
2205684
3570796
2630327
3973830
348140
-192536
2556787
5662350
-1319073
7646663
12390594
2699511
6559493
4956611
9928224
3844690
3394978
11632271
12939428
1440050
2033273
3906568
5887020
6534391
-2115606
2752331
2432578
-2651998
3280139
4951924
1597302
5758896
4061042
11176228
1266707
12064843
6660352
6690481
11562477
-400252
2449003
6546322
530272
6191547
11229795
7485177
-937912
13233331
9851312
3550348
2004606
6014847
5675497
-186784
8395123
634410
5055544
9634705
8443804
-535231
3520832
8845317
6238298
14753770
-1166101
8618596
912800
134939
15140304
2504346
4799829
2670191
1325412
5532782
4430588
10430921
8871703
4758436
-341480
1644368
7656553
7047819
5574320
192298
2047035
-397961
4145906
1630455
6239373
3039427
5974292
10093460
11524383
4188146
6411994
6053296
1208592
6242104
4972129
246115
3871803
1870271
2345669
4000493
2128158
5245191
4947525
-4365145
6611040
504449
7740026
10105620
881594
7379702
6600
-773511
4953623
-4157387
302593
7279249
6283172
4344341
13394928
3214029
6253523
10013340
4889247
-1183593
2249906
8446251
6412984
-1190055
13083031
3989202
2742179
7398191
1486278
5545126
7594322
7915330
12270764
5500821
2299802
1841688
8725245
861881
5041443
12554363
5236737
591433
2986673
12328164
1189139
4436048
6941580
7001272
7350363
-1861353
4002456
12715539
3714587
13659659
164481
7854194
13350034
4578246
5073791
4405629
8493875
2535217
7499998
4726847
-1470338
11359240
11066185
307290
-1668258
-258871
12049863
6625980
4545957
5660257
7823099
7612262
8397255
-198330
12553046
7786491
3503499
2729543
232265
7132787
5194794
7252395
3456571
9815216
2271029
164905
4247778
9818905
7080915
-561533
5205072
4503469
153048
5459844
12942654
1771736
8959190
6188114
3001178
4171780
1498353
6462099
4736376
2829273
10352790
3952780
3952307
5396250
-1474031
8085220
7755788
12665824
8521539
4866853
3533864
2811293
5503007
2780896
2299903
4801836
4107866
5915894
1835869
12643266
16403666
5399357
8675010
573220
950369
7941292
1118600
8142588
5233438
6269851
10442728
504487
4366227
804522
1019662
-757297
278657
-1108357
11467020
1597307
3535758
3288068
14341165
6589389
1464232
11681913
6714132
9837251
-3437828
8423355
11519591
523663
5737793
12357085
2969208
8793071
4898565
2427545
10417853
4183791
13564374
14024081
3580781
3575881
4827021
679674
625973
1691898
3696320
3713875
-844720
7816195
721971
2826243
-2022116
-1641958
4504243
2166998
413665
9522035
-2078406
3996640
1986407
5667553
10741725
7390191
11131358
12023764
333193
9597420
2782958
14965036
12533296
2032987
8261862
11103618
2601138
16189761
1487790
4533154
9285058
7524128
1325030
12732778
5508127
3839070
2329602
5670656
12665843
3228067
13050349
2509384
195234
1559341
3744959
3193078
2174529
9108970
5744524
219048
1616062
1442532
8025431
5438602
8528045
1532296
3733487
7946222
7839138
7537229
-1754191
3073585
2333000
4371521
5569739
-207937
-1279551
12716129
8702623
3288013
-497022
1862476
8807751
1887547
9223544
3513247
10794041
9189810
949853
7414274
11388553
8610251
2618292
3480161
5372825
642009
6742012
296594
12680634
2087328
11817923
1127545
5868185
8887949
-184664
319838
11141843
326010
12742733
3054246
3563655
-1052747
10089345
2481792
1961018
3520985
6308060
7415336
9157444
9303844
6702469
1651632
7907359
10862553
1515060
2290330
12365648
13227785
3386110
-595778
9376804
10161551
13863003
4871789
3989134
4466274
10144704
2431213
11186663
5221715
6521605
7129594
-378692
3455485
6557761
-1930820
2955590
592985
4071836
5502040
6257975
3559248
3106810
1548642
11315378
5085399
118588
3943546
5897539
3613085
11342555
-396384
13607657
6101627
2063693
5580209
-1162416
-616975
8257578
2351358
-1069268
1111327
5193908
6727964
14109107
8714231
7178291
4405928
5491044
9850024
1718040
4755371
-962512
164438
1940103
4111844
12858963
6367492
3215565
7183701
-2577018
5033647
3661568
9063143
5655113
2813538
2548890
-520116
-121553
7948938
9243092
2855393
10767124
8502076
490936
224461
-2268164
1157228
3212894
8109644
5297113
1345311
15292396
5508276
4616420
10999686
5676026
8940031
8291642
-1004006
113207
12455715
6098544
12065304
9473517
684509
946511
8566562
3669645
9016813
5587741
1959331
13115021
9159763
7824747
6346774
5351706
-460760
3190383
5331381
-1711628
3575534
5976563
-2789309
16274245
5428071
4204317
-1450547
2024985
5273123
548731
-623339
1299956
8847487
14475532
1978960
3783801
691037
-2341485
2052562
3581568
4663288
8160860
5772374
9155724
8845845
2873577
2622247
3008824
5690124
13226655
3114666
6666001
11752022
-2305031
-1110374
3665800
-804036
10702733
9200868
-600147
2544521
2213181
-246245
-1788223
10878969
10470296
2582372
3036074
2520463
77135
13791076
9743213
10415036
4945097
4730938
10275324
7551983
10089332
5242568
7477615
11291106
5330447
-1075664
13783417
-2333430
6460846
-396327
4407496
-640027
-1707233
1443480
2967322
9843480
2691675
4475264
3121120
2490389
3068490
4231573
222058
9427156
5378582
2754806
-1724294
5663372
4396130
11330830
11209230
1519677
7609374
3009485
8564348
1424178
12461778
6089525
6382805
902572
10682479
7984246
1121637
350880
10440627
2895579
12381391
7440702
4747745
1890125
1523867
7947945
3827391
16188366
781871
6816657
2021676
6082458
5914447
4445564
201408
3547147
13611968
275365
-1525804
-2368519
13185003
3207973
6522419
-3196326
7934160
1770204
1699895
13250587
5846263
2727637
8415650
-852927
6802019
-1838196
875920
53552
-304431
-208012
-80285
14291292
-4104030
7320570
1199065
12710231
5985144
3998112
2674717
6797544
7490043
13895426
-3590870
14479203
-158838
5831652
11822480
314375
4199269
535504
9860071
3197389
8952748
10566668
5530342
4485620
-925477
7168816
10663267
6000048
4459503
12981630
9859668
5320858
12053698
4727661
7242648
2811695
7695798
5559856
2517795
3708678
2552659
5045145
2428267
3959796
3174667
4898057
6492345
802940
2225359
9281064
-1093549
4945842
-369899
3608321
6071670
4293873
8062940
7877600
4545918
4636578
-3069515
5635765
10045985
2793075
1651250
97150
5497188
-105398
11417911
8400924
1474662
2538495
5201384
3667293
8362104
10398896
12575338
10428697
-4265885
7091474
8259211
785249
4637515
1029120
-3658936
3867963
5073497
6256659
917357
2213600
958405
384209
-930540
6383498
12807955
11454662
1758097
3836905
9078189
8819216
4272866
2117388
6421302
-571963
5938399
2931942
6277116
4676884
-913492
2792775
6757487
11093175
3000167
806510
2505693
5178688
2620185
7958487
14739222
1927244
997618
3883176
5959694
1908153
4233360
114161
5524216
1195725
4027973
118645
12225652
-1111279
7059858
1302738
4068668
9971404
9655185
-4154220
2036693
12051257
5270183
4030142
3867527
2251494
5354629
12839126
7150888
8760418
5153322
5307608
9269691
11002163
2363818
15868993
2555625
11314467
3057886
11202869
9722336
8738294
1433084
7904985
3463336
7681269
-1334032
4705190
2808342
-3446984
1509473
1269373
8203358
10887761
3600362
2039457
3098826
1274418
2923735
5114650
7718228
3947343
3528098
-189934
4004665
11761501
4721972
2883300
-190952
6081126
1673473
8197852
2132225
1612091
983093
-603031
3849917
2946454
-1561642
6228205
5686210
3875856
2247681
7100551
-2570397
2239296
3163444
7066290
12110373
7718785
6788646
5499239
-3043926
11341142
-1111534
3628571
3403762
5900843
914761
3894237
716932
4182950
-368077
5922382
5392254
4164316
1695583
6252857
8906293
586753
4077296
15309821
9416514
-2906850
4692901
2550502
10452898
6265987
4946671
6149153
2819220
985573
5942685
-437632
67032
1390370
-470238
2292892
6450270
489644
3727064
4932249
5550823
3750002
3321754
4209549
638278
3593780
7905622
7997051
-2434734
4681782
6196710
7929094
9716020
-850574
1868226
14044625
7001998
509803
1914653
5429594
9284079
-1535416
1704591
3709233
12594641
8377282
10027923
715822
32614
5489582
10218230
9426571
9815863
-1065161
6665418
2649053
1758004
10174159
7026827
12027840
4980544
-332512
3409462
4316214
349213
3316824
1253239
10187985
-1290235
4086695
4312628
12756738
10804605
10687224
453783
569605
5810984
5158051
6444230
5994289
7760723
1783756
1738155
3137739
-1623852
5272148
7181270
10049299
7132941
2937230
4390244
1593968
6753106
3616728
3803478
9735294
10897232
2827541
10078898
7181465
10666917
1932575
10874081
6985914
2129993
-1323586
10508362
3712184
7850629
1052807
5483705
5285725
4661494
12135543
-346137
-83679
3166715
2841766
4725864
10927774
7424563
5737472
5044550
-2557262
4186227
7991611
-1360713
3582367
7410200
3057295
11616609
2452960
4811148
3685251
-241038
-4061343
2960080
11050021
2037841
3493669
13322825
-890231
11331274
-912834
5462375
7101862
7924353
1302018
3399871
3597036
8568790
4401862
5755299
7249573
11193724
8568080
1654085
313579
-739971
11357040
11911628
6402970
6847684
1480829
6616606
10558036
5741443
9636421
-339607
10170308
1995648
-1018276
14108405
2918692
4633074
5214467
-2148782
8210167
7783704
13248097
7680258
2278919
7644684
11048417
5462537
12095101
1381946
335136
3219924
5562084
3741712
9803444
3734818
4305941
-767425
9614470
-1181275
5042373
3862854
3446054
6363630
3792419
10999394
12426918
8537488
5950448
243782
-2951322
7002839
7337417
5870876
10531605
4787319
6512667
2614535
2551122
-2692741
6022409
3376217
4544938
2174418
8699921
6277411
3660120
5741105
1429682
3369339
4902121
591570
5089874
3394681
-1998828
10478727
4680048
10334916
2792228
7891921
2635688
6649578
12376471
-752534
3682667
6161667
2122185
1433854
5554778
680546
852116
5652585
-448128
746196
13720846
4275546
3745911
-29804
1881571
5497851
11676233
1800091
2491913
758268
-96770
1674370
-1209957
13295528
4664916
6231339
3322793
8311658
8037678
12159297
1189981
4170867
7613203
9674637
3820323
2697161
7006776
7852098
7298696
6834476
6540017
9261337
7638438
5216975
9985774
665252
4184286
4115380
166012
13375500
1349117
756407
4600502
5360004
1693525
2361113
4198106
1506637
8241421
10130655
1763284
9053905
-1281987
3388273
2855965
4162770
3929746
968643
-740370
1646904
2926270
2509468
5874028
5327770
6107133
5512918
1489341
2668710
-519065
4773325
991207
-1370074
-1228517
9711990
4252859
12432081
1120365
15035531
5389109
2844523
3227790
3778804
1791867
3505174
9224164
1379504
5505303
-829189
-847384
-1845754
6675368
4054642
-3231679
11248515
15931485
7563485
4951317
788222
9500362
2162265
11241743
4582034
10443835
2477263
7349355
6759653
10327863
8249985
3392266
10351645
-190529
3955956
4129654
7241960
8295235
-1499459
6574339
7822251
9947271
-648619
1093838
4515738
-1751651
2992096
229811
1823779
-224105
576756
4210486
3877680
2857459
2904612
4426132
1370492
3602824
11059166
6715703
5665594
4735966
5983594
3655283
2997681
-1376372
4656882
-370252
6459744
4661668
13229122
530439
4013791
1451408
-800605
2472750
2150127
1694530
5318502
11773718
4862275
6024907
-63878
8362767
-2533979
7342096
3429956
5201270
-2524547
4050439
3812671
4044706
3242673
6197988
5627942
5661664
1685324
11017943
1293262
1458228
14762474
1886637
12584701
553395
6428490
6914939
3080890
7358045
1125518
11009910
13077406
11486086
6877001
4653592
10883579
3918275
2150284
2730162
4644023
344554
174878
12328446
417691
-2778645
13302095
3391678
2291944
9697432
8656109
9279891
6002365
6372696
1016560
13172541
6035272
3996276
5103425
2304762
7816344
625173
3597872
4643666
1607037
2539383
8102516
6167697
7480771
9236369
968511
4123839
9057293
7260840
159479
1157924
12141510
2667943
2254087
-1981108
13374370
568413
7912679
7995913
3919560
-1683825
1714625
5140514
5600880
-1550822
11475053
1122952
6021787
11742978
-769464
3603680
-1113962
2848758
5343558
2028264
-461621
4205896
8771259
130732
9854444
8511000
13057891
5875994
4346086
3876954
10451763
7353550
1313942
4668331
6622342
7815465
12400230
1563486
-1401201
-121611
8475105
3205497
7793408
6074566
-1364576
