-207311
-696205
-442219
612458
-739015
-1343471
-200362
-1359546
-1825381
-445984
-1778514
-1651800
-678315
-883119
341899
1389944
-2221822
225172
-1834124
-140959
1389906
-299255
60324
-268312
-96525
197247
-1182744
292524
-295882
-1220681
51670
216071
-1312053
-1006228
-791448
1299078
-2451
1812847
97110
391517
-3149519
68931
-1533371
573449
-2583192
485304
-1926136
-3142536
127760
-799886
-791611
796551
-85716
132137
1073114
-1275168
-264548
-1585235
-317995
-208907
941567
117137
-918818
-1311571
-2658691
1310571
464698
-1632258
-155574
-767644
-2194833
-313621
-1208563
-384140
-427233
-2036451
684320
-637391
-104520
-365818
59155
135668
-1670356
-1509622
279331
366911
1102115
394286
-645150
-1467122
-305488
-724107
-2362327
1879080
-770583
-3145917
-1573553
-1051991
918215
853470
-1108450
164148
361686
1027379
-1157996
-914215
558188
-970451
42560
-993037
-261884
-2023494
-1017821
432899
-1148513
-1305189
-1676155
-826759
-1964286
-2125823
-1514011
-1386933
51576
-1397438
-433282
-1670989
324836
-827777
-2321505
-1339706
-1796929
580749
-165981
-600440
202081
-431027
60565
96631
-2286056
434952
-555367
666154
-1203700
-921507
243465
869633
-1571771
-867880
-1373811
-2037774
1461399
-383470
542371
484819
805367
-603980
85555
484487
1854402
-868137
100206
270106
-1040607
-513549
-275055
-976573
1137999
-2077846
-445723
-2114915
649751
444103
45235
-1297469
-2665854
-683616
-1318297
-2130286
-929743
333241
-943066
-1628074
708841
-1557651
-1727071
313973
311005
-1504098
-1222324
-2801335
-1398573
-1271089
-516043
-38711
1301164
-774485
295893
-1058540
-756969
-1853892
44592
614788
1308214
-1304177
890882
-1642305
-3489999
-125517
-638537
-897246
-66386
-883523
-1174160
-913588
-1760026
-701938
397738
-2663486
169592
-1736922
-2004853
-304131
-1340012
-1484381
-758165
1092817
-328288
461898
-1555318
-399347
-798090
-878507
-1160734
-370787
-224346
-2169247
-198795
-2545577
-2542277
-588104
-327167
-1314220
-292307
-1734266
1060577
-1833622
94850
-1660700
-562998
376513
731690
-440726
-1147834
-2680838
-2228962
440334
-519987
326137
-2567619
-353120
822773
-1773432
591351
407903
-1053643
-1840599
-2103451
-983005
697924
-820387
220163
645688
-340772
260431
-2364946
-52329
130815
-907786
877214
348011
-601084
311146
-1165684
-714887
-1590964
-2216604
-751139
-2346334
326492
-1364029
-1073679
-3415669
-1650744
-204107
241590
-726687
-1643712
-326712
-849568
-712456
138215
-601040
-284997
117630
-1114514
-3187057
177688
-1325951
-2143981
-292652
-1345573
-326027
1910209
213636
718989
-1294837
332784
577944
-316540
-1043316
23374
-2355545
-808671
-1264375
718548
-1681594
1743882
1418981
-2628956
-1567443
19397
-1118418
-3219842
816902
-1146667
-91671
-576717
-1033699
-50345
2048272
-1358806
902978
1216566
126545
-950649
-1903725
-3189472
-1165753
-210740
-1868940
-816182
-722970
-1421076
-1489044
981384
950596
-310394
-2114061
-1003968
-19866
-1455148
-2556768
-657489
-1195623
-644632
-878404
189275
-2093628
-1091139
941636
1084566
-586086
123207
287171
318993
-1307355
-1604455
-339004
-103380
-1647143
277254
-924116
-726834
352553
1004299
402176
536720
-442995
447608
-372208
-1414030
-246448
575720
-527093
766121
-1602884
-1446040
-155521
-672768
-128161
-2006642
-513695
493388
-1703410
-1545057
-2042663
-1837377
-1452684
857764
-1648707
-525333
-1703306
-1965118
-168274
-2242866
-2186529
-1801666
-1429851
-1846986
-1576667
751233
117053
-134927
-2595525
212379
-1810920
-637896
-325671
9406
-1676900
375410
58358
-3564404
-499596
-1871403
-1045704
-1375700
-1121868
1859014
-1070831
-865280
-2378380
-1295083
87200
-698503
-1183819
-185092
-80548
-2210441
-598335
-2446552
-825109
-2889378
-776981
585646
266132
-1917213
476499
6696
472239
-840028
69549
-1414134
-1145372
-349802
-762186
-3367828
203773
-189605
-1476045
180983
443647
1360545
-785966
-1076805
-2435219
-851585
-1156909
-3773567
-247796
-1119925
-1333806
-22368
-2049958
-1040665
743646
-502207
-1879514
-962752
529794
-575093
1851715
-322465
33403
-1652494
612860
-567921
-970271
-1825174
-461572
209208
-1657213
-28367
-2202744
-1855711
-3369788
-670737
-1240874
335679
-3326901
-1096804
-1252557
22947
707451
-774745
-587919
-2215464
-2836194
-1044537
601738
-194610
-1242885
1322072
1610205
-1762216
-1839546
-280754
-1348304
-326849
-2124199
454698
-1028661
-1090256
-760520
1118971
-1088461
-95329
-961047
233480
-1278566
-1526680
-2770468
-1279921
-721463
-1486023
-454714
-1948431
-621326
1628438
348115
-387614
-2109071
-833648
576050
-445117
-2235944
218209
521387
1380768
-110021
197886
-1105165
-1409041
-1726900
-18518
1870342
-1122715
-728152
-7586
945020
-971479
-1672190
-1781422
-2383036
871268
-713391
-75872
-1095657
-832143
-353584
1383761
-1231283
-1946701
954749
-628150
-2435216
-430134
1423535
1001897
-640554
-1349136
-2645874
595596
-1471776
-1814247
-698912
-2053317
-168327
-605502
662533
-3501903
207724
-180244
1409313
-1520997
-982942
-370717
-3511014
-1111504
274803
-939037
423318
-2915358
-639750
-1871654
-1167741
551676
-590485
-1523393
-2140787
-657190
-784501
-1093327
906975
606453
-1076524
87974
-884642
-54774
11039
361972
-2804333
-1301144
287537
-1312701
-1280388
-2379790
-1164278
220440
-1925759
-28770
-1541686
396054
211231
-1227031
-1094353
1141714
-866816
-2262409
-854926
-933446
893534
-1549342
-1570699
72037
-1660597
-392543
-1347120
-2582897
-442872
186507
-1678689
118997
-2187029
-953122
1485756
-250953
-102731
-999214
-1194033
-1291475
-2409478
161531
-971647
-1524087
1160717
210041
-799660
-668315
-1116075
-1226223
-930893
223215
-956307
196868
45701
621566
-923165
-2822621
-911023
5526
-2103898
-447644
287222
95083
-874065
220836
-802055
-1041768
-386549
115593
-734207
-1244173
-693442
392863
144234
-2167639
-882797
-2413578
-246376
-2388331
436812
98436
-342642
-1624110
-2149033
794011
-1538548
-834146
-857512
610464
196933
14154
479116
-1327512
-1909315
-1614838
515605
-707418
42463
955239
-689113
-2144708
895078
-143675
-166274
-1895542
-1567906
-175436
-48892
-2346608
-333294
-1029816
-1363400
-1427354
-582225
-2115512
-267609
798034
775042
-3073391
-781703
1310630
-1019919
-31612
728661
942431
-1135986
-1224826
520018
994957
-430072
-1303741
-2122246
282508
-1037395
797472
-2475017
-727568
-722497
2931
-677549
-463062
65084
-1610801
-220456
-68726
-711260
1929975
-1041321
1791327
502594
21699
-145901
13718
16814
-1166249
-1332623
209050
-2746326
2026881
1165551
-1149293
-2651961
-1368764
-57816
462193
185260
-1445747
-1359810
1164547
-2216277
-2091907
-654777
2085
-1955669
-16487
-2201882
-320545
-298253
301736
-369865
576308
-1590239
-484288
-1016424
-412369
-588606
394206
-730051
-3074428
52214
-821064
-2356022
-1224552
-1118454
914379
245481
961621
-133636
-639597
-1105414
-489396
-766255
13088
-2181665
-1671091
164109
-2004519
-804131
-389251
-2262760
-207816
-1558715
-1722781
-1015100
-1100367
-2216358
-1427374
-1523210
632009
-581586
353513
158095
-1131297
705323
-1949567
-1961159
95784
-1408406
-1017094
-726809
-2108342
-590254
-1011671
-54666
1084081
435410
-900861
1036729
834951
-713659
-1876496
461092
430041
-463494
-716049
-1822733
393212
-310394
-248233
-1037092
-1932752
703968
-1523999
-281364
-1302501
1975129
-501990
-173854
-859894
-2966178
1495400
764737
907669
-1695284
-1127428
-1474509
-261908
28124
273694
-991959
-1189279
2341696
-1034014
-773602
-2782441
1387989
-1185973
-60760
470686
-149995
-1567412
400790
-1229086
-88462
-1406922
-1539429
-88221
-29584
-2189564
174615
-8432
-1199078
-1376729
-1535807
-477022
453359
-17318
142366
-731655
608363
-1072713
1153885
8869
-1472251
571906
-1486917
-1542591
-524283
-3113959
-2194347
-624282
-1183074
-2275796
-1199502
-377345
-1004672
-1472573
52464
-886211
-935342
-3965228
415914
-1245595
-267591
496870
213213
-2112658
1216648
824648
-1627803
-1570891
-1239157
108010
30413
-1866344
31949
596361
-1160926
-1542080
-153926
-912914
-2385438
272119
-1845983
-373307
242060
-670011
-1392411
-97788
114205
302718
1628320
-1668280
-2012316
231146
-824059
-1533797
-2254811
-1036486
-476882
202007
-215111
666525
-932937
-2977991
1001832
-1168166
-3192342
245319
-869058
-3376668
-1104682
-3689205
1084065
-1902184
-1253782
-227836
-1230246
-2413779
638311
-988278
-1720964
-238396
-72280
210107
52038
335169
-1822555
-1141893
-852535
-154058
-615271
649052
-960664
-3041496
-306874
-751703
74673
-356877
-2172087
376163
-660998
-654761
-1696784
50290
820426
-1299871
145203
-1555398
-2108978
-1166036
-616817
802870
975770
-277423
-216452
-1396303
-548899
336914
-1452727
186924
-3015749
2033704
-171389
525372
-2303090
-79910
-50975
-1032127
418338
-912666
-1520934
-832369
-187939
-389984
590699
-1099062
-383864
631796
1128540
-1551064
-1910149
71249
281162
-257400
-799618
834453
1279373
-1517412
-1927590
-2144130
-495007
-1600820
-420480
-1401823
266741
-1331795
1692150
-2059388
-735560
-1680577
-1072844
-1266788
-36161
-1515575
-275363
-2890301
-147353
-1704644
174720
446803
519811
-712700
-582160
-569401
-330416
-1636425
760778
737169
-2125882
9966
717956
1005622
978393
-1163043
-468721
704684
-3250161
-174626
-60564
-2695478
965901
-2562481
1586660
-2678541
-672089
1211900
-137300
-351178
-1771960
320193
-844531
39318
495582
315806
-209427
-2980482
-1530090
1054908
591546
-866288
-88476
-248735
-1327041
-1631022
-818779
-1144727
-2080538
-10568
-564484
-1101776
-980561
291724
-1291098
203040
1313764
-344621
-295557
-1308781
1076269
219186
991316
12116
337564
-2855480
-2987714
-1126207
-126096
-58011
783631
-3173694
-615642
-847923
-60798
323868
565445
-549594
-452386
-227149
-128929
-1094634
1049259
1198190
-675935
-46251
513248
-2035262
777272
-1632621
-1105879
-166161
-749454
-812426
-1622190
-182280
743731
-748889
757936
411090
-539326
-997520
-1876789
-1153620
-1022190
-584413
-2288602
-3538154
-679225
-2370894
-550352
617488
-862264
-1396105
832060
-635122
-1684269
-321650
1166519
-1657244
79854
697005
254373
-520158
-1456534
658028
-1152440
-2836418
-20644
-1203304
-629235
-1023802
-2270785
1082515
-1927783
998724
62939
-724621
-1967627
-860755
1427403
-1557179
-1119872
1712942
749560
235484
-1922768
2465778
942160
-1058807
-2701409
-2041006
1391236
-954208
-648531
-1112362
-1493313
207551
-1118338
-1618764
-1895642
-3199660
-227872
-2143459
1322613
-1317923
-23128
-31355
-2064859
918822
-902050
-617118
-1418101
-974370
-831161
-1471776
-1466254
742497
-3205200
857323
177101
192891
-1835753
-695600
-111383
-321476
-2806408
-32658
-293792
-2362156
1298586
-218497
874193
-1251724
-1486754
-1986148
559776
648037
-325364
-2227279
-379612
-566198
-1064825
-2914452
1001825
55636
63093
-1728311
1038275
-181140
10602
-3216480
-405078
-916924
831126
-2027891
-1335700
-3163549
-1192420
-432485
-2457198
293266
-1261156
-664749
369270
351898
198596
-232474
-2803485
350002
-2617826
-1350555
-1623788
234925
-244061
-255302
-46823
-928818
-2272672
284240
-782633
-1657042
2411973
-1995032
-79784
-1269969
-2428766
-581772
-155269
6700
1141341
378682
-2503899
-995747
-2576752
778528
-1860405
-1484977
-305678
-1491100
-1455694
930479
1703730
-447399
59652
-2127925
-590332
-1133231
-1433617
1113809
455775
-1532680
-2756459
-2082425
-2195815
911372
-3431174
-499545
-1860025
-884825
484544
1314265
-1507238
-1153795
-962845
1302759
-493531
-1844200
1834304
-394586
-403985
-1515483
-878682
-1375620
-729462
-2053467
-1222555
-77991
-480259
-796824
-1790274
275871
-1229835
746679
-1332282
197678
-2600159
-645634
-1923533
-41447
1479636
619254
8282
-178296
-737677
-2584597
-967027
667092
75438
-3508114
-1356173
672551
-906048
44791
-522121
307624
1886660
-794469
276779
-1706366
-380282
-1403965
-291965
-774604
-606288
-291428
506550
-647771
-2049140
-3204617
-2521685
1576131
-893311
-35266
597247
-6638
-1137745
-714466
1049787
557792
-754287
-25093
-568148
-1198708
-622722
-1363721
-1007462
-283239
112600
-1553545
-1995370
-396124
1160879
-1729131
35506
-1435766
-13826
634355
-964593
-1367513
-327586
-2056838
797807
-171768
777265
-599390
-209512
-1382748
-1055148
-662551
-1853699
-827233
-1103305
-1909782
-1797300
-1745069
-1014642
355631
-1230635
-313127
-1409699
-1763889
385845
-2373703
-1500521
-1983153
-475402
-700565
-525500
214048
203444
-1201833
-504726
-445309
-834800
-1169888
-1630353
-485146
-2769648
-1444715
-919548
423371
-756665
1897972
674320
-1716688
-2700285
-1273940
159303
-1397605
-1465093
-555662
-1219582
-1672512
219136
-242451
540823
-1512879
-628151
-1466685
-143216
711200
-656359
-2988000
-2326620
-38574
-2456082
-1693459
528555
-170165
-680055
-1807352
557732
-1256848
102721
-472675
-1085913
296636
-731300
-1603745
278247
-257802
220068
-206917
-719195
-1013541
-2336129
-2400725
152262
-1330261
669742
-916937
-2162869
697225
-1738023
-1381945
-359325
-1394530
-347562
-1411541
-3080941
634910
-2097438
528112
-1211954
-1163813
-1815564
513959
215276
-327126
935995
-2017486
-1354718
-353772
-1310230
130388
-1413621
-1396739
85745
-1409471
399650
449563
-1167033
513489
-1266476
-443599
-624197
-996078
-805797
-1693379
178986
163910
495004
-1272353
-1568915
-409817
740535
-1856347
-1009383
1334510
107612
-837568
-386583
360622
-140526
-1500135
759319
-424183
-1333562
-159394
-1743240
857703
230046
580833
-1288475
-504202
-1658096
-832170
-181181
-2306480
-2153033
329349
-690837
365795
339484
-776661
-2005616
-1953970
213159
311068
-701137
-1990659
365362
-1455048
-1022261
607940
-714500
459285
-1350310
-672319
-321959
220177
-440859
-1729291
1113325
-16212
11417
431380
-1591994
-1268816
-1999699
-1417176
1325247
596775
-2109134
-1487650
-314295
-1062195
-508754
452220
376631
83090
-1089541
-994881
155550
588176
-2922208
-407265
1830819
-1036366
-1651315
175315
-128277
437824
-1372225
-270966
-720632
-657584
-1538874
-1000933
-347956
419123
-1038528
-1572907
699326
-854585
-1914127
1518859
-1495908
-1202545
-1083187
1078008
-2176799
-1301627
-1075240
-667284
-2547640
629191
-590290
1878601
-3219951
681083
-532041
-1328557
657805
1324860
-449916
193507
-4027371
-776010
1084572
1013491
233999
110478
-2324099
537472
-587761
451301
1561083
-815418
-741780
-2509096
-1291516
-1066984
-322002
558894
-1784901
2095211
-441456
-426154
-2252574
155060
-393141
-356543
1787664
141066
-1278420
-1337023
1834492
-1305908
-743206
-794363
-516197
-3297770
498038
140230
-1003576
370926
526482
399818
-182461
-2009270
1795630
-2613700
833250
-1272399
-1214620
620418
820876
673809
-196700
-852583
-478486
-111556
-2213123
242003
910609
1489175
-628724
-98310
150152
1011848
-1934033
-334530
700275
-2759728
-687000
-343101
812777
-1446018
-494252
-1491792
-753545
675064
-664
-460485
-345708
850478
-176420
-34204
-1928526
716044
-1247190
-1157454
-1978685
-2015722
246746
1260900
-1088085
-34768
1679189
-1348616
-773030
-1245250
148014
-179412
-1563788
-465641
1720585
336892
302715
-688783
-1484688
267850
-390452
269121
-310232
-332718
139073
-902042
-386842
-2131672
942125
-905546
161206
-451795
-940444
-1713676
289183
-1781
21334
724057
-2208236
239664
671590
-1398190
-1610766
-1245280
250026
171059
-654221
245707
-3548350
-2090755
-158598
336494
-1068558
-1530880
-755225
-1827032
56195
-780627
-623303
-1307025
-926422
-3769550
918649
637434
-1628791
-502313
547692
-1312633
-2334395
-1526978
-2201723
-1359687
-2978265
456075
353348
-1104759
-1638886
-1229036
-2028775
2030300
420152
970280
472587
235842
335054
846524
1042439
-85363
-263662
-448611
-828722
-12951
-1839090
-1967467
1333110
-777613
312634
-2503470
-4467
-689954
-1036898
180656
-203678
-1569737
678465
573899
-1058861
-2682423
878061
797754
161785
-1630855
-2728135
-1923415
-1181801
-1450076
-1256072
63656
-47967
-682087
-340735
-260257
-56785
-904152
-90397
1012280
-2879841
-614452
-1385153
492104
717728
-437808
82356
-781743
454829
1665737
-86532
712937
-1851784
-290052
-1039616
-172534
-656251
-600376
-2258305
2030564
-770477
-866031
-2194747
-567693
-379220
470082
-1345354
-986060
-935455
-1423667
643982
-1340766
-1212498
-409276
-211084
-863109
1026783
-2610566
648717
158630
-1665213
1345798
1470346
-1286691
-698062
185095
-678666
-1238754
-705848
-2252671
-1228816
-145734
-1961915
-1550738
-922759
-1574529
-2888786
-2079099
-260899
669420
-903822
-795583
945571
-910576
-1161454
2528575
-2794163
871177
39009
-2674807
-410863
-1344080
225395
-166986
-188157
596174
1951731
103086
-378865
1679386
-102602
-305855
-1065236
833462
1448415
752483
-724153
-1993952
782214
-995538
-514213
-315089
468104
-876622
-2266402
-848148
-804345
-2502926
838588
-619349
-615172
556822
-3390224
-992109
-1253710
-1678355
-1042883
-561064
-713844
583368
-667020
-125377
315761
-46125
-1888416
-1717935
-1129423
-627879
-1215722
-1610079
177923
304966
-1324839
138563
1505125
-1001662
394783
-10567
836837
994552
-212550
-342860
-171417
-394241
-1595672
-839830
-1218494
-1506098
-1593176
-862514
-1421551
848446
278437
94165
-217127
694168
-1674751
-1412518
-625957
-1189702
-2400952
-2149054
-1694166
730907
-967187
379033
1061811
362570
-147415
-752154
-241057
-2101152
457178
-1041014
-1068765
-1166692
-1585629
52867
-2073787
-3056255
-1739227
41831
-79330
-529510
-1075579
828349
-1580611
61389
143137
-2448234
-1306801
-219553
1976735
-2040277
-693801
953072
-164967
-60311
632587
-1909621
-814331
-1433065
-686058
-467847
804891
-2393968
-41785
-1473165
-1331230
605065
-1866839
-88094
-1471532
-3183979
84489
319584
-76628
-1792656
-1076384
1049217
-628922
233047
-1021818
-1378317
-645552
-335366
66281
-1061207
-2450547
-1544166
-1323510
-737226
-568939
-663020
-1630067
-271739
-1035398
-1499966
-2574924
-1379334
-960885
-1774832
1164613
229460
-2931639
-115883
658751
-1255863
-1107247
-1920743
929163
-492178
1967221
-975844
37573
336721
-940691
-2193813
-991246
-1322920
-1358776
377019
321480
-1947679
-531352
-1554366
-612741
-1301681
-803020
-1656453
-384667
37972
-2234704
-419968
-3175695
-3173080
1667102
-488052
-868031
-1484933
203649
-330549
-769898
-1071987
-1288741
347983
61615
-1489177
-1614368
-1499743
-1096091
-883293
-2394303
-995578
-1922522
287280
-320109
-1581213
-1725136
357089
-215169
-2132360
-56299
444987
1703697
-1202954
-665227
341173
-2852368
961223
-928700
-60292
-1696085
-450515
-2143789
-1062211
1336459
-2363512
-643901
67968
-364477
-143426
443001
-1787172
-2800677
-255351
239056
-175410
425493
400277
-1401164
-1952388
-103404
-1158403
-1880801
1066689
-1322485
-330143
-1493348
-1371615
1515775
-1337067
500298
185937
-1494699
-515138
497916
-1060082
4009
-3224804
-2056880
-51017
-1329775
-2317279
1089609
-1257634
-985092
-903018
-1492597
760121
-464390
656978
1787319
-719724
585749
-1103167
1360118
-932744
-3397307
-301947
-110135
-1762394
-374830
-349026
718868
409813
-701501
-1147665
1230099
36517
-2218564
-1361025
-156272
-1735743
-1192575
1145284
-2578206
-2087834
-45935
-1827911
136948
-1303722
-203313
-5709
-886749
104769
-537894
-1363038
303490
840069
187618
1126574
558266
-879223
-1111246
-912922
-1392781
-277559
197503
82600
-1316416
88860
-414941
-1811943
362029
-1386182
-391505
-1126052
-681186
98789
-957961
-758533
-1773158
824394
-1855770
1369783
530156
-1181153
-1783218
-1148745
-3135916
-814333
251284
511174
751746
-664594
-1932328
-2054646
179411
-349553
-667132
-972708
-687943
-2514939
-932105
2050197
-2737758
599540
-762735
-1393928
-2304780
-2490661
-1439652
-1481457
-1091313
-2517948
-262788
967955
-903080
352438
1414589
-1097666
-643700
459131
-2985483
-2345613
684735
-1257270
-3344235
-1622034
868858
-755002
-127933
-1114509
474073
-1229933
-1251808
-865279
427664
-1068311
706042
-2993738
-52047
-558850
-884973
-2502469
69141
-282110
-2276364
-617652
329493
-1626945
1797620
-830056
-1782713
321049
848646
-1654247
-1424087
-719990
-569553
-642974
1548592
-2064779
-1597470
641684
-2293807
-843239
-2021684
-1341448
-93619
226436
-2029257
-1219636
-1196563
404048
-1173198
-965224
-68214
-1255664
1165174
-1183976
-162253
-456003
-1751580
-591819
-368766
-108634
97783
-2050899
-320802
-1642844
671258
-646919
458671
-1867863
-1856701
-1964668
569409
-2289917
-1068563
-1142271
-17262
-42677
439566
-2233419
-276544
-1228492
-1046054
-212870
-2140873
-1642214
-1179884
-1410219
936754
-656398
626944
-197486
687531
-1314104
530751
-145586
-513564
89163
-528079
-1686161
895951
-2328265
-2198817
-113317
-382966
-1151384
520384
385823
-2371931
-714053
-682766
-633041
-1735943
-1323948
-1608086
-298799
2347755
-1670091
838180
-825350
-975580
-1752887
296697
-2442996
1184915
-233728
-199122
-1218481
-497712
635866
-229576
77974
-486939
-122210
-1935799
-496864
1940747
-92588
-202056
289068
-298437
-490132
1776850
-1180869
-817024
363831
-706696
-467372
342422
424269
-1061926
277883
-1836135
84600
-770684
-1536667
910286
933467
-3455703
-1162674
356185
-715661
288678
192000
-560396
-2069771
-506270
-703369
-18360
-2499442
-2234984
-1906498
-663938
1814310
-74119
-999546
-1463734
-1173494
-2454970
-1996326
-1504532
-2122522
-660637
1427934
-857690
-1601006
-1527885
130364
-2214358
-2972490
-183654
1109292
-2335563
-736556
-438776
-1059089
-1663819
-714093
142208
-119640
1935812
351161
235374
1363533
1735392
-1184292
-1985316
395438
-2323996
1517962
-1800816
-2526420
-2770022
-647125
-623887
-1414214
-1016286
722686
-587733
-1218906
-2874368
1195347
551703
-30232
-2550893
302852
-701895
-712306
-1847554
-1394513
-789192
-1189212
-1867046
-1479010
-2135123
-644080
301076
-1489511
-401868
562273
-1205348
-1493552
899330
-1489841
-1348182
-1122378
-930412
-1444711
-3305629
-2000971
-713877
-853229
1232874
-2831443
-1029631
-981208
931383
1534644
498358
-1784911
-1943141
-1241850
1034557
-565321
139137
439444
-405546
1021586
-786585
-1513297
-2040863
-10291
-3559154
-444703
-1810375
1947744
246136
191857
-2135492
80245
-578059
-1991256
-845409
-252983
-1098886
-362727
-1245224
-519786
-3052847
872115
-1394495
-1193558
-870609
-2117684
796388
-981719
-2284738
-2206927
-753134
729543
564447
-1456270
477844
-487585
1427208
-1894032
208295
-215262
-841595
-526707
-1503378
-3376738
68741
-1642931
-355534
-782715
233228
-761645
779562
851678
74956
-2731585
463170
732745
-2274750
-1586087
-820542
699464
32319
-1425810
-2599277
-65213
-1098293
812540
-1366824
-1267071
-120216
-764510
235800
73457
-63422
592492
-210171
419254
-1154208
-1273817
-251957
-1913494
-667113
148748
-1954629
-645698
256996
-956053
-795454
-1189526
-1872455
511926
-1050641
1720490
-123878
219937
-2518455
-939264
1081027
-248413
-144790
-1830449
-1332266
-2531495
-1601920
-537881
-1491305
-1746143
-2550337
633389
-1415215
-255688
-1290311
-799016
-684212
-2927441
-442529
-548181
-1310970
-1267613
120714
-915565
-3586544
-2431415
-2924971
-745005
-1891559
-1186684
-1913750
-592741
243039
-348102
-926924
-463599
-2383031
2139546
-1757784
-1189347
-1240701
-64188
287494
-767926
146162
-1621180
-1317648
-189273
-3072476
-1636983
-1118055
-1024170
-1863084
933636
-460339
-1425878
-1632053
-1815758
323302
-1485638
-541310
-32583
-675474
-559231
-411998
7939
544689
-1403027
-266342
1562964
-745253
1141105
79729
-1138745
-2923855
565674
392826
-855957
-140727
-296807
-1417966
-182488
-358191
-1026269
-349122
-850139
-963182
-2800082
-183210
1201786
-754109
-553526
-2252074
-54457
-1277721
961665
-1621427
655384
-1436365
-546879
-1122954
940617
1065741
-124864
-3083590
161398
-1560134
-2031533
-1633608
-815264
-198593
760643
-1523203
1052466
-586468
-1658940
-173980
-1298605
1591433
-30263
2185657
391763
692930
-1640146
-2709210
-49486
-3088928
-947906
1486303
-1521863
1260306
716340
-359043
377713
-466255
-2891119
-1288201
907437
-1797344
-1069813
1406833
-167253
-2175482
654729
-1004491
565748
-540267
576293
-2297940
1007905
-280910
-974807
-2858490
-1423475
-1173703
-575986
937489
-2033535
1556741
-1105283
-537759
-501738
-1511288
-1674989
-1456214
-611089
-987988
-1971975
-1831722
-164982
174613
580264
-1982301
-2381368
85433
-687390
47878
-1956246
160404
-1924546
-602571
939478
-425346
-1947987
-1321658
-617024
-429968
1194619
-2744885
-2210174
-1247210
-1371834
790915
-286158
-130225
295708
-257211
-624966
-1789088
-1349335
-1822575
-2234256
-940423
1086339
-438789
-1737715
-1937578
-525956
-719361
1974124
-2262544
227476
-633867
-2306965
-3631155
-2195903
-1575870
530416
1204873
667257
-2280172
-184748
-1613258
12147
-925762
-708113
446023
-1497915
-880189
379349
-552715
-475404
-881040
-1807179
147580
-2008259
248905
-1824393
-2963406
-1365535
-1075169
-1105603
-3208978
963951
349506
944934
-2227381
-1297937
-1758045
135770
-1194370
272306
-2141708
-1671317
1880040
-2066560
-56435
-170580
-1397451
-339842
-1149479
-1308529
1510141
-1827541
-323737
523873
-2218104
-950430
-1618849
-223769
238891
-618593
-1338483
-2463756
-841787
-175765
-1422967
-231199
177658
-2772767
-1493096
-1305810
790435
-632305
-44591
-932405
-1693877
-984879
-1707201
-2253192
-103854
12420
-1046504
759341
-2367473
-1192210
-470635
-1411819
-111382
277407
-1620611
-29175
-158528
-1645707
357603
-241067
979302
-1663231
-2177327
-1148893
-451878
-749364
-2146554
-788807
-1436763
383138
694671
-2222357
-379047
-2171098
88886
-934064
-612483
20030
-853924
126022
-1156748
-755537
-2861
1114127
143789
-2159152
-156503
-2237532
305656
-1045879
-300632
1985883
383806
-524958
-863707
-1634643
-980527
-3627
-1694500
-566072
704615
-82539
-442434
-1441592
-1647589
-550176
-2038436
-1135145
574454
-73676
-1252111
-405224
-1857730
889547
-2342701
-2144766
-1509693
744021
809790
103640
-543979
-672211
-1588779
-230419
-544333
-606243
-3063506
-1085227
-2041971
-1747792
-1055686
-867149
-626548
-116447
-273695
2028170
-1044247
444681
-1453404
-3245366
-2181680
325291
-1697914
-969505
264243
-675865
-1658297
-730893
319688
726367
-31549
166717
487385
-65327
242036
389629
-752057
-111652
721386
-335300
72544
48287
916952
-826248
-1034053
-1136750
-1415244
1180283
-3099741
-875861
-888661
-3249820
-3149767
-414830
-2033
-514177
649448
-687772
-612467
1137840
-1225658
-23011
-1626400
-1440677
-1716109
-1272276
205152
-721010
-1503698
1325075
-2086089
-2811192
-1107305
1796805
1218795
-1423410
-130235
-1212703
-13423
-167204
-314254
283400
-198266
-378741
-2359205
-1982293
-63393
-169575
-1003165
-1313259
-928584
147745
-906239
-935934
795392
1003603
2523127
-1212212
371422
-661885
67310
-1502486
-1999681
-1203206
-609195
-1568198
-1352266
-126534
-1664510
-1774852
278726
-50509
-1106858
668808
830936
-682919
-558457
-1025143
654256
-659825
244844
817825
613666
-2645963
-1646352
-1371682
-2160435
991591
229760
-89424
-1364259
1991165
-936815
766347
-1419455
-1762717
-698109
-766540
444078
-1470516
103726
-1579446
-255321
-1134003
471759
-1070266
1312702
-2032707
-1387063
-1128422
416897
-1258373
-2870524
-37340
-746752
-563847
-2371969
-699730
303909
-1875097
-1264588
149419
-1270497
-28514
194114
-1481095
27898
164533
-1216793
-12157
-675728
136997
-918674
-1956678
-990320
-307009
661498
-1807651
-1438956
-158527
-591492
193024
-240361
-171896
-1855683
484160
832696
520313
-1530800
-155716
-1785372
-891561
335506
-1760392
796862
-276322
-3018830
-1959031
-912136
-949828
281543
-174401
-1043065
417501
-1980257
1233163
-51992
-995056
-1540130
-612137
175817
1156228
83260
-475612
-493613
-263110
-1427964
1590784
-193330
-84079
670638
-2934155
-1028063
-1010388
-1479495
-2020454
579447
-276343
6979
-1917748
-2026160
-2422917
1152826
-337418
505558
572250
-1289446
114104
-612744
277839
-607068
-1540974
394606
-1193440
-915790
548040
-1769831
-1827927
-1370951
-3093915
-904031
-110964
721458
-770956
734759
-2847
-1149278
-1865596
-870507
-1410324
-2816406
-1770316
881687
-781801
-800313
-2309360
-1371767
956248
-1441345
-383882
-3501047
419490
1087424
228364
-142687
-731635
1755141
566719
206801
-843961
-755614
-941821
-123675
807667
-179361
-2169501
-762025
-1993314
-1935423
-1378077
-1829334
340530
-1584705
-1184280
857023
-1815259
-788525
-139121
-225512
-1569715
-237768
164879
-450361
-941299
-2089302
122256
-464654
-1738237
840937
207433
-1498440
-130870
-750037
-817211
-1294970
-353821
462854
924085
1592529
-2578493
-477346
1586719
-3003207
1401371
-776774
226194
715403
-1809634
545861
419501
-2613069
-1894071
674134
1391909
-2113922
-945097
-1296762
1884549
-872652
-1082834
-681202
-473602
-385038
-1824819
1478632
-1888450
-1745582
1528989
-1671822
-1346413
-728091
-861806
1105723
674793
-1670394
-1194420
1078076
-40638
-159485
151008
-2607157
-1282464
-3245032
-1463473
-1052616
-820689
1532829
-219979
944020
761376
636767
-403003
854642
-474227
-268391
2068683
-644188
-2509505
-1199737
-1337247
-944858
-1275055
-2709342
-154725
-2795811
-821201
-278273
-1752332
-1361774
-687696
-1563713
-719217
81059
-815635
-1768013
-663285
234714
-1410104
-721945
-1831805
-2202863
-1367551
-1065906
-162261
186030
-1648346
391651
-1424691
-2981813
67515
770617
-447839
-488780
-1994933
-1627748
-1054776
-1566805
-3178397
293038
44241
1270191
-790517
-1351552
1423881
38507
-1153198
-1474393
-345736
-624830
767707
-1762691
518385
-792987
-841401
1306468
-915318
-538734
-567975
-1195804
-540503
-940677
793409
-237207
-26097
663949
-97845
1872197
682307
-1031944
-450281
868555
642630
239083
962390
-915740
1750345
-1074797
946990
-102826
-989832
575604
-1494806
-1073693
235549
-333525
-169453
723965
-2422284
-2024094
-760237
-907159
-154257
717523
-1457498
-2247657
-906651
-2308951
-1613381
-531919
-1057602
-1788794
58963
-1095926
868999
-1698973
562940
-3169735
-469230
-314958
387515
-1439158
-868940
-2690572
-1276638
-114166
-1497262
-1326076
-1234451
-279418
-535071
-2405589
615147
-1489922
-947594
1638765
1118236
-994071
-876916
-959127
-416918
1005928
-1652915
-754542
910015
-2081140
-1190753
-124826
88914
-1305357
-1042124
164421
-1080895
-1501898
892525
209321
-1179818
-1432732
-2022328
-503008
-1341692
-130503
-2381466
600783
-1247780
-2219164
1272452
-530934
435868
-1172154
-266764
-2241514
-1313529
-2759091
-245121
-1439225
226783
-1287442
-1846894
-129702
-2354565
795285
75893
-739383
-1189437
-156263
-729529
1832244
-1664494
1807668
-444297
-1695309
-1123504
38395
517403
-1057822
8630
-2750039
-771032
-1052370
-46022
997268
-62747
-2928793
-1998931
1076502
-836991
-2568418
-143958
-2460453
-804655
366388
-1596395
1309096
-1347236
-229465
-976224
1604437
-321459
-309387
321267
-1680186
-475341
-3134988
-840332
-241434
84940
52331
-784449
-439528
-531096
-678198
-1037877
-2230504
-390532
-875442
-530569
245543
-919112
-2733851
-1136582
-1235097
-1653702
-207038
72632
-267548
1849480
-1603121
-1759112
-1501485
-79812
-468977
-727513
-205028
665515
-1307393
-596672
-1368448
1215585
750502
-1424057
-1163181
-177865
229057
-1295911
-155412
-1917456
-1126842
-2498275
-1168949
-1902206
75509
985762
-1111334
-9146
-1595289
543422
5563
107319
-505054
346287
-3817003
1237640
-388790
-1283139
13948
-1500976
-324168
-1021437
-1480367
-536897
652856
816011
-2617766
-2417916
-1167284
-879830
-943514
-558831
-741237
-1523453
-3470028
-1369738
-981291
-583382
-2129227
253989
-354090
154719
-2306363
-1136966
-1082611
809881
-2430203
-1279667
419447
-312300
674013
-2041143
573635
-307087
-2116109
-893436
-1544460
-473281
2095417
332776
-489492
1831396
-1455155
-306470
378900
-234675
1006028
1953398
-322038
-401536
305289
-1246653
364451
122978
-758554
-271377
-2539553
-970899
-2372996
730784
-1769328
308223
-250770
-2432314
-2937829
-274252
-1038954
-943158
-942597
-1439230
-863325
1564297
-897775
-1287176
641798
40638
-1568388
-861219
-1737795
44067
-1041914
-869097
-197802
427367
-1884817
-427858
-722988
-2208213
-884120
485354
942083
-1496761
-1229983
-1575645
-843380
-1779663
1264856
-1190465
-1854432
406758
-1108735
-1320608
-373429
844106
184991
-1898371
-747766
-2076329
-2536441
-1669953
1604856
248915
-1057621
-617633
-1685137
-1594873
752790
-2407537
-1152098
177347
-452878
-2470022
235183
497767
138969
-2479293
-1295725
-1937721
-1966320
520016
-1587085
-3003714
145061
252665
-1601616
-174047
-514651
301173
-198469
-1660708
-1954385
-1520509
-1615001
1004605
-1451336
-673783
-39319
-447601
-1285099
-396761
-3162580
206364
299517
948503
-2300120
822143
-2351661
398523
334786
-1008356
-3851786
-2546092
478209
-3244402
-401058
1357746
-2498330
344114
-53656
-1222904
197878
280812
-2824474
-617427
-1752216
379170
-540422
1672649
-1505091
230747
-1172579
904843
-164265
-2513566
61949
-1981957
495883
-506317
-67705
282814
434642
-1384179
257029
-1510190
-1972627
-701745
510857
662454
1285440
-760470
-1381294
-855737
-2305808
-1639615
-1573038
1729163
-284987
-1714423
-1370717
-1387245
-317970
-2702600
-1483862
-35170
-1308726
385871
-688494
-227369
-1840565
-1251954
-661121
-584360
-1097081
-638721
555199
-2430929
79765
-1291969
-1651356
-1610538
-1466563
-2626767
-1363135
-198851
-971277
-92264
424394
-769919
88228
-1658987
-2686313
1281732
-2128478
618481
-1804822
-424868
-778845
-2250316
-265948
-2629739
-2470195
738462
-909617
-3021269
-2092741
752478
-2945623
-551824
1081339
-1439644
-382649
-368322
-1062951
-399208
-2832383
-1514058
-119626
-23582
618143
-1199867
-1192038
-721094
-2006710
-529324
-80816
-950444
-1141934
-2897380
701274
-399416
-1378415
-1952316
-2375946
1353436
-1016713
822938
-1202208
-641406
-2210278
-1443183
-2660058
-930633
-2057940
-234450
-1345557
-902110
-991537
-549638
27496
-50247
-1546089
-37424
-2703991
-3184
-1583006
-1626719
-1552561
699620
-238518
-765000
-43635
-875747
588344
-2823015
337989
-1704435
270843
-1528432
-3283863
-1561843
1027097
1265475
-1165210
-1978015
-826415
-591723
-230908
-311354
-644130
-793135
600380
222829
1388889
-1504688
873475
-1150867
183195
1001785
-2401024
-1599457
-1846525
-2150616
504850
-399317
535737
-313189
312983
169803
-215413
-1665388
-890923
2042119
1042781
1061768
202289
-286586
-218017
655080
1813841
-322236
-1639370
-1703845
-547798
763928
96294
-1122075
-404458
-544346
-822459
191006
-2136701
-1100460
-1442276
-929802
1238369
505236
-302841
-793667
-2468480
851283
1638752
123478
-584560
1613817
1074646
-424258
-368173
-212262
-1496145
513397
1756204
397439
-2992913
1329909
-422714
-4500
-374411
148991
-782471
567727
1756400
-110402
902613
-958710
-1210757
-1711210
-1654798
48717
-2395593
-1214528
-607465
-475551
4412
-1516302
441850
4904
-208571
-827452
-489164
-528352
226800
-1491468
-1509595
-1710064
-1567894
-1587015
480444
-1874399
201188
-434115
-1231706
-420838
-1663052
-2983026
393993
89636
-1133322
-1099057
-1488362
523469
-854023
-1668705
-1743200
-1527146
658338
-1585118
349500
-280162
695703
-1349740
170858
85386
-877285
-391297
-1257711
580850
392680
535055
-1307236
-1388157
-94172
173623
-3299313
-827864
1855581
-1587839
994091
-1061756
-1632391
-1532221
349350
405471
-1259174
-173522
-483204
-697026
-1094801
-2675300
-1300954
496888
1114748
-403308
-216875
75552
-2295370
-1754532
-1639628
-247798
-1258938
-1824936
-186599
506510
-1818087
6696
-361783
-2967006
800439
-527330
-417913
649118
-910864
-1327460
-1569761
-1969005
-71942
-202033
397810
-678782
-2085557
-1112898
-877624
-1540517
244353
-1726481
1242570
-412844
-800894
-1561888
-1027740
658470
-492123
-883377
144816
117289
-1614232
-2844223
-652276
-2016350
1213362
-1114771
1068041
1509140
-1771502
-753768
-438567
-990805
-1767196
-1648907
441255
-156194
-494276
731641
43860
-1473995
-1328543
-62170
343323
853849
565986
-452352
128973
-1201460
-229440
-279186
-1004540
-759452
-3052709
-1665797
-1522822
-1943690
605389
191694
1661088
840876
-1735969
-1858108
-1858439
-641994
667742
-1671248
-139639
-381208
891526
624517
1780574
676480
-3696424
-1881392
-1657558
1601931
-255613
1519222
-3652688
-409104
-244029
955219
-4580
-196576
-918997
-1152608
-1507713
-434667
67520
968721
-1548278
-1176346
725849
-378881
-1171860
-1448610
-219465
-980185
-2321814
-968607
-1301416
-2269495
5237
-292547
460045
-1353527
-186888
-133555
608522
-1240957
320052
599285
-2232591
-765855
-1833096
-1306683
-564620
-1380051
-3123826
-402873
-469194
-2687213
1315407
-284424
726977
-995974
-1405286
1128446
-1428309
-2544893
-54101
329184
468340
1410942
-1596927
-314045
-1138162
-2157831
-1297001
-528534
-333150
355
-211773
-1810478
-581048
-528572
452038
657802
920771
-881765
-2078542
-656965
-82872
-1376443
-976711
-1659802
-1036934
626094
-2495583
-1153163
-1368434
29300
-1231706
-33152
-2334490
-1787073
474575
-1362858
-1885341
190248
1672424
-657007
-1029325
-1181146
-508928
665920
-2404835
-1612124
-1638959
-1882142
602794
572483
-285489
-3077554
54784
361452
-1159084
-727447
-1723884
-2057777
-1401966
-1747480
64628
-963494
-1517450
-1291607
156220
-2950475
-859491
66617
505314
-246101
377963
802023
-1105460
-1472774
-832096
-657232
-1833960
-1328606
-1537264
-52125
-1606279
-262861
-604175
1392799
1461135
637893
237489
-3619993
52069
62864
904246
432112
-1709916
-201532
-1507676
340619
-344214
-560
-1506943
17312
-134682
574856
335255
-1714227
422508
-1893234
-2017550
-1859894
-1202218
-505948
2049469
-1210871
-707340
-987379
-1805667
-638478
-3359908
-536534
-2743660
-1042486
-205796
-748035
-1240713
-879211
-787795
-710165
290729
-1574569
-3081731
-2621240
-1974394
-806771
-1545840
881708
-416771
-473047
-1459519
-441695
-1440905
-926274
-1094530
-1226157
-1427098
31539
-120234
-1153507
-1191642
2220771
-198308
-1267235
1147744
-101812
-1154381
1628090
79379
-1261140
-544654
-2055397
-477598
-402652
-722669
65745
-1217857
77185
-1612632
741183
1876147
-714334
-1772139
1348106
-1411251
104078
-842989
-596548
629945
-249046
-147544
-1078879
401801
-254395
159333
-837914
-81371
541080
-2213399
-1166341
-745903
-1264422
-318407
-2084864
-1613920
-2806767
-373912
448678
309167
1000873
715893
-2580334
-1655042
-802363
-2610211
-390200
-2810384
-2991029
-2440576
-1826397
837305
309834
-2791736
-1375312
-811764
791063
-40141
-933238
-1181484
-181348
-1547680
336760
-1294607
2025901
-296869
-756947
-1140222
-1125689
-1320687
534710
1820815
-2503249
-1733559
-2359766
1483556
-433607
-2016344
-352339
1568605
-1020995
-1558952
1140199
-299769
-2017335
-2088581
181298
-1047296
1738292
-1151734
-1471011
-2247918
-2444865
-546308
-174981
129455
95296
-857691
-527286
356445
-2496660
1463530
-810149
-2427205
-2052681
-1422351
-3313649
-2133590
-837949
-3039462
-1491562
-1156286
-643929
-2888788
84791
860390
236106
397884
-998447
606620
218077
-5835
528596
-227966
-958249
-1552156
-2232219
649075
106438
-159592
-113079
-167913
-853439
269204
-1709133
-1125079
1714681
470855
-1020233
-1770458
961718
-343488
-1855797
83899
1170301
-1629500
-2657846
-517459
-901907
-639154
-1766017
537296
-22478
911018
-77832
547967
393708
-1358722
413011
-2275471
1001535
-87785
-2103959
1116994
-1967518
-242610
-2123018
-1036664
-1658338
-463595
1813246
-1109812
-379463
-1963149
279880
679343
-376824
-1576085
-1007078
-1100471
-310521
189773
-1554712
1269536
-1195753
424631
-375518
-1453338
-1362868
-1176804
-1479771
-677362
533430
-785111
2170289
-186037
-611693
809515
-1356678
-2867134
902273
-1870717
-1889472
-1046154
-3123125
-1005547
-154385
-263646
-1001238
-1073462
-2463099
-1424788
515046
-2495759
-2972456
-3067639
-1345322
-307938
-265793
-217199
1102389
946452
-2274634
-1284136
-982931
41050
455019
-1351503
-148226
-2085149
164966
1444550
-409977
-665373
275212
-1364168
-852490
558779
-1915613
-2227397
-2220771
-1433095
826787
-1322077
-2054288
-573401
1552463
-54965
1638259
-1855840
-2481586
-1071118
-2290217
-684373
1818791
-1292596
-1415518
-1056030
-23786
-780933
82080
-1089344
1014462
-1108622
-1529921
-188234
-134162
34170
-2304629
568852
-218331
-948843
87466
972273
25740
-305755
-2060268
-336962
-2720332
307626
-1523782
919690
1102664
-1365860
-1812796
-373979
-221673
-854765
-1906392
-249949
-986514
-297128
-2287862
-38601
296325
-3664469
-1006249
-908246
-827696
-941818
-656260
-1996388
129858
638326
221696
104426
-2147143
86874
-1642985
-1651088
449332
-1540523
943875
-456151
-196274
-673715
-1000895
599527
676012
-1726583
87592
-99093
-95234
897403
-1878857
1522208
458080
-1229785
-814013
-353568
-1089980
-1205673
-1658367
-681039
-2530923
-901734
-427304
-55075
-444399
290392
-2098867
1159149
-1988711
118541
-1358894
120891
-450894
-732111
343863
1187921
20749
-1448511
-1965884
-332469
657160
-2812564
759535
-1426493
358311
-1658151
-459989
-360780
-321211
1663474
87173
-1553815
1058194
-300333
217424
-273270
573402
1186515
540288
1025745
-1619059
579503
-2427122
119296
-2197682
-1860172
1109406
638677
372029
-1396281
714607
1231405
-34933
-1586228
-155864
-438865
-1482493
-529502
-454474
-1709229
-2306697
-1830978
-892340
-387547
-747574
-1603366
-680646
-908719
-1420538
-508988
-2057337
-106725
905631
-721598
185668
-2281594
912819
399546
554966
-782991
-1980675
1079592
348121
-937640
-639172
317693
-288066
-57231
-217086
1608654
-290123
-1363086
1241669
-800305
-991831
129689
-1039813
-2238601
-265611
725129
-330990
691
-2061811
-119841
841677
-1357218
-1957046
-260017
-1467033
-405235
-1305018
-1562604
-1347955
-1069369
1482901
520223
-411573
-1216118
-1415463
-2153678
-277741
1530486
-1416505
1754247
-442531
428948
1425100
-1565152
248300
-2348003
-782830
-367139
1825405
-117477
-655462
-386059
510892
-979240
-258824
-124537
-2735994
-58276
439952
-893628
26150
-1933434
-1405546
-2159739
-1601105
605720
-824792
1721414
201752
-931883
-1139401
-2074902
-1394565
-847844
-1274187
-871796
1718793
-1551321
-290196
1446479
207362
-234065
335901
879174
-564142
-2357936
-699171
301027
-4267
-17710
-2328481
-836889
687348
-1390869
-2031785
-1565095
-143199
113323
1641412
-1585353
-1259943
113892
-876086
-1637485
847331
377253
-2767586
695123
828620
-665591
-222806
-190265
686238
-2577242
1633017
58210
-744314
-503213
298053
1031978
-2968540
279747
-503709
-2296899
-969898
-1305651
-3067601
-586885
-2868956
-683547
-1623386
-1970760
236927
-10268
-173553
-258842
386793
-1186734
-748423
-232085
-1667751
1411517
-854248
-1841597
396558
-873440
-1201880
137907
-84175
-1946361
-308245
385409
-1447580
-2359596
-127760
-936112
-2211972
-691278
-1037004
-242751
1277020
364675
763891
89652
-862742
-2705357
-510110
-1584177
-2410911
441396
473657
-775931
-462248
-731080
-1642742
-2392857
-185525
-38793
-397002
-96070
-1517882
-781477
-795786
1010578
-2080658
-707750
-1674477
-403552
-2394682
-265707
498649
282588
-2841556
-3089977
99046
-34009
-1681763
-1100340
-574962
-1076642
-843511
-1407840
-1510074
-2911919
1387640
1087474
-2853069
316700
1197347
-2939422
-1733266
492040
-142369
-2878593
-1162538
-275744
-407294
-1841232
-1711635
-1999809
-631520
-1026762
-1968007
-155669
-1477473
-112620
-220536
-2162503
-498706
198400
-3140422
1080463
-971157
37728
-919047
-1735555
-163944
434437
-1090578
-1058217
-709910
-63354
-1877092
-919935
-621763
1417587
-997920
-1976371
222229
715226
-2334515
-691075
19915
-37925
-887694
656045
-1939851
934537
668886
-881008
-528510
-310377
-917172
-30212
648512
-1304348
481623
378472
-815930
-1763117
-941969
-189454
754319
244470
-2969753
-793823
368694
-1380689
127433
-645038
-1389723
-2397216
-76648
-843258
-1361029
-165975
127353
-99356
-280930
-1292560
-1013000
-401997
-2658731
-2929004
-2468739
-953842
-438973
67163
2364870
603715
529693
855769
-113790
-2098716
-1602134
-1757816
-1209827
1618746
-741093
-1754166
-2426055
-1845469
-1360955
-85992
1078029
-345494
787151
-898443
204265
-642573
-1153753
481169
-1943132
-1624334
-1378364
-1478327
-1912619
-1238756
-736944
-1106134
-2904116
81769
889559
-1089773
-32017
879240
296863
-2355906
-250582
-1318938
-1215890
758827
-224211
-1176595
-442833
-2643350
548748
-417817
221124
734185
-1169298
-1035134
-165486
532212
-1567766
913058
-1476699
54571
90781
-736515
-3606783
-1694629
-1138611
266742
-466220
224089
-97942
444653
99454
-483291
-13170
508189
-1330729
-374440
-55275
-1650746
-921734
-502080
858929
736680
415432
-969047
-337527
629730
-3171962
-277996
90641
-1327445
1482695
-1953212
-73078
201880
-1701070
110806
425312
-148301
-869944
55760
-1881081
-885306
-389335
-953920
-1013300
-1687232
-2478876
-1406521
1363287
-161049
-400370
-374928
-387658
-1560380
-482102
-30156
-481832
-1237300
-880301
333038
-2078460
414557
-2068283
-394122
27698
632998
28805
-51037
-839545
-822934
-1065150
-1810298
486379
-884797
90568
468725
1432926
754958
-901400
1016688
-160462
1041841
-2165947
-669555
1364410
-1475690
-1190771
372342
-161924
-371741
-1439064
-837522
-236544
-1587616
1532435
-1168876
-432968
-166383
409865
-2726235
-3535792
-2177466
-906375
1108913
-1168684
-1611226
-636238
-491704
-895680
439722
-1046474
142709
-958853
587134
-1404356
-1496150
1286215
1504101
-601832
-613316
-844148
12111
-249881
-907426
-1680660
567927
-134909
-294437
-664805
-2195562
-449641
-694817
122343
-461844
2443664
-1200688
-2510719
744146
-761237
-525117
-1517745
-2833626
33209
-544721
-56829
-435572
-563294
471615
-2256671
201782
-2764404
287533
121165
-2166337
330033
116647
-2416610
-455173
-2132400
-1763379
20802
-156811
219649
-239774
-1363498
-2023028
-2543641
-920300
-3450561
-402273
608153
-1236280
458784
-40922
-907369
493917
-1965532
-133690
-509831
1627819
-1025092
-698416
52137
-1367079
-1936468
1093076
-1210431
-2020440
-858100
-616333
1383734
-1196361
254894
-762528
150574
-155039
403525
283330
-1950420
-1339246
-527243
-1321092
-1903017
-1843924
69949
-1937901
1300283
-1386197
-1351837
-133761
-948485
-1992601
-1259228
-484646
846426
-316493
942841
-1088140
92866
330977
654740
340295
1563978
105441
-1131264
-459417
-424265
770528
53510
-1838598
-1418728
1100161
-186247
-2356429
-932192
-2388316
907393
-342526
1170849
-1269317
129407
-2366992
-2530521
-93735
734625
-1275852
-1310941
-3017127
-1813740
-458922
-391009
-247598
177601
-1043179
514793
-1100121
1074193
-806365
1306087
782624
1531924
-1115317
-291093
573098
130211
-207003
-2109011
652288
-1670819
-340062
-1546575
-2258331
-510222
1551790
-1383456
-2592772
-1345984
-1422439
2100821
-286187
-1310859
-2183860
-384219
784928
-835328
1253552
201182
31119
-1728016
-1889551
-1518491
341383
-1839689
-2001238
-1262410
55289
-1969312
-549181
-1539993
-826786
-1261787
-194751
-1329849
-1647065
-921212
-985503
-489867
-1730033
-750937
630836
137857
-704071
-103644
-759384
-795729
1328619
-2414346
-1631998
-502406
-1043824
370615
-1470974
1732935
1042370
-1553551
454905
-1307198
699791
-1049283
-714226
-760063
-284684
-576413
-202699
-639435
-1647746
-1655372
-745396
-144055
1820961
-1219434
-2291113
-1839018
-1473152
-1450016
224630
329908
1966571
-1400098
309986
1707247
1621908
-216017
-2610896
1030800
-2630217
338469
-760612
-1795436
54147
-481437
-1500768
289206
1490875
2015287
545755
146268
-222322
-1086373
-2204574
-670413
-185629
953973
-1191073
-1473420
518848
137031
-243224
430892
-1905143
-390563
669359
-1626258
-210392
493617
1360490
-887037
-994650
-305586
902200
-1403440
-175127
-963263
701387
-835498
-559304
-316022
-709377
1322020
336424
-1586834
-2640940
-2521452
374834
-1040854
-88725
-1457168
457127
-327672
-2273674
-272014
-682545
581357
-1567728
32229
-2564879
-408019
-2194948
-26156
-2719465
-238898
-930064
-1540750
-409066
-94301
-211937
431154
-929242
-1864485
-634902
-1226635
-1339428
-1939930
849698
338034
1173920
444250
-854328
451734
1118116
-1061745
-41016
934472
-1059891
198501
-2613165
-2878905
388069
341105
-816539
-1715036
555989
-2460986
1305243
-1296407
-281400
-1479766
-1012619
-371025
101182
266401
-1653860
-408296
-1509707
-703180
-404416
938976
-1633382
-845126
-3120506
-564144
-51053
315760
-1584733
869415
137654
309316
-2007817
-1833411
-1124837
-142274
-1962176
680212
-1143123
-62703
113220
-369062
-689830
-1196400
-600131
-330347
-990753
-1608135
-1639475
1466217
551449
-487755
-1253551
-1777444
-1122483
-108216
-2140367
389994
-1114684
-584715
-1594576
293209
854130
-1012050
-812273
-1186048
968820
-1463315
-1006214
296658
-644827
-1662693
-2418598
-748220
-1370468
-2092299
-1262601
-321770
-374436
635189
496802
-3481654
827157
-2046083
1971677
606003
1312806
-402698
280485
-2813331
-563503
-1306919
-2049950
-1111963
-984313
-818272
-922929
138584
-2128335
-993667
494448
783225
-1499843
-2479484
-316274
2182448
-1226721
148669
1664618
367132
-951158
768096
-417994
-2653926
1949264
-471514
-2676597
-749289
-1501557
-392804
-1060971
-583635
140000
126854
-1224287
-2009359
-2041017
32218
-921777
-1023298
-257847
-1574041
319233
-2400894
-659424
-1576111
-121059
-1273924
2020087
-764678
-1559149
621445
-1328581
817879
143145
-1949059
-2594357
-2640680
442075
-1844076
-2639510
-457849
1844315
1584993
1450336
-510791
171986
172168
-1677726
-121118
947983
-988302
-318338
795456
729469
422750
-973829
135429
-1140813
-425802
-292359
711943
-2246943
-1884805
-1891857
-602245
890583
-1656436
-809347
-1579145
1370946
624338
-598873
-862248
842396
-1885861
-780851
-254443
2023
948560
-2125370
-613387
-1164803
-1645889
574104
-419742
-1722448
-537021
-2026173
-1236335
42516
-605896
636230
1163260
-77147
-535557
-2170653
-1563182
-216264
-359731
-177178
-1887473
503673
-1939071
-1301088
-425414
-1644715
665003
2056880
47328
1321434
-1045828
1670584
522127
-1364926
-517982
-1308967
628382
-61731
-969636
-1948036
-520450
6324
-1204155
-2184271
14454
-709857
-837493
-1598520
-1239500
-760333
-1341672
1033714
-2201515
-745000
-419441
65677
-838757
487245
266817
-1124021
-2520794
1338479
-391613
-1151141
-828905
-752081
901049
-1149044
-1339337
194588
-1074701
-1735013
-352899
-1924764
-1368647
-1729242
-2734053
-1616696
228867
-115099
-494085
-1433558
-1268905
648602
-500592
-1668016
-1680994
-1385219
1068672
647852
-613549
1623195
-15364
353316
-289074
-1135328
-462976
-2069387
-489167
1155730
940926
-1018351
-437788
1451648
-431759
-68604
-217616
-313362
-610570
-1788038
-181429
-732092
-1601893
-138477
1488643
1020963
75869
-32846
-1300614
-492076
-1935178
-1392121
-698313
-3053278
-1014309
1121211
-3693426
-154202
304770
-2042326
1203375
-1160084
-1852074
-2758464
1726864
-486194
-1751830
-1707473
-1290363
308250
1742548
-1382462
-1792215
-1852302
-1377504
-114733
-2834738
836688
-1543233
-950863
331520
-1406410
-109024
177331
89311
-1734840
1385161
-2298362
-880959
-28476
-1443574
974554
-1624280
-2434036
-1342625
-2566189
24741
646559
-185836
-297268
582017
-1130058
-1259333
-1076156
5353
-1984772
223237
-2045265
842094
-616931
-613688
-1401632
-2907947
-1891905
-855773
-1369233
-1131284
-30498
511341
-773083
-110975
-77467
-1652982
-3299689
-927362
-1169133
341929
-5652
-1385916
-46189
-1144196
-1793997
-26538
-480763
1270536
-155157
-1554354
-1011751
1893679
770064
-1036717
-956262
187106
1679685
-781836
-380667
1374
-710911
-2208404
-1198303
-884698
1308838
1325738
760242
-1089323
431454
412526
252175
65745
166162
-1780647
1394935
-430707
-2734408
-457094
-658927
-2578566
-2473710
-852785
1619657
468797
-1323230
-2028098
-2059166
-1568460
-724036
-1059030
-1707041
-565314
-277826
-593630
-1696894
2469959
-1366845
-220370
-2631338
-3050121
-968931
-783631
-1286864
-1915798
284248
386711
-2985924
260056
2039998
605854
-982755
-404985
-626093
-326753
2065624
2128615
-1143956
-58653
64090
752238
-172268
-2236096
-320256
-964304
-1117634
1201951
-163809
-55441
-563156
-530504
-830770
499514
-973644
-624193
-828550
-411877
-441304
-986254
146650
1207266
-509249
184133
913053
-3582370
2096340
-1807224
1129357
-1646690
-1394231
-902173
-1928216
1769285
-797609
-1253221
1407645
-1888311
1077481
34293
-1429082
-437614
-213149
-267222
-815157
-577537
-306994
-2542919
-360279
-153064
-1007796
419479
-140965
422442
314790
-1353793
-855272
-136755
-1027258
717884
-1071585
-1476903
-1521014
574538
1648022
-2013686
157893
-693613
126337
-1578588
-1333814
-952515
-602387
-1268842
690286
-1495278
4981
-249539
-1161352
1615465
-1090103
-840687
-889850
-1537309
66972
-1335831
1882117
-1094615
-2788347
-990307
-1976306
-3509217
-2320104
-677813
-188376
-1189123
-475763
-40963
-2119569
-251885
212527
734820
515582
197457
-436555
-343169
-910369
1779366
-137971
506591
1035455
29691
-107001
-1775598
-748379
1051152
450468
-796795
-1529384
-2232170
-235674
-1359907
-964091
698983
-9333
365244
-1383857
-2611984
-1510950
-544881
-1545895
-116748
778456
-1265601
677497
-2357381
-2142306
524628
-412408
-1430891
-1579636
-765079
-461148
-103808
139675
201006
133358
-814172
24913
-2190803
-377977
-2112482
-2148453
-1912317
-1872974
-2416964
328725
897636
-1588848
-344802
-736191
-451413
926118
-2314750
-173259
-876862
146095
-2049567
-228394
1726666
-929145
-602336
134576
-1281005
321186
-2882038
-2111780
-694816
644864
-1051002
675580
-436598
309252
2062800
-1259855
177746
-344451
-444267
-1247447
391968
233726
-2216495
-994943
-2400040
-2567148
1368846
-242351
-1362479
521297
1318653
-2348251
-62111
-782051
-576434
-843823
-328120
-1935303
-322917
-1549333
-400379
5527
-1430499
-2849675
-438553
-522314
5809
-1125731
-1309076
-30735
-778591
1603198
-75037
329177
1819307
32190
-531680
-1290605
1153739
33969
-1357998
327162
-484923
798172
1073268
-1074888
-1422826
-833630
-1902410
-1635454
-1831057
-825408
-2073922
-1586820
-720278
-3073390
182139
-383173
-1315398
-669136
-3156786
-645633
-376708
-262844
-832769
204501
-653459
-1404731
59543
-1170621
-443728
-784309
-1799479
-1045016
1600004
-1101111
-325069
225573
-1919862
-565122
-582845
40190
863256
-1282106
-2975217
246518
-1693803
243329
-623553
-1619829
-1843740
1833355
-1373093
-1664165
-244915
-2375583
-2001464
-967272
-804740
-2340947
-217830
-1096960
-346877
-1449510
-2736481
-2104097
-2022333
709636
-1450207
-1516534
325255
-1230929
-1170475
-72833
-1508090
-1519543
1538817
-144867
-1015148
-613566
-1289639
1814213
-365341
-1174959
-2072325
-482280
-2762724
-1047656
-401520
-242204
-1737195
-1356504
-463192
62879
-428259
1389891
316512
-883782
-2130747
-1491805
-1420707
-603229
-818715
-1262811
-3778855
-1861097
552249
-959009
-2877442
-883798
-32108
301251
-574814
-341606
-143771
-1733606
651567
-667876
-901218
-712160
-53518
-408501
-214201
1164552
583174
-1536229
1261269
-940985
-1252732
1044729
-153214
-1317923
809861
-1095346
-2720331
-1078673
-3053668
-795644
-1041656
-229034
-558567
-2424064
-847578
105726
76778
-3315230
-772869
275736
-1874445
-2202198
516350
42036
-1591511
-1716859
191665
-2177612
-311586
144771
-1281657
-1508060
-1159252
-141706
-903059
-660211
-1223248
-1501381
406814
-1070945
-1744667
-96189
-457894
-3412346
-1941707
-2045295
-1194037
636009
663656
-1252888
-1639533
1409308
-1456047
-781034
6867
-133892
-215029
299515
-625411
-2213908
-1349159
-27628
824167
-2152296
64935
1330736
662419
-567224
-688099
-29422
1556688
-717293
-22623
-323755
-418403
-1650401
1239967
-1067349
-1747847
803783
-471892
-1617361
1119420
-236159
-804059
-3248328
145676
-1125856
-543939
-278550
322735
-721211
-503440
-1423551
1521529
-423122
-3521504
-440685
-455690
-406845
1062249
-3091050
-1072081
627883
1572472
-738138
144893
-2575594
-1519278
407230
1105144
-171595
-64861
-877235
496513
-594068
-3270397
-973269
-1353672
-313780
-1001161
-1158676
459541
1438688
-1719948
-2049918
-964587
-1949923
-1474528
-447884
-367715
2248885
1773549
-221328
89757
-66545
-1295442
-1352623
1038946
-1895933
-496833
-482455
641910
-1812396
-1897631
-409704
-228597
-643939
-26373
-677223
-373695
-1309485
2181470
-635546
-1495977
-3425344
802268
319585
-1358866
-933420
-1628763
267982
-1140416
-1475516
-1826497
-1529912
-1399580
-226729
-1548643
-1177286
-1074584
-1953104
-2542610
-1432936
-1587889
-1483909
-581518
-745206
-107820
1046006
-1811699
801853
-1720993
-1166800
-109463
-1612171
-1106875
-716639
-2111864
-282539
-1721522
-1031265
-1489158
-931839
-323070
-223984
394911
431097
1209161
130089
-732867
-126435
-306279
786529
-1864861
339254
-1189805
-1480034
-1089628
1308588
1391299
-2320327
200146
-19448
-1020354
-74997
-1596009
-2250953
-277474
-486713
48423
-1684963
-526654
195900
-1197696
107137
-696038
-1613609
-2111086
-1828115
-495013
287511
-1920726
-1170832
821744
-978726
-980547
-439132
-2264071
-1223685
286787
-2049358
-317063
-901701
-1646782
-2517181
-196484
-1537757
-2345953
-1442615
-1052767
312141
-1332484
-2429657
-71880
-458408
-1058991
1114380
968991
-1563565
2262779
-1725241
-1236142
-718613
-371968
-1114493
80561
-985983
-1103274
133725
235965
1563372
-1641954
642106
-1810598
409999
240897
-949664
-1217524
-1882225
1151983
-376937
478603
-1014064
366920
286884
317630
736882
-471561
787703
-237252
13053
-3040173
-1133464
-1456386
535017
-1616085
-1152976
-1201358
1540657
-1254257
854654
-1261761
-2225228
-2326289
604065
465076
168255
-3040735
-2515196
-171121
-227024
-993463
-86459
-75804
-145852
-428365
-425226
-2101983
-242276
810744
-974303
-3006957
438230
-1414275
-1414093
1289750
-1508498
1054766
1674726
-1213287
204245
-1309390
-596316
9503
-1493621
-1175416
193170
-1087905
-172672
-1091654
-884813
143195
416992
-863867
-321478
-271156
-1378216
-2543205
237857
1715114
206390
-2104138
612378
-457525
-2019355
-948528
-453252
-3643451
-1191806
-819194
-1317645
-591940
-2845322
-2180537
-494342
-1446445
-1292586
-163718
-2161309
-3494149
-1378412
1548040
-3294212
1144546
-1575648
-881750
196234
-2213032
-1719374
-1076528
-914117
-122278
-2063407
1880308
-1641761
-1095699
-1689626
-2114219
-273045
-1242430
-1877424
656014
-1142988
-54414
1281875
-280015
-1319198
-931038
-182855
-633547
-2325478
-396335
-1101599
-1670667
-1870118
-1547454
-142540
-330327
-358749
776128
-1258397
-1158630
-436790
-545475
-1449247
984097
1999369
168800
-1547969
120872
78657
-1272720
255852
-1719087
1073864
133775
112000
-78335
-380328
-2926456
-470122
-199458
-1019104
254657
-247185
-655457
-948790
-702688
1085922
86776
-116595
-548331
869509
-1628813
56126
103453
-3236680
146940
-523998
386488
-1744133
327089
-134483
-2012948
-1283714
-338433
79444
481631
220338
-2729535
-882480
-1037181
-274458
-1416190
-199052
366363
-1577946
207106
232854
-1468044
-289199
95024
1646237
-148147
650417
-142617
-13045
240988
-718766
-1421389
-1042937
887273
-1688845
-158602
-2852949
-306645
-1721474
-594811
-528524
-2904404
-38293
-402787
-1667195
130789
-686129
-3455839
-349052
241444
-1426692
-260032
-159138
829572
579248
1417166
-1010002
-299157
43303
-189708
757809
1168868
-26978
-2159130
-244662
625504
-442524
433961
-3028425
-162080
574607
-724713
-3302329
308420
66590
-755070
-309870
-1431544
191665
-565747
87510
895053
139815
-346120
-1441071
239879
-254877
-614054
2224361
-692506
-374688
-1663169
-648281
-468917
-1237302
729947
-990754
-3636388
-1592178
-238956
1134352
-1375228
-852366
-896794
-139668
921731
-259322
-798075
474876
911098
-796825
-2166253
-620031
770996
-953023
-578898
475287
-45610
-1078797
-3108774
-1444591
367067
-83892
-215026
-2568688
-911962
-532837
-812591
1216941
-2545861
-919772
-2499725
-453142
-1883972
901603
-634871
-128158
-1553310
-1576644
-1550052
-966375
1275949
-7531
942465
-1373284
191232
-313342
-35368
818099
-1491303
81328
110511
-570363
-509873
-2539657
535428
-1158653
527108
311959
929862
213250
-602338
293295
-1025775
-925321
-1423447
-454518
-999394
-2500902
-696422
-792176
-1622662
-547245
-835000
-1501426
-1382654
-1565380
-2240940
1096420
-2200215
-1608209
-919165
161651
-740737
-1608968
-742861
309487
-1218478
-1811429
-332764
-2026278
-1298916
-2399864
473929
43902
-1117026
482847
627517
-579357
-1013234
-214444
-892035
-1113112
-291163
-454260
-2002560
567356
1243151
-1558917
-400065
-967610
52977
-440429
-440283
553636
25060
21561
-2483111
-1852247
968657
-97952
-1123232
-1971298
-1458272
-1770674
-1665259
-1188338
-1250071
155040
-656889
395152
-1943796
87442
-2201043
2339766
-23492
-350613
127998
-1198039
-672845
181045
-710394
-105653
800603
-728422
206163
-723750
-1959566
255295
-182187
38450
-950378
957106
-1064460
421265
-1041916
-1011770
-490329
-204235
-1633522
-3502262
-803403
-446919
-1614079
-2219677
-1629964
128129
-293842
-1689072
-2738926
1147731
519113
-725691
-2558734
-542782
613895
-1786203
-1132425
-2044328
-618838
-1075935
-912213
1384161
-1337931
-2345204
1162718
-909220
-425746
-607656
1896134
-436151
-1316539
-1094776
-1682523
-1161926
-292813
830449
-2282678
-1005399
163461
-957032
-274764
-1590118
-1502782
-879004
-299920
787891
-451621
406140
-382957
-1095493
-1895601
-2368624
246019
-1076154
-1045651
1121678
-1301590
-718308
-747513
-1391291
94097
465273
1026695
-238127
-1073790
825596
-1788645
-2204534
-1905600
95753
-1048437
354072
-179349
-966514
314838
-4264
-2225307
167696
347341
-1546102
-253713
-726471
-1107421
688829
-1599657
-1262988
-1793824
-435884
423787
92829
-180234
-3133971
-126722
-1622398
8890
-414690
-1191883
-209930
-406387
-1863070
1167818
-95873
570369
-3038282
215493
-569306
462420
-761828
-1434448
1368200
-1517935
-3001149
-1747760
-477502
-242710
-201214
-893637
-862904
-1221742
-1538312
-1546564
-2047469
-1523180
19695
-225746
-1853566
-376945
-2156925
-681097
-185673
-515431
-284457
146189
-1466970
-2364570
-85713
-2282595
72418
918711
885233
-2213233
-1529348
-3092340
-2060674
-54587
1241352
-740450
-2174592
-1777154
-1138532
488335
-330596
-23503
-386664
-1815613
-1545069
-1286095
-314297
651022
-541951
170554
-1095382
647368
611294
-864937
235073
452604
-1102362
-275288
-355653
-1211104
-629578
-1695381
-1092158
-1600030
-266093
-1385333
-2014091
698346
702119
-57495
-179897
-742569
-888977
-3457091
-2113651
418639
-439156
-1748539
-3320697
-2752134
-448102
371846
1491701
1512358
-1427060
-1585385
-2259344
-1241738
-670695
873383
-1432746
-1976156
-801946
-265236
-913484
-584218
-1023756
746355
-266290
-1073060
-2433489
-1241264
-762295
-135740
-949695
-863149
-307373
-236163
-1647063
-51765
238598
649003
-104239
160811
536962
438706
-1008926
-1169522
-2164443
-349952
1034479
-1639803
-868851
-1326561
-125602
-734866
1063367
18580
-2061471
-576291
-525084
-1742037
-1149486
105563
275619
-1510261
304154
-2104864
-1907792
-62510
737617
364003
-239628
135000
-2291089
202774
10399
-367879
-183774
-1621663
-2360215
1021363
-1702652
-1977246
-2114876
-1036325
-2201742
-2440104
-2560609
303160
-103985
280498
-1241567
-3481170
-326467
-592733
221302
175753
1682681
-309619
-525912
173063
512555
-646998
-2135543
374454
-845991
-2650629
122538
-2862489
-1661356
-45977
-1126416
332182
127925
-1027435
402570
-641170
-235403
-507841
43071
668279
-402361
-686045
-1692754
-2003400
825869
-224444
-426927
840115
-322224
1019252
-344922
-808461
184881
-2443636
-1584218
-1219118
-3524345
-638243
-2131834
-1334331
-2281505
-742239
822085
-1495548
-3077919
186809
-2534658
-1419478
-296884
-1158428
-1933742
-935035
27195
403903
-1990667
-660957
760678
-802241
-222250
-1004509
1399465
-47708
514707
-470435
-1466140
1184611
-2745406
-1886480
-1040520
-3928
-2151579
-609156
-309384
1957802
285421
-1027874
-939931
-28344
73423
263776
-1551444
-1903084
-1897493
-2053065
-119352
922786
739971
54157
-572547
1491795
-3380920
-247371
-721181
-1454768
1887571
-1448992
-1417065
385228
12257
107438
-1564358
-1204088
-1339056
-241414
-2366937
-1818400
-1033324
-1308912
-479296
-483470
-2870702
-866845
-94798
1981959
-1758240
-346483
-336557
335871
249919
-963475
632717
625669
-2001421
-481907
-137188
-2221310
928507
15074
-775008
-166060
-129784
-1486369
-602865
-2697592
17565
-630277
-1002802
-1329738
-1293913
-1767638
-1026949
-1153178
688010
665471
-864283
-2526156
-616495
1357159
280631
11785
189477
29478
-50953
-694551
-1527182
394501
604072
-1783797
1112017
-1605298
-107638
-812492
-1224215
-757892
-849082
-23482
-581370
-2907327
336344
-317578
-113906
-1364428
-111846
-977617
1058478
-588543
-18600
-1016982
-234371
-2209351
47824
-1661608
-2243371
-211767
-3221890
-499400
-1225206
-1200531
-1657116
-1323456
652677
53960
-299631
510569
152696
-809462
-261550
-735327
-1200310
523020
418918
179064
-2074915
-612790
-775102
-1010969
-280571
-2350519
968079
-1632118
387045
67998
-2001769
-2122274
-1404371
-93432
379667
-2548397
-1934755
-1999064
73992
-433011
-907278
278417
892605
-1321214
-2102622
-2606437
-463804
-220901
829930
178847
-160905
-888158
-1714868
-391910
941810
856219
-202578
679237
-363810
1472875
606160
-149579
-4822
366073
-2878246
-360050
-2645437
-1563536
1038652
1289863
-1016324
1155277
1343733
-1659007
-1295332
-891358
-1993612
-1329088
-131713
-482609
-1385914
-1535962
-1498854
150468
-55294
1648476
-1717823
-798882
-114473
-159333
-245167
-2711676
-1194971
545825
528943
-1081569
176905
563209
-54111
1767871
-957462
-1968744
79302
388730
-115460
-932790
-173274
-201609
772876
36109
-986464
-1100552
405935
-2755974
-1455446
-710999
-1682466
1356397
-864005
-1490715
273620
261219
1329901
231357
322546
-2032498
-1583233
-2159970
51422
-2076138
1314007
294655
278136
-1421599
-331852
252550
-1363394
-152759
62352
-336973
-893672
-507358
-1250051
704780
-1150528
374850
503236
-1455175
142184
-432683
203947
372577
-663916
-760741
-1624627
1622894
-1741299
143488
-1472816
98016
-1145123
352444
-742670
254351
-615265
5922
-745998
-1693598
-338263
-1099381
-1357426
1319780
-1928349
1364527
394643
-1804540
-1884505
-2448626
386923
-396371
-55728
-905847
-1074135
-978657
-1124123
-649704
-2192156
-2129359
9199
1282612
-1464568
-114176
-3022235
382338
19236
-415604
-450140
-1189870
-763173
-1225764
-103471
-165412
-1370400
-11372
-1795832
-888744
1317585
-1399192
1666121
-2446955
1557177
-1448436
-738595
-464183
-555589
-181317
-821765
-1372954
-1843963
143881
-2974174
-132654
219341
286813
1472115
-596184
-797882
-1929137
-2800662
980232
520028
-1142227
-2138087
-789289
-508972
-291542
-262990
723718
-505018
704853
-109211
-1440770
-550691
-446025
952860
479767
399062
-2158280
-2793519
-223480
-664475
-2275947
-2819118
552394
541316
-1425607
-889716
-1633048
381555
-1230628
1372658
-670977
-1803683
-1011192
-810224
-2509343
205851
-513384
1009309
-469560
-833778
-1085349
-1715123
101805
-180590
-1240139
-667797
153816
-1856590
457219
-109759
-3111331
-1281893
-239877
-1509977
-326913
-1631612
-1925477
-1261637
-996875
1240398
-1346016
-1510320
-594651
-287209
-1139656
-1187934
-191517
-1125446
-567992
-650356
-1883832
-1302031
-1427579
293295
-631077
188735
49988
-294423
-757785
-1394482
969460
-1942233
52641
-1063364
-963645
-765923
521866
-1949354
1766158
183194
352464
-377223
405762
-1945862
-2282026
-1845823
-2095011
889305
-866559
-1677744
-1882163
568870
-1100409
-1561482
-2980381
-477433
52710
720009
-538697
-844534
1168840
-1451219
298739
551184
-279352
-2918853
-258923
-411443
-2364308
-1224348
-1840484
-261240
-2722852
-1913289
-1628850
475074
-476904
-678771
-1769155
-3204207
-1652126
938003
-831470
799569
-1188091
-343886
-514973
-1353653
-636016
-38177
207336
-2341852
1269970
75984
-1181833
-258169
270289
-28048
-1387585
-1326596
-2140800
-1378149
-571016
-1544131
604585
123799
155000
-229079
-1649448
936431
-160617
-1522198
-1030420
-56111
-1103094
464918
-170327
714102
86768
-1101487
-1791921
-1665862
-627399
2012749
957798
-749699
-2085552
-2125735
-1164803
-923600
-783442
315055
291838
-774311
-207272
-1190855
-2724161
-969654
-309657
245218
-2043330
-784744
-146882
-1841566
-576726
-609817
415053
1666603
-1997436
-2855002
-1393372
766780
906839
-2048619
-1243208
-2802150
589592
-55820
624735
-1037186
-410189
-470143
1116178
479365
-1115741
-3355702
1062691
-2252729
-21380
-407042
-1049354
655756
595762
-1111888
-593022
-1933503
-377236
-2126982
-950027
-1753999
-501666
621792
-1622459
-2734641
-1526589
379556
-1044781
-779161
-1481065
1266450
-1237430
222775
316934
84798
-321671
-2283377
-666873
-399705
618648
1331402
-812803
116794
-1294404
-1661170
-963093
-144936
-1413728
-223010
-1380485
-2053529
1547612
661957
-1276308
-1108541
-514756
395808
-1306526
-2363540
634063
-99545
-1210306
-2181104
436447
150574
-1517200
-871536
-1184790
-469294
881997
724097
-1934482
-1827247
-2485832
-570078
-1078413
-82989
-888055
-818815
-1911615
-273468
-721377
-971987
1002135
-1560577
577599
-1654690
-1304875
-1216545
230949
-1203773
-1418348
-315522
-549630
331683
172758
-1515332
-1177186
-1535697
114219
222234
-2036096
-264008
822856
917339
-519718
-1447045
-2566369
-1164042
-970973
592883
-405034
-54957
-364083
-333086
-1100396
-1354990
-1737346
2262739
-1594220
840194
-63141
-2551659
390173
-995764
-1249660
-1247354
189405
-148906
-951364
-1355900
154546
-1133642
-2201740
-575562
-1055461
880128
301374
-985509
-682606
1623724
13195
-139350
-2199559
-509781
-990719
-2263060
-495743
-1198526
713123
166134
777099
-461502
-88865
-1370194
-1328674
-2594558
-1487344
219148
-72233
-1488183
89724
908854
-736789
-1250234
633704
-292454
1384375
-1398298
148124
-757073
-632194
-707435
1178767
-234181
-1895821
-638824
-2883127
513149
610845
947650
-877299
1384023
34835
-1261784
-2466246
-1907147
-2197599
-3318300
134145
54015
-3543043
-809711
-2525311
43518
786186
-2920460
-1429474
1195313
-1481034
787583
-798348
-1970774
546561
-322788
-278256
-211059
877106
226506
-2721780
1736391
1036419
-1626341
-2523519
-192619
-515794
-21052
-341996
-949523
-366121
-555681
-1626582
745606
730828
-45937
-933139
-1230807
-733756
1053203
-381744
412532
-1538749
52901
-1426506
-1185342
352979
-912688
-586033
960971
-844966
-1594281
594141
810363
-373361
-278593
-1452194
-29356
-581017
-729934
914362
173625
-721025
-2868196
723151
-1613861
-911508
929869
-1192646
-392890
-1656905
899223
206652
1123991
-779780
406446
-1137569
-912245
-1445952
-798519
-1264631
-1835297
-1046507
-814956
-1445014
-1835032
-1359674
1287343
-91303
-1616094
69750
-1239451
77347
206685
1255175
-2033941
-139941
401768
-1100268
-1941440
-292484
670914
1302919
-2531443
1989347
-364461
-739753
56090
-1072465
-3057115
-2417172
-1188156
-1992265
-304754
-302180
-623924
388624
-1134040
162552
-1468146
58420
-1203190
-2218361
474060
-1745690
973595
-1436913
146249
176705
918737
805611
-1547207
-201210
-2468644
815566
-567311
880293
668328
-2111177
-1200247
-1277393
-2332864
-3009162
-713351
-11139
-110168
-967353
715647
500879
415019
496114
-144079
136040
-882425
1733057
-584846
-124968
595344
-2575087
-52281
-2344368
-372019
403414
78162
-427095
116535
-2038535
-1515380
1634011
1673452
-528257
-1075724
-1489084
-2662285
-866801
80731
1304136
-1055870
-711287
-1048731
178992
214588
-1852508
-1933301
-1569140
-1462016
1489555
283472
-530477
-2847728
-607990
-521863
-1417835
-1897537
-197986
-912323
-1203753
-126258
-856416
-1544696
-212363
-1071218
-2047336
957443
686876
-345318
-700280
-2144686
-146183
-546313
-1057394
-1974842
-36480
-1326140
-434009
-919155
-1679530
-2608590
991412
851819
104234
-857370
-2174856
626436
-2634301
-3470569
-1210410
-1401047
-844260
-949789
-1055055
531380
616603
13262
-3501556
-661285
-2560322
553612
444198
-2459873
-220072
-2007207
-348726
-1244922
1077882
-2202522
255224
469428
-987398
-2072469
-282929
-565861
-1009469
-23412
-1147644
1942101
-1008652
-1121632
2113253
197801
1613281
-1164826
-974965
190224
-2616626
-1745923
-1570688
-85187
1085350
96774
-228243
-2877283
-908517
-1783972
-1819623
-225043
-1034493
-1986766
-548187
-3771712
-908517
-832090
-2816796
210484
1550
-719388
1251048
-25785
-685233
-1354722
-2488753
-3775531
901256
-1498044
-1335745
-719510
-706742
-2636116
-1460974
-2248662
261731
194678
821772
-1386866
-259932
950715
-2505086
116004
-12819
1296361
254854
1033870
-2724953
-2579842
-1449601
-1421815
743761
-1071069
-54597
-1211980
557065
-2583638
-1124722
1216664
-155536
-367139
-124195
-146822
28524
-1406960
-1070893
-1493179
-71932
-603153
-1508435
-202944
1179600
-831393
1225893
-1782672
288486
1138569
-93061
437083
479698
-1451637
-1989089
-2042541
1015242
258002
-2847532
-1704192
-912848
-2195829
-1630102
-510504
6100
930835
-325378
-452722
696969
-1847519
-461850
-404315
-1258144
434901
-729594
228279
-2442146
8100
-2892710
-23603
-1186794
1304324
-1175513
-1953614
-134269
-261651
-1184525
-219524
-362458
667185
-205786
-606939
-669438
-1079884
380557
11710
-2094281
-1545153
-963112
-21632
-2028797
-1533406
-1595216
-2066522
-587757
1276881
1592677
-800231
1352491
-1144888
-726553
-163627
1184464
-1327101
1036281
-755481
-1927237
-1106101
625964
1232779
-1577949
-242871
-974394
178963
-875151
627617
610478
169410
-3046462
-2873080
816867
842583
-947726
894415
-1324906
-889445
-316025
-375063
-241918
-1871424
-1299877
208597
195955
-2343020
-1446246
-442337
-2117684
-632717
-1967116
-615575
381092
-1071725
241244
-1872624
618808
1664482
-180561
-133927
536461
-2347189
-1862804
-1730115
-922514
-779583
-2104566
-763691
-2383260
251181
-2323265
-1685777
1112257
-134278
-1968448
-798201
484914
-2475029
-158471
-1689763
-1920248
-2224756
-3217964
-3296509
-2091930
713707
-377527
119617
954442
1036944
-2661488
462775
1519423
-499545
-2198705
362160
-346932
586827
-157521
-1215202
-722171
678307
-1543478
-939351
102169
-2094580
-287182
6163
1694887
-1165507
-3157273
-2701516
-1276779
1500131
1054800
384595
-1221480
-837742
-1125712
139127
1176665
451
-1236424
767699
1022788
-227672
598010
-832353
-666438
-1020839
867550
-2500070
185181
-492631
-1053024
-188967
-1037459
-1054410
-1317418
-3002817
747695
-2729608
536297
962815
265205
-417183
-445849
-1015347
633457
84520
-1469709
278563
-1524159
-2665477
-281188
661244
-857173
1196444
-979319
979939
-570354
-1590983
-1008850
691411
-147347
-3293
-800722
-851244
198631
-2504394
-1226397
-1302925
-1364934
1003229
-1785810
-1382747
-1490640
1528683
-2215703
802531
994322
-33701
-1437887
311245
-1114817
-1063334
-538782
831747
-1605197
-1848252
-689820
-2412729
-3373531
-1801468
-149476
-2654809
1008182
-531777
-81048
-214715
-969228
-133674
-175527
-1461232
-598643
-175449
762284
-1592808
597500
-741719
-214102
-1587774
-294103
-884273
-1688837
-448710
1346841
-1530389
-963268
677354
-312409
-82560
-446046
70946
-255828
-1278739
-258851
2183675
-246671
-411246
-341266
-386136
-1036544
-2460699
-1971155
-2437271
-2574262
-1725316
-936846
-193388
-1526662
-1490558
-2394622
704838
-935537
-632028
273264
-509911
40779
-1648539
-1159469
-1248255
-854371
78958
-1731429
-2223398
-3178973
-2382169
-102759
-1935196
-1052174
1244732
-2347521
-700522
108216
-659252
-1731716
-2119532
-2256911
-2177201
-48180
-1059175
-268948
-965268
-2057194
145916
-958263
-1260569
1045012
188203
-1053526
-1336556
-1257248
-905606
-373237
-923394
1632140
-1614458
-1059535
30272
769855
-1120864
-2950047
-3517260
1405212
-3293905
1049452
1856958
180909
-2253823
-221731
-718712
1104111
208948
-1457569
-1032609
565678
184185
-1845947
226144
-2284718
-906359
-1360840
10343
-1421082
-933258
496848
-2406772
-1021099
-278004
602640
431957
-2394171
-1265522
974343
1207906
-750623
346729
-1741029
-1335681
-943904
-1561736
22612
208419
283203
-3259843
-445560
39967
-1644774
-1093595
-1556478
-1866284
-1161989
-638347
-1157554
-354218
586358
-42290
618817
-616834
-1472514
-411453
-1351237
-234552
-2293989
42057
-2661812
-52979
-305821
-386306
-2343384
119228
-1135837
477278
-1151171
1386819
386873
228167
931486
-1439283
-1829267
-1594110
5333
-802089
-1929055
-175993
2056802
-1079588
625053
265759
-1047960
-1608108
-200191
-2322422
1254372
-577944
727151
-1021865
-1251936
-332444
-1030457
-261940
779425
-1935560
80802
344410
891162
-1079846
-1111494
-2709743
-530324
35046
-837711
-1437380
539857
-401462
-386917
-1858467
434710
-717373
-1681166
291585
-2009785
-1303505
-167043
-1686551
-589770
-935120
108656
273795
566466
-1078143
-1865105
-934227
-1316075
294960
-1155053
-1500548
-1530908
-2247399
-1360456
64035
-1390887
-590363
-317747
-1402788
2354007
-281965
-1491165
-289245
-723014
-470338
-266034
-2248273
-650863
-367379
-998638
-2112674
-1611617
-2075169
-2956163
-1261257
-763827
-1967436
1612595
244614
-1088137
258851
-1774204
-1108696
-1343691
-433187
-1382276
-1915946
-1682776
151724
2088639
-1220051
-1166214
-1274638
341719
-252228
-2297809
-721897
-1319780
-678998
486559
-2211523
474554
-300759
108047
-1586875
-775089
-2671604
183577
-980853
-122644
1112891
-99727
57084
23860
1121911
-1777898
-2116887
-306054
1028691
-879254
-998463
-2131730
-644656
-1097798
-1829253
-200768
-1379419
1519950
-372807
809550
-1012002
487621
325051
-177118
-680609
-1494301
-1013701
677921
-98708
-2808378
210505
615082
18624
-2689580
201180
219784
-1383205
627819
-1188551
-1143934
-2307631
-608550
48236
-1783420
-949282
-2757970
-890366
-987995
-21322
594371
631120
-112244
-799145
263682
-250030
-1164814
451493
-626666
-355712
2141043
-934460
-667873
-2933902
-1322089
-149849
-650359
-978077
393058
-20604
-1518545
-1642877
30101
-1146266
52217
729700
-2165942
1271694
527440
-898859
432091
1811082
-1329760
58206
-39990
-428354
855563
-804280
-1122177
1300449
-267684
-1076735
342789
-2704657
-1224166
190969
81471
-1926320
-682689
-189988
-1914301
-1717574
-1252231
-610100
-1749599
835518
-1879513
-1136877
-1113786
-2075392
-1174416
-844196
-319228
-419392
-2510454
-722964
1139525
392943
-83981
-384537
333559
-1806566
112043
-996900
-3566131
-1143560
128485
175185
-487797
843785
-1681553
-1193638
-696207
-1118619
-2704195
-3203430
-695105
-1419020
-2156812
385725
-2805564
232455
-147760
726261
1179472
-1766602
-752936
-824074
-2048968
194732
-421673
816284
-960872
-3363473
-1217716
-1779393
-1120926
-751688
820506
-2794877
-36668
-684358
1926910
-1241168
-1816545
-3149412
-813184
-225979
158748
-625781
-466500
-432309
-152580
-1190643
23891
-331971
614763
-1536149
278318
-624073
-836197
751066
-869644
-180395
-844717
1024975
-1721408
29080
-1480723
-1849316
-196921
505172
-436771
-2459869
-1590992
526293
-1659162
517809
-732734
-156960
-1662238
-1122633
-186033
27578
-2724839
-872391
-285999
1524207
-699139
-1425754
851059
-2182104
-528169
-1451104
185119
-1644202
-818735
562584
-713215
4372
-2042211
-1673862
-1222590
-72466
-320683
-593094
-1693539
-1376316
-78645
1048865
-467015
-1322638
-2445879
-369489
-684371
-2114284
-2148041
-713524
-425513
-172508
250975
-1039773
-1322527
-1557271
-519824
-2020730
-799116
-2204888
173201
-1793848
547770
1548575
468422
2011203
289086
-1272439
-688932
197810
845065
-928658
194027
-2367973
-984685
-387318
-1819552
-1015713
-828649
992107
1091340
-1697016
-7865
-2020785
-1358519
1453689
-2043538
-851801
-2864266
187699
932699
-2737356
-393751
838794
-919792
-1443879
-13313
-1465065
-2385725
-603226
-728114
-2929044
752943
-1401747
-161340
530693
-2876049
-100172
1293727
-1129256
-951069
-727128
-940891
1241597
-891273
284223
-803842
-1073070
309899
606088
-586895
-1074948
-1782594
-416762
-259179
-1241999
529443
-92474
935090
-1374373
-1789495
842337
946125
-1070291
-1873047
-2208075
382748
-762552
335413
-75200
384059
-1533883
-2032408
-1230900
-1862170
-608678
-1426479
-1085619
-3465199
359787
-1901929
-2630235
-1516332
-215776
-331545
-778058
-2442156
-1036760
1300706
-1486569
-345836
-1211117
-1140005
216375
-1025598
1487393
745306
1314565
-2104855
1198661
-709552
-2732239
-519630
-1294504
-1870316
1074833
587001
-1410624
-2201892
172647
-115846
-849249
-1344528
-861763
-62657
316055
187065
-707679
-572258
-1270811
-1480704
20971
-940257
-1185183
-2342927
623008
-579123
-649126
-624011
90697
1286913
-829320
-33605
-340558
-1624172
1751093
1323829
633130
123491
-227897
-2236768
-1745064
-919896
187589
-221789
1054458
-1269902
-1157644
-633894
-790213
1001086
-257994
-1101394
660300
-810930
-187309
538944
-60229
-327242
1081087
-1263302
-1920460
-1334330
-1265862
-1165747
-1267895
-1243234
-520389
-1944241
-611178
739569
-2659207
-408097
-1636904
-2340582
50902
-2282298
-904826
-1382646
259741
-830226
-256798
138929
-291996
-1687080
-261645
-1263489
95036
23405
-1298910
-632031
-795567
-1194180
-424251
-720181
-553926
-1001839
958131
624008
-396448
-91500
-492213
-2254790
647690
-115872
-958312
-198901
-1945158
-1650306
152605
-932212
-1997591
-382390
-773640
315720
-1305123
-1981166
-1540864
-757022
679885
542329
218624
386514
-1854588
992881
-1520958
-167793
-3011828
-1281996
-845082
-85298
-1538025
-409572
-2217066
-614400
-1850608
164833
432298
-2955293
2093690
-905969
-1451899
-62459
-593950
-510242
-1144463
-1104065
-338371
-1880450
569521
-2281248
29770
189391
-411313
-358026
-1041701
-447313
-1121551
20329
-2248920
-102162
-711270
-3470438
1198419
679417
-1213799
-943321
183354
-873949
545269
-994320
-448954
-2261182
-2315676
534799
-109773
-204438
-565286
-876199
265332
-3212065
1859667
-2334194
-1873695
-2673759
-631429
375406
-168973
-1710812
-1341613
-176159
-868906
-1874454
-399949
1155212
-928171
185187
-2481970
-1532173
-719937
299136
-748458
-1421076
-1124109
-142827
848480
-1279989
748584
-2434994
-578373
-465498
-2578766
-819799
-345500
-470615
199172
-1498410
334996
-1557586
-1646924
2320875
1759133
-2014122
596631
-1031501
-788241
-43335
-304937
-328578
-1648166
-1423251
-1707578
-1424193
-1188850
-161996
-3251980
-549315
-760743
-1976342
1109501
-531042
-1552610
-126013
724497
-582754
-1431876
769734
-1497765
274932
414373
-1234794
-1401202
-114019
-291784
-2434380
848002
-3041124
-1213067
-1810306
-2441190
-2680738
-74956
169446
-1269558
748272
251155
876886
-80041
-1698613
-187057
292359
-419654
-1311267
1117153
75174
-574086
-564695
-724599
1100625
-983159
-1341049
560681
-38380
-887810
-179005
-2722825
-216310
-528724
-588513
-547067
-684085
-402939
-1265188
-370828
724594
-1631226
-1407291
-255083
-2001909
-2748699
1131840
388734
-658852
193236
-2380327
-2223822
-2652251
-1445849
-2662365
-1811980
556761
-1707095
-1378024
-1562361
-1819835
-1904204
-1698433
43890
-3484
-2022354
-1055958
-310571
-403415
-1888551
2008
770992
-19919
-1305228
264133
-613061
-1059517
-1136342
1053426
-1202640
-900850
-2754090
213033
121740
-581764
1133642
-813170
-99192
157559
-1871009
-751927
-512980
333349
-689662
-1996638
-358885
1454642
-399908
-540580
-3355974
-536452
-533870
-955574
-1179828
-2197411
-905891
-1939044
362902
383874
-268465
-1522858
-1067093
-1850861
547707
-1406615
933996
396515
160855
-386975
-4245
1680
498033
-1943390
-744777
121782
215572
-1722814
-117737
-115581
-277749
-241055
746021
-1611686
119867
-1206710
-674527
-472329
-1064100
1055197
-1514742
-2098765
-1169117
-276835
167948
1493532
-268809
-1270473
-304558
-671951
-1613680
-2255697
477949
-791738
-1460916
1102021
-1459080
-106666
-1486550
218827
913987
-3531592
640428
-144555
106853
-204104
-71925
217063
-1027631
657738
-119873
258639
-2870721
215831
-1642786
-2295111
641816
-2104646
-1457962
1867284
1115904
-1416477
1614556
373642
-1804974
-1417629
514256
598910
-3442044
-456034
1535770
-358240
457279
629099
-734717
516432
781545
-42530
-1532783
-1722106
-2508864
-1865703
-524292
-1758174
-558216
-784774
-2168911
-1046180
-342980
-1541244
-924759
-1757318
228030
-1066103
-721542
49906
-861292
-473221
-130591
-2226323
-1034743
485801
-1853463
42653
147491
-1403177
-395519
-723086
137312
1414423
413149
-892858
434833
-903280
1498149
-1238522
624461
-1149447
191282
-1009911
-81129
-1284641
-652895
559200
-1379453
-1114572
342207
-572887
-1682962
-864913
-1500009
-24193
-1108943
78642
1052721
300120
-1311138
-855034
-1361562
-209158
-2051683
-2589317
-2453376
-1653401
-336828
-916055
115833
586383
-1426440
-1667921
-260567
-108808
-1519958
1567719
787446
-1976700
7129
-422407
762977
-480235
-1696948
-2097407
187471
630290
-1053370
986346
564286
-899555
-308977
-1681108
-851964
-2668427
610255
-1161830
-1198114
989746
-312387
-430832
619778
280813
-1037330
-324878
-1276629
-923593
-423126
-60913
-1177
-845640
-1011379
1581366
-2728129
-728057
-620168
715222
1555896
237364
-2287428
-2261926
699531
147854
521928
-1495627
-530567
-2120759
-1697347
-1199370
-821722
854136
531224
103606
-1670912
-817836
-1119019
-2539422
324458
-847797
-2859761
208021
88969
-1787770
-546473
418249
-1534033
41687
-311767
-646765
2001632
2240404
-1789248
-2275329
1250844
-1720569
-1630115
22269
125160
-148007
60171
684083
116156
-1846967
-1215355
-237726
-491624
-1161454
745875
-853227
-1959588
-3001305
-725176
-916699
290969
2221520
-1369952
156078
-921117
-636226
-65670
229406
-302207
466045
215562
737425
366812
720879
-31120
-756656
-70750
-763227
650570
1073506
-1300890
79745
-2581225
395275
-994382
783125
-1323247
-388613
250132
178928
93680
-1392382
-384990
-2386951
-1375418
-1040722
-1868911
-281971
-2071423
-765678
-1781467
-2132230
-158813
537015
-248430
124834
-2761886
-1032707
822678
-1387781
1174936
-808417
-2627484
-981828
-69585
-129141
-634920
-2023778
-1002715
380766
1445553
1772848
-507396
-405914
-1396492
-548826
155243
-1315879
1641103
-473884
-1320231
-487828
924304
-1954207
-650839
606842
-2056205
530801
-602730
-113994
-524360
-1598069
-183515
-120782
-45653
-964490
743982
-924735
1126930
570353
190970
-1002758
1015709
174043
-328305
-646981
-1369077
-385453
-1697207
-102662
649357
382472
-3180782
-2063100
-1660745
-1324846
-146260
-757880
-3029482
-722115
-2183948
-1667466
-870690
-499429
-3126674
-569833
-1447870
-2703350
-2934471
-3122481
-164790
482384
-2866513
1009531
-2786040
2359866
132661
-1938976
-92685
138129
545199
-353279
-961444
-598164
511231
-518458
-1107772
-633863
-1266881
-369986
905195
-1514493
1252218
-440348
-268925
806403
-609877
1475432
-1585582
710534
-1849320
-1644143
-1086728
-2006474
-1710265
1386500
-1707127
-1861468
538567
-1897490
-421418
-1994179
-2081995
171006
-729036
-997914
-1037820
-449051
-2138255
-78239
-1784107
-1269042
-665885
-1146662
979544
-1971454
-172459
-1430062
-1606490
-1650814
-901245
437721
-804956
-653552
-1746848
-148
-543008
-1021189
-1062233
-629637
-2711048
-3250747
-348948
-2024313
-185261
140564
1022825
1679585
-8994
-447699
-2200634
-1521927
-1509289
1020833
306422
-2619992
-485962
-1749749
-1792975
-500515
739710
270929
465969
-772869
-67960
-936440
-2019806
-1405347
-3081081
-134701
1685098
1638234
-1203467
-150429
1256010
-350276
-631992
-1694996
827368
-854974
465596
1595670
152331
-489597
91898
480516
-869128
-1092504
906570
-886554
-7533
-737230
-2756915
-342899
534236
286002
-266038
-198409
-1527834
-1272118
-619864
1456024
238681
1542045
-2755401
-2433117
62661
-1911205
-2818845
-2859916
-414458
212780
1657498
1199560
-937780
-2073594
-304738
457147
-175030
255128
-940668
-2930152
1785019
-1291313
1065133
-1360636
-142852
683655
134545
-887521
-1266251
-55817
-657782
2059375
-767313
-414689
-668504
1820097
-1653045
-1408727
598900
-1161257
92896
-364211
-2121249
-1015419
-795809
-1793150
272061
-932408
-775688
400459
-53201
1133128
-261227
-884425
-1732364
240380
-436051
-1376505
-1865013
-266005
826085
19721
-1358734
-408864
-1249480
-66807
-2104863
-1356582
-605535
-1741695
-726529
-3054552
-1446041
1150679
1292146
1272340
-1959371
-211132
518662
398794
-282367
-2206216
-554132
-2973346
-2383218
-1099308
-815397
-865924
-1836666
-3085523
-436510
-2915585
-813852
-973865
52415
-2782961
-172512
1325630
-453862
-511035
1799461
1396815
-2320430
766412
207048
432207
241568
-1775912
-1356679
294741
-46818
-2585904
-2053099
458476
-993456
-642987
-1320923
-671722
-251117
-144179
-1511899
1163943
-2703121
-762806
-1591618
-2565590
-1572723
-1378202
-1421230
-917033
-1595
-398141
-122988
-1905793
-132505
79751
-1898406
-1564426
-1079298
45473
213654
469826
-269196
443522
-427388
-618985
529511
199922
-933442
-1469190
624584
886897
-538908
-1456657
-508576
-1742673
-151266
-1671763
-2866367
-281239
-116666
-130503
-1592961
1826188
-55169
-816632
-2092611
-736786
-218783
-55317
-370958
728877
445258
-1339232
-829505
-993194
238740
-273556
1407952
-1909416
192666
214730
-1549053
-880914
-1497344
1753049
-35829
-1967777
-1210458
143176
119338
-942309
-408316
-1425164
-501673
-3218774
-179072
929252
-1780730
-16349
291203
-809083
-2101707
-154018
-935457
58662
405834
-44307
-1465989
-2291116
115243
-1439893
-88324
-678656
-1099812
-1194082
487824
382035
-2863486
-478074
1052579
-481335
-460249
-300632
-1907045
-2032847
798877
-792527
-991067
919301
-123535
-1118357
-571699
-1834632
-27022
-277627
413198
-336064
-625952
-1348637
618629
541277
-1438373
-1174786
-2768641
63368
-1953495
-1708998
-963695
112944
-305056
-2242419
-176760
-1379577
-978251
-666440
-1058152
-1028636
-1922905
-1326342
54193
-2796421
-653191
-297904
-3073786
-1905535
-97922
-726831
-808324
-419072
-665504
-1447496
-535353
190599
-2360003
601128
322853
-2425399
-1269916
-497263
-831983
375863
-2453934
-3059499
29642
-1170467
425574
-348934
-94400
120265
-1604323
-137981
-360884
1108421
1338735
819555
-587709
-686709
375750
-1435228
488801
-1082335
-463501
5151
53394
-1277414
37951
-550684
-1676379
-443560
-1010878
478993
-1365064
-177514
-568171
-97602
-984439
-410049
-1108521
-791073
-1777490
1933687
-2409723
-19399
-473257
360316
396762
-216643
98193
-1227655
-1582519
992778
-1785162
-1389589
-1893344
-1353248
-826939
-1043618
-1231521
599859
287536
1140700
-995184
-885904
-1119104
-1160052
-3061129
-318042
157889
826548
-2208391
-1625565
-1909198
1246479
-1732770
-2061426
-1510955
746605
-28383
600094
571923
-701979
-1141695
-1393683
-387347
-1092480
-1262603
-1817366
228223
676359
-891549
-60548
-1781227
-767938
-2865119
-1536619
186032
136367
-81547
-1662609
567888
-3155121
-243397
-348520
1733672
128858
-2016496
37920
-432609
-383502
-1092842
547566
-574288
-2231512
-885131
-174431
-885662
-1151764
-185244
-2807337
441909
-1611241
-1435566
-1593019
-505891
1077752
-1248036
-731904
-1597968
-1219941
-227080
-710240
-1414710
-127388
-1529786
-1244503
514565
-391240
19213
-734692
48044
-413283
515092
-1328706
-1881924
-2165034
-1334882
1037517
770370
-65001
-1220680
1039954
977511
-2652271
-1519309
443123
-1122079
-236694
-3113886
-1543623
-1238406
-1256058
-929490
120160
382934
486672
-1660802
17222
-624397
-1262542
-1170195
-1299158
-1279891
106916
263553
-2261436
-1058491
-3267734
778099
-1862420
-696243
-1049920
-966695
-323531
-398456
-1322244
-1443362
-2131125
-1673365
-2989749
1041835
223000
-2015748
-405049
-2094612
-74246
-770462
-1346762
609610
-786151
-927353
91573
37992
601567
1055402
-1093401
-1254681
-1177794
747374
-239543
-686531
-647239
-1112390
-1453126
-712356
-2428735
-1674383
-971648
-3830514
308984
701601
754962
-591008
-1152557
-1173577
-1732888
-1645502
-1432302
-271025
-2485605
205903
218246
4745
-3664914
-152731
-1338723
892885
-2027321
29569
-232143
-891182
-929033
991812
385232
-3142390
-947417
-162012
-1235619
-447909
720725
-1167011
-1478152
-589678
-489454
652154
739186
-1880318
-1655270
-1859151
225340
258305
804672
145068
1450882
-20337
-833801
-626985
-348776
-701934
-2556112
90811
-844892
699528
-281310
16599
830232
-1227818
769824
-2286387
74914
-1301395
-2467841
-2032619
-314424
-1621640
-3051711
-159924
1644755
-1236293
1297114
-1360516
514326
-96398
-82135
-1204556
-1881305
-2907075
-526848
-2172440
-1159447
-235993
1472954
-839391
-2743782
-415760
793018
-126500
-1720618
-1074374
-776826
-1574695
-2160991
842339
754983
-271918
171058
-1068171
-1137379
598923
-174396
-794891
314965
-2099756
461245
-419309
949007
-552374
789767
-930901
-2041844
-1141450
-2462587
-973993
-182934
-495314
635496
-439215
253823
-2815456
-1799548
-661977
-1054405
-3406176
336750
-2460736
334950
-1048611
571230
121299
-309634
-325529
-624432
-397063
-479614
-2766749
724059
-2527078
-1812385
764535
-144709
-1142822
-19436
-644194
-2491800
164940
-1767485
663350
-1046964
-878145
-203192
-1399087
613528
420319
-1561073
-920767
70355
-308818
1523508
474463
25365
383463
-1037158
-1958922
770250
-1664486
-1577046
-1609308
-1483196
1056466
-31676
-1416174
-2482263
-1052371
-1422457
414587
517937
-672794
1627192
244960
606747
-311703
-2939291
-2266032
-1902221
-715697
-488832
360624
-213902
796251
-2199455
-2926011
-1586506
64734
-891032
-761153
1676272
521469
-979262
-1872801
-1262667
-26901
241737
-1404755
-1424352
-115834
-433294
-1101974
-2566724
152479
920602
506432
-757239
-1796306
1271690
-638737
-1346769
-1985986
-698065
573982
479143
-1723826
-1296416
-1749555
-2110534
-1225430
582286
-1384999
-21285
788536
-770804
-660047
-535414
-1203316
141455
-1969639
-2757416
-728630
770690
-1572835
-307330
-1965974
276744
348496
1582667
-1434524
-2095667
-796529
1311719
196517
-440774
1179714
556039
727257
-486209
-662678
-477947
793231
-914805
-588440
-837786
-1527806
-1579230
-1153879
1749402
-1877195
-1027778
-1177011
-308954
569777
-900326
-1068333
-2205154
-945422
-1263788
852212
-2109253
-1329261
-2732691
-403496
33911
-1770744
409664
-176968
247273
-342483
-14353
-265043
-2394757
514834
10166
-816690
-1108117
-2034708
-2897309
578504
-100219
-152587
1599093
-852288
-1060879
-2008558
-1578420
-337254
74977
1169738
-1161026
-1853403
1462996
-320808
-3200860
-939231
-2121083
1295775
139360
-598442
-279586
-927459
476307
-233208
-605618
-217558
1953648
-2072118
-1111138
-258625
319405
126084
-1757677
-1166963
-943288
-1353904
-1436351
185969
-1195478
152836
693280
323572
190045
501835
-1857993
-1381338
-1113766
304481
-1859051
-35875
-1767612
-21221
-452908
-2582106
-149206
-408881
879192
-793089
-1713109
-620809
488876
-2770377
-1245992
-1074566
44120
-1305629
-2746775
-2109922
225362
636730
-390936
1019885
24113
905127
-732407
-74429
-2280562
694622
-61286
-2881840
-2164172
-1918053
-1450373
-618652
415070
-1209544
-226771
-1367316
-2130616
-1566919
-1574971
-1505501
-2651349
-1871080
403222
-973620
-1709655
878133
1131095
-310014
62279
-321480
80925
-246896
501202
-1918041
858965
1422467
-2242347
55830
1433872
883969
-1333211
-564618
263956
-282146
-1965629
-1967963
-558688
1084451
-2659497
1215416
2217556
2010818
1258865
-697551
-2049313
-49889
-1850432
-1819829
-1099705
-1632574
-1487191
-959795
-118325
278469
-2809171
-1051289
1044711
-320059
-1307898
-345912
-2335015
86320
154210
-1585275
-909026
517514
-1534264
614667
-1934637
842141
-1188205
-702814
1611554
-2374648
331666
-1030454
-442808
-647039
517619
1346346
-690317
-156130
419706
-2514984
84636
975165
-1582056
-1561709
-1512839
53489
-827285
497478
682676
-597172
-1821430
-722250
-1598802
-3102843
994551
631300
-59772
-1614529
-566540
-1705754
-643569
286302
-1187174
-825147
-252597
286976
1047693
-5556
472492
-1991595
-544181
-3481
-1582016
1580019
237115
65695
-175318
178885
-1686490
-657954
-1425597
-52229
-1095163
-1262423
-621007
-630885
-1901774
-1133943
-1219258
-209152
287764
220636
538954
1340316
-893192
-1713525
-2122936
-1219869
-2272913
-646493
-78490
-922236
-2064776
481878
-191724
693394
977883
838510
-2170698
-936198
-606987
934340
-1041523
53829
1754064
87229
-359942
2047604
-629025
-1982414
-851304
70529
611541
-1191506
-633326
-1875361
-703772
-590405
-360630
-414477
-73611
-622155
1250301
-473784
-975832
-1483396
173530
-1019160
228290
-644779
203122
-239809
-234614
727743
-338290
-1744421
-1388372
-149067
235902
-831076
897124
-912770
751238
-2837424
-1126143
-738375
-1824933
-570938
-3259327
-368478
566855
-1920182
-423748
-1299989
-1391600
-1010862
-1795132
-1101068
532992
-493840
-2059426
-233062
-805757
-1357975
-82824
49711
-939775
-655765
43192
46254
186437
-1724431
599861
-1418797
1588524
-95790
-1991786
-2225759
-402098
648280
-1281453
673209
-892059
1468374
52101
-3150317
-1589703
-522013
664134
-1372147
442774
331589
-2174608
-940962
-992520
-293859
13802
-11394
220627
-3141882
-932078
-815381
861476
-158712
696556
1404159
115003
-294581
-2253757
-1753683
-323925
203570
-312415
-1306621
-2036124
-2360758
-1518912
329649
-473309
663877
-1176523
-610371
-139883
179614
-2576954
-1769638
-1311233
1216178
-690652
-405852
1540622
-2289208
-2858795
-2737009
284866
611428
-1489033
-1261258
553041
-20282
881224
-1401089
-1657572
-1949770
605090
353680
-1357259
-597840
-599996
2038734
1302293
763510
705667
-1336127
-1768210
-2836935
-445866
473636
-1343027
-545704
-1342750
-444629
-493323
-650813
-409420
167868
-1802540
152579
-915246
-288827
21449
-1006685
-148368
-1383639
-30399
-435047
91736
-1454553
558024
-948364
102922
-427313
-1127104
964458
-206425
-1541058
-3106228
714399
-2275792
-1132030
150039
512169
-93332
-1595997
-515674
-1230412
1795493
-14742
526042
-3414039
-1245666
-2399283
556853
-872789
318317
-500023
-1925534
144658
1274719
-1009343
-602121
-1697795
-900175
-1599559
-2687709
137634
-835311
-2667327
-859925
-1820083
507344
-1482135
672491
-197842
-246680
-1204216
-2415032
-1186042
-837330
232556
-1949811
-1233014
-2599043
365965
-1369344
-610953
-1638334
-589720
854405
-1258146
-1644048
552239
482534
-1079706
414928
-2590454
621659
-2455990
-2309280
-486378
1274969
-1881145
777702
1360472
858044
1410520
413510
-910307
-761610
-305270
194949
1178507
439640
193168
-1033623
1672965
199488
-1472766
-280139
-1243327
-970736
-308570
-1680684
-1243230
-864030
-1174501
-163385
-1371853
-1450062
-814161
800986
-925198
-2489413
322060
-556538
-256768
413064
-573394
241
-49870
-448436
-1534828
-209702
-2052350
-918672
-1595467
-483728
-1584697
-1706624
-827742
74596
-270968
-1433215
-728776
318389
-651645
-1238269
106174
-2168150
-2168815
418068
-1085330
1549227
-14820
-796471
-804259
537812
-1225406
677230
1652705
50795
791049
-1251915
814283
-1569900
-956011
1720127
-1228604
-860191
-1041538
-1425686
296302
1876188
-1531548
-1746656
-1737528
501760
422082
1811505
-2677555
996525
-734786
-473340
-1005124
1170453
-2068503
-2327990
902063
-1471615
-1322497
-1744341
-685433
-1323618
-1019639
-2152977
-1609082
-525117
-2028626
791780
-158042
522097
-1444131
859975
391639
739854
-21857
-878115
-1337050
-1645654
-931981
-576861
-1914937
-2289187
-10660
-1885098
-2425032
-1908189
874935
-1412427
-624347
433232
-672581
1075553
-2070054
-2503179
-1086708
300290
-1221333
1096867
-491711
-985708
-1160342
188403
-1752447
-1105761
411236
-138185
-1993407
-1046295
1620494
-817903
-1359779
-1674572
-951765
-2050368
1293673
-909239
-1787916
39072
-99029
294569
-681604
308822
317957
797655
808483
-2770495
784014
-1789749
133044
-1470279
-3107125
-713878
-425094
-507070
-359041
330565
-1583310
-89570
-1434336
-1279647
895411
-874815
1079646
1427458
678603
323572
-2014721
-362985
-138938
-1015330
545999
-976081
365619
-2204474
-725674
-1606969
-1234391
61982
-255610
-1593945
864210
842541
-910883
-3858436
-1491839
-658420
825373
-3067831
-464799
716489
-1290816
-1805916
1535897
-2975312
-290287
-872228
-1093976
-1314040
-355313
-619342
-119507
-876009
-1008838
-728333
-24102
46605
86305
-2361328
-922196
-1181596
171357
-645744
-1521804
-1020717
-2683551
-1400104
-1549046
-2455678
532816
650219
-1327332
-506055
-2317979
-1747016
-341646
329684
-2437113
-51363
652737
-258993
298691
456806
-767809
-348632
310441
175230
-2081472
283810
501400
863109
-409879
1336750
-2104265
1259763
-1561190
99828
297947
-338531
-1588947
1037730
512664
-146447
835908
-3010602
-568696
-1447735
-105014
-2955135
150451
-2012349
-3282128
342782
-1212196
-1095223
444664
-47761
-974085
-2244657
-2350940
286509
-852403
-526922
-2169813
-508917
-633850
1147754
-622564
66174
375453
-706350
-994406
-1728227
-908959
-913110
1586380
-384798
-1142652
-1348109
-85342
-1629457
518566
-171202
-1130180
-1677425
1236523
-817660
-339699
966589
-128207
-882126
-855999
-659883
876366
-641529
-2031820
-769115
-8728
-296662
-58064
-774304
-2651642
1435199
-1833107
-2914810
-177565
-216121
-1754475
-1358116
-1101083
-583553
33534
-1098524
-794734
-1110068
-1458814
-2142028
3997
-459817
-1790268
178550
-1575731
-1337030
-1220425
-951346
1121796
860487
838203
378376
157062
-1160893
-1036999
1606594
948490
-201759
-1359403
-949949
-230426
535792
1311218
-2255498
-561791
89525
416331
-1816193
-699515
-791321
-409820
-1677068
-198823
68359
-27908
-529919
-1456020
-3387103
-1385559
-2464879
-2734817
-673320
651350
117460
-594922
-313351
-107693
250361
-706492
-1551397
-2028630
-978301
625312
-602199
-840418
-1490992
30493
381195
-1946076
-892127
-919875
-1314938
-327927
-1838625
1571181
471673
-426579
-1747608
72542
-2020208
-2882727
-601539
-55844
-564371
-648282
-962963
-1281427
630394
-54114
-1455988
161634
-592740
-2644205
1882979
-1782507
-99372
-1176267
-132974
-464890
679844
-795245
-1138474
-2262934
450340
1630886
-526198
135467
-694157
187352
-1412660
-1546678
495423
-519098
1778691
-1436027
995619
-1120520
-1759116
955924
-450434
-616707
-2168284
-1062283
-2681456
-1010180
221949
-1440201
-2918777
-1440292
-1314963
-2558
-1431124
2034820
-265964
-1284337
1002654
2189172
-1757408
-1775368
-1213367
-23362
150038
389511
439191
729161
720674
-492755
-87813
-2332147
100078
-802273
-1632837
1148412
-1129918
-1048708
-1517552
234280
-637601
-487261
681447
-443899
-2226788
-940482
-994828
11506
-927139
-158912
-2293556
-575036
258911
-1994624
278702
-906020
-2231528
-2064845
-2217421
-133720
-3251183
-1441104
-1748390
-2058129
-887823
-646306
-2087250
393870
-2115423
-1575334
-1936202
-2524815
-1251956
-527979
-1884992
-987311
-1473319
-1722105
-482212
-209612
-2984513
-111698
-464146
-902376
-1231482
1310954
-1332875
-2263964
-1089167
-1564550
-241899
90258
-1557467
542299
156868
-1811546
-892215
-1470852
-185957
-876944
1844831
-1036081
-2325084
-1315947
240461
-2122765
793122
873233
-266881
-1795560
-644719
6578
-264004
310633
85748
-2454359
445116
-115878
-1808704
-679376
-81067
516853
-71003
-737794
-1166308
-828109
1195290
-3702598
-1776211
-157808
366648
-2036099
-2226747
-1156761
947341
-1982524
959180
-1199531
-1433095
-1245438
-226100
-838009
447698
682471
-942032
-2420740
-546631
722096
-2579228
-1018032
-133202
-2047991
770741
-1606976
-378246
699825
-2046947
453806
222259
-1028969
-1718292
-1578999
470164
711125
893773
212665
-1271496
-189621
347259
-591687
-2931752
-1437633
-991372
72481
1535009
-1627950
-1623755
-1074237
-1347460
459131
-814361
-375977
334717
-2070934
-1640857
-805044
-523906
-1581173
-92638
1131963
-2717999
98017
-1616999
439945
-419914
-48478
-837664
-1314468
-311327
-1869403
10211
-1824909
21605
550288
-1078851
-2689966
-325535
-669815
239303
-185239
-739508
402221
-581657
-1101596
495928
-698157
900151
-1914426
-1310295
239735
805536
-259910
-571845
-2213167
-1013508
-294652
-2058559
354142
-221708
-864577
-812898
892211
366283
-1014673
-1892118
1312992
-568729
626303
49817
-647214
-1656752
-1049359
-1204932
-1570463
-577318
-1203327
-22590
-1590795
-272808
-2262867
-90979
483714
-1557052
-173292
-1610395
-3645759
-1809372
112256
-969310
-1642883
-111751
-480034
-744544
-218346
155263
-829327
-1049199
-393758
-795202
-901368
-1001115
-1919048
-376197
-183765
1832771
-833334
-865859
-1404221
-452878
288298
-356113
677523
-901559
-2747313
-1237126
-7146
766591
1418437
-1960641
-2066471
-1139713
361247
-1072370
-404296
-350223
546862
-1459277
-1007280
213886
1844973
-2980845
1131863
-1261833
-1075909
-1374554
-991079
548758
-240222
747457
-1245822
755931
75247
-397731
-1514363
-567380
615832
226727
-1725720
-1755867
940679
1376047
-626790
-333375
-284319
-1682969
-328731
-2088438
-2685212
-1970738
853623
1610478
-762662
-1701236
-605336
-915512
-582300
788155
-2172658
-1028465
-1093511
277972
-1276106
-962734
-1887636
-1264962
274297
-2126755
-125981
157434
8284
416706
-83096
-850286
273008
229390
-1465014
-3153346
-618674
117517
-27743
669982
181399
200529
305875
-474794
96612
-626596
462273
-2209
1084202
-800182
-2117
-148394
-772324
-553473
-718009
-3146871
-977680
-2076292
1013455
-1715697
-2158734
-556842
128847
-612729
160981
-968650
957398
910320
371783
-2803825
-3035247
-1177871
-1440250
-1907722
256397
-1617269
-457207
-911846
147934
-491553
-1675655
-1141329
-411482
-514208
450137
849691
-1320566
-864910
-2177680
555929
-500537
-872897
-1288314
-1031175
-2429170
-701684
-15320
356307
-511065
-1226241
-59024
-359248
-3307539
64467
75597
-131579
-353062
-1991511
-648248
-1001404
-727242
897600
-2213598
347262
-451222
1090116
-742331
-759248
969111
-375442
-1001852
850397
-1989876
680807
-1948244
-806541
-1633090
130761
-2124334
-1881776
125365
-2054768
-1747795
-562346
-899766
-303137
465489
-1666151
-453396
1830350
-69685
958800
587126
949261
193885
-1526802
-1251906
-1463681
-806137
-742013
-2538209
-3054940
804732
959437
633855
44017
-1510387
-768651
1499483
-1201794
-1369979
-623101
-1902769
-1304744
218657
508650
602748
-1188569
1083147
1224445
304246
-1031891
-1697169
-452823
-2014666
-360712
28187
-1318079
-601673
1146637
-938150
-2257898
-166425
-1946137
764098
-2443887
887027
-163116
-199268
-32921
1706747
-134266
-104769
-906180
-1001006
-86648
-518491
-1547008
-191863
676546
-160283
582228
-883183
-2216902
-413186
-2097426
-49804
-1232093
-275727
-1896859
-132184
-276628
-1560407
-1114922
-963663
-706881
-1674442
-670730
-748023
-922073
-2866589
-1550584
-226718
-572442
211358
-1973269
-1450235
382950
-2028231
-955623
-3207384
-952908
-1455458
-1528141
-505337
-3283057
-289037
34892
-1347132
-1840789
646568
761444
689328
-1033832
-2492581
527060
-2463280
626870
-631995
-1381697
-1930117
-63472
-1864293
-1667978
-1833198
-1707621
-292574
-1232605
-1639519
-1186572
-995298
-817450
-1405544
-1815482
-1538605
-1435877
930331
-3404703
-128419
-87287
815857
-1481821
-263181
986863
-1785864
497089
266382
-241478
448654
-654803
619385
-484723
677601
-1522612
391168
-2081253
120799
415986
870450
-2598414
737894
373702
295571
-608247
-263408
-579342
82156
-479988
-683137
-2845170
-96987
-1309603
104017
-480462
-1270452
498550
-1253607
-2280522
-797415
-31146
-1953895
64805
-2274219
24100
-1110763
-3020024
-1540660
-80871
1206539
-2634493
-345160
-888397
53400
-2076500
1331031
682594
-1433930
-832750
450740
-230373
-1677774
-944883
131894
337974
-413259
778324
-67393
1065727
-576435
-776933
-1988267
223463
-148670
597363
226166
-1703393
17573
-1332240
-142550
1398560
-1088408
770726
-568914
1178172
70878
1960209
187081
-2241158
-455615
-968238
-939700
88959
-339368
-858082
98909
-1368592
-972176
-878472
-108504
-658175
-2585531
403810
-1456543
-838983
817908
-48661
655888
153251
455778
564934
-2572022
-2331735
-836935
-1655029
659479
-243381
-628816
475169
-1656646
-238042
-2048148
-383668
-950996
-524313
1659115
-1067983
-1186747
-646757
-833057
195849
-316164
103717
-409509
-549476
-2230758
13739
-3343038
-1174072
598166
-937056
-482826
531028
118147
-1230845
662809
-1656121
-302800
-180398
142039
595735
566440
-173442
254287
634122
-477620
-13534
-610064
-958613
487622
814552
-560585
-266527
-619451
-724869
-2110994
-501400
716308
-1085021
-908530
1301275
321378
441098
-712353
-2447051
1719872
-526774
39113
-350203
-1326868
565360
-2194060
-965886
-429151
-386150
-1672064
-359810
335421
-1052924
-810562
-2794304
-1221778
-1446113
-1262148
-1863801
-542803
-49566
-561885
-1503813
-1399926
117784
-99935
19449
256001
962592
-2733011
-2650816
854694
1290147
-629857
-527957
-1722634
-1456273
-1360079
-1026120
-1505969
-1871383
-852664
195066
-2517633
-70402
1252876
328182
790218
-150046
-1590779
-75204
-633435
-104805
-393408
537490
-426513
-509266
1217112
1154360
-1027131
-887497
1505731
461114
1023575
-200892
122660
-912319
-190478
380236
-37132
1062320
-1194405
-1709456
-1055964
915840
-168605
-1500958
-78373
-196001
-713116
-1532029
386075
-2280531
-1962696
414667
-2333002
470333
-368056
568873
-1044916
-1167828
476482
210976
-1808421
-920793
-652471
53381
-417875
228603
-1634278
-1408968
460690
-74785
-130640
-1931458
38874
88827
-2122560
1054229
234332
-3268960
-399294
-1533022
-1843986
-1909550
-288716
-627059
-654239
-895688
-2324723
-775266
-1310424
-1317656
-1072147
-140970
-2237937
-795810
-1427856
786227
1848954
-574053
247505
808790
-2222464
-627573
-361532
-1430978
-505265
-1746971
-165855
-67750
-1235280
-1399259
-2572279
60275
409250
-273507
-520334
-2662571
170923
-1110165
41740
603329
-582183
-1260804
-586158
-1590359
730756
-369766
211229
-2984931
471742
-1277846
-1360109
116932
-737210
-376980
-721305
1558278
1728766
-668572
-3539623
-984584
104349
-146034
-891083
-2326234
-2178086
257817
210620
-727621
1002661
1426608
866610
-2231916
-629290
-2270017
-60663
295495
323404
136204
466630
-518938
-40620
-885654
531927
692398
-2128545
-197950
-3367854
-378721
662810
-979341
-563427
-1115421
181984
452815
142489
-227844
1975129
-366715
49987
-1010516
-1019374
-780111
-2545419
-2279821
-143975
-434083
-400213
-1686750
1819978
385170
378596
-1004162
-318230
-3108922
9792
-1493919
-1614327
-1395589
-618840
706470
-789442
1291801
180841
-677622
1788316
-10341
-1761148
-513090
240435
411729
-2213134
-1129279
633215
-1257097
97539
-1073583
635780
-3537846
-312318
1056969
1235340
-1790366
-1277435
-1971241
-2986456
640900
191539
-1129606
381755
701157
-1213355
-2668911
-168892
328950
-1601110
-2001168
1008355
208199
20286
-1886739
304433
-1961017
-349108
1554103
-1164677
269725
-799050
-2415406
-1057888
-673921
-647182
239383
-911521
-1485205
1822088
78164
1459895
-713452
-1606956
31685
-1300743
717131
-236242
58399
-77031
-292363
-2044778
-310849
-1944274
-1695872
-214207
149276
-1248272
-2602199
-453832
-2884298
-1520994
676047
520342
-1072999
506847
-3245634
-1503301
-2102015
-1553536
-1259920
-678830
-1525485
181035
-2693767
-1187109
718191
-512818
125282
-751723
984222
-305650
-313116
-2632451
487749
-253743
-1367772
-2240575
-1581123
-1888640
-395484
-25883
1438517
338786
-1142359
-2791231
-827212
387569
-360282
570766
868452
-3133849
70057
1174956
399174
-1136507
-1864920
1605582
-956137
-1314255
192664
-1695354
-753670
-2793195
-2142163
-2447279
-1339621
-115305
1090250
669603
-467072
-2558269
-231086
-1275475
-88178
-1170168
1453753
-1536636
-1546160
-1366076
-295682
-1485492
-441337
-3250951
-2006402
1092607
-455131
-1151840
-685818
-1705969
529735
-361198
1226646
-662409
-1202274
-1232058
-435308
1300694
419609
-2073479
321344
1227203
-135750
-782141
-3802989
-1750817
404286
-670960
-243575
-651461
-228638
-1191530
-150252
-541035
-1030728
-405477
841855
-592476
-424648
-2902466
-768187
-1380921
-493778
-888213
-835923
218429
-1242812
-1361648
-1966527
-2233280
52081
-2247741
-327842
-282961
-37624
-617225
-356783
-2708696
252345
130355
-412594
321776
-1438895
-258586
-716098
-905004
-1048516
1465142
-32942
-1552382
-1890152
-1942335
900330
663417
-1797693
-779872
-2534685
425693
330511
-1736879
99262
-529392
-683739
-2452038
-64086
-907344
-2091810
715220
-213681
18998
-671125
-60495
-2758740
-1967124
-426945
1021669
-2579010
-1314067
-1514803
-755342
-597283
-3618061
742246
-707421
-1232205
-706726
-1325320
-642157
246200
-210263
-40368
-2521389
-2026639
-22689
-1056929
238051
-2703940
-873349
146208
-2505626
-1298566
21653
1772302
-839890
-1422910
-1722433
-361011
-1360276
365525
-835753
-1849123
281176
1207749
49186
131017
-1226565
-1131208
-2833618
-198855
-113579
-209461
666391
758997
376755
337922
898980
876528
459561
994145
-75306
-389788
1103925
-746297
-2371000
-1573632
-1905111
-592770
-2089189
331061
-220513
-668029
-1538728
-3034608
-62997
-1005650
495339
-265082
-1600615
-695209
-1152152
505859
-341898
765360
-1388015
-172287
-325417
-109163
-603848
-1992991
1342882
-1554510
-28134
-1092562
-184046
430928
-1124205
-2011413
633480
-1370061
-342048
-616834
-1254547
124740
306334
-395846
670536
-1006015
-1981853
1237263
-2118718
-1304559
-1353905
-2090398
579226
-1511925
51795
-1635695
402627
167332
219447
-134222
-1347583
-508606
-420226
751147
-1696274
-1299588
-579328
236690
878520
216790
-1486953
660421
-151552
-2572354
-1012899
-1414522
2013753
-485073
-979129
624299
-1482299
-539217
-2901411
-1101490
-1113935
-255412
-2483083
-1957856
-683783
-659290
-741645
-2497597
-2694523
-1777932
1022794
357786
575209
-1947125
-1431139
-1256529
-393539
-574727
264116
193129
-106477
-1200393
-1255661
1090834
-391872
-588388
-1215485
-2436484
-1389223
920229
-1688560
-420948
625338
-433403
-1137232
908023
-697347
-2353519
-1446489
-1359367
140708
-1759425
179332
-1182074
-1109947
-124019
-1032226
-2443140
-1474584
-2306187
-3594907
188547
-701897
765040
-3519728
-1698396
323004
-2278901
-626302
-974944
-420932
-274104
-154303
-2120321
-1365173
-1196311
-1577295
-737851
-553554
-576634
-971962
535088
-1719317
-1121384
-1150956
-77372
-3073135
-2202077
-675923
-156383
874237
-2105584
-1026943
101399
-648535
-285948
1678510
-628140
460934
-715801
-177094
-2285886
-670982
-1097346
-1991808
-832595
-137447
-359996
-1671058
-303267
919386
1479653
-400852
1472007
-1799627
-1199343
-42208
940287
-407356
-57061
-1021510
-84727
-971407
-1964592
-1110096
-1594849
-3891722
-1007872
-1525840
-1120758
-1317624
-46578
310113
-944848
1046342
550820
-1330075
-1865614
426646
1358628
-660523
95198
-2231462
1105559
-351206
485053
-967974
-258853
-124295
-646878
-901306
-2112597
376239
-499580
-1544251
-2384292
-328024
-3132484
-324832
-834740
-1618664
-2070413
-1073474
-1889506
179934
-2185630
-2327934
-310798
409986
-2394558
84975
-2890837
5430
-1884845
927741
-595850
591331
463936
-1092822
-57387
-1833839
888820
-3675355
-586070
337882
-1688216
-908609
-1284319
-2025083
493161
-674688
-600893
102707
-1047744
884854
-411313
-1196774
-1339399
-319489
60568
846755
-596720
677247
-907192
-1987424
-624491
-1377290
-1715660
-1987770
1163137
-1879052
-556841
-1591718
-399830
41506
-2139588
-781227
-560051
874985
-544799
-813169
-761869
-1859641
-708971
-709545
-828176
-602887
-2045870
-3825578
-1370263
211149
1037316
-423831
-1999644
-775980
-282692
-1834592
-404286
-1920517
-2259371
438987
-2241745
-745576
-145117
745988
144907
1522329
52379
-1615084
-1169583
-767141
-270246
356303
-499027
-788058
-1134676
-1197991
-86782
319965
6980
-563322
-1055981
-1036969
-981719
-1229418
-689985
575757
597745
112059
-2561890
528273
-2608327
-1967253
-1056790
-396697
-355533
-2069147
742195
361036
-1400773
237566
797161
269102
-2335765
-962925
-245554
-661620
143174
1834594
-701994
186525
-1557075
-2251503
-743147
137760
-1661906
-2552917
-539762
-1926073
1159871
-135983
117441
-1455070
-275367
-113750
-276688
-1473920
349266
1176586
-1607845
-2856340
1155267
152480
80134
-829705
-950081
-1767794
-1225121
-1209610
-969844
-1584063
-285953
-417839
-1083938
1287899
284225
-427537
-1979828
-2822115
-1552398
-701304
-342968
-2707128
-2077600
561081
956483
-241820
673364
928880
1665597
-1840549
-919490
-1367167
-3092086
-1217573
-2326698
-1293106
1478959
-2499472
-1007941
37271
-1577533
-2993950
-888357
603369
851348
-216350
-487939
-306501
-2486405
-1405101
1664142
-442762
-982754
910216
-520070
-856041
-1173159
81014
-759964
-1213148
-569917
-317293
974074
-855260
1312781
1023198
349661
-695398
-249043
-1763037
-26974
-1195766
-83043
-891980
-338163
101080
-1747131
-2223640
990415
-3052617
112270
-27088
-623667
281507
-1561958
269665
-390225
-3262095
620017
1404140
-247635
-2991983
1107853
235765
-407692
102085
-1416309
183847
-1104292
157545
-1485783
-1757684
-613906
1345139
260399
-1526354
-1940956
-1416197
-1441077
-482533
-1479860
-1634943
-1445920
-1069069
-83422
12761
-433025
-617536
457274
1227782
-884525
-97253
-960798
-261260
1012201
-654771
-118701
798880
-226194
195199
520225
-1222329
-1154119
-533014
-1144274
-1666282
-4029783
-2016897
-1406305
138797
-164106
-696120
6549
-384181
524161
63897
-1636216
-2762753
-2507580
-738210
230221
-1783626
-1630819
-1220009
-1092401
-1752698
537214
1535358
1438137
-109523
-506489
-840596
-55560
51298
-2554992
219427
-1369695
-65677
528564
-1989071
194325
-2701652
-764390
-655150
768275
229861
-1164099
286211
-806991
-1904842
1771336
320888
-128704
798129
1593666
-1234356
173684
-1177271
-1024063
-483053
-401235
249268
1206409
-501467
191988
-1699968
-160036
-449737
-2752265
-453501
112904
-1049597
689101
261227
-2258968
-1828988
944314
-1093986
952141
1658688
864925
140141
-1983710
-1325807
-1278174
-2358042
-1002795
-2052475
688937
-1089031
-2092446
609926
-2329418
-14799
200899
2468004
-1431179
-756344
-374765
-1394801
-557013
-1341565
-2055489
314425
-1585597
164578
1476478
146476
-450566
-614189
1099730
-1165778
-485907
-1185191
-1461357
-1679728
-2350664
-1132550
-1003991
519085
971210
-2842864
-956794
461607
-1145009
-1911811
-629277
-591401
-322900
-1785914
525440
-816391
714
-1124491
900560
1837911
-988335
33765
-823357
717321
-1622808
1132427
-1014571
307179
-1424589
-2094143
-1066082
458207
993314
-735217
414530
696447
-189525
-1233572
196326
87617
1505489
742371
-521993
-503805
-1539463
-90891
-429114
-811684
715268
-1183541
607078
-1624310
-253340
-1839627
11003
-581981
-1316819
-528162
-1462805
-2172923
-741524
119624
815592
-574786
-374467
33064
-1707338
572858
-470916
-85728
-2114197
1226453
-813819
-496348
91748
358037
-2207515
60457
186488
-1595650
-1504973
294906
-445396
-753801
-178592
-561109
2496602
760787
566106
-1336561
-960207
-220851
-951089
476681
190313
225251
-1162344
-2518206
-791156
-1008715
-383681
-616986
-2975867
476247
-889403
-114121
-1031016
-1648745
819715
695078
-1493496
-366291
1394527
-381245
-2060465
-1664960
629751
-816484
245115
-1624378
-699718
-1194511
-1498098
-1564041
-2736003
88877
-1141237
-1226988
-737991
-277664
-238576
-1132045
-2349228
-378197
1018092
891349
-1502024
-67529
448546
38948
-129747
-1770494
58118
-2609418
-2178295
-1256974
-1232677
905562
488427
-605022
-177586
-2516398
-1377707
218839
-3295180
-150405
75089
-1959488
1008507
-2923539
-2474135
-676798
-1482770
-1229012
-565533
350502
-1649930
653933
-1664257
-744935
-2054849
303232
1343605
-220846
-110472
-1158113
-1170196
390592
346383
-1056188
89186
-166072
3832
1131119
-629726
-656545
-1730675
-166644
218424
-440966
-3481735
-775539
-165911
-1258311
-968951
-987557
-2744121
-1570966
656626
-265478
1055135
-262582
-3313303
-458292
1501361
-398659
-3112460
-602344
-1222861
1773884
-1162229
94712
-865037
-1024305
-1047718
-1157498
115833
-2353995
795958
-1391894
-270690
580611
943519
-699727
615908
1423577
-826967
-960218
-196529
-2527606
36505
-2074910
-1072497
-1343184
-1427996
-1944398
474992
-1327954
-1293800
-1106414
-888655
994171
-1656423
-1676435
-1741894
-2897449
65013
-2115878
-1157139
590560
-1353090
-2138335
-464396
-1863411
926057
-37556
381952
463412
1186395
-1687686
15310
794710
-2718367
-781305
149642
194150
28420
-253891
837426
346173
-2446260
-346883
-428673
161994
-779203
975905
-2343243
-63159
643729
-1971467
-552793
900935
-1912347
-1475619
-2481068
-262973
-1264315
-1771434
-821791
-177953
-552595
-1626918
-2048676
-927690
-2107645
-775957
-1528002
-1325254
-3080212
496194
1296641
640233
465804
-1283222
225085
-974759
8232
-211093
-1175790
-1860890
-2537903
183994
-557909
49913
729591
-819648
-470387
-1396361
-3218892
1011482
-1334140
-811633
-32214
954399
-1120790
42038
-1864623
26626
670466
-692542
-1672633
410401
-1317556
-388566
93308
-2087104
-452365
53302
-595304
-867585
-950934
-865689
-2028403
-1794251
-817282
217373
-995209
-983879
-2526574
-1940686
-1876380
77296
-869454
146740
-1127726
347365
1787938
-420972
-653392
741686
565190
-804228
-3117788
-368435
202751
978317
-2364688
780950
-3019342
-367654
-1290353
-2689395
-1169299
-1052348
-1516766
-380606
-1682431
-1409057
-1806705
-929220
1143941
-2698517
-1212289
-1382610
-1152332
-1001959
279463
-1561732
-1245023
-1455932
326212
-8612
309649
-1005416
-1562911
-967825
-1386046
-1497345
-1586283
-539786
-844147
164167
-598053
-530617
64506
649016
-1006663
-1301534
375145
-2535030
618906
-2648110
-631628
-1971069
-1391108
-1625896
-1124147
-336153
-64580
-96532
-369157
-1097579
1387459
-1674436
-285698
526651
-1032656
-1033689
369822
-652699
-1504714
-1088033
-1331218
-913044
-1505754
-2453435
-2389614
-414729
204613
746571
-1459281
1060937
-1553870
140195
-637690
-1220285
-52880
-41123
-2795036
-2793669
-973450
-87917
-389627
-497683
-1418249
488456
-278332
158380
-853725
-1246487
-2750203
74192
682811
-1444385
-1217286
-28177
1217282
-3496717
-234655
-465204
1423832
1252040
-424378
-421637
-499115
1072021
-220182
-1345573
-1758137
-611285
-93096
1267757
-146927
326788
-544250
-1014310
971423
-1396687
-1172876
-707551
-1889448
-431938
-2708988
60075
-798924
-943417
-274286
-415959
-95712
796418
-2127487
-2493526
-1944497
-2421289
-455738
769885
-1731118
-670298
147989
-793598
-869652
-2507588
463065
-1519438
-1058138
-1791860
-388807
-1177603
-702063
-1325720
141836
-141536
-2260106
340535
-79942
749716
-1250255
-2421536
7356
-749138
-72551
-1933342
-851549
-119177
-536261
-2290703
-799547
-195538
202796
-1842531
-1304518
229156
-336202
-182711
652696
86777
-911666
-1400412
-1478009
-1735269
1459423
761852
250608
139228
637249
-955495
-865817
-1314807
-241764
-3066426
-1694027
2105198
-1752932
-1321555
43345
-842925
-272090
-1646515
453757
-3020312
-963483
546746
-787682
-1983297
-193125
-2230696
-851287
-432969
1013750
-1258241
-2874200
-2319581
-567271
-2209905
-1799677
388813
545958
-281501
-983436
-1408954
538759
73838
-1013027
542116
956672
1484330
-1381123
-414477
63922
-420630
-880748
-164121
-794583
-1469621
431502
160631
255770
-175182
-1147898
-1266524
-84697
-3927172
-1481220
-1365645
-2971118
-507224
574216
-199450
-166129
1003823
-568642
186227
-448210
939228
-2273924
-1122741
-880216
-2395254
159763
-1063181
-862159
-518222
44305
-1130834
596543
-2359961
35272
-2256676
-211228
-146316
-2424626
148654
-863532
341839
344918
-542545
-1660331
632253
-2899
-341524
-261159
-1909255
-878026
-2153990
-1579633
-2832994
-1471000
-1352618
-284826
-2080310
798923
1045156
-1744360
262975
-2892657
-769646
-439784
10522
-420393
180265
-1006620
-1027394
-2160979
-256142
-1005198
-972731
-722094
631997
-3178521
-1293055
-717421
633349
-1642931
626007
-588016
-1556146
-207546
-743510
178370
-1029961
-462503
-2194427
306075
-372976
-861918
531120
-184952
277211
852595
-3026313
-2658
650452
179570
-1310778
-2231574
696163
-574643
-802785
-1447398
-1497336
234023
-678717
-1735262
-1032357
-2351984
-1013347
-957727
-179602
-2539705
-670612
-1048356
109991
-2250747
-1118580
-739884
183394
-1576240
956895
-1803071
-118075
987593
-1706886
-1830437
471640
-419367
-2253122
-3155424
-1969566
-397452
276069
1409455
-676725
808037
-1215327
-651011
-899920
-117306
-1066693
-1273744
947665
-42951
-646738
697689
749146
1400702
-68152
391542
-71360
771929
-1710122
-2425317
-953131
510078
-1488571
-311683
-1084928
-133236
-940990
1456477
-1124963
-522854
-2391809
-1187677
-1923948
-1636704
-248152
-716128
-206896
-768432
663667
-2213134
655926
-2101674
-1161329
-1314232
-857170
1528984
472672
413924
-3025525
-2766968
-611407
-927183
-600110
841685
-840880
-2607160
-260147
96182
833807
498706
547901
-2309541
-783967
-201743
-1183204
-58459
-618482
-857364
-56440
378907
300232
-1773897
-629342
-2474112
-1184698
-2251316
1364588
-3828847
240693
-2271652
-317614
-1957662
-693677
-1993784
-1030438
-901328
-1244037
-2237581
-2220090
-339808
1416638
-401783
276688
525393
-3320655
-558315
313379
-1903260
-267310
-886925
1027232
-3122524
-1740251
-582931
-2562177
1303977
-622600
475477
675548
-1310941
-792079
1076789
-181465
-380196
1061479
-694673
-3350320
516270
1360381
205464
-2715206
-1100852
-91460
515483
-1190213
-826555
-899099
-2196611
-1313868
-1663125
95945
-36596
-1670830
-478934
655680
812639
-803459
-487692
-729627
-2433319
-681108
-2220130
114337
-2512091
-363294
-1331663
-700698
198784
2078499
-1089909
-950750
-883356
410373
1676808
289266
-2091382
-1723040
-123296
-1177829
-3739879
-1332994
-1266046
426140
-554114
-1055399
-990346
208563
-486843
-1436298
639875
311286
802178
2402943
-2016448
-3128246
-165213
-1910150
-1273377
350993
388930
-2835524
219440
465758
-817375
-703456
-1232252
105945
-1963529
-407042
-832013
537042
470894
-1306793
-2166445
861488
-934117
1499543
755470
-1107728
1127456
-611063
-536998
-1230554
1319709
-57917
-1065075
-1233047
-1131311
-1068539
922702
-1388999
-1624191
-1146432
-203701
-468222
-100762
229837
-1830475
-375488
-1788582
-1574204
-154928
-2618902
-1523297
-2627113
329113
-1357725
-827278
-1069403
-1060553
-965426
-1152852
-1884627
-1148200
1562005
-242251
-309584
-774648
426894
684414
-28876
-832214
-3377692
2081844
183584
-1025108
-2536084
-105909
-239624
-515888
-1435301
-300169
89224
-1527570
640663
-2509991
85767
1140713
-1951334
-1045044
643234
1324030
-2318926
-126564
-1244050
50794
-1318615
343277
-1447638
-1600447
302049
-527216
1045762
-1515892
-325489
-1005243
-2146338
-1054392
-2196149
-453519
-2140184
-565136
-1283917
-733299
-1642859
922600
222306
-59831
877562
-644756
-1031053
-2988174
-350294
-1704874
-11625
-1694052
-1395758
1588624
-966093
-1027707
766195
-645490
-778747
-323650
-735480
695895
410553
63130
-185859
-1442746
-1035807
-573630
-957552
1027958
-1217485
261474
-384092
-1562786
-1237006
-578499
-1906462
-3528309
-804091
-2003982
431155
-3420890
-2586492
-2521134
-452957
-1261140
-608332
-233764
-517200
546889
-520843
-2296228
-858551
-646302
-2719995
411623
-2656865
-1774803
-2150720
-2311229
199739
-852503
-3358941
-531293
-1128856
-1197760
-1701791
-1116026
1329998
-1729814
-206769
-157298
-1537422
-73910
-512272
-2546926
-1355621
-1158663
-939923
151050
393062
308514
-2327344
-2054304
-1271073
-1009501
-1493108
-1410274
-87794
341229
-1217420
407513
-404827
409812
-1434291
-1026225
-268678
1680804
-1125146
-2653140
-1518507
-986130
-1495341
423555
-1117775
-644979
-722583
-343951
-1575358
-315679
-560440
1327831
808540
-2502713
197207
252673
901817
462008
-347925
-2396502
-1631528
-1843969
-394743
-131051
-1222963
-271462
65349
-1561833
-456331
-1235833
-3485678
-555343
-417633
-84604
-431230
-1326690
1181901
-892003
-1709698
665144
1646085
799442
50070
-1002867
-1418541
713558
-940322
-1637586
435122
-1852265
-610565
97343
2261188
-1027056
1210144
-213944
705828
-143481
-1411589
-2797770
-1890641
1821251
-1367701
1246117
-1336907
340430
-238041
-1070869
-441686
-740617
-2421818
-72238
266635
-898037
1086962
-2048892
772557
-19080
-612119
-200935
-226357
2480557
-742877
-696802
-35332
-1889963
-649405
-1259252
-1422997
-20250
-11258
703375
-859794
628078
-1043301
-2213401
-784203
-935931
333857
1538337
-618941
-1285441
-499289
840508
61940
-2595692
-2336729
238953
-21408
202229
361284
-1566455
-2800184
-928575
-2008139
-743456
-118139
608587
-281521
151409
-515522
-908015
1126775
692602
-1392115
-487209
-203433
-2421135
-409232
-1804825
6326
-902177
-1014214
-1500464
-2011687
-1542310
-2147639
-2717129
-1313995
-927253
-1039330
-459479
-1342991
216542
-1591085
-3090169
-2315181
-393466
-2098883
-1293777
613106
-775922
-253728
1159234
-1174587
-929404
-84341
-1010039
-26331
-1341429
-10661
-1517839
-1586676
-111394
-827786
-460644
-1452996
-1775181
-173225
1374148
243522
111852
1718139
447262
-1420351
-3085417
-1980629
-3021198
16059
-1344761
474965
-1002862
-1823018
-1331872
-1387558
-342065
1060798
-212869
-1151312
-2325169
-1624179
-172462
-1794870
-281764
-2016271
967329
-1450193
-87230
-1902233
-450245
-1031823
249819
-1082910
28939
-753507
-2834172
-539394
-1511923
-679523
-294847
-1008889
-747897
-268833
972015
133292
-1511917
-876436
711643
-991120
-337312
-935126
-705797
-2281659
512698
-2270968
-2453056
583362
-1418657
-174664
98223
-2115840
-328769
-2020342
-2450535
586669
-803202
-2903976
496113
1917016
-1604838
-1882213
271180
37651
-1141646
-2244118
369013
-255957
247844
-691590
-320173
-3015717
1236578
65949
-876338
-552593
1457987
38609
-260422
-784342
160044
-1808505
-1066690
-1367898
191056
-616247
157790
-2316420
-86127
-1865044
-2338742
-665203
-828654
-147109
-1139853
300552
-1981791
-1989445
-1251323
-886468
-747263
658225
-270385
-1251022
-611389
311959
-950386
-372606
-26775
100456
75011
-1516559
-995408
-2218350
-2109563
-933968
-212171
-622143
940680
-354179
475230
-2253523
-918847
-25481
-1506634
-2605290
-1133402
1330103
31413
-785048
840622
334000
57807
545527
-780718
-2618558
-467955
-1601591
543499
1511678
771664
-311028
745367
-811991
-1705293
-628944
-796590
-1900198
-1670955
-1131349
-1074660
-648781
-2024585
1493850
-1313755
-1567685
-1222390
680729
-518877
-231533
255725
13433
-1788518
-552493
-447080
1406032
264699
-783805
-1858603
-1905759
-320981
-93974
-1790460
-518309
-215168
-1395788
907855
-2255822
-2307965
-610558
-1852828
-137009
-3884075
-1818668
-1656584
-302515
-1768983
-983446
-53159
-2199265
-140489
-622840
1118709
-1040127
-1846793
-362125
-1230835
-1147908
-157792
-231649
1496055
81519
-514816
-2171268
-1626435
-836991
-806346
-584995
1426758
-395391
1235276
-915992
-2537082
-2605983
528298
-762902
-674555
-2264841
597776
-1328466
-1522252
394944
-333411
-2015549
-1775168
-1208937
18239
-1385452
-2158117
-1099609
-1255489
-754214
-364249
-532136
2005448
1595563
-445986
64127
689105
136757
-164014
-1610104
-2721830
217830
455847
1268722
-1074085
209681
-200515
-1522431
-483807
59911
941381
-1785728
76080
-735679
-1461486
-1707034
-1278694
-658592
-3672980
-829793
1709392
-573428
784676
-720703
-1378146
-2738992
791899
1910746
-1391985
-343853
-851330
-169582
-1514246
-626519
388053
-938773
208504
31297
-335509
1683768
-378221
-1877858
-1227316
339397
892538
495146
-2382284
-408453
737863
-2297047
-12477
-409316
917357
-1984730
-1335171
-1315203
-1653446
-570809
-1226981
-17325
-799206
-716159
-83942
-1430173
592477
-875410
-2862647
-622931
-1119898
1329763
-1232263
-1490456
1790089
-1928232
-316581
-916826
-2392770
356228
342283
-1080114
-3883282
-2390818
574871
-2152617
144549
-598903
-1371674
-1969049
-721250
-2417900
-724370
-2038618
881599
-1139738
-2161602
506551
-809967
-947113
-1277968
-2345916
-108336
-2435866
357643
319575
-52034
-1881792
-1494440
778008
373590
-928058
-1570890
137995
40061
-17381
219412
181116
-1532141
-426392
-112307
652188
1401767
-1444571
379049
-375201
-224866
-1538866
469576
-1178555
-186398
-1520824
-876658
-2511956
1863908
-1639941
-1384887
1202693
-879231
626995
-647930
-1398812
-2837829
-644162
-1895630
646266
-1381914
-295460
1114878
856707
-2010175
66450
-1111841
-807758
-9683
131622
284638
1071522
1134410
-2732310
-2871664
1935397
-1447460
-1274354
-1534590
347153
-1077292
142877
949322
1016318
-613784
1366808
-13942
193617
582709
740459
57810
-1756912
639898
1022159
-609364
-150295
-956597
-1754742
-1459577
-2916645
-762508
-616643
-2296497
-2664080
-1952929
-972214
-2338581
-2329344
-763612
-264771
154736
87322
461651
-2026554
-546171
-1717994
1214942
-2220381
-866884
-2816805
-1723806
-1180587
81195
247840
-2801884
35090
473658
-1776
-1370869
-349076
-457568
356917
713886
597876
14686
-2626802
-884519
-1019045
-925998
-2282329
-165485
-1936349
-843965
-652857
-953576
-609200
-1425576
161462
1197447
-705334
-607151
-2013855
579481
136730
-1874171
-584741
-515184
207905
-70640
-1847248
508201
-1601943
-990429
-1097870
-2104647
473914
-772422
927013
-20841
-1468530
-1474715
-1727946
612522
-975291
-1518540
-546924
-1148447
-725346
-152745
-2155306
-248835
-471448
-267897
-722263
-934790
-1806024
369225
-1111465
-1546666
-470116
-942847
-1149492
-333977
360028
-982893
832533
-921321
-102930
-2013974
209752
-217910
-3320171
1585767
-2491795
246788
-2224070
-238644
-392526
1635036
86455
-2298284
1312490
574840
-1561651
-48359
-1111735
-1776799
-1197870
433748
113321
-504823
-2738406
1004215
472787
480120
-1338385
-1856325
-562358
715382
1054234
-805655
28263
-1759900
-1081740
-1113592
-312518
-1172292
-961902
-1681047
-1033932
183990
-1892216
-286354
-2137765
-764988
1007296
-963496
-2133253
-2588248
94405
85925
-2373229
-1877474
-542121
15163
195369
-1342408
1047105
-672616
-1141371
1242021
-1262304
-903383
-1856576
-234088
-490680
198853
820042
-301285
-1149520
-910238
-892259
-854672
22736
-750136
1032108
-1988888
-2658458
-1166452
-1276527
-587353
-111423
-1865085
-1934532
738364
773460
-1249039
-441920
-1986610
-1213727
1027586
-1335407
-983851
-3170492
-1197474
-725900
-423264
-2238034
-1753073
-2424057
-1078079
-52307
-2586581
173811
-1459039
-2228218
-718273
513367
-3302589
-286272
-2328446
238983
-1233431
698572
-928261
-1047772
627305
-358443
882909
243568
-1184574
-1552387
-2551510
-10175
-1798969
-1029581
-1397285
-2195551
966631
-190322
67984
-474439
910458
-1577550
-194950
-417968
-988230
-970946
-1171428
-1292321
267735
736417
147454
609449
-1061002
-1523927
-1726437
-503067
-1579085
33309
304531
-284723
138979
1059766
-216856
-108927
410762
-1320104
-962667
81282
-1102069
-1006637
341965
-1835151
880255
-1277395
-2479455
-848832
-991155
-16424
-966523
-1845603
1385657
-2577469
-1896875
-680802
-1034740
-804773
632868
201142
-1819914
-1473186
158741
-1197292
636318
-1703256
-1208560
-909835
411710
-239004
-615915
-705007
-866950
-1029539
-2078376
621831
-809501
-1024352
-14647
-368277
-1739076
-804606
-534090
-1619083
231689
-893525
320948
178856
-475576
-2399249
-785314
561468
851868
-984788
-815930
533165
-75022
-224568
-164844
-1562255
176493
-2204613
-2132982
1437195
-586579
482817
661002
-1705759
216562
-1709535
49638
697399
1341363
233033
824780
-1308200
1084923
1214995
-65325
-513814
-28725
-110825
-1583496
-39560
763932
522155
-2247513
-235370
-2025562
1320347
-259583
997933
-698398
-1154891
1973701
-1494745
-2291419
-2053830
-1409854
879198
-626768
240130
-773832
-676811
359993
266127
-2209429
-2093625
605497
-714345
-859063
612564
-1890497
-1195904
-444637
-545386
-1121502
-2898812
-299233
-1045472
411390
-1115199
1006092
-1253192
1010371
-347111
-823590
-26200
-1708316
-2277613
-3453119
150056
577296
91981
-1742745
465541
-236003
-316650
37113
-1983272
-2474292
-545959
-650847
-3462578
-983374
-993098
-2826
-2462323
11455
-16151
-2898108
-1479753
-929392
696181
1660911
-173017
626285
-309594
-1182430
920329
-381178
-812088
-227467
-2943740
640771
-1662927
-2621966
-2336803
-1302926
-1255602
-2273455
-2028702
-1843018
-886840
278821
-1983140
-974789
44629
-1651269
848448
303067
1005001
-735350
-75680
-188809
-3008437
-456908
686820
-974828
-1876415
322864
14986
-437630
100678
-1059535
-10796
-968629
-1073895
400397
499027
384680
-920200
749953
-1511888
-1215686
-1162552
-24945
10744
-1169832
-1484306
-1723499
-1731465
386430
593894
748368
1113959
-1495454
-174505
-2244303
-2302294
-1469864
-1369099
-934563
-1544138
-1065303
-617389
-1872027
-647664
-2187236
-2097057
-425577
-3170670
262257
-592892
-2259810
-1499341
394111
234223
-308431
-2927552
-1024802
943732
-497480
201171
-1610864
-671884
1257654
-1454561
-439
-588242
1408642
-1869788
-1676451
-318294
-50528
-1036309
1056735
199853
-957315
-384717
1555721
-1739335
1579116
590907
82124
-1549803
-101902
-376042
-495988
388252
-108204
-2228274
-130632
-1875572
-365505
591158
-1627649
245193
1339231
742126
1096850
-671492
886994
-1466707
-1296037
-2939265
-2854196
-146267
1882456
-132640
-85416
-1924173
-307565
-999796
279993
-864265
-1467695
-2740025
-1856107
-86294
-89878
-426439
-1345278
-1537254
-1459225
-1657381
-233363
-1637574
-1649002
-2530217
-1055979
600720
143063
-656381
-1053782
-1459595
-1439352
-1181991
-1994915
108057
786248
-3358513
-2247213
-719624
-974564
-1359628
8341
2075017
757882
-1417770
-1035398
-2050083
-1468883
70911
1949755
-755563
60485
-1673444
38220
-18308
-2298711
-894054
-323272
-2085881
495525
-36347
-1029758
-189745
-1425343
-535393
-1130644
-828220
71965
173207
-286158
681453
-941178
-2042355
-1903143
142536
302595
715659
-1628320
-1515033
-1145390
-551013
-608449
-1346403
-1445487
-1222512
-2856126
407441
-7121
-163481
786883
-275253
50660
-231824
-1183098
-1821536
-2140429
-485936
-548669
-1014223
1222047
-439830
-2299211
-827890
496843
-578389
-2551129
-1957148
1488749
-858602
211444
-205884
-60347
-2080341
722824
347330
-2960447
-1309420
-1204715
-789861
-1298039
-1676081
