-8323273
599023
-5383008
1779901
-3298840
-226918
-167959
-1502732
1219930
-833445
2599159
-1332818
-4050355
199236
-1995147
659648
-157111
-530687
-6232330
-130340
-7786172
-865820
-522248
-945221
-1359750
-1017872
-510088
-641746
507423
-4102452
-2629286
-68651
1173252
-314508
-3784036
-1303312
2388230
-2006349
-1245615
1550613
-1200251
-2324540
373471
-3552995
202293
-2431886
-5534408
-2960405
-2286010
-4665851
-1396364
-2711465
-4303731
-3463702
2954597
4510548
-604075
14645
-906329
-213034
-905667
-173162
-885649
-1043653
1086204
-4348570
304404
-1212502
-3109911
-447454
-1066456
-4057978
-4481117
-7843135
-883280
660071
-2589674
-400447
-1450750
731404
5731701
-219353
-1656138
-3633474
-1386068
-1661713
-1397816
-4365331
-3769108
-2426679
-5502329
-2431270
-82999
-2534522
-2110527
-4212685
-4619684
1756241
-1032209
1353532
-3684905
401889
-375492
1494017
-2192079
-170783
406812
162088
-437258
-1666504
2786186
-81522
-2971611
2768546
2132552
1634123
-1085890
4062751
-4098692
-145989
-538561
-4529350
-2591022
-548424
-1464278
342488
-1098182
184238
715375
-1526862
-300553
-5965423
557839
1145603
-72147
1762673
1717288
-4574065
100748
453898
645952
335646
-961488
-3730672
2305004
-26617
1063082
-2194618
-5215082
-1533988
-3897517
-7250919
-2109100
-1243556
1984960
-1029390
-6634556
-1416898
-1583313
-2423331
-7924661
2100135
2061519
-3162614
-1952183
-735162
-2957280
2525436
-2957981
185971
1892880
-3681934
111057
-519304
-585641
-3017089
-9040263
938094
-445931
-5201758
-4017604
-1603370
-3932304
-132500
2550558
-1786377
-826195
-2447609
384607
-1782222
-45295
-3357287
-961226
-2155950
1097683
-1700540
4314633
-2263157
-4409695
-3130437
-1405709
-724349
1140786
-3236196
-82751
-2109904
-5927285
2293654
-1620909
504308
-1773120
3338379
1011973
572261
-2663326
254725
1805784
237691
-1817570
2144927
-2771459
-721953
-3012579
-4529497
-2085336
2441597
-4411510
2983865
2714712
-145708
645265
1695491
1124525
-1874851
-1268503
1054553
-4608044
-2905942
-3699363
-1789490
1206143
-2047104
139291
3353285
-3299253
-3447413
-1118286
1827247
666705
763829
-8085813
-5639845
-5897963
-125037
-3326013
-1148247
-2941055
2651179
-1456227
-1455990
2557581
-5490932
-655441
-1052932
-206212
2599203
-2379331
1486775
-1691145
2703725
-3725121
-1342307
-2694
-1769366
-1621285
1266119
-1696395
884821
-1724175
-2122631
2093539
-3768785
2442331
-4509901
-435046
3379241
-1849609
-86735
437221
469276
-3260781
955884
-6649266
227132
-7486631
231442
387086
-668054
1840298
-1101180
-1692685
-2256189
-1789315
-3962680
-324982
-278651
-5021108
-1261516
-1873454
2524783
3256383
-1951388
279453
-4713843
-1915504
-5456156
-3546013
-5559562
-2474402
2364249
-1771527
-124934
-1859735
-518932
-322090
-3712310
187073
1161684
-459352
-3329848
-8235746
-513011
2993947
-3073808
-745127
-4772660
-602454
-4050700
-772582
-1013209
-1940004
1570910
-4561649
1375796
658296
-291357
894925
-2023668
-1284614
-646247
150670
1057394
-2401450
-975511
-5487387
2215990
1473463
-1463938
3277830
-602367
-6572571
-4805731
-1274676
1499213
2063740
-6988923
-949457
-3593620
-4801846
-1802737
1917388
-7325218
-2351799
-7394379
-1535333
-4897592
3215352
-1551771
-435339
-515954
179445
462188
-557677
-676291
-3445779
1771046
-4970355
1830938
-1529894
-2522107
1722224
545163
-133124
2210006
-4341586
-3192148
-1221620
-5722545
-2187769
466639
-6078324
485371
-3941699
-1149021
-1851962
-1873918
-1164291
-5293755
-2402891
-4057127
-1347979
-729925
-1336839
1138490
-3997453
-681329
-128937
1866225
1153736
-8092924
-439149
3398195
357767
-2971520
-1374931
-1237497
1644887
-1985076
1031446
-595914
-1052231
-1117307
-745861
-1832051
-616676
-3057404
-2755277
540789
-5516010
-523211
-853900
-920735
335559
707906
-2844490
-3204200
4679505
2056242
-4124489
906116
-3515541
-4270939
-2432153
3333261
399188
-1010492
1586281
-4756825
1903007
979546
-6558856
2351691
114057
1301714
153384
-934251
421484
3771516
-4212472
-594721
-1759122
-1420057
-1590987
324544
-426958
-4389138
1719355
-74831
-362437
-1630661
23492
-2024473
-429495
-5338467
-4530291
-3848582
-2157474
-2420638
-2492891
13927
195658
-2962521
-1601921
-3118254
-721579
-936148
-3002619
-2158497
-14018
303306
-2192979
-8487952
3043150
137036
-5891545
-1262723
-857968
1023923
216102
-4203109
1371374
-1298672
-2717848
-1912758
-2088421
-3241480
1968922
1307162
3774607
-3332700
-4278473
-98742
-199855
346778
-1624329
-7478738
-433040
-569087
85638
-106897
-3611306
-3892801
-1888012
-529157
-2238489
-3159087
548561
-924210
1107472
-276249
537166
745378
-1272432
-2352582
2341315
-698701
-2892627
65627
1463915
-5024342
807190
-2209353
959130
-1589404
-4219302
-1508693
-7135217
-4330502
-4315961
2089082
-3254649
-4590766
-450588
1889764
-195503
-5134356
-2092454
-239386
-263789
-5127070
-389098
-4300607
-956039
-1114948
1676614
-2131951
-1516906
56319
-376754
-1771883
-619106
-4589504
-2937231
1000098
804688
-788662
-1633461
-7233844
-1953916
-1282450
-335554
1493802
-4412215
-801701
-3275904
-3047784
2298240
-1714957
-3077021
-181333
1282092
-5637909
-616016
697314
1973924
-515909
-605846
-3943893
-3190231
-2299481
-2792860
1008375
386773
-2159206
2780743
-4230830
-6296746
622471
404124
64381
-302176
275679
175476
-5293008
-92285
-2101022
-587948
-1013311
424161
-1938592
-1047867
1107221
-1236988
-2351125
-7080359
316835
-4772259
-2014426
-1751143
1428259
-1338798
-3318140
-163290
2119278
-4230864
1806443
-1731078
-3977462
-4498406
705022
-2385737
-2153781
-391385
-1825050
237746
-2276325
-988892
-1061575
-426682
-2501473
-264492
493040
-235557
-515798
-516630
-4398233
-2523192
-5063279
-4579358
-6004450
-2543778
2643542
-4227848
1757224
-379505
318360
-729732
1065550
633058
-4343542
69238
2055633
524610
-1794141
-3356524
-1752728
-2733470
-3116211
752039
-4096962
4142128
-2387199
440517
-4383976
-6587384
1850190
540897
-3902215
-3992064
2151588
-895252
690266
3364594
1822846
2335238
-880544
-2165477
1825648
-3745926
-2974396
-401307
-55217
-1522384
-2805798
-883450
-6161393
-2826
-1067031
1187158
-443627
2514950
564796
-1403888
-1558880
-481752
-2301246
-4933793
-2969851
-1494459
-6012016
1302016
-5137521
94372
-6123032
-1550191
-5554269
-691653
-3421360
440277
2557671
-1614748
-1198978
-985218
-3238989
-1599875
-1742810
-79218
2240490
-1401344
1605213
782324
-4617881
-4299967
-34010
-935047
-1215391
-2997880
3020240
1758944
-769587
-2297554
-4011938
-5850095
-1445976
2150567
-5531282
1293861
-2397434
-4980006
-1008720
1055650
-1681243
30053
-3314443
-462986
22178
-407306
-1538637
3152397
-3344813
-721987
-1277078
1728038
1984829
-2757708
-3026574
2045671
-2414841
-1372711
-3535479
-3186265
-514867
-1646759
-1659150
281978
-2269905
168961
134058
-2014293
-3079526
363599
1243640
2310079
476469
1192138
-5075770
-993885
-942664
-165739
-255108
2918747
-2660465
-2532491
854940
-3366722
-1130236
-1738602
1575566
-1441269
-1720490
-4146515
1119527
-4060143
-2043647
-170450
-1101285
2169293
-678350
-3917746
-4920586
-4393287
-4555582
-1809850
315569
-4292403
4003202
-792128
2842662
-2054085
-1219006
-3890875
-1212596
-5257285
-1322368
1309910
-7176357
582048
-372653
-972506
-4699919
-4059574
-1248562
4038176
1532027
65081
-3301409
1598746
-3786880
-3073768
1327101
-2258820
-7469347
211995
-2356088
-3114175
-2871927
-2533543
-4331174
-2958664
2231335
-995560
1344814
-1166897
-6022148
-4471302
-2946868
-1461452
1265862
-4366669
-3603078
-611774
-991992
-3606489
-3632149
-3732185
589183
15722
-75752
-284328
-1501381
114433
-1341505
566732
2188145
-4018853
-1422248
-5327903
-3722965
681074
2426375
-2000140
-112928
-1059460
1940183
-3199977
-441623
-719819
-683691
-2970259
-2506239
83530
-346431
-5483658
-2825898
-4039556
-3135040
-3059706
-979190
-1372732
-1322420
585014
-3931814
3025439
-1327867
-2644535
2226546
691441
1267262
2478376
-411101
-403963
3524429
2653802
-691118
1076481
-1450598
-414683
460551
-2547176
-240224
1801879
-1141426
48601
-2043555
-650005
-976101
-1430009
-3982880
-2417887
-4316292
3093981
-1590977
1702441
-7184928
-393102
-2013562
-6409477
-3638035
656941
-3000468
-208266
1051569
965974
-5582946
-1238848
374709
3489079
-682609
-4201851
1183873
1821660
-1807549
-3394253
2250620
-878469
3050611
-1688326
-1127023
-1435046
213033
-1990840
1033149
-4779213
1091222
389180
-1853446
264333
-510261
-3218423
-4147713
-3114033
-2489664
-98710
734540
-1060009
-819378
-4423023
-2917937
1353728
-4015717
-1483050
-7802719
674924
-477649
-7384217
-403182
215161
-381010
398277
-1598681
1196564
2281147
-4942475
-4651071
-1384788
-1086312
-263728
-5363878
-7389811
564891
-254141
-1948550
-2097689
229603
-512570
-898919
-1800485
708159
-4201588
-2255271
-49836
343674
128349
-3068209
-4426037
-1675112
3717226
-1039877
-4410993
289937
-4652410
4028986
-7066815
-2241939
-2933570
-1801883
-8223510
1273582
-4109661
-3562439
-1055303
-735834
1383919
-6207664
-2952152
-773913
-181170
136711
1825075
-4727159
-43094
-429992
1657512
-501761
-2310335
-1485947
878826
-762102
-2203354
-2221471
-2990169
2574825
-372507
40719
31751
-363354
-2509887
-1708952
-1405664
-3114698
-3810661
-471995
-1162335
-3133107
-1071251
707773
-1079202
-2014105
455577
969037
1098388
-2801239
-738011
-139576
-2814600
-3269597
-5179716
-3904495
3706078
-1459738
-3529566
-679240
-4644044
1337881
-5651852
-4601086
-467188
-6126963
-6465046
-1808934
-3127130
-4409684
-731391
-2928724
2588671
-166081
1514537
-1871363
733674
-4449313
-3300997
679474
357359
1869744
1327360
-1285273
-1393650
-5163325
-1622504
-2305733
-721604
-4279669
-2492653
-308897
381835
-3559310
-2006611
1294353
-409109
-5041069
-406058
2159730
-22109
1601903
254418
-247031
1071467
3171964
-613369
-955814
-1829015
1546004
-5700153
3324720
1321688
-1267689
4579512
-1279739
-803964
-839726
-7245573
4125838
-1150439
-1757812
-2176997
-5475782
-3270652
-6307242
-22288
1175581
-548096
-2893538
-1243706
1470241
2328901
-872933
128749
-2287791
-936536
-1672603
-3023971
2371626
1902261
2943597
2450048
-4833398
-2538051
-467076
924683
-1465010
380733
-5567490
1164243
-531028
9359
-1335831
567391
-1718124
-404375
-6023036
-2761988
270659
1022881
605779
-3275503
-472717
1240948
-3364445
-36636
-3173263
-144756
-2274569
-3575056
1812276
-1756911
954668
-3677716
-4309943
-2892399
-2091996
149301
-833104
-580850
3723969
-3827941
-6748538
2689946
3786954
-2703887
1392761
1472642
-356692
-4242665
543012
-1008770
-1093784
-1335352
1151128
-1829540
-931633
-4695255
-5199738
-306265
1399034
309213
206917
-9317001
-3734878
-980030
395717
-564010
-1296277
88950
75587
-1014455
800323
114503
-2355865
288708
1412632
-3762981
-3365403
-672572
-2927025
342723
1305168
-632275
385395
-2555843
-1800106
2045866
2004832
-613573
-5753238
-239964
332448
-1938985
-854819
-124232
-4398430
-1146835
-85556
-5048397
-5696114
-4074396
-3190134
1475118
1305754
-2007491
-809826
-3050368
-2028617
-60716
-2526070
481180
-477845
3855244
2052061
970004
-5480303
-4306465
-1812990
368462
-657700
-1639232
-2502535
-501770
-363292
290381
-2360067
-1040876
-584304
1956636
1144605
-4445638
-4546623
1478492
-5080361
-22426
-2353586
-881181
-1079355
797231
137894
-74935
-2527538
-3623460
4240948
2604082
-3132873
-5432344
1114961
-569569
-63809
-348497
-176929
-3771028
-1835818
-208306
-4438535
-4036762
1331249
-3202061
1817339
990194
525639
479517
551964
-4742074
-3314741
-7877468
-1072643
-729664
-1449226
-2999613
-2174207
1403270
419714
-6448364
-5896228
-4062360
-533783
284057
-942325
-43378
1356390
977639
-1934029
247995
-1798488
247294
1545468
-1307801
-3055997
-4597938
819710
2225210
4434228
153458
-219568
-3768218
-3205529
-2634137
-796378
75173
-14112
-4847610
2184965
1768340
418721
-4798038
-1271384
-1869459
-2624240
-3570091
-217406
830965
-8721609
1073919
-4539946
-1793852
-5310845
-47158
795007
-1402151
-3715853
-4429941
-6093631
-266630
-300905
-5112305
336558
834415
-953290
-1602622
-2949112
-1508851
994370
-2805031
1208204
-74374
-1285947
-295802
1244875
-3414367
222461
-253495
-3961145
2601786
-1650254
-4672798
-5981187
-1914340
-1032798
90202
-5380414
-1977683
-4181814
-4308928
-2862996
2172283
-455944
2007768
-525886
328857
-1334153
-426452
1827922
2215237
-1710942
473886
-3314763
876037
1602979
-1206852
2700906
-680131
-530536
-5050476
2426846
253064
-224732
1693324
-4022692
-337674
1390000
-757872
-927046
-3567548
-1648112
-783313
-12021
-1395817
-3474842
-3469019
1564558
-2316650
-2527938
-3418858
305240
-1557033
-3672515
-112072
-214903
-3710093
-1831845
1448889
-974214
-5788589
-4869237
2045788
625641
-5662102
-3923499
-1106960
-5972972
-7024844
-1731683
-197716
-5192237
1745123
-1442591
-3527342
-936697
-88215
-1818486
-8580466
774215
-8691082
-7112571
2104799
-1769393
-62649
-2319014
-2311769
-2102367
-3182939
-4986710
-1370213
-784274
-6798948
-820200
184000
-2738418
-3130950
-5000777
-4923997
18093
-2991228
-1557170
-2831227
-1015784
-962495
-769055
-535328
136755
-364436
233268
622537
-2566454
1441254
3006749
-2235118
-1828806
-2540031
-3149775
-2129033
-2996507
-2361076
1378159
-3031286
1382294
-4138035
-5270081
-4611338
133190
3077438
-7310227
202290
841037
-378316
-979858
-625104
-3263156
-1147726
849581
-3313653
-4519388
-1612180
-443740
-1413334
774372
-942492
40972
-1031961
-1347149
-124160
-2657504
-1170018
-1433009
-643532
-267000
90948
-3446139
-2888108
542210
-4944160
-1353779
-730601
-303913
1228391
-3636100
-216887
1578071
-884775
-447587
-2472610
-4799975
377457
-7843874
5095175
-1344819
-2435822
-4357950
1547774
-2278402
2547206
737799
1741743
-3786462
-4097567
3330951
-5261691
-4628604
-1257747
-355789
933609
-736234
112915
-4456198
-779897
385028
-769277
-1286691
1763561
1642006
462031
605548
-79851
782185
-3442562
1472802
-908782
-5384756
-4745779
-3405953
-1327396
-468428
-1744800
516347
-2470404
-1547056
2900685
172223
1076288
-1793549
5204758
-3599376
-3946189
-26583
-436116
-809763
-737118
1432853
-4563434
-234107
-152986
-1479268
-4378648
-880042
-4878927
-2448182
-4458177
382912
704981
-2411008
-722471
1403677
-3788839
658236
-4068856
-2645097
2920206
-4930894
-2313873
1943886
1004880
-689125
-4991418
-4030767
2282395
85307
-311269
-134295
-191756
46488
-393175
-791281
642787
-2627784
-991492
-1946148
-4279890
-1370199
-1308677
270056
287202
-651577
-6566737
-4353019
-550019
-4641754
-1249067
-3906918
-1522653
751852
-3412217
1887872
-3492778
-1463815
-131829
-5212364
264315
-2453352
295005
-561517
268602
-2255159
-392240
983254
-3067988
929427
-4981724
-6743812
-333240
212695
-3334855
1587262
238287
637143
170509
421200
-141905
-862058
-3600225
204398
-620638
-2716438
-1474678
-2603206
586444
1127695
-3395132
-895437
-400026
-4377060
-2545223
-380357
-194079
1863668
-2367506
-1185537
442624
-1766703
-4307281
386194
472581
1746829
-6619918
-4405955
156088
-177190
-1505776
-699165
372625
-3316557
-4901193
2941314
-503412
2680956
-361134
-7611970
773947
-2213309
-2968725
647430
-5939246
-761742
-2932254
-1945498
549619
737456
-2367864
-1997476
-1699403
3178315
-3526068
-8363361
-3246556
193875
-111735
-411220
-16220
1126614
-1600928
-3290246
-438381
-1416808
-2407312
1421528
-6784959
-792903
514512
-3543763
-891473
-8281372
1433946
533918
-1297829
321393
62814
-556179
-496092
1057534
-3083307
-3056670
-455192
-4088735
-3049458
-417339
886969
-277728
-932163
-1197236
3717836
604191
-4813319
-3129103
672881
-4716621
-3417299
920815
76210
-312908
-4739000
-1627865
-2277643
459221
-3797673
-253574
-538149
-5447192
-1701804
799477
-5561910
-332449
-4732175
-291039
-363722
-1080615
-3550115
-125595
-3924002
-3247440
2669785
-4066326
-5737470
-1524160
-463376
-7085215
-1649690
1379974
-1697895
-4173210
-1038505
-68263
-1377877
-4559925
-571648
-1456958
-1330505
-1837797
-3648756
-8487362
-5414029
337859
42306
-1956565
-3543436
811408
1627874
-1003116
-219148
-208284
842911
1494331
-1550670
1968558
-1663387
-416045
-97420
-4193121
1477160
-3611010
793821
2494355
1765369
582946
-1449718
760301
-3669571
62131
-2193125
-2012636
-2247612
-706430
-657002
-6369855
-7235637
3043232
-877485
-3490177
-6959385
-4625537
3351336
-3799140
-927987
2805456
-4249809
971438
-6479731
-4464874
371052
-5241908
-1997256
-4624954
724497
-1286847
-424237
3261784
2639957
-1171521
-8149899
-5439779
649499
-1590129
-1289817
2094620
124135
4428244
-491217
-3671614
-5440138
-845442
1533538
-2624704
-1530214
-6204386
240978
-66683
-2726807
-350368
478570
1494031
2316637
4393704
-1571379
-1549084
-783617
758164
-1059963
1129247
249913
1925962
-1197186
240753
951631
-383100
-3904667
-4692650
-3352955
-20817
-880223
-11452
-618064
785031
-1617559
-2769195
-2242735
-3824723
259707
-3941828
294208
-3598938
3517566
-3346618
-711520
-469
2215197
-1020772
771365
-1635962
1754213
654878
-5518261
-1423143
-3399510
-315877
-1651585
-283575
-144196
-4104254
-5553659
-693611
468132
-47585
-4504745
3344930
-7763790
-4117118
-1381010
1125699
-1139106
-3172593
-1259456
78958
-578144
-2266041
-717929
3579893
-457696
972672
-4254560
-1139754
-587502
-1554971
-3308029
-2350643
757199
-807509
-1918476
-5444291
-827536
-1252762
-1897760
-400637
1383116
-2388879
-64385
-4685952
-703634
1790288
-706470
254273
1186820
-1724243
-5967975
80345
-85736
-4749124
-4199490
-3835485
3192
-3403701
-1313779
-959525
-5284941
-710447
-1532046
-5419552
-78587
207394
-443629
641711
-4213679
387078
-994315
54903
311763
1672776
2071542
-2698152
1755451
-3511004
-1373288
2509435
677129
-3374430
-4928309
-3641612
3775943
47868
-2801094
-4934234
-469552
1577996
-729008
-2171959
1872609
-4242137
1308839
3522970
-1807903
4149212
-1278158
-6308989
-2390871
-1941527
-1004400
-1664891
-2883353
1223878
-2045872
-1268132
-902151
7654
479017
-4836066
-1280485
-3330744
1636077
-3939940
3102262
-880767
2966782
-573565
-1426771
-4669988
-1059439
-5442673
-2710679
-587774
-729067
1966104
-8571040
-4444741
-5195351
-2210400
1150106
-3549281
-1086192
1248425
2070118
-913767
-5433633
307689
5771
-5886565
-388390
179795
-3009043
-950475
-4197978
-3820166
-3446143
199115
-1640514
2012714
-110926
-1770686
-254776
-66471
-2353189
914556
762394
-373279
2834816
-943054
-1589204
-1176055
-1356175
2894958
2569480
2658062
-4295983
-4633324
-140493
-512388
-216040
-2606304
-1062136
-123272
283273
2272043
-1342136
-1400014
1490829
-7082467
180839
1482584
-412186
-928828
-2029502
-811473
1048261
-4855347
-2881989
-3993189
-580956
-3958916
866665
-1140893
-2159550
-2319649
98188
-1859360
1395451
-3011691
420193
182206
1942933
-4385500
-833798
-4972041
-1650410
-4766792
-784773
359307
-4363710
-4035634
-6529192
524347
-203264
-273015
-1154658
-3911597
-4552403
-1401790
-1816402
-4564560
-3695169
349278
-3837004
-867440
2227333
1918243
-3370413
919884
-4627784
833985
-6474011
4059468
-1471639
-3862452
-1463219
-486738
-2576195
-216845
-1746424
1074903
849164
-378369
-660700
-7659063
873310
641822
-1814580
-2728541
2195578
1670544
-3238561
689666
1373657
-717035
386680
-983917
499661
-4879158
-791059
-871139
-1495056
2134054
-2027620
574038
1682893
527173
-853349
3734181
-4362563
3046366
-4078256
1129100
-3525556
999169
-5401670
1075207
-3892407
-4409349
395822
2531556
-1978179
-794242
-5492216
-265858
-2994094
870429
-6116622
591424
-1723030
-2233634
1643743
-702656
2513252
-1044872
-683891
-680214
-1727318
2411310
-7442156
-776825
-1594329
-860909
2072709
-2849021
-735966
-3437326
1340380
-4939230
243722
-7187873
253998
-2584489
1883431
857421
-4011917
-607236
-276443
2618031
-2206677
1580342
-5095016
1212696
108545
-3798132
-2673329
-753019
3158594
-4662808
-101539
-4309322
-607443
-895798
-857809
-1085321
4921088
-2991529
-132806
-1055917
-304208
-2280996
-1293776
-5256466
-3260246
-3029195
-3177760
-255819
-942541
-467492
-4100220
47290
-995798
4066163
-2958233
380942
-735046
-3053939
-6936765
-3318198
3438167
522159
183518
-2203089
-216421
-2655817
-8055794
2896789
-540267
-3936814
1941041
-73809
1618743
-3244528
-4630339
-1130765
-1091570
1173656
-4650142
-1449152
-2667842
1592823
-1907750
401873
159902
-1262194
-4383166
607723
2299170
1722851
3995140
-2847291
569266
-147826
1771744
-119911
-5350812
-1139153
-734554
-3722560
-1790940
1100613
-162081
-2139643
-7233467
2060662
1515144
-6706759
-4181213
-889727
-2564154
-113639
-1762979
-2733316
-2488840
-6258028
-3270594
-79455
-85494
-606796
902259
-5462908
-1677098
-5161795
-3301638
290106
601329
-2908802
-1885457
-2209294
2864131
2833417
-3567013
-4419559
1457534
1107675
1688186
-8308766
-3112102
1656179
2419673
62834
1489919
889101
1978255
-3253867
-1602186
-1770759
-5617770
-3485358
-594520
-5142775
-7633719
-4893081
-1873600
-6980826
-916782
-2276885
-751634
1974740
-6755941
-4808749
-1033497
-1587238
-2352472
-7056438
-2126145
631120
-1613270
-18189
148490
-1961140
-1312699
17606
290183
-1241657
1016460
-2625796
538956
1545330
1547145
293913
-1662904
-2320888
-4622644
1041746
1952315
-1058102
-450449
-4823157
28287
-3926349
5959
-789643
-1354611
-722952
944355
-1260168
-611734
-3527998
-3242324
1011776
-1379642
879557
-2014043
3444821
-4140222
-975237
-5251288
100126
-7439742
-483575
80916
-5218491
-4794743
2963750
-1035338
808066
-653428
-6078520
1259089
394455
-6264559
152787
-2837829
889339
-810845
-4939128
-3615549
1182625
-860289
-2880828
-3738816
1531484
-5019036
-392463
-3006454
1455607
719651
-1130580
479388
436349
-2818975
176594
1403592
-3551787
1015607
-862772
481089
-2853418
-4420744
962324
320657
1215052
-5976747
-3771448
1617106
-2405275
-1078377
1868248
-2614756
587944
2075355
480864
1806205
-498244
259288
-64196
-5754085
-3004177
-5558163
-3078603
1422086
-286602
-110372
-4490025
-7784876
-134977
-5224885
1966252
713908
294260
308165
651160
-1103671
-726602
-398537
557649
3032510
1784691
3399121
2096777
-4824188
-3526230
-3005820
-1364497
-1684525
-717917
-5129449
-1115661
-4477120
-4671299
1419401
-3464045
1212712
43600
-4150628
361299
-4005034
-2956165
-1163045
-3868384
166142
-5212285
1374593
1500412
-3904738
-5604640
-127034
-1239680
-3522575
-1102547
-990985
-2559307
1574939
-271380
-74311
-3594370
-4238330
-523013
-784439
-705096
-1710276
925450
-5797164
-901026
-4513637
-1448037
-1402031
287173
-6446638
-1031255
-3211546
-860807
-877012
-6882518
-1877599
1516113
-937767
-341058
-2420886
-1487989
-4585748
-1159665
-1236771
-455299
-766137
-1989276
-7537067
-1443796
4762734
1575680
-878714
633812
-3713085
530356
-465004
2985603
-904674
2498597
-3045131
1658975
-3665456
-95924
-5409213
-649249
-920165
1850210
540553
-2529625
134866
-5488258
-1315710
-5957440
104222
445562
-2681023
256676
-1241266
-4726067
2522633
-3959832
-4259052
185702
-8593993
-1916401
105138
-494825
-3111122
-5684608
-1746074
-67345
-1145472
-1926797
-205068
1858435
-39597
-4361850
-2315900
-6968962
-250048
-7847229
640341
-381889
-4852316
-1055411
-802341
-4858084
-2928199
-1550410
-387056
-139811
-3910467
-4153415
-3313286
872219
2087949
-4388723
-3143137
4180182
-2255231
2255603
-1950552
1720294
-5901869
551803
-1835846
-3623954
1728384
2377596
2257076
-2489185
-409768
948798
3681627
-5614567
-6176276
690422
-6038419
5661626
-2644243
-736286
-1384725
747961
-502161
543657
-6526898
2295654
2873536
-1025692
-3282798
-2297140
1418783
-2326673
-7193399
-2919004
-1391867
-1424702
-3545798
-263946
-5127929
106202
2181554
-2247037
398943
-549439
-2043653
-2161594
-4163942
-7518993
-1528823
-1081394
-2557648
-233107
4131858
-1658088
-315568
174021
-165306
-981730
-898757
-515999
-2218566
-713724
-1040187
262288
1639174
-1204909
-2880790
-1949613
-6535166
-470101
677905
-2902213
-3415919
2114638
1215613
430487
-2204770
-4816599
-2378930
1730974
2457501
-4967906
-2514928
-2077079
-4466492
-126285
-726550
3912223
-3127422
-1873499
-4441262
-1657517
2309401
-5601002
-4220632
-3185253
912969
2087261
-4277808
-138610
-4622367
-5153004
-1976646
-819245
-272838
-2795978
-4007418
-997737
457529
-2799734
98333
-3893155
-2336620
179247
-2274820
238558
-5110602
-136462
-6285364
1030387
1747934
-2680968
-63871
-1992865
611818
-489629
-489536
-656482
-1881596
26569
-383829
1778619
1481610
-5564827
-1152084
-3857427
-1536431
-1792540
3059211
-5232327
-3118169
1880278
4026746
-4180431
-997620
-888032
-883840
-4275899
-2160558
-2636491
623047
-2481618
-2860804
396545
-6275635
-744082
-3064281
1168777
-461949
-2040004
496711
-3835836
25039
749254
-8461944
-542294
-941383
-4599966
769397
-2980009
-1008204
-1812298
-3243215
-4177951
-394373
566100
-1042587
-288345
-765486
-3267649
1247496
652434
938662
-6115160
1483488
537447
-2148631
-1723187
-177517
-1045473
3207392
1515527
-5333540
-1063128
-4794262
-365233
800038
1083004
-525911
-3829418
598396
-4601771
-3600461
-1996160
-4219436
1592877
-4638797
-436545
-702760
-5800736
-4074240
-4847152
-1935121
-1770311
33647
-332408
-3598481
1307274
-4958847
-5138930
1182243
-8069835
4427036
-901960
-6197511
90025
-805476
-2740165
1994010
146053
898307
-355017
-3802200
202157
-5338320
1653792
915602
-2685072
601
-1758474
1516844
1619321
-1186614
-5287705
-3100086
-2221048
-3445188
-2563678
307375
-3139426
4768600
-5120116
-5550810
3322589
-4307870
393891
-854817
-4740996
586110
1270024
-962725
2785149
-1088871
-887863
988940
-2732711
-4087434
56989
-863835
35567
-3451300
1272433
-2683486
-1195018
-4443907
2093126
-1288427
-3676603
1045453
369682
-490045
-1266999
-6801569
-1561165
-213780
-891179
-5106133
-262283
-185551
-868587
-17889
-3392126
-1589844
-1054532
-31488
2076114
-3448453
2786959
-2734267
1615630
-537800
1822556
-2944873
503180
-1077268
-3388427
487298
302451
-969107
-173473
-2078017
417259
1756781
-4604636
-4964431
-4373057
1225265
-2122750
-534059
-1545793
-298504
-987376
47296
-911689
388990
-3189429
-4439558
-2796678
133087
89020
-6300574
-614062
1093717
-2103575
1709321
-3771398
-2733753
2338890
-2713805
319043
867749
-350356
2107702
1549066
-296786
-5254490
480447
-2693139
3877430
3725406
-1778938
-1290102
135901
801180
-5309117
-716851
-316638
466363
344302
446022
-4209751
-131630
-2274536
-195584
1695719
-988860
1463085
-1028101
-5187470
-2407261
-2156903
-3789299
-1002368
-49304
-3298844
-353572
664240
-5540738
3954030
1384128
545836
-2012838
1499996
-1325361
-4767911
-3711700
940489
-1814425
169810
-1356293
-2708134
4002124
-136025
-1106052
-347283
-2932860
-647676
-15364
367297
1653418
-426702
-1094011
569009
-3576637
-1142333
88810
-607102
1102745
406308
1436708
-5188881
-4496246
1559031
-325855
173217
872617
-2660468
831859
-1468756
-5320317
781172
-1274313
-3355001
-1122576
-3478511
592526
-3250059
-4819307
318937
1055080
-2347564
-1157677
-3242554
-2345394
382163
1626733
-5601294
-3055007
773585
-2240313
-3518885
-2446236
-1303908
101842
-3392018
-2561656
2406511
-1877396
-713276
-7268363
-7386327
-1151211
-58343
-1251517
13422
282827
307289
-203409
-535
609777
-5395495
-123552
-731746
1459710
-5945234
-4256499
-952918
-1824979
2119781
1686032
841042
-2299946
-371216
-1603505
-1228396
-324587
-1810064
-612107
-459090
-2606830
-1177887
-1645718
1517090
-4513670
-530593
-1106214
-2719411
723055
-363179
446113
-1500235
-2476256
-1785388
-1223637
-2737717
-4740822
-4226286
-4425963
1192764
-778438
-3366606
-699040
-462354
-4705610
-1530320
1289579
139670
1656197
125750
-3536829
612508
-6431610
-1017407
-3218710
136967
3500665
-3121095
-1665894
-1873454
-3910447
-2232384
-3647602
-2395720
898001
602850
-55882
-3203129
518553
1201978
-4503292
332703
-1385659
-1243641
2764297
65918
440684
-2980908
-755022
-5081571
58162
-3104494
-3285521
-3729595
212534
-1992653
2181872
-599230
-7692897
766627
132024
-7415734
-3005687
-690033
-516721
-1741736
2602421
-312095
-2350141
-822502
-385658
-3954937
-1111638
2609207
80764
-7154467
-5977656
-357631
728039
-2966985
-998593
-3469367
-2844974
-5548763
-357902
24012
-2438614
211796
-256715
-3894328
155608
340232
1658360
751928
-222445
-4306263
-1699712
841102
-790620
-2778243
62068
-121205
-4729702
-1575488
756275
-2390871
-1531601
-395915
-694223
-361988
-1142750
-1417805
-4568509
5410
1227533
-4196483
-6065397
-1450867
-749085
237696
-3413516
148298
-386856
639207
1867789
-926317
-1088399
-1509632
-1524042
1400700
-848552
-181791
939874
-7636554
-2406661
288201
-2095324
-187140
-2650803
-317985
-1782545
305257
-2525174
2135778
-356010
-2162859
-888405
-11206
-1059990
590165
-3248183
-743641
2161919
-1085728
-1965853
-5977165
-2372577
-475137
-1348503
2215544
-3369524
-2484529
-2589077
-2182375
-1846538
-3414926
-1390598
370777
-1424007
634093
-632491
2034287
96913
119196
-1066486
-7655895
2116786
-1876250
-4241215
-2120037
1733667
1489967
-664678
291320
-4384806
-431222
-635388
-1082125
807566
623656
1534090
-7677422
-898566
3036949
-1417043
-5995208
457307
2518943
1112446
2587476
563487
2239521
-635640
-1304699
72013
-1130455
601911
-1100238
2513385
-5268678
-3709312
493633
-1609488
-4904403
1705002
340445
-23906
-2138189
-1726043
1186761
-3813642
-4990540
1263995
1435389
749785
-1034584
-3566323
1359323
-2593133
-3707041
-5251897
-1347426
-3591003
-1981554
2331930
-1246286
-1234379
-2349517
-4129388
-3323302
-1835701
-2604026
-4147282
-890932
176637
-1430440
-1322798
-3676815
-1302905
3090210
-6046498
-418947
-1323436
-3627370
-3396757
1581967
-5004439
275715
215077
-2572717
600440
-702436
-72520
-1904530
-7811824
-3006202
916176
-2982396
-4170815
190599
-390224
-4611959
626090
749965
853253
-3874807
-20801
-4398885
-3227889
-6450333
1358616
-1862921
-4162450
-2324341
-34894
-4895478
1267725
-2780856
-810837
3769112
-5233448
1525964
-4466859
656661
386121
-1362333
-1068156
-4892918
-399584
187911
3674523
-1347454
1130538
-2215168
-1564664
553099
386442
-246019
-86251
3988494
-8807033
1402695
-1392349
-1493936
-4963188
972047
130687
433091
-3666920
-4006502
-5091261
-1846285
572081
1826036
-3298435
-3430599
22327
-745187
1039591
-4093452
1618787
2306911
-5585951
2875829
-1840786
-86168
245859
-1640008
-4365799
-1928670
-5204508
-1469656
-565950
-5490217
-5365724
-4484257
-1720160
-947735
1413966
3955253
-903037
1004149
3930921
-6110069
2514145
-3617712
-396861
-3505403
432513
424829
-1871265
-6136581
-3869896
-8824366
-3656141
2447954
179484
-4606902
-7096815
892916
-1016928
-1804641
-325123
-949240
478913
3166974
1480623
-460141
-1929847
-7849079
-76571
3203276
-187770
-4131017
-4300929
-1378697
-1086412
1364384
535967
1812235
-1038880
-2452060
-3217857
-3438318
1300626
-877880
-2804040
-829012
1590580
-1098854
-4765074
-3264307
-4375058
2068541
-642030
-4401151
-3403586
-2860400
73879
597748
-290883
-310574
-3397588
162497
-1892016
-269098
-4765730
-1278439
-2585390
-166541
410159
-2302588
-1461788
-7858721
613809
32028
109883
-1410631
-3144265
-4276283
104215
-7545183
-1374966
-2231603
-4753996
-3934558
-1120747
-1007760
-2634832
505803
62305
156001
309052
-32194
757107
-1645707
-3095200
-1542417
355229
-409390
-833206
-3723431
1456295
-3086027
-7403080
-889489
-3053004
-124301
-2007730
-5543951
52412
-1658007
602519
514525
180744
-766915
2146534
-7411704
182457
1530814
-211780
-12226
4168957
3106501
2402001
-2761570
55072
2321870
-6496622
460957
-2208407
1019637
-3165829
-3253244
-4099330
-1891682
-2275754
-364692
1818241
-2789568
-2765400
-2166477
-2758525
-1278150
-669827
-705016
-2095939
-1396478
-6506267
-1795476
-1963547
-3608352
-992986
-240693
-1131249
1373841
-983590
-96753
-2210557
-173563
228940
-1580307
-4273129
-570863
-2892831
-7625059
-1331450
-4398548
474520
-3906050
1222868
-661870
514167
-187507
-6632166
-2534167
-2754109
-2890206
-5163973
-3478565
40989
-816950
-1476038
-7000828
-2010422
-1164097
-1131002
-3454
-1958867
-1969685
-1551152
268226
563780
2349754
-4076583
-3993784
-1747600
-1017912
246440
1567224
817840
-2067865
1078814
-3760211
1932725
-4209771
-5756517
1565541
1309312
-802642
-2611044
-2069864
-5657029
1136780
-259004
-652309
-28540
-2231385
-2434057
9233
-1470783
-247758
-2439475
821575
-6662663
-4661213
362069
-5228572
-3325346
-3236497
-6083395
657286
307793
-5542787
-209334
-1500362
-1339213
598092
-4282110
398708
-5731051
-1875781
-167992
-3740389
-3348255
299984
-660464
-2989396
-1155012
-5538147
824686
769490
1054284
-5794707
-2950553
525178
-4664561
-920579
-1711577
1926046
-381476
-865485
-469836
1024073
-1780709
-180858
3820730
1575510
-2081498
-5007633
-4294515
2358661
-1628322
1135798
112418
-2421410
-307353
-1049049
-49678
881164
-2279510
-6155111
-4060756
-6281666
-3331860
-692509
-3947664
-6389956
-1358231
1609567
-3619856
-3242650
-3585221
-3156532
-2334554
-661744
2342178
-479421
-1225750
-4377667
-3484611
744179
404133
600871
-2799610
-547733
-2446670
-1128232
186689
-803599
299029
729782
-2054039
-2390140
48460
-673739
-818536
-2207890
-633673
-9400
-505840
1104626
-4590994
-222692
-371272
-3053975
-4282579
-4147017
2034365
-952552
-898445
735824
-177366
-1561225
1413922
-4121462
122825
611232
-2196605
-6685890
-716078
-4307471
-1218659
-1614753
-2233679
-638362
-2323376
1973257
-5726611
516560
-5692131
-4256589
301437
-2844038
2998210
728265
1129493
-5520849
-3237966
244350
-981028
-351851
-4545127
-5851625
-5116236
-1979374
371909
-1869580
-1150211
95860
-167353
-6116147
-1107011
-2577654
-3033387
-5997138
2465462
-6364516
1991944
-3778262
375311
-3354342
-548779
1517921
2455537
84831
-412649
-2618720
-433931
1455077
-3976286
2823106
-3673487
-7351262
-531995
-300765
-1660957
-8357269
1867905
327082
3017460
3670841
1416666
-4134647
-5207000
-1575097
1672277
-2263646
1200582
612040
-5899679
-3154089
-1754178
1580062
-5123529
-998250
-5318491
1750568
1213650
-2665430
-7270707
-3734822
-355417
410381
-1949154
-1904853
-1199456
5713134
-825662
-68967
-1320329
60884
-2030621
-52031
-1721846
-192200
46493
-542450
-2487882
-333644
-397700
-346508
-210604
-1526042
-530176
91308
-3604695
-149211
-6459959
-892826
-1880218
-647801
402973
-1307980
1170007
-713941
-736897
-1431374
-2259578
1211739
-4223016
-5605557
931520
-2154497
-4082573
-661753
-924201
-418000
827811
-3420218
-258874
-980231
-92309
-3806153
-2409958
-4754998
-8505419
146770
-8356237
-3814274
2464457
-959520
1448207
-2839014
-1713494
-935641
-838551
-1238752
1025297
-370453
-3658842
3006957
3090578
-2688409
-572010
1105539
-2460290
3425758
-1733892
-769187
-50794
-1382863
750464
-2229598
-500334
-998590
-84323
-1662124
-5839594
2536685
859190
1152554
922099
505042
-1350479
-90568
-1526432
-3008212
-1311022
-5134517
-3263824
-4641493
-767405
-8347578
-226739
1350153
-108043
-219972
-4146359
579933
-429146
742358
-599094
-3613767
-4430304
-4380686
-1013617
1074592
-1330354
236855
1232040
2098117
-2119415
2850025
2827384
-304032
-1706512
1409515
-1247724
-2944455
1209016
-1988427
90783
-799716
438414
-1120801
-4130676
-4590914
-534673
-17490
-414428
-2296232
-3525794
-1885456
-1231104
-3869293
-4850949
-174400
-176553
-3541447
-4777304
-2802794
-3868795
-1184334
-7276967
-3274124
-300034
-4977245
-65257
-2702502
498962
-1753322
-4949819
1659782
-2141989
-3081287
-2340463
-2107912
517449
-518158
-970483
456552
1583445
-1155723
-553256
-2976169
-122908
-62475
2372160
-890383
-670064
-1187302
514875
165063
1502085
-1134469
2095668
-2789282
-210457
2240174
-3255841
-6087730
-1200158
-2279047
-428355
-473646
1411405
-3861372
-813015
-948368
-777679
-2280018
1358118
566358
-4182285
-225034
3789251
-2045821
-3829722
357061
-796752
4153
-1612112
1084080
-529465
-5693990
-1736049
-797592
-3317749
-1356019
-2937338
-409873
-3613078
-382517
660617
-3275555
369897
-1673263
-4162368
355363
-2249421
-3459321
273486
378046
711890
-810822
-410849
-1250097
-3043547
-730068
-146341
-4225811
2245869
-405883
863862
-822784
687347
-2097074
126136
-581849
-696703
140683
-428170
-5689141
-1943265
-286992
-684123
-3782561
-4665153
-6261897
770048
-1220972
1256934
-2526813
-1867124
-1943723
-5658485
-2944369
-4471100
1213900
-826661
-5798299
-2060983
1552973
-5020006
-1709681
-4077515
202823
-3330323
-1295824
-3031277
-3200294
1122925
2109552
-1589053
-1601275
-401627
-3761497
-1285680
-4885724
535835
392382
1643644
-3539425
261152
-213573
-3956695
-468491
-6491244
3137013
-643106
-2561224
74066
-2858206
-1643350
-5367642
-2102452
-1626581
-320491
1585642
-3776842
-5119077
-472147
-765916
357626
1175505
277177
-1386701
-2698278
-687537
-2589305
-3864018
81638
2726035
3305285
-2929030
-2136754
2910273
-3344871
-1091000
-2754980
-3645216
-6445874
-1783946
-5037004
526560
-815115
-2474331
1993058
-249114
966536
-577066
-1192115
-230733
2663480
28799
-2388191
-2729845
1264305
-1829599
-4100194
-4400388
-537667
319926
-1034166
-2040233
3009857
-387874
778540
739023
-671318
-249765
-2145268
-4004825
-1427186
81680
-2109421
-2216612
-5561659
-2948788
4548076
-5633312
214717
-2954887
-4047233
-3335881
-201768
-1337821
-4553808
-566178
-118936
509395
380217
-5223610
146608
3015438
-92983
-609284
-3031158
-1024682
-1489782
-2103601
1863668
-4499229
-891579
1179675
-2992551
1063455
-404183
-1882773
-2701034
78132
116168
-3611914
-3240006
-2948359
-4860122
-3656682
269255
-3758365
895405
4531
-417045
1183600
3527035
86191
2938572
-1973528
-173536
-1062078
1239804
-4144565
-2742758
-522273
-2255423
-586128
-4293700
-1191142
-600590
1434078
858111
28605
1669199
-1566169
-3467459
827454
-3286065
-3278725
2573599
-103160
-376851
-395292
186288
-2925082
1838408
-4664582
-203536
-73061
3456277
531026
877222
-667700
1043422
-3186540
2649180
1548298
-1525466
3601255
942154
-4631655
-1556150
-2340083
-7198806
-830653
-2352226
-2837856
-1161404
-5316752
-313333
1723620
-444689
-1685591
-1918119
1626108
-2318342
-1762838
-2066464
-5365987
-4217007
1061480
3731088
-6151334
2809378
-2023406
-1490285
-2205043
605464
-2799399
-434419
-217712
-3504840
-2220388
410360
-1434317
2574163
-2639547
-3128667
-778569
-1353287
72603
2400321
1002090
-2096114
465674
-2081862
-4911426
196545
-1821776
-1895675
-3171157
-1690187
1683721
155308
-2332320
-1039373
-2371254
-73462
842246
-1068344
1996637
-1581246
1619336
-2917103
3016501
-1053958
-5358733
852189
-3583819
-6108181
-5428308
-589366
-6078830
-4427278
-2320260
61124
-71207
-1371283
-168577
120994
-3196136
-1082491
-4322838
-190884
-437390
1999154
-736369
-7270774
-2346
-4321392
-2311815
-5369343
2412288
-1825242
-1093876
1067283
-5073796
3296515
-2585063
-964586
-5586777
-1431328
2234630
-4106555
-5485977
1343953
1139580
815383
-977592
-426059
-692052
1483625
2565234
-8236911
-814986
-1879094
-841726
-2287177
326600
-499071
968010
-280272
-5309579
-189177
222375
386123
-6577573
2371028
-1183154
-3069736
1072490
-2474673
308369
-4313450
-2426069
-1704516
-6189943
555646
-5564387
4072156
-4088183
705434
-418174
-2020723
-2123062
-264131
9968
-3417642
-419058
520595
-3906537
-2957597
-4957501
2436097
-2655736
-708385
-2887698
-3181643
-1068767
-1506146
-3423507
-629731
1693820
194453
649793
-2812524
1133086
-2519171
-862394
-2397070
-3190683
-697419
-7630481
-4922887
1350569
-4914592
-959998
-3796065
21164
-2503053
-814818
394357
-1929708
-1396817
-717479
-3548758
676729
1411112
-2133498
4208850
-3345564
-1736206
-3877633
-3186497
210714
135508
-155233
-4432144
-1074042
1549706
-3804211
-12844
-4003901
-2770005
-378639
-108634
-2621602
-336378
-4568175
-1246031
-964841
684830
584322
-2543802
2601467
1973854
-2601427
-1439690
-1345626
1619968
-1037374
-4043090
721058
-7268455
-269795
-3044678
919033
-123412
-4037871
-9631
4085677
-1713681
-452874
-2259535
-3156706
848069
-3315965
-5146656
-4888496
-170334
-456030
-171066
1901797
-3441529
567086
2737978
-642996
-3812663
1211209
-438997
-5031314
-2108938
664320
-2497217
-3351612
-6722656
1480195
-1589501
-50699
196193
802747
-7122032
1683092
1063596
-1787689
3439934
-1241932
597021
1420861
1551860
370938
-7240541
-375940
2221970
1686700
-1344062
515962
1989489
623442
-1718038
-3594002
-8409487
1002969
486158
-542307
431926
-5469831
-197953
-5731374
2087666
-1651087
809218
-2373662
-3494025
-1613242
1617231
-3994368
-4614158
-2384216
-2333318
-613279
-684871
-2167797
9
-2353224
-306488
334814
-3116097
-1840713
-274143
-1723576
-1082092
707671
1415536
-2095053
-1067016
-942075
-2070610
288285
-2029476
4831845
-1513311
1498739
-1799388
-179038
-1653697
-938008
253067
-1063719
-1257962
851028
-1087678
1255026
2954787
2830867
895574
1040449
-4291114
-4296634
409256
-331048
-312095
-1037893
-4801907
1347922
-689088
-3263406
-2521040
-2427289
1326572
-655421
-734888
457725
1242374
467267
999573
-256577
-311890
-3385314
-2647460
-227828
557794
-918355
-2296789
-6229038
-3640809
157988
1896299
-520321
-921025
291262
-1172165
199414
2028270
-221005
-2143058
5184490
-539452
370916
1342990
1425903
206574
-2376984
-4643515
-1436698
-527482
386830
-6442523
3847789
-3646878
-432108
-2704336
-4393377
-1886823
-572285
-243004
665389
-17800
-2474846
-182005
2517019
-4572424
-2557058
-4783109
-5504827
-4874756
-149191
-2735744
-547572
-710778
-2731921
-113989
1785344
-7385358
-3530931
2760525
-2349862
-571474
1846715
-4149961
-2303807
-155568
-4292026
-1233917
-1997055
-2115595
-387112
3009782
-6166541
-2034052
-1760269
-2762412
-1926497
-4217833
1555431
1747752
-2000187
-878388
3172614
-3878011
-642579
2292260
-4913922
-1622940
-3273139
-1595385
-283862
-1635968
-1346150
-5827221
-418800
-4021174
-4883617
-1689560
-5303180
1771996
2281587
-2426190
1636341
342079
2490743
29905
1963582
1837681
-1481153
-2956634
454374
-2344458
1003699
-3977961
-718076
411664
-1024183
52168
-1718622
1708368
997229
-2752720
-5326859
-1265950
-91048
-1092025
3873905
457310
209469
-5685397
718817
-3576315
-3144130
-4668446
-2352662
855162
-14453
-934569
-209478
1032854
-131394
-1437498
1053098
-134241
-499224
-2171591
-3236400
-2218084
-1692083
32767
587577
-1321891
-1709723
-2672454
-460250
420425
-809054
-1289417
-6288665
391500
133707
-59453
51718
1002099
-581143
-683015
-1126511
-1693954
-2059343
-2371832
-8151074
-4481133
-3806793
-4357903
-921679
-1620307
-6073875
-978030
-3541506
523150
-4691853
-610201
-857361
-4053585
758971
185737
-1100532
-1533106
-3813934
-6618902
708745
1023328
-914420
320561
728184
476871
1064328
-2665592
2460981
-1888897
-3837466
-4596938
-1852865
-1985503
-1044797
-602681
1597488
105271
344607
1834353
-175592
-1805681
-1043342
-1285354
-522871
-3447997
-749962
-7208269
-1648781
-1590057
-926331
-3859904
-6839071
-7195526
-2404807
-1961114
-2804699
-868249
173595
164306
-2053702
-1716299
-5672135
-637572
-379982
847788
-5412677
10157
1642519
1337721
-1662720
-318430
-125294
-544640
-2231799
-5449593
-494470
-2804398
-2900648
78673
-3454846
-1322935
62284
-5271600
1265492
234472
-4677726
3019916
-1060926
-3587813
-2376542
-8947441
-7138478
-1556617
-66863
-1315917
-3292348
1857922
-6394273
1056602
1470753
544721
-1077430
52553
-831161
-2486001
488207
-1253487
-1806310
-475159
-5278125
-1946036
-1032535
-1857480
-685808
-5143713
-2675145
2727212
-2882436
63815
8781
-147692
62060
-223233
2706267
-3444142
-2301768
-2777273
2313127
-2190525
-353635
-2709757
-2241854
47362
-1078716
-628925
-186292
-356266
-5734827
458589
-1114831
-986061
-952438
-6093844
-2223880
-714640
456993
-2646317
-63779
-385375
-604845
1928264
-1249451
-1320892
-1765106
-4266971
-3668363
-101630
-5007059
-2043884
1094226
-4877540
921272
-567815
-7506803
2078953
-2782930
-7615028
-1925655
300663
-4919507
-9189
-5640465
-2724452
-3330599
-1955908
-3075075
-3945944
647293
2257786
515545
-3666061
-5918492
-1485968
408515
1150957
484873
-4589452
-1680944
1037101
-2369316
-2304617
278192
-3739808
471017
1726670
-4328591
-5403447
1299144
1401192
-313170
-534818
-3069394
-3137871
-937444
-669978
-1543146
158712
1570508
-4284590
-2066749
467696
2271840
-1006286
-6003270
-889118
-3374167
874425
-4885706
1088818
1173278
-1091000
-3402155
-4237090
-2047591
-4842365
-2474658
740559
-130610
53470
-542324
270278
-964695
-1725795
-1611108
24388
-3243831
-2266802
-2980539
833087
-5237410
-2096929
-2479426
-2878664
-2579800
-513122
-469603
1874959
-919952
2790999
-4420731
-831461
2038855
-5349846
-1449132
-2055962
35250
546456
826121
1007734
-3557364
-8022568
-1939164
-3171786
-951579
2442674
948458
1117828
-2978987
-97082
135813
-19094
-607092
-1377703
-741137
-3741220
725580
1781351
-2427063
1348865
-744143
616512
1884618
-852645
-3301574
475673
-5440949
-2103023
-3169354
-430235
1968004
-3837775
-352062
-4332956
-5228738
-4319507
503627
-3971687
-2172356
-1415170
393918
-3772666
310153
1240420
438289
-45664
-974056
-101743
-6043
916531
286614
-428394
-181727
-2977376
-2359203
1401928
2349690
-4611387
-274896
1514668
-3217736
1046291
-1294219
-4037456
-4355100
-2192156
468491
-3942460
-1563818
-2014262
3550439
-4051999
213200
2528540
-464933
296419
-1165605
-6092996
-93723
-5587450
-32859
-2945745
-4364892
-320320
-4704326
-4685695
-5619365
-4189023
-2665208
656019
-728097
-311851
2158666
-2170747
-1353221
291049
-1099685
-3093870
1092618
-4276445
1389536
2190718
-1604966
-1926762
-2666052
92261
-1649656
-2230244
-3645328
2223271
-2433720
-6378855
-386088
465356
-5797045
-3680891
1823059
-521244
1431398
-2256978
-1593443
-2404749
945424
-244376
-3170908
-414223
2148789
-802060
-2556626
-2192591
1999548
-1196526
-6005543
-4816139
-1092111
-731929
34210
1586808
1409900
-3980001
-2907797
521211
1269675
-2513831
545024
-1996788
2767412
-1628570
-591840
1439354
-7833713
-3771513
-2115692
-2952115
1191774
-2527141
-2126798
607831
-4551345
-695474
2225614
1986482
639905
-2418221
29478
1200630
-1353744
-225840
-1611181
-3127150
-1906415
-3114787
2997625
-6811385
-3558884
-2383846
-5000327
-2432199
-5645401
-2996388
-397443
-7204391
117564
217664
1139971
-671855
-2973575
-4416806
-738797
2481458
2833872
-2122078
-1234026
-1610637
-2236422
-102210
-786417
-3684930
-371188
-4947112
-810793
-7590045
-2455020
-2392026
-1285207
678667
536417
-5493200
-364999
-1082229
-547960
-548574
-3370172
-3715455
-3028491
-3471118
-919704
1419913
-4512258
-1511398
-23990
206807
-3014549
-2326347
-1116191
-5221675
355632
1571299
910479
-3373883
-1265292
-2777909
359022
1286639
-118384
-73623
-119616
-877469
-3200438
-6350969
-727807
1122590
-1847050
-4892469
-3589479
-1399811
-2869393
-13577
-1109865
-972563
1528097
-2458601
2029163
1166860
462245
22894
2608824
-8191
-2820551
854881
680538
-4895350
2272154
-2168506
885925
-378536
-2562908
-1062089
344175
-4011178
-2419829
-2849428
1240893
-2609908
1190809
-339243
1302691
-571537
-2854788
-718364
-1044116
2637146
2232632
2440120
-145504
-4007798
1888602
-1846566
-2822209
-1235531
-2138087
-3873621
362876
280087
803222
-757372
-2821287
-5288004
420899
3164532
2974892
-402442
-2775590
-5743036
-2773891
3053015
-68935
545286
-4677122
1485736
2679865
-1921750
-4231009
-4765865
-62107
-107457
-277145
-1147183
-7464534
-5148101
-1988530
949180
2119559
-1941045
-169654
-1487125
2655711
-1564998
-104493
-1401977
-2117161
-3409689
-22046
-17126
-4965695
-2471184
-1426651
-3646358
-912663
-4848696
-3770210
2398529
-3202705
-953739
-5833300
-3522283
107937
-2895464
-1347057
-1725497
-4248040
1422764
-898726
-6225835
-929914
-1828524
-1483541
-366643
896909
-1716610
1055395
-2162046
-2491929
-4008145
2141815
18045
-1611133
-4175293
-784805
-1098952
-2702799
-854256
1423927
-4003112
-323646
-1011153
999419
620416
-6710741
874897
-1598840
-3106696
-2333763
-960481
322827
1320227
-2514647
-3831789
-2257460
3410133
-2172541
2635460
-2353098
-3797784
-2293171
881396
-3513101
-500739
-2328845
-3090044
-3260816
20558
-1182650
65463
-3213222
-998396
3130081
-3385443
273492
-3282970
1078133
1907653
-85860
-562978
1233945
-854474
-2482490
1863682
361817
-341299
-9423
2018916
2734427
-1538806
22970
-135567
-4803481
-3432255
-6547667
218666
-7525303
-8436248
-3550912
20912
1017456
951978
-3373533
784947
-4902485
-3484807
2211010
818230
-4635254
-1070484
-7256367
928821
-7347769
-608614
949258
-1302076
-562256
-8646471
129229
2988495
-103474
-792738
2306463
-4196114
-5008046
-5156801
-6744482
-1612731
838769
128720
-6465128
-3778198
-1976673
-1189296
-820055
-1347128
-2518333
-826456
-1206943
2011977
-606139
-2288829
-4226335
1364356
-6769094
-677170
729082
-1188426
109268
167177
-3711823
-7636150
-3372984
1285463
1918044
1767639
-326057
-3241243
-3695556
-3999147
2682590
-1159341
-3863124
-4655654
-2161938
-1986605
-8346132
1716002
-3234881
-4053224
-56494
299320
-3403583
-2933297
597380
2432654
-1985063
-290143
-6398005
-4051153
-912752
-1221654
197325
-749204
-679232
-2846327
-804396
-7511157
-5533347
-512359
-5297457
-3420686
-4680508
479022
911863
-124294
518637
-4782752
-1669281
-221139
-4523736
-68067
-3998484
-323282
-1593851
-4189121
-2425596
2208258
640506
447273
-1422597
841526
665894
-1070974
-3518387
-2652933
399417
-4286786
-7470928
-266898
135328
475971
1368058
537138
-6426808
1692883
-1044902
-1263203
-1205515
1933363
-2622364
-201400
-671192
-8492353
-4069631
231046
307781
1907723
-1193731
-3802909
-457274
-5849958
-4895237
600712
-1571989
-1758759
-1238443
-4741962
-541362
364013
-677484
-7546764
-724007
-3502784
-679234
-5239787
-5697501
-2995392
-3137691
-4264152
-609876
-747352
2296874
-227625
-4642278
593532
-1092723
-1640392
2709986
-1246665
1651132
-4721715
-1974083
2311926
-1008419
-578897
-2249909
-1654199
-5648089
-1023277
286727
1124631
-3704771
-2509174
-2192619
-411790
894531
-1191439
-160790
1641280
-3686003
-167648
2178869
-323893
-2034310
-1278006
2175932
-2895766
-3738853
1822482
-485104
-4862647
-3170785
-35289
-3116047
-109533
281693
-5003537
-280646
-616354
-1677807
3403184
-2225158
-879442
2893616
-1433582
407190
844153
2175720
184975
591815
216432
-172977
54700
-38711
-2444854
2242413
717171
-4364121
398655
2234941
533780
-4580545
-1581403
-2730950
-1034609
-3865371
-1106948
122553
1452544
-2003587
-5524741
-3910924
-3087905
-4702344
88554
-1931042
2296943
675239
621546
-7518396
-1760254
-3127980
-756741
-6736413
-1596411
4037009
-1046045
-6834843
-145287
-4123325
-2132656
1534155
-3694035
-5181516
1154899
2381343
-6978833
-748419
-140133
-4619951
-2739625
234382
-262904
-1884889
-1366785
1214577
146416
-4343864
568606
678369
-4177859
-2052672
-4827870
804070
390875
-3764246
-1925073
397960
-16927
-234969
1269404
-4283423
78885
944827
-2242055
382572
-2505769
1409493
-1150657
-4222207
-4695933
-928485
2104769
-765108
-6982904
-552583
1164641
-2999930
-530264
-1650774
-4271896
-1819437
-2193665
181557
-3054781
-3872237
-7813077
316492
-5161261
53443
727169
-2879710
-4258660
2132883
-4031981
-3569081
826839
-3209163
-3490776
3264778
-5805524
-382188
-1690248
797672
-374083
-2575619
-1913843
-1021991
-842085
-7497901
2660460
-644114
-1342064
-83607
-2831143
-3596770
-2137490
-6301845
-763342
1797062
-4975540
-3342699
-4362380
46067
-4162522
670776
-1956280
-1347195
-6205268
2351493
-1192483
411239
1552020
674692
760273
-4542560
-239360
-324226
-1244390
-6441294
-718003
-278652
-6635531
-6696679
-5326597
-683665
-2067876
-1475437
-2962743
-953885
-3200771
-2339188
-2016250
897661
-2417254
-1835170
-5115648
-2106811
1728329
3369557
383613
-1367916
-1197324
-748640
-540841
-230505
-2670793
2473484
-945794
2154328
-2820984
1161514
2050556
-4436988
-1697774
628938
56730
-98252
-1066096
-3608665
-3094501
-5377209
-425249
-3571173
-5843654
-496545
-4982844
-2391219
-1782701
1971800
-2454176
-2332890
-589090
1158486
-242232
-1322838
-5726010
1252992
924224
373632
1211151
617187
-3700611
-2227540
-1488778
2811900
961269
-2307141
-3049954
-546486
-1580305
-4085442
3680230
-6872728
280898
-2539129
-18182
42961
1297494
-1511341
-3117197
-1219020
1622346
-545262
-5869432
-7112441
-1107280
53100
-3410529
1921896
-4992705
-378314
-3193941
-98017
-1197834
-282595
-1239638
-1310473
-4200821
-3140951
-730798
-1512868
-4333596
307416
2727688
-3246837
-1051500
-2171052
1534898
1066877
-5356792
-1780875
-676177
-5006033
373101
-2444127
-2737353
-2724344
-317380
-3300027
-1132233
-1228628
-1636947
-4328717
4108801
-19604
-1290745
-385772
-960099
-1835878
-909043
280761
-4181713
478600
-2115881
-431754
-1024151
-2094901
-132011
-1270956
-5480798
-938590
1038854
-5884558
505252
-2831841
-7257590
-2045469
1587949
215318
298009
1018031
2121451
-658544
943427
4260041
-343495
289598
780619
289531
-3874977
1038901
-1385981
-3935365
-1764184
-498476
-941101
-4624504
1190222
-527617
-6990667
1837079
-3952015
527462
-1724898
4145949
-95457
1095346
-2606474
593203
2218045
-4432984
-2748812
-2968843
2052383
-3135947
-3881394
-1501599
-358709
-1029533
-2091355
275469
-1226707
-244823
52038
-3860065
-3932923
2651806
1288061
-6251753
-241703
953506
-323829
2150719
-3566739
-5072094
722667
-2682600
-3636514
-3974001
-800654
-3436440
-1171724
-4279842
-4059077
1294269
1404819
1449685
2271320
1707627
1316777
1350790
1870936
-2509500
-1750260
-157919
-15688
-1340930
-5172176
-3997781
-1687776
-7391460
1229817
-1981293
520306
-861564
-4305744
-5079688
-4695700
-3347923
-1318703
-5990505
-189076
85808
-1451614
432776
3573367
1089698
-2597225
1175589
-1872101
-842849
-4862871
-41926
-3494
-3580385
386966
-4610205
1780400
266796
-3279562
719422
-1125184
505961
-73585
-3375069
-2521622
1151434
613658
-3138115
-3045462
-4126506
-1887813
-7650467
613411
-3399339
-7106269
-1639810
-3224224
-3648307
943240
1603806
-455571
901806
-262790
605324
-3723925
1799122
-1796744
-4271094
-3240620
-2707652
-4272816
-2835739
-2798133
2267014
1114299
-4212466
-364296
462272
2081771
739879
903205
-56351
3356516
1138318
-4119073
-906507
203513
-981689
-2959560
-5933510
-1375894
1181550
-5809254
-3300650
-942091
-700794
-298141
-3251461
1038649
-694674
-3417542
-535875
-1799854
-4068710
2832959
-1295420
-605507
-1011573
-1804093
-122986
-5690209
-3207495
-3256645
1910723
1287944
-4283460
-1194938
1293413
-2486557
-893600
2610871
499092
-257618
-2907194
1605867
-1189102
2580619
-247475
-5282643
-757488
-2928713
3114213
-7527409
196668
1594375
-1714311
-641370
-2271443
-361381
-6468856
-7646007
-1233530
-3798277
1771555
1372598
-3080794
-1618837
-4372683
1422302
379767
-3656087
-2402324
-256409
-1546943
-1613659
298472
1398395
812540
-4521967
-1756032
-7250703
-2740761
-3883148
-7397913
-4377815
-1161072
-778001
-5609497
-1009849
-1019845
3187479
473906
-3886414
573870
236184
-596641
-1600173
-476501
-969564
4164377
-2068043
-3390121
-591287
-1333194
-1390907
3273219
-1064206
2646101
-1392512
-4393050
-7070651
-1667833
347255
-692320
-431308
-1480850
1519664
-4177634
-1725803
-7790617
-3438828
465154
12069
-3584869
2546719
-135613
355013
1471971
366854
-5351943
-371337
-2448428
-592776
3604874
3685605
-620721
-2247365
-634495
268417
-3031986
-4881405
3212441
-5352061
-3156466
-3261181
-6030356
-3214796
1483676
-763641
-2427901
1865468
-545618
66119
-1354094
-2575789
-3121989
-519399
3519236
-4915084
-586594
-3886815
-402788
-6108079
3553462
-459249
-4011740
2896481
-7915940
-106666
-1826878
-267077
-576804
912798
-2080029
-3077857
-841670
-370237
-797974
-4913223
-1402870
-1345418
-3373405
-1591111
703478
-2582991
-465766
-3543201
-2258277
287578
-809607
169041
-3037301
-507210
-989380
-331092
-835754
-2273714
2050243
985357
-3344154
-3648376
-71240
-583669
869122
2173806
-828010
-3618098
-2274153
-49545
682074
-3041075
-50567
-1239108
-6781953
1293612
-3345745
-1022313
-5866032
-516809
1016084
-5274380
-4327290
-2170482
1354278
1950132
-3254672
-1070897
-5427928
-4163923
-1684554
-1759026
75721
1751267
-397597
-104591
4964506
-1265688
-2744921
-220267
-5103531
-1340867
2310456
3487779
1343690
-2378699
-3027013
-6174070
-5196085
996
-1402454
1029030
867565
-2294635
-3930105
-321396
-47096
-4422427
2359271
-1097844
-3183407
-2451263
-1316367
-3548522
1963632
-843901
-1049451
-3600406
1552008
-948544
-1613912
-453669
-3004837
-3460143
2140059
174091
-3517406
-198655
2360272
-7145042
-119423
-4020015
251386
1731170
-3280993
3463416
-2548853
-6664133
2700101
-2696277
-1305436
1839437
-1955008
349651
-799317
-3196014
3581907
-955121
-4061641
-1066381
-1875414
-2061528
-1547087
-6029663
310442
146652
-2153446
-552952
-2569575
-602656
-5001266
-3124155
-7524243
-4668416
-351117
1907610
-1212397
-2905421
-3090019
1953576
-2967754
-896583
-1937329
-5035353
-7758705
-1979159
1577269
-4331538
-548270
-609888
-3212933
1207494
-3565552
-3166000
-286979
-3923365
-101082
-47327
-1085322
1088204
-1775429
1153264
-849269
-3328291
-4706756
-2015118
-1311986
-100806
-2429692
60621
-526850
-6718892
1135678
-133623
-3446180
319794
787126
-776917
-13638
-2984982
-1544641
-2725074
48202
1679907
997343
-3518431
-1738753
-3955514
1533962
-6860219
-346509
1503700
315901
-7106306
-1242557
-1411346
-1857647
416912
-1029094
-3845129
-2758079
-1127597
-2095609
-8134374
1461610
-4608457
-88974
633776
-4051309
-2739931
-104474
-1798603
-3603636
-3736966
-1503552
2436000
-2313040
-4001200
1563190
-2307268
1551310
2133123
-5179574
-1687360
-3350123
489872
-5360962
-3383835
-1153372
2017742
1921636
2418774
973889
613841
-1178827
-302153
-4073658
-273996
-2147685
1428915
-545643
-3053827
-2623488
2109777
1396312
-735127
1246623
914362
-4880849
1369703
-1603361
-2343159
2710470
1454116
-3894807
-6647829
1423127
-397906
-418779
3892634
74851
-3686259
-3489473
-2224460
1449575
123496
-6361810
1213388
-82088
-1039132
1655246
-201772
-3664188
-3711760
-4308575
395837
-311253
-973890
-493386
-3749888
-515278
912117
-223965
1261679
763033
-4145534
1671883
-369311
-3694640
-2561246
2027977
-3812559
321268
-377937
-2304229
641172
3372621
722856
1452073
1969855
-1396514
-7246589
-2089806
1885476
-1803052
9097
-5269803
287114
767281
1645009
-3574792
-3369171
-3608405
-3806095
-1774576
-3288145
-62935
-3468347
-1223212
1684500
150848
231608
-5847862
460490
3874357
-449843
-1587878
-1117142
-3319768
-2827233
-2634411
-2050182
-5266903
-4433733
-2087593
-774809
-1090869
-4748818
-3226391
1402469
-7373769
1599229
-1308940
-5825904
96620
770819
1384619
1460442
-2671963
-5226928
-526575
-5237965
-674978
-2753177
-4669005
4117697
-3111671
-786050
3298095
-331602
2182417
54375
692043
2872758
-1156356
-1323128
-2852706
336061
-424876
-2970597
-954699
398308
-792632
-3033023
355664
-437775
56832
2152353
2380868
-152268
177457
236791
-4158543
525685
-3030446
-912586
-724418
-229721
773118
-1954516
848882
-3261894
-399478
1154496
-3082223
-2374408
-2797552
1557101
-593072
-3078610
-813939
-5293212
-327678
1455508
-1681968
-90798
-1015334
-1764858
-2908356
-1309656
-359577
1961999
-5851006
-3824713
-2637990
-2093260
599041
-803182
-485367
-818765
-2294149
-2751003
-2701225
-867901
1414836
-2175616
-6205635
-833342
612232
-2034790
-538510
-978601
1103818
59890
-2150827
524286
-812269
-1785049
-729805
-1680751
-3168348
-1351414
1089608
-1808168
661627
-2696213
-1636106
-2279001
-1964053
-2056736
-5710612
380091
-2293908
-5881763
-418271
1235880
-4331893
1135502
-232151
423837
546165
1490227
-3917066
1686819
539569
-8209890
3776298
2450543
-2175478
-4501396
664002
-307034
-3356867
-1268157
964415
-839366
-954345
-370129
-1958183
-1050233
-4274378
696993
777384
428715
-473333
1418010
-1181039
1277522
-3233916
-2286812
-82210
-1328927
-1306377
-641545
-1218308
2009469
2057837
-3939752
722664
2022485
-845780
-2922908
-834364
-4058161
-3985936
-1829233
-3680823
1310200
-1688607
-4472396
-2626342
-3816582
-962879
-1457825
-865905
-1086393
-2568782
700843
1860053
-433092
-1781680
-1538694
-1932782
493875
-1658295
-1419190
-304389
-2930715
-238724
-1440018
973193
-6049981
1016841
-7201637
2827420
879711
-379426
-2064944
-2975411
-1341515
-698822
-754220
-1028304
-1529060
470046
-332028
-1139720
-4541594
-1591190
991728
386297
-943631
-268115
-1752517
-1905874
-628445
-217328
-569814
-360569
-2912725
-2228280
1325156
1053756
-7473793
1060902
-2478761
-1027081
-767890
-4512322
-4534531
-4500501
-1975918
-3331347
-2695884
842901
-707380
-930239
879447
-2779082
-721735
-6235879
-6163583
-8712056
-1018464
-3319554
-5942187
134929
731798
195570
725818
-2508204
-223996
-389079
-2712417
-4790679
-2200700
-1201557
-1375285
-1367753
-2359253
-5891170
2463604
-2122054
3320259
-1454261
3565314
3418559
45045
-4028128
-3828210
-84550
-791417
-602284
-312821
-1179642
-745504
-1730997
2751008
-2488309
-243777
2489684
1954489
-935852
-3011822
-1329386
-224892
-99377
-2737205
-5282605
-689899
2563431
1838628
-1500442
1688819
-1602197
343874
392787
-4418493
-1462010
-1090080
-1218661
-4971686
1838506
965112
-5554868
404270
-1324185
-295029
243961
-678999
-4220968
941087
-265788
-3941542
39913
213742
-2448204
-1351244
4632416
-4932773
-4265559
-3388339
-2308808
-252503
91041
-546138
-1347879
2992679
-722721
-122400
-107786
-919419
810576
-661686
-579132
-3833608
-495984
-2128216
-5542771
1318131
-2850569
3491280
1423077
-5825084
-2121104
775939
-2921730
-1002731
199342
248311
1902794
-4017096
-3332215
-4215056
1374844
1595059
-1266308
2368715
944118
-4682764
2072925
-940338
102266
1541365
-4458031
-4886788
580916
1993929
-1068835
-1810804
-457936
-8122674
1877333
-3175495
-3561035
1799504
2129640
-1886965
578121
-497894
434253
2129032
-912275
108630
542559
-4450633
-302253
-4627729
-951298
-3632960
296518
1251220
733096
-3635669
-2405425
-1261951
-707872
-358709
1841477
-537858
-1866235
1295898
367841
2526485
-1876983
370105
140199
-1930312
714007
-2243193
-3227114
-984089
-3319232
-874027
-1701789
-1891105
786395
1257757
2613899
-6340503
-488481
2419429
1535547
-696855
-1957679
-1186369
-3718756
-3081153
-62443
-1490882
-2420804
-2292782
-1271857
-5474763
2707284
1526758
-4278528
-3032669
-2285462
-950956
1566539
2538365
456281
-3611413
-5892133
59175
-6755123
2252179
-5506029
-39041
-1790988
-95144
-659326
-6046547
-403817
-4886944
-52537
-5698918
-2539212
-4093150
506214
-2334905
-3297584
-2693264
-2938766
-1526376
-3428544
-1176041
-5387079
-1015909
-4532956
-4318452
-5198225
3323616
-332401
-5978549
-728414
-2498566
270764
2606645
1596670
-4553782
-1675871
-559673
-1008932
2218278
-5363241
-1004050
-6197871
1729146
-81561
685816
-1259135
-3105988
1536174
3442350
-7031350
2139287
-1252944
-2180246
83671
2349822
3162659
-228446
-3461228
-3356232
-3926758
-3027186
-882633
-1559617
-5385004
-2215034
-1481620
-2882482
1777134
-1005225
170828
-5648139
-1073476
-354471
333250
2833620
-3278546
-3927738
635765
-1164880
-1903507
-952073
1848615
-5599469
-338178
-2381084
-165411
-622191
-4551346
-96434
1568730
-1422834
-3624687
609787
213838
-347651
-3082845
-1888122
-121817
-3163821
42944
-946446
-4390851
-867305
-4157160
-5181122
-3469269
341101
180552
-1980674
-3017355
-1179509
-1083705
2192674
-9488
-4507537
1279590
-753364
-7312398
-6069746
-1724479
-1576112
2971968
-465029
-365622
-2428737
-175737
2237593
-1721730
-680047
-330769
-2054607
-1948719
-746699
-5685300
-1648369
-1797263
207637
-2071769
-2420163
97151
-425002
706430
768651
110422
-6306515
107720
2031917
-1405875
-2833750
1131275
677311
2062223
-6051454
-1262982
-1991392
-2811009
-5110637
-719932
-1278949
967186
-2910533
-11572
-5788926
-3632579
1867982
-7054862
-6075860
621262
-474761
-8001105
-3332829
-2141671
-4219673
-2783433
-4414912
-3224467
-2649353
1400035
416978
-1227177
-2431137
263642
474343
-1194636
1435842
-1877632
359301
832206
-1051098
-4920021
-3509334
2163603
-3857746
-820530
-1929078
-1245303
-5069841
556559
1982481
-848339
-7274865
-1020120
-691300
-861726
1810457
-8229376
-4419121
-3805486
-4994252
1837413
-3449402
1653466
337458
335448
-2902079
963200
-572976
895845
-867684
1006490
1302498
676127
-2264242
179252
301133
151673
-2005670
-4451397
-8349122
-7208800
-979105
-3257253
529115
-1521825
109622
-1749354
-4175792
437370
-4294042
-1732022
-2014699
-1878022
-2222816
-328382
-7525545
1614503
2831371
-4089366
-6035288
1250918
2218105
1309480
-2933289
161160
-899425
251186
257366
-710249
155292
-1445759
1101586
416420
2635289
-4964871
-859717
-529839
2266173
600724
2305562
-4560770
1463776
313797
-3904309
629010
-2587596
-3115922
-137958
352829
-701045
-3389367
-1089678
-1400926
-4845829
-1451068
-2860791
5343821
-4312811
-342843
-333362
484621
-3360944
-97853
1937793
745590
209186
1442737
-3317742
-298761
253295
189573
1424743
1535026
918785
-6324830
-3760795
-1337547
1627163
-782818
-2987006
-744539
-4860529
1535960
-5031850
-3072189
1973141
-4548764
-5772294
-282217
456596
-1070677
-1746317
-3097900
-1708258
-640359
2015490
-74012
458291
1450679
-2874696
3858500
2170081
-51016
799777
450100
-258627
-2398160
-1909480
-2550814
-3106585
1650368
-1504095
28379
133191
-2071005
-4548533
-1556501
-1110377
1144484
-2321298
-1041536
941888
2665085
1269690
-4706816
-6982333
-2207880
2268188
-2732644
-4394394
-2013005
-1104566
-5118506
-4931664
-2570277
-1178912
-786450
-162201
-5565728
3944886
515655
27646
-4060849
-1722852
-3148
-1836059
-296902
842503
-4056695
-1959875
398363
-2508652
-5104052
-5573007
-3753411
1165266
-205561
-7988286
-792068
-2019922
153201
-3126170
-4440908
-285078
243942
225065
-2893043
-3593809
-2741987
622373
-230808
3487916
-47736
1179185
-4226115
3325112
-1082624
306404
-475448
-467791
-7183548
-1426572
201172
-466595
-4103135
1700839
-1597464
-1667289
-6719341
-2504157
514771
-881000
-989395
-1892516
1502643
-5172103
1666027
-7483565
-7941019
-1953766
-326576
-1362686
-4566609
114994
264406
-3233961
-2429636
-1348018
927443
479949
-3049687
-485434
-1478382
1179201
-659076
-1645829
457142
-2504240
-5266444
422949
-1390822
-4817262
226694
301577
-366434
-5812469
930184
-3139610
-8188
-5251100
1747505
-778489
39556
-1058958
-4019399
-5305948
-1301330
-2161906
1892185
2116776
920876
-4753423
1317264
-3014720
143881
-594484
-1108704
-2102403
-3209568
-3825203
16627
-4475847
-4872355
539410
-1285233
2873142
-644655
328688
383280
-3667445
-1433703
-2855658
1927836
-3140370
1167724
-280944
-1070008
1464555
1855481
-7906181
-3845901
-3371684
-632468
-3375312
1392901
-5920009
1415894
-4053325
-583086
-2083322
490575
-189754
-2796710
-2307837
1538666
-841570
16299
-250457
868379
2191796
62094
3148160
-2952283
-2164006
-2122774
-4191176
-477987
1270661
-2942440
1077651
2419995
1769218
-3427440
-4819439
-1952350
-2159630
-1751853
-7418927
1159969
-696687
3060577
637368
-709043
-435173
-2693193
1669163
1069309
1817929
-2974174
-1357560
1891641
2128881
-2924285
-5006720
193623
-6426995
412693
427040
1896573
-8170026
2972732
1361347
1059067
716996
-305707
-107136
-3773682
-776481
31151
2246507
-6330060
738064
-5061898
-1206252
-4382010
-1499978
-7693096
2518216
-3013067
1738487
-4665241
-841536
-1163812
-3417103
1089930
1768427
-2930662
224406
-981850
-2830189
-713732
1719498
-3699925
-802305
-1225277
-1386347
-6598743
3475200
975181
-1306875
-3268793
-8022821
5444138
-1384446
-1320297
-4198049
-3043890
297631
-5150789
-3511018
-1647902
-4360782
-601751
-846290
-829106
-3224145
554389
-3800081
281799
-1375200
-2109743
-1428809
-2184253
1555754
1703353
-850882
-2114132
-4487684
-3314634
-3446751
-98269
779595
-1478433
-216235
-900756
1982328
-2379947
-1125375
-2000320
-2372172
3610504
-86729
-324423
-3718984
-4204202
-356816
-4238290
-3887165
-2516055
1439667
-1920108
-4461205
754665
-138188
172569
-6210396
-4868548
-1159083
1031046
537017
90050
-1854510
-284080
2916083
129889
-1630185
2714424
-58963
-2744728
-4628632
1090299
1932326
-3324020
-2226411
332008
-1155514
-2207726
-1776330
-334992
-4848574
-928798
59407
779149
-261967
-2809478
-1154737
-235651
1096002
-1160494
617782
-669859
-1556922
-1553778
1367004
-4073366
-591608
-3907542
-509055
-4760802
14959
-1319134
-3216273
969345
-8296573
-5059104
383716
-2985599
-2696028
-6707826
157076
-1295671
1058009
-1901852
-4566299
293211
-1347841
-443631
649056
2409172
-4548356
-4622276
-910179
-120130
-4832904
-3510161
-308114
-541861
-5275587
-9204
-5619350
-273147
-3097431
496213
-5205660
-4217353
1516797
-2898303
-1541093
-3422351
-1164280
-3393862
-378789
-2332719
-2890943
-669764
437992
-1864955
-2919462
-1616044
-1701457
-710404
-6143595
-1226006
-69392
-5022207
1095699
1205414
-2585310
-732666
-4105006
-2298261
-622992
76055
-3876719
-2816419
-8262459
-4049962
-1597580
54914
-983396
443157
-2871718
-2523685
-1784972
-285725
-5505370
-4589998
-437632
-913726
308545
-3381
-4875473
4016077
-36278
-448
-3270470
-2056307
-600857
-307020
-1032359
-5204646
-1611911
1680351
-3624032
1977407
-884944
-5266899
1259746
-1545536
-4458690
1905029
-5274520
2109920
-238449
571197
-519971
846854
-3331705
841085
1644079
-2882483
-3582180
332913
-569465
-1915415
936264
-5652469
2241151
-3488420
2477262
-1354451
-4538373
1943039
1480361
-464124
-3335114
-2727222
413229
-1163743
954584
-5189944
-3925729
24112
855136
-4633199
-4558053
836809
-3978618
5450615
-393109
334888
-968388
680743
-2476252
-6279124
-1687979
260127
886389
-1715463
-3958738
-6058418
-2081802
4336677
-361683
-6489223
-1004019
-856189
-560158
2211679
981201
-633331
998423
2875738
1458855
-779127
758711
-3195768
-3410858
-484893
-4713488
-975555
1741417
3606716
1053046
-4216792
-5983536
-6301965
-2862638
-2143244
684642
-1462221
1349221
1236865
-1049042
-5781397
796127
-1644890
2398073
1543367
-4098344
-637423
-1976264
-696555
1310472
-98503
1002954
-2045610
-914334
-364357
1654585
-2995824
-2929360
-220605
-4597600
1657651
-2001603
-2056068
-2229700
-1120723
-2458219
-789529
994004
-834707
-927570
-1664491
1862468
-560560
-4940471
2657094
591785
1403029
-205216
-734848
1822574
-5056257
-7175389
-1915107
229307
-941566
841282
-4977
-7140410
435851
-777401
831966
-2166430
550406
1114199
833137
-299981
-2178001
-2613298
-1346106
2139962
-3329728
-4297931
-2557106
-1168873
-5518619
-1099156
-3112350
-1596802
-1236392
-4374048
-717133
-3022568
1044244
-426199
-2081869
-2592490
1418403
842533
691004
-1627462
1668209
91689
-2262181
-4116097
207270
1068702
-278090
1396217
-6324489
-3717954
-973029
439852
-577855
699551
-278308
385515
-4910152
-3539142
1619548
-463392
2040227
1822219
-4526674
-3603887
-4670896
902344
267951
-323715
-2813294
-3888977
1137419
-3342982
-2501326
-4094300
-2289767
-842059
-379402
-2262351
-709814
-979281
-2804935
-465840
1068963
-3339194
2326389
2975072
-4349216
-2257256
-1989224
1861333
-5871270
519603
-4631319
-1606217
-430162
-7396280
-2708570
-4923259
-3783454
-679354
-2092868
-160588
-292778
-7919290
-67037
566849
238209
1152654
1189563
-1758241
-2580463
-1497260
-8453511
-7772
274287
626793
1628780
2925257
-5087111
-224303
-1297223
-2581895
1727810
-118971
-7685374
-4449634
-1138322
-3788731
-4787851
47560
-538695
-1788263
-300512
-501638
1530027
-2727751
-6351603
-1864884
302164
-3567407
-5195250
-1762196
-3876108
-477709
1855829
-1671358
-792843
-1967258
5424183
-3203872
-3583049
-2548004
-5148233
-5935229
-805318
-1229098
-5076769
-679324
-413192
-2345002
-3988321
-3697682
-1478903
-448542
773177
-5127798
-5140313
-2136902
175631
-5731275
-1556624
620000
-190655
-1840109
268023
-4333075
-1051083
946720
-1649773
-4789251
-3242633
-1242323
-1643772
-1657702
-2838607
-737909
-3880709
-2986451
2820549
-2340343
-736774
-4128050
-581170
-6206555
-2738171
-3140460
-1380212
-2588032
-8347820
2303966
-416916
-3836970
-2762175
-2551023
-5354080
367511
662333
3155253
-1099081
714165
1810946
-2286367
1198344
195986
-3252131
3134040
-219713
3269592
1993299
1259969
-4161856
-1139891
-1044197
574489
797824
-403122
3542060
3883624
142713
-2997112
-4097287
-3053841
-600201
-3284705
841085
-3499566
-3504399
55475
-4470331
-2970914
1017766
102664
1700940
-5203089
910666
569893
-6980193
-33322
-2686774
-3712991
-2400805
-1445626
-90733
405868
-487025
-627333
377065
164385
-4445249
-49615
-3664827
-131044
1509423
1598722
-6106110
204724
-2504219
-1870062
2414167
-2056978
-3103174
789648
-2865420
-1344301
615564
-1251992
-1492996
1997334
-5355818
3054548
-2888862
-2779652
-450236
-3715714
-896455
-980077
-4714742
8129
-544287
264612
-2530153
1555595
-2004247
-2692638
4205
-4802913
2020848
-1875115
-3805213
1894517
-638816
-664383
1691419
-176128
-3945937
-2657687
-138556
-2179873
-520814
-5581320
-7264107
-4856975
11014
-4682858
-2012034
-3766960
-3100963
-202645
-4416008
-1408645
809023
-153714
-3945475
1560323
2561318
-871456
277057
-5104272
-387509
3426471
-1255963
-2446576
-4381486
-2430901
-757735
2019415
-4612346
-419602
336654
-6697327
1277936
-1271073
1413273
2555676
-4985638
370191
-2162626
-2296398
650072
-2361254
-5168483
-1953803
2012894
-2505461
-1821831
-3018521
4013016
-1164544
-2655842
346811
-5006103
464989
634798
-3332549
-724543
-2187511
-4876326
-4643272
-1231462
-690563
-4582629
19882
-1243492
-1485047
-7967456
-751090
-156508
131147
1306209
-1635191
2666855
-2293736
20473
-4405248
2865361
2317383
3210983
-8198567
-8892675
305783
-754404
-1856566
473700
-455198
-4099850
-90011
-2129392
-5966552
1355794
2259295
421742
133555
1618130
-2744990
-6556695
-5154875
28525
-351132
-535859
-1571311
2286790
-820910
876397
-6257292
208038
-2915486
-3419425
2122918
-362042
-3400725
1348106
-95066
-3171621
-2027603
-1475818
-2284783
877438
60541
-704393
-2923768
1305972
-2350188
-1990766
-4404890
-6012941
-1747565
-4593456
-267901
-1706924
263919
-1041824
1411470
-237849
-5228035
2476914
-823387
-296107
-3003115
-4154752
2088378
-3351946
-357140
-4010988
593443
-1765352
-2449966
640264
1227006
-1957957
745599
-1457579
-1231890
-1379827
-1543021
-4537252
-4185222
-1820368
-2700224
2166006
-3316197
-3127712
-2553321
319935
-1435760
3115084
-1337674
2739658
-672659
2175388
1163771
-839667
-4255580
-5362811
56724
805748
-2016078
2766940
1891667
343751
4658800
-1892100
-2273008
1437316
-3759064
2198700
-242836
-738184
-5847974
-2738995
3414609
801759
399624
-543822
1365987
-6548681
-2511068
1066937
2478105
1473200
-1565279
1244288
-819998
-35342
-1699739
-7573840
-2542725
120778
-1765871
3383296
3798502
-2218228
464683
488288
1419325
-2418433
2884775
-200944
-1581205
299424
1937977
-6979071
2522580
500333
-1203117
646249
-1678952
-6152395
-259207
-4299411
-4272219
2143389
-5461489
-3127630
-5080379
-2404712
1007445
211717
316237
-3836756
-1880315
-2389706
-307379
1433226
1758191
-5616287
-800881
-664035
-199191
1943835
-1184318
-2746885
-4648770
276030
-2536074
-1224348
-4895659
-1053468
-701260
-2671931
-1037764
2587253
-752048
-1124789
-659346
-3412612
-3836784
-2776146
-2530697
-900746
2745045
1101804
-3751439
-3103473
1636331
3244012
-341098
-1655021
210084
-1031443
-273980
-454456
-1300800
-7280746
-592374
-3435457
-2294295
-2254413
-998400
-7328649
-131478
-7158149
-2391540
-6876964
-3306816
187645
1536448
-78443
2279487
-6271843
-1951505
-2234382
-322570
-2612623
138482
1726672
-1484461
-3430901
-3505461
-587967
331735
4656674
-2122462
-5049542
-7304895
1825630
289092
952353
-7465728
-2228672
-1527098
2093826
-3519194
2970774
1158485
-2437672
-1052867
197907
-445016
-2310547
-606738
-2995817
-2312309
-231424
144830
2291957
183972
-787649
445386
-1000746
-960537
1540371
-3251812
2735550
-1341129
201797
-4137671
-233899
-158309
-1343616
1614973
1564751
437241
-3685270
-3618516
-1468056
-312683
-3127075
-2657397
1650594
3475053
668381
574260
-5778395
787829
-7212609
-2869947
-160302
-707716
-6435810
-355789
-154777
-752830
64874
1855392
-1153855
-3143960
376269
-541678
152282
98586
-6565370
250527
-1204702
-974797
655784
-92708
3128017
-147610
-2852751
-192326
-1188313
-146281
-3250110
-3671050
319196
-3124509
-4790538
-7620299
-429584
2657269
-3480270
892200
2370880
-110989
-3810638
-1417353
2932260
-554822
-2138519
1074026
-2266782
-3262810
299202
119228
361039
2090977
5168494
-3024657
3637854
-1087548
-2860967
-3156894
-3312712
-1110004
-1562670
-3223191
1092429
1628641
-6307498
-563973
-4822509
-3154782
241769
-738622
-651456
-284879
-1613094
-2910304
-53498
1331631
1989272
-3712728
-3037023
463999
-2716957
-117791
-243692
-1577020
-679238
4625110
-1700019
-2736064
-2526655
-4547570
800745
63338
-49752
-1488429
-2882204
1786708
-4495288
-3290760
-55583
2211152
-3883983
442149
-1446598
-5207006
-489617
-3746327
767746
-3123074
-1093885
186374
397612
-4351423
-4591637
-1376368
574372
-6190239
-2235918
-1293784
111131
-1518002
3124607
561894
-292813
-273197
-458269
-3969873
-3305815
156410
1573639
-1524224
-843107
-3780989
949845
621349
756988
1211727
-4107796
-3021791
-2305711
289713
1414954
-3609673
-1783752
-4696198
-130854
-820986
2114347
-720489
-622197
-2266912
248420
-1259103
-2289917
320981
-5044571
-353101
-2348712
759422
-1014769
1185271
1045598
-5392832
2131710
-2717078
1428034
3652640
-3152496
-1620230
-4217685
-291180
-6053688
-6171858
-4893332
671765
-3066937
181649
-2552816
-1065734
-1275715
-2615836
-3882682
-1763033
-3095459
-2608667
838473
-847412
-6600689
483749
-4988064
-1918302
-771651
2224347
-1219338
191386
-1170327
2597350
-385821
-931306
-2028479
2377156
3411373
-2798311
-3442759
2535674
-1904327
-1265608
-1916813
-1040199
-3434313
-2253005
-588329
-5820074
1557860
2314963
884625
1358916
-2853990
-2599523
-1299462
-18038
1213729
-828185
-4448023
847364
-2945125
-2207851
-398275
-709938
-702763
-5650444
-4545498
-2520147
-61806
411889
40139
170145
-994113
1066683
-1955481
-236555
805287
-8204321
-2083691
-498281
1230179
229379
-1093032
774306
227247
-3233068
-2947298
33360
1961379
327379
-2429250
410130
-2903156
-3608879
1103276
-3983439
2006733
-1581485
-4130076
1062498
450072
1027985
-4106226
377291
1765507
-1369557
-9011465
-1592402
2326507
-681215
-671661
149212
-3299045
1768283
-3653322
2760810
-2889821
-705993
-2684969
-4697451
-2718069
-3419284
-4703578
2833933
-162836
-1659870
171973
94032
-232102
1907090
-3934069
1347706
1795200
-7038888
-419810
-1750147
3037772
433640
-539821
518843
-4465110
1205321
-1558171
-1193181
560168
-5596890
-868630
-1288095
-3603103
1085076
-2760786
5605998
1364056
-2358928
-7253993
-2550931
-835251
1335226
600427
-3873283
439006
441473
3193058
-3894341
-118491
-4987625
-3538020
-3542497
-2216472
-3323543
475122
528759
-1776795
657593
-509396
-3478719
-974122
-4812393
-1890323
1194056
-5721421
-1176635
-1512504
-5611685
-1985154
-5502357
465628
-3166019
-7354641
-3833650
-3718626
-1050010
854540
-1262585
-4582522
-4117576
-2919159
-3929893
-3072198
-606909
-4713804
-1961185
-5369816
1579276
-786857
-1590047
-662704
1717785
355924
225426
3272226
3731864
-1878365
1870219
1240046
-1824618
-4652259
1098727
1237595
-2074727
-1235425
3286648
-1832185
-501383
-929038
-4284508
-1154027
-819989
1409394
-2132294
482972
111932
-2886894
-5115116
-5613828
2333306
-106236
-4415609
-3086502
-161058
980554
-1128562
-4307935
-1537338
-3087515
-1529742
-2633046
2763563
-5336344
-1430327
-1306661
-3400955
-2149926
-1985635
-226938
-6992798
-393088
1298066
-1282187
-192824
-6403295
-66409
-1101482
-1671563
597195
2793954
-833613
-77258
1509093
809624
1347559
3886565
-4795287
-3314942
-161569
-569154
-1164412
234277
-792066
-304516
-846300
968741
-1309816
-2107382
-6840651
2117763
-3943132
-3106800
-373808
-3953378
-2372156
-5132325
-462667
-2136576
839599
905675
-257159
-374013
-1217502
-918992
-3238747
3389644
-46490
-1825648
652400
186234
-955859
-3543418
-2122184
-2458856
-1710554
-1049704
218803
-1581778
-4358238
-7241549
-479315
758420
-3398482
2066683
1774107
330863
1963938
239036
-542635
-1661340
2841570
-2927826
2850945
2067902
1896032
1324033
322565
-1847062
3058265
-514330
-7872208
-4971940
-5255305
-6057520
-922184
-4071386
-996358
528048
-1684077
-197503
-3258459
-1500879
-6092630
326530
253881
-5240435
3354412
-2480501
-335509
-4704015
1463438
-923673
912415
-3661352
-411831
-3070105
-63186
-2290463
-1914894
-528148
-594770
-3400059
580079
-39423
490884
3293584
-2375184
1147212
-4535005
-4343752
-1942152
-1849869
3543519
-2287851
-6780337
-6138667
1069836
-1485022
874798
-1521968
-174260
-5203527
54885
-2369201
-2647460
-3442504
-2192684
5457
1732391
1075719
253090
-4244936
-6049772
2711099
-156613
-5530233
1762662
305465
-5694368
1335551
326658
15899
1941758
-3851071
715867
-289688
-64622
-1555218
-4429494
-5968315
-1541277
3722618
-6560165
-721035
-4777035
-1705182
-1094203
-2722455
954260
1677485
-2358197
-4893200
-186181
-6992539
587751
-1900983
-3235535
-5651663
285729
3350176
-444139
440930
835230
-2522424
244443
127102
-5292948
516640
188382
-8020908
-1721121
-365555
-4002492
-3965606
-5526847
-3342885
-753089
-3638152
-1067104
-1026286
-815908
-1139886
1956776
-384297
-7151334
-1322709
-841950
1304389
296975
-6661218
-1885926
-2950891
1729063
-2973874
-377583
-2593618
1116878
-1576761
-2899226
1197764
-170223
2567640
5300724
-835449
-3073139
2156843
1516588
2551304
-1266565
234047
-4026685
-442154
3361834
-2682412
1314838
-231616
1277604
483436
-2536431
-3472417
-439700
1972020
-1128938
-310692
-1980162
-6451297
1183370
-1707927
509879
-4884810
-3420711
-1156228
-302112
4818
-2927474
1843906
-3601255
-5351746
-3671738
226060
-1822127
41130
1523663
-877205
-5826067
-4190522
-3472367
-2917622
-1470572
-1298740
4940622
-1106622
-4172369
-8231498
5012121
1130808
-4480675
-3551686
650361
-239790
-2318379
-4823667
-3422995
1083300
-2627490
-2462689
-4414164
2186633
-386784
757829
-715392
-451117
-2844000
2194579
1065372
-801074
-2863188
-5800274
810614
-471583
-1960036
287442
346825
-1237694
-435642
-2581646
-895650
602706
-692322
-1394020
398417
-1533676
-1086599
-1812547
-2118235
-995695
23804
-671761
-5618398
-3030217
-3200371
-1968254
-6053076
-155744
332534
-826863
3632632
-2482278
247035
-5331721
-2933109
267333
-6267390
-2019432
-5177868
-3245128
-4615527
-32049
-1156403
356496
126070
1308836
-1498433
3404273
1562798
-497928
-817013
-1540705
-1956863
397547
-424843
-3408487
-1135773
552900
-137131
2046060
-2797303
-2004743
-7513532
-69127
-4730463
2649010
-6475120
-1620930
147426
1493045
148648
536595
-827276
-1302205
493827
-2799116
-2494193
215001
2232137
-976511
-7691648
252359
3413496
524391
-4579346
-5220065
1820596
2174948
1866121
2522066
-2202115
2526162
-355148
1450438
-1879597
-5669016
-3727065
3928085
-1272979
-1021514
-1212277
1149588
1216516
-3264007
-733494
-2695171
71679
-2724760
-880058
120495
509642
1457101
-4432835
-3814035
-311010
1930603
-1420929
-4425997
392328
-1058733
1835474
804554
-1036305
1524955
-5922375
-5647863
-395967
474533
-1727075
-3691135
1098655
-510002
-2343260
-6183522
569304
-3104845
945539
-492653
-1027769
4798461
945752
-1982368
-3089562
-8013081
-2003652
-1149738
-306012
-196204
-4173944
-4641138
-545567
-6265210
-1599034
-2485967
-2988254
-3511721
-4270019
-4806215
-6485619
-3059823
-1352773
-3157219
-212782
3989081
3483723
-3706304
-3235727
3639583
1641104
-244920
-5033748
-1484110
-69811
-56220
225333
-2167511
-652300
-1571036
-3698001
1793656
658863
-6205028
2152459
-4575443
-4277808
-547152
-398428
-2632838
-5298083
-5389263
-1828443
-76141
353783
1089516
-2968061
-521526
969238
-1451857
-3946471
-3335979
779547
-1371406
-2153060
1678114
4567860
-361761
-2315500
-694829
-6456371
-66416
-3928423
-2022724
-4438313
-219221
-192619
-5172872
4229725
-351710
-2809594
1073132
55450
-1352726
-2725208
-3785895
-5517048
-3980607
-3690170
175850
1933245
824466
-1455368
-5354071
2120914
2991778
1310444
131281
-1690200
-77136
-408127
-3958401
-2585067
-5240922
-693501
-4621752
701344
-4723292
-460908
454644
-1576628
3893826
1665304
121329
-508775
-1421461
-1095027
-4638857
-2892275
-160816
729199
1609442
-1887380
-1009048
-187549
-5599224
3914578
485016
-2205556
658088
-3432329
-4066322
-3038246
262035
2143243
-1035525
257008
-1250288
-978917
-853061
-2074773
-1559357
-6140010
512690
-919235
-2761282
31034
1823747
-40418
-65474
-3417838
-1414721
-258356
-2210161
-560285
-1213791
-3177519
-3734589
-641591
-1493118
-2776475
-239937
-2409748
2136830
-3250010
-280554
-5042999
-226379
-418904
-5872003
1182589
-5412771
3655281
-5385394
-3968107
-288461
1190196
-3357253
-1194251
621269
-2847167
-3428894
-6698660
-3729764
-1544559
-4093620
-7306108
-4766591
314870
-1637015
3226870
756962
-308714
1989782
-4210738
-4802491
1499505
1987178
14176
-2573286
2344634
-648171
-819372
-2163242
-2126281
-6549432
-2033488
-2929318
-6393489
-643472
-1086715
2931600
-5898227
-2324696
876836
-1238723
-4433083
-3097116
1385570
-49063
-795133
-8919110
-5316475
-2008769
506056
-1595789
-2652227
84063
58206
-1253223
-1735475
-686800
-292510
-4237782
2826444
1043889
-3149754
-1041570
-3720576
-1636892
262421
-1281639
1127676
5708537
1146784
-1825333
872987
-2343169
-3682437
-1140288
1704145
-3870580
-3015549
-1169279
-3151481
2333567
2058231
-2387784
-4282093
186912
-2197227
15588
-4168077
-2141491
-2313111
4438309
-3173441
2354987
1843227
1729328
2302373
-809456
-4640583
-2743313
-628373
-1307089
-2429321
-5789161
-3782838
-4511350
6355299
-842224
2839343
496373
-3071
-303579
1011894
-4231288
-1068027
2177892
-4073353
1166800
-3474012
2340697
-3390510
635178
-385174
78493
-408539
-1114761
-2127730
-3327449
-4760336
-3734897
-5222067
-4675643
-510587
-135275
-589323
-1751233
4203612
-2625442
3329805
-654312
299889
-7177642
122524
1844780
-1570806
-429936
-838986
-863124
-3278659
270075
-2179137
-5789220
-4759739
2418584
3024719
-157380
435105
-2530125
2415068
291934
56381
-704313
-682734
-106730
-272594
-564386
-1133721
2736348
766076
-7291169
-462040
-4730684
987049
-1001083
-987014
-4455245
-3343174
-7327342
-337546
323317
2191140
-4523324
-4176620
1182576
-520680
-769649
-1237135
-257985
3749385
-639401
-1191587
1578277
485348
-150418
-2050327
1478691
-1375704
-4002604
-210451
-4225772
-946235
-4491937
-3930364
528679
-610186
-4005167
-520224
-1503530
-941130
661544
355444
-914625
-856334
-693491
-6313951
977405
3096827
263009
-511938
2567316
301200
699372
-1984312
1329588
-202946
-1522474
-5470597
-1514415
-612142
-2835594
-4086993
1653913
2977923
-1671469
-1156443
-1272714
377566
13741
-7785458
-1322828
-2456962
-7542945
-1811195
-619886
-886107
457705
792965
-4094612
340739
759577
1924370
-1716372
597856
2706835
1428679
-395036
1640847
-616448
-226192
-5831520
-2561500
-535184
-2407233
385939
-2093888
-4361637
-72389
-904082
-3587614
-4582550
-1156437
82030
-591778
-205443
-4127836
-1304851
-3631543
-685419
3066680
-253638
504393
3445753
-1533089
-3982169
-2859561
-1445342
-5630202
-3287172
-926733
-957659
909828
-2479023
-345865
-5280101
-16723
-1060533
668250
2377435
-2915544
-2295012
-2445522
-458578
-2739243
648592
-3138735
-684423
978707
3737328
-705365
-992834
-3303411
193930
-1519699
-6679626
-4251951
-1833543
-3263546
-1841001
-1097569
-1169595
-2027401
1108608
-99385
624238
-1213207
1070762
-1715601
-2490222
1283472
-4031985
-768381
1012032
-117916
-3123487
849099
4522719
856151
-1020348
-3048302
-2069
-1856622
-5277938
2003714
657331
-5044766
-3407191
-3013836
-1578275
-1655331
-470887
1346153
-1404132
-3953702
-1552422
-1237527
2084523
-1694898
-2742055
-3932148
-59877
432352
-5171041
173682
-3021044
-4097151
-2547954
916633
-1266804
1709480
-787069
-1499619
2318356
-1870641
-3230399
-2053947
1454353
-587325
-3830739
-3973494
-3545712
-341869
-3448219
-8179111
-2998259
31709
-264507
1050704
-7201586
-2845972
-53729
-549576
-1281867
-4368350
-295845
3364801
-582104
-5589241
-5304516
-1116612
-3006418
-4014222
-2445195
536875
-1153556
-5221649
-5663676
-1816847
462061
-3001591
97326
-3153164
-695966
46405
-2358757
-1842503
48637
2022200
-6470782
421693
-6993909
-1364960
-2093825
72993
-1410872
-3807879
975326
-5482273
-2487578
-545487
-1853242
-466665
-5203242
-4901001
33857
-4952848
-1986793
713820
1306539
2245002
-3421398
-231967
-3049604
-5281169
-1762434
-531076
-3720500
-961029
-4889206
501536
258474
-4245820
-4200075
-1789169
1271616
-2586572
1440829
-1007655
1037392
-739512
-2122614
-734914
-1121727
-4328520
-5061473
-5847145
1029910
1801635
-1670086
-510628
-427601
-4121989
-292409
-3330441
-5505392
2739944
985343
-4496184
-3559100
3173046
404593
-5126343
-415705
-3854833
749534
1931210
-631510
1645104
-2679492
-1496170
-1895710
-1393443
1900177
-1914329
1257313
-5075460
-1221638
-313887
-1806440
-1957555
271765
-1640197
-1564730
-319528
-2751839
-4235956
2765531
-656578
1903569
-1800675
-1057569
-1135820
-4147570
-6138913
-3543419
-2234747
-2991100
1559449
-4233713
-1201717
-259218
-5624665
-5122810
-2253341
1684707
566358
-3459441
-3763868
-430019
1501007
-816978
2104722
-5126661
-1943122
1358242
-4201395
715084
-1301093
-1552057
66968
-1596116
1473687
-4780637
-5168921
-92103
3002534
-1215259
-3539979
3294596
11125
1071637
-2042021
-2694190
-3251993
-4230217
977953
-878524
-4490908
276201
-4568339
987003
-8029445
933712
-5765551
-45817
-2087148
-146788
-3200237
267062
-25416
-982651
-647478
-4586933
1632009
-3278183
-6378495
3128483
-2104031
-3499370
-878977
180056
-322482
-279333
221620
-3216851
-1554653
3344407
-1661833
-162047
-3333652
-4538147
-1073692
-1987570
-2334447
-2629140
-5832916
-4665492
1067651
-860424
264158
-741911
-3298718
-1968972
-70138
-3730627
-290247
-3134466
-1061692
345407
1619148
-4066572
-567588
-1220442
1229051
-7771913
-2004284
4066650
62959
-1458565
590600
649799
-1437108
-2004084
-2779113
-2467900
-2542333
-492815
-1108082
-2801747
-4487139
-4489448
-614578
-1215227
-746137
3174999
2036531
-5297530
-3444775
-2446183
-2581806
4273535
-4590810
-430324
-3253820
-2238489
1572686
1171474
-3947089
-2367984
-624085
-5316489
-4071230
3430305
-2561027
2205654
-4748247
-4107153
-3102623
-2917758
-2778208
767627
-2396253
-942153
251549
-681117
444342
-772280
-3051542
-358744
-3779809
-1909430
88349
762084
877571
-2912571
3357629
-1253981
833471
-4927069
-4301296
-1806231
2983663
-5893160
-3721617
-1515383
-3426798
-2156439
-4795160
-1487810
1705842
-1628614
367470
-1267010
-727337
-6132958
-4303565
-2885613
-777993
-928274
2402517
-2529692
2632649
-504142
-4942826
-481191
-2016403
2123637
-3462878
-1068077
821645
-4939175
-1233888
-442475
1510554
-380362
-3735806
304179
-46524
832247
533610
-1801673
-5084465
911614
679779
-2130094
373114
418011
-786765
-6833776
-3082904
-3882344
1113871
-3833511
753695
-2397687
443487
482812
-3741645
874096
-2381117
-869097
-653361
545207
-3914767
475730
-4078277
1243859
-6690946
-5454671
-3050103
-2706121
-5050532
-617212
-8649376
-7617026
602197
-3089416
-3127492
-730100
-1282122
-284159
-4341398
-1625227
-3692521
-1282175
-5133786
-1076559
-864283
2749265
-2008288
-2670172
-3823516
-3379111
-5273572
-5664689
2591667
-5701855
298783
-713595
-5523391
-1198208
113856
-502321
-2066817
-1104522
-5904755
-172158
-982786
224582
698404
-2578612
1095615
-2056549
983932
-5975394
-418963
2505288
-1794768
-4532778
-1856009
154363
-1317215
-414715
-5538630
1051130
-1117216
1310149
1524008
1542653
-1567164
-2980522
-1885887
313850
2617049
660214
1567297
-3364863
-1662987
-15609
562529
1330311
1127324
-365506
-2184075
61433
-4608314
-766538
2357325
-4513058
-1233253
-4084733
-3724126
-728280
-2656252
255219
-1037867
-4323194
-693976
892874
-5584481
2874793
1342388
-4048628
-3736648
89849
-2184842
-3028148
-3765486
-3514973
-456553
-413049
-3598290
-2834199
-1169774
-4287127
-2387868
-5059729
-1533154
-214369
-2155133
937764
2092753
3322842
-1213147
-7734737
-1476532
-2459411
2053253
-5357782
-2982704
-1125585
628228
50146
2663029
25642
-2078571
-4948987
-1214755
-1311951
-4828013
2110184
947949
1720028
-1742536
301994
36417
1834866
-2117519
325459
1029467
843277
-7795066
1342702
1227370
-188333
7651
-139427
-429303
1499300
1998873
1534565
608301
-7117987
-5392275
-236192
-731285
-3662797
-601525
1781941
-5729759
-2982748
180144
-2688151
1917557
-3005672
-3598961
-2990168
1302395
46127
-750833
1331533
-8219764
1223988
-2049528
-1436035
-5650967
-2163826
-5098194
-433509
-2118563
-4615440
2193671
-2273877
-5327589
3669486
-1580029
702500
-804391
-5197590
371704
-587627
-5475039
-2320182
1610843
-2005299
2325244
1477513
-1151565
-3536584
841385
-3337115
-1285092
-4965128
-3240705
-4064294
-639415
-5137863
73458
-2971887
-1867244
1926711
-4017764
-2944507
1911013
-4424277
-3064717
-4655184
2533884
297163
-6471102
-3066353
-1906599
-436092
-1867258
-2126774
-1527522
-3918395
-5199280
1546837
686183
-345703
-703462
272195
-937499
1101161
-1189663
-3483165
-2297536
-3567259
1177042
-2540137
876070
-884339
682854
-1456823
2152845
-1682876
-1914797
1161126
-4949356
-1807598
4040480
-3998459
-2406667
3171321
2254925
-1452476
-910926
-479134
502484
460668
-4594574
-6220755
-1599431
-3645835
-5640669
158996
-682445
181056
-2795881
3373950
-139252
-4729129
765032
-512634
1515539
2313238
1136785
-115676
-1059679
-3551010
668022
194588
170411
-71
-647721
1358603
-767638
-8075045
-2202476
-3052515
-2803180
-3190752
-2538401
3633696
-260430
-898062
-4468977
-5095360
2068664
2715201
-443122
708074
34585
-1845588
-1052152
-4021104
-987324
-858812
-2978064
-336536
-3822897
-297432
-4419936
-5166012
-750198
-2008954
-2071246
2871772
257196
2999436
-1715376
581463
-5987685
-201992
-791497
660259
-2274707
35193
-195621
-1281494
1377741
-3395891
2340524
-1310600
3044446
-4227942
-907732
-1920400
-334295
5758883
153473
-13719
97338
-480750
1919665
1489010
-2210794
1040125
-2869186
-3078517
673804
736900
-2998441
-3131158
-2170275
-515114
-353213
171516
-14715
-5075979
-2889495
-4706492
246551
-806450
431255
1010112
-5454769
-448830
-659322
-1473665
-2168486
-1592529
2716192
-3472320
1365694
-635567
-2591471
-80058
-413946
1216009
-3001556
-3858008
435177
-2157967
132807
-3062952
-2456761
400319
-2194878
-3288785
1146638
-484872
-2260692
-8917647
-783967
-5664840
-2759527
-2296969
-1779047
828802
-1876846
-222518
-2418108
3084296
4854003
-1655995
-1436679
600075
-4601136
2497785
1479372
436785
1447004
-716148
-1380286
-3936921
1533791
477868
285914
467701
606711
-78617
537655
165420
-848474
-1035279
1382159
-2317165
66002
1698026
-5030480
-1277014
-1781329
2235833
-767311
52082
-448524
-4531991
-2191871
715698
-1271554
-3840716
2233076
-1238383
-1095341
581111
-1741246
-789733
-1819886
-1039408
275441
-2620999
-1023500
556260
927360
-3189581
-3604387
-1643198
-8094206
-4099190
442705
-6457014
-720538
-5427309
-543318
-1495208
-3730437
-985954
495291
-3817103
-771505
351469
2029890
-169252
-6507710
1174333
-3018266
-4557220
-2331576
205103
474160
-820825
-1676607
-2729021
1149622
-177214
-1894434
-741680
3180647
-2039419
-3605972
-4855772
1353036
-1227703
-1142933
1885477
771979
-2242827
116786
-5268252
1230711
-2366271
1435552
-546822
-1609463
-3824623
2014809
-6294661
-23651
-648030
-2387774
1234625
-1725971
-3308548
-5307755
-3388919
-5880726
-4365214
-789606
353707
2583995
-1756150
-2440299
-2711160
-483974
-5037289
-4490345
-4735950
-838279
-2280479
1374090
-1601586
-552310
-1853281
-729864
-379768
-4159795
-576181
-1657582
-117263
-4227074
-5572405
-4971255
2442102
-810284
-445143
-2520915
-3259559
-5099498
430084
-1158991
296311
-109228
1614702
1303457
-981497
3216302
-1573184
-1164297
-1388958
-3313874
-4436398
-8335413
-2487120
-866980
-4379990
-1863908
4868419
2288722
-553928
-1663511
-4000246
-528325
798424
-494201
-75923
-2332855
75954
-5740622
-477966
-5207443
-1060881
196369
-646716
-1648985
1119548
-1471810
-189034
1887437
-2624157
-3446244
-4147340
-4392927
267949
-1523371
-355615
-1478439
-2120620
-450928
-775143
-708420
492090
966845
-3150099
-2940763
456470
2306008
38594
-2118044
-6237634
-2218842
850874
-722536
-5103035
-2631490
-938556
1061437
-2445321
-3727981
-1361837
-3168523
297090
-1151002
-514067
2836177
-2395886
-868271
-125444
-1225292
4168434
-232701
195629
-1519130
944602
180481
1976550
-3717180
-4686057
-934999
-1102019
271807
-706737
-664862
-1100167
-3568259
-1541498
-1883804
-4399148
932996
470261
-269498
3049020
-913074
1455152
-532954
-2158925
475762
1446783
1611353
-95123
-5329887
-828168
2084686
-7800428
256446
-3116098
-2916486
1298342
421063
-3351422
-2818369
790750
-35268
-693503
-1190793
5400673
-2483509
-3279017
-1589213
730859
-6287662
-1429441
-7190364
-6041632
-2683354
203309
-1763381
1996267
-233161
504142
-1791398
-890614
-758600
-2939915
-4113502
1132813
-3220067
-2205613
-3756793
-804505
-980355
469724
-664517
-3836180
824440
97037
-4554905
-3506435
1207465
-7159072
1104150
-3159992
-4089592
-4323989
-2025256
-754079
-564930
94740
-2432877
-1510357
-1512221
374360
-5061355
1417907
-6349126
-1117997
339252
-6237167
-57012
2022254
-3619227
-4590157
-5524755
-2538436
-2322535
2494981
786214
331218
-4156343
-1941757
-5338924
-3040412
1697947
2321439
-2982401
848937
1544328
2724417
79415
-1469876
-711294
-5581314
1008514
1636784
-4302852
-677233
-5875989
1238116
-4165231
-846047
-1587454
3346950
-3172087
3398388
-7175479
-3263771
-5812885
-3132293
-1106137
728155
1294484
-3050064
23746
-3202721
176050
-3686825
-5907091
-686903
-1782188
295665
-34348
-584420
-465718
150195
1697657
-4456897
-1098544
-251747
37449
-955697
-1077924
-4870122
-238723
-492863
-831781
1893614
-3756586
-2927995
-6881727
217457
-4081250
-302878
-4072331
-2017256
-3195044
4112954
-1955979
680521
595798
1008622
-6736357
-5030540
-191820
525384
1442061
755013
-4661047
365342
-6242686
-1604169
1064547
-108004
-369329
-4556053
444691
-1231173
-3298771
2266663
160124
-3473561
662253
-2060188
-635437
-327933
352547
-3264887
-6854523
662230
-7311674
-3147187
-50859
1954164
-4555172
1003717
-175481
-2923658
-1202108
2401016
-383179
-182353
-9106398
-1222
-1112885
-485576
559752
-58396
797209
1898650
-7434165
-314566
-3132776
-1738890
193676
-151566
-46068
14650
2699657
-801618
-1769216
-371097
-111801
-305665
-935464
-2038471
-1159151
393986
-779446
-205007
459322
-5185802
-1613224
-2344504
-218761
-968591
3489479
-691696
-646710
-2980886
-509548
-155176
-6074096
-4085860
-477525
-391286
-750746
-6878823
1036597
-4827870
-2253706
444912
-1237019
2738546
-483081
1598013
231830
-176980
-4393968
-3222656
-25405
1009843
-3998381
972756
-4078305
-1036265
-4000198
-369114
-1108171
-2300497
-4863059
-3799754
-1473726
506793
817705
1670113
-5203814
-6497865
-4025451
-1439188
-4011137
-5350332
-915901
-4641874
-5175252
-43958
-5178786
-1321472
123976
1892879
-2394030
1690505
984616
-5144304
-4661625
189480
635829
2034563
-770307
1363267
-4085607
-1953647
-2329440
-995174
-2456752
-2104223
-4669871
-1851691
-1542840
-3567964
-1794631
-2924881
-5887442
-2201134
-4613236
-3077195
-3581796
1155088
-2719569
-4938589
-1851666
-4110
-541763
-6062418
-302702
-804314
-1118840
-4778711
-646109
1502386
2183507
1169793
588339
-1077201
2210767
-1771844
986895
1281898
-895776
-148515
-62138
-182483
243399
-5698018
371210
-4441247
-5799120
-2102405
-3168587
1240912
-1811049
-729870
-5291338
546600
2019432
-6050721
1577427
-408235
-332153
-222021
-4549801
1645473
-100547
1383385
-46976
1592353
-955413
-938026
-1069592
-4334196
235127
-555775
-6490618
971076
3175762
-1085406
-2133326
2450992
909128
-282584
143478
2525825
-951024
-4284441
-1828487
-3036882
2732422
3122007
-3160247
1415226
315984
327825
545479
1234103
1213536
-1257262
-2556135
-4575054
-976858
753263
-547697
2010236
-2890274
-200819
1065732
-1281150
-2055603
-5240350
-1257208
-943359
1681916
218331
3304003
404388
-222704
-2856330
-194264
14064
-397703
2949716
1042459
113024
-18940
310732
474283
-3757627
-3910727
-2310122
-1829681
-3011248
217246
-1915480
-291897
-2022324
-1469211
-503335
-514044
-7746875
-2987281
-591803
35066
386847
-499286
445202
-2501764
-1943407
-3141540
-6005618
1381377
1758547
-887981
-4066897
-3061506
-5438187
-2809796
-1436129
-173
-3726216
-2051983
-382630
-6871677
591265
1713664
-776459
-36214
556700
691239
-1774524
943150
-414822
-1350864
-3566691
-3060394
2375018
-4898643
-3454199
-5104070
1095680
-3873417
68750
-2954559
-354875
-698859
-2258947
-1075541
-4606636
-915725
-3737127
-2537397
2480247
-4035163
-5665674
-2541783
-3134628
1817003
1544394
-696352
-2334330
-3982715
1777017
-2857781
-1602967
-58536
-581202
2213662
-3574551
1347605
-5829850
-4015130
-772818
-5865751
-1217958
-228163
-1971657
-2945128
-4883604
752704
-1422544
1383185
-31354
-5086290
-1360660
-427911
4862866
-6141295
3230776
-4797376
-3547672
1237689
-3680677
-638921
700761
-2179284
663834
1330151
-223068
-122294
-4194349
-340572
-4370828
-1981063
-1866181
1197156
-2545872
241849
4282706
-1629206
425982
-510324
-1134045
-1324432
354448
1042503
-2081761
-3532108
809502
-1353428
-2579555
1407683
-548844
-3214634
1157488
602277
-487806
-5327285
-3861808
-4218773
944263
-4849178
469680
-1267992
246409
-3992927
683453
82547
-848514
1935575
2057757
-2360805
-231698
-1190819
-3410605
254507
-2881760
1524637
-705727
-503480
-3281450
-3408667
1684863
627056
-3557320
-1490027
1366753
-2361071
-697974
51398
-21400
2225668
-890629
317817
278326
513297
-2609642
846942
895986
-1015324
2559752
147296
-5413960
1256079
161498
-1027264
-2305654
-819815
-1462873
84576
-3203328
-2006208
1482841
-327192
-1210711
196004
-149647
-5298014
-5592243
205544
-896792
-4874525
349831
-1501556
1721798
-16079
-735737
-2672514
-3386588
-1141292
-4777540
-3335227
848840
-2091828
-3280145
-386125
-4826995
-5503139
-236943
-531036
488544
189883
-1027500
365503
-18710
70148
2043744
-1662150
-153543
-6052140
-41109
-1194119
-380237
-930913
-4524503
-2441205
794283
-5373429
-388006
814703
-310018
-1762772
-1143902
546813
-1942484
-6989343
-1852508
-3821527
-840732
4150372
1287508
-757689
-591710
-5125482
268353
696915
-3805609
-3390618
-5887912
896079
-5296017
-1888668
-6972896
-6476364
847006
165206
-99983
590661
-1581864
172520
-471436
-1854439
1152993
-14594
-1424197
-1440588
276065
-168662
774596
2173493
-2592612
-1035200
-5168
67213
29719
482815
435700
-4271499
361958
94859
-3143543
-1875884
-4010785
-561500
474545
-2560236
-4291824
-2973589
-1574685
-1513808
-580217
-1010932
-1299084
-262345
-1562621
-5043346
-239659
1008563
-5134309
-1292542
-1125159
4443461
-539042
-67835
1818875
3022358
-59054
-3116514
-1367499
1757768
2159154
-5397838
-646240
1625701
-7873754
-50338
-1953010
-6751729
-339613
-4733647
-988474
-1568788
-5147269
1977368
-4620123
-748371
-3075147
-2838467
-4500601
2972284
-4358053
-3425374
761344
-764360
-3812037
-2574400
880650
-2101045
-326510
-1400204
-3639578
339638
1763566
-423302
-3492806
-1991218
-3289458
-1926668
-1926814
-3809732
562336
106348
-4358481
1441765
132733
-185075
2164586
-2072416
-2971077
104526
-876878
-4103609
-4212062
-2399831
-5295198
-4128244
-1484194
1147170
-3517104
-954411
-475826
-2000464
-760465
-5757506
-1081687
1325474
-2645318
1601964
-1367172
-2954208
-3603227
-3107342
368569
-4083492
-2311113
-3884633
-2554360
-527969
-94241
-7333592
1917616
-1853316
-1683316
-3533476
-3601950
-3666114
-1270981
-6122303
-3474253
-3939276
1997394
1476040
-1406027
-1915477
257364
23093
3587398
45355
-3468288
1186740
1341815
1010379
1070908
-744673
589048
-5583213
-4938494
-3058616
-132506
2861871
1575556
-1652755
1760852
382121
-214135
1467211
-552686
-1057043
694963
-3620096
-2507834
-3889589
-1829773
-1399594
367010
-2898363
-3145204
-2106361
-8587129
-361465
-7328447
724961
-2593476
2484146
-477833
-7121490
1028164
-768094
1562474
-1927672
-1753600
-3338510
-133555
861750
-2894475
-424395
-1847584
-1015069
-1451775
-6338784
-2215586
1603362
-1775633
-1029182
-882838
126895
611635
211056
-2154995
250327
2392762
-296261
-1586960
1822507
-1506205
-66358
772500
-3043644
3006539
-7037602
-6610659
-2382997
-600885
-917743
-4485924
-2736210
-280096
-222106
-1266712
218765
-4228968
-128675
-2207784
85444
-2087687
-1209098
-1505440
811199
-4329176
-61663
597
-140818
-1148033
507541
-3232615
154563
-3441577
1363072
-2926582
723602
137163
281767
-413303
-210846
815196
-391547
-2577146
-183644
852368
1701903
435341
1832068
3802254
-973989
-1611494
-1874546
2660978
-745938
2950508
-185968
-5515731
589096
-1435114
-167152
-3604644
2604217
1837753
-2850249
-3599911
-1415182
129566
-4648063
-1175572
-1050553
328340
-3485802
-4045759
-1233795
294628
-5377736
-1955371
-389064
831510
-1699673
-329566
-1658861
-2281761
-5773640
-5615180
1069330
-684862
1648125
-1827761
-3807102
-2398579
-4338671
630009
2480485
-5614651
-82078
-2640541
-285738
-2253875
361429
141608
-5127996
-1263181
-983866
-1331683
-156894
-1781532
212086
180973
2770486
-4791245
-865754
-8564
-1700247
-555489
-2072649
-5299077
-995092
-719198
-2692534
-2799017
432154
-2098670
274614
581685
-3221733
-3473977
-5894306
-1347155
1732174
-4076653
-980073
-5483459
-1526009
-1383118
311378
631967
-2157336
-560964
-1688675
-207590
983628
3447340
-5736624
-5162386
-1720838
-5559804
800537
54891
1172258
-1696156
-542175
-4117673
2084360
-825597
-847064
-4495703
-3568692
-2836517
-588582
-2119577
-3362172
-251013
-1692625
681572
68076
-1005198
-1507352
-829003
-203759
-1419845
-781444
-3558797
-1391194
-2268822
513583
-749712
-7819487
17410
-4832452
-1871246
460707
2581033
-65827
-2887980
314367
-750965
-1484504
-153050
-1243361
295119
-925888
177620
617354
-1210054
-2535508
-5084228
488292
2147616
-890974
-878827
-839729
-3185626
1701964
-3701
-3863604
-223789
4403281
-1192156
-3675256
-1143714
21455
506506
-5551966
-6626210
723483
3451224
-4697262
-3293093
82136
-2044187
981573
-730703
-5650329
1060294
834049
-301011
1238316
1973245
-4295299
1250599
-1775181
-1145784
-3769672
-872817
-414373
2502612
-1705537
87518
-1545953
-2886611
-3258956
-221357
-1104556
-579824
-1501974
-2570058
35742
-4768235
159175
-210563
-1050495
-1880628
2503222
-4699537
-1087927
-4778642
48981
-2094687
-4569589
-633270
1706973
-4003105
-362149
-1223517
-3069608
496148
-1127462
-2957412
-1045519
-2615680
-692492
-3279394
-612065
-2743600
-3378995
97531
-386045
-5251246
-365533
1632678
1143915
421270
941408
1657695
-965472
-2638339
789371
-6445863
-2341018
-627380
-3347250
149220
1305097
-481985
-2692672
-3401142
2068398
396481
-4472818
-884734
-129115
297731
-1605940
-187892
-4942034
-1401483
-7988333
-2044508
-2780692
2177148
-3393297
2120871
1322024
-852225
-916878
-1093606
976525
-4217789
-4491309
-2264834
1126553
893163
-4293424
-1263342
1601790
-793526
-300275
-1278689
-6209046
-3567974
176287
-1186725
-4287726
-5114205
-4217960
-4301566
-3762118
-5120994
-520544
-312067
-2645779
240570
-1067209
-895962
-6258513
-3429602
2780035
1632313
-2465594
965871
-1295315
1746372
243225
16584
-3171266
387571
-1373652
-2239276
-944688
-711720
-4688262
-912412
-2365371
925531
333324
-1697964
1716457
1557216
-1115650
-3581256
-386496
2435381
-5358434
-186391
-3240440
-2859141
91485
-4373147
-748096
-3750988
1787934
-2274741
1627423
-3350775
-359955
264841
-6629153
481882
-7842322
-1468984
138610
-755640
-728661
-5325607
-763149
-5549432
-7609717
-595704
838934
1623082
656017
-2724232
-2591749
-485014
-2018909
15985
182171
800992
-3028580
1762519
-4210357
-1167191
-222099
-2086688
-6273098
1053890
3264344
-1461763
-1650056
-2764538
481050
-1256488
1788906
-496596
162582
969936
-4012783
-4219025
697628
-4300256
-1159728
-1903743
-2438737
1092797
132324
-4114664
-2986702
-2115413
-2290593
-1504021
-965897
1393475
-2048914
-3812424
-3086786
-2613690
492230
-1612066
-1668833
2151378
810871
495733
-923286
-615322
-3347939
-1990048
-340675
871120
-3345988
1687422
-7980770
-2005018
-2643615
-2216727
-362546
-1304755
-3459546
-7536295
-1572630
451038
2604253
-2776668
-2585346
-5490916
-1789820
68083
146311
440127
1435704
495855
148531
-3724022
-2604538
-2633616
-684981
170200
-58641
-1056954
298467
-936253
-3610609
-5008005
-223370
934960
5019280
645371
1079746
-5046558
172788
-4385910
-214228
-143545
-293620
-7000911
-1823977
-4545836
-4255921
-2184557
-508728
-451696
-128307
-5240061
-4427652
-3633255
2604947
1054380
-3396887
-3253627
162393
-2206370
137672
-903395
132399
-720636
-1459999
681073
662551
800559
986412
-441994
-1406895
2639598
-5689682
2111391
-3704441
-1359248
3050636
-1933959
1908814
-989334
-3962204
-5673335
-2196244
-890274
-100158
-1029300
563311
-716808
-789987
-2986467
-277406
-2892512
2478895
323088
1202567
1933
-5633695
-4064970
-314910
1543042
-4979679
981377
-5028274
-2599192
-4893277
-1170724
-886989
-6006294
-336379
522301
-1183753
-3951925
3366092
331897
-117587
-5102986
1210547
-37945
1836244
1075928
948943
-386933
617988
-1113146
1156822
2078247
-523088
3625543
308383
424312
-2452852
1298338
-8578117
-3753283
1989494
-3885958
-5768436
-199419
-473542
1913758
-940735
-1394663
1452261
-4065154
-1589596
-3988630
-4869002
-4996867
-3089341
552703
-2530407
-1419469
-680694
-19740
-3207112
-2955363
-3792875
-2272494
-1330113
-7789423
-1574588
-2661444
-312629
1811064
272353
-1410144
-1253793
-3717237
1605069
-401568
-8291931
-7923747
-1557722
-3249788
-1105985
-2988497
-1983790
3927930
-6178001
-2633780
-314072
1162671
-2279726
-7358362
-422673
-2187753
534739
-7409089
-1093116
-1042394
2225548
-4272503
-1475559
-3275483
193384
-2861547
840749
-989844
-1403420
1009
-2113147
934405
-4759241
-1119532
-373464
-589225
-1050150
-10677
-2321839
-8061
-210839
-4787500
797819
-4735453
-269213
-4669444
203118
450673
-3943922
-3821299
-786827
-4069388
3883433
2027292
569817
-3655192
-101925
-4709608
-1081880
-3502538
-5317001
-1023240
-5162770
-670624
2302
-1834148
-3346988
572488
1661047
-1683367
377745
-919813
-6129820
-2133758
-3027908
2408115
-1467168
-4860745
2137328
-3669722
-2273291
294857
210226
-3198366
1034381
-5023173
349988
1350025
3563868
-718804
1678777
-299997
-4990958
-5336163
1545512
-7701756
-229929
-6409945
-584355
-1296939
-6630499
-145705
-4078878
555664
-1698071
-5240409
2669313
-2086679
1199819
-3499742
-681628
-105011
826621
862504
-2600497
765434
-371467
271904
-1859804
-2759691
109169
-1703117
-1107997
1656410
-1353835
-692778
-962937
-4362493
-1017152
-2553326
-4506088
-2396712
-1387404
-6467589
-673839
-702180
-5004500
-3172326
-985825
900136
523604
-2261962
-976768
-7826499
-1898102
189469
1245193
-5233775
1415863
-2725007
2047184
-588537
-4091487
-7529395
2343547
-7486976
-3102807
-3323835
2051260
-735420
-6085609
-2531568
-1712925
-362253
-8325320
-1691983
-1601937
-5137600
1033620
-4822690
-1609766
-3049368
-3258145
413682
-1430105
2181254
-1994182
-3272886
1202970
688141
-1139385
-470204
-1725655
660612
588552
2409675
-1233662
-1803814
-222104
-506444
-2655795
-5160817
-4913217
3101920
-1446489
-2809434
304000
-296678
-1981590
461657
1248682
1407833
-3880673
-1096123
657292
2318403
-2753593
-5310853
-4081417
122728
-2176377
-6737517
-657375
-566032
1028563
-3655743
-2502926
1358702
4168521
-1956780
889813
-4398496
-212798
-952354
-5046322
1384476
-1041328
7460
-254183
-4414816
-2830888
1819353
-1693421
884968
1658968
-2629115
-527979
-7832200
-214143
-1148001
-1672176
-3792702
734835
-586020
-6099519
-2942423
-359653
-949303
-541709
1878286
-4644529
-1862934
-579687
-5004502
-688075
-195871
-4474287
1302173
-1201325
-2614763
584509
2247897
-185382
-469626
2408440
1235622
-2293584
1038220
4673121
759152
1107267
576677
901034
-1785276
-7235368
-3798700
319808
1959022
-1200009
-3362197
-176492
-5273767
-1442411
-3984062
251007
-2118454
2164564
1833061
-4407889
393086
223004
-785045
-1343293
812646
-1121768
-353018
425339
-2465
1176035
-4655596
700212
-4053888
-402575
-4574169
3576533
-2461066
-5338276
1488648
-3688422
-4537059
-5387406
1295970
191625
-1981018
-5764634
-2856755
2263477
-5044177
-2352322
-7470778
280563
-1902342
-1510841
-6312645
1921416
-1218212
-8140989
-278903
-3820612
-1581170
-1068616
306857
-971686
3197896
-1057587
-949494
-5668218
-861295
346711
690628
-1685609
-4553469
2019017
-3230404
594846
-4283162
-841228
-1562998
-5530043
-1216114
-4491755
-216878
-746704
1998564
-3683493
-896353
1098571
-1171830
-4148671
-1919239
-80209
784709
1045646
572256
107575
-4561921
1487991
238074
2785064
-4517813
2095071
150104
1899861
-3266461
-5338794
-7137858
-3929954
-1391959
-2281786
-2862963
1991161
-898763
-2554163
196917
-6174849
-261747
-287800
-3372363
302054
-1390803
-3082529
-1528449
-626307
2250374
108116
-627356
701533
3625646
142693
-371779
-1332853
-2587090
357551
-1351015
-3801336
-1699252
-4774868
-3381963
-7836254
-987710
-1124296
-3200139
-364460
398561
-8437799
-4055950
-3016258
-468506
-1400229
-4512281
-8931275
-140561
243890
-1633504
-2498611
-8109145
-4631961
-1731056
-1768389
-5157872
484273
-254928
-1894612
433611
-848731
242898
-1472931
-5727015
143155
-7792312
3601612
-1074244
-1407439
53147
-498568
-5836385
-2509075
1849324
-1380623
-862948
1409175
4010773
-3103857
-355176
-2537238
2899345
538182
-6391680
120237
1795268
-722568
3312046
733734
2320436
-4328382
-4965668
-6630
526992
-2812139
-1889068
-351309
2455609
483634
2971950
1948054
-4348572
-2922810
-1306691
1357687
-290864
426258
-1584604
-586366
-34259
-4874995
-1029425
-868272
316079
1875302
-1526721
-2725630
-167226
661648
1416145
-217235
-1676962
-719378
-2555649
-4526355
-3655426
-6586943
-3202743
-8086586
266597
-483698
1364584
-5556225
-3509138
-7408888
-4355672
1510951
-7905067
-5207850
1482004
248706
-8255298
-1549853
-3943828
-424312
2647390
-3855487
1194523
209494
1115565
-6908880
-362674
-395994
-531765
-230017
-1777393
-527169
769112
959709
-1652375
1260124
-4212779
-397705
373362
-2778041
1681797
1469157
-7310029
-181187
1980684
1145542
-60790
-2080455
1921256
215600
135190
-4325775
820092
-3303184
-4627089
-7067071
-3773428
-1256753
-78830
-930487
683448
-2306496
-762582
1611583
-3780933
-1137475
-5010133
-3252352
-424268
-4704629
2152337
-606294
-1466365
-902714
-8151718
-3543401
132261
-4513880
-1012027
-892413
-1130357
-2896703
-2982985
1190139
-3540670
884562
484116
-1842060
-159456
-669763
-3034374
-828764
-3658313
135156
-752397
-196766
-376925
-3465312
-1412543
2921282
1927529
-5404056
-2144106
1953112
-4657274
-1185088
138703
-288525
-1342036
-3081273
-2417947
-2551128
-448374
-1421029
2707351
-2062484
1110953
-7722196
-2033603
-3962964
1220426
-2034555
-2958603
-2462515
964449
-4632695
689302
3358404
-1123843
2158230
457531
-4893610
-970186
1586746
-2897982
191679
-5156511
1292928
-4956129
1159541
-449818
-22449
-2561804
192367
-1711232
-1664994
437959
-370918
-2089960
-1010299
2094551
-4488878
-397519
-5789389
-4246820
-5057319
-1192188
-2155827
-2960924
348358
-8493783
-2051560
-587726
106251
-699889
47542
-94804
-3962421
-5042888
803761
-430695
888381
-5202956
-922446
239068
-4255524
936413
-632729
2532020
-1437255
-5594114
-712010
-1715192
-2400620
-3514804
-4954867
-1558680
-6631112
-2950512
-616700
-3619204
-5751198
-4474856
874311
-1668746
78270
-1755779
-1281818
645149
-577191
2415543
451358
-2803898
-6733979
-683803
-1479891
-721437
-3705851
2279787
-1594186
-2549500
-3489191
-5047107
-6671565
983620
971034
-448894
2623197
-23722
17128
-2977374
-34188
-2051498
-4807511
-1672604
148088
288197
-133354
76199
1136844
2716388
4209646
437706
-845543
-1103159
-2707505
-1371336
1994488
-2668950
450892
-1080276
648989
-843937
-4920622
1943046
1263760
-6044408
527994
-3476435
-372667
656202
-2016558
-888774
-5733229
-1487630
1560192
-3691608
-1593686
-4646337
305823
-2593520
283159
-35232
1155180
-2571524
1918115
-5096493
3810033
-2112840
-3583956
-4935862
874963
-332524
-5913023
-5255346
-1952082
-4953976
-1770026
-2134949
-4733095
410015
-522156
-1137192
-1689593
2367617
611947
-3727047
-1565995
299025
-4690181
-669801
4075275
-3401210
-2487955
860132
-4084219
-5087449
936266
-1125018
-2492284
-2413437
-2388859
293996
2195293
-1110014
-4263553
-2030520
-6813913
-7273981
-430777
1243264
972039
1512344
-506223
-2607010
-3067839
-988608
-3416285
-1843227
-5251400
231127
1138771
-1044571
-1295974
4152124
-1088024
-2653134
1225690
-2979701
-575215
-1156889
1045271
644299
-3385218
-1064718
-1265844
107234
-1123207
3198515
1916462
-360916
560808
-3146634
927683
1417488
-2750516
-4128950
-4551400
662410
-1596165
-23203
-626022
1101173
-2807609
-3293984
-2042998
-4862787
-1496129
-1113941
1437713
-999004
41589
-1377873
847294
-203388
-1753151
-3794660
1640817
-651586
-6256429
-1984791
-1651422
-1929208
-934181
-1239241
3507490
517951
-1402872
-3931690
-504801
-29564
-164732
-5761760
-943933
-4823077
574075
740955
-3201330
1300926
2842420
1665197
-1317798
-3232919
-1190170
-1186553
-2919834
282944
-4275119
-1794068
-2618310
-6221412
1565415
-1226616
-5763524
339442
-3983645
-158676
-4408445
1291187
751102
-257695
891951
1417711
-721807
-3986050
-405821
-1674225
-3582419
-1669485
-4671246
-3434050
-1446341
-4097074
-6064631
1737253
1685195
-2410010
-1123737
-2308428
612647
185305
542595
-2999127
-1564556
1032776
1984317
-1839473
-914944
-2092649
-5324609
1589944
-2232340
-5912930
-2610279
-3577795
-7228277
2766742
-146260
-875012
114054
-1123943
-70667
-7321136
2269073
-2238615
-4388007
-3351264
370416
-3905108
-170377
505518
-551713
-4010655
2498264
-1899261
-400654
-7941713
-500665
-2667297
-817352
-859817
182746
1508457
-1885233
-5511878
-4380099
-2901130
2938010
-71979
-1306605
2682174
-1788717
1481374
-2464005
-5686501
-3893554
-1543046
256104
-565819
-4438051
-3555959
-5701045
-4635907
-1235233
-4257968
-1820275
-1331934
-2127086
-4260019
-1976370
213822
-287008
2937234
-1796599
-2693813
-8302011
-3917157
1916683
-7373099
-307414
2327816
2796727
3420420
-306119
-6371911
-504357
-7457168
-3856383
-547321
-912665
-2292813
-6126834
-3452221
676036
2836956
-973182
2041060
976300
-1855659
269775
-8066714
-1067366
-982983
2794527
-904836
-4135417
-7760916
-8695358
266026
637698
-632522
2198737
-2196302
-308234
-3287981
112589
-971305
2313762
790663
-578968
831272
664893
-3119110
-3242056
1199301
-2571527
2863431
-4550877
-5872375
-7313086
-347047
162322
-5217002
416987
1925434
-4416090
-1581070
-1051256
-3973051
2105876
-574036
-4745913
658510
-601392
1956364
-756219
-3352084
-680963
-8223960
-5630127
-4320481
-753963
-517049
-1259113
-500818
-582587
-3672523
-2528678
-2375974
-106176
1646222
10839
-1528387
931027
-4841273
-3524938
-2061918
399967
-415572
374021
556879
-3573176
-1753540
548926
-1271378
-2333847
2329797
-2468319
-1409379
427183
-1379153
79583
-3092057
1593379
691038
-1103425
-6132701
-1725335
1726339
-495931
-507026
1264923
-6445333
-11183
1442100
-1410748
-3999964
1473947
-1199706
-6460181
-3811295
-1035153
-2077710
-1777576
339092
-104108
-3933181
-4025304
-890018
-2274422
-2284756
-1540948
511714
754162
1771
-4403878
-3822735
-137665
-7878786
-3364246
-1131958
975254
1291094
-2666069
-838738
464284
-1518920
-4327549
-3021119
762671
-6727828
-179838
1681771
-3135592
-1225747
-2702914
-5221686
499290
-1002959
-1212090
-296088
-8874162
-4043476
-239953
-8256660
-5763217
314321
-2132189
-2290952
-2066920
-7018662
-3219753
-3437254
-2403198
-704208
-2810286
-539832
-2460313
-4487304
-3378351
-4656030
311227
-4197430
-2878106
-1736330
-503996
-3967213
-705560
-1536428
2207122
-7210127
-455725
-46621
796874
-198352
1022033
-7794489
-2022794
967507
-746702
-2588298
-905137
-4357168
-2232612
-1684360
-676047
2599870
-2859552
-293376
1216986
-4526215
307739
-7114285
-167272
-1086632
1909725
-2329509
1729493
13944
-989055
79397
2051883
-1730701
-7905018
-1858400
-1850415
800468
-5850587
-439624
706116
-1109650
2177962
-45771
1414183
-3892782
1770117
3388298
-260177
-5001771
-7907100
-3369778
-2962353
-3184012
2065180
1573860
-1060300
-2208594
-4457020
-2333405
-1658964
-2600102
1411832
2019100
-1155598
-516986
-2782741
1892858
-4371234
1078525
-8637275
2614051
-3060496
-6089940
-2961721
-394291
-1534894
470198
-5468352
722159
-660899
1951395
-2890205
118163
-3552387
-4800526
-3976411
182470
-61976
-1750589
-7275493
-1040867
-3724397
-4895003
-1865951
-7339253
473367
-2100920
-1163825
311200
-4304408
-622460
-4477881
-556032
801678
-622315
600797
-2870419
-2467404
1887873
-1674570
-2647394
-4999625
-4691475
2410907
-1454527
-3437699
1572888
270392
-2076237
-421879
668822
121544
-1544533
-2814116
-2423385
511710
-574025
-71529
-651334
-7031868
-594996
2374695
-1722259
-2151216
-256350
925800
-4351945
1932170
-2564044
761249
-1278796
537754
-1124341
1030611
-7722164
-4288617
-810843
-3890827
1160954
-798566
-1661250
-702525
699754
-4266718
-358126
-517037
430460
-1821530
-2642112
-997416
-3900027
-6177385
913224
4403603
-2084859
-381134
-614015
-392919
3406226
1927791
90721
-4828484
2072327
-1095453
793351
959206
-1394925
-5858408
240464
-947091
-2013332
-1355161
-700823
-2294470
-8366519
-6183831
3650556
1842638
-80175
-359108
4054284
948210
-4587226
-2193735
-463162
-381416
-5622682
-5785902
570034
1149186
1305836
-3865776
-1134413
-717705
-2815427
1880194
-3397666
-547757
-3497090
-2861722
1876561
-4732294
-4767106
-4433693
1387245
-1807031
-3827584
-3138706
1615789
830012
-2612258
2278035
-4779194
-691011
-25047
-906310
-3955972
-725139
-1166567
-1811980
-6809579
-1933596
-3749239
-674025
-2354684
-306449
-5202688
-2177577
-2792137
371143
-4689908
-5331102
-649894
-2029521
-2961586
-4640482
-5955475
-7289408
-428230
-352929
-1014204
-2758831
1204482
83238
429787
-3753176
-632849
-3475173
-2449767
-5834467
2728974
3483158
-2399485
-1915659
-2984197
4652605
-3502830
-3571520
455123
-3824904
497441
-349720
158189
1178129
-5168004
136962
110140
-3455658
-1053099
-2889629
969792
-2665311
1223687
-1946254
-1962595
157726
-665906
-2267924
-5540504
2233904
-774352
-69466
1885485
-3975233
-335353
2423912
1577958
-273213
-2331104
-1280391
-2479257
-1279184
-876118
767660
186326
-1214702
648895
705040
-8159933
-5070239
-31985
-1979121
-6619468
-4265251
-2499444
-2313722
-474012
-272524
-1694042
981968
-4680525
1170245
1398580
1461566
-453979
1645071
-1056850
-810370
596011
-1065640
-3685053
-4156805
1309650
-214776
-3464668
750583
-1490874
-3022690
-2467792
1796257
-405401
-3846039
-7290576
-2749198
882612
-4345803
-550450
-471590
-5701857
-228268
636315
-221848
1900073
-5175483
-447435
-7747557
1416546
1800082
458922
892002
-986169
671907
576621
-7591147
1303968
-1494096
1800612
4733447
-1095613
-1356231
-1919993
124503
-1962495
-4040178
2770518
1811891
1168964
-3573766
-1529827
-2398290
-1758872
-3075014
-49373
-3172110
-1641805
2660947
-1598989
366952
-2063182
-919979
-1946887
1285843
-5150601
-996486
1219722
-3677636
-77558
-2832422
-4571107
-2441212
3338429
-6515175
-132226
-7252622
1170261
145869
-5098536
-1510881
1669529
-292944
-1654353
-3860274
2087164
1872555
1453574
-4756994
-1087567
741492
1456766
-1096080
-217305
2123068
376507
-1428231
235719
-297600
-1489989
1032104
-456543
-7121363
-2615034
8715
-2620722
-4163521
-3424269
175502
-217764
-1595836
3506705
5366365
-280644
-2055472
-1348921
269719
-1618157
79158
-939115
-888897
-3781156
284218
2113558
-2189318
1528956
1347865
1965693
1232870
-287440
776342
-294420
71618
213727
-292602
-1762163
-3735940
-590636
-3673206
-2052396
2123454
-4765268
2426979
70691
-727867
-1270563
2957643
-1573295
3318611
-1345225
3571793
1367905
-3914961
-5529208
-1399060
553236
-3222571
357828
-1021335
1344625
-170433
-6133441
-196299
66263
-1277202
-5411765
-3952938
1259169
-406518
-101996
-1085381
2314501
5256251
1605643
1376345
3636264
1837367
-4152923
222985
-361656
-1413561
-3186399
170751
-515234
-571506
-5810861
-3107566
153381
123904
598013
631059
-3126412
-220195
-800142
327107
-1803299
-5363600
-178799
-23241
2390974
-2099377
-4167789
-3255771
-2191918
3466683
1620287
-5398524
408091
-942575
-115481
-3806715
-7557351
302763
4383103
-1187896
-2331131
-436676
937076
-4791381
1444585
-2394941
-3617662
-910699
-259264
-63131
3347105
-2901948
-97715
426279
-280358
1099472
1961782
-4565142
3262714
-3467219
-3858183
1248267
-4428597
-2641675
-325786
336792
1169534
-2814385
-2629354
-7079552
-2790921
-2870318
-3090879
-684974
-2768303
2277847
-4843164
2690976
-1859163
-3823584
132477
-2067078
255599
-468255
2007687
-2828966
512222
-1511662
-1417250
1265207
-4655405
-532960
-4295307
-275082
-2857596
-2797464
1257857
2306667
-5081520
-34991
-4565906
-2570314
-5620572
-573244
-4020249
-2287704
1425991
-517869
-2855203
-2388617
-2901053
618773
1616663
454315
-5728331
-1660687
4567929
403380
-3573701
-3545663
-2850129
-1559147
3174863
-7371058
-3162007
-1978577
424115
-2894283
871675
-37087
866364
-2402992
16863
-275964
-3331869
-2222617
-2140720
-2050252
-376331
-964249
-2833293
3311695
836905
278496
516444
-3988869
349310
1628714
-427504
527735
-2215072
-2814236
1368066
-4831261
-633582
-2620377
-6246076
1039054
1223393
-455806
-1390010
-4218602
-836308
-7440976
2154753
-942161
-4561461
2036107
-917881
-345803
1178486
1170330
-6028952
-2777798
-6689041
554769
-4390195
-397275
-925139
1015613
-1868701
1079473
-2338956
-1710181
-1261764
-4381900
-3801153
234919
-154345
-5354343
-764429
-3579731
729709
-521026
1208827
-4857498
-2396320
-2583422
-2899126
-212473
-4901933
-1420660
-5927370
-5864170
1848273
-3943425
-1858842
-3121244
-6508179
1086985
-96360
-2409995
69861
1818642
-4063560
1046069
-4151800
41269
-1653866
-427647
-2207057
-1085284
-5560603
-2384156
16520
-470007
-1950941
1726822
-3021298
-1651456
1688746
-1959324
-65234
-907682
362106
-3341291
394432
-5711487
-473579
-796159
-2343144
2558871
-79081
-1144863
-113284
-651319
1924766
-2698380
-262085
26888
-6338885
-1496127
-542862
-3434158
377197
-102864
123925
3728755
149721
-1523085
-2981641
-7365459
703877
2021374
1864449
-1425255
-33432
543240
-5863530
405396
-98544
-2074237
2231480
-1807119
351466
571113
1164978
813442
-3778728
-6960068
-279787
-2498031
-3020085
-4028826
1268823
-2257352
1512887
-2893452
-3081910
-1315237
-6862105
-1715458
-1192363
-105700
327348
2740284
-573345
-1311571
-1278590
-750982
-4955036
-790913
-2077363
-1718930
-7447602
708047
-2726227
1148757
1478179
-2217956
-3311268
-3510575
-2306094
110724
-2580941
-639130
-283538
-1596911
852379
-832754
1650164
-747071
-23073
253909
620177
-384683
1598916
-6143321
1333486
-671420
175163
-272482
-623628
-5768817
2561966
17676
1493384
1323556
137815
346160
1381135
-4833726
-2109386
1925687
1008644
-1328943
1516977
-2849435
2911879
-5192557
-5978608
-4587839
-4149958
-51933
684324
3495018
-1295195
-1660433
317600
-87492
-4722039
-1603979
-2072209
343761
-2033501
-6586010
2972030
1322391
130684
-4815739
-478357
-1559314
-6272463
-539702
1038139
-757622
-1922933
1262579
-10802
-1246770
-1098050
-3233417
-350472
-3206621
-203690
-667844
-511204
-110261
-5374607
1121565
-555660
-5631413
1723087
1876537
-1726619
142958
-1875248
1291944
280915
3203726
1761836
566749
1159028
4572508
-1150743
1198553
-868351
-4358420
2204749
-1858946
-1092361
966889
-4706057
-174468
1799221
-268847
1619804
-887200
-4266190
-749276
-2002983
-2773440
-390255
1866362
290720
-4143849
870251
-2716389
-3053441
-396822
2074116
-899274
-413527
-1077670
-6825928
489096
-1079551
-2142519
-375724
-2396296
-1772072
356955
-838924
-6044865
-1075843
-944484
1370871
1916500
-1698747
178760
-5405945
-431303
-3036023
-771031
-871095
-571866
-3923658
2595217
-3509823
-5759544
-4562956
-1907476
-361058
141522
1875679
-2880265
-5661478
-2409613
136253
-330000
-1143290
-5101459
-470891
3142979
-3385975
-3468837
-1672454
123002
166256
-548543
-757646
-2038824
-2246479
-1502473
-5012848
-1645943
-574556
-3148011
419856
3894322
-384804
-3201557
1005960
-6417058
-5192690
-629775
686053
-864697
-4467982
-3276577
-847269
-3294628
1966212
250368
333280
701043
-2171546
-3432124
-3154617
1165941
-4148512
456774
-3703976
-635048
-3795082
-549723
-210308
1585105
-687959
-601878
-4044606
1392316
-2752080
204105
1554948
-317760
-378994
1192013
793666
-1783322
-2768572
3190284
-3708163
-3218106
-942611
839470
722214
1821827
-1474204
2930497
-1406777
-4644200
-4783309
-104461
-7940367
4737139
-2235197
-267082
-3882656
-30282
592733
535391
55679
-2830667
-6441478
-3472092
486382
-340792
-3676368
-181842
-1609763
332673
-3935841
-2200633
-1496898
157998
-982622
368464
685791
818113
-2090080
-1508016
-3654513
22104
-2403780
712305
-2944456
-3412821
-2188727
-2890279
-1153734
1006855
-2483748
-5268464
1586925
102866
3107057
-2459215
454101
-3836163
-878570
-2640529
1674876
-954102
1123996
38936
-1386861
2188263
-2047679
-1267217
3708249
-2495289
-2460053
1524619
-1752582
-707930
-609716
1031430
-952588
-396748
-953381
-2402369
958637
-38050
-1433644
1615236
-3148351
-1737901
-579223
-4207498
-2207321
304257
-1163890
-3085805
-3941962
-653691
252090
389117
-4124847
200652
306651
-358194
-3553411
-500161
-564663
-659831
-2087074
-3432915
-890671
-2413359
2215570
-2650992
-961403
1005122
-3528720
-400572
978014
-146006
-96805
-3792219
-224491
-5562137
-281239
-2038480
-5695222
-2623914
105758
-8422015
287330
-3570713
77773
-1779553
-2516822
636449
-1874803
-236797
-122818
-287800
-5660328
-4331432
1098592
138934
-2815377
-874399
-1204198
1328962
-1136910
-484017
517624
551774
-3704906
-7611096
-2841665
722140
-8647114
1160808
-1580131
-2229865
-2207572
-239393
-3227562
-683353
165053
-1392456
1477524
-533755
-891662
-6772764
-780958
-4548743
-5465411
-1082933
404138
86281
-6071747
-2534886
-50376
1084035
1401999
1019233
3284056
257499
2476434
-1113637
-3108359
3262385
-1768023
-551169
-841150
-44517
-558806
2677999
3605170
-4405459
-193708
-3108284
-811657
337434
-240488
542854
-597470
-2409179
-7486840
45224
-3891731
2155393
-584726
140292
-767456
-1907762
288463
-2590333
1205016
-3740738
297953
1805757
473562
-381504
-5497614
295038
-4375541
-1222086
-32950
1919883
-2220074
128273
-4826547
-3415921
526145
-1212110
310928
-2427657
-6161845
983030
-4846730
-6511803
-7307664
-1396313
-1875222
-639730
-1074723
-1535833
965412
-3252273
-7035991
1763859
-5004287
366866
-843211
-7630132
-5522713
-1103874
-271577
452131
-2141937
-790410
-2361493
-2163781
-625677
-2890807
-6143115
-344194
-598121
1073294
-2100814
-120284
-3107733
-4270302
-253682
-4597855
-1013213
-4124250
-1441698
-2352373
-3607542
-207370
3858329
970942
-3199110
-694177
2326851
-1257109
-310624
-81029
-2229395
-4154403
-599490
-75622
-307202
678627
-2166452
-4178035
-1688718
-5249373
-313312
-307445
2275108
954798
-5083327
-1250189
-155064
-667
-1382762
-1041063
-2845823
-925729
-3977553
-224470
475898
-1485457
-4695215
-84878
-1246525
-3123661
-2659391
330602
-29489
-271561
-1774387
-3604727
-2989945
629462
-7888366
-1963212
-3595540
-201225
835070
-1460434
144985
-1784594
-511991
-555976
-3481798
708302
-359012
-4293449
571935
-1261930
-1923499
1541464
2736929
-3255114
547456
-1050557
474555
-4638088
-751220
-247054
133360
1256919
92394
-1435935
-3385162
-6850910
1321352
-574369
-5071370
-1443847
608375
-2947628
-6279729
178215
-2820613
-111600
-7902841
-240054
307424
1062718
2333091
-5653206
-2588122
-99528
-181399
-4999017
-1211127
-135716
-959543
-161477
-616802
-6604803
-828726
-2742586
-6220983
-4853093
1148140
-1648265
-7460013
-936500
-2015463
-8049676
-710969
-2458707
-871968
-1330092
1063808
553775
-713069
438993
-1322576
-421080
-7236282
1970808
-5990922
-4008565
1556228
-3448649
-4570011
2065559
-1551111
-386101
-548124
-464126
-2585963
520319
797396
488835
-24806
-464810
-1672950
174957
883847
-2652804
-3946392
-1836981
-648233
-3953238
-793740
1532148
1254990
-3617638
100949
1431554
140809
-8516227
-4003470
-2063566
-931966
-1934744
-3042330
1277160
3025774
168187
1741128
-1850273
-1809378
-1502652
198672
-6433483
-3454020
-649201
4051408
-3473745
3690586
-5381775
471560
-761597
1528265
-3720123
910398
-2743511
-1464577
-3561962
-2929903
890458
-753729
-982294
-2126476
-5654873
661337
-2279169
-3555362
836759
-957102
-1711844
-2664790
-4547398
-2835161
359542
-2966942
-502453
-2465202
1649200
-8014210
1868452
446462
306269
-5722597
-2134362
-1276241
344119
-760187
-1446145
-1309370
-194990
-7391187
-7725850
309201
1724000
-33301
-52151
569291
3562810
-530242
-4270705
-3196650
471301
-963180
1697754
-3563174
-1598727
-1133190
-897464
-1559817
-5190188
-1824815
-566675
-1732668
-2780081
-142754
-5115629
-3726084
-654450
-248457
-3545982
-5933237
-3738835
-3002039
-4924404
-2862255
1973799
-1982118
1965011
1713896
-12009
-1900216
948174
-1393637
14333
709691
-3186938
-6861191
2314490
-8585520
-1341911
-3556037
-8031125
-4669470
-870903
777755
-5382259
-1830432
422409
1294031
761467
-3578784
-3254950
-1529615
466768
1946236
-3539112
-6210906
-3417741
-3873481
-189106
-5232210
1877949
-22767
-29845
-2029117
2558180
-2497552
4075210
4571179
1123406
85623
-3077506
1368491
-2765762
38563
-371724
-2648525
2055515
901042
466869
-1538702
-3468347
-4539743
-7707194
-948006
-745195
-761649
-7884932
-1564007
-1136112
-2190555
-2547220
92412
-3691368
-722174
924410
1589883
-342805
2124450
2385112
-930403
-2864206
1907582
-1605064
-519260
1667441
-3980572
-5349511
945969
-2799037
-2838831
-2708999
833845
-1766339
-4011866
-1653570
-2540514
-1213320
1249518
-752298
-2690968
-4214393
1144465
-915579
-728977
-45800
-2518068
-2100748
-1163927
-3771057
-4899762
-3777194
-2018260
-609041
122720
-8075893
-103692
-476867
487494
2295605
2425934
842607
-2037286
-4194531
-4092549
792598
106780
-3800545
-34642
1168642
-720102
882676
181392
-2697131
-402188
-3290150
-4143178
-7427097
1161456
-7997966
326601
256831
-2791921
182812
-458222
-831363
249337
-682406
-772657
28472
-405294
440293
-3801802
759574
858968
-1395467
35492
2131201
4044650
-2057925
1820477
-1844799
-2047697
-1224964
-2477436
-175387
-3392295
505133
-811100
-144980
-3109507
454574
-5597755
-430492
-6746911
-1633815
-338948
1127987
-906133
-1250394
493462
-1448767
423452
253064
-4321033
1394927
-6313924
-137838
-1641174
2115139
-4101990
-4822420
-858669
-670961
-1484711
-245271
-2594374
-765032
1655647
2424807
1507146
-3032003
-997225
-2122770
-6661403
-590890
1147843
965520
-5747177
567694
-5522775
-4991742
-1208671
-2472144
-2316732
-3839858
957247
36643
-1077723
-1123197
-4844367
1324911
-1327810
-2426642
-1333863
-1270023
1175
-329446
2019506
-1527164
-111132
234840
-2713984
415706
1135998
-3204025
1201607
-1000579
-3588950
2388627
2184076
-2066062
-1048383
-4115344
335992
-92924
1759266
-3785726
-653208
-2218641
-4829586
1278573
-2727172
-3725715
-2454667
-3664110
-1121891
70981
671275
-789007
56225
-3913236
1019406
-3781504
-1997686
-4032578
36463
-992017
1996158
3661662
-3765287
-1291558
-420796
-1617399
392823
-2629018
655824
-727124
-1378925
1016628
-1247866
-1070876
-4376591
-2985836
-398256
1702144
4358900
615431
-4546633
-712504
-578649
-1312311
-7790367
1087385
2253351
-186875
-1699925
-1199065
-6450648
-894361
-3971159
1671449
246129
-110686
-598503
-3335057
-1067951
1605680
845772
-3516076
-3830791
-5818498
-452094
-15801
1065471
-1931985
461604
-3945734
-275498
-4069309
1890807
121146
-2116296
-2588075
-428723
653476
-1395266
1602250
-895476
-2829186
-310267
-2932094
-4226430
-90611
3373179
-4503234
-2768648
-1472375
-514562
-4549793
-5356527
-3407847
2544518
4169979
3449503
-170208
-1771058
1433446
-5457333
439092
-3177296
-1485789
-291043
-3074547
-2578214
2417140
-1068815
-1752660
-3839270
588508
-1895112
-2177987
-2709156
-1749771
1983550
-2260238
-1668381
-3000380
-1232161
139766
-3156774
-2243485
-1413571
529193
649400
-1549592
-2273594
-3353482
1240097
-2933515
3723218
-168274
-1063551
551616
1356137
-678398
-4487448
43323
-195755
-1158764
24633
-3049092
630514
-314110
-922918
1472402
-4623972
1053884
186958
-699304
1170497
-1613500
-446409
-118484
2205717
119469
1082342
-799710
-1369132
606389
84470
1496026
-1168031
22275
77765
634387
3710921
1085075
-1275705
1041877
2209238
274079
-2020280
-4191848
1978150
-1791081
-5488497
117849
259601
-4302449
-3037835
3710956
1956929
-3431694
992943
1020294
-294685
-3172330
-1892537
2466431
-4362747
-1558842
964672
-2121986
-4889828
-901094
-768786
-1008280
-5248835
-995143
-2141189
803740
-2403393
-44886
-5926385
-1294358
-253432
-3457141
666543
-3667432
-1806971
-496516
-6643137
-5801391
-2761213
-3888313
1242999
-936169
-545461
325719
2252302
364490
-999226
206179
-3624937
708788
-1016557
-2480648
-887552
-3962321
127426
1069070
-5494047
-167841
-3618194
319804
-106843
-3270564
95484
-4297606
1837587
2927785
-358457
-7415106
1167119
-5115550
-8876210
-4690767
-1158354
663670
-2760613
1943016
-6360685
-805690
-1055274
-7554631
-2401994
-1526042
-1895314
-767595
-46265
-37571
1199938
274805
-5346
-4160931
3151458
-3101653
-835247
1220483
-1888956
-25123
1228533
1117670
-1359908
659404
-2528932
-5938316
-1000179
-1095565
332446
-1588010
-2966317
-8893892
-2165782
1010317
2294516
-6599294
1216725
-5541694
-4007277
29046
-8283061
68429
2425312
-4506269
463463
85934
125571
-1214218
376390
-2690552
-1367049
-2577070
-1967662
783532
-132789
998935
-5431123
-2231419
682063
2582217
-2142098
-2389115
-3761966
1238767
184770
-6910254
-2519217
-1041495
-791135
-328417
-3241176
-4088007
-5469936
1056086
-1412603
-2701732
-1928524
-3286940
-814571
-4068861
1493837
-4264431
3986676
-1695341
-508054
1372679
-324559
268446
2329525
1056225
446338
-7501403
486321
-4204694
760334
-2623851
-2679917
77913
-5167156
-1104117
-6586213
-858947
2635374
-4641349
-3270032
-2528814
-3853924
329613
-2335141
-621660
989395
-63607
-1705593
-3326808
-5267796
-1093301
-6391807
538689
18646
-2133305
995613
-2789836
19208
-4021442
108709
-2928965
-4105161
-3996561
119871
-923132
2651670
-1908844
123739
617168
-712633
3202071
-4045940
-681573
-3628447
306940
-620669
427343
389766
-1115829
729488
794424
315604
-3269872
-1113063
544417
51026
-157725
-83799
-571135
1591853
1099229
-3660549
2678196
-4074899
167545
-5224174
1160133
-684215
462145
-661524
-7852097
3149197
-6734163
-1082987
-30606
-873400
-686195
-3313750
-703704
2229353
-845158
-4218343
903585
-4502501
-4716218
-4354193
-5192259
-6228028
-412355
-284631
-587860
-4796902
-4146354
-1348039
-89546
1153047
285135
-105039
-4733833
-992400
-1063049
-911244
-2340032
-625976
5825
-5281710
740011
-4006233
-1632115
-3534118
-4968017
-2662159
-164493
2040598
1429032
1181717
-3515891
1269397
-291334
850045
-847821
-1386315
-3009619
-5403003
1520698
452454
-3391297
-2390444
-3120563
1510207
735959
-489407
-2196007
-442920
-1282934
-1509130
3053514
-2231532
-2206229
2309339
845710
-1123156
1683428
-1167431
-2764393
-3182710
-2711847
-889898
-1469647
3659997
-2974848
-2283705
1757969
-6625164
-1433889
-473774
-291811
-1556490
-4543928
-63904
-4274542
1608121
3202364
-3486918
679859
-2483661
-3170191
-1032117
341420
3230197
-268113
-521528
-1346148
1204701
2576534
-3193606
-199155
-5211513
-667407
870979
1308710
-1696751
2391261
-2419677
-1513136
676440
-1495743
-3842017
-21776
503851
205518
486553
365633
-3174197
-2772035
-258335
-5875130
-1223503
-722643
959141
-2540420
-2551265
-3791746
-6306838
1407440
-952977
-8092197
-1518643
-1078218
-1965616
942034
-3389142
-1356811
-1763195
-1590428
3420818
-4088155
-3451280
-6818099
-369155
-3686835
-1036238
-3693155
-2745531
-3631874
-1997526
2227406
-1606467
3194034
1017847
-1128694
-6203557
-3046920
-2761785
-1432929
-157268
-528172
-2859792
-2352543
-4346130
277207
-7759611
-1754529
-1587886
-117682
169211
-1507867
656189
-3297957
-2204304
-1793358
285358
-830085
-4873296
-79281
-2724322
-5318517
-3335708
-158508
2732181
-2277737
918694
1809218
2326859
-110673
-180535
120569
-3924235
-212586
-2950504
-4866545
-3429571
-1651970
-1184623
1567255
-625960
-166497
201139
-3339932
107785
-3992748
-306357
628268
-7405798
-4381898
-599790
-2520751
-360852
-422333
-1364424
-1730385
-4650723
764022
790816
-4380625
-4845013
10629
-2203084
-5323659
451891
1120718
-2041722
1156766
-124874
-171951
-7040094
2978924
281455
-1719549
781897
-5922136
1468718
790087
-383297
-5570978
1104725
-2423706
-1624706
-3518721
-2490105
-2045050
-1176050
-4368896
-592889
-6895894
1770395
3360558
-1164644
-6316745
2844459
-469451
-3255409
-5668557
-4151720
-3038128
-884377
-8198154
-2005550
-999505
16525
3212375
-1613646
876928
-1645011
-1612391
-4817116
-3762710
232981
-915570
-1709820
947340
192884
-1257073
750090
-7393471
2690
761214
887817
-1499750
-727548
1382725
-2325265
-1066713
-2925565
431645
1688092
2464457
-1507327
-881016
-3976362
-160516
-2344019
-4615261
-672001
-502751
582230
717352
2271841
2074828
-3182184
36898
-1729731
-4176629
638473
-2004368
-1038272
-1202207
-2156928
-2940878
413407
2346280
-6336620
-3705461
155904
1016906
-5090744
294174
-832083
-3060625
-1717725
-601550
-2736126
-265377
2366594
1026737
4372901
-1161513
-1805501
-420299
-5643445
545201
-447186
302484
-497002
-388148
-2261995
-1955173
-201279
-2293022
-3396759
-1462682
1749512
-6295529
-7178239
1593423
2957294
2692364
1686913
2123600
-3710068
-5711834
-1786600
-7700051
-3033098
-922849
-964363
-1190088
2643012
-4217285
1327178
-2127860
-3802124
-7730818
-1699462
-1171619
-3417943
2259965
342935
-3300936
-852648
-1247310
-1041732
-2284861
-1279317
481672
-57670
-2273453
-1870567
-5118503
-2231938
-387610
865824
2701163
1775756
66105
-211171
2249921
-5453113
-1455009
3969646
548755
2597328
-496073
-4321653
-296555
726653
-3662449
1164994
13314
-3905878
2952709
-2450441
-836817
1173888
720948
-384898
-7342254
-361926
-3591423
-5625054
-5489350
-1017021
-373142
-5950850
-431325
-4405730
-511064
690669
-4717875
-4778286
920143
-1970754
-2135710
-604714
1639582
1400253
237622
-5330694
-3364498
2386084
-1976040
-3286411
-710896
1174150
-2910106
-1449815
-543281
-761292
613078
254365
-2258095
1010170
-800715
955807
-2986109
1628170
-870680
-1281198
1356948
-29478
-1702672
-5181981
561121
-2224039
-2231987
-1830703
1414115
-109882
-215710
-1315289
-4019083
1743349
-3926206
-3906444
-3303030
1207281
-758315
-5890906
-847748
992728
-3617112
-2180682
171195
659996
796506
600298
-2061852
-4374223
511729
879808
2682658
853506
-912524
-3700049
-2582391
-1098521
-1274876
-107790
-59754
-4747231
-3678650
-2451802
-961220
-906138
-583240
902921
-1992028
-3497336
-5678416
-2718289
-3089584
2276295
-4137601
-3442169
-395029
-7340232
586336
-2773791
-4499795
101460
-1917297
761687
-2505292
-2290346
763096
-3851178
-2003563
245061
157865
-3183104
-254006
-2469645
2493245
-756442
-1101268
-3981327
-4541
-2852606
-1194254
196430
210022
-40239
-4998807
-1425573
-2176946
540821
172676
887206
-4736373
-4012508
817436
-744538
-5182768
-2849530
-2505155
-461402
378107
210773
-4089000
-163480
170124
1896293
-3662693
-3080845
-3444966
-4360880
-3001887
-3821502
-3894024
-241014
-662592
-445099
-2930530
125791
106265
2226052
-130839
674304
611588
27897
-8812592
-3091429
-296382
-967818
-4141611
-3296590
1312569
246059
2122171
-853377
-751209
-3131553
160673
-1133312
252428
-446571
-5627657
6842
-624480
-6460793
181902
-2216227
956547
353100
-1991307
-1603266
2509062
953665
-1068873
-1579807
-3573065
205248
-824319
-4136751
-2196517
-1860917
-2299494
168831
-1270178
-3615643
-3290408
272552
-408920
-2677504
1770601
-3885763
914947
-1464426
-1091310
-1069516
-4085412
-2677003
-1352279
2810587
670014
1065677
-1756158
1091360
-785535
-4322034
480919
-1264628
-4108115
-842854
-4030887
-1229168
-3452607
-142574
-406232
-337821
-174432
799769
-5715622
-705360
-1337445
580407
2453212
231558
-3809941
-2563048
-2494478
617587
1692872
1017318
-3438533
590252
-2446770
-3552755
226350
-2832589
2157669
484933
407376
-5005765
-1764090
-275780
3050395
281813
-534949
-2347119
2919983
3844174
744460
-1092364
1576698
-5189916
-2358642
2382001
-568657
-1265624
-6202435
-3724646
398992
962868
3252251
1137337
-4287872
-1574071
689152
-4509565
-569213
-4250623
-2583402
-883115
-445556
-4473081
-372640
-179473
771975
-241120
-2393833
-3858930
-935178
402428
2283398
1413620
-8593661
-1158967
451040
-2267639
1370783
3528962
1430218
-1227687
-5395224
-523012
534059
-2493568
-1633587
3719681
161272
-5681319
2328871
-434170
-3519926
-1865710
-2950849
1918548
-4351545
1094631
-2415460
-823996
-3058302
-814610
-2492475
2538999
-4481462
-2089199
-3596167
-2486050
-3408575
2028078
-1177999
2264141
-53433
1384665
-641236
379088
-1599914
-2025702
133328
-2419893
-1112758
-979577
-77114
-2001323
3930889
-2257017
-4456514
1202781
-1784677
2310852
-1193473
-3504873
2782416
-4437195
-5086123
-453478
-5576175
-3905445
-3862925
2574559
-2427814
-1191896
-3054302
566422
3392888
-3927401
-3538488
-1500132
163337
-1912219
232397
-1835088
-3187797
-214928
294159
-3693597
619347
-2096861
-3355327
-1087923
347628
-3539118
-398004
-310283
-2454952
-3118535
2163498
-4114478
4747238
-3667236
-7219843
-1947523
-6723574
-1058639
1767842
3298534
-251128
-3347310
-1435019
-2228352
-1385954
1129784
-912943
-4077981
576045
-2648442
-2769695
-1214803
-1187095
-1326675
1313518
1516962
1979581
-5540536
-2126646
-708810
-2683769
-712829
-1162216
-3434522
107141
-6127269
1158664
392601
-616753
-6286915
-3696004
-4917157
-8040071
-5015356
-3157682
291219
959420
375844
-1302054
3242760
-1043455
-2193891
1972844
-2115835
-4640137
-1231145
1372604
-4479577
1884998
-1269661
845434
-1294545
3142408
-895797
-3920196
-585652
-4971906
516174
740377
-1335315
1110087
873416
293414
-6127710
-1036068
-1353552
-400053
-2632831
260349
-5090484
1001235
1926172
1702783
-2900187
751893
-2249748
-272711
-73833
-3627102
64200
3881043
-2234115
947956
-887184
2171501
-202241
-2942860
-3734582
-1032897
8650
-2734455
2482009
1609696
-5481832
-4581703
-2322331
263778
-2762555
2281615
-2596281
-1899427
600854
-166540
-1551024
-651840
-2866072
-264252
-455027
-640589
1629226
-722136
-175774
-471291
410324
-3666497
869562
-616537
-1184615
-1225572
2943701
1180388
-3073341
-674561
-2081048
-1160722
-495954
-1337242
-644720
-3895528
-432679
2270599
-344616
709785
-2978824
-4107930
1033652
-522536
-3555744
-619211
418086
58278
-1695802
-850652
-604656
523007
-460911
117131
3179142
-2120319
-94269
-7967832
-678955
-367351
-260075
827689
-3812499
-1906259
1887701
405505
-863514
2477751
-661789
2989167
1277157
-125619
-785722
-1243981
-472557
-1563129
448555
-3953545
-3254186
-2065266
1045359
-3882883
-2555041
-3150277
-2087730
4140370
2160036
-3556609
-6373367
-3749287
-2527182
-4062890
202827
30804
-512282
1139109
-705769
-3474175
-3078717
-1438739
-2179685
-6145888
-294451
299587
-40179
-29191
-1801094
808302
-729120
-2017332
-747523
-6633214
-322383
-6588904
-7448803
-3989757
893570
2078554
147180
177096
3247422
1676408
-3010644
-368859
2249082
-6448951
4199138
-2274222
-5157895
-182752
-523671
-819454
-4370684
-2691862
-2837936
-1114014
-3821420
-4442738
985355
-509709
2286821
-1117209
-2832294
2635290
-5046975
-2732501
-4463732
-1760491
-406657
-1156110
-1423023
-3456124
1831642
-3819685
-3603992
582779
-5528256
-2444961
623444
-139290
-422358
-8967651
-3199000
-1124184
-71430
-228053
2574239
-6382631
-1779697
-4614209
-43803
5094111
-957703
-5487315
-3291138
-5204740
53385
-1994290
-2029836
-1861213
-6672321
-6686756
-783781
4069992
-1890613
3238810
151656
1394466
-2718355
-3532644
910105
-1167813
256050
5031456
470174
-1603411
-1430890
-850099
-85705
-352679
376615
3291238
-6836843
-258805
-1968127
594167
1935930
-2224606
1459116
-434210
-2437991
-1024530
2673936
1943744
-5646069
-861411
-5690234
-41054
-2699757
-768992
-408112
-2763917
-517594
-3411648
-4548689
-2492887
-3456389
1274562
683606
1847062
-949156
-643095
-6533322
-3800134
-4644990
-2903062
4102765
-2893667
-608771
-519950
-915474
-500891
-972111
-2029260
-351953
-1145763
-3405594
81456
710833
536169
-789267
-2474403
383502
2316886
-1091014
-5092555
-435063
163347
-2069157
-85430
-1303610
2330774
-249415
-1222823
-134728
-4837789
784730
-707443
-709041
1832
-8131133
-4102225
-2093106
-1444914
-868095
-286503
-2885506
-2649477
-1658715
1261533
1726162
689288
-3467018
-5038575
-287178
36578
4236164
-591980
-3015647
-839421
1789521
-3194734
-247209
436959
937205
-232300
-4299927
-4699448
899978
-1823840
-5056189
2572963
-77663
574978
-6405541
1323859
1234347
-1721196
-1427827
986634
-2534956
-1896299
578914
-4511809
-2122326
-5065602
2425243
1467941
-1959338
-3911738
-420941
111651
398555
102292
-5168780
-3186237
-4063577
650009
-633329
-45334
1313775
442243
3330531
-614302
1313910
-3037968
-4168874
255860
2010145
-4032578
-1705573
-3386757
-3383515
-2775481
1440409
-1001613
689668
-4852133
2622306
-3647133
-1675110
-8162445
1720067
-4805365
-329664
-3921524
-1632004
474303
-752901
-2633030
-1528888
3295353
1843273
-7402203
2101224
-1148461
1334921
-239099
-4059589
-412219
-1142870
-3658929
-2256019
-6072431
2103287
-5107684
411766
-3749666
469260
-982308
-1001027
-5060332
741477
-2802106
-1308224
-1813918
1134479
-2852459
-517085
-4311492
-217733
-7057360
1569160
-377924
-2693174
626344
1741786
15072
1969638
-1304407
1026634
-571213
-1199757
1003906
135151
-95574
-231754
-2758170
-5602948
-3669605
-1492988
2541212
1070744
1781264
-5804863
-4585231
-5642324
-2173419
-446046
1374297
-3283787
-2978650
-2601325
-2379350
-653332
538633
-250520
504844
-3475797
2655780
-4377423
-2558656
-5035777
-3216581
3181794
-4449803
-573705
-1263770
-2977778
-2636537
630698
937634
647471
-914722
-5446249
-2059796
-1759309
1169493
778093
-2273529
-4157314
2273946
-3427964
-5377900
-616974
-713967
200088
-2937903
-3068811
-394206
-1227085
-1252685
-2962147
638262
-2103192
-3006238
-4480695
1006853
-515404
-5618107
2187417
-115431
-105699
-2828616
-2328206
1111741
-4363837
-1521142
-3337703
-1339873
-5405486
-54647
1247980
-2105782
-368961
-1902625
-3811725
-928435
898702
-1773976
-3343909
-630527
1332976
1232812
538548
-586854
-88754
180529
235370
-4727896
-2924408
-1595160
187974
-323726
-1981628
-7173749
-2376722
-3071198
-503495
-2205813
-4839567
182896
-727308
-1008197
-108780
-4023572
-3918805
-6975410
-3846323
-90461
-1312996
1039729
-612081
423143
-2971892
-4160685
584684
-2744308
295444
1272742
813735
-1442230
-2081076
667281
460312
-2644265
976139
1564755
-4537421
-1619158
435222
-7210304
-1288363
-3399501
-81753
-3336286
-331521
-1783726
1383661
-400181
-278049
1329037
-1943568
1571342
-7809038
-3232772
410056
-5726022
-1790322
515200
-1415759
787310
-128842
1305595
-1631583
579042
3666021
-1714333
-242722
-1643673
-7323989
-1773359
1723099
-795979
-182336
-4796455
-2282641
-3459395
-1774123
-4758306
-1338313
-3424686
-4426582
-1853793
-4116252
-3087731
-972630
188168
320464
437573
-357337
-3392086
-579615
-3067343
-664378
-1236919
-1103878
-5671394
320779
26039
-213744
-4075718
1923765
-1098529
-3144672
-856516
-674707
817666
3045466
-298974
-3189475
2217604
-4001669
-487407
-1002478
1732677
-3711151
-963761
-1528864
-1582121
-2381796
-2215852
-996751
492572
-4854621
-4067281
-4943393
1936829
1224677
-6964440
-369400
-1794838
2568693
-2318050
-681575
-4073252
-1060804
1323353
-4519133
-6089904
-2499050
-6161144
-468161
-3856759
-2725023
2608801
-1317347
-2597414
-5070129
-4433038
-3974684
1960139
-2765654
-704374
-2010526
88995
-1593251
-927855
3938597
2002055
-1332552
99693
-617181
-2626715
-1718409
-2443280
1670491
-4831189
-3394110
739574
-613286
1978066
887493
1083617
-5825501
-2327508
-21853
-3122940
1969142
681092
1047341
796157
-160171
3728903
-79321
1642421
109731
2381984
-926412
618122
-2716360
1498468
87028
-3768088
-503582
-1402046
-565631
-2041645
-152156
632936
782726
-900358
-6685852
-3969918
319658
-364726
-2157167
1059438
-2745037
-3934552
-2800221
872697
277936
1301822
757540
-1978291
-3270300
4361012
-3976868
-3129006
-3145763
1730667
867
641161
-1455564
634802
-1184559
-749840
-2005971
284037
1477531
-6542600
1632239
-419308
-3264826
-4144213
-3997151
-781940
-180044
-279978
-1661415
-1107391
-1303750
-1678232
255029
-1753551
750648
668116
-612296
-3205535
-4511044
-4206979
-137312
-7307467
-4231848
-5124650
-2975435
355035
-1319476
568490
-706811
158278
-4834374
-4590443
-8296993
-1195147
-3877314
-2495758
-595152
-2615827
-2018967
-2657810
32310
-3687359
-984737
825811
-7870637
-1493073
1714459
-4136539
-2919250
-1878062
817665
-503961
-1056042
-6224766
-4215840
-4372331
-2343932
-1086906
3121127
-3118349
-4142910
-1501883
-411834
1483432
-212141
-5407081
2604246
960672
292486
1749033
-3197919
-3682818
-707447
664069
30953
-3980612
-2410832
4042450
760501
-3226430
2757964
-1722520
-674151
-423736
2347480
-2643011
-281244
-470827
2645228
894397
-1563693
-819298
-1604151
-1359694
-7577
-137450
1240358
-4061776
-3559459
87860
-2456786
982628
-3424590
1141602
2611304
-1604634
-2605710
-411876
-4137461
-2017690
-86031
-1693187
-3155405
2406354
1264713
-1601141
437133
-3526599
-3430771
-5887651
38933
-1969735
-2079456
1184209
811659
-2729000
-6198224
-1748813
-6808076
-3360521
-927636
-907191
1968070
2409111
2375806
-1406075
2288512
777192
-5652804
2267772
-3096618
143915
2644233
-4957593
-142422
-1534319
-2128210
-928988
-561784
-1353759
-28871
1408944
617740
-189865
1679208
-598901
189748
-2866233
-4206979
140922
-3303813
606883
-4317468
-967033
204310
-3029928
274501
-1358344
-2430561
-18648
-1674217
-9089304
-239517
2985511
61955
-426496
-3074805
1192462
-1984914
-4111440
-1330401
232754
-1917518
43643
-5237318
-1253377
-3773676
-1966828
242315
-7943400
-4478340
-1481035
587859
-1227039
3490786
-1813745
-996904
39779
-854566
-1159248
-4994153
1490451
-227767
-3640572
-1724066
144952
229650
-129549
-3682732
-232000
-1739803
-334533
-3407271
229039
-4750637
-879642
-1115281
-858643
-190151
-2010775
-287393
-1105232
1193907
-373179
-1246650
-1774611
-3879764
102801
214633
-223759
-787694
227040
-4819485
-1336821
-4045764
-1098971
-1966658
-4689678
-5075193
-690097
-118976
-1344943
4095569
-2342107
3266235
-1650819
-23680
-2053023
-450157
252419
434038
2296788
-4846001
-3473216
591198
-3199698
2372865
-4262025
2293118
-1974112
1264616
-2325718
-1399063
-618386
-669582
-2550772
-2117791
-587122
-3196580
1080681
-3453191
1336196
-2585630
1383437
1570813
-4423782
1739085
-1065642
-371023
1318206
-369136
-256926
-1525331
2639033
4519677
-1705348
-1229489
-813595
-3425670
-1649188
-276255
-8406213
1906965
161577
-2483111
700276
-1814500
-5154732
3963214
-957886
-994836
-267353
-3641446
-1022857
-1907162
-6440848
-1497170
-90798
277184
-1113893
-3385950
-3394509
-915933
-3997212
-2025371
-6337009
-2841393
-194691
-2130951
-1740403
-1711140
-595457
-65441
-561600
-3064522
-2572644
512918
-1411517
86196
-712509
1519838
-4656297
-2741587
-2653328
-3514261
-37882
-1679660
-4492639
-3867799
-80664
-5321387
-3252941
-415666
-1299843
39968
2661995
1072354
361925
-3025624
-1605679
-2692012
1499963
-447869
2651210
-4442785
-4547301
-1134083
-39677
349912
123019
-6946888
-3327983
-2477478
-223990
-1465010
337673
-799580
887456
3061281
-3197649
-1290185
-2479152
-2176952
-2629259
2742629
773444
2416354
2725585
-972023
-3298787
-3690616
-3155312
-5159681
-1198572
-2985893
-1048064
-3069385
-1959354
-1097884
-409615
-716169
-3306234
3096561
-2818444
-4663216
-2022708
-3446583
-6412834
1143334
1247184
-341928
-1624779
-5237208
-4410618
-1614006
-1019129
943178
225030
-1891634
-3506596
1193044
-47815
-2626869
-4032185
-3535118
-1537260
94565
1662748
2168979
-3023112
-2789037
-5273750
-1708077
-2081590
-3225634
-4564231
-8252952
914964
-2279883
-2822908
-102902
314393
1833227
-2007062
-2869793
-3170868
1775164
-13673
382448
-3492936
-2170151
-2189908
-4290302
-917585
-476531
171304
-2832424
558383
217752
-1922013
671163
-3770171
-2534333
750638
1769986
200257
-6584950
706787
-6526036
-1372369
-1253939
262244
-3727801
-7858995
3565437
-52667
382049
-14739
-5810098
-2738729
-7777959
1098318
-275184
1869752
226696
-5055471
-4383786
-3098979
-47676
130285
-2543106
-6178418
-5636343
-880818
-2302896
-1731831
2236914
-591250
913401
-801866
-1179958
-5064693
-2384989
-16957
-2057493
2464693
-1753861
2127438
-1184381
-3225735
-3317727
-1388017
-3884793
-5051814
-827425
-1600715
-39667
612683
-4448052
-827481
187116
-2160642
-1556111
-1946909
601492
2658666
141685
-925406
-6033343
-3911740
-2590448
707080
93797
-2992614
-1030085
-3333184
-534190
-983275
-1284477
-4457951
-864198
-723854
-662078
1039308
-1278986
1029561
-1316580
-1901033
-3439028
-5741354
-149763
-2389232
-756580
581028
2682569
-6343205
-217705
-8338448
-657291
13753
-850719
2633811
-4042980
2772764
-3323858
2656831
1014287
-820544
-2792160
277780
1223502
-883084
-2610741
-445789
-1405396
958719
-3927734
-5057776
-2863216
-330754
-3170366
-1469278
-1126934
29210
652354
1112453
-1639917
-5549617
-4762733
-560776
1096727
-2751399
-7597663
-4609535
3939443
243177
-4722535
-1788966
-810459
-2791184
-1215623
2912654
-1694062
-1653550
-1298819
-4010083
3448655
-554087
-617629
-2015880
-4452358
2189037
-2727721
-783165
-18356
-558502
-4276684
-2525280
-701405
93145
219890
-2609403
-4208407
-1268216
74240
-694053
-2090373
-1780247
-3609549
67334
-371341
-727958
-1084822
-29716
-850307
-6235669
2803536
-926931
-5274060
-2108811
-1201819
-2167133
1793582
-954058
-5946461
-1169775
-740153
2729642
-2753135
-2151309
-1177002
1291677
431989
-1249124
-1278224
1602583
1096857
531285
-3694523
1226866
-6423324
-4141600
-2138829
-7369162
4332646
-340010
-472677
-893118
2222969
-348469
-301286
-3251249
-5092480
-632960
-2793725
124019
-1277732
-1979906
-734765
-2834995
-625689
-818127
-70853
-2436521
-3348575
-385031
-2848320
-5952892
1772336
-5439109
-3638693
-1496363
-7927432
-459565
5139077
-1224147
-2237383
-2764859
-19302
95956
3157916
1237306
-578461
1545256
-2815030
-1221116
-1986439
-1202732
-2356147
-4519391
-5436351
-3685668
-327260
1218303
-1534236
-2836388
1792858
-1306789
-3273205
2929506
-4608842
-1309662
633215
-3730362
-3738329
-3301338
686447
-3535172
-1746989
-888913
-2369938
-3816985
2626003
3966181
1256211
-192165
125233
-114226
-737853
-2259696
-96507
-1647396
-2658341
757018
-114189
1545710
632766
4929
-417802
-1303636
701622
1465428
1581213
-3711925
-193350
-1267518
-1223184
-6743315
-2533940
2388590
-396096
-3481610
170849
1020692
166758
-1209087
-506448
3082547
304928
433885
-2445610
-3440737
-6014768
-1902947
-2925969
-231452
-2784598
-3280928
558049
4559760
716338
-6529528
-1565844
811906
1871387
-1983520
-3267430
-1611063
949887
-2202221
4223526
-1888412
-2682472
-2432003
-1991368
1129592
-275557
-145111
-180125
-2299784
-4476344
-100182
-1405105
-1092553
-324822
-4740022
2912104
-1665925
-4430004
-776301
-2266020
-687667
2589734
-3229933
-5080736
-943548
-1146287
-1777217
-3173941
-939110
-1127759
-1291759
-2787123
47410
-213695
-2351786
-5960695
-1561664
-27557
1135897
-5678329
823437
-146429
-8594482
-3224803
-5438250
-3041440
-3868299
1857310
639279
-1460901
-3873288
-2548700
-1752686
-2866163
-1258029
1436723
4792727
-3724511
-3010391
-356484
2702814
-1913216
-6174383
-673116
-2148651
-2591581
2730270
278576
1984
-3188309
312671
5102612
-317472
1014632
-3929386
-715917
-621396
-4833863
-1828228
940158
-3818553
-1497572
-5559978
3883522
-8153905
-5323964
874450
-4575324
-1298958
481465
-164079
-1981127
-7667396
-1300073
32433
-2197800
-4722904
-2966789
-2348040
-148549
1283872
-425133
-2433059
-6306942
511171
-48952
-1479342
-2560570
475798
-3000102
-8443922
-4646490
2106723
-355764
-2127867
-3591644
-3451769
-2113351
1614837
-2360457
2384243
-2370959
-4583528
-5176491
-5914615
-2788443
-1126487
-4526555
-3849205
-860697
466031
-984783
282015
-448600
-336813
1475545
897361
-2508514
-4447157
-4085542
-534929
-1443474
2880793
2874837
-4755787
-4677617
-3561155
-4326988
-1943725
17184
634894
-6689846
-1458561
238405
1776091
949980
-3755180
2439853
-215807
3563522
415791
-501368
-1236799
-1916721
-5837956
-1372381
-1455563
382167
-5394121
2786055
1856452
-4331817
-687268
-1247155
-4287906
-1540395
-2750365
-3586419
-3868030
-801976
-5432564
-2156352
-1868560
-993368
-2235035
1176138
-695679
-2828005
-2441500
367767
-174780
251473
-69892
-4929269
-854711
1917282
-316188
-3816787
-1119024
1772146
997237
-2787394
1028838
-2225316
-938515
649050
2008294
-919965
-627820
399325
892999
-2479728
-174797
-4867258
-2892652
-3041411
-4411003
1319033
3135957
607544
-2541101
2483482
-2593632
3709578
2006199
-7599201
-5379306
4043244
883351
-683181
-3179983
-2627070
-8373785
-4329396
471740
-3610270
2854140
-2798543
-578550
-2603382
-1635405
3608531
-2833420
1012885
-1376281
-1932963
-152900
378651
-3398020
-4524403
-652000
101202
1523117
29680
-2289046
-5219530
-62618
-789642
-6333673
-4208385
-276338
-5286488
571889
3189085
-6127868
-4604130
2484247
1489021
-1277225
467674
844145
-700544
-5512844
-4176451
-256742
-259797
-269904
-829873
1025831
3123877
-322575
-5794716
-394938
60661
-846110
-1016723
-3115840
-4129171
713720
-710236
-398756
-1018244
-1848845
-2315444
-1619577
-974869
-2609744
-591785
-955384
-554625
857550
-2582736
1011784
-425174
-2106948
-5392284
-2689804
-2159582
-3443279
-5569453
-2743506
-3415484
-5423772
-7385377
810998
631367
-1708870
-1600782
-2226428
-3102281
13900
2039788
-2617714
-2762594
-4495376
-4574477
899610
2048616
699839
359055
-2839871
-1353647
-6665089
2284224
-2425977
-2116548
295114
-2139676
-8904104
1304412
267273
-6056238
-2859346
-499569
987667
-4419219
-5591680
-4266648
476731
-646185
-272818
-4467984
-5165982
-297617
-3024651
-463436
-5953950
1002652
-266945
-1629909
-798369
-2358145
-1664861
-5104945
766640
2472266
231541
-4387486
2025749
-367168
-3616203
-944966
-848684
1344205
559609
-4584567
-6432621
1411001
459922
-1886362
2546870
-6867418
-3445038
842857
-1564563
-5963061
2800223
-1864224
-1541193
1744738
-580371
-1605103
-3716218
-1831982
-1140207
1627029
-421773
-4344517
675643
-2373094
-3814922
-251802
-4826594
2592858
271033
-1766639
-990937
-2757793
-736240
-7784461
-5139044
-4799795
-6204041
-2923183
-206198
-5003314
-1614431
-1886664
-2126580
2887799
-7228388
-1398145
-691576
-174630
-526216
129882
-5459921
2376824
-859647
803534
1722621
-2684853
-1160449
336825
1967534
1840200
1543796
-5294010
-3442560
-2100281
-832889
-5363894
390546
-1912726
1842773
285793
-3648377
-3635667
-2410169
586417
-2432226
-5099287
-580216
-5183264
-3243202
-130088
-727392
489612
624732
-5145215
-4813792
28374
-804124
-5938191
-953997
548035
-1156187
-355626
463972
1677767
-1277139
-6413281
-1482923
666980
44736
-1494920
-3459699
-785413
-15536
-1013323
-172682
-3302639
-18223
-132049
-5652804
-1353464
-677380
820305
-29128
-1443403
-886265
-1428619
568784
-1455506
-3778258
-5839965
-3052334
-4474975
-745996
-866429
-259473
1379739
322440
-1326603
-2894118
-6137404
-473705
1580625
1134631
-2940116
305470
-1283125
4505858
-4634781
-2130450
-3974571
-6209224
-8362574
-2838348
-4031437
-3024435
-5280443
697093
506312
-3864391
-2686489
-5753699
490411
-4579269
2315697
-968018
608305
-4467416
846972
3529425
-4466478
-539976
-1089219
-4057656
-431200
1225507
-3056717
1074851
1445033
1001906
-6783559
-3595272
1537584
-6165463
5181056
-2371468
-138860
-6685724
489995
-1307573
112369
-3727163
-3824378
2775749
2129053
-2721939
-195077
-1783440
-3639292
407007
-2044905
-3137563
1544929
361344
-2830783
1076317
-2512839
-4565470
465924
2897440
-854919
-3334294
-6818366
-6705935
-1982725
1727520
2478024
430674
-1736232
609136
-3528230
79732
2691740
479057
-526766
-3554708
-2997271
-3016232
-4558545
-4839543
-941615
-240394
-895193
-1728770
-54180
2200917
-5358544
-402464
-65320
-4108584
-717082
2146970
-1125947
-1412510
-3770372
1290318
-1630819
-2538261
-5660092
-455454
567793
-598097
1121233
-4101362
-1457492
2186535
-2875602
-996022
-3756604
-174217
-3699133
-928374
-1251811
2668434
-4183106
-2224079
-2405634
846221
858479
794449
1308878
7566
-2154722
-3278104
1578927
-1642561
1042320
1937702
3159050
-2434456
-798445
1759137
2657044
-3152876
-2406071
506002
846474
-193612
-78280
520402
483811
-1620800
1784046
-5534263
-4808472
-3927399
-954293
1298882
-1299853
-189679
498416
-654251
157839
1450021
1148477
935796
-1515941
-3577060
964215
-4146504
-3656262
-1828301
1007563
1164648
4947680
-470152
-4384227
-2263586
-1366709
-1473535
-1890793
-693077
-8725769
-4666600
-261904
-4954397
-4407888
-361685
1170131
-868623
-2109586
-951401
310768
-1938424
2970663
-4236027
-2825489
-543629
-51
-3641198
-1859851
-680495
-4391763
-3004689
-124525
-1188146
-1786416
-2729735
892092
2408115
909227
-5076312
249928
-3997192
-2716633
2055836
-3953065
-45509
644589
-1854525
-3273715
-2145525
-5419073
-1606891
-717288
3873042
-348272
1131643
227239
3760110
-2264499
-947024
-4343973
-3037996
-4937274
956242
-1783162
-1606408
-889459
585013
-4431557
1405547
-452528
-1792334
-3602556
-883705
207725
-1212280
-412436
585926
195939
-754529
-758087
-2095261
-3198645
-143291
-3191550
-238145
415454
-2573595
-4098965
-2915192
710448
133267
-140546
2516064
-1855470
-3976561
-2187165
-506470
-3667721
1524756
-8937138
1230764
-1425028
-1532522
-3049425
716103
2536555
-251232
-1110509
-643369
125973
880111
-5807051
-1669156
-1648378
1231532
-1002179
-3970104
-4368688
-3974156
823113
-142855
-4649554
-617139
-2054495
-4815042
-3837885
-5486382
-2166893
953888
-343884
-2275736
-677795
-1909232
192923
831320
-3924583
-5653152
-3885874
-938533
-98473
2417984
-3953190
-2500986
-3137700
-3537111
-997018
-204598
-1104440
4950
3808241
-293399
-5373211
-1819218
799698
-2660489
-2179528
1046622
-3159094
402554
-703736
-2373735
-6448304
-3057746
-8259235
1997649
-4260942
-1339751
-1997714
-932553
-2233139
-9648
-3036838
-499791
-4043690
1992147
-1081177
82908
-422502
-6465736
-2925440
706210
-1327684
1151216
-3180517
-3691451
-1844400
-771091
1101466
-2111818
-164648
-68141
1326069
-4032333
-5321479
-3248139
1905026
-504864
-6003926
-1193224
797825
2857616
-6802205
-788993
-1600374
-48454
-5443516
3595220
-837044
946290
-1104402
-1216278
4819892
1108544
-2540580
-3062442
-4751130
-1290418
-1275444
1416726
-4660948
4504728
-4108983
2699511
-1121995
-2465406
-8877205
-2931313
213445
981383
-6453432
-3353065
-1588152
-1747564
-1979810
-1471496
-5708952
-2077126
-5262772
304521
2688952
868342
-618874
-448814
-133726
-6328825
1428278
-3708872
-3415971
-2731655
-2157213
-251214
-110143
-1685119
1603660
2038415
-1172848
-2474908
-1982849
-2534035
-168885
-3364906
-1264250
-2923744
-3449779
381682
-4029054
-3632768
1060155
128070
3427553
880349
-2001477
-103740
-1652967
-5578722
-3702326
-2066585
1034318
-2830196
-624628
-448313
-4223204
-1157298
-944085
323011
2810989
-1929228
1839122
1113729
1607252
-99744
-3820673
-1358733
111618
-1571708
4072702
624372
952869
612598
-2967048
-789900
-6068146
-936503
415741
-5865746
-69157
-770958
-2803144
-3653616
-91692
-851657
-1363115
-630926
-3458504
-2168923
-4056680
-1076967
-1837726
-517861
-1513132
-1081478
-1316735
1009313
-4694507
285765
-3217168
321229
3007014
-3884851
-932315
-2019695
1016186
-5646566
-2787618
-6545664
-3295424
1647696
-4661856
-2361398
598599
-1640655
-1870811
-270351
-5330387
423481
-5611221
-2374613
1269753
-3637583
163565
2029716
-1353819
-6255625
-4530623
-2302479
-4102928
518168
-3816873
-3161470
-6784057
-3454074
-3512325
-3347439
-3564079
-3950993
1788263
-459533
509748
435136
-144341
-4961327
-276465
-4848153
-1412674
-2687782
-6752541
1162161
1526342
-294443
-3894259
-6908472
-4377699
-6079236
-1651794
-4447595
-494594
1649691
-1397945
45786
-927992
473594
-5206649
-37339
-3165118
-1026266
893276
2838672
1336366
-760930
-1116338
-5386021
-55377
-767629
879251
-5129352
3132392
617507
4231958
344840
22102
-468453
-2915232
-8542094
-1866339
511135
2399312
-1159912
-2142860
-161932
-531222
-3426261
-2003015
-4379740
-571274
-2947207
-2597011
-3534341
-1707467
-3371055
-4191334
1325025
-3785699
-5742080
3036329
-3552749
-190019
1391291
-3885205
-2595565
-2090790
1935326
-4626122
-1120434
-5432395
-1483055
-2244814
-92681
-3424477
-303905
1116453
234147
-1503383
-1433322
2439248
301750
-3259786
-4625443
-3384295
-7357802
647846
2305610
303511
-3005856
-2177897
-3775462
-1974450
-141310
-817761
501313
-2407129
1642976
1718417
446260
3668512
-4265443
-4920797
-1091991
-1047693
-774858
-4191253
-2384458
-3045245
-5451407
-3872421
-597100
998230
-2486213
-2187590
1643951
788318
1475764
-185032
188290
-638451
-3717718
-80103
1996071
84271
-4863374
91330
-662809
-5150831
171632
-862221
2546659
-3751700
245351
-771768
-853993
-1761143
450332
-3525795
-2097200
-1172746
44494
-2258755
322825
-4767834
144906
-4514269
-1784747
-2984711
-750268
-1345528
342088
-6706802
-567318
-108281
112578
1701240
-5097621
6670
29114
-325866
-3323104
1152067
955699
671228
-5212288
51124
734426
-3849098
765990
-18480
-4800963
44565
-1576291
26234
367649
-5213630
-2937394
-1119007
-690534
-1583029
-4110925
-111238
697526
369113
-202229
-499059
2658218
400382
2256416
-8530103
-3197715
213174
-693625
-2467968
-3346323
1816949
-4634714
1042017
-1873116
-1266336
-3797412
3418845
-2872127
-1476983
2129280
-3709919
-764140
-1456934
-5721796
-5196487
100499
-2857112
195503
-4835877
-7785484
-869820
-4963186
855054
-3330509
-4606504
-849012
-7037340
-448828
240116
619272
-5564135
-4767965
-1190840
-325095
-3657118
-1024800
892662
-4994773
-184254
-3909533
-2836276
1063912
1993492
635037
1431249
-819526
-4179175
-1683928
-4550751
-3062264
1268340
-337851
-1892402
2325080
1103046
215776
-2333604
53609
881928
-8164418
2449238
-7658510
-907902
-7042541
-176247
-576197
-3478667
-3478802
-3746176
1076768
2376385
-5681285
-6128394
1787643
1822460
2456080
-73808
-5866169
-2069231
-5751720
-6720247
-2369256
70508
-3961895
-3437828
676381
-1299640
3553568
1022767
-2153869
-5324092
337422
2456092
-6166
-3313907
1693254
2002409
-4225829
-6078717
-2571816
-4410598
397490
3764278
-1239
488030
249991
-1547304
479672
-7870901
-8592284
-623383
-1383723
-3370821
-3582349
-948326
-1960264
141654
-1167296
113050
-6006564
243860
-704250
-1913895
-4541365
-1838176
-3720745
1456069
-4031803
-687386
-563875
-3242944
-47071
-1991421
-6496976
1362262
-1750670
-870397
-1073240
-1914568
65590
408898
-1427984
-256122
-1010990
-994973
2634912
-4534192
-672963
1817576
634978
-1353701
-1971712
1178399
-381953
-1605455
791768
-3854621
350213
361820
-3585254
2163751
-5106208
510873
-2980423
-904654
-3989055
-5448070
272602
-8490862
864425
-192585
-3552378
1298970
1841291
-2889689
745333
-3553147
784611
2122426
910379
66484
-1741
1271802
-1039885
-1876240
-4485467
-5518754
-1226368
25789
-652607
-2210969
-3900079
-2494074
-2267959
-1712832
241972
-2165218
-7010858
-5869640
371914
-2956297
-4231388
-1135099
-21771
-2241617
-1825935
-1201453
-2147664
-7263678
-4539873
-4514351
-447423
2015810
809493
-1797582
944466
-1037786
-5296989
-4380153
-532036
-1502982
-4545655
-3829796
-1197237
-1362114
-549813
2884394
-1790065
-1236044
-4222537
-4285925
-540245
1624769
-3614139
2109262
250586
262727
-4441015
781048
464256
1574982
279915
92252
-5843561
2011222
560635
-1139922
-4275528
-3270339
-4010433
125931
240834
974901
1620040
1270276
2745511
-710818
-4662618
3058805
-5829188
-1262707
-599226
145888
-716679
808654
-2700190
-3506857
-950318
262580
-5213742
-2428362
-4985279
608465
-737555
2704622
-2075969
-3144029
-4607145
-1643165
-3537090
-626435
745016
2383657
1423148
779217
2765404
1203327
-4303363
26635
-2109519
-4593493
-3358994
-2926514
-726886
2088647
-4035683
473686
-1787858
-967805
-1200018
-513481
344010
-4903594
417893
2246771
1816892
-1759663
-436873
-925847
-5063366
-750885
147833
1925147
-1630539
-1644030
122690
-3710982
13438
-732081
1671933
6554
-2598681
-1309754
421734
2315785
-1359450
222661
-2183835
1213859
639899
5713
2918233
126865
2846441
-1614374
-3205070
-666574
-259522
-1717366
-5437100
117460
1906638
801413
427530
-995177
-2866153
-4664314
4229233
-1048679
1929648
-5163525
-301799
2219337
-1947236
221289
-1287595
448609
-2651558
-4930513
608463
-528741
-782891
-122707
-5035516
543214
-1301283
-3888080
-3477888
2219353
-2416930
-4345508
-3243713
-465907
-3203691
-207088
-1747293
510732
-5711735
-1889661
-1386640
-3479977
-4922021
122087
-4105908
800748
-4956234
-499746
4526596
-3871043
-590109
1492732
-1955781
-3161847
-242063
528859
-633758
508384
-1409009
-460242
2637654
-3086320
-1533282
-4717264
-4726295
-2573281
164276
-3639343
-2373856
653658
-959689
-6686826
-4806647
-5029771
266219
-3928312
-7342316
-3704981
-3789963
-768806
622720
468557
-3680225
797487
4241875
-703839
101688
-2504884
-4078918
-64992
-4193489
-326293
-956906
2033469
1540496
1217036
115544
-3759008
1520691
-865676
3177018
-1299176
-7218885
-5073010
1846159
-2565836
-1275689
-1011042
-2282168
-2436514
-63960
967496
-5024235
-5147932
428853
-4920971
-3270690
-38137
-3654903
-3543272
-2740410
-5491647
3128623
2724207
700422
-4733019
3093345
-3306894
1873719
1394291
-2363992
-2206375
-4963581
-1669243
-1625049
528891
-1351272
-1160324
-2296603
-2121005
4490740
-1049668
579973
946878
-77651
-852976
1316282
476609
-8161597
-867298
-4860006
-2402396
-7276153
-7861290
227190
-1929275
-268569
-988874
-3641695
-2251586
-3312534
-524195
-2321173
524660
1601662
-4813807
-2571255
-5574920
2312253
-2386862
124564
-507925
2616506
1325578
-4672066
333181
686234
-4436362
1172631
2645601
-1928884
169699
-4757181
-214568
-1052038
-353795
1242635
-4154181
-4441422
-4585283
-3476035
-4430437
-6643106
218558
-1725075
-8789371
2218883
-423378
2677104
-7387146
291942
-4825877
-1162450
1807560
-1321841
-1963717
964939
530615
4278203
-4215283
794218
-1189504
840812
-434246
1553245
-4190214
-2633620
-7131043
-1349309
-1971134
660176
-4238603
154838
-2474653
-994422
-4418032
1446837
-1667347
-1806682
-4813904
-4927911
-2117783
635051
299533
-1758377
1530357
-898325
1934844
-725703
-401245
-429567
-4431792
-1981567
-1129401
-535683
-2564145
259504
-233054
-985225
-5683944
-1866744
-3526168
-4025864
-684013
-1158947
-2318304
-6584470
2896852
-1594331
-6659622
-2963263
2165005
2051706
-2857687
-2115248
-2506959
-3748103
-1424060
1194779
-4961201
-3427574
79721
732584
-3229903
-844678
684778
-3575760
-2103245
777298
-6058755
396592
-4242378
-3548047
-109351
-7187912
3062146
-4371692
-5355351
-2673635
2911196
1346464
-1543726
1472113
-3860340
-3440518
-2624020
46361
-4038440
-4720160
-6008974
-5742936
-4299256
-1919382
-770201
-607921
-2793772
-2914049
231055
-531304
-462393
-5769337
1628936
-2437948
-633545
-2986151
-794062
-5289563
-1952960
243109
1067026
-247980
1885548
-3580105
-1053259
-5831701
-5212130
-1048021
1314049
322798
-62055
-845952
-4663062
-3087241
-2220396
-700594
-3112484
-1740758
-4442654
-2406787
886432
-2085022
-240822
3993
-4237149
-126734
-1144155
892939
-125946
28843
-4156177
1962966
-5379688
1523577
372385
-1440481
678897
2257411
183907
488322
2694143
1339387
3160852
-2288177
-388813
3679856
-7064796
709547
-1275138
-2774535
-4699554
-1973
-2062656
-997142
825466
-1314302
-581259
-4064884
-1571095
-4626302
-856182
798297
695458
-1255587
-2610079
1020827
-2274089
-1220248
-1694348
277326
-1344295
70025
68973
-917135
-2121956
-748336
-6965269
-4927930
-2512491
1199912
-2550379
-4575472
-3598567
-3547961
-1917544
-1469641
-242283
-103388
557958
-4557406
464695
2403386
-713281
2360239
-1716724
1233686
-381646
-2019444
-2463678
987401
261461
-981379
-4765741
2650406
-1488364
-2852262
-1016921
-1863634
-241456
388626
-1526197
-5247030
-1556939
-497850
1562313
-4047452
127190
-1186178
-1190561
-512725
552599
323401
-4133698
-1602345
-4444838
-275909
944810
997015
-2971858
134821
-4211600
-4561785
-2388932
-432066
2509940
-1120504
-1181286
-6738020
208469
-149116
2062015
-5502768
822761
-1198599
503487
-6912484
-6843186
-1384533
-3403445
-2887278
-1643307
82396
-5983397
-2499908
-5718998
-254975
1845889
872044
-4676836
-118357
-5011946
-372906
-4235069
862260
-265338
-1651013
4172640
-3113426
2079704
-602673
3459527
-558537
-1724975
-1530636
-5591421
282949
-3891582
-456105
-7560832
3387164
-4103265
-1251349
-1693051
-5699992
420589
465360
1047256
-952119
-338050
-641974
-2024468
63449
-3573456
-1555196
707533
-3040193
-2659598
-2090790
-4247144
-320513
1082429
-183909
-123398
-3033176
2145544
429562
2205055
1607864
-3917585
-3530849
-447085
-5663196
-150434
1594862
-643939
1969029
-1522718
-838372
-5473418
-3072420
-4942527
925574
-3771205
-190431
-2703273
-1432135
-5926417
1145592
937447
-2712276
-2366798
1051303
-1430577
-386827
-3066374
143799
-3370334
-596706
-2406713
-3670280
-1344127
41236
-1541729
3262795
-1665859
-739658
-776184
-616793
-1495593
-674182
-1070221
-400740
485850
-4504986
2201726
-426143
1956314
-3426369
376657
-2360989
-3502408
4097473
-4783958
-5255405
-2426327
-1105626
-3402157
-2147722
-89381
-1304616
-2238465
-7834158
-3274580
-4504003
84711
-7063871
-3874674
-5940458
-2484976
-1975498
-2138458
-658382
-3326999
-2549920
-4718822
50315
194874
-2427678
3823785
507522
-238878
1335220
3848548
1386980
-1435693
-6753064
-1450205
2051569
-1978259
-2742898
-79916
1255519
-2112044
-3027931
829643
573116
366713
-1539789
-741534
-5374270
99829
-2879423
-258960
-1290279
-1649019
-5072726
-1960650
-6199073
694495
-2013813
151845
-1306222
-2859951
-8612782
-3294735
-1494339
-3630907
-612011
2064273
-319354
-3570261
-7173783
-2358207
740760
-1529347
-930552
835980
48603
-298868
-495680
-805984
901241
-2905094
-3558171
154263
-3742256
-436550
207796
-866451
-4013936
-3320846
-2697127
-632957
1559920
-497095
-157358
771717
-2652170
1068961
-2337981
-4803236
-1482105
-2097270
-1643073
-569413
-777241
-3789691
-121049
-3978111
-3722792
538136
-6231714
-3272081
-775428
-1425553
-8600843
-357549
-71091
-2128925
-292224
1979805
580529
248291
115783
-2421505
-3244391
-1826059
-2335728
-7338589
-3236597
2155806
-406062
-1227347
-1480560
-5202948
-2126953
656057
-7630180
-5224981
3155021
-5077046
-3437169
-7668816
1217569
-95588
-315879
887199
-651654
-2419464
-1147679
-1989269
-657702
-3564736
1286549
467293
-294293
1016532
1420019
2015995
-5097117
-5313867
-1048676
-3737480
-1144854
65489
-5056362
-1697917
-3442028
-2093931
711213
-850704
1292326
-5606135
-1751894
1415065
-3241163
-3065086
-3035953
-3843071
213474
-1199858
1140001
584323
-3194365
2554776
30889
2205656
-2613898
1063922
-6317434
-2035642
-327533
1491293
-937753
2277638
156687
-299991
-1515327
-4771134
-205902
1918371
-6062914
-1416016
-1607022
1789672
364234
1089025
-962400
-8694932
-4047094
-621597
-269397
-3351242
-5749815
341797
-6792874
-5390404
-3461331
432354
-2203102
1070817
-3720095
-1177955
-1711518
-1331879
-292069
-2577696
-1731900
-1123688
-4010368
-296474
-1839675
-1012116
-4024755
-601281
-60392
-4454360
-3124463
-1561151
-1240986
-817971
-370991
2084469
3233119
-2625043
-1412318
-2808390
-2834638
-1144148
-1808718
-6980318
-3497218
-4285761
-4723838
-2795879
-1529605
935710
-4019976
-1887373
1333748
2283761
-4897397
-4434314
-2120142
-220231
-2292781
-429335
-137824
-3573295
167629
-3536807
313318
-2641540
-811259
130373
-392519
1485455
1681357
-6242504
490163
-2517348
-1105193
3645749
-4764784
2605676
-3166953
63736
897269
-3148602
-383282
-1572465
-296811
-1547570
-1727296
-4747753
-4465515
-392288
-4873621
-5803331
-687192
-3109343
-261766
-3906940
-976948
-2580097
-3693564
-742674
-1612109
-8115103
-1580565
-5785893
-689218
1378354
-1578026
1789426
1406599
-3061710
-710967
299587
162379
-2575968
1301581
-1505439
-355664
-5364423
-1696057
-2471265
-1955246
-7096525
-4678623
-4132859
-2151166
927440
-5023346
-1598217
959265
1779812
2467758
-6883623
-513204
-2921644
-4274982
750354
2278544
-1130071
303666
1322690
1612844
-503740
-3479908
-861639
75465
-183413
3023425
2324341
718312
593029
-1203608
-3795554
2018471
-4058058
2164636
-1515226
1944736
-684942
-5312675
1499947
-1653628
-1517239
513117
790130
476511
-110418
579989
204692
904752
-2444281
-432592
-1756025
-1033868
3962429
-439789
-855014
-831561
-1146264
-200811
-3346582
-3018952
106882
-332146
2036443
-2781525
417213
-1530000
-1430909
-1198758
1677442
-1977573
12827
461342
-115373
3200466
-2067796
1896979
2278804
-8549217
447606
-1703334
-3918757
1285673
-7032330
-5928593
1492449
-2549375
-3671095
2170540
-607217
-6111797
-6387964
618234
974367
1998104
-507149
-4806039
-156540
-1586909
-1094036
293920
-1326208
-2819842
-2435357
-3495342
1290885
-2048651
-3574351
-782061
-542716
-1352626
-528617
1351518
-3984263
-278061
1884743
864394
-6512711
-5034809
-905668
761709
1067213
-4461465
-1502114
-1273556
1513215
-3274979
-5355269
-7430476
-1925603
-1370168
-1365055
1628806
-1475514
-2465848
-4701463
3443098
-3137941
-5105621
1059373
-1537967
-4560460
-787974
-1276637
-1201370
-3256139
1263314
380532
-4135977
-900385
-199152
-5283994
-1217687
-4953816
-3333836
-414921
-2839584
-1000793
2669571
-235942
-2681561
-2195187
-8140398
-1152489
-3231566
997402
-1098926
-767279
-4985382
-601517
-2658850
863959
73220
-381660
-4967263
-709119
147408
34182
-4510745
-277867
-1315148
-4370211
1568277
1903443
-968253
42418
-669688
-3088241
-2890658
882285
5120807
-3464377
-4352731
-1656564
-58571
1414589
-664915
-1840645
-1952019
1820128
-1023548
1202397
1620425
282837
89868
-1950113
-2039419
-1693011
1121927
-5808833
-3072123
-4214834
-741166
436468
-3535978
1484353
-1036042
-2499440
1908653
-1303593
-1956845
-2448249
-1095214
-1301263
-499035
505253
-1316162
3243005
-4194614
-2988924
700705
-2852154
-1189835
-3891113
406377
-2182593
-2079081
-4406420
-2693188
279370
-902475
1220387
-1238756
-2460975
-2713272
-477405
-2197612
-1318253
1728805
-1338622
-4456747
999619
-387263
-203262
-4274015
-2612825
-2483342
-4103084
3777804
1939182
-278985
-3635717
292402
976367
1842494
-580116
380973
-1576964
-1266733
1461068
-2321214
1405160
298862
-210896
1232382
1945170
3369392
-6762743
-4812852
-6168539
2051209
-2887206
-661479
1600909
-2763114
-8196723
-4158441
-3396200
-3934232
-3372374
-757437
-998192
-1741130
-1080977
642407
-1152344
-4647280
-2976272
1008674
-2719908
-5571462
-4495215
-3035859
-799343
-1871376
-506295
-1426844
-2220294
1489226
485069
1116967
-6818136
1688565
-785224
-25139
-5005008
-52297
-3842095
-4953938
-2320437
1432228
4166418
-1404090
-1318742
-3079407
-4852388
-552683
-683397
2492209
-514612
-1536957
-1937714
2173157
-2354647
-7255
-1100377
-3006525
453983
948711
-1954843
631586
537692
1413364
-660754
580259
-6359198
590788
-1576451
-2059962
-4836682
-7610888
-3894577
-5656442
243987
4770350
-117445
-5824149
-1869370
436120
-4701796
-8034168
-510886
-1848457
-1372076
-1372535
-2615163
-5384127
-710913
1828256
-1536788
-3515781
-1192764
-1094361
583863
-4184642
-586454
-1326121
-1882596
-4066757
-104731
-7420981
-3984250
-3106632
-4699456
-4969795
-2016565
-5526383
-1457770
-6026566
-6149864
-178999
-4267934
-5948840
-659327
-3447111
336363
-198295
600522
-851867
88402
-3660817
2316367
304939
44090
2815127
-1140593
-4331544
114141
-7351499
-1905983
-4473844
-5279743
-2058923
745056
-1444740
-3131714
3455327
1273800
-1140329
-1572347
-3673174
-2969712
-5394656
-2451916
-568244
-4006075
-323299
2119338
-736236
-326944
1198386
-2282110
116301
224839
129134
1492659
3491250
1003991
285274
-349927
465660
-354103
-2348900
-2513713
-282759
-508601
-5535364
-5502479
-1850853
-4458223
-6369345
-129643
-2434467
3273745
2601310
-610027
-2873558
-2957834
304432
112178
-1682751
-2805779
-6839133
-1605738
81281
-1612329
-1675413
-750617
-2378493
248375
-527186
2429162
-1048092
2948530
-448926
-4012163
-5380560
-5657995
1747691
159910
-4511836
391308
-245113
-3867501
2669483
-4061779
1834735
-199084
-7463079
-3473011
-3973469
-98273
1566420
-6509741
153820
-2039895
2039127
-4911149
-6504857
-671706
-233014
-391506
-4139198
-2167304
-1251148
1184965
2095404
-1171558
-353574
-702423
-333446
-3480011
-4045531
2946522
-1844858
-275701
-7112579
-2906810
-180539
-1514641
-3708576
-5795758
-2300723
-421122
-1875847
2874502
-1085541
1899796
-122031
-460074
274382
1101803
125302
1442599
-2085896
-571088
234493
-783170
-1520469
-7101017
1838890
-3527549
-7626175
-2697764
-4033608
-3918832
95061
-894930
-530763
-4721748
-666211
-151047
-3782022
-3448086
-6144436
-587054
2355243
421851
-890279
-559281
-777334
-4576117
-222861
-1829479
-3915869
-6332239
-1898248
3204422
331710
-314358
-4338920
-515698
483813
-6475299
-5273554
-6314011
-6490420
-4795853
3238684
-109474
439818
2606170
2037
1926837
-321699
-968505
-1259037
1076050
-3218431
1314487
-4502783
-1266046
2765859
235682
656648
-2472934
-1762150
-1100199
-4108033
-2441800
-4467879
-4967664
-5389349
1671249
2563988
-1430636
-3555403
-1261709
-7125005
-5571744
-2329879
-334879
-3387904
-3195049
2626834
-34013
-1162507
-1488494
1825560
-1596147
-4597728
-2105574
2500527
-1523667
316992
-1096961
-2462429
630032
-5667393
-2488321
-2341093
850547
-4489816
-2350091
-894418
-2324293
2997274
84140
-6287544
1530592
-2223811
-2326758
915631
1315401
-4551299
-3187166
-4940359
4376012
-1808197
-4110118
-456456
-88749
-1559070
264860
485951
-121035
3661602
-452087
-2386310
-975153
715050
-940381
181694
-695155
-2148822
-6402257
61839
-1896964
1266748
-2368699
-373659
863070
992505
-1708448
-1085348
-2157180
-3798136
1117940
-6807939
1227372
-5918283
443939
197104
-4011028
-2031260
-1488270
3871673
-2969227
-475484
-3535659
-1593399
-6194209
-366307
-5854524
-1839231
-761053
-2945184
-1467178
-296660
2076910
-7518776
-5368127
-287286
2595940
3764991
-2375581
-2391751
231225
-763736
-1402640
-3326019
505807
-3722130
-1656056
-100922
-348294
1560226
-2327888
-30368
892114
-1793499
-3974521
-5873477
-3416781
-1238393
-3962576
2041366
-3500500
-1944774
-349448
-3111278
-118801
-5656244
-5573649
-2582525
-2897677
1143552
-746452
-2020072
32918
-6721796
-3808808
1592102
-1218129
498079
-730170
-1103154
1660699
-120388
-2252972
485044
2225349
-5415404
-325600
1030484
-3266787
-431648
-290605
-2249979
-1767977
-2096827
-376393
-351688
763302
-3023166
-5063123
-7759183
-1812468
1611189
-3254568
1613374
-3854135
3180534
-5176645
1805944
-28513
-279436
-325742
418268
-2149633
93804
-1973214
-3021513
-2472071
-1596411
1008379
1031660
-2264048
-1233897
-472571
-3773618
-2828231
-3852590
-282875
-7743848
-439436
660617
1425637
-6566936
-4704198
-1761071
-513577
-134635
-545178
-1553946
2513504
3547936
484213
-5487758
1872182
791648
-4668903
-2322892
-684500
-341194
-3896727
-1368121
3218192
-2317363
289261
-260164
-896434
-4475929
-824346
-440915
-6610739
-4258469
-182391
746094
-590114
1744760
-1722073
-310478
-286795
-5544032
3024678
-588055
-3307681
-812550
-1695548
3796044
2470710
-5403517
-446950
-1331405
166996
1183431
4475402
-1145756
-968907
-4239707
-539779
-698985
-4896819
-803846
-1365461
-3838972
850301
-3319274
-1488826
-876580
-131312
-1294947
-495254
356846
1525925
421290
-1730408
-728758
-6703997
-6902752
-554867
-4303624
2688773
3096697
-1163815
-2301503
-8845522
-104262
2409462
-4167771
-431504
-477157
-984562
-3777372
-1150798
2489749
473664
-658047
-1423020
1611676
-2260878
-2591219
77229
-969868
366210
-4118669
-1262846
-1000478
-2951736
-2421686
-1069868
-1191869
-2949366
718177
-205859
-543709
2576976
1443750
-510211
-5080200
-979780
-1983505
-588657
1213113
-6822293
-1789661
-2399442
-3169852
818309
-279058
-2538662
-781584
-115052
-782140
-4513045
-306160
474190
-372307
-682529
-2092688
-1499432
3292254
-996063
-1996207
-995951
-3165621
1816254
-1288788
-394102
133914
-4340650
3109361
-3506718
910240
-27764
1483083
-909241
-4842490
1069874
-2857779
-1573264
-3518112
-3435593
-232624
514523
-1168573
-1234406
-2736439
-1843884
-3294976
779505
-7985342
-3039497
-2467925
-1132875
27289
-2672523
-8101506
699591
1898105
-925991
2432288
4057939
227766
-3329716
-2033031
1099855
-2420377
-1067337
1689084
-931339
-1594480
-4284956
-78969
-1824290
-8129472
-1264032
1929732
-4428349
-8110436
-2828768
-923284
-5725008
-3955804
-193282
-993621
-7307519
1676925
-582308
-1668450
-4674466
-898254
-1587854
2439837
-1039710
2611205
547118
655823
-175736
-360017
-1352383
-3864143
426941
-47225
-6036007
-2710209
438049
-1312162
470000
2659588
2406246
-305022
-824679
-1974620
-3387924
-1071998
192371
-2396239
-1708685
-7843175
162312
340468
-6432625
-921376
-3505237
-750502
-50461
-1076991
-1177644
-4285215
1057226
-572584
4581187
881887
-3254820
-1496500
3391752
-914531
357655
26651
1010551
-2153268
-6049216
-5729768
-796442
-2332047
-649350
-3165213
-728768
-1909370
-3850917
-90935
-4802833
-6073314
3614073
3789637
-3977237
2012810
-713497
1418431
791805
-542321
-3678455
-1311563
-732920
974637
-5318384
2627007
-1936082
384687
-1103609
-3130534
-5427622
567600
211642
243944
-574840
278555
2595946
-2163349
-1569659
-8088878
-2720409
229351
-4910645
-3301291
-1807997
-3509297
-3835130
-2045964
121870
-5856569
-846546
423724
-1791295
-3722013
3427526
-4818513
-831034
-1530086
-2385209
-516835
-205214
-18587
-330963
3970094
-3304442
1100351
552576
934694
-6545092
-1882440
203942
-2744334
1571268
-463139
-1214492
1378858
-1008554
1586853
-2729586
-5373714
127027
1197681
-2344329
315529
-1641574
-5480351
2047884
943107
-1179070
-2869924
-3422988
-932723
-239489
-2584239
-1762399
-1802952
-4232452
-78056
128458
-3484556
-1027490
582526
690499
25745
-1005421
316360
-2316190
-3993318
-1889106
-1128961
-768161
1268296
-209051
-1565066
-681924
-1320864
447312
-1018824
-3231927
1187024
-2587769
-1003907
-1219785
-1333529
417037
-2410360
121886
-198756
-875558
-5760068
793878
-7497145
-3383545
-1323321
-578346
-3126182
-2768554
857967
-3972682
134849
553794
-3743070
-3348566
-405722
-2458161
-3286140
-1712522
-2145490
-290016
1033019
1809368
1205241
-2458150
-2126317
-630354
721130
-4325649
1853789
-2505128
-7683183
-1802625
-34595
792377
-1251965
-3422326
-1245223
687649
-773150
-3464488
-326750
-144741
-4513529
-444677
1531832
954215
-4889935
-5576228
-1005095
-2499046
-685538
2411563
-8226317
-3988916
-6304833
-530770
-1762238
1878423
-4900057
-1003657
3039891
-3443819
-3817426
-3631800
-300091
1515437
1024483
-149086
-1443853
1904174
-885296
-2733450
2100789
-1860224
-3957281
2022702
-1467634
-3511225
-3105153
894685
-3478684
1534261
-1303696
-1251950
-2545780
-4737779
129249
1454856
-4703332
862017
-874614
-1435225
-1221330
-307490
633048
-1879695
-4064701
57665
-175310
-4053986
-3027805
-3380585
-477424
1879138
-316141
946150
388167
-6851210
1562493
-2552933
-1253658
840088
546721
-3816845
194551
-5547792
476533
-3572817
-2896906
1369100
-193499
-1735444
-5175156
1201263
1108001
-1646558
59786
4617077
-1417754
-5509212
2777647
-348227
3268228
-110061
-2095137
-2074101
-6979027
1158700
-2564162
1757114
-203523
-3654013
221513
3925716
-74270
-1700312
723834
-1240271
3015729
-2530537
-1005745
82642
-823198
-4817503
-4003311
-768386
-1970813
-1725291
684461
-2819695
5861408
-1671517
-275548
904575
4066
-4455031
4359557
-15820
-2091258
3002615
-361174
-661882
-3981010
472997
-4445642
-904537
-1204776
730048
145252
-2070974
852643
-234359
179861
2192157
-3094780
-379768
2362476
1837431
639724
615140
-2835176
50161
-406203
-3012048
-849785
-5458914
-711911
-1881094
-1115170
-5072137
51515
-3684108
-2643240
94872
-613560
-123788
178661
-6218349
-1752284
-4700849
204573
-5654006
-380139
-1765006
-2904360
-1898201
-1126085
-3525058
-2938876
1121468
-838494
262916
-1462780
-2185850
2958551
-2265150
-1632032
-250774
2650290
-5365182
-3871828
-561839
-6947842
2347714
-4786238
-181632
-4793780
324228
-1188728
1797997
530005
-5358787
-257797
-6914508
1153908
-947085
-4867146
292065
-4093317
-6058002
-558999
-1035488
-4557577
-875288
-3358170
4121915
347744
-1060961
-1823559
3161434
-521386
-4480331
-5407507
5098818
-1004791
-2121848
-861690
-545961
-3639746
-2361224
-213083
-648613
-5461131
-1781499
-1210363
-4577928
-604526
-2639009
510700
-7377072
1072841
-624671
512803
-722974
257175
-1712862
-1112661
1663394
-1658415
-2685077
-7551606
2002900
-1345041
1530288
598422
-4781354
-653048
-3019662
1401843
-1999879
2381877
556931
-51579
-1675536
-2562774
-2718102
-3672036
-1016164
924066
1528642
-3758923
-9027020
-1275983
-2752885
-2557404
1404837
-3755764
-4071249
-856150
-1447979
-5232343
-3785971
-1194236
-1313522
3824954
-375456
3353616
355602
-4422243
-33863
-231851
-1232324
-1296352
525408
-149931
-2501570
-815252
192800
-3339294
-190379
1505899
-581783
-849937
453277
-3524112
-6598096
1299920
1688658
-3033232
-261133
-1931980
-2805838
-5706717
2780588
-2571735
-656389
1381048
-614120
1836210
-1259038
18084
-3780781
-2262420
1940705
550262
-2375815
-105475
-3841005
-400950
136124
22458
680616
-7759594
-2467831
-241360
-5668142
-2600544
2951553
-1292804
-352632
-4403092
-2506
-2581028
-1175625
-6079810
-4407875
469936
2596109
-7129555
-4475034
-1506306
1079815
1252088
-3938287
-129892
-8881774
2490120
-693555
-1251783
217755
-1992124
-4155928
-7166204
-384698
-4718338
-1291276
-764161
-5421956
1331364
450332
-2708514
-1004384
1949393
-2783544
-1585922
-3416249
-928332
-3388303
-4721190
2093818
2547757
1408082
3103310
1023632
-283035
-3386700
-2838135
-864628
-6583821
2240374
-635133
-6185834
735294
542044
-2677368
-3555764
-2447322
-2242005
-1098005
-5659
783193
1218833
-5614738
925549
-5626623
1321187
1687220
-1990086
-3695816
-2221727
-1323664
-3384601
762509
-595947
-297766
-1996627
-1867520
89111
2667284
-4166179
-921766
3755787
517890
-552561
1500761
2021568
1091856
-792382
-4166859
-910969
-3031564
137707
285903
-3752377
-1034038
-2437742
-4724862
-813454
-3251722
-3649939
-3684005
402188
-1338212
-1776527
-5936861
-6263427
-1108681
832361
-2531341
-3836316
-2478383
-3374399
-4035424
-1070751
368433
-450695
-335522
-7405118
-414577
-2439676
-660403
2707307
786868
-2311840
-1301310
-583837
-4601986
277216
-4667924
-1606497
-2748915
-4803760
-2701004
1043261
688957
-6786072
3262814
-877860
9591
-159348
-3317242
763830
-5035648
-2072011
-4235622
1423518
-1958832
-1038965
1356312
-2336892
-4764378
-5009631
-3948441
-423260
1600926
-1065412
-927261
-4453942
818505
-5469324
275089
-870533
-156369
1636461
-425856
-77827
845170
-1493221
420217
-1679224
-870730
-165180
-3080426
-3604615
-1525035
376656
-1466374
986504
148156
-593271
-125803
-3692025
-3153312
-3095454
-1270685
-7682965
-6984743
-600265
-1133916
-1866823
-3625170
-3864108
-2428666
699260
-466425
-4193583
-2009260
1243973
-4345051
-1474990
-613957
-5534826
2136668
-2931866
-4771008
-1798987
-3781558
2064953
-447331
-2359330
-942870
-166620
-408676
201587
312632
-873122
1576984
4198173
1114537
-266090
3879054
-1614934
2991525
3293604
-871626
743813
-2604750
683291
94633
-5329079
-751963
-786225
-911124
-454884
-6204656
958312
-1804899
2074568
-502592
961726
-2547293
-5309896
-4120373
-5433335
403252
150511
841806
35535
386259
-4894579
-2132711
-1328482
-3675780
-3472308
-1351050
-409923
1296465
-159167
-5116816
-5103759
655649
-1781662
-891508
635734
1466803
-4094947
-1398020
-16416
-43431
-4735877
-865085
1034895
-1197567
-964649
-1806077
-632234
184516
-3396217
-4934944
-5479625
276663
-1400498
-4141101
-1038102
-3799666
2092507
-4176364
75461
84467
-2453623
-3470538
-5671644
339684
-8342723
-2717980
2616350
-3491768
-7599051
-2716937
-550256
-3359407
52732
-3316454
1620377
-267244
-2205566
-723375
1133539
1447711
-1808665
-42213
1243591
-3262061
-5807051
-3572009
1051567
1756599
-4160521
-1350977
-838697
897085
1371827
809571
-4728605
1117976
-3011139
-2015129
875917
-1182602
-787844
240095
-2169781
-2614710
-5029601
-2995359
-1779408
-2634882
1668375
-2218167
-2371142
2679145
-3016284
-873807
-213592
-2452766
-789983
-4924839
-3012570
-767742
-1281140
-2203637
-1329547
2856280
3058634
585063
1702127
-2770638
-2183526
214766
189047
-3714552
573302
-531677
-514523
-3490658
1513709
535579
-2754971
382648
224381
-4280502
863616
-5447786
-930857
-3076395
-1867
-777691
1460149
-175349
341751
-255494
-3462082
1213092
-1811277
-338490
1436399
-1485426
-4823904
-2240184
-5098833
1128083
-4457302
-102511
-593311
-803799
-328053
-4371277
-749763
1348933
-2337521
-1848662
-1781432
-2917880
-7503545
289088
-4652614
-449919
-2001580
-588487
-6791902
-1973349
-7679989
1076766
-1098834
371092
-1296534
118231
-688371
-712505
-1531102
-98130
-1446130
471908
-1743895
1814817
-2574681
-6210481
-3007400
-7900013
1082609
3242949
-3961657
1861473
2098827
-3087481
-979230
752904
-5031360
-7731879
-1480741
-244435
-443263
456248
1971260
-1616317
-273797
1993693
-562101
-2384591
1585754
4489132
-4703542
-3892597
-1424332
-5309336
335423
-6390772
-60704
2275619
-379835
-1212254
-411993
1010740
1129296
648383
-1942402
-1698089
-4006986
-19767
-1061923
-887844
2262713
1244844
-412434
-4393945
-1533310
2266715
-384629
-4382420
-378274
-1151315
-806658
-661873
751597
-2898199
447851
-3520028
390067
3228467
-4684937
861605
-537618
-1671672
-1239460
-2836167
-291652
-7320424
2573791
-3291459
1025712
-796941
-1091946
-2401802
-2964381
-3594184
-358864
-5047326
-301121
863592
-962037
1213388
-7457807
-803959
-2851977
-1081192
973982
-724349
886068
-2847961
2688313
-1762405
-1535200
1256229
-3405480
-2471927
1480224
1641811
-3729026
-682417
-2013233
-2352474
-2333114
-1017447
545500
503489
-583361
-509813
1756521
4659068
1209352
-1678002
-1523288
-2713192
-2808489
179004
967031
-4298445
-252432
-1389929
2690406
541162
-736498
-2553261
1719041
-3818426
2903479
-1665388
1748184
917783
-585452
3336564
3697008
-5958472
-668371
-1219547
1063885
2695878
2245540
-7776554
-1218526
-1833235
-626283
-3231927
-2800005
-529701
2545759
-2837265
656587
-2648441
201191
-3104920
-4783362
-835834
-5464583
-1543123
-1315600
2262813
264290
1121226
-7156836
-220477
-2262457
-1439457
898609
2361539
2449559
-3457315
-4111263
972229
-2395400
-401132
-4032071
188519
-977987
-246404
-1156263
-1041724
1454075
-3340600
188105
-3070992
-5023785
-4288423
436539
286835
642660
-3962499
-3224462
872192
1393356
-569222
1245644
-6162357
-2730118
2706540
-6029773
-1039806
815499
457526
-301962
416117
-3464704
-309136
-781336
731560
-146897
-3594672
-4061824
-2803929
-877587
-3212216
-2394749
15285
547561
-756363
-417382
-1153504
1520827
-2260215
-2208042
189273
-657052
-3367015
-2051946
314339
-1994506
2304660
-7046143
-2254419
-130197
963614
-67979
554376
283734
-1507928
-5233890
-728842
-2459777
-821634
-1110457
-3024665
735717
-3593845
-5410688
-3932412
-554634
1750126
-987359
670941
-700735
-2044003
630692
-149163
-2263483
-2033458
-1388340
-4332479
-711412
-2266087
1243698
263035
-4963264
-716442
-1159633
1621216
-5047398
-6020645
-3547803
-845714
-3081795
-1568802
-1058103
-841779
1123006
829237
551748
-2948405
-58891
-729580
-3887603
-2043166
-1782373
216069
-2452982
1851250
-2480741
906309
-2557777
-4032860
-3434930
573449
132268
141032
437729
-314961
397356
-1575546
1180819
1689232
-663022
-1734453
-2962859
-508307
345334
-2336944
-436580
-3645611
312834
-6479437
-3300239
-7822710
-727730
-179476
1441849
478483
-3001480
1530562
-6813748
-4878034
-1590088
-4042180
1762636
350614
2601647
-2021861
-523205
-2626629
-4133974
-4103444
-3916255
1122565
1340686
1098749
-1547903
96490
-8726847
1975709
-2432901
1367839
-1624957
-1321
1866338
-191660
-2516069
928475
-1055587
381025
-2667502
71240
-2150143
-480452
-6596484
-2438249
-4692
1158539
-4916943
292395
-435183
404082
-1697749
-3383352
-2131450
-3672750
1888314
1762456
-702622
28688
-2191567
-4087386
77517
-950070
1805446
1317775
1906936
1466240
-6167438
-2944405
-3173278
-5877413
939467
-11216
614836
587716
144214
-452101
-1095412
-2261302
-398739
-1502004
-628668
-1884504
-3623665
-802014
-211411
-3466141
-961940
-1719043
-6155087
-587519
162300
246819
-1858349
2854108
352700
3590299
-1934838
-3352637
-323294
-2267050
-4963492
-627594
-3754731
-3178416
-1363750
-7695391
-3243218
1077178
-1426275
-1248559
-61685
-746479
148923
-298529
-5402529
-687757
-203574
-2976087
-6021001
1193105
1519418
8312
491477
-721953
166189
-2401947
-5335348
-1273540
-5729056
797221
-5855329
1199382
1747881
323309
-1025054
1176718
-251087
-574501
-5840803
-3871171
1102494
-3915732
-1954228
1551691
666157
-563543
1106257
-1344482
3955242
-322947
698075
2146419
-3166637
-1304083
-3723772
2062322
1477040
-3302534
2708647
-2208965
1677683
-726170
-3381634
811078
-4094708
-3527730
343089
1441104
-680570
536504
-3088835
999423
-5188851
-6796652
1775319
1382301
-4281090
-695294
898161
-2860972
-496865
-2921724
355009
-715304
-2760835
-339310
-3909654
-1805318
-103231
1192246
-464417
-510291
2211364
-1258403
-2248370
-3314212
782852
2847829
-2586952
-1118401
-4792801
-714885
-1630001
-939257
-2718540
-837179
-333309
-1917358
-3088235
-1949666
-5847394
-886182
-4931455
-198830
-7026217
-277574
-401114
-1941426
-2962894
-1595655
-1441444
-793229
-2985666
561759
-2990812
593335
3897420
1032462
-1546863
-1287871
661409
3763558
-576621
-699027
2591493
-5532306
-1613549
-5202099
1576544
-2050701
-536889
2781905
-3372055
-771080
-6064029
-1831707
3321798
-1773257
-1082585
-2045443
-1057754
2274527
3289998
-1694586
1297512
-3093973
-480813
-4942584
-5292682
-1685249
-5009189
-3265363
-5751601
-2095116
761441
380760
-207688
-2538725
483235
-1448750
-820219
-2901403
-205938
-3644966
-4080897
-2427232
437992
-5345400
-2955283
1292050
-591846
-4127567
1154599
-3523767
1898653
-2515147
1102832
-876284
-5842173
-4850593
679246
-2145845
999660
1117622
-119866
124765
-462305
-1041076
1579606
595083
-2134437
-590352
-6941938
-1555539
-2607539
251396
-333094
692024
-1073465
-1355675
864894
-7324349
-7543754
-2168070
-3574264
-1247909
2176814
-205140
-1488629
-4268948
274540
-612192
-2290714
-6471678
-2699219
-2690695
-681802
2717130
-910223
1351110
-2423044
3154232
1240555
-3402826
11039
22711
-901977
-1784498
2304822
-2199550
-5966232
-3911154
-1980231
-5958435
-614674
-1198063
134632
-487925
-1970846
-400904
-3240288
-575798
824207
-1888380
-3765659
-2167768
-3595579
945870
2269892
-778426
-229039
-3464274
1286608
-7686314
3120128
-4533825
505444
-937132
-86038
-6011368
-3094313
-134885
-8503157
-2632372
216174
-3507942
-1240479
-6451090
-5503852
1511982
957438
-2904720
1363770
-1246639
-2475845
-515621
-3223860
-722712
90527
-2424173
-2255794
-4601515
-1535439
312810
-1641847
-1714054
-2847137
1586502
-71676
1116485
-326104
-1075673
-2489552
-3494910
-4835648
1157626
-838681
-746404
-4796996
-751103
2432435
866614
751777
-3655572
-966092
2838626
-2334090
-680231
-4140708
1054363
-2152547
132208
-693585
-1994937
-1775997
-530382
-1633951
-208992
-3116865
-1264935
-1830030
-1405439
-3869190
-4457355
-5035547
-3621721
27311
-5511892
1991514
3164188
-7003660
-3956174
1206207
-2127278
-3497009
-1021867
1399554
201905
-4388625
-1924565
-755877
-1127232
-409391
-10407
-1260726
1761205
-302392
-2052921
792900
-1055070
-197515
-2435869
-1720019
-3477201
-4734562
-1745727
-4892339
-7322224
453490
-3279743
-663056
-776976
-5118548
4346474
23803
-1251846
-871231
1933969
-5560913
-719494
-6594068
-3607769
-2669727
-6320291
960896
84485
-1892041
-4176935
617716
1422821
-6770674
-4980762
2823119
-429653
-1437968
2595513
-4741665
-809859
-1528828
-1979959
-1335901
201425
-2794224
-2880363
-1150790
-5196193
-2248142
-1390198
-583537
-1746629
1976956
1438468
-8671328
-5487337
-2081371
-2954378
-1204067
-1833686
112800
-132559
-1536015
-3787466
-5321619
-6285683
-5682283
1514709
-3246971
172516
574439
-164596
2739788
-3493207
-348103
2453644
67647
123996
-1608027
-2091776
-907126
510917
-1601300
788882
1478362
-201944
-219058
-2759974
-611949
-1279418
845260
1458775
-4818755
-1286681
-791297
-445443
631072
-3222066
-2764956
-1338056
-1815748
-90831
-9173490
-1495841
-2106577
-4249830
463382
-7088576
-1616546
-2573353
-330482
-4256981
375532
-1436654
-794183
-3261505
-139743
-1071326
-587502
-2441516
-3438070
-3499375
-260345
-1491900
-95137
-5988253
507159
-4344098
-3358803
3437113
653169
-7093203
1880919
-2342480
-3454120
2681004
-2266678
-5360019
-2538429
1143558
1392220
-2386127
-3403423
-1336554
-2774910
-2990048
-5992951
-488100
44335
-522996
-516548
-3929035
-2797750
1173173
-3244960
-1467929
-1478143
-2112295
-3461814
2561474
-1822240
-1028669
308583
-1020691
1078126
-524764
-3336761
-31409
1151088
3509408
-1716235
-3077004
-1946913
-1690785
1334773
-7586202
-1173283
-1547773
-1794057
-667306
-3481025
-1680196
-1887823
-375570
694334
-769015
-424208
-2453500
-3068959
-2798497
-1493132
-2493957
-2106735
-136665
-754471
-370288
3740748
-4032674
-1447524
-991400
-3257559
-729291
-676144
-194483
-962412
-1375060
-184377
-1097704
-3106325
-1512691
-453104
2574451
-1227718
-726397
4306035
-1225863
2553644
-762235
1629894
-1639383
1947003
-2087748
-1923679
-1990860
-2172673
469068
1867118
-1222509
-1764044
-38412
-3190313
775443
2143881
-5206295
-634236
-3143848
233117
-3487179
-2311297
744733
-2802481
347402
-1734979
-2529210
-712053
411534
594291
-428405
-1177401
-2697765
-234046
-435586
-4275293
-3006178
476589
66468
905233
-648396
-1969128
-417623
1862198
-439388
2061708
1553879
526069
-1652809
-1041967
1590871
-1813031
1567009
2580564
-4598824
-1697591
-772645
-1014316
-3787368
-1924891
509287
438102
-3404764
-3226522
1802630
-6187531
2271653
1086688
-2355846
-146820
-2702519
-38278
-2969452
-4180663
817789
3035197
-4998570
-1251255
-3178656
-129617
510128
-209928
2280293
-7404294
2621758
-6952952
-1432882
-23469
-1209596
1757217
133116
-985322
-4229750
-414190
537975
-2812850
508176
-5895247
-187406
-302259
643240
-1466521
-2862656
-3392842
-3601637
-1724126
-773345
-3824891
-5379324
1405755
637816
-613774
-856495
79193
-126494
1210188
1166735
-3775459
2933362
-677743
1706906
-396531
-1135273
-3741786
-23918
-108614
-966184
-3576262
-7764701
-6538561
-312645
-8062442
-314844
687587
1692679
-3721237
-1613829
907903
7281
1549628
164041
-2573486
-8878
-184119
-148570
-8917355
-2263806
1444089
-3309300
-8012342
-1957302
-3344119
1901718
316854
93863
-399159
-1488861
673824
-50309
-7460982
-165629
-2888457
-1055949
1551399
-4596696
-1767665
827307
-3084134
-170198
-191702
194537
1133167
-150130
-1026657
-719835
-3917020
-1388054
-1383653
-1161316
-1607064
-522731
716214
-3766092
1456624
4752102
-3344833
2646187
-1187923
-2367548
-1672134
3183241
-2618283
1818049
2349135
-2591852
-8181525
2357481
-1300402
-1740258
-695112
3395974
-3140451
3075612
560082
-515776
-251626
170138
3288090
1813348
-1700047
92969
-3972386
239354
-8128307
1716313
28870
522092
-1621435
2243811
-379507
574516
-5790730
-143220
199019
2404612
-6176978
-1258716
2137276
-5227697
-978869
-3647972
1180874
-143845
217813
480083
-6045062
964058
4843725
-1847978
-1403200
-206156
-1159361
-6796169
-1982736
-2268228
-2501279
-1549019
-1124002
-4947827
-2379403
2015531
-2097204
-1847665
-2280685
-4647391
-706857
211618
-604123
631257
-4151609
527625
-1013349
-2779
-918243
-658047
-994621
-1437252
-2201545
1311258
-862305
845751
-5013438
47363
-4249057
-4604162
-4147937
-2467241
-3625203
-2237457
492447
956703
1978167
-631753
-1040694
1499650
-1670989
-2110627
1723859
-1243620
803467
-455627
-1564201
3953050
767163
-5257887
-388354
-3263236
-3569551
-2771688
-2192956
-67585
-592349
142107
-3773746
-3806513
35230
-548388
563785
1824686
-3714608
-2525340
291350
102023
-3548703
-583345
-6818132
-503252
-3638684
-1615802
-954336
2232031
-809977
617181
-1274327
2553902
211530
-153981
92578
-2001344
340169
-4009179
-3664441
-1079634
159287
-1227683
-2936136
876542
1337562
917699
-1839431
-4071040
149351
-556610
-2226261
-913598
165936
6525
-877001
-712773
753143
-672645
148310
-2065053
1068822
-1617801
-6779440
531724
-865690
-5303360
-2349821
-944765
-2418870
-1632096
61610
-2006840
-3107788
-2479034
-4577749
815095
3741706
-1102878
-3036723
927069
-3826854
544873
-2095831
-308644
-2564208
-2436784
-2672796
-1278945
-3862411
-3338527
-972734
-6553030
-431249
-1017318
246028
-1183349
616701
-678630
-7879917
1522034
79340
-3973425
-3428666
-1397159
-2762561
-2336024
-5937807
-4329643
-3266122
-297297
-1141386
-2430886
-1594753
-3357570
-2435863
-1407202
1025476
1882444
-3771473
-1146422
-3999461
461475
-4508829
64518
-2465627
-3639892
2031665
-2952216
422488
2270635
281306
-3775582
2919640
-1074674
2868590
-1690231
742996
2682856
-1798391
-1905622
-5672196
703573
-500284
-93165
-310793
251248
-1168159
-4644998
512679
-107320
-3750467
-1560203
-287110
336223
-3940340
-1285883
380310
-9618
-5928880
-4525845
-1397580
-2640777
-357641
-1392057
-4859539
-763858
-1309738
-1926654
1481015
-123145
-3693431
-607236
-1455853
610286
-105960
-3568393
-1097528
-2594431
3793192
755630
-3870939
-3417220
-7833983
-98218
-7853384
2778595
-638840
-1160562
813454
-3964472
-7404701
-1745824
-2075491
-3061439
1096363
-3081438
2659064
-783302
886913
199950
-2082128
-2735694
-333187
-3860726
-1204238
1792261
-2738961
-5651676
1972710
733857
520464
1362012
1607257
-4293185
-1325307
-431743
-1376945
-2288437
134411
-1074276
950785
-698165
850532
-823005
-2432353
441077
889179
-3582639
-662786
823482
-6076012
313381
759859
-926494
-1931255
-5174676
-8230510
1692757
-2251157
-1073683
-2114976
-1879838
2159089
108175
-7600627
-2812309
1443167
1306916
-2019316
-4526550
-1826055
202036
2148013
-2122072
-1687257
-2245090
-6859519
3690336
-4599776
-663495
1343765
-1437402
-1369818
-4747693
-419871
273187
-2256851
-4185871
-1270964
-926869
-5001468
2733815
842922
2232419
1108482
-3065901
-376242
-2070947
2872144
-4111045
-3288574
2957479
-1977738
-779770
1715201
-1484512
-7214670
-4653930
402782
-1450859
-7233150
-1690508
1273082
-2965482
-2545208
-1271393
-2531530
-3146610
2738754
-4079050
2644321
2258659
21709
-1842080
-464844
-2020644
-351434
-2216233
-1224298
805927
-724652
577167
-346649
-4530601
-3917064
-4689949
-3746630
-457691
-1699483
-2271673
-1709834
-5106865
2131523
-1914032
-5268560
-2399148
-3989657
1535990
-2268343
-882001
305522
-1529338
904748
-31045
1400274
13819
-3737613
-462638
552229
-871273
-488272
353333
-239775
-4533964
-1873527
-2026493
2279943
18844
-453093
324233
-1982220
-1778620
-576320
-610187
3173904
-3166892
2178387
-6258995
-4049174
4944
-4301374
395584
-1255762
377979
-3225001
2827761
1664011
-3497350
172001
-1585295
-1522697
-3793503
500230
-574657
1256525
-124568
-3180483
-4093255
-4572540
-126549
-297635
-3679124
-1484123
-1889198
-891234
72138
-717981
-537495
-4715010
-1923148
-2970757
-4441555
-5425169
1430880
-8201370
-1153091
-2921721
-1171575
226340
-2541095
-434969
-2296882
-1758017
-492480
208095
-238082
-5481597
675120
-124040
-2344975
557963
1126018
437960
250211
125471
541891
171368
-5473603
1464363
121177
2137866
744462
2369454
136290
-1473823
-1731892
-363523
1426535
939729
-1578460
-4058981
995383
-4673356
-113707
-746419
-488982
-3945296
-1658008
-54894
-5627061
-6859718
-2803385
-4402946
-3623911
-5821648
3202429
-5173297
-1155424
-2841985
167670
-7169665
-516883
-3477171
-463828
1498534
-1486726
-4363010
-1721698
-579586
94492
-4926888
-3853153
-7432221
-2349743
-348217
-6317758
-4001867
-169488
-3862198
-2283285
1039770
1770129
-2390968
-1415262
-464631
-7649422
-4013089
-432228
-263876
654465
-1905886
2213229
1453424
-705041
-24216
-1207741
794285
1958719
-36343
2257511
-982112
-83901
-458930
-2402982
433334
132002
-1442176
3948190
-1882120
-6522959
2044545
-1157667
144673
225599
-4237189
-86814
873536
3205532
-4391908
-3573403
-1204117
-4233052
1273597
818861
-366960
1054337
-2077290
-2914355
-4447
-6767821
-3455423
-267920
-4332778
-4399492
-315157
-936882
67696
-109546
88585
604796
-1406948
-2899546
-1818245
114720
1534003
-2608802
-2816390
2597661
-163543
-3636938
-1358520
-3623792
1144570
-4789890
-1015209
-1617476
-5689419
-3350148
-3501494
-523957
-732724
641338
1692378
423720
-7386287
-264424
-1314681
3048577
-691553
206695
-1711203
437918
378246
1632659
-7500625
2669881
-2410216
150364
-2572985
-891666
-641039
-4068145
575082
-269711
-6923797
-968532
-408436
505247
30727
-1005727
-6617203
-826427
-606947
-3241097
-2064199
-705609
1120726
-1600206
-5153378
-879924
-96109
-1180530
-5630245
763689
-3113404
2165072
-3566107
-1223997
928432
2567154
-6046068
171605
-882336
1039768
-981060
-2209567
-1774927
-4045987
49846
-342600
-3530379
-4256673
-2173576
-97782
-2812792
1274821
227717
-25486
929872
-1165869
-1211585
-3258882
715895
-3204986
-3762146
-52734
2389275
-436395
2487254
-787639
479624
1798189
-4859501
-5999011
-1224666
-4327945
370336
-733265
1320737
1295096
1518522
-4227158
-1995688
-231696
-7577776
-491618
-4169387
-919652
-1309738
-3124525
-2163915
-3043213
2066564
-3432318
-711743
-4125544
-1875559
-3274563
-6003649
-1603842
-265775
-1964919
300163
-1479621
-2893155
751798
-5576607
1698129
-1934278
-6901765
-2102618
-309076
-6453777
-2503299
-547875
-623285
-1894354
-657412
-3201988
-1928616
590664
273037
210042
-916350
285468
-720449
-105697
-1836520
263332
2049756
-6458340
1413160
-592284
-1856298
-1118243
22829
-2439581
1701804
-178625
-1189943
948675
2515340
-1338126
-1769107
-1838489
1663858
-1895327
-1962861
191735
-3346067
1057797
2776789
-305131
-1835152
188696
1686940
878080
1059968
-1348798
415886
1955071
-4363912
-5063140
1082943
-1121662
-1491904
2055618
956349
-3214699
-2332450
-3357916
-4093829
-3683322
2343652
29746
-5111668
1130064
-3463671
-4211983
-466256
-1028322
-6195018
1790582
-842646
171144
-1620564
-1841048
-3808489
-225472
-723490
-6204603
-187503
-446993
31289
-1670262
3042380
-174155
-1997164
-3323363
-470447
211252
-5759292
-2013361
2318915
-802114
-6656629
1177370
1136867
576786
-5496077
-1705312
-5350230
-3229226
-1274581
-8486238
1061802
2167680
338342
1789864
2395304
-628604
2322289
100320
2509342
3489867
-411818
1251072
-2295527
-8684476
-519729
-134860
2047590
-2028254
-3463233
-3129313
-3090475
-441217
179342
-1617457
2918982
-2076257
-4599224
169798
22856
-2550396
-240398
-1972383
564752
-698552
-1954113
-2025155
-4321457
-4015230
-5986507
-453008
-3702523
-3304975
-2141467
4644455
-3111380
1311669
154055
973495
-942799
-938217
-507758
-2374433
-3584740
-2004053
-3937170
309429
-1345100
1262179
4879873
-1771594
88111
-2708485
498545
-2117025
757633
-397924
2176383
-4108419
382530
-2037847
-4718035
1505345
143702
854175
-248036
2977008
-2085613
-4182913
2389540
-1772108
-933982
-208379
385079
-479323
1115975
-2367572
-2542764
-3425960
-4101404
-695514
-2884470
-6808414
1074782
-1927229
-6421102
-4120857
441948
-2444942
-1122549
-5850318
-5219332
-4298263
1827009
2485457
-3750519
-74048
-2730042
-214036
-2303980
-913109
-4476900
-301887
-5029947
178544
3750571
-305323
-3237015
-4497625
-454359
-1205507
-2636194
-6397235
-5338915
-1786976
-5197588
-4402985
-1038187
-3912019
-3636618
274853
505741
2893538
-2833258
-163901
-900224
229167
1490520
-107561
-1926807
392188
-625255
-1383010
-1261093
549152
-2033171
-929342
-220636
-134973
-472551
256087
-1098761
1881383
-5474271
-1363984
-686187
-1968780
-1061386
-4696072
-3839029
-924431
-919739
-1236766
-1234554
-3510365
-1343322
2248553
-2331939
-675232
-64738
-3468354
-1160632
-199319
3972949
-5282101
210797
254923
2120329
4479065
-606165
-1626985
1762503
2007218
-4921698
-1656859
2313000
-2659374
-6273470
-2222204
-261739
-4075746
1040009
-7128151
641439
-1846420
-1674101
-6134234
712956
-2829707
-3835627
-332610
-3149781
-1838003
906441
-4558263
1060842
273151
986714
818264
-2793545
573536
-1523945
-2956616
3459850
-2066712
-2966341
870276
951777
-131842
-578428
-3282139
-1671970
-1919450
-1851613
-664306
-2866196
214462
-2251624
183622
1658892
586161
-2304603
-637620
-1486837
2445564
235561
-4253681
-1191107
-3715308
647012
-620693
-3989987
558801
607174
-1514063
-879806
-1253989
-2724397
-4290024
-209369
-415921
-1924115
-743291
-5100376
713314
-1469133
-628180
-914313
-2028807
155766
1313610
-1047198
225695
1086913
-3259490
-1939459
-1548116
-1020960
-56058
1194406
-3800561
201200
906268
23527
-3160185
-2564302
-2824273
-249983
-1116192
-100725
-3343096
-3064752
-2056474
-3023180
-2743295
-4961697
-880156
-43080
-4668391
1858817
-3106839
-1087287
-255008
-1201169
-4663484
6678
-1760628
-432971
-4597610
-968077
-1454446
-472591
-3620930
-3330408
129993
-2641993
-4705081
-1110849
-3248318
-874038
-1848998
1469077
2499038
-918095
-292808
-4397905
-1990541
238861
637440
1620553
-502857
-794318
-1439931
-155448
-4111191
-4886488
559752
-423242
-4241436
-768095
-720881
-2104279
-3560986
-1851629
-3505834
-4888331
-54565
-6353091
-396172
-5196082
471164
-6497246
554861
44337
2524058
875913
-2125189
478242
1774417
-111233
484886
-824581
1488475
-133138
-739486
-3326439
-2210560
-4687604
-1116485
390523
-6135902
1359032
2125695
-5657506
-291687
-1220886
1467079
-4936192
1488202
4045419
-1572613
3436444
-4289495
-190090
-89148
-526450
1121552
-3879469
-870560
2154274
-5728820
-2888662
1426476
-2377724
855359
-3877080
-3812126
-4608635
-1352868
2417065
-2236828
-402781
-610314
-6122769
-592983
2617902
2499522
-1787477
-2182315
-191180
-1292775
-5069960
2744691
-1268580
610255
-519429
-3960307
-3485966
-1416938
-1717520
1026792
705574
-687795
288750
-3261693
1367861
-878261
-5520014
88035
593248
-194137
3121883
2221383
-1198771
-732727
-7891919
920219
-980439
-739023
-5811719
-2314829
799077
-3464331
-4430529
-4083799
-4086482
-824422
-2232201
-4522817
-1218029
-1400085
-4487293
265699
-235603
-1134929
-1647592
-1928672
-7489057
-474159
1542436
-4564829
-1322163
-1392087
151764
-1584979
-1411712
-2084061
-3515199
-1769813
-3306593
-1797985
736763
96786
-5313777
4401948
-286088
-6606669
3960383
2986020
-2367908
-1440689
-4965796
621115
-2484118
2525752
-509056
-1022746
-3927649
-3683513
393165
-2158418
1163690
1227323
-3980747
925188
1163791
-4380682
-6706447
-2940304
-6934313
-4178975
-554353
455532
287022
-2659348
-3212891
341486
883226
1417126
-2709516
-58467
-1915757
-3049225
-4382815
-6819914
-1289874
1206144
-16096
-5974190
-842656
-3700318
2741151
487494
-1357164
178645
-1783892
-3012274
-1245005
-4864557
-4775941
-2887056
-3483866
-2631310
-704269
-2339854
-1797174
1894639
443185
954847
725599
-4771808
-2677557
1026282
-3455488
-3245326
-3580980
4550
-2793667
-889308
-200439
-4919755
-124258
-1391162
-1952963
-1179336
-210075
-5193968
-6012497
1630326
-744705
-869950
359917
-8609500
-1875306
-5173540
-2320652
87768
2150218
-779979
-3549822
-1404365
-5182924
-2295086
-960230
-4869865
136137
-1436525
2980091
-3973358
1442262
-1726794
-3893302
-2872788
764112
-458713
-4814758
360986
-5445413
1911749
-786028
-2618682
-3764440
-2891736
-792374
1382770
1196712
638756
-1610273
-4715065
-3258760
-843370
-2778739
29600
-34938
-1623927
2479087
-448853
-1320645
-918017
1104363
462047
-945600
-496048
-4138765
-1040333
-3595855
-1543675
-1152803
-3281463
-168815
-3646636
-556082
3523986
-7553143
-4797577
-3769696
-1958924
-3742411
-664347
-3136149
1040130
-1515369
-6160453
569280
-638766
-1919343
-378112
-1991654
375630
-92772
1044553
-1518378
-256951
-7003841
-288700
-6293702
-706739
-2001100
-2347408
-3153600
-4328303
-1779734
-1097211
687228
-4550382
-5113316
-5698989
-817017
613894
2581978
10157
-3843706
-239608
-665786
116
1774833
-629581
-638692
-378936
-5193789
-181435
1670682
-2490001
-8181922
-1208214
590936
-2416810
-1751007
-447789
2315044
-2402949
-3210807
-871624
1730742
3296287
-1955058
-2537657
-5416752
655532
1186052
-1268526
190526
-314178
-2770430
-4733999
376275
2477104
-4012629
-4000468
1171468
-1912170
-3198592
-2059382
-1736907
56924
-6038347
-1111745
-4970136
-3550238
-4139761
2390061
-560892
1421846
-2779543
416222
448133
2195832
1534749
-1075534
-4093695
-3321918
1396391
-3926403
431125
-2935521
-2397756
-3505060
-3374558
1742544
1242749
-358103
816531
548139
-1799807
-529556
-164493
-2400291
826843
-4109182
4038235
815456
-7053723
-975013
-22132
486255
-3374048
-6290155
-4052005
-3713592
-2505790
-647450
-578884
-896678
-1564877
-220182
1435650
429479
-528394
-4998524
-6145844
-1608981
200303
1111089
1692433
-10178
-4144580
-272558
-1254882
3557970
1029896
703445
-4306573
-815533
839150
642326
1700606
-1010274
-1590370
1171783
-207394
-2501176
-3800773
-219913
-5432532
-736129
-3334364
-4564609
-832517
-6030199
-1371324
-362757
854629
1267801
1634499
-4563342
46129
-3844207
163877
-3965229
1850031
-963947
846497
-2311162
-7932463
-608599
-2724896
-8683919
2347598
-4076518
-4067429
-883092
-1046461
-2765430
-6849107
1710934
-8838260
-4532869
1256339
-507951
809980
-1208346
1402745
1320782
1778837
390038
-2536907
-1305003
-732474
1166462
1619679
645126
-566402
-167706
-130662
-2325197
298657
-726326
-1594289
-1035295
-408386
-1448521
1953239
-6850118
-6298141
2198906
-373885
-1904487
259097
1844963
5032076
-1451033
-4041401
-1994509
1093280
-1148301
-1279721
-1521217
-1890226
-2155791
2586117
-3218055
1823128
-3677745
-4791327
-2907187
5079132
-1207160
-1913725
-1271863
-441795
-612151
-606805
3530451
1061023
86351
-1754854
-2148459
-3501641
534387
630983
-2768001
-633764
-1610607
-311018
-1709941
-408281
-2148791
-82888
1294209
-3415180
-4581555
-5400576
-1867873
1614500
-55661
866234
-1964796
766337
-4803942
-1280129
-2439380
-4392385
1225886
-2537933
1753417
682631
1361136
-643865
1003319
-4459641
-2299146
-1379001
1013224
-6797882
-3704370
993540
-689159
-2073167
-649716
2675560
-1619355
-249313
-3824850
-534968
-1636864
682580
-1513126
-1122908
-3607239
345675
-6688358
2939691
-685191
-185689
-6276222
4106380
-1559851
-3354633
2420324
-1784420
-471943
280398
1234548
-1419399
-8345961
-409503
-410525
-1300868
-1206512
-2958572
-370639
-3855974
93097
-1261491
-581636
1559315
-571731
253305
-142094
-2053383
-4918576
485356
1021549
1287940
-891759
-976525
521336
1530984
-1071236
-2934114
-5046683
2177922
-2466631
-232713
-4512753
-3457740
-110064
46421
-139244
-1235116
-6928410
-1792236
-3815053
2497113
-3955634
1945784
-580187
394006
-3475207
319279
-660169
-1533294
2726130
128219
-1644194
-320258
1340147
-4308028
-4019540
206491
2992315
837745
-1045810
-3482151
-3058967
-6019203
-5673009
-5527349
3267613
2058239
1507110
-2471065
-3259768
-1811875
2053094
-3551266
-2891160
-3494427
2927029
1372498
-2286829
-70879
-5317468
2190311
-5242260
-3169218
-988315
-185908
-2147840
-5523714
-1041193
2494885
788984
1005877
-162988
-2830943
1883442
-3779364
-1789461
258035
-208709
288882
-4891407
-948959
-3312351
1012980
-2802058
-2739981
-1116859
-3015899
-3841270
-617870
-204008
-1079903
1428870
-1772984
-3078081
-3800533
-1114842
1067341
3856342
-2651326
-1438579
2691707
824608
-4642070
-260464
-4415902
1645174
-827485
-3921887
-5968756
892379
-1434207
-1207503
-5716088
-610668
284077
1072103
-4915457
-1927943
933189
-3837372
-2049546
-5438065
966468
-81626
-5718158
-1918309
544384
1293800
-2377558
326952
316010
-2434397
1755506
-4067943
-6315346
1959540
-5557291
-513289
-946435
-592786
76332
-2922717
4169
-4233284
-680610
-1957397
194481
1466686
-457879
-3351245
4133196
-3415619
91646
2229888
-2807895
-1827318
-1772944
-2977072
-1353131
345906
-32418
-2578941
-38408
-182179
1117899
-5735382
-1686915
-5310874
-2642006
-749204
-3511230
1826899
-1558974
416656
-3125384
274852
791034
-3405058
-5012733
-1576434
960717
878520
-1446549
501097
-3090450
-1116704
700822
-5991033
145603
258254
-5835987
-3251551
-557104
2368948
-131355
-4296722
-5583010
1825178
-1819601
-3118292
-6590858
-45543
-1708371
-531200
-1507852
-999130
524253
-246542
2839847
-3349704
-1909652
177164
-1648612
-3961168
-301999
2576006
-4504091
801761
1428835
-1109280
-386343
3032693
-3204029
-2918538
-983194
-1600580
535817
991828
186892
-3781101
2424014
-7689016
1826940
-3538810
821034
-766760
-117350
-3554706
-1207025
-1995099
656192
2498969
3393723
-2264985
2005983
-167744
2341635
-408699
-4102510
-2375796
4320206
2137732
371251
311576
-3832799
2508280
-1620772
455987
2301906
-3145420
-5030283
-3736929
309915
193248
-3310566
-5755266
-841402
-7640872
-3560742
-720677
215759
1348809
-6480608
894794
4426246
-2813583
1305866
697788
-479237
-4035195
550825
-1676032
110834
-733712
-4671818
192896
-963673
-1850923
1391665
-2143486
-1737266
-2873565
-4493216
-2721248
-6649006
721179
-1684153
-626396
-303031
-3561508
1456943
-5832023
-500101
1742602
-3669419
-1495538
-2213388
-3732716
-606187
-3363002
1030173
-806852
-273786
-1563762
-221704
1031977
1987983
1332397
-376207
230761
-7492280
3917308
-3701544
2960655
-3542552
-1852356
-1669557
2735185
-4994619
-2614021
-1020278
273606
1311669
-660273
-1997503
1658228
-598704
-483120
-1557007
-5308777
-453899
-13069
-920294
277405
-1572871
-6292
-2296584
-4284113
-2438544
-562307
-2669442
-3162842
-4413331
1581709
-507916
-2577620
-5483243
1158192
208536
-1783102
1872368
-888849
1199783
-2622595
-222596
1754788
-2266607
-3749096
1007061
2017150
-286696
-2072374
-1800798
963158
29502
-21114
-4600925
-3763150
-846112
-537867
1276371
253797
1813344
49927
797468
-312068
-2199615
1175730
2768361
-53423
-1251508
-1584016
2384500
89997
-1888815
-6155707
394254
-1396305
-7217510
-6882238
1840138
-538570
-2187776
-156504
-3817290
-1584855
1557100
369747
456004
930409
-1357450
844717
-2171890
-682997
-1121212
-7268390
-2088256
-1920835
-318797
-364638
-1334439
-2546060
-1623840
-4274355
-1877386
279209
1566063
-71252
-2067377
-1333264
16089
2560511
-903273
581368
-5412131
-4304472
-637473
1887809
1455010
-1878353
994207
-1095078
-5564773
-2448899
2056351
-8066285
883657
614531
2867871
-5581602
-2327681
1108555
-7621018
-2144447
-4525134
-2132473
-1469900
-4743924
-3644524
-3527059
124477
-874230
-5269661
-7046445
-4601238
-1306272
-1159043
761085
-1503451
-1668290
-3874363
4767984
-3130386
-2641242
-4952835
1148291
-3813148
-5427449
1101017
-4287167
324189
-798153
-2308189
-2650304
-2613747
-3969366
1163290
-2357515
-669421
1960421
-5069540
-386438
-5238038
-1126631
-2985662
759326
-2817531
1490330
211290
-2096401
576075
86530
2037907
-347558
1569730
-2325009
1317774
-787017
226224
-1403431
566062
-3672780
2725359
-488111
-475675
896482
-1570078
895514
1679914
-3406527
-4138724
-898640
-809025
-4866117
-1515609
-2331449
-5804910
750670
-7486990
-2072186
-1459270
3161
-3097039
3738528
-2924411
-618877
-1371212
2005918
485822
999690
-2054372
-3364085
-139924
3087906
-2010725
-5845402
977227
-155492
267934
-2383599
537794
1231719
-3961366
-1322871
-492156
-4597245
110614
-6783584
690274
79470
-2318766
-5046426
-3183196
-267205
-744340
-1735293
-3129717
354688
175748
371755
-1383621
-2076276
-2418082
348655
-3444413
-1814008
-5412437
-1910070
-1179
-1639376
-102283
-2560093
-7612258
584596
-183074
-1376845
-3500458
-3411721
1789291
-3021432
-2781626
1193629
-1705353
3082798
295952
182412
-653954
-1863980
1357988
-6259095
-3020353
2687656
35834
-200825
-604397
-2100408
-278713
-1160952
205597
-1255805
-528306
1583295
-2275118
773745
198100
-453307
-522948
-3820375
-5335670
188719
2836114
-5842378
-398747
-3177190
-477708
2711578
24379
-982652
-2986788
-6418519
1242407
-7664965
-6708078
682752
-499277
-2964385
-2630991
-1718885
-3838615
-4841771
-7476531
-7860687
3944971
-4011719
433417
-4489962
-6807217
1004317
-719468
-4141840
-2971240
-4717959
4285138
-5842226
1148069
713894
-1491326
-1012543
666878
-1989826
-2648711
818285
-5104000
320993
-817333
1309295
697594
-6543645
-1047758
-2260994
324751
1316218
-4466900
1703373
1204026
-1027553
2422279
-900533
2589684
-293393
-1246307
3721324
398986
569520
-102882
-153002
-5266998
-116762
-777244
-2694898
-3346125
-1818623
-4753225
-1046361
-2345094
-522081
1649314
-788474
2492908
-1603986
-2134143
1038189
-1022626
-4449657
-2208216
-792652
-4631779
-1438363
2061208
1434085
-208934
-2039398
19852
-1668303
-878373
-820418
-955092
889507
-860849
-2426207
351224
-3224626
-692142
2303917
-5287951
-1287133
-5105041
-119670
2367941
-6195523
-81535
-8687543
203013
-2239580
-391980
-2196540
-2403683
-3229465
-3838802
-489504
2113552
-2867002
-740286
627432
-4558301
1665035
-295747
-4787766
-4305459
-376598
-4870311
-8321484
3549792
1668340
1894022
-588586
-1023801
-7087520
-3918265
-4228991
565770
-3532083
-2346911
-563916
-2777860
508864
194751
-5074961
1086314
-4539135
-176046
1660188
-3317141
-445210
-1706863
-3103659
-872582
-1582964
1077752
981760
-3425661
-90062
-1706712
-3561451
-3553733
-4825579
-1122203
954253
-495580
606239
-2235866
2455977
4605091
-3592444
2422251
1473099
-2477951
-7138906
908287
-3435676
7053
-3943224
-2112590
-3759408
-2070924
875611
-264832
-834984
505823
1434711
-1177867
-46967
516799
444126
-115711
-7356817
-2860605
680544
1714968
-1783514
438519
2685867
-935257
-4562477
-2352147
455282
-1495251
-798754
3733506
1518769
-1879431
-719598
1141881
-852632
443237
-148365
-2676036
1743340
3131144
627889
-2561169
4684909
-2618033
-662029
-2827776
-1764151
-4117218
1775310
-3346178
-5613689
-693638
286827
338306
619834
-907083
-944322
-1046867
-69574
-4316190
-539375
-1635062
-4971218
-6044422
-5492200
-3144427
138562
-2837743
-989292
-1466770
401539
-740449
-127693
-3079505
-2373919
370208
906640
2149488
-400242
-4793302
-3625036
-1275023
-2443122
-118715
-2301187
1857752
-1471838
-501338
-1371862
-357908
-4857332
-576650
2318746
-4001212
-360143
-932960
-1407075
-4865828
-698281
-2929755
-7148368
-3121094
898849
-2529808
837103
-4369569
320797
-3540654
-4964834
1256421
423427
-5208211
-1120061
-4175516
-1243036
-298983
-1162200
-2611599
-3170678
-1531426
-615964
-2886642
-328008
-2564227
-1982681
1468924
-4741640
-43494
-693283
-314826
530992
-836952
1946889
-3961246
-4485382
-609
-3270404
-2773338
-2861077
-5678454
-7821492
2475395
-844292
-2296457
1096735
-1812614
991977
-790782
-214050
-2250992
-1245614
-35342
-2399497
-4303204
1363531
-1016610
-907703
672039
-1145770
-2669043
164528
-5184962
1882608
3714932
-404056
1893693
-1026854
2609045
-964193
-896073
-1836344
-4101416
230111
-314475
-2964123
-2009942
-4183281
226865
-2538273
1668058
40222
1931535
-3785494
-270984
1566732
1058746
-602825
-3323381
-635653
2079146
-6827138
476191
-5121991
168788
-305415
1324479
-1345901
-194947
986793
-3369986
2607390
-383701
-363826
2658
-2037577
-979181
-4149777
-175701
2480082
-2239544
1575839
1443924
-2703279
-657118
2150626
-6292547
-2910145
-604898
1287185
646193
-33189
-1568908
-281196
208981
1168798
-169018
3761696
-644890
1689966
-5874521
-4977082
61073
-2028679
-657876
-1459164
-3365866
-1302905
2222852
-1188401
-3508228
-4336417
-7398222
-2922822
-6647859
-7244988
26165
1059555
-4008439
-1003456
-5274046
1840577
-641124
-3826885
-500224
-5450444
-462967
-264464
-2594231
2105757
3647961
-1845225
-671375
608275
-2889116
-1759639
-5232864
-4896389
1282748
-4902649
-1194791
-389537
-2052656
-2054760
77144
-53121
-1693485
-5061822
-636778
-5027088
886361
123278
1121248
-3129517
327630
-256448
-195710
-1491800
1108284
-1772408
-1997497
1638691
-292201
-4321583
1888016
-5638423
-722263
-817111
910755
-4329440
-43264
-4956203
-8041190
24022
898402
-4050849
742718
189732
641529
-1023494
-1172687
-2406355
-1818584
-2306578
-111
-2939822
1792741
-3835622
214122
-1793301
-2752035
-2215544
2100738
-578931
-932077
-4753285
625779
-3300181
-5435189
-433783
-3437433
-2410866
241578
-5709216
-2735493
287704
743555
211421
1578610
-1846594
-904088
204332
-7527348
118973
-434517
-894725
-2665100
-3394000
-5036857
700259
-2591036
-190259
2624247
281188
267406
-506280
1480857
70279
-1821498
-2000751
-1200615
529736
3119617
-112264
-1424879
102908
2344839
-4611091
1293027
2061486
-1595562
-3794760
-2098709
-2299722
-270647
798249
-1287800
-2005880
-1781055
-3687721
-5665117
947500
-322481
744053
-5027833
97149
651578
-1991870
2189212
687445
-1081250
-532292
-4159863
1348760
599174
-829032
-4676849
-767624
980635
-3158728
837001
-338755
-591429
-3490352
2892784
-3811185
-630445
-533026
-919497
-4759489
1488607
-1485951
-5446985
-3508815
-1857159
-4277828
-3453169
-514643
-2583200
910412
-2174676
-898504
-3343347
-1671476
-2863313
-5970219
-999172
-2473591
-2963781
-3504735
-820660
-1586762
-3561292
-3588586
3449185
3053542
-1482705
-4348027
-565649
-940338
-4794727
626307
1520411
-1046774
-128305
-5858975
69099
764742
577071
14098
-698027
-678489
773955
-4004422
-383497
-745974
-3408399
-2488305
-4419697
-160991
-5164970
1513868
-212633
-4588915
5261464
-3445857
-3002205
2646469
-355797
-632203
-4747007
-5945955
-425332
-1351705
-1475911
1431806
-1951594
-260716
129094
861654
858024
560409
1734046
576318
-97470
-6168082
1632876
2213437
-1207053
-152885
-61005
-557511
175797
633788
2047675
-1173664
-3217608
-2954605
-3507216
-1229682
1232611
-2214288
-6634335
-875394
-36058
-1332694
-960143
-2675777
1385417
-1365612
-3107405
-1138963
-3208059
-1718996
1760450
-4423983
-1974994
-1948403
-358503
2606514
-5652196
1343040
-256079
-3161990
-2991957
1960650
-5720322
-812488
-4784503
-1447530
-3686570
698981
-307862
-871901
-5755934
-642287
-3547082
-4917793
-248419
-4653122
1474183
-4077349
191030
448987
-2043988
-933350
-414981
-3274938
689490
-462560
-468897
1695087
292622
-3502763
-7002230
-929605
-115034
-3812503
-7251398
719756
-1048931
1160499
2142617
-392079
-1207244
-323916
-677833
-4388375
-718606
-524452
613871
1700411
-2975186
-4402901
-2382056
-6129052
370171
-1589866
-265901
2144174
-2589428
-2474447
-4960080
1280972
-3671201
2490629
261972
-2491922
-3048122
-3891116
-213985
-5543063
-1147098
-2854880
741481
-2177278
-2533658
-4330804
-3377516
-2444525
-328556
1006542
-3233874
-1273047
-1323213
-823840
1154924
-569960
-4367224
-3566202
-316528
-1208997
-275405
239616
-2064507
3469858
-517061
-458576
-385950
2805390
-416517
-435622
-2830130
537856
-6423503
-459173
1991081
624970
-164171
-1067684
1880963
-2172409
-1447454
-239497
-1225749
-34274
-4613984
-3116133
-1283494
-5245310
-4248999
1850179
2396173
1773614
-1395958
1342659
-274767
1265589
-3468335
-3857250
-2298077
3813687
-6986026
-559431
-2258096
-3166091
2343827
626510
1511262
-399235
-3163242
493309
-5521773
2041326
1329027
-1097004
641802
-3593733
-1188951
-2713037
-6465843
488827
-1887906
1563233
-5541186
-6139248
-987582
-2810645
-111019
130130
-15807
-23134
549366
-862888
697278
1035185
-437191
149362
-3997932
-5720798
56239
-1410253
2327806
-4506382
-5819642
175164
-1770190
1677809
-3649399
-2052362
-2150924
1261366
-907596
626239
-632434
1355967
-7881868
-1441708
256928
2143038
-390185
-3279766
-308009
1043701
-30606
-5803939
-4718568
-7037
-1660305
3254086
-419087
-611500
-805852
266286
-5350078
-2325383
2928179
-4001856
-2747622
87888
-4281228
-2113821
-3568903
-2423227
-761791
-2092157
641486
1624814
-66841
808193
-2666252
-1028819
-3980697
-5683729
-4402127
-2536068
1233111
-4240668
-1239192
3135279
-101643
-5259375
-171190
-1081590
-265338
-609567
-5587950
-1214223
992978
-9054673
-487270
-1575968
-533067
-79020
1443618
-1198697
-202993
194814
3111272
-4882155
-1981144
-4586330
-5315548
3014321
1006741
1690440
249166
-1524028
-2764188
403873
-6895041
1543123
-1962578
-798058
-638764
-629166
-989274
-4561906
911430
-4592921
2510863
-139687
58372
-1936393
-779684
-997053
-4591550
-286740
783253
-6887673
-2543700
-1972695
958036
-1783300
-751100
-4873829
-4376459
-993818
473580
-615751
-3076773
2794164
1137675
-2212188
1292268
-3597966
-1364616
1183359
810942
2296397
-429300
-1452869
-958235
-1325550
1422848
-2215395
-6092599
2281760
736485
-1085061
-4937116
-1842117
1302334
365373
1128574
-1395879
-2409173
-3967431
-6904973
-1122626
-1714943
552003
-2171685
-2205876
306489
1400002
-580755
-2410704
119230
-2150523
-593843
3135409
155340
666040
-4264704
-8067569
-3172224
-4048750
2591869
3232534
-590255
3044935
-4751055
733788
-816725
2366193
-2621095
-3200944
-3074170
3056392
-5459343
-3112157
-260681
-1013809
1446026
-5284469
-975664
-1083616
618778
-1738624
802720
2651583
-926053
176284
-1389942
470829
-373473
-803188
-1262208
-4274687
-2249947
-1281774
-1288669
-3587567
-2717820
2962045
-4832232
-1346758
-3549934
-1768649
389191
2707112
-62127
-5104118
-340818
1329945
3244955
648334
-4620247
637453
-3021354
-96486
1033758
521445
-199386
-2486962
-1332347
180000
-1796631
-3467586
1852320
-3196372
1632739
-5735105
-749769
-2752500
428668
-2848123
-3559995
-508306
1196120
628535
-1696797
-6596405
-576351
962331
-1057363
2278967
-3719323
-1081170
-1250689
-1997054
-4307538
-372783
2967791
-1258129
719753
-1656998
-2759451
-1797922
-1671929
923123
4616488
-4986164
-900412
796676
4334199
-835622
778868
-853120
-2999115
3344674
1906708
-1689059
-3290678
-5357498
870091
-3097735
-1234019
-1688665
102783
-5827202
-149628
-6825568
-1547488
-377140
-531938
-7618700
555237
-323630
1084295
-1419677
-77030
-615446
1708242
313538
-444004
-1946526
-1685171
-3208673
-3043343
-856865
-5185062
-603105
-1990895
-954992
-5011997
1429469
-1731241
-5915649
-2957970
-508827
-4069848
-4010359
904756
311206
-912325
1643762
-598752
-3559939
-4599766
-2232714
-204946
-636526
3129506
-2525810
-3638561
-4253491
2529908
-1334465
-2437240
-3338044
203118
1353345
-539204
69913
-606822
-334848
-1233849
-500588
1406318
-5354549
-6881071
2701904
-1421786
-1651714
-2895074
-3373178
-2240605
4178829
-379255
-7462876
479694
547156
903781
-5020682
-980277
-1999367
-616980
-5620222
1138162
843186
-2156795
2113453
-1841120
4492374
823764
1455427
-5920825
-671919
1101935
-3442981
-253187
-839157
-849414
92846
-1844896
-3397524
-416257
-1984857
2333449
-401347
-1409794
-2038537
857694
1455784
-6576670
-2151970
-856312
-3707724
739390
-779821
-2407782
-466294
-1596764
1659566
595524
-317646
1771242
-6575454
-3877519
-578890
1863742
-3743676
-5609572
-2385614
-452533
-3677634
-4844573
-1773478
-3311117
-5630036
1057383
2058929
-1545938
381056
-964538
1288507
-563370
-67805
-3673688
-2459303
1908476
-3527395
-3845999
1373160
56838
-937778
-397835
-2261878
-4016391
-3254606
-1188828
-6496903
119197
-6299262
-1402479
-2238802
-517313
1543822
406560
353631
-1101670
-1181725
-1037437
-1402154
-5892652
-3317089
278672
-4338309
-1859245
-3913455
-4189719
-1266079
329762
595898
-7661845
-1774136
-3601866
1942446
-347702
-1279519
95858
-2247057
2445741
-253122
1939036
-474462
-1585468
3657014
-696955
-3006528
-1171735
-804968
-1755420
270812
-105219
412609
-534000
-1719141
-243464
-2034341
-225646
-3124894
778174
373949
445624
2056589
4832622
-2234518
-7947746
-966723
-153879
-4152400
-5872592
92215
-4613272
-1038622
-1245717
-652128
-207605
1996760
1329878
-604954
-2391138
1746062
-1957963
-375213
-742538
-6965416
-4082269
-857952
-6347435
-4693727
24234
-4285141
-932602
-2111945
2594819
-1202828
2283957
-179351
1391205
-4225511
798162
-94388
-1805610
-3381332
-3726200
-1196121
-4060357
-4409264
-229614
-2834276
-500608
-2386093
-4414720
985182
3144620
-1774594
-116911
-1117793
-842524
-1530824
-240867
-1097339
-1946234
812228
-2402727
-5553568
-564822
-7661773
-7281844
3470583
-1480463
787909
807089
-7190678
3086057
301602
2406973
-433125
1531749
-13970
-582774
-1044097
1454108
-384067
1454339
-399494
-1551907
-4782823
-2008388
-1925422
-3044273
96862
-206565
-2993388
-5721825
-5083707
-131465
-4568789
3378366
2450164
-2232564
-1767905
-310395
-141636
3202642
-1248540
929604
1304800
-3517955
-6902030
-6307104
-714903
67017
288749
-1730597
-6547812
-1942652
-1507993
4696297
-2713725
2515263
581523
-627573
1641077
-742020
-5275446
-3775298
-1529576
176369
-2625047
-2741283
-3112198
-4548426
-4997442
-4962063
2060906
-4470711
-496914
-2652963
-1795378
-3673945
-873522
-1898592
1232570
-2450661
-3396860
-1329322
-3751028
394522
-265237
435227
-5043777
-3371280
-672500
117614
-312952
-5430028
-726553
-2254601
-3101652
-2977274
-3308702
558277
-345009
-5630486
-5494959
-344783
-642959
-4642844
2374517
-1709181
-196576
1125370
-2629468
438654
1106899
-7656004
-3890171
1250529
3267682
-2631051
901956
1595782
1570832
149053
-2915506
-4672012
-4556605
-1374982
-157801
120488
-4022255
-1552675
890995
1246181
-12441
2634609
763788
-717764
1702801
-542779
5271044
-3787524
-4535121
-425979
710400
3291922
-248322
-4349663
4205560
-1952076
-2622348
-54120
-1059203
948302
-1715996
1363991
-7188273
-6542667
-5427637
1159626
-1255113
284948
1073623
65217
-1397671
-2726834
352071
473817
-1232885
1185573
445572
-3016999
-2596677
-1481587
-3133365
1522957
2706545
743071
-1269955
152082
-4238876
-47454
-6329572
-1686946
-8154679
2184330
-6548985
-3919094
737021
864767
-550566
2680557
-1232224
-5342094
-1968386
836658
-4868516
188184
-1101941
-4491292
-3807650
734630
-3227662
-1848138
1293647
-1773707
-3667536
1343731
633550
-1482360
1423390
-5739479
2452279
-1748535
-4076458
-5952048
-1721804
-3337464
-2315467
-1661159
1322256
2187813
-2859857
884561
-4085190
2127275
-6613594
-2253531
-73443
501093
3501647
-1978250
1044241
-3690718
1375653
1225097
-331905
-2570428
306819
-581874
-468834
3114336
-619342
374687
-283719
-3158489
-3528816
-3097951
1906754
-4552808
-5584986
-10215
-277069
1858635
-3556141
364278
1198423
2271134
-2783849
2780763
-4654410
-4804224
580611
-3025352
1517273
1174103
891224
-4231509
-43446
-2327936
141222
-3367714
464229
-1896815
-4293401
-1981600
784793
-638242
-3760392
2414070
-578099
957545
-3609746
582036
437823
-1855852
-351591
394903
-5008532
-1542973
-5805068
-3868063
2241424
1096785
-2510568
-2392860
-3918952
2213657
-1758948
-5244959
-5192585
584677
-1896126
1757089
1446856
-1048371
-2757304
-159899
-3579745
896175
455067
-6295811
-367922
-3879931
-3422711
197
1918071
-540094
843461
-5208999
941885
-271206
-410534
-572859
-1396840
-135815
-3584016
26299
-1158263
936741
-1834603
1591732
-1613198
4085252
-841911
-3488572
831878
2796618
-3537309
1927650
183997
-2199597
-3432056
-5125419
1645772
544198
106637
-3300891
-4494126
100715
509762
1989047
-4087337
1330619
-4331738
651708
-3197438
-7422543
-238034
-1397509
-3222551
-1951786
-5157832
1119341
-5201506
-5862408
3677914
-326963
-1917426
1945220
2218447
-4175872
-4599983
2004131
-5302828
20463
689556
-2711215
1987523
-129088
-6822302
153313
1440500
1404003
463754
-394589
-3499231
-2519830
-3268287
312467
-250894
329542
-2068899
1910025
-1397465
612806
-2795263
457992
-3353135
381199
-4409310
331825
-828671
510662
-3533242
111710
-732940
2195022
274599
-5458576
-2116078
-1293513
348511
671227
-316160
-1168210
-4170948
433845
-2318553
-281249
-214884
806468
2014821
1168723
-3460091
-617557
2400832
-5990169
-4971417
-3020255
-2505903
1750908
-6641828
-4339767
-2477025
-503943
-2204708
-1176417
-4284045
-1972317
-2697820
-407604
448606
-464485
-2347188
988127
245902
2591250
-167959
-1772825
-740624
-1311651
-474923
-27303
-702047
1684766
-403735
-1416606
-120487
-605143
-8293496
1288233
804889
-158447
-2537512
-2253790
-1207266
-2113734
-1937304
-1762534
-951352
1986559
-5117456
-910695
-940217
-1142334
-4246361
-194409
-2530610
-3853238
1306245
-3429893
-979822
335979
-2547489
-513374
-3278110
23684
356105
-1081572
1475693
-6348023
787288
-2893515
-223477
811628
-1018282
-2088476
-5237292
-3065425
-248208
1167951
-295935
-4582906
403732
1414279
-555844
-394549
1451174
-113874
-601909
1143891
-21198
-3220634
-581039
-4726484
-2614708
-3723533
-4465316
-3974467
2079242
510098
-3794038
415322
-1812685
-6268079
444716
-3794269
-1230748
-601839
-2201962
-614004
-2132183
-5994532
-2899865
2566950
-1255802
133078
-5079950
1601630
-3142241
-5223267
268400
-1471399
1132877
-605873
-2047898
306105
-1605383
1592824
-80060
119180
4696314
-3530801
1464591
517135
-2059993
-3880134
-1552186
-193978
-125567
1456154
-2934551
3190407
-467613
-6908245
-4328967
554970
-4680077
800109
-797585
-1081288
-701602
-3214162
1134039
-1865375
-643972
973349
877792
-6035202
2137979
469495
-28345
-3053932
-836220
-1449233
-809456
-818178
1302039
1098067
-54034
-6805468
-1359311
-2823428
-1355264
3681162
-891522
-224716
-1119497
-4251813
-4785597
-1207166
-4358365
-1849055
642451
1194139
-5432154
-3716564
-1310525
-810875
1780728
-174484
-2423500
-6345407
-445124
586181
-2310973
-2810687
715755
-1742761
-5603303
-520590
2543332
317308
-1264303
-1427030
-1985136
-2087660
-505299
1054902
-567574
-3022937
-1348165
-1154659
-3023937
27604
-4804730
-5571669
-2985762
-2175412
554775
-6210777
2466060
-5903188
-5298959
-1387561
731241
183796
-2615239
3598343
-935099
2745071
-2051204
-796744
-2419601
-3471964
-6257917
2259195
-834710
-338957
458460
-1315343
1746397
3447956
-1821437
-3612275
153321
657350
-6176366
-7135636
-5102323
225502
-4488209
-1170739
-3704462
1336060
-84680
-2950035
-537813
-779950
-6079027
-4551645
3090716
-332397
-2459923
-6138293
-1658977
-311012
-688072
124363
-1362477
-1651416
-1371788
-5889867
-206961
-4018097
-9070639
-4381141
-3956103
-5870358
923767
-2424128
-200392
-5489832
-881193
-5565055
-3028178
-3869730
-583356
-5498271
1182084
3252396
-5482805
-4242177
-3392556
-195981
-2779775
1906943
2838904
-862104
582850
-7762094
-680016
1848607
1072906
61054
-4336323
501632
2381579
-2407622
81106
366772
-1754275
1339830
-5271641
-4247003
1286667
3068573
152904
-2185809
-920083
-6767013
804164
407238
-2426127
-234522
-272971
-2099358
-220658
1399210
-1435088
349571
-2933204
2173311
-5558738
1294124
397871
-2557521
-2536903
-4321226
-3779422
-4150294
-2815886
1349763
-1519452
-5266374
400748
-764375
-1947432
4943000
-1022515
-1082591
-4041176
220662
-3196838
358179
768150
5885148
1897725
393727
317013
-379768
-3562046
-1120111
-657144
-737993
1176025
-2890590
-2645787
1958941
267194
3932270
-1473468
-189478
-575731
-139011
-3072177
-56857
593140
967171
-4116283
182801
-7939302
159127
-6038213
-2782345
-2379743
-2494388
-1494228
-4174917
-1254468
-2271066
-3132831
-3873337
-3883312
-4657780
-3452208
-405470
-1392362
-2640153
611230
903168
-4990496
-3036558
747053
339971
-6850000
1171813
-924090
-4390472
-1486883
185503
-2989850
-1616204
-6932084
-7581926
340676
-1631370
-147922
-1013864
-669547
-2122567
343430
-138006
-2514749
-763649
-1544330
1651609
661713
-622437
-421842
-5978923
-4574055
-443919
-4448125
2390319
687193
-616419
-2700325
594261
4115750
-435424
-5048537
-438497
59498
-3355176
-3202176
-3299066
984664
2618081
689164
1875089
3510830
-2797427
-915623
1733520
-410850
-2347123
-574163
-2992902
45769
-2595463
-368932
1046315
-3021661
382385
383227
-1051351
-873606
-1058600
488396
-2071145
-5059148
-540687
-2577085
-2061198
-1852058
815037
-935527
-835998
1871922
-106262
50141
-1522694
-1340696
-661464
-829912
1834592
-4954884
-5494223
-689487
-2491976
3256276
40396
488108
-2318374
3943337
-2896406
-48738
-411513
-2656514
57231
-604711
-2831807
-241765
-5419070
-718374
-3106136
-1270438
427778
-1816923
-1719972
-1955339
-5422144
1240174
-358224
-4705654
-2026263
-2760115
-3825273
-4519780
884178
-306632
426602
-1283856
-686439
-75963
3791833
-88476
-3715193
-548780
-845284
1643349
-292050
-4337386
-1538729
-4311255
747625
-2101216
-842961
575269
-3124850
-908646
743687
-468716
-1062767
1175348
-40392
-97837
2300976
-4045743
2205464
-5036812
-763691
-781565
2638438
-2905937
-1335879
2750396
-2250241
1960582
3882066
1724001
-4193851
-107567
374937
-82830
707663
2874906
642651
-2666009
702672
-5281316
78100
600475
-2629972
-2836976
-3339075
-877421
-7515253
-1505535
-4384549
-3084606
-1760463
-835005
-1073172
3222686
-711874
3317112
-2997678
-1168982
-682823
-153170
-710032
60700
-1535425
-2944281
-3585200
-2737437
393522
2346337
-3165117
224051
1061239
-3705134
-2749197
1246272
653396
-5258076
-922365
-981634
-206142
-2648138
890332
-7086026
526862
-1909017
-1292681
3307638
-4462755
162440
-2117474
2937542
-5005055
-5314849
1022183
-30589
558188
-811003
-6792761
778667
1598915
-5318541
-846133
29044
-3661392
876374
1481195
-5217082
-1473372
164650
-2673730
-3764738
3292372
-883465
286058
974787
-1906138
-7176833
-3173058
-635782
-449059
2598357
-2518194
-1656855
2236242
-2141011
-644823
-1187862
289140
-4522457
-4743831
295655
-2793401
-7406794
-5638627
1227244
2858738
-1008380
-1552001
-5877549
-7277539
1820721
-285049
-613086
1300349
-725574
2180556
-1312028
-1391164
688373
-642285
40159
195494
-3951743
469676
201211
1331584
-2621219
-2049352
612985
-216711
268997
-243947
-5613979
2971720
-464244
-647142
-6828705
1495060
-1591706
585260
-1671490
986691
-5685633
1569398
-95122
3528678
-492
1651831
-1816578
-939288
2803201
206855
-128835
-1833193
-826321
-878274
-1921141
-2925042
-386467
-1329631
-8149443
-6592335
1650484
-4537416
3198994
-730795
-6807495
1301814
1974921
-1377265
-1297192
1649590
1579540
-5015520
-2160067
1414294
-386184
-2087426
-3345920
-2020239
-839018
-5187494
-677809
98677
-2357865
676694
-1535629
-7011744
-3926734
-1082103
-2945238
-4866226
-4833240
-24535
3741484
-3151065
-2475524
-3017397
-4853473
-2213758
-2215593
-163796
-54740
-753764
-428371
-63059
-892377
-2161760
2328435
-1327851
-5065246
-2202036
688076
-32492
-1306512
-2754427
-5201780
-912949
-378204
-2927048
-6882134
-6446507
-576655
-1097084
-3180730
-5237205
-3958405
-3878544
-1537383
-1890197
-559687
-2419449
-2827900
-925305
104403
-4198462
-1985472
-2308146
-5097145
-632655
-5362113
-3493586
-433050
-1270984
-1437430
-1432070
1333371
1881168
-2425296
-2494126
1260220
944166
2747189
-910566
-708179
-5387836
1964611
-1482911
11566
-3284648
1562231
-6599454
-2026469
-1005948
1195050
447787
299707
2135940
-4709249
3215982
3311163
384297
-5904800
-1324310
-603045
-1489515
4690357
677187
-2975688
-644955
438397
-4595841
-4522240
-1297066
-5754985
-142879
-3924447
-2272710
22638
-4358490
-7754553
853466
-3729710
-885640
2638576
-2988238
-1240900
-413130
2484331
-77238
157919
364927
-490063
-4496528
545813
-2875137
-653471
-650029
2539730
974940
2420669
-663631
1712073
3212926
351638
-419112
821292
20255
-4242768
324652
2710784
-3782490
-856241
-51907
-5647833
1086023
1241030
-59153
-5638162
1368007
-1198702
-2948566
806356
116466
2021214
-3496896
2135574
-2730267
-1461222
-3987714
1767504
-591013
-8164310
-6897572
-670024
-2619866
732992
-1486126
376883
-4017835
703731
-2844242
-4781963
-554381
-2701937
-3998533
-3761186
-3156594
292054
633070
783181
-4058234
-5780348
-4965540
-97090
-1626510
2246067
-7944388
-1130184
2080540
-5891953
-2383523
-455908
-2006934
-2030765
-3765594
-283953
-2141454
-3050730
-3278081
350432
-647423
-1486330
-2226487
-1967684
-990694
37837
-1958703
-2037299
-1537836
-984143
1486423
-3626258
-6181066
-6305056
-4034240
1867232
-1596538
-849571
2088479
-1906913
-1352055
-968664
-3534777
-4415045
1828105
-1075499
-4538534
1075565
2253949
-2310035
-197942
-465160
1483461
-419702
-774401
1320187
-2894626
-653883
-3232267
-5817380
-5613225
-1839901
-1163098
558661
-5133824
-3765893
-119866
532998
-2616810
-1310433
-3623634
-3873059
-2699799
-2102121
274326
-6264064
688526
-2728241
-3948464
-1415016
-6229442
-6900539
-7149333
-2766966
1745343
-3822725
-5631281
122942
-158601
-2702769
-1795417
-2789173
-1699930
859856
2095596
-1165777
-586489
-3524966
2709723
-424146
-396592
578207
3130085
-6268110
1637378
-301755
3932775
-1281864
-2840026
-3048333
-6599993
-5146054
766065
-3523236
-2454232
-2364583
-1973011
-2088945
-224095
-291461
-2081862
-3616393
-2015161
1928207
-4721052
-3383391
-760516
162081
-4145349
2855821
-1549016
-1059651
-780308
-119485
972703
-2584427
-1085638
-2876657
727483
2584453
-4888523
-1530072
2028243
-232772
-1886014
745251
-106129
-1115478
-4820553
154665
-5015301
-2433777
-2417607
-4153228
-14752
705279
-1702242
-144743
-306684
-388172
659659
-4856798
-1511383
-5477102
-297856
-567329
-3660578
-5414843
-6691056
-5859800
-4358204
3118580
3306640
2526709
-2369780
-1669133
-4211675
1973014
-5659153
1563432
-1346918
905053
-4438275
826838
-550767
1063330
-1773182
2247387
2821321
-1168204
168107
2504570
-3301611
-5144024
-747311
87570
-733512
257110
-22491
-310600
-5662540
29736
-5754804
-7065481
-1011846
-1387301
-2815687
-2501456
-608963
-2191453
-3489014
-4502139
-7635168
-4181741
631888
827311
676982
80790
529384
-1561157
-3304094
-4899452
-1393883
510650
3567303
-660965
865693
2456501
-921705
1419853
-3848156
-6543171
-434409
-1679088
682590
1648023
-1699101
-2133629
1763616
-460052
1055727
-193520
-641419
442159
-1099766
-1723903
-1907752
-3432028
-6764638
1856837
-3301660
-3202880
-3481903
-1131332
-4300076
637113
275286
-2050280
-1628718
985707
-233619
733373
-4156663
-4590814
388163
-2847076
3592590
-1346191
-331340
-856696
-5066989
-1624951
780765
963787
-4820203
-2267216
1855426
1096724
-1843427
-1179140
2627901
-668668
-3716963
-4609016
-42184
-1655496
-1202583
-2368592
1629877
1802256
405726
-671387
-1970162
124714
-6836169
27743
-6336389
1589390
-5348830
-4079441
-6024230
-1328541
1423004
-3033838
-1463751
-1304168
585235
327926
-978517
1877474
-8815325
3261497
-875125
-1818519
-849447
-1185007
-727724
-2429156
-303320
-4108565
2184417
-1139739
501129
-5564005
423447
73126
1440710
-2736733
2600161
71181
-3276470
-4929849
-3280272
-2986712
-5053947
-4997451
-5385042
713906
-1050215
589721
1463889
-1668496
-4448982
-1169492
397577
1147965
-2487955
-6357726
-635007
-1578242
434202
-1863270
-591028
-1504947
973846
-2062832
173885
-871937
-1452560
-660806
-8061201
-2197208
-1173343
743500
-1122427
1879147
1649956
-657815
128822
-1114630
-752057
2053472
-1777985
-7823248
-294713
-2846139
-1892521
1307704
-2267522
-1247267
-3498743
3930992
-259178
-897095
-5330816
2214037
-3658399
479291
-877723
-1632450
-728274
-913545
-4426631
-477702
303175
1154908
-2544437
-64938
-1905064
-5645198
292843
-4736633
-1017392
-2042313
89757
-1198643
2562576
-3519442
-3771914
-6616829
-5709175
-24369
-669257
128319
-77380
-384924
155392
103047
-2313762
887238
-972369
-2628076
-1224092
1084360
1424690
23431
-2162562
-178954
-1935298
1641690
2053212
872444
-857949
-6008494
140982
47969
-315886
-3412503
1370151
493215
-1483226
-2423880
-4756683
746679
-740256
1570637
-2473296
-2039212
1321337
-6123641
1883926
2951361
-4380093
-2013627
-4498346
-836809
231858
-403450
1501234
-1881344
595340
1071792
2064960
-1547906
-1067927
2477941
684133
-1717407
-5422854
-3596213
3322953
-7330574
684038
-63628
-2000278
-1253154
-111989
34047
-947475
-357107
535052
-788313
-1212512
-663756
-2179206
2253077
3770469
-1533401
752680
1425408
2308148
-1218100
-42161
50204
2492002
79428
-4610946
-3232624
-1849079
1184851
799048
-3741908
-2051819
535581
-2194813
159881
-1007090
-2215780
2884761
-3685935
-1151953
-742947
-7947532
-2850782
-2458482
-5689229
-4244890
-5807503
1238659
2918330
418827
-4791500
-3713288
-1640696
-4346636
1251311
2121572
2273927
-603703
226675
1197312
2724807
-2223333
-1000608
-1788346
-2753537
-4421608
-478124
820894
-2896730
85201
-4746372
-8862208
189828
-77625
-247923
939995
-424579
-658590
751100
-2039880
-855018
-3605888
-5730306
1285633
-4964503
-517279
-1303690
-2315317
2035829
-1772791
273342
388165
324440
-3598254
-2849161
2167285
-4059561
-3528223
616879
-3111907
390490
1207534
321238
-4173495
-876458
-2361938
-4329022
78588
73164
400961
891103
21010
-3665733
-4516420
1080506
-932331
-1650044
-90578
-601363
-4052709
910939
767125
733702
-4763204
-2685715
-1471416
-5490445
-2076971
-436265
-2206832
5429287
-402791
-1015414
-7220122
-3968658
-625081
-3928164
-2952998
-150984
-265317
2367974
-698974
-5158817
-941256
-527109
-5998101
-5724132
-4249129
-2488899
-2880766
-2770981
2783908
-2273524
-680101
-3427920
2731887
498709
-2703582
-890954
-3917413
-3058521
-3922256
-3626572
1861533
-3985528
-3176462
-2517637
-3594468
-916021
-4797680
-1769772
-626734
-1939599
2828423
-6606093
-2830421
3259024
-3529946
-425228
3809870
-152660
663507
478531
606544
-2380492
-1331759
-2229327
-2211482
-3091077
3346622
-3493496
2283000
1135348
-5264762
-3982058
-3102035
-263936
-1942095
-114886
-135222
-433300
2887727
433446
3190427
-6343682
-2437036
-5225158
-7100289
2788524
-1904068
-3773502
-340710
-6212244
107001
2155419
-5054471
3165642
3486104
1416342
-3721233
-8732798
-3928111
-846206
232828
1552894
-3436137
-1020246
1051984
-3286287
542661
-2736782
-373258
-85068
1367559
-578985
-253088
-1090303
-2716469
-4959396
-5090670
-4054431
-93298
-2438021
1771635
-2654754
-2565702
-2766550
-3404634
2314504
-3323644
-2253598
-149213
-334430
-3162469
-317839
698938
-3088744
2592447
-4172701
-4435511
-485215
-152627
73241
-569701
955426
667674
-4139992
1358491
953451
-968395
255835
-6042869
-764458
-454237
-3141907
-876046
2805016
971234
-4265590
-2297117
-361000
202543
-2299770
-63187
-1182413
767198
63914
-648420
-3083557
1020657
-1753686
-3515272
-738163
-4202370
-473300
-2114602
-253900
-2595864
469027
-880105
379848
-4846252
-7783258
-1171410
322397
2924388
-2425472
-5006665
1082331
-2027200
3609771
712039
-2297916
-4424079
-3223639
-3737721
-1282258
1150789
-4313732
-2494416
-341697
-1035477
-2408432
-1887503
-3726269
-4257164
1989027
2215611
-4023477
5109951
1591942
2378706
-1482291
-3975647
-3484376
1754037
-38129
-5200131
-4856001
-2496227
-4843740
-1448312
-628876
2290562
-1965814
-331774
-2101246
-2534857
-2089380
-1224612
-1635942
712299
-1124078
1498503
-1959275
-2327308
-6040679
-3235565
-7131441
-995090
-2686195
-427106
-3669318
-1024252
-4707692
-3728552
-3036178
-1401528
749086
60854
-754640
-3435311
-546976
-2995124
3192763
-3763047
1422296
-2373483
885110
-3544653
-4177599
-6513668
-211460
-7168084
-5746014
-4400198
-2839824
-266222
-2756314
-802874
645351
306139
430433
-4455943
-841654
-103224
-2812080
-1970386
1134047
-2156678
-838672
-1592661
2061266
1055531
-4319170
-853459
734208
3358964
-1242261
-4484974
-2064476
1280029
-2563174
-340828
-75699
557320
-4638379
-1704349
-7013311
914600
-3698864
48096
1090152
1628324
943118
-849087
-1616550
-657685
544267
-2308823
-421602
-4290924
-821882
-231072
-4814478
-433795
1691436
-3338266
-3952986
-3374116
-2423525
1852910
181077
-872247
199285
2468610
-2732481
327671
-365385
789657
464199
-2181691
-3775760
1071633
738675
-1591091
-1003480
-3024013
-6330325
370074
-2044831
-4740126
-613756
-228482
-1199108
-2931561
-879865
-3597538
-738495
-3801203
949966
-1771647
-18669
1454592
741957
-1748145
-980316
-1245127
-635773
622578
1429924
-688552
-2795154
-736113
-3090493
-918341
143471
1580105
232312
-2455429
1053887
-3747504
1572252
-3830321
1004526
-2736040
-4103479
-4371645
-1414826
-452396
-72394
1202623
66671
-85728
-1629235
3580783
-3461725
174947
-845420
703016
-1765882
-1504043
-188641
-1458469
-74865
-2677653
-50232
-1163574
807598
748121
-3649323
-458077
1727359
-4481373
-3381032
-1872162
-1608764
930284
-4753938
-1199525
-5006205
-349077
390051
-3023826
758396
1567998
-46553
1524453
-2924833
-2299283
1181461
-5492395
-426825
-633546
-1490512
-913505
-3290214
-185866
3458643
-1695099
-1628806
-1177386
-5154728
1024233
940142
-7417866
-5762024
2467751
664992
-416267
1856920
1702434
568133
2288803
-1204555
-305451
1107698
-3168633
-3335611
-3069601
-4606953
-643211
-672502
-2724896
-6010200
-5243116
-228753
-307094
216403
-3328263
-4530527
-5443387
-2861160
1268403
-3212740
-2257947
4931610
-791599
-733421
-4677640
2040334
-3999192
-1810899
-136855
283904
-5624000
-77361
-3106381
-3545868
-2278640
-767404
564840
-274955
161565
-2022156
-4906389
-3501452
-519745
-2160383
-4999485
11758
-1747972
2270538
-1067293
-4208730
-3746192
-489305
-803713
-5255191
-3263604
-262553
-4854681
-1141174
2148930
-3596524
-1160545
1063723
1960379
-1076839
533907
2388402
-1104563
-1118737
-256985
1475447
-1324126
-1396901
143529
208847
-3105267
-4245342
-635418
2333344
-1542662
-1309083
-4753992
412766
-3074926
-603742
1458004
1007567
-43120
-6540996
-1710975
-4255644
1587776
738605
-1929315
247385
-1265562
-511756
-2692069
612030
-763795
-2929199
-2115874
-2002730
421975
245509
-3923830
-1135225
1580552
573151
-1151874
-941427
2209975
2108516
-1211521
-1020562
-1048842
-5253892
-1209393
-740793
2454355
160127
1228147
1175339
-1589855
-6091433
415603
875704
145748
-5784971
-3154196
-5299260
-1608837
-1515678
-4227783
901811
489564
-1799435
-1549748
-342380
-1324617
185846
-3341135
-462740
-3944705
-364029
-4226812
-2357263
-908383
-590649
664635
131848
-431232
27805
28700
-794080
-105050
-2612470
570085
-635968
2210478
181300
-1591031
-2556660
-2851856
-1898812
-1760809
-115366
-5733583
1812414
-2405202
-579135
-3384997
-1460934
-1332109
2858458
-3682262
-1098180
546800
-1676383
2649405
-1434617
-6258968
-2324666
-760050
610386
-4819184
-3034311
1586873
-4322152
-3266925
-493100
-759048
19788
-63978
559597
-2047625
-2470439
-571851
91662
1623619
-4207523
-3617330
-5182526
-5407308
-3031502
-2789982
-786891
1702166
-5022800
845110
-2806136
-4074965
-1766761
-2908858
-264589
345133
3123165
868209
-2028971
-3223544
-843542
-1280276
303110
-1276075
1366796
-3438515
-1636050
1687575
-4889748
-261957
-5093870
-3711626
52923
-604369
-3837533
-1036851
939667
-118714
-1749145
2762177
-134534
-5878716
-1306048
-294172
-397336
-1956974
-447337
3104022
-5465774
-1226637
-3211646
-5990429
208848
431053
-657054
-5570294
-4942629
-3007583
-3490051
-312537
836969
-556143
-3857954
-2430390
2822087
-1542260
-2460689
511412
-2140153
-619502
1645298
-4270379
-5017265
-6700418
-602574
-598061
-1753512
-357505
-4885798
2158255
480891
-2305321
-2374421
422869
-4283610
-3272434
-5993514
-5273314
-4279357
683893
-1413072
300764
450643
-2502051
-705859
-2249809
300741
-4941320
578320
949335
-1255539
-1221186
-258567
-4806987
1402962
-1637293
1942274
-543719
-20774
-2403445
-1352637
3502197
-4193325
-1966472
2801578
-5416975
-5448111
679957
70889
-50371
2813678
171351
1987134
-1308709
-2158573
-57082
-3611623
-7375739
-1113096
-2888907
700582
738148
-3827074
-3039771
-2333690
-759245
315962
-1197477
-5196161
-1192584
-3580041
-4873706
-2158974
-1891343
357547
-6616966
529254
4479231
-175514
-984362
-1803870
127970
1029333
-2445667
-1910132
321307
1084978
-326140
-8303316
717004
-3848146
-832955
467498
612925
2493617
2530971
-2471089
-1680859
2149896
-773684
-1517395
49143
-1694510
-871886
-719273
-3476632
-937856
-174244
-2205294
-5324723
-1573291
-2492422
4156723
-1437837
-1038190
-3537085
484248
2681872
2312794
-5627374
-2017644
-327746
-6560575
-1763796
-1875168
109927
-305885
346886
-3045497
-512855
-1269747
-133764
-785329
-3457943
19804
308876
-2285839
-4415543
-925819
968734
-609408
-6967723
10537
-171606
1135637
-4097619
-1015317
-4271028
2091840
-4592553
-1297570
1368862
-1356167
72184
-3103623
-1482016
-2971598
-680611
-2496766
-748516
-1134800
-4758424
-772148
3661931
-3854705
541420
1312692
-178959
-57909
-5691241
-3826891
-1257731
-2694843
711045
-1471140
-2844782
-1135028
-2794965
-1229571
-634188
-2476522
-4039855
-2840315
-1227168
-5327173
-1862484
5473719
91266
1002257
-2410951
-126235
-2653900
3144391
-7802
-955858
2260123
44268
-1375439
-4306779
-3597160
717317
1036241
598992
-2761257
-3759529
1308168
-6709759
-2803668
-673323
-3451997
-1210813
1086367
-1915321
-662795
-4234894
-2021340
-3455074
-431065
-507875
1953981
-1824784
-1132177
-2944411
-4746108
2774238
-53541
2014271
-1647109
-5701888
-747234
-357681
-3466846
-458722
1091729
-1367613
-1104431
-275267
1167941
-2164557
-1684289
-846125
-3298538
401201
-3169472
303538
-757831
-1940389
1051744
1298012
-6791193
-4295796
-5157052
2127462
-676832
996981
2783887
-3602043
157883
-4156231
-248419
-4493172
2910525
2007349
-577783
468574
-5767235
78175
603372
-591071
-144758
1580699
-600648
1263304
-45734
1840442
-957216
92333
-2877647
-49210
-647550
-3665518
-4367453
-1336660
-149550
-1581174
-822354
-929605
-3837421
-957661
537732
-2478594
-1263306
-4125709
-2609953
-596292
-3189249
310058
-4738839
-929176
-2317582
-4207681
518204
-1845245
81548
-5769513
-3201622
2850471
3160405
1521
789187
-2236160
-204165
-477986
-3331445
-816453
-3445229
-942191
-3634765
-3108973
-1464501
-5162375
-448986
3499859
1672193
-5161270
-415030
-527528
1527026
1084059
-331272
-1633509
-5973261
-2489742
-1481320
818124
2737560
-2942181
-2165893
-4420002
-7969206
-312981
-1099944
1039345
-611685
-2357329
-430707
22219
-4142295
-2898131
3539546
-1650324
-2311262
-1039871
-1583738
3830144
87803
-771830
-3337074
-125514
721051
734536
11176
850082
1272443
-1710201
1991557
-488637
-2311720
-1745297
-1199663
146793
-5194109
-1159969
-3745280
-1674681
-1926164
1099456
-2986814
292570
1007711
-7987769
194550
-214141
-5285672
-6842518
-6757823
538061
-911521
114161
-167859
-487340
-2522844
-590788
-1682159
-1704756
-1017050
-1877407
-691457
-959244
2479508
-6805
-1111311
5574498
-4039094
-2842702
-3519094
-5725614
-272596
-510142
-728870
-6638880
-1095616
-2761262
-265608
-7467270
-24518
-901123
-1068879
-758599
-1962979
-199138
-1645429
-504297
1450962
-2613825
-2974866
148649
-2180149
-8283065
-4953263
-1716566
43524
-3230746
-2418109
409997
1692198
704110
-3724130
-1527413
-307679
935294
879905
-4437314
-1516454
-1200356
-3643351
3245271
717914
-395922
-3825724
-648483
-3133835
24163
-5619502
-3646784
-3789108
95247
-1102496
-3049221
407152
-3526135
-1308108
-793231
-1053445
-3218754
-361260
-780509
-3709191
-1729691
-3850320
-160584
2303346
-3261049
6134
-562752
-6066568
207810
1145219
1112578
-1055151
-2982177
-852466
-3436615
-222327
-999857
-2377455
-2628481
-7410920
-2712073
-5825367
-1137790
-3173881
-432818
-1300107
-339872
-4521667
-4174868
228714
1865194
1241221
-3100194
-129254
-640958
211541
68435
-2126259
-2151383
-477512
386069
-2846555
-2727086
-805622
-1012621
-892832
-1526600
-2409820
-1383973
-2817604
-2389788
-1220911
-2630757
5557571
-26232
2135865
378311
-4740353
-2686300
-689256
304742
-866286
-99282
-4090708
-5937472
-2612514
-434895
-1641195
-2594399
737126
1951172
-1014615
807693
-515537
824539
171131
-328178
59218
-6216873
69481
673587
-4709377
-3838463
-786818
-2837246
57161
-540867
-3367954
1378334
2458220
-3639558
-4752143
4022886
466864
-1550275
-1064374
3076314
1515246
-566689
-4733056
-2500800
2028532
-1421469
2202937
-3584395
-351641
1184706
232222
-2654425
-359869
-632383
-164040
1586061
-5064909
-3627103
-2918323
-969822
-3357907
406918
1411757
-179172
-119010
-1820332
358425
-5789759
523098
875531
-137875
-1565454
1103000
-4959705
-1005331
-2311760
-2578705
-775211
484389
1228866
-1252917
-7139506
-2511086
3435413
-1515757
-963054
396178
1711213
-1915954
535336
-2796834
-159545
-68048
811794
-306124
-5086523
-522159
-770155
-4107454
-3757708
640555
-268781
-133056
3133290
1384004
-581238
-1444622
731994
-5633499
-1549814
1797060
-222083
-4969561
587452
782828
-2512176
4632313
-865688
358959
1368724
3370304
-2759858
4214531
-844271
1952628
-2122587
-2381505
-67001
-5185969
2276913
325634
-1697878
-6280555
-1816816
-3753049
-1440482
-7568312
4364218
-2513908
-681323
98306
-1147115
-831393
1126992
228464
-2976579
-1913417
-1556394
-727478
469313
-2746670
-3888141
-3512899
-4516980
-24352
-2749627
-1536598
971586
880646
1153170
874252
-2576676
-4850774
-1883589
-234662
764355
2060683
-6907384
-4748296
490425
2165379
-5299676
-827145
-2101435
2181642
1560722
333531
1634207
994870
138051
1149054
-1370883
-568468
-481441
537844
-2049528
-1860119
-3148761
329311
-3576580
-1307561
299690
188707
-4651572
1028854
-48171
-1390576
-589436
-1917422
-868004
110330
-1314378
540856
156698
-1192536
-1418523
1199024
237990
-2891449
-3236882
790570
-8242632
1363484
261363
-5070675
-803066
-1507257
-1361812
-1592371
-6174864
50112
-342068
-1947910
1417894
-902597
-7245468
-4479086
1179812
-3911067
-2724150
-5322329
-4337182
1807930
514189
-1151311
-2988976
-1312785
-4146699
-1025947
-4766626
-573554
467734
1673205
-3689160
-3825167
1286824
2654210
-979412
-4800205
113568
-437596
-1516568
-552739
280587
450885
2773180
1330048
-7127850
1283236
1130874
1545795
407248
506279
561760
-2497844
-3661769
-5581590
555648
1490747
22556
1120988
1554470
-974413
2620717
-379985
-3817969
158395
-3093
-986439
728073
-2734283
-1458937
-1585249
1415946
-4614609
-1909927
221682
-909746
-358266
-6588674
-3355676
1313238
-2083189
-3836928
-4515108
1731355
722607
422793
-5666686
-733343
-2951157
-166238
1508700
-647889
-5211493
2369768
-3127831
-2160216
-3417479
1322111
-1283339
-4835864
-3254451
-2003806
-6100577
-4051987
-7563093
-1112204
-3713712
-3908881
-4861207
579862
-2912111
-1350571
9684
-881172
851563
-1874070
-2043741
-4791990
1889863
4156548
264261
1407472
-5307810
-982263
-204273
-791028
1055069
-834054
584396
-4926498
-3438297
-2462876
-3197621
324949
-4685363
-7517980
-2048185
-34567
962364
1085726
401929
-5228303
-1585053
-5264795
55668
-519040
-1047825
69710
1320324
-6378913
1024130
-2663824
-5329144
-5144438
1147411
604679
1748060
-7516921
-231481
-902196
259780
-6742380
91670
-2694302
-2394458
-2357571
251958
-3574265
-1019982
-1197645
12556
972146
-965403
121891
-2772506
1968174
85
-287217
1216724
556990
559611
-3166673
-1633313
-2139449
-2555160
-5275871
-737738
-1042529
-663112
1622371
133515
-1520200
819894
-4203164
2742019
2565866
-1218270
285562
3034519
-835484
1470938
-2458203
-1405905
-2288427
-1999026
-3031558
1353231
646483
-5788443
3359258
3115229
1619136
2098149
2930128
-7823713
81719
-339827
-2894320
-1006325
-3248432
1794897
-4697323
-2220211
-1753355
-3973129
-2641866
-716390
-306570
-1185749
75822
-1644088
-841414
-7550075
-3976884
315423
-3891129
-278008
57790
-737325
-214527
-3454598
-2142090
46904
-4275766
1594860
1050933
206065
-4308696
478038
883544
195976
-5006829
-342986
-2427824
1277818
-428478
-3510964
-4584858
-1233057
-455471
76634
-3244918
2211047
1049129
-4503784
715835
-872149
-2977542
-5408651
-2575804
-3204975
-5332934
3450764
-7707121
-7884920
2968786
666830
-679203
-3451903
-1055248
-1265182
618854
-566060
-513076
841907
-5088928
-2411540
-81132
-4528370
-4371624
518228
-1796263
2004414
2299206
-4651689
-392298
-661244
-3061395
-3895107
-1516157
1559325
-509836
-1187527
-3115093
1626094
1181684
-2036890
1305153
-3389916
-3259038
-3247947
-798842
2222226
-1421320
1036362
-5451752
-507761
-1930611
271467
958379
543522
-2757701
-2079397
-357689
-1786007
-4394165
67671
-1948891
-1287680
-6112599
-1716207
3114295
-5690240
1844115
2172646
-1705070
-5179779
-3881424
2496755
-7618872
608476
3065377
858207
-8221106
11643
5849482
-3582285
-2068862
-2657379
424388
-1759270
-566913
-515237
765002
439671
985648
-1092881
4888621
867817
719142
2127503
-125155
-740348
204458
-4649062
-5033094
-2529373
-2888213
498212
-715628
-2204700
-585887
-283438
-65737
-2793208
3050948
-2721121
-4498132
-1369619
-778678
-3818922
-5959450
1013990
-127108
-625435
-2930085
809962
-773081
-5224667
-1821404
-118224
1864996
-5250518
-771152
-791104
-367209
231596
585095
-4109332
-1094420
-4227217
-5171711
-2081861
-3417187
-868934
-843318
-1244095
-4296597
-379977
1111713
861699
-2919679
625349
-2200101
-3257874
-1499481
-2786963
1680915
-2821434
1301581
2853971
-2864593
-330469
-4566702
-5868168
-895630
-764188
-1490218
-1405814
-1514308
-1201446
-4670083
-2360904
-5819292
-2068670
-4626579
835560
-55198
-522981
-1129822
-1547974
-3924845
-4180006
-2252158
-351810
-218505
641404
-2286927
-7360777
-5330742
510458
1049579
-2044989
2006613
-1646853
-1338143
-2924171
-2051175
2096764
1040501
172254
911860
326715
-343395
1846678
1088459
-1445882
-4036003
-2672728
-4748592
1383034
770653
3465997
431693
-5674199
-147525
1201254
1765003
-588241
-2578640
-1178852
-160314
-6527085
-3983658
-988650
-8331604
755882
-4878216
769733
-1901855
2698331
3664202
-3953406
294529
233112
-120206
221536
737493
873948
1531860
-817753
-1444330
-944333
-1619453
92492
-5577009
-856705
3274553
-1951529
4319556
-760240
1247368
-227115
1965338
-2415443
3899365
-1976755
948771
-4329227
-4703513
472199
-1778083
2005035
644261
3017834
-1564030
-1116649
1822523
-2158693
1300313
2794217
120076
-1706116
1437018
-2804932
-2698770
-1452214
-3914407
-4769811
2528081
-1696180
1234819
-1688123
797496
-8956820
1196312
-5224848
-3945387
-169084
1780631
-722098
-1515248
-2287949
-5104972
2384869
-1000524
89796
62538
-2421320
-4116838
1644080
-312357
-1915097
-1530234
-2501204
-4206389
-4639245
-5081933
-1365664
172613
-2385165
-4015536
-1356826
450103
-2874944
-4844567
-3154427
746729
1774302
2082832
-2138283
812307
-896595
683026
-2084535
456551
1024615
-703886
-167602
2300349
-2758145
128436
-1194051
207210
3320787
9637
-3028838
-2087742
-1221982
-2787713
-981455
1688821
-3902221
-4019208
-8829432
-828243
-817220
1666762
1003069
318438
-185627
-6292369
275430
-7428429
-1708391
-2525803
-1604376
1859171
1195361
-2677307
465294
-26696
-619829
-1397187
-2745939
1158149
1672179
-7560033
188107
-1091195
1310117
4611122
-533410
253169
623896
-1151251
1857248
-7700725
1690126
-125955
-7788079
171945
263709
-1096901
-4409504
496353
-1109959
-640928
-3816759
-325157
-6086130
-1244093
-486151
-6971633
-104146
-5044675
466113
2367988
-552291
-154320
-1280212
-831163
2060935
1282614
-3418061
-2907601
-1182442
-527284
70792
-476880
-4552441
-455977
1358278
-587379
-215726
-3259395
-1583824
-970321
-318331
111864
3097630
2574379
-2379003
-1371172
772497
-4626147
-137165
-811735
4098598
472571
31567
-3844399
223574
-6238160
793515
-687340
-1564293
-2639793
-7693988
-2107525
734070
1053904
-8142712
-887818
-1269414
-719842
-38819
-254760
-289193
-1898051
-397254
-495434
1538928
-2162617
-1651975
-2055514
-1207284
-6213110
-3870093
285728
-2247060
-3032882
-4153361
-1751744
-3412154
1294353
-3243593
-596953
-3779826
-222360
-1892876
-108876
-4010689
2143216
1104611
843806
505694
-869199
-97593
-2797819
554799
707313
-91767
559730
1446804
-3189362
-2755998
-5389109
-1697386
635800
153974
-2148118
777362
296531
-3381972
-7752810
48405
-6303431
-6772130
2056170
3037719
-980679
2750561
-4798140
12557
1149107
-317587
1591203
2242984
1066136
-4429682
-5170831
-1159099
-5996734
-3699924
1696381
3831158
-63103
-1939824
81398
-3533954
-528742
3193926
813415
-3232403
-1915466
169944
-3014697
-271808
-5269191
-1033072
1026007
639798
-2156840
-4218817
-581663
1574067
-5713778
-523242
-1098177
-4990488
-1176150
3370189
-703549
-1354691
1218755
12343
-3594722
297065
-5017528
-737115
1017751
-126513
-103138
-569816
-4803676
883813
-529513
-3302497
3157318
571840
1544159
1062689
1526362
-2082144
614243
-6623661
-4240730
-1146163
-1771590
-159178
-3198194
-3223702
-3210137
-136685
836689
-3516744
-2906325
406525
2116293
-1574327
-3641111
873061
1144109
1589353
783237
-3376646
140858
-5706133
3301321
-1000309
-1431168
-1908815
-2628383
-2397719
-1182975
-28407
-5958714
3527573
-3670505
-3678526
1459668
-7807848
-324164
-5114817
3196453
-2024346
-2620660
2242693
641594
331198
-3232891
-3912976
-2017428
-1004398
-6662122
-2483538
-2947035
-2639046
1407718
1599035
46716
-967343
-1321494
-1150829
-1821656
-5752898
-3480944
1801835
1025737
-643262
-8802795
-1026164
-2418957
-3160573
1823434
-1989096
4177511
-2936921
-2791684
-7628143
-4000674
-3189148
-1246318
-1263812
-2471996
-8636574
-2808103
-4596466
-278995
-2216441
1761588
-1679593
1241304
-1856645
-3528884
-96255
-2089917
1434907
-6639843
-1485213
187518
-1724529
-246379
-3454480
-1065927
-4118670
-552055
3113645
-5010672
354910
-1554062
-4159226
3084902
-3826594
343467
-1121073
1122304
1098295
1664351
-857880
1038362
-1432943
-77220
-2093843
-5076338
-1367400
-3336757
-5116229
150806
-2383307
-715455
767177
-4821904
-2611662
-4084652
-6261528
-1528237
-2379146
-4041329
-1638545
-4846618
1126443
1796366
-105851
-335670
-3639097
-3067131
-1416062
-3379141
-2389824
-3988931
-118848
1991977
-3549371
-263955
-2958703
-1791234
1115667
-1878956
-213092
-138805
-2637701
791577
-1241497
562327
-3109869
1347620
1304742
-2717170
-4101462
-103112
-962796
731176
-2758152
-2960995
-340874
-5211171
-1958304
2598736
-1673397
-3365412
1258213
-3070504
-87706
-2413960
211215
-1434021
-2925311
-1607877
-8503395
544407
-6741931
2163258
-4962113
-1042247
-1390635
-5555769
456805
-596589
581115
387814
-2031657
-1056653
-3024249
1450335
-3703140
-2044388
1352844
-251856
-2749200
-2841157
-651865
-1610318
-4223624
37689
-4985605
-351038
1517188
-4750808
-1917417
136592
676609
-913334
952921
-144079
-3812
-2971038
1919088
-3550331
-5552574
-7199275
1578397
-1855873
-2781080
-1543732
-2355996
-3058305
-2211993
857399
312116
-92342
1716423
-860773
-1493575
-1853319
-2353416
-5298374
-4243324
402941
-899668
-177166
-175408
-1106002
1365888
3571079
-1014000
-5883931
-123561
-1461279
1239563
-485650
2139860
-2249098
-1757826
-267877
1792995
-4011476
-163321
-471254
-379143
-5785022
-1491014
-4989057
-1334305
-1690174
45980
-268302
-2321273
-693520
-1066091
2097623
1848847
696278
949886
-939962
2256935
-1640669
1969806
-2887006
-2383600
-1904189
-1131275
124686
180174
-488603
-958559
244046
849337
-417153
2118308
-822315
-518276
262603
-729215
-3641228
-3885729
-1333595
-666661
-1513001
-2016071
-1467123
-267012
-3647471
-7866595
2781342
-6139226
1458459
-884140
3176467
1462326
-5891224
1410784
-2524
-2732466
-1788675
-197090
-1576573
-3081251
-8289114
-3380945
114497
-366465
-1877764
996605
-7143806
1587913
-4577199
-1102245
1116415
371691
-5513495
4223316
-2484775
2354105
913423
1141279
-1738444
-232907
-3371701
2673083
-168214
-2975719
-5088923
619148
-112024
220541
-1466424
-162340
-475603
-4969493
172762
-3039132
-2183504
-4331322
-6556981
1754128
-3990756
-2365584
-6537032
-439121
-3222329
-959324
-251644
-1100047
1944625
-2044183
2150239
1181152
1234009
516806
-1128713
3776477
-14389
-708759
-6033884
-5329769
102519
-3892933
-4053383
-2405046
-1969408
-3450640
-2769728
-1086184
4078357
487919
-3401373
-4334713
-514011
-7181810
261333
-2647095
-106028
-3675780
964680
-1453823
-5805441
2153698
171872
-2778783
-28558
-3420756
-1595133
606581
212687
2988666
-2127280
-1642384
-287243
-8617318
-1531786
358046
-1538158
-3303952
1805753
-1960733
-1034138
3179228
-349816
2465092
-5620578
-5202782
-102184
-2312413
-234577
849330
213255
-1736630
-3430710
-2165383
-565146
-195889
2837965
4743406
-1308447
-1084260
-4917344
-2903338
-4130917
-5477864
-260128
-1653029
-612101
1727740
128084
-4043044
-2646511
147443
-5349425
-4287635
-1313078
-1406030
-2468486
-4264549
-1709931
-2343254
4283844
-689506
-80202
-1803057
-1256244
-2287392
-8689322
-445629
-5686054
180311
2948829
-3068472
2103417
32416
-3433445
-5857220
1516789
-914198
-3984990
-1089022
-7225538
-5461705
-422832
-1714326
-6269974
-404934
859782
-2231361
-1094963
1117933
12415
-2491959
179870
-390716
-5625346
2746356
462831
-2782846
1564699
682418
-950488
1978050
-5098081
1294485
-6615888
-5030234
3718774
1590743
-496174
-1949442
-1966382
-5071948
-874154
564330
-3783949
-1041737
2142818
-357393
-1579511
-183948
1353384
1469783
-6020480
1042057
180537
-1746483
3212062
-4593689
348026
-4234554
-5490974
-2185807
64083
-4770971
-102731
86487
-2307327
-619114
-2141880
-457565
1604849
-6605009
129926
-4342121
-3100198
-83301
-1655547
-2604678
-696760
3251379
1406899
-1380859
-683487
-623997
1148999
-338952
-1185832
-3323219
-863423
-383991
2418123
604903
3189449
-4666586
-1312215
485470
1287916
-913866
-2718084
-2693014
-2302724
-4686259
-2706798
2040230
-1401938
3640242
-3449935
-4443063
-3092419
-6419401
1738519
-3997645
2631826
111073
-175853
-140428
390072
-3162409
1922237
-466920
-4770815
49144
-3730003
-985052
-3654516
-1882512
1213674
-4864214
1319350
-3078114
-1370526
559275
-625087
-4160786
-6059960
-4055508
439182
-1096208
-1565717
-1779362
-25357
-4656692
-112537
594984
-3731126
-7633966
-5163654
-127783
-3679209
-3109445
-1587520
-1705866
-3301521
-757893
-344462
1584578
-3061654
519307
-632037
-3562984
-1235200
-4561811
-391131
-833388
-3572389
320891
-432333
244234
-3772669
-1212743
4432829
-3682022
52036
-6452888
-4422543
-1307351
-1961374
-759452
-637515
-4234474
-4012516
453506
-149551
-2233492
-3428165
-1092319
-383739
-324971
-437336
-3237546
-134386
-1716341
180967
-8507119
-1382174
160739
-2191728
-2577653
-1112507
-2108285
-2056642
-3107390
-5038824
-1789892
-701387
-205182
-5306507
1042275
-2495449
3045606
-3103740
-3603964
994032
-1688753
-476741
-1271434
-6858248
215580
-4758280
-1925345
2275015
-535051
-2271781
473917
-3985575
-920517
-1442404
-7773200
548931
-984262
-779189
-3434829
-1315982
1905999
-6667546
4493109
-5356845
550628
227200
-349990
-5835769
-2806013
-1347094
-3709440
-2951232
2081925
2545271
511307
-3125731
-479678
-4869368
-2074495
480084
-445785
-3211049
-416426
-1207322
-2389227
-72603
-4299281
-2338492
2394376
-607020
-7115951
-3016423
-597224
2678093
-467582
-4886109
-791624
632090
665595
-720185
-4213764
2275737
-4569683
-4448360
-176097
1441673
-2102265
-5014134
-7358523
-5132853
393596
-5490372
-3723873
349780
-4717101
-1537150
-4188530
-1280013
-1304175
193144
2251339
-3160366
-4967085
-704661
-3644452
-5426735
-63872
-246185
3161375
1124861
-7842232
2009954
-1009488
-830138
2011334
-128872
-1155007
-5549373
1623467
-2745180
-3646691
-1208930
-3838413
3926754
-5013316
-408307
-1983424
-27204
1343057
-1539320
-1389694
611997
1093254
-3767955
-187154
-4347256
-3503330
-2613481
-6830994
-712154
-494712
-3311985
-2013760
767501
-5299285
210023
-5108690
2151464
1488821
-3844863
2624394
-597080
927463
-709882
694724
2067408
-956828
-1021940
-2616991
168501
2499901
-1673015
-5360298
-2904151
-2618758
-5792025
-1581311
491843
-1801430
-3013327
-373455
-1307772
1960300
-5499470
2462970
-8248347
-3710029
-2728497
-2821125
971689
575345
4033114
-4035580
1342012
-4365605
-1557630
-715854
-5094589
2372245
-4501094
-1678718
-1125140
-2865106
391255
-723534
-3520352
-801696
-3045035
-2497753
-4730463
2450163
-2102482
-3392879
-2541383
-4584864
-2468090
-3140994
1092828
2921793
936860
1304498
69070
1849135
-218824
627902
-1507569
308837
33061
-5962742
1040138
56103
-2690796
-378810
-1435153
-292987
-1806913
2328523
-3988804
-30701
-2388578
-1449277
844452
-1540817
-1033188
494759
753685
-2678112
-2061066
-262374
-688128
-6139495
-239642
-3283803
-3126729
-571759
-3361091
4317
-782783
-242950
-413748
-3941563
-3368726
11530
1005254
468959
2361231
1756490
-5009252
982991
-1865849
393839
-3093549
219913
821143
-4280415
-1092421
-281884
2098507
-2123642
-5066661
-899847
590750
1023166
-3503749
-220367
151785
-4561737
-298778
-3721025
-1826662
3065826
-289397
-406425
-4673495
-2798219
-440548
-3599784
-1726479
-5724554
-3944936
-950218
-3206369
-4268842
-1092583
-746308
970630
-719803
-1474256
-4316554
576544
-5028837
-7276619
4066499
-1645436
-5565
-4597675
-1681331
-1298172
422655
603155
1434597
-6925539
-753384
-4666785
-148169
226520
2184632
-499807
338349
242937
1126114
1276447
-567732
-2163395
-3480725
-2949996
291710
68195
-2975452
-3447156
-3450521
40339
1136542
-5531843
3061183
3295347
1215338
-6347427
364115
386935
328313
228576
593436
-1611620
165699
-3614752
58205
-3086867
-3006633
-997175
-796979
-5412795
2905512
-2401648
-522443
381643
-4664003
-2879358
240865
-4855065
-2001755
-620632
-1090676
-6903626
-3821108
-1382031
-4823063
-5053918
474620
490818
2828836
-232858
104895
572573
-4463687
2947584
-575287
-4322528
-3846470
2125410
-5543861
-1273520
3997201
382019
-2979281
151005
3123427
-790546
-3603132
-4934319
1374674
-1346799
-253025
-3679971
191928
-3115339
-1834407
955506
-761726
-1560944
-1984655
-884671
3004184
-2963458
347025
5634
-3333029
2254914
-937759
-3207205
-991076
-3573248
-347137
409161
-191182
544708
-1342753
-4847434
1309294
-5324642
-4454248
-7621850
2052421
-1902747
-671235
312304
386007
-322916
-488731
-3332994
2382414
-542741
-2558103
-893757
-3460223
477745
-3495689
1691279
-1037095
-1169128
-3365777
-2313324
-419788
-1766493
1431555
2582296
-1011023
498416
-139836
-826001
-251315
-637158
440070
-901866
-4677582
678134
-2447658
1320568
1489595
1548185
-1076301
-721935
-158259
-420771
-3498666
779795
-6937352
-2265682
-3587578
-7322745
-1744013
-2440116
-3443417
-3671988
819285
-5520833
2294626
2838071
92096
858153
-3064205
-372390
-2165721
439136
-1284309
-4944140
-5115261
-3319375
-939009
-618553
4932762
-5994827
1086130
207416
-2447968
-5228530
-2665427
-264016
330527
-1184722
-7007237
-4773670
-5650900
93805
159147
-3847417
-2831758
-977369
372959
-3910000
164048
132068
669254
3969622
336063
-900305
-399025
-2204113
-5528503
-1257101
-783135
-1575677
3699749
1416564
-415019
-3296066
-1587248
-213998
-384376
-4448469
1436199
1948320
-520362
-808854
846804
-1905621
2060781
-7892981
284292
-4143993
370051
-2043736
181414
-3951857
-765464
519730
-6625517
3246184
-8202916
-898287
953303
2569898
-396806
813160
-995067
724811
-2391540
-2306376
-1104885
-2750839
3709003
-4182983
2219987
1675422
3689858
-2463072
-3306587
-4425980
-1015578
-5082597
-3901072
-4703613
-1569618
-6853030
-5240154
-590338
3099135
-477146
-7038281
-3589919
-4017317
-799839
-6412889
1968091
-2677167
237708
-1594894
-2372580
-306959
-238525
-482941
-4438285
-456252
-1126736
710134
-1890779
447254
362481
-3395823
-2537998
-2590682
-38998
133134
-374825
-3156719
245451
-2459361
-3789089
-84050
4194657
1252394
-5865518
-5642950
-4433125
-861145
-3646659
-4450068
-402639
24334
-266019
-643837
-3188286
-3919891
-5448825
-7257090
1165821
-1736694
-1892846
2077107
-6128931
-4169478
-3273285
2606723
-5401718
-1311969
-2351021
-4371754
1033882
-1472908
34173
-3739849
-5183239
-683486
-2882721
-391246
-4889614
-4714246
-3737599
-7373514
980969
-34047
991092
-1044550
-3352979
-5999471
-5284535
-693523
-5154653
1607363
17408
-1271605
1635019
1163734
-354449
357135
-1669925
912172
-3837451
-5369680
360171
-1526291
-291235
-2139449
-2391032
264188
-584941
-1710299
-6579380
1918681
-814649
-2414571
-2743527
-2163815
-2822039
1370217
-3484964
-435391
-251020
2756574
1935495
-3203524
-2960918
-3208009
-1031336
-471297
-3942500
1323027
-336554
-4870247
-1285789
-4583043
1978344
439185
3991367
-3779983
-1221191
-1965733
3027
63857
1416258
492116
2348587
244722
-775185
-5000167
-100200
-4507299
-1213321
-1301042
-2413776
-174574
-8040139
-4401493
-585665
1144611
-2867513
-772746
886086
-153024
-1257399
-599173
-1022665
389137
-2318878
2333769
4563021
-94279
-3391853
-2609897
-8544499
403061
-7164600
7874
-743253
-5046780
-4849242
-1506390
-776073
-1084540
-4383713
1744561
-3098499
1310312
220490
-3395416
-2642459
-1902316
-1119813
485473
-20471
-854452
-2560462
-1440727
-2139450
-3496415
1810423
-999336
112194
-4429528
-554662
-4398622
180440
560704
-121016
3353241
-5212325
1357324
68963
2750578
-6064275
-926281
-2602039
128029
-2136074
-466928
-776895
383532
258694
-6041822
-2985042
-2669388
-2548423
-52431
-3510587
-2899607
-5633278
-4045273
-718447
-1282802
-3490565
-1931047
-4167493
-1845428
-916818
1947608
495103
-2882732
-1737936
216680
183100
2800463
1861664
1432499
-3748814
-668926
1066593
-3286255
1820466
-5933850
-1485778
-1397941
1327153
-3350634
2618064
-4236823
419985
-6665259
-921565
521560
-5271773
-2244657
-5196504
-2681416
-6117054
-508105
416287
-376491
1045601
17043
889527
-1799913
-43520
-1642582
-2770089
-3740149
-451513
-1523360
-3016708
-5117711
-2684537
-548532
1580337
-5001039
-3859973
-3679270
-821520
-3963427
-2188436
-5089463
1569695
-39825
-2723066
1483920
5354217
204366
-1864678
-4352669
-40550
-755734
-1978996
-2023324
-2724373
1518326
270
377944
779463
4257101
-1478139
-2634345
1649027
3622
-3862608
-3782320
-3798980
-1358936
-263326
-3699234
-672430
1515291
1338224
-1042180
-4210945
921582
-2555016
3438992
-1733298
-2939436
-2332545
-754074
-4383023
517276
364319
-1015455
-172491
-3204160
-6262806
2195055
-3733705
-1079522
-2101915
-5104636
-4616249
-1069373
1245882
1824555
-959923
-790416
-878717
1916477
-1119457
3321030
-1632572
-1289624
3241435
-1725026
1143988
449495
-469193
-1907824
-180869
313033
564174
-3924878
-450337
-2125182
-7677037
-461138
-1579044
398226
-912451
577257
507159
-83932
-3161385
651803
-1229927
-5002576
-3795045
-3661519
-1308916
41669
81515
-1572984
-6702807
-5089003
-4960610
-2309242
-269264
-4336820
-6519901
-992733
2438831
-298706
-468282
115275
-2713476
1996952
935520
587918
-2074772
-1575433
-939315
-2108522
2093332
-3084948
-290601
-492726
-475946
-411947
-1464200
2463689
-5671601
-1313741
-1319677
-247427
943041
-5121484
-1547504
-127644
1421812
2988913
-422967
1218419
782018
1611860
-152972
-240215
-1026168
-7272442
-5624259
-2310488
818783
-3127397
-2547041
651110
-3350203
-335305
-755097
-4255632
-710300
-479449
-1643829
-2260560
-665164
902976
537139
-3732536
-1862518
379747
-1076421
-3393621
-1555874
2187581
-4968602
-613194
-4501999
244048
-2771139
-3431618
-724650
-5785663
-433544
-6792376
-4618271
-937080
-6975128
2597603
3281804
-3275596
-3410762
-1525890
-7202744
-1859781
-1595999
-7178063
-3438096
247899
2329742
-5930804
2781311
24480
-2971141
-528628
869763
-324988
-5177869
-3694870
-121447
-1687719
410813
-8311342
1766315
-337742
-5204983
-3550890
-1312536
-1473042
-3773757
-3661251
-5758313
-482219
-4034060
-773838
-3425209
946094
-1287227
-2736838
-737652
-956728
259954
-2530758
-1912253
-5289533
-1593455
-3219737
-834261
-2716664
-2448388
2210833
-1932505
356857
427641
-1345211
-1646629
-2156627
-3310528
2220952
-1229515
-7251630
-3943935
-1149034
-4011013
-4975437
-271197
-1197045
581627
246449
-2067308
-4232225
330213
-2792143
-976984
164682
-4918494
-714748
599236
1858931
-2503469
2213836
-4008062
-447450
508512
-90610
1336811
-421022
1888843
-364642
-4471540
-602824
-978830
-4166198
1581037
-658979
-1885839
1562359
471445
-3018529
-851770
-2171910
-2610271
-3524973
-1045615
-3364893
446185
-1504264
-828701
1111348
2045784
-1194115
-914971
-4569440
-4784606
-1529325
-28732
429495
-161684
-17979
-1389168
-945242
196685
-3178598
-420152
300253
-51036
-486245
406636
2248850
-664819
1172952
-2911553
416393
-4681727
-1947594
-555887
-1340994
715575
-562529
-2331655
379877
115576
-2111702
1463510
129263
191947
-912318
-3908259
1533267
-808363
-618163
-3534317
-4260058
2205814
-8511171
172728
-5123815
-1771636
-538072
-1496489
-4982415
-6769538
741355
-549620
-2383259
870031
1821671
-296821
427364
823089
-7231149
-6888630
-4087575
201515
1295447
-659311
1997425
-423665
-7196871
1426634
1231782
-5564699
-527420
-5277441
-234434
-594760
-1574049
214994
-2434994
-33472
633883
-2372363
104989
-698027
2040814
-4642113
88563
1839141
-1135021
-600299
-1627178
-4907586
-1662923
-2281205
2633683
-4531689
486259
333925
358822
-72933
-535251
-173490
-593491
219529
-1115213
1401884
-1550716
669476
-248112
-4974613
-953159
-6452176
586011
-3234044
823428
-5483608
-3154137
-293460
-2522942
-145254
-2122689
-1318429
387796
-6841713
-7362386
1387858
-3916572
-512820
290992
837393
1106480
-65577
-4174650
-1375587
-3967258
-202752
1008150
-4415254
3488111
-1136013
-4220279
-961890
-3971472
-240432
-2818482
109878
-6010380
-1029410
4886174
-4252067
2566950
-2194980
-361107
-3500737
3334685
-152072
-1541420
-520717
1212293
567184
1345575
1809655
-2844755
-4193580
-1299579
-833038
-1899237
-419563
467634
-2224829
1042021
-2460647
989935
-2196906
1786180
-1325312
-770838
-2450775
91005
80829
2107180
557327
-2803722
634661
-3819878
-4881813
-2844041
-600976
-3435321
-3147275
-1295357
3349893
-2931949
1171686
-5023322
1900937
591747
-1936407
-188272
-2794573
2246090
-5147256
-8367299
-2427464
-3044929
351966
-469582
595058
-1121831
2061877
-4458809
-948538
-2667849
-1733808
-1578105
210822
-2936605
1187182
2185089
-791892
613865
-115092
-92079
-372156
4090911
1138428
482541
-274352
-1168177
-4544335
-4025667
-7892868
2996225
-4461425
1251739
-6358684
211125
225981
-2841917
941353
1940959
-3484445
842135
-1654392
-672768
-2581905
-679239
100805
-2671896
514156
714158
478515
-723081
-3366825
-736126
-4724322
2331816
-2339907
1382667
-1232496
2340181
1187170
895559
-3599498
-3572373
-244437
-2017754
-4365367
1613241
-1902054
-1550902
-5301678
-2580207
-4430972
-621146
-3219533
-4442372
1401112
2586836
-1076574
-3171646
3869532
-2353035
319580
1491438
-13863
369072
961036
-3003948
368457
153995
-3547485
2543969
-1165242
-4901767
-2227984
-2085049
-62431
-375801
-2814697
-484704
-105169
-3299944
-651251
-1798526
-3747362
-164996
1417124
-790266
-1676728
-1783576
-1403087
2463542
-1729568
-21985
-7610451
-615709
-4553993
-2523371
-3001086
-3386717
-3752554
-7001612
-1840930
838529
-1207456
677948
-1686766
928873
-1032945
-1064622
-350192
320219
1478293
2885889
948623
-1526980
804402
483428
134043
-220248
-5013185
-1362882
2671208
2896614
-1474085
-1569665
-3776846
-462100
1075199
-1365206
-4083879
-661817
1890098
-434080
-3306886
-3192497
-5254524
1111442
-3871665
-89174
-950194
-1145155
-1891059
298922
-1343515
1099082
-3527682
-2162015
-560862
1960203
-416634
-2754961
-2471028
-299052
-4898506
-1492346
1927948
1877439
196794
-1945523
-2488014
501375
3050028
4012593
-2903650
-2343919
-3687460
383190
672041
-3568502
-923172
-656180
-3022767
544846
-1373689
1050714
-2369062
-607798
-1707532
894198
419790
-440494
-4240906
-3027196
-2342522
-4559062
-4348926
-927824
-4133850
-1256400
2841816
-2208644
-4766043
-3190944
-1854663
308823
480962
431994
-910008
1093353
-818142
-1337238
-3022886
-4866153
-2103290
-536025
761250
-5325755
-2548013
-6756511
1027993
-4506148
1803151
297662
-185030
514982
865615
-1285030
-3126544
-2758990
-1940085
-791499
-912318
-2804328
-4153463
-3197282
114250
-4967818
428371
-1118499
-5379790
-1679825
-37514
-816220
-4732581
-599839
1169541
-4923788
-5653894
1009548
-4457728
-2214212
-3387669
-871365
-1857115
-1970252
270108
-1387825
-2202075
-1165188
-594584
-463331
-3586291
-2099600
296686
-3113158
-2184869
-3073625
3713121
-1372905
-5214440
1205619
-1271232
-1191376
-1462698
-4086165
740484
-748
-268956
-2367302
-996591
1452318
818255
-6463681
-691769
-1064406
2103991
-359012
-653880
-2837652
-2044544
2747716
-1637200
522499
917044
454909
-133967
1899782
955665
-2375428
433042
-3265755
3054231
686459
-2732738
-648142
-4075760
-4203179
-232851
-8195616
1930898
-943798
1249158
985458
-922515
-2346541
-3560454
-1641966
531185
784187
-2085534
-2423830
-3822804
115963
-4739074
2610742
-716815
380569
-2975507
-2947857
-1790707
2078991
170044
-576447
-835327
-536569
-4103758
1255289
-1076035
-1666029
1307010
-866478
-1264498
-2498591
1584356
-5342050
-4131755
-144808
-455508
-4611759
-1003321
-7735593
1883518
-348673
-606754
-1988127
-1140128
-1668528
-1091112
-5540988
-1067192
30424
181487
-5191097
928435
-1304700
-1160190
-1329871
-4982770
-2646775
-2252001
1949929
-1792013
357258
-287850
-1733446
-700056
-4897970
-1178566
1616723
-2908396
-2019151
-4647302
2457583
-4787010
-4266133
-6438831
-1289010
1512882
-1313642
-5910585
-4228801
-93795
1643270
-2027056
-2738002
385002
-1656192
1883419
486173
527602
3262563
-7478427
-3830072
-1482080
-5481749
-2464738
-825411
-3809127
-55731
-900754
-112990
-2654616
-4287327
-633980
-177396
-496772
-3551353
1975702
-1466222
237041
-1287166
-6971098
-4770273
-1055358
-2228409
-4661695
-641920
831712
-792225
-2969512
-5449401
259195
328665
-1679203
-6257392
723416
-2569233
-2191312
356724
-2574780
3395380
245830
-3159678
-12602
-334438
-1740895
185094
-4096412
804745
-853868
157503
231563
-5317655
-3740910
1249415
2265552
-1886868
-342282
-1325509
-1732160
-3870350
1914026
-3500727
-1295375
2496253
-275190
30076
252720
-2810512
-92423
-2628762
-215245
-354937
-639235
-1846822
-1944145
-3696913
-238534
1441855
847978
70399
-1499706
-5433562
-3726916
312446
-1333918
-759174
-205072
-1216305
-2049038
831967
2375670
1437462
-2292267
-3139739
2378538
279237
-428906
-207220
1577128
-136152
-2004902
-2521242
2487222
-8102819
-3185292
917164
-535684
674000
-4835439
1732675
285474
-6390240
-1221407
-1330766
-1094801
-671313
-2718158
-1806815
-2948520
112354
-112731
657454
-267371
3139939
-787314
-3889385
-3536098
-5308563
-2725041
-2150551
-2051095
-2896299
641528
-1982559
-1393710
-1091787
-1140965
-6548210
793568
1161085
-5356279
1219729
-1559952
-6045079
836831
-3807758
-2940441
-2271939
712641
-294787
1020527
503758
-2524071
-1615772
-2275518
1503477
1392648
-1336890
-6222353
-286717
-4567797
-6027
-209527
-5767881
-2394130
-3041472
-2655730
105274
-4851426
-5231851
2874589
311787
619382
-3250610
376283
-4689911
-227421
3640029
1964963
-675583
-719182
-2931065
-703177
1289766
457510
-2899474
-2311073
1746668
206064
-287855
-3304275
1513373
-3153137
-1709011
-790927
-384720
-5534382
-4455181
-1539134
-8005557
-170790
-5433904
-2027695
-4591228
761897
2584174
-3741652
2045718
-824694
-409439
-492837
-8277107
-529367
3775936
-1727923
-1186584
-1516640
-651490
-1058220
-2797330
-4501868
-752312
1138967
38973
-1293428
3919812
-3126284
-3175156
-509068
433744
-6571817
3938956
-12704
-2703576
3171102
-2019909
584772
-1141356
-4557933
-3900348
-2660527
-4012056
1689601
-4158543
-444757
-246081
-8093963
-5023172
-5478467
-899147
-3411016
-403743
-2833814
-296062
-2036208
-1649254
-606542
2173415
-107378
-241151
-3703993
101149
166922
451250
-3643486
-286922
-2711659
713952
-665785
-1834494
-4377441
-6410106
169284
-6977694
-5052530
-2698059
2395849
-3857204
4930037
-2168523
-1754653
-672653
1457904
-1284110
213642
-3850102
654027
-127656
-3729073
877586
1249278
-4075853
-1246945
248020
259485
-137825
3341997
-5168021
-4035980
-821308
-1183073
-2046487
-1041749
-618694
-164319
-1977396
-2479026
-1933105
-4871603
-3995615
3028237
-5084779
590109
866316
65720
1864167
-1362655
116157
-5337379
569614
621136
132532
4190195
-36816
-4677306
-3805120
-1930737
1829143
2974535
-1872217
-3171113
-3585155
-120508
-1925613
-168838
2493178
3261136
1745982
-2759170
-827536
3660671
-1642459
-542423
-1073851
-2139894
-146716
-102612
414426
-215019
-396026
-103245
-2842037
819314
-3170042
-5477366
3945810
24105
-3693594
1103724
-3819617
-524820
-2589632
2269521
1403076
-6444826
524521
548098
113487
-466443
204632
2171773
4424901
242257
-2047179
-1779458
-43927
-6873679
-355323
-461184
714913
-4039182
1779432
187067
-2065255
-3203671
-1157160
-769265
-249279
-1155451
378788
-797981
-3458230
-3654588
-3053840
1993080
-594567
-3217351
-4984797
-1184984
-2491495
-1005139
-1716006
2973654
-503356
-1738935
-843252
-3358041
1358513
-7157481
959836
-1136120
-6817172
-444023
287918
-808296
-250761
-1750060
81159
-3691934
-1485892
246002
-1318026
-4074645
-3150902
-1348232
-3564715
-4785350
1895421
-3277689
-775805
-5877021
-3739090
622490
413201
-137025
-2733266
-6171521
-389730
-4260171
-1501781
854039
721735
-5809857
-2594830
-468640
288412
29814
-3067922
3208104
-3490556
-6257089
9816
-4626283
-2180396
1339162
-2777951
871059
886415
-3773888
-4858298
1365523
-4948380
-5629044
-7835370
-1163604
-1321892
-610090
361258
-1248656
-1595994
-3439812
-3772037
-2104004
-340214
-1244793
-3136636
-4523539
447441
-4197161
570177
-1956997
-1038580
-4273594
-2335378
-30239
-2007679
-1954772
-1731736
-3161149
-3106801
1327813
-4794015
-290496
-453966
-2743601
-6084035
2971645
-1754161
-2692520
2054916
-4418184
-88534
-202396
-6187386
46397
-1512776
-199172
-4116727
-1078642
636531
-5502175
-2773517
-3190101
-1636441
2302792
-3396191
177644
348190
-50469
-332888
-709362
3747747
2577536
-952343
-1200421
-2064206
-2207331
3968552
-5019822
-2219089
1276788
736148
-2473067
2933356
-816517
-6884118
-4309551
-2835683
-4336625
-3171543
-1097536
-632423
-1109090
1353648
573902
-157982
-2582009
-832911
-916527
-1047810
-1971684
1314841
-3459737
-2754861
-1868435
-6998947
-2304187
-2462922
-371404
1519947
681369
-421590
2275913
-223404
-1027821
-3163909
2563610
-2248018
-1028624
-320106
-1741955
2855877
-5517066
-4258135
-534019
-7333518
-2572485
852790
-531068
1562505
-866884
-6325957
-979667
-698664
-1097597
-1368061
4406254
-4845579
-4367249
370526
-1640088
-2199093
707268
-5173231
393870
-6467973
1062150
-674640
-15619
-7387649
-746958
755893
-4195407
-5459
-3253788
-2252361
-4544500
660672
-291591
-4667349
-934107
135879
92590
-1772821
-6605916
-2183350
-4193435
21053
-2554559
-1964504
-3663243
-5656494
-3369003
-1009293
-1963651
-21463
498581
-2408402
-3019365
-1003606
-1388718
-1549961
211565
-326734
-3595519
-3240377
-304526
-1459911
-1198242
1063804
2228397
-7330667
-1609849
997840
-3451411
1936136
-669954
-239361
-1112391
398895
757641
-3031803
581196
9438
-739084
-818969
224643
-3460021
102774
-589897
-1860977
1235578
-459291
-210
-1611980
2306997
-4849752
-7881330
-2574402
2798090
-3582596
-1223472
-3637392
1752549
-3946
-274598
1096699
-5644019
1583082
2304138
-199649
2607780
-7039557
1623979
-1795256
-88095
-19774
1304220
-3538816
-3762094
-328502
-3748072
-5503089
-2973040
-3765896
-3895581
-3046614
-365017
-1061714
-1219782
395262
-200467
1405106
-7585703
-6350320
-5145458
-2973375
-2110090
-1169605
-694703
-3978052
-796321
-1955411
-1055699
-8954375
1373620
2541
-3679407
-3520461
-224578
1047002
-1546795
2207127
-720526
-3719326
-2073068
-1224219
-392686
-6075719
-187700
-3091922
1602849
-153750
-7104396
-383372
1347648
3394539
-441177
-1045482
-2049675
-183025
-111154
2592298
486569
978753
2387289
-1743680
563202
-8449526
-2003749
-4731221
-4085217
-5823184
4741038
-4809891
-3589716
-6809300
894619
636811
-5545008
-8245488
1108960
-6715260
469853
-2289066
1965089
-398278
-817679
-531791
-4882074
-177264
681370
194384
-400257
-161585
-1166199
902956
-3168228
-2979294
740556
-938374
1364956
1475881
-5546917
247760
121388
-476034
-2883106
-260033
-309044
-376924
-8222505
-2909753
-1681970
801206
3137473
956735
-4435146
-3256585
-3559151
-933079
-299737
1010837
-8369480
-297959
-47296
-58721
-3723149
-309395
-445199
2023374
-3706481
-1616471
541002
801068
-1295833
-4426092
-4457998
4986596
-69011
2941994
24245
-2065871
-2764914
-4503559
-3777256
-4275349
-3112606
236584
-1377985
-529211
-1299591
-2786220
-255697
-5065782
43243
-2245792
1803798
1621539
-601898
-5692544
-5269732
-1048043
-3450425
-5207510
-2416499
-3779763
-3663117
-1191073
843460
-5954905
-3818710
-4342226
-766161
124278
-3379120
-1229765
-3077794
-4599883
-1513297
-4466040
-303547
-1292210
1794923
1424949
-1069491
-7186266
-591803
-185451
452109
-994118
-3421998
-3006909
2528648
-6627376
-5043583
202151
3966753
3422901
-243389
3627578
-3588993
-2432603
-3022727
-920141
387821
-6421304
-2529451
692092
328120
2136594
921492
-1231589
-3863523
359601
-2036127
-751757
-4290060
-5308974
-3425410
3537402
-2126464
-527833
1702145
47856
-4844498
-580869
-2179086
-989017
1262126
-5604136
-4935554
-44150
2123805
-491230
-3607495
-4945801
-7094003
-820598
-1098716
593440
-2046256
530022
111965
-2191461
-4730860
-1946478
-809227
-2308240
-6752692
-3868624
3596648
2383050
-309454
-1229328
-3986553
63755
-1168104
-732723
1161938
-6207136
-2722606
2702792
-5006374
1305405
1277773
-2266723
1440522
1125024
-1174614
-3519398
3293989
-4458030
1003005
-4463612
-4862768
-2697453
-4620326
-1010465
1384724
718522
4737860
-1229521
-1006970
-1089658
-2592764
-716066
905517
-1824744
377581
-1812943
-1278429
2157531
-4536544
-1215155
437488
-3021798
1788346
1635918
-1443770
2252400
-816719
-1229900
-1186377
-1112510
-2664674
-8241720
28254
-713516
-4585774
-653788
1170635
-610906
-7793249
1186425
-3583970
-437066
-2919558
1865878
-4157052
-2464896
-620373
1469594
-4148451
-3361127
776764
619248
921828
-1086194
-388395
340291
666948
-873407
515777
-5994608
-6290897
-85018
3784556
-3814074
278214
833971
-841297
-1675482
-1182523
1813449
-2840800
-4325238
-3741225
-3438273
-4326697
-1864220
501665
-1127941
-4557626
-4185374
1828063
-7708309
1279220
530473
-2539010
1301494
108528
-5106040
-160476
-47727
3052554
-2470933
993346
-2366131
1991449
2877689
1082774
816941
-3139084
-229914
-3705027
368901
-3307524
-1583943
-1495751
-1874419
-2838796
928962
-957593
-781189
5524434
-6462156
2509837
864699
-2848347
-1677064
-2001997
576074
2394395
-561121
3978343
-2834567
1998583
-3155000
-4842464
2148582
-1724213
-4331926
-3802150
-671244
-445287
-2282577
65850
309044
-3207650
1947200
-4157094
-7818673
-4185384
258957
-5626838
134790
-4782899
-2932800
-2640950
-4536988
-3379025
-1595870
-463935
-2943776
-3488538
1711681
697396
1767167
1072422
567067
-1795054
-5007641
-5031578
-130575
-895657
221394
121980
750206
-4996788
-636889
-2733161
2170727
-3900903
1229665
-3780731
-1148365
-4787804
1316604
-1597727
-3563435
-2719325
1089995
-703129
-200416
-1778871
73620
-3225252
-3664324
-2399821
527031
793946
643903
-2845737
-1030334
-5200371
-936419
1415068
-1244829
-138438
319097
-2552269
-4893409
938186
-2524305
-4635606
-4143328
2618419
2026901
-2849813
-2650095
2638375
2579033
-3060941
-5764610
1113976
1134532
-685560
-2083561
-565706
-1039806
498587
-2776342
-419560
-2699713
-4374261
-598556
-161337
-3396875
703757
-6481457
1138871
3343375
-4558480
-4349
-1359434
424865
-19130
1145349
-2163209
-347565
1346039
-962357
-1230653
-1431387
-5666851
80384
-6901491
305883
-350024
784894
-442256
-786210
-560092
-2264531
-2667723
-1079609
-24121
1810395
-4120794
-719709
-200699
434445
-2476004
-7183813
-2162643
-3299583
289118
-572887
749002
-1770734
-715939
802350
-4136716
-568461
-3799981
-124725
-1935415
-959674
-4224379
544641
-5569665
-763650
-3053379
-1403845
-738407
37678
-3268090
-2038940
-2302780
-1910065
2069958
-275919
-6976120
-125005
-416624
-2215035
-73452
442933
2818538
129371
-4714028
-2372606
-845612
-358713
-819950
-1784840
-692710
3506406
71168
1028494
-4964577
508173
-2943066
200282
-221225
-3580758
-4713117
-2010234
-748658
-380715
193471
-5041597
-638215
-1111791
1417665
-2124794
-4070982
-625786
-4570543
682345
-2417091
-135119
841996
-339460
-4409520
1624441
-884431
-7288818
2584112
-2525261
-415997
-3142154
-3374775
-1451749
-485697
-2125290
-304316
-4718349
2320202
1705333
-8852
-713496
-1815446
331562
1474389
-1922000
2800413
-5070470
-735497
-2453363
-2093288
3356948
1388337
-3164035
-147646
-1990832
1687498
342695
-2427943
68412
-2252542
-66293
-1715772
-3549297
-2423638
-1137543
-5469723
-1898335
-4338279
2609299
970811
-499785
-314912
-5928277
-3143135
-762274
-3980895
2885254
-767061
-749071
360557
-7271578
-2150562
-2398602
-2801528
-223474
642413
-2044385
-3209873
1207031
-472715
-3229542
-721955
-969986
-6832821
-1453693
-971732
377495
-220334
-1244580
-3318203
991406
-342816
-5458693
-841749
-879619
-417063
-2874577
2411384
-2504327
-3253803
-3491221
-3294413
1026214
-251566
-4050112
313367
-2605339
-5777697
5411232
124829
-2592342
-898848
-5986099
-714162
-1768701
-9019018
-582499
-4309540
-5658139
-6162658
-2505835
1945323
-2955280
-417775
-1609186
-7814100
-4269185
-2177312
-1656252
-936632
-607595
-5392887
-4695025
-128293
1564977
-3861129
-1686457
-490925
1573074
-1460363
2169918
2320944
-111658
-2791418
243399
-522892
3338325
-2548945
-4113614
-2042224
52100
-3371909
-309966
-3162340
-2193153
-501060
-1619367
196214
1073426
-972977
-3893318
-106218
-3582468
-659780
-575662
-2629021
-1214772
-243225
-4021892
-3281242
-6057642
587760
-2206821
-1339234
-1641281
-1186241
-355449
-4796781
2440203
-463838
-354635
-375401
-1006011
-1659086
-2949075
-623634
-4525899
-3425299
-805011
-6863215
-452807
-4134594
-1229790
576466
-1004669
-2315048
-4484875
-4489117
-606710
-3317637
-18215
-7862807
-3956376
3746158
-3958342
317413
-2569699
1022220
-2241821
-5386275
-1939234
-349350
-2028413
-1457799
-4332075
-2315429
-3540585
-1091883
-1774902
501695
-1025628
1881462
-3885898
833233
-577489
354965
-272497
-1216985
-2786514
-2403902
-339048
522297
-4235248
-1049852
-4048346
-3716839
-5226563
-1776382
-647832
-367084
-2984622
-2028736
1244724
121416
-3091887
2650352
-414087
-1150654
-1592368
942494
-2192385
-1470694
-169408
584616
-4601521
964869
-3211858
756058
1979893
-4246431
2408375
-4432897
-4755386
-6765900
-4033622
-67611
-539984
-718188
-3898025
140991
2614714
580071
-1224752
-1420261
-4530092
1293620
2580607
-1412755
2257055
-3892578
1191227
702228
-2537164
2150031
1340998
-4686332
-574556
-1887071
-474758
678615
-2510642
-1746880
260623
-4332600
1721975
-280259
-3017094
-2826832
-1883868
-2442028
-454626
-1361494
-4881143
977863
3706798
-907255
204298
-1167810
-1968898
-169074
-1537788
-1734572
-440038
-1143187
-5102657
1566593
-8235315
-1339315
-6110852
1341353
-2904235
-1654826
-2503347
-2956803
664775
-712364
108481
-5995342
-4626947
-985858
4051603
-4320589
-1770434
-1151538
625855
-5161990
-996785
-4977436
-6281644
136994
1164260
122388
-934139
290782
-2003186
-364261
-2009623
-1277752
-1177939
1972584
-1564652
-327737
-5187831
-383503
103878
-3431079
1182588
-1548657
-851511
-6655561
-2882774
1045918
-185035
-6734271
-616753
1239350
2081654
-1828858
506936
66781
-1107527
-2783724
-2221614
-113806
-4287902
-2526950
-5493626
-1985599
-1639364
-5073465
1138771
-2561484
-217438
-5149938
-7022057
381152
-4533762
-3988317
-2465005
-1311636
453696
631590
138212
-5115653
1069582
910884
-2538804
754638
-4383016
-4942173
-4558435
-1569604
-637123
-798888
992646
-3182380
-1081474
-1427871
-2282105
-3052392
-4165847
33320
860988
-5445038
-3601121
-1418984
-1745487
84694
-5447549
-1914775
-510701
-4529264
-2918334
1328043
668585
-1079381
569191
-4735824
390470
-2510977
3948066
-3544894
748554
-3330471
-973225
-3433669
-6269986
-5191453
886306
1073243
-3260883
2519196
1789276
275415
-1827903
787007
-3076802
3537217
104770
306787
-2874355
827509
-362700
-5539340
-1078962
246793
-4896426
2952087
1212615
513456
627991
-4439201
-1460469
-374565
-3739758
-578686
319311
-501170
-6110446
1420462
-1541506
1851822
-692013
-1512760
-6950268
-3416679
66522
-1079798
-53018
-1679780
-3562675
928452
-3755330
-1222986
1550488
-37772
-3481088
-1861314
388534
545159
-5277029
154907
-5475373
-4655
3750854
990848
-2414731
-233989
94883
161506
827584
1481093
-1101959
-903023
-3794921
420674
753747
-785652
-3377745
-2528604
3140177
2335733
-3441514
821599
1048038
-2898829
-5114241
1425593
-149006
120393
-2890720
-1087011
-5428186
2175620
638015
-479303
524489
170013
2858575
218352
-574625
-4465107
2010042
776019
-6385448
825101
-70197
-4119708
-1742207
-4770479
-3485330
-907243
-2228942
-2031344
1023158
-3079164
-6290633
242715
-1414688
216764
462077
-1126482
558328
2379458
-1108370
-5053547
-3369872
-3078836
-1567755
2404471
215441
-326229
-473574
-2304483
639994
-123238
-3255077
-3180925
-655606
-498932
-3368957
-229321
-4984781
-653274
-856557
671161
-3850682
1348078
-5659654
-3160048
738822
29572
-6338028
-3358400
-771214
-3602834
-7527989
-2428234
-296828
3159727
-2135215
-2203881
-3703107
1716518
396029
-204476
-919313
-8766078
-3622792
842746
2352462
-1001059
-1853449
1248110
281494
-761729
-1961757
-3058928
-4186462
-2392322
-3662370
541058
-2246700
-1554759
773588
1821050
-1175128
-687131
-404792
-1937929
-6981035
1158943
1417482
-4309889
233888
2138101
-3969454
-1968920
2160119
828345
-3562578
-5981229
1067270
-1365913
-3812328
-552984
-26068
-2219767
285676
-3761867
1700986
202121
201549
-1482742
-941602
-637162
-1780971
-200720
-699264
1095497
2125631
-588548
-345538
-2725834
-5216486
-4169989
-5233477
-668579
-4453448
-141939
-986060
-7835575
-569420
1692854
-1727020
1138543
-1999703
-3689997
-545089
-1121668
-1136489
1685467
-2040432
-248730
2260688
-1969406
-1484698
-347476
-3685735
433369
-1443715
-3479172
-1173308
-1717152
-7346762
379639
-103580
-2387510
1995865
-1852962
-1701077
-2444554
-146499
-1012688
-646194
1517106
1776028
-2810331
1997670
-1312412
-1227937
-1075590
-4263206
-1894783
3198003
-2060390
1974330
-447937
-7149910
-1067348
-1011369
-657269
484654
528978
-703478
-18268
-1773751
-2127483
-8196407
388279
-852051
-1688228
-820988
-2100105
-2664146
-5121149
20101
-2544875
156170
1503994
1482472
1307236
200512
-3434270
-177630
-1191877
1294880
-2211630
-2540219
-6509005
3222619
-902154
-7373344
-7530897
152920
-1307690
-3906076
172971
-2301422
629725
-4514594
2036448
1844445
-3449557
-491216
-536796
958530
1022917
987739
2429720
-7526028
3159129
-4771882
-411287
-1165370
-3103758
2458202
-117073
-2721865
-6157550
-3427099
-59934
-4183245
-3118044
629734
-444001
-856038
-2890618
3160051
-1661221
-2753086
-273102
-1961297
-291863
761979
-3063397
-471575
-2695512
102225
-2135596
-3325113
1259462
1057112
-1804774
-105336
-3778094
-1930882
-5720496
-467335
813130
-2556587
-1898646
-1238821
-35993
-6384180
-1512509
-1535178
-1428701
-992119
-982784
-2510543
-815759
3199042
3288709
21616
-4323710
765790
-1704901
-1166588
-1802758
-1836863
-1906238
58957
-5951706
327942
-4785370
-742045
-1690199
-4087007
185354
-1434967
1218802
-1756779
-4350865
-2177788
2121518
-8041782
1400992
473046
-1887401
-916270
365230
-1956769
-3084300
-1919924
-3656609
-4185144
935343
-479439
709085
-3221636
1959308
-774028
-471433
-699403
-6411716
-394257
-3775961
-4674664
-1143636
-3665742
2000154
-2751032
-1648965
-1302894
442354
-379293
-4849274
3657470
-1515109
-359668
-721055
-3282304
-988655
1746824
-1652220
-1193187
-5191035
-646468
1252864
-4673363
-3207621
-151681
1739291
-3610836
-697398
-4340483
-2440700
-1688999
2147919
-1318880
1756485
-2074709
3345050
2185518
-53880
482551
-8910315
536863
603486
-1460680
718143
641764
1549455
-891918
-627608
-66785
-622479
-593275
-4722887
3934188
-956911
304588
-4478059
322807
2748800
-1045961
220185
1851206
-427135
-69458
1412707
-946905
4101022
1966209
-5121373
-2323999
-1582966
-2594222
13109
926813
1246116
-4608078
-34333
1341972
-5611908
-608807
-2549047
40496
-114268
-5995768
1215987
1428657
-901465
-508443
1309504
1063913
-2061647
-1602368
-5058194
3113213
738109
-2825610
124359
-245569
-1264436
671974
-5216447
2020654
-6572359
-5805248
876222
-789729
3634328
-3018288
-1149737
-5179819
-1055902
-231640
-440624
-1752990
-1936263
-4047988
-2178018
-2950381
-2000029
715039
-4534380
-1490339
1455633
-796007
-3494413
-2263448
1036973
622352
3289685
223090
-3013217
-861625
3235180
-251247
-4139774
-201245
2874382
306572
963645
-1663225
-6497368
1564887
12460
-4939167
-1212534
-142979
-4500906
53720
-1879565
228687
-3702645
-5492704
-1221307
1042807
-4149599
118625
-775306
-508659
1555117
-1009648
556987
-475701
-884702
-1382154
-8347411
-552691
-695686
2160196
-4561797
-386833
1077142
-1008828
-1485142
-860733
454110
-619410
-4351091
573167
-2477585
-513599
-1063140
-752382
-3501753
-436349
39871
-3736487
-1351313
-6054160
-166939
-9579
2053182
885320
-530043
-134259
-4690429
-2696618
-5479269
49625
-4161807
-1250124
-7628573
-5047987
-344673
490501
2088603
734014
1827727
253355
-1591654
-251915
-2237653
-33523
-3628940
-3037548
1733949
-2646076
-930655
504580
1602110
-8033316
-2030040
-323103
-468332
5055
4065180
-2537032
-2728413
-1258832
512707
-2965908
-772960
-814475
-3895579
865290
65694
2280690
-1387761
100512
-204746
-16668
4866442
-2570953
-514109
853220
-5498998
-4406935
-5579326
-1085307
1135090
-4737774
756520
-3248090
989558
-3635428
1494241
-3572034
-3453661
-8473319
-5173397
335053
-1682740
-1085554
-1148701
97920
1256991
-3688226
-2543213
-1592341
120265
-69077
-557635
348316
3759832
-3292631
1605864
531029
2434973
-1216463
-2414496
-1999149
-1201606
-2326922
-2653284
-4259618
749236
-1624298
2798594
-688700
-2025117
-1948167
-4808485
-1581732
-3224865
1129710
-4107866
-2173640
-3176470
-5995988
-5592054
1620670
98369
-3039385
-427568
664525
3712092
1935342
232267
-7053620
-1626317
-2481013
-780666
948505
-2422006
-3298129
-87496
-156122
-207338
-6560772
-2005134
4047387
-1481239
-1883383
-5648339
-4643405
63662
-72484
1171708
-6909605
591190
-5076819
4047
519746
-355002
-211526
-1564138
-3455595
-5010128
-1632228
-5633913
976154
1970036
246805
825478
-1770887
-1868013
1767641
147345
-1412268
-40223
-3682636
-388099
-2883892
-1082266
-1348601
-1407354
-61003
-896034
-1234764
303260
-5765658
-6052262
-3200250
-1145753
952129
3770085
590520
-3933898
-4321665
-5332889
-4132307
-2141506
1119805
-2033856
-2602143
500727
-650124
-6656542
2048050
-1774201
-5767672
-3798427
291814
-5293934
2211345
-1831037
-431259
-386487
828550
-7156466
-7096801
-2939891
-810729
1833464
-2674732
300494
-1494955
-5572194
-4421897
-314803
-1362174
-1611399
1375846
1638409
-1569698
-3783674
-2122350
1116399
-2742758
-3633412
-4229135
-1906836
1063657
-8237974
918265
-2922224
-738872
-6821618
-787785
-361878
-2898993
416898
1172768
364166
2650741
-929606
-4591189
-533101
2219769
-490891
-5966481
-3647512
-1716481
1528349
-479986
-783295
-6088192
-64456
1211838
-4406470
-5785849
-374449
1384371
1343800
-3584174
-5130929
-5907658
-113601
-13041
1297886
-4115766
-1615579
-1608711
-118840
881610
699961
-5422866
1809512
353050
-2581043
938350
-859774
-1788200
1880024
-460301
-4770190
211764
-208
-174902
-147178
-7095860
922166
77429
466259
-428431
-4424946
-2283026
-243918
-5683
576224
1159456
-1196927
-239344
-1558314
-1873422
-2688001
-263085
-1583371
-1681340
-791481
-3344203
-1481808
-3408997
217817
-1032772
201582
957005
631990
1013227
-1928773
-723810
-99784
-1582206
-513902
2818943
-696249
-2055929
804063
-3669055
-394061
-1099647
-1966111
-660110
-867398
164799
-1365770
-1254524
76654
-967227
-2583881
-3840383
-4661370
-4857243
-1487487
-1441803
-206289
916666
-254424
-628854
11626
-1050709
-3650303
2217550
-1940908
74545
-2665705
-717023
-1427717
-666781
-1804332
-5779041
-6715515
-2133452
527118
3482075
225560
4154822
1532714
-2902432
-1246760
-4085174
-421901
2179201
-1441706
-2188035
466764
-2507013
-6035976
-1028972
-935092
-1675555
1042110
-1310574
373950
-3413740
-4317896
139932
571904
-3178433
1186961
-2448605
-4294094
200211
-2050682
-783650
-3598466
1447651
-3386981
-110515
-2729114
-992997
-3074224
-3659029
2438898
553130
230488
-2938352
400271
-1306213
3104300
-863415
439028
2444107
-876595
-4488993
-6442381
-2740758
2170775
-229785
1392194
-4463141
-3595778
-1491233
-187788
-588321
-5423554
-4240294
2164388
-3709495
-359832
-2844106
-3732995
-1443274
-3369323
4870033
187096
-5849854
-4841340
-94785
-454013
-2391440
1119308
-2660134
-2723820
-3021763
-732950
4111114
299592
93938
-2895769
-393390
-4781992
1361776
1452125
2024444
-606113
-1527704
-1468767
-952444
1104717
-2113330
-946704
-866025
-1717072
-3894913
-3066307
-886673
-3176086
-872387
-5910823
-720790
2464333
-1868737
2529601
-684130
-1880005
-974185
1175607
-6191099
177252
1800011
-4651368
-5346050
2048846
-666211
348393
-2372659
-4622377
-6522787
1486868
-402659
705647
-399551
-441165
-711188
-2637013
-8217429
243949
1047317
-2516496
-1822911
-301329
-3002525
962505
-1956280
369501
-1866686
-2208156
-4602062
-3716554
-199471
-2164193
213872
1510064
-4643115
-2152772
-6428397
-1418234
-418614
-152388
-6160064
-6295998
-2382727
-4526539
-3470566
1416849
-2455097
-3967742
-1500554
4644928
-1310045
-467339
-2061278
911640
403445
-1726050
-6522178
1179525
-2410460
-4838458
-828465
1365624
1817259
1342339
-2403053
956377
-129562
-118946
-2587579
-3178047
710865
-1655423
3322026
-3548347
-5977929
2188541
-217453
-1984329
-2310996
3098853
-4065025
-4528160
154332
-3162113
-4923666
-2311766
-131073
-5128277
-831834
-2978875
-8842829
-1000769
-1445770
-1841941
-7157602
3019518
-966328
1926486
1476241
-457334
-635279
-2853745
-1850076
1836964
703473
-139803
-495679
-512143
-3215004
-3945799
-5128422
-207915
745275
-275947
-50497
-2116752
753101
-1139910
-3952991
-4622479
641632
44825
-4015379
-2348127
-997151
-43244
-6026592
-2319692
-5280205
-5295393
-2612969
-1432949
-192088
-3909050
-1182706
-3783214
-1618219
627986
-2953690
-2075416
-1761648
2267256
48861
1358404
-2387099
18759
-4343523
-2662901
597826
391696
-6610716
1377799
-4743301
-3087056
2126069
-1223195
-1803662
-639488
-5086400
-1752376
-2122854
-85182
2342515
-2048400
282956
-1875320
-7604290
-3898368
4820952
-5852528
-2763793
2181725
3616605
3372773
-3404198
-7663759
206298
423806
-2141589
2265903
-1993977
2338995
262078
-1976222
-684735
372963
32305
-5196770
-2898980
-617972
-4391723
710354
2358708
-203233
-3352711
-554218
2094364
-5616781
1130621
-754298
-451368
-1182032
1559340
945426
-3774645
-661351
-3385847
-2300971
-4194202
-156741
253891
-9067188
-1620077
-803771
4076287
-3929967
256091
-1199443
287589
378440
-3234830
-7719664
-2107124
-786971
359049
-474218
-704661
134552
201440
-1053929
-1450312
-6167204
-496997
734648
-3697066
-3360523
-3868759
754286
-3560782
36458
-3105385
-2552034
-1523982
-3432538
2307
-850306
-1199937
1297828
-896067
-2144382
-4548626
522537
-3972378
430983
1504661
850840
-3290641
692412
-6881137
-4841167
-797286
503931
-2882604
-600831
-152542
-3333608
1407557
-2417619
-3707181
-2329761
-2509859
-3510597
-4289384
1952094
-274826
-2040621
-1448680
-6125275
773678
-479972
-446027
-1357305
-782392
2937160
690294
-370669
-477919
-7219810
2914850
-5739066
-2945517
-4684101
343828
1333577
-2745650
1290689
-1113338
-439491
-4192766
-744932
-1936737
-47269
-796515
-331870
195445
-1519811
-325271
-5107883
1496577
-892025
623561
-703817
-6680730
73038
-4431873
342857
-96682
-2796150
1513611
-1003097
835831
2162527
-7848618
-6256203
2496383
76900
-275849
-412613
454635
-4843570
-1878410
66409
-4966769
-6574729
-3119526
-1981161
-2191979
1173718
-5350046
48125
-2786139
773924
-1449426
-709650
2036011
-3177863
-5275904
-648788
-2328930
-2792673
-1539704
1221754
-5787373
-4777102
-574658
2308562
1537011
-1302023
-1806281
1092032
-2159857
-4152976
-4449420
700335
-2625403
-1177604
-3992160
-3462609
292209
158311
834380
-898387
-2610796
-377848
-579438
-6299753
-4987659
1265333
-1889346
-1107298
-1630166
591991
-4526150
1533452
-362427
865446
-912265
-573991
2344595
2366628
-2045807
381446
1679810
-5734782
-703799
-4201348
627088
-2300067
798963
-2226391
388219
-1772338
-5402065
857559
-7764061
326570
-4428488
-2616864
3052310
-5973954
-1510372
-2497059
1120622
-1538176
1544883
-247653
-2159231
-4823788
-695722
-253511
-1009418
1506276
427784
-789886
136492
-3005947
-300338
1705022
1839861
-881387
-4450922
-6669442
244588
-2517583
3877531
205022
-1789227
446969
-5924353
-1548049
-2081506
773440
993578
-1562983
56370
-2627401
2014802
1185534
223557
1806802
-285834
-3529228
1715076
-2775533
-241471
-1020656
-7634553
-3837434
-1405723
-310198
-101001
-1917826
-3756107
-2413963
-2034798
-597249
-1388778
-3570260
79470
-4657271
156913
2722835
1368760
1220166
1662403
-1765335
-1457002
-782428
-3571589
-135523
3104903
-4457214
548639
-4066162
277232
714158
-3856395
307186
-1612473
-186306
-1164728
-321079
787104
728516
-2103768
-1736491
1315500
-1348944
-759545
2525180
-1217655
-3240537
1937803
499100
-2033884
134745
-3555517
-3341230
-2515073
-662197
-880835
-839916
-2280128
-4371951
234229
4028227
1814561
-770681
-4428339
-1405112
241339
988271
-3678450
-3943718
-7677651
-2357681
-1925562
-2135383
-1394009
-2230712
-6601319
-211034
-1234778
-5570
2430601
244657
-908962
-1638413
-3126670
-3904861
-1340959
-1002885
-1468363
-3178671
-2514846
-2784252
-4396077
-5199705
-3562922
-1592494
-4344755
-1386057
-788590
-3926825
-1240510
-4001717
-6777851
-161754
-1079712
804876
-1701671
-6720653
-5030704
-2604094
-4169172
-4851623
-142091
646300
484944
-1606083
33453
-3231396
-1741145
-418706
192558
-3328192
1904271
616197
-1195098
-73295
-6894559
-81825
-498654
-2179692
-309070
-3721851
-5286857
-4757031
495301
-919851
-420337
-2564686
-308689
-1290777
426306
1488617
-4077835
-1146017
678050
-906774
-3572859
1614667
-6099391
2868156
458713
-1010029
-3131531
-1198789
-1893695
559635
592829
1091003
2059330
1941428
491824
-2613912
-1174105
2444602
147583
2866885
-2463316
909065
1159143
-2330660
-23021
494344
-1584579
-4799476
1625755
-1180643
-3565617
-1314412
-4806518
-990758
1149747
-1201842
699336
-4286671
934678
699589
1457894
-2094430
-1538768
219262
871028
-515507
-385106
390790
-6357324
-621796
94949
-1728408
-2813179
-2756557
-637723
1845574
-3065859
-3315757
1012678
130616
-3369303
479719
2002462
2385433
-481394
-244912
-608181
1371764
-362020
1599645
-3729155
-12216
-1825347
119060
-1768718
-3314158
-1075125
1983115
-1085200
2587650
-347295
1522322
-4561721
-1594124
-2346133
5508
-8806380
912042
-3199817
-2359477
323087
16124
-2308613
1157971
-2161903
-1992676
359959
-2088212
932508
579591
-6373560
-370962
656941
943359
1610428
-1121162
-573275
-1066292
53465
-3855516
-3888160
1547182
-30918
-192143
-817132
-1689519
-5077705
-1207742
-1864554
4249661
-6801958
2435430
1251998
-5343675
-914357
1445096
-3553289
-2696274
-1981821
-5041423
-1165590
242904
-594625
528101
-3396890
-1097860
-1888482
1972035
-785573
-1992790
-1104543
-1656217
-4759181
-1559064
-6591811
773500
-1379307
1645198
2155636
-2173328
-70521
-3491634
-43072
3333307
-4542393
2620774
340564
-265989
-1614900
-2272994
-2915780
-3366022
-4315367
-2858085
-2329975
-1059266
-6477063
34974
539802
-3687238
-4174183
2581190
-1357593
-3331618
-7679017
750050
-1299165
-2800191
-623493
-7150066
-397880
-2206159
-1405287
-1340180
89479
568966
-6563162
-4420777
-3399382
-6089974
120857
-1646749
-249830
-1486991
-6910415
-4910645
-984218
-1297603
-225299
-353260
1520051
-589876
-1054553
756475
-3103855
-1806656
-1065755
-1119932
-5006804
1661539
-3891574
992676
-1531019
176247
-1239456
-2099651
-630257
259619
-931959
-501337
-5503282
578507
-5015327
-3186141
-731525
548590
-3829778
-413046
693026
-1097350
-2702254
-1932693
-1090774
-4399144
-2502656
2795618
515390
-492847
-2479912
-3088604
2937398
-5022565
-1299560
-2539923
-4591241
-1152417
996413
-3818441
-1547174
-4965565
-1644217
-1276968
7863
-6136033
-3744458
-5492830
1276934
-884935
-431723
-7288609
4022663
-282246
-161792
2490519
-2627887
-4186015
-3640243
-4991955
-3698299
-1705037
-988490
-561020
-587412
-6168699
-2120532
-4429274
249187
1625465
-3973356
818630
148181
-3447822
-3610366
-3498114
-2583370
-2399483
-674333
1200391
168947
-1223045
1257665
-4020543
-3262829
-1303742
-42220
-2966017
-4499238
-5824874
-5921811
2872094
-846284
2936309
-207439
2366716
-1803240
-4542150
-502984
1013072
-1573481
-2465705
-595518
1982639
-111874
3973073
-1388236
1972271
-102452
-1660243
-16237
1349701
-332045
-1915424
-50750
-6061478
-1292881
92562
-1783069
-2919950
-2739716
-1088258
-4476666
-5207711
2213218
335679
925765
-2728585
-7727423
909645
-809046
2905683
863206
473354
4235733
-2565153
-2415469
-6223412
-2971593
4033851
-2286073
-638240
483575
-896993
-3370126
77152
-4558398
1837563
-2089910
-4276040
-5101267
-5411595
-352118
543509
-1831742
-1098693
-4556478
-1958647
-7316191
2933729
-1268394
1352497
-2530329
193715
-4364035
-4952794
-4055171
-3828096
917875
1482598
-2389795
103241
-293917
-2607525
312354
-4835907
-1489635
-2238287
-850702
-811391
838168
1719000
-2504294
3554869
1622529
149110
-5130147
-1935646
-3586510
-5246909
88663
-806069
-2411516
87926
-1126897
-1381252
1631914
-1089237
-986212
109833
1425414
2060938
-2035305
-539604
-344178
-1474707
2047352
-1990610
-4045417
-828566
-3504998
-1843007
-828817
-713196
-6685649
1942656
-720179
-3650
-1129360
-3792531
-2633061
-6483942
-2934191
392683
-493072
-2820813
-1146432
-389092
-851053
-268917
2279221
1183794
1761643
-4607983
-725968
-5279632
-581707
48659
-2850897
-1091334
-6725986
743763
-3786370
-8768078
985334
-1640586
-4326873
1141253
2556468
580498
-1201812
1048433
-3472685
2604687
-7015548
-311509
463035
-5638342
224432
-1553744
-1687939
-184153
699519
60295
-590864
-3555895
-653641
-6442385
2335977
1146116
-1501314
-2067082
-2207147
-4372707
-1684821
-158939
-155186
-26001
-604180
-969477
1507328
-3719573
-2699562
-5411152
1570772
-2562918
-587547
-1519035
-2259140
-382911
435408
1143844
-485902
353725
-587054
-989667
-1294174
-4709031
-31584
-1767383
-1007561
-6751593
-2657830
-631749
1726380
1957599
231287
-4376100
965792
-3978359
-1275409
-1160115
855051
-5508294
2189600
1904046
-1518249
-378748
-1570331
-1713581
-640540
2043770
-784576
159883
-310473
178356
-4096951
714604
-3276355
-3233370
895054
-285197
-3616541
-3277607
-2812710
1106324
199165
-835344
-1151716
-3183417
-2290765
-241389
-3072786
-1428343
58802
-5897943
1314143
1363669
-111834
-880944
-526403
-5217314
-2500237
378382
-241729
-355055
-1323044
218384
-2812615
-1960033
-543416
-5011515
-2924932
-3356375
-86774
-5103014
-606958
-1006268
4213821
-3198159
-3219264
-1515283
-1462570
-1717330
-1251593
1285799
-3179766
-5319726
-1720633
-4619259
-1365262
368493
-1093348
-2869748
-6547061
1130853
-18467
-8036309
-662890
-1476774
-191081
1272889
-1205780
-740150
1158471
-4903887
-698977
-131697
-3221985
-1095147
-1514520
-6605334
-436378
-2562118
-4912531
-2326720
-1027269
-592832
2724255
-2499619
883262
-3946735
-2762381
-4296839
166293
-540134
2408720
-3752665
-3928493
2185070
-4902530
-1736876
-696471
3003568
-2540945
582625
734110
3616151
-936809
487232
-3365258
70240
-3085790
-1310563
-1728641
-1835687
-5902447
-2205376
-1352481
277685
-2198256
-4245087
-550834
3961377
-858195
-1215630
-85897
737894
-1589678
3265370
1088769
-936206
-2386449
-491028
114452
-3968664
-2823092
-2351474
-1822259
-3884935
209326
-5600041
-1282415
678512
-1340548
98036
-5592059
-4298082
-5478913
4443223
780738
1243535
764404
61304
-3911428
405099
1346124
-796095
-2950296
3504687
-1631478
-242961
-1834704
1019412
-782544
-1653148
-5224889
1367152
-4880530
-1867653
-3823947
-6400313
1927526
2081956
-5662123
-3321652
658062
-1713555
-1484566
-1065602
-4996720
-2458785
2126100
-5879577
-1125432
-2883100
-1857618
-7764829
3252988
-2527382
-6069943
-1185522
-198418
1142229
-2262299
-1632419
-2301019
906483
-3124682
-580484
2820121
-2815444
-539383
-119938
-981526
-3513607
-359142
1330434
-3835490
-3554629
-4037852
693961
-766738
-3111152
-639689
-950380
-2207140
710802
-3909967
-652699
687901
-3913001
748178
-1321773
1192177
1265845
923082
-1598123
-4382188
-1688531
2681340
-3179030
831290
-5423295
3197795
-3841772
-1046383
-233169
872308
-5348977
1546191
-2941576
-6542181
-174641
-5536714
-1813448
546441
-2845235
-6701098
1091924
318615
-5040818
-2176670
-3122702
100954
-2933526
1771588
-261851
-922475
-4025055
-5606507
-1980207
778640
-1102754
-5021080
-1968565
-1521661
-297178
-5671976
-1390252
-4901037
793116
4161110
-1381442
-2624086
291454
91966
-5944231
-504848
-340895
-2957578
-178247
863855
-485583
-4785927
-337368
746609
-1306670
197762
-94405
-4600171
-328601
-8120536
-1205876
-1570653
-4660359
1158478
-648353
-3352705
3312752
2486158
-3611243
-3746853
-1698207
404474
-5624687
-3038249
2198940
-1771697
-2031019
-2210727
-4595557
-401008
68458
-3919712
-1053502
-6608534
-4348316
-7048731
-4585175
3265990
-3732174
-5517534
-4597260
-1143244
-244276
-2942781
-925335
-39205
-1700652
-319724
1095344
-3739663
-2516675
-1026516
-26007
-3332412
-1481925
-147845
-1161943
-1536629
-2899598
-4213995
-802201
-1383256
815469
1174143
2926089
647828
-937639
-5691612
-1083448
-1252648
652039
-1334024
-911978
1876912
946670
-699438
-4324976
-1187667
-3288044
-38506
-3514049
-2919888
-2758198
-1621356
-2344720
-5600621
101711
-4559204
-4753376
-2791443
-707309
-7343234
-3065090
654111
-824800
-825576
-2845175
-1089305
-2037136
-5586287
-2914977
-2143161
-2608194
499302
-727736
536458
4337664
-5762721
-4042213
278613
-5860851
-2077550
-550071
2960303
2513406
818232
-3674514
-751844
-1739417
-4974720
-3623383
-5000640
-3798307
-370136
-1300155
-2793090
-3487266
3614645
-750095
-456450
339668
-853679
-2069719
1384070
3454456
-751952
-4173696
-2554567
-3639695
-1157196
-2133498
394119
3242075
-1868988
-2285110
-164452
-1227805
-2829352
-3659133
-3656189
-633420
-1528596
-424441
-249027
2693103
114307
-2290611
-663935
186018
-4308448
-321934
-2141035
-1220187
-1391325
2772647
-2769963
114702
-5381155
-67559
3578104
-1999514
-4214533
342878
-2624526
-1925492
-3441224
-13421
-3632754
-2736686
-961487
-1417421
-3911055
-1027459
-4058906
-1545531
2764113
1065654
-6757045
2665948
-1381555
-159263
-2355348
-5933450
-1791872
233189
-755365
-4187652
4591508
686553
977732
-4667968
48721
-5471793
-4409408
523271
106351
12996
838787
-2760356
-272636
579205
-3585905
-2193789
1683204
-915078
474576
-7374376
-5270257
-38816
-1575383
-2915292
36008
303017
156013
1239019
419167
-8521755
-867612
-3675473
-1442769
245956
-8787870
1964373
77915
2688984
944352
-1666036
-1718691
-5185242
-2213976
-13360
-4898966
-3034024
24270
-1683649
-5614644
-1613020
1269552
-535767
-1462464
1853555
-366993
-2374304
-5051865
-3430417
2207302
2270516
-651892
-1317538
-4523871
-1185337
440886
-5508104
4488742
609664
2399620
1732422
-2141532
1553284
-8378977
-3440174
-1487093
-3028502
-2766535
-3083478
-2999568
2121512
-1143689
-956200
-1913253
-1640904
-117399
1206502
-1614503
-807893
578478
1564950
250688
269555
1055299
640665
-6853121
-1660388
-513366
663482
858661
-977690
-1346676
63713
-4138615
-6430091
1592217
-1526612
961041
-2207580
995512
1997592
532781
1674199
-1128873
208528
2765126
-709404
-767871
-2501126
-2051416
557113
-395796
-3170442
-1171287
2451443
1957643
-535989
-394031
2612438
1822578
-1041215
-136275
-391289
-1996476
-1284293
304461
-762855
3907859
-5493177
-4075698
-1076169
266488
-1934511
-28826
-3434004
265447
733344
-831022
-6862681
-2660436
-2831498
-64190
2122444
-1519416
-320640
2420572
-1885916
-32798
-4185709
-1114095
-1019666
-1832003
-34720
-3295223
-4370983
812714
-830301
-4610754
-1466710
-983962
280445
1691371
-1361582
2876385
-5496197
1362006
-551310
-3613186
-2247613
1232446
-4110053
-195364
-1275817
-4469055
1169575
-480311
-826781
2166258
288022
-2504946
-756631
1438875
-3043424
-3199193
-5198047
-1776278
-1880008
1128587
-591094
1224823
-1782834
-3093216
295181
238290
-566803
195855
-4682076
883348
-1353326
-866442
-4737567
-2629195
-4399849
2037641
-2647575
-2235651
-3971290
-205517
-930595
4500837
60456
3624964
-4819703
-3779999
-5219
2223904
-2391953
-990048
-217144
3275674
-119075
-204324
384119
-1815062
-966801
-490947
3434837
-1129008
-2949904
-2910002
-1066969
-4055638
-1645189
3731682
1055400
39020
-1247257
156967
855712
-866536
-6221265
1238795
-8013579
1145339
1899525
282760
-2696164
-2397409
-812781
-1422593
-1313310
-2053665
-2280512
-5320769
935179
-2147796
2036622
-4777056
1095902
-6032988
-1784525
-4515106
-1263799
-2664634
-2473935
-776862
-4260301
550521
274022
-751004
-1329132
-333563
-6814467
-4062657
1666660
-753572
-805936
-984327
2842014
-355535
-4642442
-1905859
3607513
-2201977
1228365
1261641
1891080
-2281552
897062
3470389
1170888
3659865
-5010855
594749
-368425
116159
63826
-736215
-3184998
-1370293
608296
257385
-611831
1695673
2367432
-4678771
1386288
-3116283
-1479603
-1698930
379713
-2796872
-4048384
-504696
1826320
3953642
-1461432
1406675
-1407026
-2895227
1276643
-3533857
1095648
1830949
-2132771
1369908
-1588365
4200222
-194628
-692767
-1861690
-1910131
-154185
-3676940
-2222239
1821241
-1180357
-2349695
-7672801
-964106
695107
-2591780
-5670399
-2068591
-640054
-2654024
-1072956
-494014
-929474
-1442174
239401
-691484
-345855
-360959
-3238744
-4143308
-642184
-1218793
-2553789
1316809
-1067204
-1801960
-199692
1605263
-1785179
-5163802
80388
-1161197
2883655
1881047
595181
-3270980
207342
-4021978
-5313869
1999777
-90849
-3485383
-3741026
430893
1427218
-8486440
279124
2079763
217984
145122
-942392
-139241
-2168766
-487080
-2944792
-1578308
14513
-560402
-1368684
-1662881
-1546071
-4051605
-5628554
479023
36523
-3891853
-706815
-741966
-503696
-4751086
-138036
3585548
-4208372
-2174248
-1458791
121963
-1298656
-6097442
-4966134
788380
-6716225
-8181755
2210325
-3360376
-4993946
944879
-2170220
2859836
424275
-3608580
-5940031
14495
-1038036
-1008873
3848945
-2107085
-5864789
-4556365
-486796
-4884283
1033746
-2189233
-501515
-2025249
1642395
-5568431
-2057080
-2402049
-4958563
1843961
-3284228
-2918789
-165262
-3009835
-3760212
2338030
-195615
-7860
-2851431
-3368681
3615720
-2335554
867182
-300680
-332200
149597
-196975
717771
887762
-1480570
-2698586
1673132
-970650
-544177
-2370734
-1051061
-2579039
-1829790
-2267788
1984765
-3434657
-1689680
362783
182224
737244
-3151017
-1401040
-2958631
-449021
-3616243
-1752434
-2145663
-568151
798226
-936694
-2250251
-7956936
-2939113
-2722646
-911431
621186
-3496723
-1028785
2627593
-2854350
-1841771
1174342
-6732487
-1974739
-4757576
-3344052
3616610
-50550
1200048
-1126632
-139222
-568680
-361856
-4107781
-873770
107527
2384938
100682
148676
-1011885
-132852
-4022370
380397
-3748118
-1888228
-1047009
-52061
1597908
1403805
-4202622
-2411115
-4574768
-149165
-1782155
-2138186
-2606185
4448034
1817520
-6112506
-1975986
-1709146
245874
1263350
-697170
-3684784
-3589748
2851525
187672
-361463
-4612399
1582549
-2945984
-4135840
337333
1439913
1042255
-2510754
1867135
1210108
1419310
1515118
-1274721
-914053
-2937637
-1826834
-3247919
-3672927
2713418
-1894205
-80264
-1394787
1266319
-1055993
-1153638
-225972
238549
-1340156
2183011
-3866610
-654928
166641
-4054709
4270557
1063135
-1110060
-3724000
-1134122
-1613209
-4734980
-237940
-1862146
-378464
-4872201
1594510
-2550094
-270265
4134539
-4341507
2307132
-610499
1604596
2180168
-3633486
-4575215
-4586329
-70902
-2181054
2058689
162228
2700993
-3116020
-7980611
-7715441
525760
-1937911
-4230619
-1533612
2074224
-1470529
-444919
-5681010
1245153
-2207417
865449
-3462651
-4731942
-4329204
-7300332
1079474
160750
-1378567
-341002
-25763
117757
1101741
-1891158
-912793
95728
1403020
-5575812
-3139743
-466072
-5443424
-2557599
-4972617
257636
-3310663
4753185
-670314
1764577
1890590
-833024
-494509
501089
261439
1468297
-417427
-551954
2444255
-1519577
2061259
105317
-2278537
-2575776
207252
31757
1618179
1985444
-856239
-1650351
-5452401
-2903945
-4213181
-1450438
157189
-2578708
-5402218
-1978658
2595599
-1191237
-1056650
-4786532
-533470
-5080409
730544
-1331837
3514383
-4559290
-3212484
-4768211
-2102360
477128
-953537
-3184387
3831398
-3883397
-1529088
-3190057
-3262386
-303953
-4524709
-1644013
-3147153
-3848666
599462
-4389554
907416
-293063
-25727
-569325
-471361
333524
-1631310
1548519
-717006
319060
2330176
1526666
407081
-3569803
-1088332
-5038790
-1087775
-3878229
-181565
-4614128
1325626
-3010773
-815403
-61479
-2256455
-2588671
-1377051
-1011653
-2832049
3015885
-4140110
330921
-786996
-186581
2235662
-17998
-3900853
1848127
-2892950
-700826
2074793
692389
-704944
-1566809
-2170911
-379852
-797104
-3617844
-129512
-2092519
101977
-4760653
-5750083
21752
-2890934
3477640
-53413
-5276116
-6709548
-1823852
-5105345
1665863
-3444495
-7754208
-1559898
-3421188
-4520556
-2540347
1525847
-337023
2384883
-1582044
746728
-1070945
1967920
499301
-545926
-1427665
-4208848
1160629
-842038
-4312574
235852
-5121236
-1413175
-5321642
-4985930
-8180634
3187435
-4643176
1097804
-3380372
-1411434
791542
-2250517
-354271
1530125
-1882894
-929880
-3197714
-2184414
263938
-4602672
613045
-3739015
-7755711
-2317603
1825497
-665305
-1873614
-1096011
192597
-2067783
92962
2058273
-1632613
-4106875
-1689339
-2475224
369201
3863178
-1209594
657414
-1800195
-283104
-2773237
-1376397
-827644
645518
-7711242
3474257
-1093965
-570765
1854825
-24937
-2932529
-6653194
1224006
-837661
-2419507
808740
417685
-600486
522748
-775909
262338
408643
-2217521
-4195646
-2220747
-1236837
-49119
1221084
305630
-1265310
-1307099
187288
-2409624
29544
3105991
738764
-645851
-5516809
-1035214
369350
432725
-591049
-1328871
-4642936
319085
-2784489
-281579
-300417
159786
13837
19989
-3396215
-563950
-1396644
-787633
-3236675
-934258
3680
-1002817
-3246904
107344
-1524665
-1783646
-2027666
939602
-463777
809968
-4143138
-4956678
446917
-384559
-3446083
1411414
-3163830
-712518
-1851885
136063
179019
-94403
-3175493
3030921
-6078496
-3449099
-1623329
-462934
-3667415
424467
-4347459
947660
1045114
-1452137
-19158
-445966
-2855809
-3465284
915544
-3287427
-1312782
-420516
104357
-706105
1000338
-3533930
-955545
-176700
-3787606
-938764
465593
-7005681
-3805084
-487652
2184864
-1350257
-1581106
2213385
-1242026
-4132267
1298967
1195519
-3869204
2010925
1531312
-3055607
369330
251908
-1829013
-1225915
1055088
-386684
-2304569
546161
-1223002
-2418616
1057421
-1065448
-100572
930010
1319752
-3266769
-2928179
303925
-6251348
-4705065
-849379
-1338084
-2216759
-2106392
-892468
270234
-2109976
168378
-1846928
859531
-2574700
-3721647
3778591
-1815956
-2017284
-1208154
-2607419
1618356
-1432989
-5945231
-1765510
922445
-2116561
189869
1797575
-1953354
-5949895
1205524
-3465522
860666
-1819880
-2957979
2623636
2023494
-854918
-456124
-5855066
-1785349
711377
860033
84090
443163
-1351501
-2401436
170413
-1239011
-1278608
-4999697
3835095
-1174858
-1993856
-158239
-4919139
-3243494
184754
-1423334
3364247
308260
-1188057
-3644433
2342079
-564126
-4214991
-3221611
-1926842
-1459946
1459034
-181664
-7355770
-4361686
-2191412
-520555
-7793110
-1312386
-7710844
-4059835
-1802287
-2615893
-3673585
-601355
-912753
-3516860
-1387258
-1331030
-3098279
-4294921
-676458
-33779
1907609
-7464315
1682482
1492732
-2161711
-531757
-531695
1452049
-242736
-3369316
1619617
-765458
33004
129958
-8891136
-1010855
-4129597
-2630015
551130
-907129
-2223417
2665171
-394178
1393881
-5071938
-4483828
-3728273
-6910459
-2795499
-691009
770970
-2238878
-2060559
1256443
-6203250
-4368710
1184455
-2087888
-3830009
-4202825
-1475889
-2263396
125361
1447746
-353517
-3443165
-235525
-4738621
-6536870
-2891637
615353
-944800
547457
-687022
-1811908
-4242303
2387326
982702
701172
-1200814
490575
-679040
-1384232
-1836484
1170182
-4251140
-796479
15493
-2303007
-51487
-1157485
-5274869
-5276303
-2586240
1834777
-39970
-2583594
-2149833
3378528
-1481045
-3399225
-533543
-473876
-7181327
-883145
-3193564
-716255
-834994
-4354391
885693
-804194
-2903571
-7014260
-4693116
-4619250
724555
-4537981
-566511
-5803024
-1183446
-589271
-2687003
-580087
-2326531
-1493914
-1132376
-940646
-3818298
-2626898
-1239349
-634704
-473755
-3253302
1837189
-944720
772033
2542920
-1384157
-7221759
-295599
973170
-193550
-1644437
-1115692
-4018504
-4454082
-3145149
430833
1485874
-2960955
-489355
1321782
-1658064
-1423478
-837277
-6094787
-1451656
308242
2250923
1422287
-1171327
-3501971
428963
1875481
-2266594
-762752
1834035
1339100
-4688110
-1744516
-3810168
-2958515
-91169
-2257482
1885698
-856022
3612963
-177068
-4343443
706928
1228363
-2432857
-2428673
598398
-5428863
253083
-417372
-478713
-1900171
-1423917
300730
-2392207
-3598878
-2745988
-655706
-654170
-1349962
-7444516
773739
293775
-1392541
-4251707
-1804513
-1540672
-4072890
-1741908
-4664829
1206456
848094
-63454
-3614264
-18134
-2270615
-1451762
-5373429
-449836
4560883
2489264
-3943279
-1813699
-3934029
853521
-236644
-1551606
2374399
2007797
-4829197
1124848
2388300
-6423669
-2655592
-1650121
2310259
-2215824
-4791223
-4495335
-3954558
-634179
-4736651
-529152
-452517
-1393870
-4297282
-764245
-5429752
947396
-3753176
2491743
-3259133
-3248750
2709529
-1482475
3718862
601802
427134
-2749526
-1345217
-7600840
-1328208
-1812441
-1396499
-2179575
-2014027
-2910182
-2834370
-1714935
1576070
-4008958
-1633930
-8427213
-1375406
-4333264
-38703
2302324
-6716968
3422917
-284531
-1721879
2255089
1304225
2325373
-6652503
-755018
-3767844
663179
715026
865900
-1666131
-3902119
2528238
-97326
41191
-754619
1017331
-1212804
1146679
-5798344
-2557056
-3120043
-5102051
620884
-1003836
-598722
-265118
1503812
-2726512
-1389061
201205
1406362
-4387672
3509887
312331
-6684949
2508841
-3859855
-4824745
1266449
-1098473
-3906761
459147
-662679
1194880
2540998
-544587
-2557170
179451
-1496384
-2196844
-2047807
2585004
1732961
-1095203
-907865
1396449
637112
-6133698
1480921
-3684798
-4895473
-3177536
-1097010
2524916
-23347
-4308745
-1764271
-2601809
-443146
-4889694
-503228
-2288441
-78288
-5121647
149377
751477
-2453666
473791
276486
-2231563
-1076299
-125392
-1685682
1837648
-417719
-1303297
-59460
570625
-1701135
-1419114
-1621640
770182
-1867848
-2613166
-232846
-2334318
-2819836
-5660021
160984
-2886010
-1594393
707485
2438882
2157131
-597346
-2847751
-3046976
-3031914
-26799
-1458724
-619557
-2978271
-1752640
463730
-171662
2511496
-3888493
-3005425
-325798
1493000
-2840214
606841
2390717
32720
-67286
1172173
4747783
-1449955
-4221133
-5716801
-621931
32820
-1548797
-5081913
328135
1892527
-3168339
-4124803
3136611
-421771
764592
-2704000
4069043
-2254407
3530042
-1619599
-163006
1172935
3181248
-1660416
-1529612
-4876936
1370010
-401254
1854199
582356
-1100987
-4603322
-291763
-2119385
600213
572069
-1697376
2237510
-7761901
1227875
-4390492
2578650
-5037361
-2688681
998190
926121
-1701624
925430
-1503670
-2991778
-6533630
-5289292
-4817117
-1134226
530091
-1087504
949405
-745015
74254
-7329484
-1955882
-3123823
-1110275
-1554362
1722946
-2803079
-3745109
216587
-543993
595498
394803
-2555541
-1270173
-5037190
-1249629
-4096561
-6463571
-678572
-3867390
-3884036
1390831
573963
-3972578
206831
873755
-3863452
-2777898
-819563
257762
-1408161
-2118527
-2166133
-148193
-3075372
-5035605
-3520240
-3276442
-1694102
-4615457
-2446156
-3049414
1668833
-3673381
-1426187
1171830
-2731551
-2120039
-4754517
-84375
-1950164
1360852
94478
-1747492
-1416707
-7871648
-1658882
1080598
149824
-2581329
-8769857
158173
-1053478
-1078763
-2272782
-3507331
-7731513
-3233407
532072
124947
-4322140
-1707061
-572337
-5144859
1260029
-3188590
-668329
2266113
-2273215
577362
619930
2796859
1673922
89733
-1396102
-621177
-4539969
-824956
2767664
-1437079
-2369457
2894834
-7107813
-728471
628877
-767879
-3076807
-459243
-3114654
-4781994
-2606051
-1649338
-156573
-542445
-650338
578162
784711
-505641
-2295613
-6016396
738497
-4037667
-287437
-382690
1827934
-4133930
-106371
48526
2730306
919876
-327035
-1015079
-1539072
899089
-5135796
767290
990791
1411205
2341623
-4007201
-923116
-1741306
-4227227
-749657
-535042
-451737
-2667823
-5492790
56606
-5306717
1168460
-2105579
3237377
-1158020
-5073000
-4386105
1277364
-467985
-1596431
2152281
-5528840
37707
-2686743
-2394057
-731003
-4724141
-1157657
626010
-1680157
-431644
-1077158
155925
-1674026
303563
1035255
-1176978
-2840648
-1349662
739503
1181518
-650507
-1608255
-819241
1758490
991887
-8873109
-77620
-1774169
-726781
-1485318
937620
224622
-8902245
-3585513
-3720473
29391
-2789949
-4019802
-2157499
508360
-5144885
-1111197
-3766403
-1415359
-693364
-433791
-4901179
405177
-167222
4176749
-760630
-2120252
1777416
1631050
-5261425
2175001
-1074101
-7402402
-696761
-5947755
-4150240
-4264639
1465762
2047045
-1277496
-4290449
1321158
2012209
-4312635
674716
1601547
-5245306
2918020
-3184134
-2700096
-3452699
-3176196
-8000396
-4374253
2840617
302412
-4267458
123518
-1000750
259829
-3128622
-1156933
-2883095
-1493291
370916
-3236465
-459250
321470
249453
1941835
45968
-4695789
-1773578
-2643286
-520650
-1107716
1128720
-6854574
533674
-2299857
-154875
-7048231
-3939341
1096547
-1561189
-3298047
-994627
-596568
-3091902
-529056
481724
240916
-1649073
-6520172
1960124
405085
2575891
1640303
-3370110
-4745069
-787127
-4054199
-2972198
-2052470
1365759
-1168318
15850
1564114
-6535815
-4648692
-3215166
-2947696
4453435
-330081
-185352
-3239943
249316
-4936781
-3517836
-784690
22075
-628125
-4532337
-3961288
-4867599
1128566
1772020
-2956633
-102087
-32139
-167357
-2022168
-4866594
-538621
-1296626
-4850315
-7170054
117881
-4186324
-5358513
-1210496
-891739
439607
2847621
-6824961
-3424095
-6439016
-1185464
-753523
-927194
147988
-548297
-2028178
-861452
2414649
85224
-713318
1756951
344846
-611799
1672244
-1831764
64159
-1174869
-413603
-161414
-3550702
-2042437
-1939607
1141445
-1700145
-6996209
-3150820
423501
-7340563
156122
-636057
-5250465
-1491617
-13687
655458
-4434821
-3469995
-1329076
2226830
1378592
1707040
2823126
-2756718
153544
137112
2260143
-1991134
-1529399
1001930
10756
-813992
-3058179
-6240814
-1782854
-2772465
-5349004
-3580563
-648638
-4999214
-3794341
17699
2528493
-4479038
-8495907
1270004
84309
-885764
-516465
-1931761
424490
-3577826
-3207260
-476444
70899
735212
1339837
387834
-1746389
226221
-5663681
-4601579
249477
-1445772
-2019726
816976
-1039559
-2584606
-1050775
-1060174
-82212
-852771
-5221669
-3159052
-2116462
-814447
227540
4224097
-3530082
-6372034
-1370976
-5700392
-682137
91506
977982
4308500
2427446
-657318
-5234653
2815590
1467297
-3117501
-3045848
-1389290
-771182
2239292
-3206958
-964253
1154117
-2662377
-3829559
2699767
1133894
3571097
327008
-3822942
1212469
960248
-4431928
-2029405
562579
-2445591
2003590
970596
2244281
-8045302
-2080553
-4619771
2433887
549361
-2531199
1250350
-7621159
741253
942794
2799533
-5818052
-2994347
373843
-8066082
-4976296
-3905090
311621
2603957
-85350
-1103843
208484
-8457232
-3097212
-2337718
1134926
2293068
-1313231
-197099
-932415
-1732697
2375000
-4675542
-141815
-1617641
117809
-3460288
-1792825
-916475
2164915
46286
-669029
-219803
-1293908
-1699809
-1311346
-1876107
-2664966
-3808078
-1507057
-2141507
3296457
-574884
-2758557
-5321592
-4597310
-7139585
-2413765
-2328090
-5857078
-2846098
1795787
-2495254
-1682732
-1441435
1673313
-2700205
-6555833
-1711706
-2527890
-412797
-5813734
-1503002
33227
82218
143154
-361478
-617700
-4135955
-2160885
-3403081
-5509688
-771802
-5979598
-103464
-5680406
-3937072
-1230113
-995222
-3185235
-1741219
-2335194
-1775362
876679
-3049612
72613
-4005633
-1229691
-1783893
7420
869776
686032
-463039
-8218585
-244973
-5040101
-253989
1327270
3321834
-5035464
1876153
-5012394
-4912085
-1168424
-1061663
-1565971
-861163
1743360
1386134
-905255
-370516
230254
2274190
-702882
-4899852
-637956
1546907
-4182354
-2018384
1203507
-1369737
2031568
-4351857
-2222431
-1675111
-5185824
-1390497
-4181250
1896553
-1331484
-2659577
-2357672
-4785179
-856331
-4333689
216280
-148599
-361754
-4251298
-974940
-4091257
-3528144
-1684293
-325285
2913942
-458422
-7422224
-2207344
1857019
-7436641
3965590
-1195794
-4837753
-317090
-4729071
-1192813
-4917214
-2989284
-2633125
1511857
821001
-605827
-138598
-5725877
-7096344
-11661
-1397525
-1524577
1329680
-5560931
1237714
-3179280
-231227
85013
878647
-1330103
-3649662
-2983420
-1877466
-1664661
-3232003
-5691915
2587081
-555232
-1907980
-391463
-66984
-256686
-1094112
-3190564
2891936
-4384831
186590
-256940
248865
-1855219
-355293
-968204
-1180316
2279363
72172
-5405372
64197
-753051
-932278
-1525312
561626
-7808291
-934148
693985
-1313291
-2419615
-112099
1249793
915868
-1629480
-856693
-3156636
-2135111
2141800
424183
2768024
-1676066
-3176824
481660
-1107025
-195841
-2302660
-290298
356156
-2547263
-4796587
1141439
617106
181167
-2877406
-5069127
760081
-3770353
738669
292276
-2623171
-3889935
1772756
-1992542
-1440856
-1183433
-723756
-4098514
-629623
-4985967
1284982
-1626219
-570836
-2213249
-1273280
3162443
-3767568
-386627
-3147975
-1590934
-5581686
-3886726
-1562049
1742698
-3404113
-3712505
-1588711
-6308905
-8521182
-1549631
-3513016
-1854386
791355
-122166
-180398
-1463952
-2366715
14138
261160
-7994999
-1034627
-4664517
-5144589
-905153
-286071
-1482207
-1060064
-1022878
2910984
-5398347
-2262732
-162486
753841
115639
26490
-4089303
780454
-5426256
-4336820
-5600495
-1073139
-645468
-4985147
-1497129
1489340
-3301091
-3760886
-195442
-414585
-5563074
-1257997
-1437195
1452800
-446391
564261
-921167
3153483
-200732
2534510
-766616
52855
2916929
1673586
176615
-4501238
-6234078
92720
-3281952
-3653863
-1499699
3015412
-873342
-1441652
-2897340
-2030812
-1800617
1334035
-406147
-1766789
-926125
-543192
-44466
-5592495
-3033188
3166664
-831170
-1382394
-933328
1881074
-3774967
-1711246
-2096057
1043377
-219847
677223
-2926209
903132
-5336291
-6505888
-4328408
52159
-696745
257163
-1118696
660047
145198
-4484616
-583539
-2561835
-7702838
-943821
-2950036
-2566083
-367713
966487
734857
401009
-1378158
-1178403
-5778662
31716
1748419
-353251
-4201612
1041728
-518422
-239153
-4694453
-692952
-428553
2710252
-1743991
-2330334
-1337972
3341880
-2498558
-1006837
-219130
-3640938
-265845
-3298601
570933
726110
-1411686
1607159
-2151282
93929
1986511
-1609789
-4284028
-5061589
-3588353
-3692200
-3797546
-3889232
1890587
-770266
-1233330
-4064658
-952847
-4641399
-4627585
-2514139
1441597
-97407
18866
3099162
-1530402
-899977
-4581151
-3420168
-5789812
-1158678
-1976272
-649573
-1053447
530328
-4367415
460385
-962258
-575873
-5571784
-2341301
-1829168
-7468637
-2284341
-61368
258504
-1184754
146004
-54048
912753
-3090420
-1156455
-1807356
1412966
1389633
-1679961
-1286306
-1621962
-2188039
-3111376
782504
-3979243
-1205070
-111537
-1666086
-2885800
-5048314
-57718
55709
-509793
608329
-89076
1093124
-2349318
-728334
-196930
-65119
-226836
1088287
-3357726
1617544
-8521824
-4791882
-78133
-1505220
-1632549
-675538
-687844
1364203
-3195659
-84511
-46346
-1610912
-4631460
-2296535
563356
-3257196
2701484
-721934
-783993
-1351933
2836739
-1830608
-229192
-295046
2264857
-433554
-497427
-1080917
-3071270
4226444
-1229939
268075
-349748
-7580191
-1015326
-870634
-2063435
-531853
-2436337
-2627509
1174983
-1888457
2403705
-1780852
-3321436
-1890450
-4870841
-1518934
944542
-271184
1809999
-144230
-1204390
414369
-328738
-754743
-3714172
-4896361
-2104005
2010390
-2719493
-4848112
1821145
199469
944116
-277761
-2066742
-274680
-1819620
-117771
1009389
802124
-512455
-7087558
-2021340
-7217456
-1771121
2026458
961995
-2350948
252961
-1482827
-1700413
-3027328
-1086151
-1617338
-3460532
258698
-2770346
1329525
-4143899
1120351
-2169636
17457
-5141443
-4121059
161856
-2780025
3157240
-3324686
-404352
1715613
529174
956253
15165
1515990
1417903
-7210512
27057
-5864743
610598
-806973
1225435
820715
-3348071
-3523892
673594
-7338697
1071394
-2759477
-2897165
-2263163
-470401
1261206
-2311031
-1018287
-2883940
908384
-1099489
1367530
-5602759
-449952
-1037758
-3962335
734889
320616
-859163
-602947
3341143
-4934056
-4257152
-2312615
-1610790
-2099229
55133
-765628
-2216506
1269517
1062073
-4043347
550479
-923937
1409371
-2689227
-1875725
-2187550
-4734797
-4618394
-4505515
-4716051
-4191442
-6570897
771173
-1673763
-587842
-3875787
-200746
1048734
-5281481
-536561
-637988
-5941336
237150
-1396248
-6052751
-2851913
-1286665
-2837258
-1278151
-303474
1010338
1824097
-502479
-659322
250157
-955296
-1254507
106905
-1286938
1119268
-1027350
-537380
-946778
2120802
-859656
-831636
-1480062
-6123618
-747875
369542
-600585
-3085860
3560386
2796493
-6403854
-105182
-560973
-672566
-3949665
-490665
1150616
136946
-3061245
555199
-2434884
-1284469
-117952
-308625
-236984
-1724659
-607150
-341271
1945432
-102451
85246
1167146
-33235
-2867692
-236287
-308147
2473570
350818
-5250224
-3590343
-3365693
-3115275
-4604819
281777
2442080
660567
-4150293
-7382314
-1362537
-3322814
-4056768
-3461858
-1837902
-1881891
-4279780
-3609058
-2114287
-5332454
-297437
-3349427
3081392
-8569612
-4586666
-5578151
-1635033
-2902861
-6314209
1592142
-4292824
-2291342
-5674236
3197459
1197114
-5575322
1949808
-230643
2055919
1260935
-4812427
-7303664
-733404
1318427
320533
-996641
-1531472
-1217503
-1640431
-2016402
-707220
-1673770
-922102
-3491496
-1514529
-301152
-3444712
-3992447
-5132290
-7914004
-188806
-482628
935963
-351495
220484
-453240
210424
-466183
-746673
-2346485
-191526
-2320621
-5827515
-1290376
-7132584
-2302505
-1653709
1629741
-6741009
-3439188
-6023171
41484
-3378336
-203670
-3756
-634047
1573795
-1694261
-6832258
-3882920
-152487
56522
1841348
-3574684
381269
156729
-26489
-3056223
-1952494
-86908
-4054598
480352
-3131088
-2332514
747715
-3265760
-5180654
98935
-4318671
-67863
-699824
964505
-4020218
-3319610
329058
-1454001
-1132558
2535276
2183752
-2021194
-724950
-4568111
-3628233
-3168883
-1384824
-4770877
-1073959
-163007
-124834
2099033
-458859
-1292889
1317414
-1541372
-4635050
4087048
886068
-627718
-6866
-2942992
-3281554
-3893691
-5353670
-3870607
684086
-3859504
-2229582
-5146620
-54668
-1952013
302769
-485957
-4385608
-2496585
771068
-3975749
-2415530
-334850
-2232543
-356609
-2755484
3492433
-1175643
1788003
-2996437
-215046
-3149520
-1110558
-6089980
-3757726
-1293941
480611
1237313
-655140
-1440254
-79889
1955077
-2757384
-3887120
221850
1188430
-6509502
994635
-956507
2897335
-605377
-5558606
-7439362
-2245890
681295
2701006
1009431
945944
-1891025
274748
668111
-571573
-696629
764590
664037
-3292511
-1447524
-3406884
-375780
-6818483
180648
1675423
3554955
-4569544
-66635
2041017
-457720
-213892
1318185
-935180
1052811
-77242
-1008864
2788327
-8448995
-2280896
-5565387
-1320244
-2763298
-2691586
-4901772
-1090045
-2138681
-954005
1503516
-3499492
-6545841
2193408
-1421033
-1626648
173776
-2423272
2432299
-3126219
-994412
-1734003
380240
-596475
-3797341
-2244293
-1321644
-2468721
-3090977
-4537752
705526
-2295024
-7987697
940388
289018
-2257777
-1621993
-2912613
1069311
3974221
-614426
-1593917
-2161699
-478061
-447950
-3397671
-1236511
-1311856
-2207776
-3379120
1199392
-1380410
-1243124
-4454159
304279
401236
-2325094
3392549
-6238660
-1278071
1189177
-5109349
-1731588
-985196
-1567632
-5335256
-3856521
-6997827
-2001922
-2023227
-2591687
-722279
-2266844
-1415183
-2993441
3224517
-3863053
-975117
-367434
-1579961
-1841263
-184018
-3164298
-3543637
-2102605
-7167206
-2833388
484236
151469
320679
-137328
-3511703
-2285603
626915
106411
2533811
-2868217
-239490
2837019
1277314
-4472996
-5278497
-8558388
-4244293
-2745531
-2401941
-1431833
-310669
-4511516
-214013
305804
53154
-131193
1311640
726858
-3252934
-913447
-497718
-1949013
-754940
-4191517
-4227697
-96536
18870
-4130286
271674
359816
4801592
-741290
-3869808
1247445
-1717126
610410
-705910
326107
-5788910
-163329
440819
2839411
-1809910
2460051
431147
940040
208714
-3461688
-6135375
-2972090
-1685281
1032603
-6209111
-1008324
-836281
-1253052
1150441
-271930
-3803085
227062
478487
3111799
400895
-1040381
-2977752
-1220037
-126590
1478809
1166796
-2784281
-984777
-4079144
-3365421
-1517437
-255960
-1112142
-966130
15208
10939
458244
-1307277
-937879
-688951
855007
-2969701
-102811
-2769686
650712
-478611
-2489406
-1488007
-1028155
-4429944
-1913881
1295267
3744339
-188240
1693015
-4631211
-3180519
-259149
-1914435
1793795
-1290932
-248618
1816158
-1136633
2581577
-4056411
-497983
-1054535
-1577606
-2554521
-5484389
907294
-2812052
-1711470
-3009467
864529
-970832
272468
-341208
2725514
843745
-2298958
1057033
-253618
-1387239
-3802844
-4254092
-60647
-2593633
-5034478
1737381
-1308921
1169975
516455
-758830
-2937773
-459356
2284525
-673220
4453
-852981
922969
969275
133347
-7261758
-1394727
1389060
585854
-7938602
-7818687
-415341
-354359
57121
-5053433
-4643252
-932576
1379113
995391
763806
585982
1215534
-4899503
4029754
-7143610
-1654014
-6319147
965987
510867
-947967
581202
-1783489
-3115461
1810473
-3221218
-3370377
-5717234
-2184365
3080944
-2818668
-4434361
-223147
550554
4940877
-566912
-6778513
-4569365
-4933746
-1098948
526393
-542118
1922424
-935690
295189
-190408
-5091430
-5110685
-2820591
-4839366
848335
-4722190
-323731
3091660
-5040920
-3859885
3183663
-3805052
-771326
111905
30653
-3589993
-951862
-454888
-795756
2369930
-3495646
2546653
899322
-3686983
-3837562
-1357482
-2126872
-4842624
-3092691
-4514896
2746815
-4228931
-1094037
-4741551
-2437749
727755
-4207719
1996469
-3355395
1578668
-4163908
-5006804
-1531511
-1067200
-2003212
168659
1176717
131947
1682383
-4046614
-1282265
-715574
566282
1880186
2052928
-465863
-692152
-1154318
-3253606
-5702399
-701555
-2029775
1762729
-2551711
-510892
-1124288
-5523752
452661
-197354
-6698101
-4971769
-772244
3746951
-2607897
-1692312
-2753353
493636
1784182
1470069
-989759
-5188240
-1336818
-5850395
45198
-3677953
-932402
-2525280
1509664
-890203
-4557453
453925
-2163956
2305665
-3008039
-1225840
-5374842
-5767223
-6518098
-1521085
2165708
-3520341
-240807
1195550
-660408
661317
-287962
-1667611
-1298444
-2375519
1042983
-401353
1185183
203340
-1804612
1473497
-776728
-2254645
-2331019
-2186243
-2551308
202676
2788544
-1014301
-5470850
-937677
-3944367
-4052261
-2162563
-1145481
2780113
-7156606
1857428
-6388
-52417
30712
-6226120
-863316
-2828094
-192251
-1138389
1333050
-3886776
2054817
-2602714
-1149246
-873461
-79460
-4883264
3457340
-1164334
-1864385
-7091303
-2386477
1437969
-3548640
-1014752
884836
-714343
567718
-3335244
-989702
-499489
-4559028
-2902293
-4468877
-2490625
1734595
-446953
-3294089
-1530691
1219202
-2447544
-4549014
99589
89544
344785
2519003
2615262
1566901
-48061
-416680
-442103
271131
4334910
-7172606
-642746
-1297000
-655609
-1383112
1623400
54803
-1469558
-2001842
251232
2106727
-3204821
-343861
-887660
1899133
-2866404
-30960
-5119681
-826240
2057515
-3597274
-1721789
-2097364
-623968
-3142457
-229425
-4784522
-3780894
836695
3161779
1986927
-2062185
-838447
-5161985
-1408451
1394475
-334306
1074000
-4653841
286839
-349449
-376445
-1696042
-4457673
2616180
-7368466
-1491324
-3625472
2114138
-3367032
1219664
-4314370
2053242
-1748672
-1018175
-1060839
1960929
-206308
3991620
988077
-8491763
-2628428
2248550
-4781215
-18577
-4181369
2000547
1313384
-264372
-131071
-2552974
-2983514
-735115
-254161
610040
-3046360
-5538955
-4299681
-4558508
-1551563
-1466416
-1821794
356324
-572748
1500801
-330590
517579
218442
736183
-475321
1717669
2121129
-5160221
-1282661
-935228
-185081
-787299
-2852450
-3489525
-5181989
-3142500
-3327053
-2332064
-4694383
-3350861
-675930
-5710541
-208497
-5395359
-1041557
2363149
-7372611
-2054102
-2533661
148796
-49043
397353
2113731
-63816
2750679
-621438
-3784424
-1279066
-8796929
-1478546
-4113043
852208
384850
-2607877
-1540554
1240842
-2273406
221077
-2796793
-481289
-1284724
-3027868
-923594
-684243
-175067
-364143
-2633274
677339
-3033771
-1422520
1113286
-1316209
-7055095
-1340428
-341386
-90166
250689
-2104981
-5938740
1988993
3043499
-1475796
-2828148
-3481099
-1033936
-1108892
-978032
-927247
-1481269
-172302
-4220479
1716684
-250812
-1593687
2052520
-2601261
-7924884
1380332
1423338
-4139199
-6459598
1193225
-4161653
-747191
-1787678
-3514123
2163338
1690824
1034995
-1474999
1218515
520229
-4116708
-6915692
-2105789
-3306455
761797
-6701221
-1412458
883692
2679319
-261008
-841614
-776362
-2806153
-5442429
1209069
3111355
791757
-1539915
-191932
-1461527
-13262
1095253
-1413424
3312650
1281565
2552616
-392857
-1786493
245492
450103
-1538208
145304
345550
237853
1534931
-6003460
-2958681
-542021
-7168407
347598
-5355198
2333296
1789445
1549675
-7801131
200949
-2731039
-3185382
-6265233
-1546232
-3784305
-328154
-1128706
-2063957
-1044022
-425066
288028
1921029
2811084
-1792879
412307
-2130598
-1897633
-5344683
-2880905
4461385
864986
-961567
-3764787
-273778
-1002478
1622200
766746
3622873
182008
3613050
-2004153
258308
2266674
169086
-5451895
-2332552
-2222254
333976
334471
3147245
-493083
-2223237
-225550
-1129379
-6489611
-2358353
1240592
1737217
-8508028
-454250
-1988007
-1017135
-208368
1037742
-2335933
-4345872
3926705
-3359780
1638713
3249360
3899161
-280835
-5859449
-5129980
-285943
-4082843
-3842217
-284830
-1695684
-3290594
64275
898012
-604279
122165
170107
-1279648
-3739295
-777209
-4078179
-1449169
-729313
-2778607
-3884423
-4642706
-1343599
-4452954
-4839026
2718345
531536
-44706
2473724
691869
-125286
-4063795
-1182417
-3876991
1662125
677050
-4719288
-652889
-1116088
-4028584
1768458
-2194189
-1440371
-986941
-418990
-1350001
-8074209
-724733
1116826
1525473
-515455
-3113691
-2463116
-4205529
584116
-6123927
1049162
550212
-4957514
1190144
2028547
-322679
-3231813
-322814
-2684909
-1519856
-3384702
-4628161
150230
-2109334
-1506971
-1779906
5664864
-154741
-3713802
301612
149338
-8583070
-8095771
-3834359
-4637348
-6903070
-2358336
-3869875
-1767210
-2764253
2190633
1423584
-275006
-445303
-6932728
1053209
-4702991
-1890515
-1328958
-639559
817462
-3643089
1664565
-2005071
1972112
2231435
-4187723
-3540426
-1696644
-4321309
-3280111
-132876
-1403441
-3606373
817731
-218277
283831
-1203758
-1300108
-4459658
-472949
-2566301
-2100150
425289
840317
-1056845
2218476
-5248787
-1151978
-3212285
-5731130
-419596
-999771
-238954
-4108619
-4478105
1149521
-4158376
534426
-884447
-3255544
1227923
-1934517
-1682080
-5275251
2749795
-242365
-3760243
-576170
-2902950
2643781
-3406530
1583835
3268781
-1870055
1461356
-427726
-4884274
-3938574
-5916620
-778806
1597347
-2226414
1478620
-4171713
330963
408860
-971649
-1908133
1211336
3361273
-2978492
-3116438
835420
1308594
-534406
992747
-773854
-3190640
-2132578
-3052104
965635
-1688222
-5903234
-958146
-697381
-4174381
-4155896
-1006141
-4384131
-3719265
1021545
-2543422
-2167861
-1469879
-1382574
3839
64045
-9261
766929
-2202918
-2900689
-155211
-868877
-3389035
-7586995
3368855
-1057342
56543
-1522185
-684361
1245325
-346100
2070854
-2378663
-4001965
2198438
-2811880
-2386298
1265423
710642
-5450799
146693
-57977
-4198816
-4094497
-78270
-1342649
-1405616
-4625722
-900725
-819347
1027096
557610
2862594
-1309281
-2548523
-1359413
-2613385
-212412
-75275
296800
897783
-2358317
-1109044
-3931341
-2096544
-1765676
290798
-4696338
1853470
-1539683
-2529871
-1146211
-2931338
-7227431
-5408525
109146
-4753488
-6548431
384532
-3044788
915184
2249451
-2935398
1153976
-973657
107911
727068
379216
3460727
-4143973
-4342978
-3376120
-1495314
-2275427
-6641
-5316032
-4224726
1723745
1212480
645540
-6168069
1279856
412282
-1842785
-2861386
-4584756
-1341007
-1301382
2548653
-3614402
2092326
-2919613
-468228
-3630752
1399187
-638495
-5757464
-606535
2414285
-413875
-715159
1878275
-2239183
-2671893
-1087360
2327414
997444
-611409
-942677
-1491519
-668729
1230740
3752528
-3822335
348658
-1060260
-2998241
1768799
-7486998
-2323907
-4986319
-5302555
-6368557
2032533
-846827
-3001349
-244438
39591
-6079100
2711016
-2162586
-1065407
1476598
-719599
-277172
-57301
321694
-7294674
-1547932
1420294
-1485060
-198032
288733
-2507281
2246128
-109831
-2524029
420904
-4129931
-6496060
2023335
1876453
-3197765
859449
-405290
-2220759
-2894821
-2659091
2471841
1947379
-3409962
1842065
-998582
636301
253601
-1560310
2673735
-4312260
-329869
-275013
-773023
-863853
-2040032
-712147
-1573893
-6789238
545455
-173200
-2459482
247408
-1164779
-5589494
835943
-2734346
-2929420
-315488
-4807107
822967
-348740
-4337021
-4639920
843342
-4177678
-2004416
631982
-504555
1033544
1184
2350801
-3434769
-3290661
766389
2684977
-1173162
259921
-4635311
-688176
-5066423
-518371
-4418557
-335649
1694758
1048320
150213
-8118085
-5701080
-2799253
-3923038
2224301
-40040
-298640
-5246148
-2623421
-126627
-1975740
-2120139
-1257293
-3815396
-5316439
757255
-4525608
-7844098
626786
-4336312
-1282030
-2616105
-417855
-2604122
-2303603
247913
-880587
-11541
2762368
3762313
646704
-1496958
-73360
3204064
-650577
-550852
-3119829
-2230585
-178343
-1633788
-3033422
-2908263
-5433624
1039876
768416
-7612957
-711880
-2650973
-1950397
2667657
-2581656
-176741
-3873933
-3764593
1018643
-6789935
-306545
1582656
-5864452
-1059035
-145655
1356391
117816
981949
-812995
-914993
238250
-3359903
-3624003
170592
-1314839
-4574014
-1171844
-481666
-4753693
-697660
-762551
1966922
-1104928
-1211233
-3187191
-7534757
-3470577
-216291
-3168006
-3045848
2481894
-1118638
-1335601
-5990868
-1415314
303495
-3639140
-3462809
331055
560185
-174886
-2784356
3422230
1006733
-1329537
195143
2501220
-1543845
-1667554
-190476
-2686569
616155
1092501
-5182680
-7464348
-3207106
1093992
-68673
419365
-1927302
1087967
-5623369
1810785
1265413
-4563033
-1256325
1623962
1448664
-2315609
-781016
-4170665
381018
-2568099
-4084136
65235
-1753629
1274841
1324654
98664
2722806
-846595
631131
-836810
234616
-2512910
-8995431
1225289
-1197920
-5443300
3998685
-1461817
-2509336
-854637
-395411
-4304776
-873141
-3239421
-6223723
1339222
-3087660
931240
308545
-559366
-161407
1648820
1896584
724026
1360982
-2043597
126572
-1754577
-7039965
-2172182
1155002
-2466442
-1090090
1219506
-3059949
-6513346
-349929
-2058443
-578414
-412227
901281
-1431267
-2778629
-2023442
2940429
-3892724
-708212
-773017
-384249
-4047630
-1537010
-1087367
-1519294
-1649356
-1784657
-2541863
95902
-124567
-759436
1621839
1560207
-829346
-4173307
-7155736
-4801926
1533689
-3251852
-457572
-444934
-2793279
-600829
-5639925
-5324446
-5244146
-4448769
-960500
2411122
-8074
1906644
-4243389
2041582
-964049
-4728833
1698280
1050713
105517
-1069005
-241462
-352739
-1132968
1058967
-423912
1398158
-928582
471496
-2817914
-1827454
-2337937
-3873950
-109182
-1037362
582013
343683
-3466415
-2958807
1047935
2388235
-2981995
1315114
-4380537
597157
1104784
-92502
2418670
-2119368
1461284
-307810
-470314
-2288235
229314
-4102354
-3574419
130053
5287724
1714295
674076
-3520113
-48131
-1875805
-201203
-604012
-2827638
-361700
-7424533
-3155610
-6889486
-4531580
-2814796
-3534959
-1109121
-3243001
-4072943
-1467964
1255867
-4272099
-2000848
-943860
454819
-389189
-1557403
-6264234
-533721
-6420852
-1493563
1214014
-2988379
2042782
349922
-920488
-4417069
916072
-183107
1501
-2425144
-3232254
-1830947
-4267961
-4247002
-602970
2158553
2977855
-4501078
71520
-4252775
-3406112
-1859174
3084552
41519
-3249094
-4152586
-437062
-3591546
-936949
-1624353
768087
167729
3292851
-4109361
-3605727
-7454000
1163208
-2271058
1534285
-1070970
734105
617965
-3524246
1181340
-149948
-3879056
2789231
-4299877
-1455650
-566831
-4442172
-4711249
-1997491
-5263349
74755
-6794003
-146569
773700
844377
-5784636
-2340597
-554742
-1090899
-6211656
-1598026
-4961098
-5063759
527407
4768558
-5240487
-2639454
1731062
517867
-1621095
66029
-5698149
-502141
-6487241
-2200683
2509926
5041185
-4238678
-3893883
-180120
-887379
-889541
378092
-4731803
-760761
423587
-1769562
-1056865
-8050507
-1757136
1097446
-96896
216336
-1463056
-1263026
-1493421
-1876122
1394982
-3479927
3714673
-5063238
-653612
-2239057
506078
-4539693
-2255723
858196
-2366468
1265954
-528165
-2869584
-80890
-2847477
-4096342
-8142015
-1992245
-2021140
-2173322
-5707587
1026613
-3239948
885091
-3253102
-7462246
-1517454
1248902
-1780922
-988381
-140716
239873
-5096439
-957875
3924607
-4688742
-3998266
362244
-1863293
-2043226
-984679
-494787
-525344
-5421268
2068948
-2584951
-864439
1091168
-3362047
823889
-4089581
-247558
-1745253
-3834119
-5632573
-1158440
-7618478
-3467117
-6672360
-3813588
-407275
-573721
2335891
-1227087
-1033101
339722
-2626726
-375682
-49483
-5220254
-5906764
1547689
-645406
-706683
466039
3713499
3771932
-2692619
1744812
-1193863
250874
-5233405
1226648
-4888843
181140
-713221
265249
694472
-6774317
-5082953
2052275
3316871
-482519
-4455675
-2539702
-1200234
-1090852
-1876384
-7858445
-8880469
-406343
-3814486
3025985
-534376
1281806
-1138587
-4468127
-365088
1657000
-5022517
2592535
-21241
-3307508
98213
895726
402907
-2823868
-1831117
-695882
-198877
-3171902
-4195503
375669
-253801
-421679
-405320
-1470069
118183
-6610852
-479326
1965711
975315
-2724283
-5990883
-3328189
-3831635
1186817
-178016
-3790329
-1279494
-2310743
-592204
-6647468
1669344
-5653265
534363
-571589
2368443
-2417
-3337237
2655202
2806618
4499914
-8798787
-6411278
-2883508
-360266
-264155
-7432871
-2787672
-4547900
972472
2755595
237916
-2682176
-5634558
-341600
2613937
-7783117
-1714216
2512681
-6268355
-5268815
1922057
-526946
1758477
-257767
-3735425
-6974072
-2257447
-3483963
-4188728
-4346387
-7211215
807876
-5062136
-3405181
-2728754
734459
-3197447
-1255672
-1978919
-4005431
-1309125
1974500
32512
508296
-2103602
2415704
54161
-2539441
-3739005
310809
-4315727
-2509727
-3976711
-1705065
1443463
2041095
-5823228
-3252877
3124090
-2210040
-501459
-5409603
-4592636
-2497502
-875907
-1949513
518283
-4778330
-3166688
-523617
-6367707
568351
799856
1066427
-322017
-1947636
-3403436
-4869902
-1157344
-5341748
-4298256
-3796694
-2904984
-680465
454044
448794
142716
-5630414
-4998033
-4701749
-2539392
-5461593
-3305729
-554466
1961389
-7209998
-2728633
-2925359
1015878
-3864317
-4353909
-1153174
-971810
-2045191
-5430430
-7698193
-631384
-446450
-1627266
-1482098
-2517525
-1479714
2049173
-2594521
-4137845
-565095
-3335501
-3954532
-4866359
-1900699
-1484845
-1431792
147942
-4037194
3173130
-1684286
-277074
-310465
-480812
-572192
3858541
-1293455
613198
-3959900
-40369
432543
-2355614
-5443710
-1136637
-90457
-1188150
-7640333
-1588287
-5568887
-5725141
-307355
5394050
-392549
1786796
-3910685
-52939
-3856222
9949
-73094
2118190
-2892811
-2274936
-2590695
231231
-4193329
-734980
-2184540
-3103878
-1481422
278871
1207039
-1674723
-336466
150029
-4401377
-6538517
382972
-1445371
-2502812
-801412
144026
-4972073
-4993219
-2091207
-166685
-2258619
-3580551
1412627
291267
-1544889
-1417360
-3179282
-840202
-2622745
-3429131
1086589
-1055790
1701583
-1642375
-3280688
-2803257
-3128764
-895829
1929838
-3306136
608271
-1686823
580828
2805057
-4156652
-6132645
-1407527
-3752118
-7118283
90007
-70478
-1137558
-740834
-1274435
-4259438
556863
930106
1510451
1000805
771457
-147148
-6087967
-248660
-853531
-3918087
-27129
2266129
409240
-2825903
-4017273
-4997678
-1239861
-5277758
517487
1271432
-3349016
-4750470
-4779817
-3299
-2241312
-2899169
-2341852
-648744
-5052822
-603319
-481144
-124615
2440709
-4465471
1190413
1167139
-1937029
-67291
861581
-2762472
-1845310
-1429074
763271
1057628
-3856125
-4682537
-3082142
1230810
537901
2436308
-2420128
329488
-576635
-4314826
1045244
1515326
-3222450
1854789
-2820695
-4723994
-835475
-2100320
1108134
-2908971
-475632
531135
185508
-2431435
489717
-1816543
-863437
103897
-290135
2715850
-569282
3041024
1873150
-1395119
-5248953
-3899676
456096
-4264373
-42224
-5387936
-5167109
-2994933
-6270495
-1804207
-4287821
-1254114
-671186
400171
-4380635
-1555351
1651405
-7404460
-4154632
76868
-874386
-115645
-2072603
-1306647
-444778
-5928433
832291
1537007
-1443020
-216533
2765348
-4041787
-4902400
1432941
326390
3110359
-55831
2145063
-997778
-5303332
1954427
1010372
810870
-737830
-5283522
-5817204
1523685
-656985
-980168
1654397
-1465733
-607442
-4702448
-145509
-5135493
-4616293
-3867016
117166
-551666
572957
-2215647
-1183447
-516740
-327798
1906955
-36199
-514845
-2440145
-7168705
-343413
-2288173
-1224029
-3041585
-2069824
-1523733
-2440067
-5135830
-3733395
1521696
-4005951
293392
-2774751
-1700633
-1722076
-1438347
-729525
-717895
1846783
-445211
-5143133
2460521
560693
906780
-484811
367015
-173381
-4614461
1093606
-695507
1028165
280269
1345192
-4642700
-3360115
-3612915
-4569893
781887
724928
-4417744
-609595
-2844063
90777
-2632318
-4586767
-1899735
294093
-4495928
1323988
-3446818
-2432681
178795
-2382897
-2033089
698314
-1569419
86990
2659029
-508240
371814
-2564054
-2055990
2407950
-2942414
394182
-4350527
-5297849
-1417825
-4139410
-248696
638808
-197356
-7831572
-1936428
2911401
330136
-4851589
-244129
999125
-776922
854796
-445798
2128774
-8845700
-1636710
-5905744
-1809318
403357
-1870052
-2838340
-1887125
52117
784367
-22618
257964
-4346346
-4671858
1598958
-2004106
1969890
-1416697
-4602281
176669
-1329589
193075
-2976704
-2242853
28728
-1417327
-687210
148533
-1865198
-1646775
-2654112
-1826000
-2393750
-291928
936933
421441
-4014538
-4878856
20283
833950
-3856012
-977470
-2084055
-1663659
-1292979
-3546140
-2168298
-3404336
355059
1768431
-395477
-212435
495384
262932
-1230958
-725828
1188415
1053845
-4232363
-1071918
-3651200
-6606993
-110123
-275629
418599
-2323394
-2704600
-1950723
-4332028
166860
-34702
-3765869
866031
-2477163
-5250606
87065
77658
878159
-3307182
3951677
1610555
1359208
-3680564
-222171
-1964615
-2727064
-1431543
693482
916604
1404200
1211932
-4146187
-470746
404194
750395
-3531156
3661403
-110963
-2349266
-3985070
-3194751
-1532223
366621
1688375
-3182692
-2813971
-869750
-2533735
-4871328
273308
-1278087
24302
483505
3861665
-133763
-918927
-505725
-409722
-6990578
2819448
-703575
318064
-159680
-3753060
1105450
-2702157
787266
919987
-1231472
-623352
-7150511
-4349929
-1646348
751148
-1538373
1026577
1129350
-3748121
-136045
-3133207
103341
663378
-5353251
-359779
1729254
-3344055
960641
-1218735
1086628
-724295
-5806587
388031
-1264240
1919954
-3139965
-1820328
-494647
-3152367
-1055734
-2477886
1964934
936578
60512
1261589
-343554
315610
1965066
-1956418
1205945
3085504
64884
-4264638
-3399219
4041693
144874
-4334725
-946119
-2542449
1217439
-1967877
326569
-542010
-4807250
1912068
201978
-4746979
-3517758
-2562462
-4382949
-2947779
-3152151
-672124
1600901
960876
295316
2829859
-3469119
-1067096
-1601665
2868614
1239970
-1946683
803685
-1641681
-5541511
-3961799
1826835
-4595830
-1003580
336320
-4225639
-19941
-1153780
-479199
-15197
260944
-4764901
1415442
954948
-684431
2125917
1378503
-339709
-2766094
283987
-2834357
-5572058
-99941
-625153
343832
-2776798
101880
3939251
-569358
-3733237
-2167154
1325640
-440512
1653582
-4655632
-2431105
-3862369
-496703
-552582
-1394939
-144512
1049706
-4810984
-2985708
-5662602
1709491
-3472014
-3202007
58588
4833626
-5141647
-262148
-4008777
91934
-4717839
-3525372
936063
-2738568
-1201789
-5563357
1563694
-2493756
-1976634
1376381
-4149697
126931
991915
-568919
-2879550
849181
284527
-2873230
-501498
-4061904
2690840
805498
-1978603
-457534
1088697
-527699
-5050026
1614031
-2130320
-2054182
2159813
457729
193844
-3955741
-2424543
-4844443
621030
-3080047
-4286254
-471257
-386744
-2262090
550781
-4274585
-3759079
35170
1774591
-3582193
-1115262
1918300
1536801
-2231972
-1136751
373678
-3711086
818657
-499271
658995
-416567
1030828
-4582903
662976
-4504166
-1711016
-2681042
-950131
-4884086
705115
1349472
321158
-903855
-1578714
-5589999
-1402875
-3034134
-1517202
1499105
-837489
459818
-2017368
420723
-468489
-2484409
-4342345
-6278610
-3974621
1377976
-3962491
-5286366
-190951
-3837045
-3087160
1534659
891072
2750841
-2383323
92692
-2337650
-3157323
-3932765
-4573945
-3177546
499898
766392
-4316572
-301454
-1508955
-2657999
-6534269
-5237934
-4963997
-1081073
-344533
-3589904
-3637107
-892920
-4579955
372583
-813204
1009707
-1438778
-1073710
-426410
1942871
-1649361
-4743232
-5748391
-32772
-5048735
-4359365
-2396981
-3487595
-1569184
-1065266
-3939079
-2798996
-340459
-184608
-3823809
204546
-2801891
1669946
-3845469
396577
2309677
-5486231
10746
3460845
-4770729
2615946
2074554
-1325000
114599
-2307455
-3422208
-7449631
2502735
-2299984
-3344408
322961
396908
-82496
-4594552
-2218950
-4212063
159727
-3230250
96347
-8217873
-4455491
-5455864
-4222444
-5998249
-2409089
-1972263
-435726
974714
-1208454
-5594124
1467960
1032964
-4153526
-3494936
4087597
337463
1724846
-168500
-2562124
-582789
1693097
-2765889
1454020
-4455030
-1308190
-5034179
-697597
-4580496
328129
-4514947
-2311036
-2736972
-1044091
4719560
-5483497
-4385933
-4650244
-1216521
-2025287
-2250711
-3266128
-2776097
-4382277
-157485
-4545610
-3332088
-223085
-4908477
-38659
1444037
216107
-449894
2841588
-68495
-742446
-223441
-4217112
1181163
534647
-2451897
-1689070
-463311
658366
-352288
14284
-785598
-1662100
-4335948
1427359
913357
-3883119
-4217943
-8161358
371643
-2172858
2020290
-4495279
-480508
51943
584230
3048729
-455265
800448
3459410
1810519
-5566669
2528463
-2615990
-2011655
961177
-1710604
-2545724
-1647122
544595
592722
-3622763
-614505
-2386325
1515859
1095774
-2469164
-4397501
-2187003
576255
-2185596
-2728919
-1030792
-2715430
736619
-630475
411411
-2151563
-710051
-2369145
-1350145
-404613
530244
-2018784
-97725
-1253999
-5894463
-7006587
2660058
-84894
-2938939
-3588199
791694
1231554
-345327
-4840654
-1952487
-189714
196921
1092519
3130498
2882731
454176
-6092194
-1314147
-4393064
-4024761
778480
-4157208
-697286
870914
2524913
-482363
-3613279
138324
77762
370711
-3626190
-242897
-3256122
-2212431
884048
2555685
-6215259
-4087296
-2282549
-2047441
1630841
439605
-185788
5651
2707065
-8054990
-2452523
1773275
-323734
-499043
-6647191
2908062
-2575785
-4887900
-2518101
-548267
-8377615
-217482
-5104383
-7178289
1489970
-2975953
-3618342
1926118
-2121069
-4406136
-7318693
-148993
817066
-4752130
474271
799900
1261122
-5299832
1123686
-1675428
468669
-8202898
-2657263
-4250586
-924278
-490906
-4198639
-1061124
88199
-3565201
-1588867
-363515
-5660994
1944498
-1174375
-1368431
1046442
-649882
-2185208
-2008529
1042265
-4339319
-2178859
-4727054
-777288
-1618321
981248
-3894199
2639181
-837563
878373
1315351
-434772
893724
-4957367
-4592910
1324937
-3123173
-1183950
-3481566
-4356077
-4317710
-633057
1049054
105339
1773972
-8396893
-4685111
52522
-3977579
-5924050
-946262
2174560
817228
1929760
-841728
-279625
-4431725
3631095
-581770
727631
2695479
-7315355
-1480243
-3527961
1877462
-1090762
-591463
121476
-1246391
1858417
-3413949
510256
-3872171
-1344619
-3584100
3773390
-1744496
254215
-1137393
-1851688
-551831
-165635
-100201
604684
1166200
1923958
1364987
-4294242
-1229489
687412
3141199
-339563
4242120
-2245313
-1034697
-4092611
-1883540
-3054457
410280
-5215069
-1265350
-1036298
-2678042
-823429
-1168700
1448284
1988817
803684
-210491
-754090
-3162974
-2573415
183330
399572
-438845
-1726806
336133
60862
-1704785
735508
-1249201
-1198639
-3198390
-302768
-3292738
34368
-1473980
-2699887
-1256669
-1825522
-5198261
-1852763
-3372863
-1743350
-283762
-208882
-3094247
2147247
1520210
961100
243652
-4405000
-3962572
1367947
-276848
-509418
-2958503
-5879532
191398
-221185
-3235852
-3951973
-1823563
-1207796
-3372518
255595
2040116
-2114346
-3932758
-8152932
-2578522
-710189
-2758999
-243781
-2702611
-1026383
-7769489
-4807792
-8472193
1333420
-669813
-3193929
-2615989
-1241528
952320
1386390
-8795428
1028182
-6887792
-2188695
1356259
1870792
1194192
-1710612
1343848
-2689228
-4310331
446410
-7194425
111144
879951
772899
-1523158
1545052
-3522725
-3737621
-3064937
-3167477
2410978
-4824456
2031614
177080
-1840303
-5588712
233090
-4623203
-3188866
-1802349
885379
68128
-2005062
1803260
-3590572
-5138816
-215454
-3021108
-1183076
-1639287
-1663897
-3065036
15795
-1410380
870688
1619973
-3659994
-3641393
-8162039
219288
3401287
1798129
-5141963
-971133
-4911029
-5047256
-358226
-1678605
-7420011
-6994181
-493321
-1837115
-1056862
5372337
-2596054
-1415716
-4606749
-3131861
-1578980
470928
-778919
-2397818
1914764
22897
-2262841
2846858
627978
-545074
-1204275
-3934311
1986630
-1761404
1218834
3335046
195843
1174124
-6077651
-2863641
-683548
-1100970
-5904500
2176987
3077176
-2361439
-1988507
-1378229
-3899095
1971243
-2463971
-224149
-4482308
-2602780
298718
-1513331
-2448273
-1084254
-1629752
-3037596
615914
-5616557
1321001
197529
1262878
-651291
-158550
-4800105
-3130550
-2045269
-2058784
-2892324
576565
100907
-1764979
-8381549
4012640
-3781871
-3697144
-1632148
-1163661
808717
1598514
-3575312
-7921309
-242044
1650943
-765841
-1966545
-5810988
61951
113906
-547495
-785638
-3606078
3389381
-1261047
-254738
-6192725
-708319
-3987330
-1750946
319218
-5087850
-2848138
592276
-3687464
-3644857
-5530960
-734011
743306
-5397365
1149223
-6656622
-724850
-4257300
-2119278
65634
-1945139
-3303175
1964471
1787504
-5780542
-1876314
311095
-1527561
-4758854
506336
-240602
504441
-5395884
-1764218
-17835
-308368
-160112
-2214645
-5153674
-3265614
-839249
833761
-1987436
-2640370
176919
5028186
-6203914
-1598567
1452480
-3010753
-5789972
-3050681
-2009973
764195
-3286775
-5452961
-2295480
-8092579
-905098
-715524
1927830
-4274899
-1720096
-3887293
-7016878
-1066628
-2525441
-1449621
198034
2090520
-3575541
-1345194
-566663
1900217
2920653
408018
384013
365234
-55840
-829485
-4356700
-4534573
-1816358
3115269
127275
-1602062
-3279276
234446
465739
-1326518
1548026
-2098083
262501
3590167
-3079606
-1994844
-435556
370517
-5029966
-4314435
211499
238374
-1006494
-1387102
-46559
1296685
-604099
1370829
749346
-7018817
-2950680
-2358177
-683781
-2036729
-4168286
-203550
-706655
-2890006
-5592122
-2464099
-2236564
-3230501
-1893836
-2735709
288995
-2429228
-5416971
-4188233
-3690331
-2025786
403791
1581574
-3335401
1490992
-7728567
2639807
-3844637
-3322919
-888340
3215052
-224600
954201
408812
1498301
-86123
-5407623
-2169499
-386166
-2966624
-277563
1435820
-2474124
-999009
-1007510
-43030
-1981963
1025094
2788069
-1056835
-989600
-3225660
-257196
-370026
-5081202
-3652041
2958260
-2288413
-7076649
-3302954
-4352625
-1719758
-3086110
-1120847
-3368204
1650689
-296654
-243914
935250
1997715
-1076415
-2416249
600259
522873
4216420
-169477
-528503
3080949
3617550
-1966769
-1996632
1767535
472797
-3596170
214166
2573298
-1720321
-1356263
570066
-2220019
-2296186
-3971319
395777
-3350017
-836270
-4150311
-4873850
-1341317
-716745
49755
1693552
971519
-5448224
719871
-6038900
-1737941
2541188
236725
-2085365
-4269685
-3213618
-807281
-3937039
-4682192
2410606
448079
286238
-4722837
-3784603
1408607
-1016463
-702625
-8017451
-55508
-697688
-3365858
-3981219
-6907150
58807
-777606
401692
411140
-101447
-5372606
-5552244
-87283
-536614
-7543409
-1239804
89281
-925614
897686
-5302224
1424780
870908
-372388
-5011551
-3389464
327297
406623
-610903
-5421172
-4483064
-3180498
-40911
-2987488
-23135
-486669
-2146051
1121173
341930
-1940879
-2524504
1226322
-4790158
-2635465
-2036718
-1671960
-3363909
-2147993
-1670076
-5028963
869065
-6446334
-3066597
-3052684
-389481
-3373400
-3656550
-300890
-2116908
-5524954
1779544
-328302
3620627
-830804
-128083
-1408351
-5797757
-1861861
-24085
-5840409
2349688
-1567769
-1683525
54539
-1184550
-2744694
-1916592
1498169
14477
-689521
-605365
-3650070
614001
511574
-1153128
-4300230
2048659
-1763194
-103982
-1884131
-1751165
1382470
3336244
-3108906
460609
-1360926
-2753966
-5013605
43611
3947810
-4377456
-627842
-3050835
1971495
-3077529
-663316
-1480135
2609119
-761117
-469941
-1352071
2211681
1190007
4497649
-2932348
-318433
2261164
20978
-504797
-101050
-255073
-2933828
-1000466
-834488
-439864
1192890
-2250203
-791836
-1270179
-5814673
-2077856
1565714
-4875593
481693
-484758
-484626
272562
585766
-884635
-303765
-3282344
28538
2709491
-1879439
-2962771
-2802106
245119
536963
-3751514
239890
2831266
-1091616
1138751
-4496625
441417
1546462
-868939
-3487776
274605
1262582
-1236871
-1015080
-3741273
-1206075
806151
-5696709
950360
2487578
1104903
-2548635
-4907728
-1949266
-3915484
-1914664
-2408613
1817680
-1604232
-3417216
-2853340
795233
-340094
-2613775
-2246589
-3204356
-3673746
-2184527
-4533360
-3175993
1545297
608250
285310
427844
455596
-2200425
-867020
708900
-2658323
-5590902
-295755
207291
1987720
-2081067
-3374842
-5472143
-7417277
-1498842
-4766699
-1928567
-1487812
-2801273
-1840045
366146
2439923
-1019695
-1025718
-138378
941355
-4371279
-380075
-1943244
2330226
676621
650262
1665235
-765884
-1592976
2547027
-1582890
-3606688
-2497760
898318
3616008
1058965
-4376589
-432576
-2903381
-3861791
-2003931
809842
-6851304
-948928
1664989
790731
-5886236
-594160
-3307918
2620083
2553070
-403727
-2564412
425756
-2362489
1824232
-588622
-3425974
-1243501
-2670441
-1042786
-4105668
-594666
-1032576
-2434519
141672
-1456635
-8364186
-6327115
-1333598
-3072227
-818879
-2279731
-572995
-2398235
-5182770
-1145102
1415325
-701615
3666921
92685
-4761753
-381530
-2077536
-274336
-367682
-1101883
567383
-3558041
-531865
-2090594
-1823055
-3938392
-6005528
-1262362
1079947
-182895
3990041
-4326267
-4188745
101556
-1726094
-2076995
-7181412
-7131533
-1861921
-6944753
-386363
-1977821
-4949849
-2821471
-890244
-1061484
-1002781
-2009417
-609020
-3030624
2479904
-2900277
-1523988
4395
-2810833
-1338853
71763
-7251837
164007
-1979600
3751739
1900191
197869
-2767969
630277
-869086
588902
-3153875
-1925421
-3013299
617335
3247095
-2477022
-213536
-5272371
-479344
-157571
-691142
-2678758
-6568180
-781238
-2177334
-1063015
-5107390
-4851989
-109976
-6082879
2355782
-855584
1828667
-4155560
-4406640
1897418
-3228834
-771231
2198446
-3400876
-292990
-2628412
-1752531
-736403
-1422068
-3254552
-6465993
-736553
865220
-351114
862679
-231081
-5249822
-45799
1338143
-1206112
-1611721
-110648
-329933
-384104
-268126
2113183
-1558788
1775157
3743728
-4857110
-2290273
-986705
-2147787
-2820666
-2002757
-4126299
-2358956
2539188
-508541
-3477789
-2000711
-2426223
-46676
3283391
1766124
-2897778
-6074332
-3218429
-6174692
470835
-3390885
-3029344
-4469429
601547
2213846
464232
824457
-3062913
393910
-3551000
-3266064
-1162580
-2854995
-4686246
2205272
-1141104
2575854
-5125763
212015
424307
-848957
191114
-7556951
-4680015
-3067891
-977251
-819361
214303
-353542
114362
-1988265
1044940
-3949999
-1325886
1452959
-2183825
1438066
-1408703
-5700459
1110887
586383
1247891
1391893
888858
1082396
-691592
1330973
-112888
-89402
933305
-5546188
-1475272
-4196946
-4581909
-2186701
203004
-1480525
-743276
-1388780
-2939366
955928
1481534
432532
-129045
-1749193
-5990388
-996964
1392815
-3300531
-3561962
-4491874
2645976
-1079044
-1183057
-1085569
-252678
1380452
-5579602
-17532
-202259
-1468306
-443816
-3782765
-589935
-2018900
-563304
-3307769
-1938601
522790
878132
-3573953
197001
-3960225
3389350
-4822532
-1934151
-2658709
-1627852
-3775011
1769338
1302569
-2991541
109328
-5638664
-1965278
800227
-2907961
1581172
18848
-3885690
-1717513
1038887
-1687666
804371
-2853769
-606847
-3607889
2468297
-90629
1709277
-4466607
-1369498
-1623636
-1530843
2622257
-8492612
-1378127
580334
-2999148
-1616390
3381176
-1143664
-788213
-5581142
1634375
-3672010
-2169101
-738312
-3054534
-2957717
1258875
3242641
-843722
-618114
-109618
162173
-980074
1160724
-6747606
-2702418
-8068555
-201792
195526
391942
-4220126
1173721
-7108933
-211918
-2744851
-2139314
116424
-473332
-1254219
-4026983
2035701
-7023354
-831429
-3301953
-314295
976117
-50882
-2003293
-2527293
2153818
150417
-2522202
-7973431
-5479295
-1600395
-1717570
-3696912
-516033
-4533524
70428
-692556
744704
-2545943
-4420613
-4932805
-1480539
-3294401
115943
-3753898
1454080
-8215534
-114954
-1803639
1305931
182711
1442638
720711
589079
-1898086
-1332226
547909
-859820
1841876
83427
1691726
2301145
-4379782
-2963556
-5110146
1036362
-2823708
-2628944
79942
680226
-406888
1449840
-1706727
222206
1901087
-1326919
3214397
622496
-2798502
-3423935
632579
-5569817
1215336
1755127
-7092491
-3055994
-2011787
1567106
-2794953
-3634150
-2236786
-4574450
-411396
902168
1229919
907978
-2938780
-3074098
-3815317
-2710041
2297160
-40680
-3363083
-2193823
-9017294
1707594
-1535939
1684910
-4702037
-3348900
-4605896
-402004
1133039
179768
2853389
282035
880242
584622
-2926790
-587657
1069589
3680688
-3631827
1471404
-1265519
-5771213
1338354
-752496
-2225067
1988306
-4361488
-6952092
249409
-3094916
133377
-137527
801765
994457
-3717253
-5811029
-1249306
1703098
74608
-43052
-1765860
-1928148
-1900801
1496370
-3265817
-3985533
751266
2723635
-4498219
1164600
1039886
-5177714
-188914
810945
472270
-3166466
-3601485
-2234516
-598831
5053449
-5003807
1072927
-3756382
-433388
207138
2629964
-2949839
-103434
74308
262270
-3192395
22683
-2616450
75659
-1742982
-202343
-3327746
-7385037
-669599
-3571500
-3790980
222904
-3395721
4065906
-567544
-894738
-4035186
-6648291
-4191482
-1163419
-3186344
-6609488
-4026628
-1905883
89280
-2515484
-3768572
710798
-4402819
-1511223
805734
-3060311
-2764126
-4030217
1146645
1390001
1428968
-3828391
-4369944
-1656315
-484202
-762775
-3190297
-5010419
-5378936
-1898970
-1886709
-2330004
-300502
-3609961
536180
-41632
1792082
-7805851
-4202279
725200
-1435301
-277866
-1583390
-1034493
-3942110
-2683103
-503314
-287687
1999385
2545654
-1197518
-5180009
2051055
537746
-1453380
-2702520
-4076278
-2819173
678714
-1173928
-909474
-2713189
-1730569
785926
2498759
-3770588
681245
-1430881
-4181420
-1080270
-309618
-214742
-194400
3135944
-492299
-2718566
1813690
-1129846
-1604075
-1414702
-1615701
-710398
-35128
-2668847
-2803641
-5141292
1855606
-3976461
-3295527
-1769572
-2084451
-2395827
-5091084
-4347987
-6872600
-3566603
-2070281
-4336643
1444454
-3198215
-517644
-3087446
196883
-2096890
435378
2114285
168713
466537
-4996926
-1342165
-6441937
-826335
-1676194
-2753722
-2443113
-708966
-1835379
-4054889
-341907
3166268
461240
-1150431
-2987738
2016975
-2317081
-2025533
257144
-4222361
-5155538
1182595
-7200080
-8273764
-3030907
2367204
-1308022
-454
-2354722
-5559747
-2348054
-1548918
-993783
-1146240
-5275363
102313
-3106923
1141615
-486704
-2694790
-3469503
-2630415
-2120046
-842916
-3504978
-3674783
1115541
-862656
-7433473
-4195782
-1711603
-5673546
-4078928
-2723577
-2026071
807879
1174037
2218974
-1414906
4042514
826625
-6538592
-4771946
607488
-6134044
-873016
-781896
74266
-1465627
-5053506
-2373458
-494072
-1232759
-3080935
-2078052
-237683
671173
229439
3163326
-705778
-2895282
-3832253
-635427
-543798
-2022711
-1735557
670484
-4252465
461978
-2885408
220577
-944872
-531139
-488094
1317591
45170
780364
443574
-2146741
-4140160
302483
2556901
2071912
-1297598
2899712
780009
-1829594
-6230103
-6467655
-1566636
-1275673
-4861681
-1690367
-327236
200527
-3257836
5753517
-5594473
-2460735
1589824
-3940835
-726168
1538101
-2341122
907971
-2956031
-6039450
-232946
-1277951
-4712079
5523850
410903
707551
-1260959
-2700495
1659118
335221
2221003
1790996
-885909
-477116
-4599057
415007
-379416
-3208805
-2832323
1421783
-3686483
-6548713
627491
287341
-2282938
-379097
1149290
-1173693
-3054321
-7962072
-551408
4458141
-87287
-1389697
-1412881
-5567374
287077
-5001222
571915
-3040081
1657213
777895
-1972195
-4451743
-77289
295838
-2534596
-5210707
-2012039
1130680
-4761379
-1395552
-590521
1816074
-5411930
2237258
-2816601
789755
-3994587
-2682666
1055625
-3490206
-93268
-1159228
-249773
901331
-2166015
1716336
-3949158
-3468192
-1051568
-222465
988214
138221
-464194
-5142568
-466458
394020
-733909
-200983
-1161523
-1343704
318627
-5495322
-4260341
1330415
-70969
1205283
-4377008
-1393814
-2495666
598068
-1001674
228245
-3095062
-2140587
-2126060
-1705388
-1298750
-1529842
152596
487838
-1918817
-3069594
-1800868
-2315975
-991611
1864704
353287
-2906863
-317144
-3975753
-3838521
-4178883
-3885366
-279562
2229186
615113
-1465927
661467
-906531
-577517
194914
1835816
-3043465
-5131513
-3819282
-409441
1085310
2955021
359973
-2338640
65102
-203320
1230293
332808
2039603
-755700
-2197574
449321
3157771
-1666947
-451965
-3146717
-1053784
-3957386
2456029
77834
254161
2712534
-1099163
2758760
637401
-2010641
207066
1410369
-6729245
858075
2186725
1213403
4080
-3655660
-1412297
-810832
882035
-4271396
-1037991
-840787
-448950
885228
554444
-3812637
383728
-1177825
379631
-4337873
-2225148
-1919330
60870
-1340191
4231611
-2137072
-1204819
-4695935
-1853524
644484
-409594
-1650118
-976437
-697645
297330
424430
269213
-3508743
-8203465
-4177862
-2726964
1146612
-3423535
-442456
1824737
-1569503
-217240
-5410985
-1641111
-1402979
-4135816
-2508876
-6636814
-1216863
-1110658
-3769077
-501857
-3045688
-4768153
-1070135
-1229603
-4666667
-4975947
-2423169
-4812807
2532918
348587
447162
-1232496
-235928
-1567214
-4079629
189932
-1972261
75399
-2821672
253145
-68300
1471441
-1776153
-447238
-3205805
-2844030
867542
-985312
-7567557
-1067086
-4637892
-4715309
1422585
-1807901
2043702
335998
-2249746
-1157236
-506156
-4309394
-1606215
-375710
1822041
816378
-4837158
1106864
4228306
-4525006
4615970
-431078
-828391
-801037
-239713
-402056
524869
3811308
-641745
-3646984
1821779
-3799672
-1629804
-4504143
-3875365
-5470173
1694180
-2964215
-1205060
-1015407
98323
-2184552
2003410
-281210
-1820227
-4284800
-6068539
2804090
604300
-4468055
-704009
-3397635
-2830593
873072
-686493
856469
-590497
-2386917
-1097520
-1386894
-2185958
-1218553
-1365838
1819593
-761607
741617
-7128092
-3494129
1250371
-7918811
-462641
-967533
104075
-4117290
-4488423
800200
-5185732
693682
-4048374
-4572166
-7750639
1627565
-132999
1620344
-368955
-3362688
-1240543
-253037
238013
3063969
744487
-340170
-2003123
-2192057
-536320
172454
2145401
-361031
-3401358
-184232
178122
-3220056
-82660
-258369
-1487158
-3676372
-2360899
-4886642
2386866
-3285854
1784736
-2616228
-2428935
-2102089
-600364
-6157174
-931899
169923
-3817850
-8020372
226596
-3046477
1284537
-993061
-7047895
1227475
-1058793
3342484
-1141670
-124132
-3484287
654014
-2584732
130603
1824975
-2007365
1976005
-4784483
-2780159
310027
-2318344
-2621130
52346
-5447123
-1157613
633004
-153274
-6198375
-5602507
-6834399
2182224
-823793
-3763461
674569
-3906551
-2198674
-2896752
-3929331
-2615494
-1819180
51240
-715782
-3380523
659877
-3760430
-56581
-3841741
-4028349
-5687906
-267502
-198606
-2458335
1380599
2357872
-5872971
-5975030
-3269711
821106
-5839249
-2143907
997129
-1359781
-2577953
-3859454
-1667910
-1448952
-2585154
-2314496
-1588381
-2120906
-3993115
207159
851788
-1454859
-1430060
768293
61109
-4125901
-4461481
986929
-1786409
-43734
1037655
-405019
-2025661
-2949982
-1141086
3215952
399634
-4036915
-3793711
-882651
442386
128329
-345132
-624393
1670631
74088
-773536
381341
-4265450
812405
1420736
-1034388
-1224069
3145044
-2187563
112277
1710394
-2022432
-3702645
-3887923
-1058436
-2217966
2432428
428382
-288773
-3110552
-1027761
-3133669
550968
-300942
-1977523
-4668112
6285
-216445
-5342401
3332
-1314903
-61299
-1197479
2558767
780292
-658711
2667379
-4554940
2295576
-468182
-2499637
-3043551
1925388
2323094
-337289
-778293
-7624394
1850864
-2044120
-3400470
336530
596317
-1592727
1499117
-5012728
-2468772
-1611049
1221562
400570
-3649414
1061099
-3688456
-738676
-189595
48364
-1150407
-77657
-1170861
-294119
-965087
-2648209
-3158771
-672508
-2068409
-456573
-3486103
-3732894
-3587513
-3951563
551753
-7281902
-802194
-5403065
1679544
1312416
1764442
587410
-2463838
-710761
-1112649
-3472395
361065
-1161224
-4466638
1100420
-2818334
-3329343
-3916871
-1610485
-6697791
-6161114
-1433031
-4686156
-851690
-1197256
-2673059
2554243
-3574711
-6800010
-2191512
2994334
-2548458
-3241014
-7308661
67944
-3987562
-4202186
302695
-1969600
-684634
1598569
1069394
2060576
25836
-621218
1018287
593883
-3100819
-4724797
-2704429
-4475932
-4874959
3946555
-6592712
-746372
457508
-3494747
-950108
-4992334
-4340541
-1229449
570751
-3275417
-3799578
1246305
-3932680
-416864
-1006504
-4221599
-6089634
-6083101
-3820779
-4083326
-2534952
-5899393
4378237
-360404
-3063169
-7686383
-4288664
5966392
-5376140
-2639811
2375534
-1005011
-5150847
-2245139
909675
202845
1685434
1625886
-5665551
909280
-3838142
-4581105
-1658783
109761
636075
-5977705
1917992
-887663
573079
-546676
-4488749
-1413686
-1607579
-746010
3078288
2795217
-290126
-688276
-3153280
2134402
-1801156
-802812
684454
-1795326
-1752302
-722045
-4006006
-247810
-3674274
958506
2536300
-7436750
182638
-3673304
-4079542
-1483497
2286989
-1335073
-4592299
1397412
-704001
1695660
-2147905
-2183369
1023683
-1933942
4592929
-210752
4052205
-811859
190535
-85336
-6084374
-906185
-2145695
-1120430
-795290
-7318167
-857357
2393577
239037
-520101
-3309178
-465117
2581663
-203497
-2698794
-1302136
552655
1009356
-2567692
2256545
262789
-1352541
1605341
-1267888
-2622775
-204683
-74219
-5594117
1181445
-2300173
-1652437
-2524114
-5779177
-3054028
-3465097
675075
-93394
-2009559
-763977
687886
-2543981
1100224
-1351868
-3631523
-3283626
1574665
391787
1763016
2073013
-79725
477178
436348
-1823533
134165
-1718707
-3230430
-7794936
-3869718
-3510670
1895405
-2548513
-855987
-2824191
1104660
2711044
1567214
-1455908
529181
-8886210
-920726
-3245923
-1420278
-1850469
-629109
2866055
-5610337
-290895
-4573932
-1895932
125783
1661665
153718
92079
-5324964
13624
-6110272
-375473
569135
-2812455
-1077363
247010
-1034848
-2328802
-414230
-3824129
-3288947
-259112
343509
479581
-5630161
19785
-308837
-4682603
456769
-2458564
2824496
-2797277
-2795772
-226843
-4670230
-1518314
-593625
2926950
-294506
180647
4208
-510293
-835341
-3738695
552354
-507314
-5851375
-1281920
-1803518
3825429
-1137728
641285
1124329
-1567022
113986
-1057782
-2572438
514586
-1558484
-1207728
1701527
-3252140
-2100362
-4873422
2882988
-5187440
-1042768
-2120785
623614
1537150
-2218977
-841856
-1370078
-1546360
-1749426
1788312
1542873
-347705
-1317299
-1332373
-5974398
619518
-3716555
2260961
-7335830
-1756427
-443256
-1393789
-1855156
-3626999
-1103495
-3327350
177675
-2046582
-2500425
-833441
-1060576
-5637983
-3530986
-5466118
-176903
-479571
2079250
-1741618
-2886945
-2683203
-3978436
-1773020
358186
-1682545
-2472630
-1594484
516178
178892
-5039825
-2338538
329459
-2819225
1169166
1673198
-3353050
-6287272
569189
-1058201
-2697455
-2948108
-399669
1780008
-1043175
-4921250
-786937
1167642
-5365980
807697
-1483137
-3252537
-793844
-277259
262474
-2564107
1815
-4390378
-171552
2348941
-723376
148164
590708
2261153
-213460
-2659597
-3143149
259475
-3084240
-2902781
-6083592
647386
-756189
-3638132
-1839791
-2609449
946445
-1723806
780756
-2580252
2587669
-462857
-2395358
-1120989
-3605177
-2777153
-2098699
-610140
-7552921
-4258763
-2483735
-2750399
-6944445
1036369
-1045739
-537127
-3564328
271598
-618094
-1040897
-3463503
-131389
756289
-5214711
810581
-3350015
510714
572729
-1241434
-478981
-4494233
-1915122
-3557517
-4231094
-1699660
852482
-3313943
-3348189
34835
-1378323
123503
-904304
-3691719
-1280022
-1479338
3418377
-5363657
-2082678
876908
-5385100
-2581446
-3116826
-2542327
-5291725
-2201499
-3613102
4318294
71295
-1579711
-2819218
-920660
1877920
-681828
146611
543363
-2242210
-3694099
-3356423
-1877800
-3870938
-2797663
-2031522
-774600
924189
5445660
-3176667
-2313272
401359
-3617284
-1100835
-5766479
-2491582
-995854
-5646552
1108377
1163172
2322382
-1529464
1678100
1948177
4544429
2215534
-4050282
-565738
-4093018
-1351179
-631858
-1513435
-973886
214162
1263202
-2172616
833830
737981
-5582861
-1920719
-2088654
-4156020
661031
-278907
889153
2190271
-4183974
-3144838
-1744433
11225
875773
-1318520
-1603871
-1516151
-511764
15665
231413
-5083996
-3219582
2052773
-457715
1745406
-3257049
-1359
-841069
-617642
-6248965
1530318
2540817
-969965
-105832
-3839763
-3363128
-4756959
-878010
-3897038
2111417
-719165
2048711
-7726193
1396213
-5566883
-3548926
-1808257
-4216982
-4197826
850631
-4139476
-816917
-1835564
2065638
985716
-55677
-3490421
1245546
796473
519281
-881816
1963757
-261059
-643410
-1886943
-1053210
-1165354
-2865874
55640
-342889
2589897
-5636365
570100
223852
1464184
-211859
-3045796
1593228
288401
-1806750
-2439097
-1204771
-3811461
-640624
-196990
-144046
-644071
1156091
-101570
-5813572
-3181046
-1263693
-18387
-2209639
-2557379
-618273
-610965
-1886738
9432
247188
-963397
-414274
-1448588
2458397
-8759441
-3017982
609642
-3468659
-4513923
-1226164
-2293303
-651977
-545375
-3152337
-1778707
-146334
-403363
52907
2692601
367838
-519806
363928
1197137
-738903
664915
-2209716
917172
-488491
-1800727
-1021025
264918
2548211
-97445
1617554
-942848
-169119
-1819874
978046
-344332
693354
947523
-44352
3591037
1131588
-3059540
-1575495
-1631007
3573925
-2524703
1708332
-960699
2339851
-263536
301313
-2081915
-851069
-4464258
-4811612
-1392535
-968586
-1758895
-7503788
-1731065
-90524
-2727271
-4582765
-149010
2183588
117982
-1378183
-7639253
1314589
3568703
274625
-2392034
-393242
-2154027
-2174828
-2744933
851717
-5727811
-4279416
-5188194
-74965
-5112893
1499381
-1974254
-2250086
2060100
705706
746437
-975205
2729850
-1367268
2113796
-4516166
-445531
-717900
-3679533
3435661
1404088
-750988
-1395276
-4928360
723418
-567833
-3320539
709832
1458574
-3860265
-2396295
-5347869
-1036063
-4170862
-3730429
-3573964
-4525409
-4050744
-2867771
-1696714
-230995
-277625
-999031
-945122
1790319
368563
2567007
-268207
-397569
-854956
408047
-2924373
1463269
-974639
-6507638
-5932077
-5338572
125238
375621
-2933381
1206797
2482003
-1157016
-5211561
-3793115
-3691288
-5563209
265142
1261789
637121
-2659298
1628142
-1116847
1356925
-1086844
-4840982
-1908387
608710
-5861367
-5328217
-3176007
-402156
-933809
-900355
-2175293
525931
-370520
-5770253
-2600521
-599687
-1429553
1821959
1637979
1333689
380651
2204561
-999949
-565603
1288675
-880175
-1643017
-1700918
308024
-2422398
1109082
-1316814
-277796
-22788
-2492575
259197
1641117
-383726
108797
-2314785
-1792332
-611583
-534019
2428913
-1475286
1023205
-4089353
980648
-126908
-1034341
-1605369
2392590
14083
-1766863
-221295
-934710
-44460
-3492532
258247
549157
-4158932
-522098
-1319386
-1953107
584998
-136459
1480528
-2848517
-5804390
-545271
-4416005
-3268710
480095
-1755496
-2822056
-3383999
-1946517
160261
522601
-1016354
-2967492
-3341805
372249
531103
-4576175
-4928354
-1256127
-2303759
836356
84208
-664314
-1491020
-1473712
-2843620
3271025
-1122765
549557
-4186869
-3625557
-4948256
1083039
-5092387
2103898
850310
-426044
-1370891
-3714428
-4380441
-664142
-408310
-381608
-3593120
592290
-6205385
-4897402
-4202356
-4621995
-5643402
-356326
-2083253
-3470310
1736421
-3647436
-1647934
674349
-713132
-1951084
1920291
-948055
-1951316
132860
-770553
-476857
-1364707
-6109506
-3635936
-579827
-807021
-4584698
-7550234
-292457
642322
-1268725
-369124
-763710
472421
847049
84421
-1745752
998932
2143044
-2771949
-4349277
-869466
61980
-2798160
-993133
248392
-1673794
-4538218
-1075509
-2470661
223315
-701240
-2326710
-5034296
-3936779
1244852
-2577397
-3803044
-28241
-8632879
-1486999
-56213
-2322109
380586
-8352129
-7010765
-1100719
-3155329
-1316014
-2348983
-4489135
1334555
388134
433647
5230892
-5225036
-2739790
3535155
-303352
-248940
-3703585
-4120329
-3661477
-83055
1707799
-3054617
-3651466
-3076681
-1625165
-283655
-216969
-3888063
-4509602
-69388
-5148826
1930186
444367
-1889707
-4447674
-5332608
-2563017
-85737
-6529433
-1417085
-6711308
117558
-4927109
-366646
-320644
-276912
1552550
1479653
-4585249
-4046017
1072015
-1846032
-2745200
-5147060
-2260586
-1553922
1266374
-1724240
943268
3273058
-2094468
-3927388
315640
-763945
-176384
-1963591
2128444
-4306419
-611837
-3156851
-1834780
-215056
-53402
-6373812
1651919
-7065137
508958
-4269410
-225198
-52317
-3686871
311114
-3730686
-1556564
1626262
-3435282
-1560380
321695
-838513
474343
1061899
877692
-2050434
512989
-1558833
-2105334
-2855682
-5731901
-39297
-1824950
-1877952
-2832295
488788
-1212686
-1560565
-674145
-7755677
-2932882
-20743
508375
1839714
-3298485
-8259811
1335
-4477254
-216487
4282243
-240843
-8962184
728187
-3009544
507129
2601053
-486285
546374
-5426852
630975
326734
-268560
710435
-1520023
-3023258
-6431284
-6297616
-3406044
-2240871
-3607647
-5351822
-1039936
-267464
-2215625
-581993
-6353180
-1346029
-2084414
-4577478
-1325416
-2741795
885489
-4227070
218803
2218806
-4034512
-2861196
2231067
-1869642
989500
-1275468
-465628
694444
-1301888
-8829355
188184
2205509
-4993270
2867563
608069
460013
-5893765
1487527
-6575912
-3613721
-963827
-1111337
2116776
-62556
-1598727
-3239680
610548
-273634
-1000210
375278
-7527758
951378
25648
-6732670
-1458824
-7032824
-2426555
-3740352
16193
-4913198
-627227
-5160668
2502736
-179597
-1103705
-1064098
5804383
-2864298
-2024660
-1906777
259116
-4808951
-4808132
265060
-5159883
-995599
-545216
228989
-3730703
1580782
-1005024
1373858
1862752
-4926502
286812
-1900183
506190
1006453
-1567024
-2733266
-2997744
777925
735101
-5089789
2954317
-5737798
-2910356
-4360136
-3742274
-823683
-2645743
-5094293
-190750
-1883985
-4775549
69428
5154677
-1309530
-3494049
214865
434626
2776645
-821042
-1221345
-4806711
-1571765
459882
-5070888
-2215745
-5990098
-4873678
4669445
-2808298
1289691
297843
-186303
1836755
107550
915017
-80180
-1303035
1919861
-5318164
-3076864
2002376
-3077937
-326831
1752743
-5486975
-1917127
944519
207584
-1210357
111013
-901408
973010
1571665
-690717
1763096
-1452014
-1436156
-234755
-750355
-268469
30465
2725502
1186737
-2348174
-1866683
-1357336
562137
-4302377
106026
-2230175
2164924
-2682842
-1006979
-620009
1438268
-1366348
-1187294
-2775020
-2592031
-3858371
-3297882
3480417
-4190229
735169
-609208
1068231
-907112
2026054
-2939191
-3061158
-1134872
-2389064
-890623
1169928
-5525998
-79923
-4988320
1780699
-554714
-3258547
-1471200
-84040
1365727
-175843
197141
366780
-3239350
-441161
-4529236
-854819
-226309
-7582099
-1524511
-4419063
-4600367
-1198240
-3931546
-2322762
-4681488
-4381110
-2381380
-4754547
-58435
-1896003
-1269283
-637339
1183855
-1079569
1051261
-173433
1922957
-1958169
-2920536
-1896725
2427294
-4132510
-4190192
1344739
1545485
-106684
538509
-3701654
-708591
788335
-60627
2740804
-179104
187283
-379550
-766921
-4996211
-3471768
-6008379
-912490
-2963404
-2525269
3507645
78617
-3978386
-3617457
-7892
2898717
-1686410
-3241364
1351762
-1245598
-6203864
1602637
-3245479
624855
-2339269
154226
-716210
1012901
-78704
2966345
-2710622
637170
-233889
-3353945
944377
974880
-2278479
-3976036
2192418
-709844
-2765483
-4867122
848610
-4012406
-955236
-223569
2740151
-583439
-823571
2208302
-3042937
-683932
1234797
1227389
-2386950
-1082199
584981
-2616745
-1606151
-4335956
-2892598
-2964996
-3502127
-1698750
-3384464
-915052
-3153910
-3644159
-483776
-4744912
2406750
705949
-382560
682352
-374369
1300037
-4744251
574500
-1443309
-1603318
-1422236
-2407541
3612266
307768
745982
763304
1518520
921649
-2732465
-997962
1173306
363232
-2508467
-1310321
-2141443
-3490109
-461761
-1370645
-1647056
-1817038
-2644648
-7588845
-693688
200552
-2789458
-677420
-1481869
-1671007
3453794
1359822
990479
-4211035
-7314898
-4303205
969977
-862590
-562375
-4444285
-1567879
2313621
73994
-4772486
425027
2112476
-2671597
-2757144
30628
-4318769
1228840
-72135
578582
-366738
-4757587
-298983
-3126801
1231442
-6599178
-3725283
-1266756
4428755
-6723895
1981181
715591
-1274971
-258017
-1330553
-2248778
-762161
-180484
-382852
-2498283
-4538772
-3569144
-1170237
-443858
-128876
-5084249
3252667
-191188
-1859227
-3458945
-71227
-4135883
-2706105
-2886201
-2298948
-484999
174856
-385303
-398124
1894029
-4696069
-452485
-1206314
-418847
-3711172
591998
-3192569
2342035
537525
-1790893
-3633507
-2335012
-1542913
-3133454
-334505
-993379
3983311
-6573436
-3659792
24860
67534
-6796401
-1426884
-4070745
-3784258
-2251324
-6515759
-2294738
352004
-4301840
1274961
1052173
3349379
-2678819
413312
-4498689
-482826
-2349192
506819
2585162
-1828755
-397238
-6066441
1525196
-929315
1114879
-3621833
-810695
-3314897
-2213390
-1069122
-1193766
3553934
-6658954
18328
-2904642
-1735462
570018
1800575
-3942533
414792
1465493
-1287118
-5705066
141103
550742
-110501
-7118630
-1054027
-5793053
-1010062
-2581175
-1019279
-1471074
-3532360
-3805148
1336299
2146867
-2935341
1019438
-770365
-4556861
-692770
-224542
-331121
1276638
-425930
403080
-4381461
-125986
-3172208
-5538402
-355223
-486605
-2230476
512104
-4137620
2604908
-1290895
257372
-3945481
1278856
2043073
-727730
972023
-32888
-2865335
-5521373
-3125430
-183005
-2745187
-212155
-400784
-4999186
-2471395
-4059502
-1627529
768068
-2437884
-376475
-193714
-411347
-4027610
-3518835
555488
-602403
-2819946
2718304
-3267119
-5072858
1651210
25092
-2280918
-3904044
-2289728
3136129
-7934809
-1207536
-1317634
1195294
1118412
-4124357
-170015
-2611022
-42129
-1423293
1781438
-5989161
306584
-1186835
1061363
2347868
1542290
3904441
-5540837
431076
1631329
-2338878
-4431700
-3339676
1222712
-885465
-2597017
-263671
-2603692
-751861
-1561930
96167
1571473
273981
-1266724
-3386047
-1408338
1256757
-5312579
208946
-3084169
-2569028
41412
-265192
2576577
7534
-1901233
489789
-2219089
-2285332
-4522013
229114
2227139
-5170317
-184762
-5227135
-3183022
-2151286
-1954879
870255
-235277
105082
-4890506
1777503
-1607079
281691
-243519
-78782
-143326
-5205331
1261203
-1154475
-229435
-1800970
595279
-3395696
-2103301
1287768
-1804908
366077
1597028
756511
-2603505
-2339869
-1008525
-2080140
-607719
-4907476
-1735948
-268360
-332804
-49406
-2405261
-576834
-1674062
-1949194
4365421
-3135743
-4738979
-5580905
-2555719
-518485
106008
-2190944
357393
-1467405
-1787228
213152
-3554881
-1257010
-1819826
2287098
-4395762
-4172843
673302
157455
2723743
-3015025
-1669960
-2023941
480463
1920832
-900047
-3953535
-322824
-1539763
217697
-28520
-1564520
1714957
-3079396
-559012
268527
-3253960
-4014415
2576433
-325321
-5025746
-1459468
-1165866
-3601977
1306774
-1893201
-132712
-2369528
-2954079
-510774
-3629201
-2454769
1355261
4642301
-1467445
-787948
1819686
2689510
-433434
-4909364
-3079258
-2517471
-381331
-1244282
-4123742
-7541719
-3056124
389548
-2636273
351682
-800521
618854
-1739366
-767315
-1085803
-559211
1132385
-2575109
1236132
375838
-1517938
-3663365
-965448
-9231
1223677
2720830
-1890365
1084898
-1781953
432565
-2656521
-2944360
-2084520
-2605203
-1276623
-541410
-5856148
-3882545
-7384381
-755337
-2707992
-1360460
-3245038
3031804
515807
399366
-7996339
614057
-871571
-1484342
-2688041
-4648944
-97881
2547853
-4463680
-2243896
-1477598
367847
-5926895
-2439992
-1438367
-2031039
-2086095
-1940532
-66697
-1442214
1157283
1226926
953044
-883404
-3244249
-911942
-5600570
-1577650
485781
-3108212
-2149266
739510
-1193146
-6186812
-6266633
-370320
-4080757
-166761
-6522
-4160018
16860
-613484
-1505708
-873298
2723498
1875606
1847681
-4559426
-2517859
-733298
-1321991
-4079716
983019
1210346
750691
-672978
-236338
-65653
-3532957
-3000021
-4242507
-2790983
-941220
-2276272
-5663388
300612
-205722
-3290139
-913024
-2750469
-1814637
30041
2309619
-3603108
-3598018
-5799119
-5872764
730054
-615588
-806518
-5517697
229363
23851
-621478
-1588613
4609246
2238404
137247
1797271
-3350297
-2510273
-1950303
1015799
31940
-1609143
-4342839
990111
-5715541
95625
-607350
-2276233
-277096
-1994779
2491906
542618
-981714
118635
-386068
930714
-60487
-1733510
-895344
-259926
-3857514
2894982
81652
-799931
-2609757
-3279267
-377384
-5178295
-4364460
-1366069
-92941
-1622347
-1920152
-515944
-392390
-610420
-5764351
523244
460700
-832687
-113722
1216346
-3262932
-3230797
3464816
-593224
-3931666
67492
-1477964
-3512050
46189
-786219
-1325349
-7617371
1946796
-2900376
-762797
-3525947
1405711
-3362506
-1718249
-6440647
734551
-6142946
1092632
-4348672
-1324236
-1743437
-436613
-291935
918665
-647934
-2002042
915501
-1896624
-280490
-6200078
-2740863
-3988366
241887
419913
-167061
187648
-1303515
-2562830
1660465
-3050010
-140315
1139270
972665
142212
-1562975
-4467401
-557117
-2725081
-225746
-1325950
-5230338
2152183
-3924904
-970513
-3569557
1169647
-7321797
-2235817
1799280
117581
-1023152
-2070115
1610547
-7644048
-387474
-2452597
-5641678
2713041
-1900188
-3802501
1089941
-4867915
-508497
1599185
-5193339
-6729569
-2302353
-4516938
-1948703
-1621907
-508150
-1708248
-113363
-364223
-2517439
-4432754
-241158
-231435
-3933389
3226025
-5293389
-6743377
-4667506
-2762244
-8079308
987499
-3590352
-1878246
-7559232
1371626
-1511702
-883356
634629
-6084652
-3797697
991920
-730118
1989331
-2120642
-564480
-123812
-1558431
-4510403
-4500913
-652632
-698718
-6138610
470807
-1271094
-1754256
-3647341
2403520
2520890
-410828
168727
-3405450
98313
-5395531
-3410278
-3966151
-253730
-685707
155609
-5601529
-3311644
1106192
-2587442
-1644368
-7786762
-1080391
1793521
2371652
-4042584
-268060
-410089
981150
298560
528220
-2438703
-3714842
-1178041
-2655484
-2949203
-2671773
-2107675
-2966271
175183
-212669
-5118793
-612730
-3522181
-5182590
-74120
261552
-3725550
-2515795
-4680796
3946245
-4583839
-5238143
-4513149
-3862776
669898
-1748514
460558
-7631506
1123800
1612362
-3176126
-316404
508796
-1007345
1130568
-191569
-1758607
-2875842
-4519694
2002790
1202626
-2227597
-4390570
-3089706
-3123156
-4048740
766896
-1574870
606142
445302
-672642
-5082683
-1115956
-1843075
-5315689
-5617000
1212175
721509
-687439
-708131
-1489320
551036
-309103
-405675
1222336
294337
-947705
1204089
-5041184
1387362
-993949
-3329689
-3918191
-42426
2023832
-5525915
1023832
-4137159
-3386789
1104352
3796865
-752785
-6419795
-6690362
-1638900
-543847
214510
-5116175
-1869756
-2450596
-1844849
3593506
580617
-4764677
-1907596
-380774
-2351610
-578771
-3123206
-2648925
1345424
1109571
862200
-1091855
-2329422
-1052197
3283975
895504
271697
2207470
-4477148
1092240
-2796262
-2953304
-2346554
-2000662
-5226453
-1354104
326547
237590
-2052477
-890725
192911
-822829
-1287002
1098163
-1647506
-1034086
-1156031
-4970189
375028
-359780
1976761
1817145
-140264
-1299701
399460
1533515
-4946895
-4229391
2525813
943552
-1133158
-630479
303026
2246230
653521
-841715
889246
-2603599
61823
-1500416
-866904
-872423
510661
391956
-4448683
-2397088
-999036
141986
-3562072
-1298130
-196585
1884368
542204
-4914992
-4738249
-197561
-2668812
-3893162
-1752317
-827820
-3256034
158020
-1660172
-3876350
-860174
-2360732
783035
-1408668
-610750
948037
-566399
-2743787
-1932578
-3095723
-754556
-4135278
-7103
-810457
-2091373
924311
-3518545
487615
-2739770
685871
-4016581
-952337
5103400
-3653015
-1180400
-2500835
1556116
-411266
1821523
-1502808
32035
-2203390
-545251
-4825136
-5928131
-4278115
3305485
-1630554
-1955533
-3990048
-50386
-1159774
495875
-600791
-245789
35867
-1294581
-417027
2380544
-1012888
-1975081
-49364
-629133
-6104776
-988729
-558839
-321101
-145890
168635
-679890
-936748
-4640271
2181301
1867936
3150860
-1680392
-1032565
-768620
-68655
-1060502
2584198
121441
-229269
327565
786486
-4353165
-1132482
-6385771
274185
-511895
1615466
1567291
-1158132
-1052904
-3726011
-481074
-579398
-1813355
-4004811
-4618718
-1507519
325008
-5113625
200328
-5530160
-3043672
-1513178
-2289125
-3938868
-515210
1721700
2279129
-3044020
-2034061
105108
-5337755
-4117273
-2594116
-2630362
500884
-2361171
-3457077
2597011
-3482065
-1866968
1563762
683669
1774947
35932
-1848257
3268774
-649955
-1745022
-1595684
-5783788
-399519
-1449879
-1128611
-737748
215082
-575251
2286974
-780611
-5017475
-1063973
-976048
-7566618
-655832
-496575
-522591
-4754934
734176
1179011
1045035
1119194
-6448900
-4448984
-605857
1953543
1674134
623256
-10758
-166579
-1711969
-486999
1192139
888901
786841
-88716
-69665
-552581
1655542
-289811
-3691800
-3882344
-2870576
-599393
771907
-4095472
-137469
3272394
245534
-5187325
-4599200
-4693390
-330904
4040073
-240148
-491743
167412
137282
125331
-3022015
-1176369
-3122820
1165478
-5405193
-5358809
-571413
-1337765
1404882
-6586387
-1654945
-841584
-492980
-5141542
-1648253
-4092237
551079
-5348680
-4608359
-2597626
-2313396
1560255
-1055551
226902
341894
-7915663
-5164190
-4397722
-3401607
-2852138
-114461
-1951263
1078504
-5451882
-4281010
454291
80537
3069226
-13079
-1414555
-4202455
1605617
933120
-906434
-1335967
-7393648
-4264196
-6115311
2670429
2052733
-2206452
-149942
-387298
-2545139
1597269
-326221
-1960970
-804877
-2956954
-3703751
-5152745
-2692590
1914369
-3952421
1166834
-1123301
-916411
4472791
-4196192
-2615920
-19453
-419288
-44966
-1204519
969346
-3214116
-3651859
2099904
4243423
-404296
69212
-1606670
881660
1167804
-4185429
417814
344587
56230
-5496288
1206321
-214568
605693
-638836
-812504
48039
4458509
2355622
-569597
-294670
-3283069
747539
-5053637
-3019995
-3270197
-832308
-3076577
-5209910
-1682
-2392714
-1907301
-3092422
-1019510
-1758486
-1137044
-464411
831878
-2256827
-1658378
-5363462
-3521854
-2218170
-3261584
-1558551
-2253820
226339
-4253001
-5106952
1349900
-7068275
-1411316
663843
-1257486
-3472895
-1033031
-543474
3953988
-3083150
-2035525
-4401859
-4312723
-2453123
1124242
126294
-866532
661489
-2221844
-511100
528202
-674897
1701957
1461593
-1707248
-362752
1002667
-5271455
1221150
-90212
-395800
-8302016
535077
240830
37851
-605379
-3910318
-780169
-130476
2539180
-2640808
-301387
-111552
-1443947
-4720779
681461
-7441708
-1075388
1065204
-258732
-2398765
701623
309542
-2432687
-5225022
-45101
-768382
980793
-266049
-4010957
-231486
-2337028
-2748846
118389
-4377181
-576312
-683681
688842
-4180650
-753902
-1628460
-3645891
-2503690
2376542
-1657342
3524521
-2058533
943699
-3580261
-5499911
3634106
-2626764
-3646063
1434984
-4934597
-1412760
-4581032
-3667663
25106
-592799
-4022907
1769325
-4999480
-3461030
-1107640
-2399225
-3878553
-4145254
2507273
1095288
997272
-1513138
923668
-8713923
1264267
-1080967
1824112
352753
-4350727
1954936
-559830
3698857
46180
-3028655
2668426
-370073
-1261920
284956
1492377
-3116889
-980585
152752
1466074
-1771744
-6442260
-5770430
-1658989
-2606716
-2470077
896481
-4761156
1039989
-575289
-1485329
-2070650
-1402509
-3640669
1520391
-2309686
-740250
-371017
-1183266
-458812
502161
-2011639
-934813
-2066992
1648037
-1100597
-627022
-912186
-3060321
-3507257
1196941
-5230381
-812362
-272311
-3091872
-2460684
-3756569
-3694719
-218888
-2315245
-500659
-3115150
-4902228
-1785493
-4973199
-4570841
-687478
-1475086
-1092443
-335127
3515527
-500406
840235
-443921
-2537742
1964204
-4499607
-4028220
-1335804
-3453749
-2500932
-2460961
-7654052
-169586
-1836224
-3973502
-106775
4107547
-323114
-570076
-5852784
-693144
-4945949
1016855
1352828
1706886
1432694
-875533
-7150232
1984162
1082967
-3141921
-4016101
331958
-834171
-1824983
-1336206
265964
582083
-6359608
-1825192
-1373413
-1178405
-3528345
-1761460
-1560567
-3420830
920805
1104971
1052718
1496463
1375629
-563999
-1087990
-110284
-1433879
-885220
-751927
-5646731
677493
-5144743
-5841763
-2461429
2796601
-823211
-1717183
-5651004
-1465729
-3160018
-173927
-2631827
-4906869
-4385347
-4196531
-1224555
-423659
-1493283
-1305898
-624741
-1158087
2069856
-4147188
-2520499
-426933
847645
698867
-571712
-4404023
-1919484
-907621
-2358279
3865824
-830265
4284974
3087
-803526
-4247358
-27465
-865677
-533347
573412
70515
2468967
-2503988
2881837
-575759
-1893608
-602065
77782
-284258
1533826
-4529793
-738513
908091
-4367368
1785249
-4052453
-6086571
-659029
-3312318
-4294740
-1870434
-4560328
754020
-1091100
985934
147909
2405158
-1599812
-5192524
-6625256
346435
1137601
2380803
582072
-401551
-6934985
856645
-72368
-2935774
-108899
-317581
2838301
-1349883
-3885382
-3293294
530053
-2142396
1918023
-4519762
-1062401
-2982309
-5307658
-773228
3058812
1297633
1192450
361073
-637842
-1952559
3022778
1222359
-698732
2258827
-626432
-2708189
-455372
-2736742
1908183
-3033332
-351475
-2285226
-711404
-7280025
-2450435
-1590974
-460667
938630
-641178
1903756
-1389978
462546
-400372
-173198
-1948498
-979972
-760958
-922090
-5838957
1026096
17267
-4613075
-2370756
2494685
-2636505
511976
-2928631
-2119912
-116985
3000444
3559150
516511
-2033448
-1574389
-4520348
-844959
340899
-724717
94138
-587157
-2828493
-111259
-6143799
-3505773
65467
-259678
-3686117
-2548990
-2288847
-1442687
-3576439
958596
-4877692
-299831
-3730857
641586
-881527
-3418362
-1243588
-542086
-4695462
-599574
-3743506
-3404531
-2851598
-447757
-1506612
1217833
956815
1432856
-1099969
-1074592
-2097546
-4713313
926490
654516
-1692724
1348023
1560641
-646662
3841138
-3593245
-773091
2870822
2437679
-2983628
-2274234
-4213792
1485229
-7782859
1517877
-4083030
-935028
-137839
-3933173
-3089089
2714121
-738967
561637
-947778
2002414
-4611603
-2183640
-488983
-1879974
-3964916
-4983947
1170542
-178394
-2364842
-1834448
-2591469
-285232
1232004
280844
775721
-2268746
-670838
586686
-1135841
-2933358
-1578312
481084
-306583
2534165
-1442136
3398744
363644
-1729415
4733958
-1026305
-1750099
1194640
-3584087
-4001891
-5056457
-3130178
-3981893
-5309210
-4680015
-4630621
1154629
-3556447
-1913425
-1418668
-1601530
-753054
-406086
1300362
946527
-1869488
-1196335
-1621386
-157378
132066
-184823
1038308
-6054576
-197563
1309533
28964
1219994
-708640
-2249164
2813142
2838313
-1517498
183029
-1154150
-4406927
378466
-3744792
1792672
-4218499
1589804
-6622625
-7466794
-7775363
-3586697
-5730186
83398
533554
2140435
-1710340
86556
1034538
-1656519
-880744
-4458111
-361999
-1912571
-2166141
-2470596
-656949
-3675330
-1039677
600349
-3692042
-1402424
-1350951
-186396
-3225104
-5010209
-898161
-2373847
-752878
-7135604
485240
-1615975
-2986172
-902931
132574
-3093541
1202223
-3081693
100989
1966237
1443394
-3286481
-4340968
807774
-445577
-4748952
-2869873
-2504525
3153230
977332
-6867441
974581
-891253
1101734
807505
-3822257
1981555
-8680641
-315187
503599
-343446
-5306852
-4705416
-2238558
-852625
229152
682655
-3222817
-3176410
-3996519
-1717896
491892
434318
401684
-7874604
4285788
-4199221
254006
688215
-2194938
-3756277
-1775979
2156869
85031
-24481
832134
-4220117
-2263519
-163201
-450676
-2330279
-2967537
398289
367911
-865701
-1427735
44491
-2604983
4248755
-3477593
-2033955
-2717588
-4635442
140902
-58977
-377630
-5730118
-784961
279622
-1661103
-930999
-7975974
417122
424660
3160745
-2807935
-808364
-6758825
-1253801
-1270167
1135706
-3011739
943770
-6109488
2123687
-326893
-1813424
-4759509
-4126676
-3755084
-1360780
528550
-3511476
-2422460
990580
-2066328
-3410574
746996
704635
735161
-690944
-38416
-2990031
1282806
-1265705
-468956
-4935180
-3823365
-3218148
1502841
-415526
2554753
-1760498
1886294
-578362
-199702
-2682900
-3552465
-1993371
-4197511
-1294558
-1041878
88346
-1164892
-68298
-6574051
1154207
-242739
-1897791
-3293608
-93198
664954
1853248
290987
-3378860
-747921
604761
1401002
-785983
445863
2607493
-1000722
401193
-1132034
-4229045
-2486428
-3366090
-1502693
-805918
-502146
-705470
-1569375
-3195131
1613579
791895
-1993962
700320
1755051
-5238397
-1016681
1404750
-5685688
3485010
1722407
2039287
-1370911
-1443755
-1174078
-2478264
-2883738
3445173
1336597
-1989020
-2386854
2798794
-4217370
358046
-5000326
-982763
-3407789
1411934
-742785
-4630346
865661
502334
2620366
-121915
-2445271
-3534116
1147458
-1403298
-3211405
793725
1056776
90866
-4262147
-668774
-4322135
-957092
-3254709
921572
4536945
-785920
-3847494
-345020
4302204
-6331406
-3674438
-353427
-817751
1092485
174765
1874638
-3326391
-759331
-1668434
-892718
-566136
-1527521
-3120385
-254079
-1137520
-2987487
-992164
2278086
-970347
599741
-5065125
507230
1314388
-1076454
-4807384
670499
-3881655
-1926791
1726524
1682822
-549107
-1525560
-4407109
1771295
1937580
-669679
1134953
-3345078
-1816526
1542677
-3462234
-3635306
-136275
-3950133
1949520
4049307
-8063534
-3261928
364382
-3761072
-2972753
-3751795
-1422012
-3266160
-871180
-683204
-330839
-770888
-3937010
-2138348
-3051061
-5042357
-40286
-449337
614661
-3859897
-2316706
-6642731
-1357335
1910293
-4194280
3791989
-129566
-4375896
-5102026
1340909
-3062463
814693
1137876
-3303104
-1758525
906589
1723269
439603
-1737942
-4525315
-727734
1466712
-515964
-1746132
-2545452
-389398
-306067
-795790
1538695
1866568
-6265133
120293
2113432
804981
103851
-1481625
-2256263
1528800
-2581398
-747787
-3409431
-1482872
-1817734
-1273539
-4078887
-2957447
-1957124
-1653471
-3517559
2635252
-2368022
-4542378
-7104442
-3976615
-1611465
4395
-895020
-30225
-5492892
951206
2719612
402591
-3289121
-1794571
-2793034
320245
4207085
-1511058
-397151
597269
-1970650
-6109557
-2122580
-1762760
-1188722
-5310409
-3512483
-877780
-5454803
-1748471
-2801963
-4047244
-509965
-1357507
-2828766
-6869609
-178616
-1789699
308304
1033271
1893248
-6792792
-6553839
-1941772
-3936509
-451106
-264910
-1573968
-3112914
1780481
-4862026
-449456
266884
-321553
1274661
373924
-2278325
-1278783
643764
-8561972
-1336789
1373014
-5455443
-2338912
360781
-7298938
-6941956
-527963
726811
3433113
-518284
-5069849
-3303599
-4504929
2347389
-1386173
1299373
-230849
-3015318
-1399246
-3440998
-2101153
-2598685
-4443085
-1849513
-4028517
1410819
530033
-245230
-2897489
3271511
-2645539
1092682
1501500
-3762920
1213831
-1161641
-1962485
-1645509
1019338
-1053963
-1530568
-1355581
2835792
-2709983
-3274353
-2821692
1806113
-2236005
467388
-2415689
981057
-2500203
-4247453
-832637
-2450887
4175868
-203262
-2153543
-5058398
-589437
-4191531
-3767258
-5194304
1370760
3935223
171368
4138631
-4260997
-7472909
-11229
-970864
-4988629
835378
-252766
-733342
940293
-5746225
1203211
-6949936
-1855220
-3878738
-1612802
-872199
482384
-3816985
1837767
3661348
-3583824
-1822634
-3051474
-5003333
-3423363
305861
2305429
171421
-1510633
-428967
-2277706
-5866689
-5057319
51484
-4802445
-2900649
-5689235
922312
-4844598
-740593
-2973157
-2431137
-2261881
558600
120304
-959266
-3470545
-2762052
-3876357
1574828
-2625996
-4507313
-707361
-4195965
1923883
-1157735
-43181
-6765480
-3706839
-1305723
-891076
-7525898
-1574922
-4144554
-1185450
-4395488
-3635201
-1556119
-3141237
-343093
-2434918
455745
-934104
-386717
834312
439402
-3761409
3461490
-5411482
2222013
-3819153
-1015549
-924202
-428035
184896
-3996263
-4705630
-2298783
-1829811
3771241
-2396832
771507
-611539
-2537154
38915
-2761419
-3790870
-166227
-1325394
-7731946
1104890
3387976
-2730799
-693047
637480
1691867
-1465777
-392696
550812
-127625
444918
1161425
-769302
-2798054
28725
-1037591
-139844
2470886
-1989604
-160590
1832257
955371
-4838146
-1103168
1579096
1253487
-2832844
100510
-889864
-667832
3073975
3452980
-3508949
-2954046
-1701714
-2203199
-3172350
-7546521
-913004
-3580565
-1922305
1005597
1263875
-1251330
-1287528
-4227096
-4969725
-4796254
-2706947
-741940
-2988942
-3056876
3561913
-1908585
1148641
2616405
-181772
-4785610
-2562485
4601763
-1315632
-940364
-1181995
-5258817
316196
836412
-875588
821075
-2642724
-2612616
-4277493
-4615934
-207565
-1519437
-438452
-48396
-2107302
-1341175
213257
-1332320
985231
-1685154
-411430
-4061795
2316587
-894932
-968948
-2333373
-1239583
-328497
1235460
2292540
-3691314
-537035
-3484108
-284950
48868
-671709
-639046
-2442989
-289712
524883
-843986
330975
-815116
-585947
-1074358
-1063233
-3553045
3283166
780461
-6612138
-617028
-6679339
-36406
-2750784
-4308954
51152
-4229429
-595701
-771681
871344
1178361
-2210662
2184815
-280640
571902
185447
-7217324
110488
2125294
-300824
383627
-1245968
-4875083
-187949
-2070698
2200722
-284397
-1931887
-1728384
-754053
-7526967
-1131941
-1905401
-780013
-4479972
-107422
-1556731
-7125675
-4801598
4585912
2073782
-6306465
-535854
-2661674
-3523512
1021894
-1203071
754091
91446
-3170172
-4860986
-774285
4331396
-1142630
-474970
2481616
-4123004
-673995
861305
233301
-2234901
-261515
-1260034
3582151
-1025308
-4186037
973931
-7644769
1582563
18183
-2525126
688817
1627059
-1630459
-102674
-12947
-343823
-1728861
-5063483
1635435
1130500
725968
-1618689
2449535
-1287204
-250262
-341213
-1766717
643673
-315798
-631388
-633368
-15269
-2555320
-2023167
-767609
214911
-813203
1543872
-2100102
3489909
-583709
898731
757581
-3126967
-963868
1832921
2207145
4251703
355376
-312594
-1895284
988251
3204540
1324290
468845
-6670692
-1625076
2815927
-5061472
-2410794
-200287
-40451
263141
-3888017
-3644094
-4154059
-3041028
2529532
630497
-1791764
-2179100
-2572853
-4475322
-423373
1062049
-1504070
-2351951
-6114047
866218
332847
310778
1139807
-581676
604958
-406244
3077144
-373315
-4902770
1825739
-3448825
-135131
-2468684
-1247341
-185150
-1822530
1231142
-2452130
-4631151
-1385536
-4707410
-2696190
-4179960
-563874
-3054459
-132294
-3998352
-433046
-3966729
-539403
2832923
-1247324
-3386007
1548317
-3009081
-1225905
-3312826
-1039870
3121551
-5950797
-3616828
-716815
700726
240493
341756
-718165
-946668
461679
-4855080
-603777
888491
-944151
-531830
-584631
-5114859
364669
-4892504
259419
-3790653
1156202
444928
-677804
2644674
448143
-2467836
3707104
-3634376
-2843700
-1268366
1604539
2117172
-2991043
-5910419
693876
-177734
-2209350
1601385
1763748
-4165623
-2816631
-4964812
-1908191
543493
-4378946
-2370950
-240847
-2441539
1129448
741874
-5672346
-288960
-1219608
1641423
101866
-12204
-1558619
436378
2677925
2098238
-1171572
-1713679
3032422
-6869585
526912
-2107324
-3375669
-4611958
-1025477
1295753
1829678
902301
548286
1561365
-8599718
-6181012
439559
-1043581
-3322326
-1712492
-4326654
-1216293
-6478214
-4936323
-4505196
-519913
-1183871
431793
-3815597
-4204998
-3713781
-1381255
-3123546
-8090
-464126
-696553
425766
-7708394
-3616177
1725071
-923540
-2520674
6874
-4910970
-1933681
-92484
-992227
-69616
-3894983
-6381967
562177
-4253427
-1214019
1533797
-585047
2671398
724029
-65982
2207807
1189590
-1548199
-5911037
-261800
-2623942
249059
-3152175
32972
-1366616
1492520
-4188931
-2443024
3282118
-952636
-1982217
-1226317
693021
-1389667
-2909018
-2709286
-169980
-5475554
-511384
-6954066
-3711029
-605595
-3263221
-1120544
-5070659
-2268850
-1561667
833643
-302332
-586276
-1400957
-5460817
1660586
447958
139742
-169435
-713859
-23346
627502
-2235239
-4057376
-397197
-6634303
-7161796
-4296831
297566
-4670990
-1240392
-477984
723682
-2034370
-681939
-740756
2716465
-4082493
-333735
-5623427
-74985
44746
-2609097
-574773
-6591365
-2776397
-90379
-3281868
4520447
-3141002
-61786
-48250
1302829
65058
-1991840
-1687220
-705861
2155682
-235519
645182
-4273968
-3175150
-1312547
-1565657
730937
609374
302338
489254
-1796428
-2616740
2440596
-1170984
826786
-521926
3849314
-2122073
2147834
-2678424
111859
3588943
-450329
-5282594
-857776
1401043
1219119
-3453901
4126197
3420679
460950
-579760
3002853
435278
1437557
-2142149
-459431
-1954888
-1180284
327763
-1290138
485596
-2134176
-3427269
-1326586
-1046253
-293297
1544747
-4338491
-1707600
-3780249
137596
-4004979
-5765636
529324
-512213
-706582
-344902
-2345286
-1777200
-2810156
2963782
1017872
-1685321
-888924
1954297
-2505644
-3509692
3103135
152603
179365
4153337
653616
-6784267
906484
3146471
1838070
1218499
1263290
-310321
-5126169
-1604001
-1515495
-1940560
742413
-358159
301748
-674075
648209
264365
-7123153
-312805
-480590
-609963
1408296
-483787
-264091
-2506302
-5137420
-358881
-7066752
-526651
-3903008
1940763
-1012901
-1001215
-1254175
-470784
1546231
412631
2486498
-3046099
-6528761
-437382
-112880
-1826003
-4604168
2710652
-4567721
5993265
-3414280
-1305789
492082
1335036
-4126013
-497102
4502245
-785128
-7267
-585098
2006215
-8075264
-1535460
4516854
-8152636
-4316416
-3004424
890523
2814639
-1038954
139853
-3998129
2124036
-2123780
-3016454
-547286
-3236888
-302248
-964151
-2221200
-1301963
-423877
-2058592
-360720
-528492
2860314
-3379877
-2746998
-3808134
-2567553
266872
1606482
112325
-4286565
516938
-1859190
-1445383
-1861894
-993426
107393
1130119
-6528370
1171419
-2349665
-4439960
518378
-314249
-7449848
-4120337
-4502769
847008
-35101
-3172610
-2650955
1244957
986249
-1162158
-1825489
-2489382
1110892
-5547800
-2676201
-2050361
-2847770
189991
1329951
-916283
-7635365
-2982054
-4012792
-4601636
-237002
-3576395
-13045
-412182
-3624910
1218882
4873953
2699460
114888
-1781123
3265376
-1262224
-4161450
-773699
30568
-2192831
-2333723
-23319
-1578296
-1373805
-1700674
-652509
219870
-2914817
-2461732
451801
328676
-657860
-3805803
-4420255
-508396
-766293
1417940
-488271
-3239680
-6509788
413140
1129970
-1572513
-1181537
-608961
-355862
39863
-7574667
113571
-339995
1733001
-447353
-952925
1219881
1781634
-2278400
-76526
-4788635
-4801152
-807836
-252337
-1201730
-7953817
-5586345
380237
-3548835
-2498382
-7432220
-1295656
-3689581
855013
-138599
-2804114
-2189568
108367
278159
-3427852
330402
-1024008
-5882096
-1645159
-583545
-680728
478843
-743019
-3324737
966582
-1093130
475720
-1240896
3016931
-4789559
1155123
-1559768
-1081795
-2836648
-96836
-3913393
-75088
-1506613
-2242084
-7124935
1042078
-3356264
-405812
-3056928
-18735
1892197
1241818
-3391294
-1833011
-3052725
-5397071
-8578731
-654599
-1942541
-95206
-2669102
887849
-475555
-1371333
-8292848
-497128
-2373194
-1534935
2285144
-4377493
-3480338
-225831
-375624
-2154477
31907
-605996
-7314324
-5675058
-773124
-4873088
-5101720
-421078
-2620778
-1548660
-2283029
540804
-1784168
-2633465
2142129
-967699
-793020
-776732
270114
3309087
-8046366
-122562
-1633430
-6188399
-3929258
1824580
-5170625
-2786295
221774
-1878293
-7313255
2942802
1914311
159880
-1428130
-1781541
-2944178
-1863478
1811284
-4324315
-1429592
-1783949
-3150301
2324330
3346230
-5500861
-2347012
-1577155
159485
-1246656
851571
1061826
789956
-6487915
-3254606
-10955
-2553490
-205284
-2335091
-630376
-3190275
446640
-1266734
-3745454
-5713952
-2087128
-1248991
-146251
-1651409
-1966319
357637
1615633
-2876349
-5203585
-2937175
-2013318
-1425435
-995731
-2447814
-1879005
-4701865
1561891
-5214562
1332927
-903047
-7385745
-2011074
-5039150
1907319
-435975
-4857397
690050
-2097709
-3271022
2538700
-3882751
-3304421
-305905
-2832587
-2763161
408694
-4180349
-357101
30674
18460
-3613928
-3265469
3324396
-6791750
2834126
-376099
-2943998
-353742
-253768
-2665252
-6273362
2005257
-2555468
-3076819
1163193
-5428551
-3207604
-6320304
34416
1482499
183851
-3170766
1110964
-560274
-1607812
948428
-2519379
-179605
-2913318
53764
-2127706
282449
-1032511
2705298
-4771692
2019785
-3152211
-2954821
248508
2285561
-4503416
523377
1542721
-953321
-4433589
-2687610
-65711
1615290
-2080115
-3240781
521693
-2454462
-4125220
-1294522
-610953
-793843
128499
2941427
-1834688
-4460115
32890
-2020721
3336399
-4343473
-64458
-3464420
-1395010
-1721618
-5908413
-822836
485359
-4527481
1501088
-444497
616199
820498
-847947
-4500200
-7688074
-7508015
-2884757
-2341409
-4657942
1587938
-3104342
342508
751718
1213271
-1194475
-2897094
140727
-605289
-3090192
-3475648
-3820300
56120
-5579363
1294649
-1854577
-927120
-38494
876526
-5410319
2332908
1256488
2269081
693897
-739049
1871018
-1166375
-1001973
3345633
-3541381
-1724376
2662009
351353
-3247297
-7568921
961148
387750
-5307438
1581037
590419
-1252392
-1176873
-1892662
-1567998
-5096633
2068731
-1109600
-1232455
-921838
-4682203
-133569
-4011179
796158
1142413
1523790
-1823567
-814915
351816
-1085640
-1687569
1042222
-552953
4233145
1962565
-163306
-11797
-4443485
-6820003
-1443986
-880472
-2608189
2881285
-2372456
1741128
1479057
3391861
1130591
-357560
54314
-2752767
-367034
259730
-1326745
1587234
-4841676
-3884949
-5052766
-110681
1185574
-2075716
-847408
1872982
-4659228
66722
-2995018
-7703669
-1863072
687914
-1149771
-1770563
-1934436
1252983
768997
456275
-4032977
-2176272
-6292007
-1656479
-1103972
-2976810
530879
183377
-353798
-4162681
95506
-5650130
-1930687
-3203391
-2258676
-4410055
-482263
2747755
-1187326
-314544
218591
-6824635
-3549534
1797184
1528965
-4289436
-3977288
-3525608
-845704
-761790
-2402804
24510
1100216
1014448
-1056114
-5402176
-2631909
-5196190
-4467042
4041818
3358461
907617
-2519097
-2994641
-54333
-2382776
-2430859
-1438914
-3199333
-1080329
-229539
-3699561
-537093
-5296580
-1704662
2102455
-4795028
-3725307
464194
2041554
706047
-5027341
-4037510
1629708
-6475623
-2956457
-1644544
203449
-253350
-40325
-1166087
-1281443
1984463
781125
1161289
-5286470
349012
2708694
-4550982
4226685
-1495044
-1509841
-804124
-608479
-1437395
1089251
-3582954
2098891
3525135
79869
-8261031
-971378
1130121
-968282
-4713221
1408298
-7924661
-5224878
-2335077
-3228856
1007704
-5961604
1568486
1894475
2462548
549536
-3325472
-5937582
2466990
-1457068
-1429555
-3662794
-730985
1102111
-744333
-1537174
-5614838
-5835535
3008157
35316
462023
-4974835
2322727
-147383
-787433
-2787736
2738787
1846186
535265
529845
-249168
-2754665
-459550
-494634
-4433504
-1617954
-176722
-741531
-3314428
-3236345
-5044829
-5346912
741260
-187708
757609
-44237
-1533888
-478897
2418734
-4222682
748942
-2061145
-425899
261028
-3809337
1092172
-4595542
-1141801
-1637969
-734730
-308819
1711337
-404680
1410373
971146
-2496045
-133633
2700312
-479846
-4260891
-5047325
-3239578
268887
-3276063
-244208
1001942
-135897
-508907
940589
-2879257
-5447625
1931837
-2651715
949532
-2326145
-3877661
-5041011
-2883858
1031234
-931256
1301340
-3275924
-3371773
803703
182493
-6023982
364520
396584
960923
-3974445
-1039954
1137094
-1584451
-3630338
-5374280
-3845543
-342838
-3630457
3107229
-4789697
-325205
-2955917
-2551209
1166550
117431
-5781625
-85214
2940522
-3324691
-3482756
1734166
1767612
1018492
-849576
866450
1616538
1126295
303942
-6573958
-3497932
1220588
-1859823
-3099825
2065782
-653611
-321018
-71766
-955524
668431
-2312294
-3774593
1281477
2633017
140475
-5225153
2088114
-403874
2073449
134752
154154
-4876621
-3504530
1136873
3067133
613544
-1257109
84307
202191
-509578
-1543304
-122499
420896
-4182213
-2948951
-1147892
1318212
239487
1508747
-1870083
2095553
-6810003
-1938351
-184669
486680
-3733342
1239121
-1266091
-772025
338170
-3567031
-3199460
-5486471
-2060504
-3119660
-2853867
599735
-2973284
544020
154398
-6910139
1790244
-4979219
488746
-7467442
111888
-11459
-1418661
-5757794
-11023
-456412
-89720
-1425583
-1378348
501495
-3159541
2528354
-2037731
-4464794
-6593022
-3504908
-5177149
962559
1765920
-4667980
1299766
-1632030
-480791
-3281121
1103137
-1996535
-3112363
-1197767
1216906
-2757598
559311
-4659476
-1196358
-3504263
769549
2870239
49203
-2936832
-3379423
-4068633
1451322
-713271
-4559565
-4190973
-1099201
-1929788
777725
-2455484
-3342552
278487
-641562
1612365
1151334
-1624906
-320196
-2644577
-4593425
-3710192
3699920
-1665017
-1618341
2152894
1499889
897451
-3912887
984808
1041560
469202
-1538114
-1027478
-2895882
-1431922
1129376
512094
-4163970
-1539965
-1388377
-708378
-275442
-1145012
5257
2118727
-1565025
-4780970
-4341175
-6272948
-1892609
-5884817
-2736397
-693620
-7983741
630939
-4323172
-6509690
609
2746484
-2881695
1378428
-4594915
-1270154
-48853
3497675
302534
162944
-1470687
-1515400
-1098433
-2911132
-3170200
1225734
-139769
165274
1181411
-2507006
-5536667
-7184440
-2470975
974384
-820910
-5598208
-2791851
-1592253
-2170700
3603634
-1750936
-1070960
-3778085
1176955
-1352649
-3885465
-1437099
2846924
2810998
-1986614
-1889668
-302331
-486105
-5530344
-528900
1247051
-648711
-2471528
-2563759
-674394
-5488109
-1854898
-2488055
1041794
-4061900
-4902374
-820297
-2942885
-4166975
1362887
-1678745
-6748519
-457336
-1006493
-4133306
561261
377963
-2162044
-3014556
-488108
-736577
-388010
-1026304
3079121
1413682
-2142777
3328449
-4538371
-2263256
1376441
-57612
2033120
1602829
-2718470
-3151507
-5098834
-3333658
-496856
-498805
-1749922
-269619
893114
-637614
4200609
-2034918
383553
-428236
-3433085
-127246
-2314488
-59856
1007216
-75711
-2000473
-1974764
-841035
-2645101
-2738270
-2141050
-862825
-2923951
-5485367
2241698
-434383
-1201984
-2531217
-5979828
-5272419
-1788745
-1404954
-1679714
-2449569
-287491
507127
-4227558
-1177418
-4453895
-699838
-3902694
-1944410
-679987
-3204034
-1153400
-944309
2970431
1426429
-5762652
-4897049
-1685461
-6045
-4029312
607468
432336
-8051703
229427
-210591
-2648932
-3927607
-4941688
-733008
1652597
-2264581
-211702
679065
-2525958
-5294350
-458708
-3659102
-4187174
397999
-770789
960793
-1829533
-3859750
-232272
-4151060
-642814
2098666
-1726442
208816
-1070095
-6214455
-5313333
-928171
-389656
-1168667
416950
-5749120
616809
2117230
-2124026
-1689951
-1707849
-7136265
-42184
-1540812
1050794
-3086518
-1697994
-6780965
-816425
-1752916
-710388
2293459
868355
184206
362878
-5313997
-5555
843500
-1040571
-5612864
2986799
-1337868
-2973069
-187037
2128608
-3935926
-2153028
-2930873
-4434774
-3015742
-1299697
-3525641
-505699
-470728
1192357
-3382456
2611106
-3121624
-75116
-4879319
-235545
-2797064
-2191565
-1620049
-923712
-3190641
-3904749
-4426064
2171266
-985783
-585454
1479412
-1657753
1599934
-2220838
-4025726
-3282876
-2105092
-1088110
-2652053
-182358
-7177454
-1415642
1176564
-221259
-734605
1762973
-39400
-8330512
623672
-1248303
2205674
976268
-4567210
3216893
-5017696
-2015020
-1250076
335918
-1622422
1150579
-617362
-1209226
-4394414
-2237508
246291
-2037671
-4291223
-4189524
-2656387
1491393
-7358739
-6408379
-146180
1489287
-2940089
-1822328
-3990495
2232292
-1156901
-6557939
-1563992
1782053
2565662
-1853700
454003
-5130626
-1687506
-199899
-4806820
-2975702
899469
2962723
-606306
-5526286
1191399
-4586838
3013375
-1771760
-2549918
2455388
484707
-3605069
-2234945
472202
-2409578
-3865570
-818522
1009134
-4805107
-2225395
-1396941
637384
-125686
935888
1276789
2703876
-684497
-505612
-2176394
-585955
-4029194
-7248819
-744964
-838051
113936
-4424257
-196526
716881
576850
-3295658
1846702
-1385806
-1228604
1039856
944912
-1267857
-1059993
-3343034
-5698087
-1919517
3037401
-6497630
628856
975245
-3562593
405837
-2780942
-828709
-2751417
-1435525
-870938
-2406911
-2213199
-5273464
1406335
4893540
-103596
-2818561
-3117304
-832241
-4966127
-674439
-3104140
-1132930
-3560997
-1963445
-7262503
-1520771
-2006467
-694717
-2257659
1953239
-7139221
-8255069
3063103
-3387326
-2067998
-3777371
-1143991
1357773
-721264
875193
-1634700
-5384434
-5700093
-27636
-6897854
-1144678
1262779
3628575
-1704636
-101787
1552947
-5400165
-4662985
-2778480
-3927465
2567392
-1432981
-4365936
-71939
260996
-9041682
-1457158
1596398
-4361714
-3659058
-5740062
-2285112
-128358
-906152
-2753334
-2713316
-1035616
1450038
-5567223
-2255687
-632698
-7251743
1270804
241475
-3349835
-1093948
-1204145
-1241763
431454
-2076610
736910
-4856017
293272
159635
-5318013
-578291
-1430889
165569
1274153
-2975396
-664878
-2305453
-3999946
-1369218
-3202966
-7453936
-320595
-848168
-2558301
3085895
-4975502
-1676704
-1398073
1968400
-4558838
-208333
-544017
691554
-304751
-918479
1084647
330715
1788343
-5788709
-6490502
3364591
1289182
-1598082
-3013783
1612848
182932
-5526
-3888738
-449221
-2368178
-2311290
-709895
2503269
162859
-1306756
-4550709
540448
-1117986
-281328
-635982
-923611
297024
-846457
-1377741
-743254
-1595101
-1147400
3320719
649350
369254
1174769
-2537625
-2861993
1312545
-2030858
-7260313
2272549
-2972725
-432701
-3279089
-2360252
-1505161
-3697
-2118047
690379
-2417683
-728358
-841274
-5157067
-1468753
-1326045
-1447697
-4651670
-1465250
-1983606
92564
2214859
-1589021
-1548056
-1369147
-1912481
-225932
-5167233
366406
-1976175
2856311
853881
-1519225
-3674457
-1047343
66299
401711
-4475534
-949550
-5650562
-5222414
-3227089
-1090589
135782
-696224
4272596
-1949208
37040
-951842
-235817
548453
1828196
-3562965
-6799971
-1401553
-346545
2032554
-3256272
-1490129
-7441798
-311091
-852493
-495236
-4739539
3945855
-2574879
1351347
-2187630
-4145997
-1231071
-866277
-1527169
-1166437
-671905
852550
-894541
-1955175
-5829445
-200716
-1384158
-4514172
-3077902
1275401
-2581250
-5196076
1529740
-3649303
-1905338
-3405834
-161095
-4552355
-118333
-5875671
-1988538
845391
1151819
10360
-1594261
-38375
-4599922
1855587
2548083
-1534481
-4328103
-4382611
-6880783
-3839299
1664325
-260777
-3262596
-2495051
-4587942
103534
1202248
-5187599
569356
-1863120
-1201188
-244889
-1817387
-757395
-177202
-697928
-5192176
-3943680
-3403892
-3955683
-6204204
-2987850
332547
-860274
-4939073
-446342
-3020123
-1019797
1504783
-1813000
2590228
2597806
-1074361
-676033
-1293286
3106300
-4879096
-112304
-2396537
267556
-316579
-6214738
2689650
-661472
-966719
1649242
-483026
1420074
455167
-5468781
1189110
195438
-4970818
-1323422
-3885075
-915626
-2439763
-4158299
212231
-3767734
-5461554
1700196
-572421
-4706591
-1324161
3288637
3744290
-794191
-6042632
-2158204
-350188
1811301
-1765007
-930146
898998
872738
169789
-4232995
-735365
902907
-701908
-2307764
-6696092
-959669
327943
-883500
-287170
323776
217750
-1542503
-168293
-3022504
-265808
-8318770
-2360957
22321
-4756307
-218232
-1179824
3504686
479792
1225711
-3230217
1511312
-702701
1562634
-335908
1537025
-1257599
-3463248
-1386820
1367051
2327068
-1767281
2658115
-4024045
-469839
794004
-1500754
-1169994
1515776
425161
-5872323
-2983815
-4389499
2450562
1713548
-1089727
80429
1491204
2117491
-1916555
-712433
1179955
219535
-8138990
-2756141
-1216390
-4034547
-7639672
-1723556
345553
-493237
-763660
187560
-4878600
236609
-1086246
397097
-5483538
-4725986
-149307
311866
1077467
-395652
3078471
-3900626
2800809
2274248
-4779270
2265520
-1039304
227950
-5001231
-2509491
1996207
407791
-3656574
2853387
32535
333992
-2513953
-2028398
1229889
120628
2780532
781067
-1381546
-466012
-2871644
-5021137
-2429100
-4546922
408753
-832308
-1448024
-2851165
567008
-1895844
-456679
-1270059
-899168
2795116
-2231269
335924
119856
-583126
-2346629
-685914
-5476376
738802
-5785697
-57839
-3545306
-4497738
-443831
1507858
-723643
-3474406
-1576289
2912133
1780363
-3482802
99083
-2161780
-938877
-528635
-1558337
934796
-829488
-5923611
-7314705
1219803
512879
-4009341
-2993918
-5580574
-4559937
-1018070
1406362
-1190289
-1335687
-2027183
-2191559
-24613
3048658
-4677388
-2927441
-803046
-2980047
2389954
-3029287
-346712
839421
-6022062
2531502
-535837
-2081911
-462632
1430874
-1722464
-2857653
-406939
-650557
-190599
-2748856
742904
-1580770
1306878
-4475498
-6499738
884760
-617297
-662647
1693879
-795374
-1555063
3538256
-4520805
-4558834
-4008528
2432571
-2487032
-2700976
-2874764
-194489
-1059070
-2840315
553966
-4818391
4699206
-1633505
3376281
-2082335
2526302
-1071035
236840
-1055112
-3200392
-3293715
-2817062
1337346
257655
-4817455
-4515480
-2949564
-682352
793746
4157788
1216867
392657
-6729862
2077077
-1626066
-3795207
-780877
752883
-515910
-570310
2562594
-1498763
-3837828
-1816017
-2741530
955649
-5142878
-3185195
-56100
-2483575
-2844953
-5425972
-1006375
-116812
-1541930
-5041542
1518797
-4659570
-3869612
240971
-1389175
-4859635
-2303488
-815900
-2373304
2670283
916568
-1102188
-4158167
-2125743
-3845496
-6436266
-2370969
390200
-1011987
-6785839
-5406263
-309693
-211074
-76937
-1839558
-4256684
2257198
-608222
-5578013
-519193
-998942
-697411
824594
488861
-221353
-8492001
1391877
-281094
-642920
787498
1752494
2000480
896201
-2122798
1153356
-1756081
-5628117
-268824
-2116792
-2027522
-2760089
2053942
-1971575
-1510807
-3184248
-6062546
-3726656
-1455858
-2929441
-3924177
1086811
-1282527
-2372281
1039168
2322008
47376
-1229634
-2043768
-2585725
2624024
-6081795
-1696554
-5879767
-1521406
-2991443
-3015999
-2436005
-2341244
-225322
481160
1294157
135285
-4258026
-4195565
1913978
-1587220
2257518
977173
-2644
-1098474
871781
451379
498870
-3770218
-616024
3011549
-3339566
129485
-1074028
-801228
2498386
-4357638
-3395776
-979290
3399228
594017
419967
-3489570
-1550072
3770794
957643
-2551728
-1144808
-2967631
1807284
-44267
-3821877
1475675
-2431228
375980
2136644
-4657866
-3040788
-5108460
-2872370
-818040
248649
-3628158
-2234558
910647
-1367719
-3178887
1980842
-318857
-912068
-107821
-1398772
-3363491
620009
-2383715
-394934
83209
2686220
4385923
-2836229
653233
464654
271738
-1077
2108110
-7236018
-1299118
-3793078
-7653399
-2565843
-3743108
57158
20130
-5082061
-848291
-3984643
1677094
-67791
-834389
-561496
-1816757
-2231247
19946
315960
-4019698
1539842
-4478112
-5007930
-2029418
1876204
-173476
-245646
-3398136
-205800
2397863
-1020326
-820003
2301499
241349
-2071423
-13961
-1481406
-219800
1785854
-834024
96881
-3634897
-2977310
-3195647
3588269
1240307
-4011346
1883164
1407875
-4132784
525281
-1156124
-362488
-1819087
1564542
871403
-3750319
-679000
-6744595
2069459
3507722
147478
1362536
-838353
1832695
2472724
-1402025
-2677994
3305719
-2766718
944657
547684
402576
-958316
-8547628
-6139002
2189403
-9081
-2019201
2043599
-776521
-1231198
1584026
-417225
-466485
-875900
244925
-3081608
-1046657
-3365829
-3294536
-2389158
-1625575
-442734
-1975826
-997637
704516
-4402026
-1527829
2171453
-1624369
-3643589
-8239582
-5342366
689257
-1467660
-764180
-9999
-7284189
1555260
-1375932
1745553
-663956
-2768688
-7593966
-3686018
-30867
-3471602
-2012752
-5347491
-705958
-15703
-2017408
226327
-2331683
-638982
-4337325
105951
-2663830
1836816
-6628182
-89496
-918671
-296939
181919
105255
-4997511
-836940
1283787
-1935075
1833585
-2319376
1541376
-2226029
-1616710
-125974
-1485473
-1459818
-6791038
-2815040
-4604282
-2309447
-6387013
1281110
221686
-4466603
-275736
-546635
-2349711
-3824621
-2796006
1127067
-3374152
-3833027
-214326
-71695
246125
-2787540
-1769202
2064962
-3794877
-1861568
1198555
798891
-672934
345198
-1196294
-1306863
-5462247
709298
-4361285
-5541842
2931624
-2247124
367157
347227
1764795
-2573968
23709
-446712
404991
-4422386
-184215
-4305821
-551122
-1590638
-2223337
-3277833
-935015
2572534
706527
-1900090
-894478
2765836
185099
-2072508
363196
168687
-4839733
-343471
74846
1717455
-3958091
2935528
-4280128
-4821080
555058
-2067522
236897
-3545164
-2856586
851544
-2021363
2252472
823992
-1005386
-2812465
611168
-566445
-486812
-956624
3789320
-1671399
320076
-697560
-5477667
-3668758
-1825006
1166015
-4052384
-1621610
-1965076
-2409434
1710606
2672764
-1817815
279944
3236457
-1944058
-2945706
-2909928
-4974274
1262999
-6486951
1063760
-628974
-5896719
1730416
-428430
-1314698
322564
-1587221
14054
-4133623
-1304523
27450
-2641420
1113956
-241902
-1141465
519334
156748
-3606640
-2612525
-4112564
69767
-936159
-697383
-396898
-14081
-1230237
-434043
-1067808
1835908
1228027
-3071117
841959
573943
-3997558
247488
119264
-1510620
-4985449
-6865165
-1966244
-313456
-6638936
-3784184
2669295
162631
-3081378
-2395315
-8345
-4925153
-4553248
-7184879
507255
-4927635
2004208
791881
-2306255
-241182
-3461753
-1364266
-1589395
-2121125
-3352094
-244717
179477
-1003540
1031148
-622105
717954
617026
-3003656
2877422
3753934
1469143
603782
172351
180173
3532368
3031682
38936
-4701853
1214770
-2454019
-1407853
-579025
-3564553
-1204056
-615283
-1106751
-8501531
240268
-5077067
543532
-2458912
461429
-414476
-4902012
-696362
587354
-1785429
-297111
-1835808
-1829723
137624
449788
-2362125
-1867182
746891
29363
-3503866
-1689705
-5331837
380465
231381
-3564597
-103438
1174841
-7085187
-211787
-1486769
-336290
90472
-268839
-385676
-412504
291380
-1696624
-2419816
-4626163
191669
-5389603
995842
318678
387417
-2494046
-730349
-3291056
278316
-794852
1827273
-3151631
351309
-2340337
2689594
2753951
-5106764
-8445458
2624148
-4157206
-240556
-1909965
-2023502
-1481996
-4485142
-2723786
1536211
2105862
-1940493
-2339510
-139298
3142136
-821675
1258104
-5608102
60201
-749604
1590134
588113
-3937328
2361281
-1384212
-868285
-4189840
-314761
-1097576
-2093854
1116153
-981156
340261
-690254
-599296
1341685
903585
-921142
-427711
-2223272
-161773
-198887
-2347978
-5497566
870852
2212384
-4816604
-458395
-2698045
870260
-2902957
-841198
1448923
2149142
-1860527
-880568
-380325
-2362749
-3204778
-1051803
-156237
-1759709
-5162380
-1745179
-3856835
-436821
-280697
1832168
-3078546
2441555
-248492
-806640
-2175336
1384717
-1265812
-4729057
-1139469
-577181
-955994
-3872547
1384646
-1261969
-1779097
-233347
-6711279
-2298345
90755
-4014597
-3716234
-1123708
413719
-1622777
-1503677
3402655
1338087
-1054301
-2508037
-515164
-2509939
-1804716
-1098785
2559193
-1935657
914665
-1248747
765025
387008
543412
1229324
1722604
-272579
-1189459
1157648
-1921902
5170767
-6955319
-4801472
-2318078
-4570107
-2019520
-3289014
-4655262
3725999
-469495
-1285837
-2166782
-1424139
191765
-2895629
773833
1110197
-706420
157392
-2693030
-57111
-1402477
-2472238
1196575
-3581010
2569003
-2838411
-1738978
-1593622
-1035541
1310855
-1501632
-1874537
-2455987
225530
1023468
-3655678
589549
-1505183
23523
-1654678
-410413
1098978
100808
2230878
-766993
2017674
-4285676
443069
-3346486
-544823
-147389
667966
-4220549
-7422976
-1099121
697941
-1713891
-1177453
-1273910
-6700801
-3192242
-7703597
-3374479
-1149772
-725701
693214
-1814636
-8043287
-1862186
1130696
-6852285
-2545841
-1697036
-3049339
-1014251
251743
3614318
-3421040
101191
-537706
-870047
1302715
2665819
2760739
-3575827
354334
-1758687
-214479
3792815
-5893123
160212
-2626837
-631318
307980
-351856
-666898
-2200629
-3664757
-3007819
-3357824
-3210916
-4920792
-1220025
575103
-240030
-3668305
-3034458
1151866
-1809590
-2448138
-1120367
1491645
-5201713
3091033
819867
3145010
1259177
-1227928
-722898
3834101
581014
2440999
-2536552
-451201
-4085144
303366
-385024
-2825087
-753951
-3563818
2002558
-2435370
-3080519
-64753
-3177896
-5685426
-1617970
-1474581
-1054133
-6074686
240808
-3116346
-2236808
-234257
-1183122
-5205286
-346513
-360337
-40528
-3189959
-193842
-2026247
-237336
-1526609
-3031183
-1661138
-7560951
-1579507
894619
-1206853
-1615100
-1148599
-4332962
-887546
-4276148
3864329
1611900
-2751239
-2186672
-5224500
-1193811
-1259320
-2167786
-4597331
-202577
-40836
1471129
4951940
477546
-5161234
-177193
-3548770
-3983214
665686
-547435
-2309791
-34581
-1161651
5187841
-3771083
1186001
-2395563
-158239
10163
-1936003
1934514
-3935978
-1283528
185126
2022125
-2064709
-5282737
-8504431
-3612609
-5627309
-7500702
-58036
-4176740
-798431
-287986
1167062
-3512830
-7044629
903824
1107622
1076547
-617859
-606701
-331817
-2633598
23022
-3696924
-3308774
-5062753
-661224
-632344
-2754563
1643414
-7346723
-3679395
-724696
-3723681
-838231
-3700312
1018769
1434991
-7245147
-801986
-3784680
-1665988
1790946
4367647
3436424
-1030587
-3345262
-691260
-915425
-1165136
-763081
-25312
-2074760
-530898
-170364
-4111022
-2263635
-237767
-919160
927319
-3211417
-1728191
-959102
-1520506
-3351047
-116937
1040928
1903922
-1067321
-1264234
-102315
-1570647
-1470035
-3394436
219139
-5405804
76968
1574200
-5275206
-1246600
-4495746
-443658
199914
-855434
-1111493
1148219
-2989707
3452163
571200
-227589
-3558119
-4552926
-1829695
-942344
-1123784
-2762641
-3081244
-5068804
-3159497
-1943191
-6820507
-5428592
-924504
-3610521
-1711599
-1931982
-4366448
-4609015
-386955
1048245
4460033
-1622660
-542782
-2451153
-4955087
541637
-1488522
-1356640
-542513
-1865160
-4066436
-8687829
766966
-6090863
-1802915
-2088910
-1378244
439591
-6013270
-4411500
133590
244420
-1563507
182
-710939
-1167368
-1635642
-6987678
-1987491
-1611848
1240626
1747182
-1334934
-126927
-4916938
-1565854
-3955882
-2340061
-2861241
-1388675
-2192809
-1372017
-2990124
-244279
-786600
135143
-1346441
2518929
-515663
-362206
-915965
-3652126
-3306893
841295
-2496443
1152964
-31277
526750
-713140
3043939
-3161032
2296446
-906440
1291532
-1773815
-948287
180563
1600436
-5173885
-1736458
-2656764
-4822736
-3745754
-467241
-3941539
-1954645
-1063419
-4727708
-1848765
-2201393
-1385652
-1361098
-1788012
-1375602
-839284
-504160
3305493
-1487529
-2662082
1077642
-1058102
-2022383
-176449
-2355071
-3423407
-1617068
-2806999
2102132
-1095325
-2139081
-842828
-988771
-4347471
-5411382
-894080
-1848431
3499639
513730
-4059646
-5628728
-4097564
-7291534
2215990
-570862
808353
-2018700
572925
-1393346
-4799994
-377721
832973
-1055091
510196
-4888765
-383776
-1640210
418513
1233639
-266798
-6672413
-4092896
-273982
-2726859
1022894
-1718161
-4928050
73524
1389794
1982279
-1080046
-1994663
-902679
-1606385
486990
-7852536
-4601154
-2877484
-2512914
1076596
-4659661
5147020
-3084670
3650115
2124313
-1948169
869968
451864
-622475
-4603007
589371
-1120190
-927980
-3060131
-257571
1663500
-52713
-5684563
-1277581
-5776
-3115698
-7112662
-3198549
-585055
-2340469
-3047061
-809348
-363227
-1790427
1221866
-586425
1802904
583497
-1167137
1062955
-2143450
3301570
-435821
-785687
-2835249
-436323
-1053132
-891145
-1854493
-757937
-2227981
-5666344
-3114213
-3099505
1753113
-602813
-2004203
-5526613
-779275
-476586
1525235
-2658230
1093981
-2256447
-994663
-2057102
512775
3722902
4009549
1593265
-173197
-4733944
-553101
-2508599
-2921489
-877840
-1213237
1992868
-239418
586743
331255
-921858
1242609
4891824
1385854
-740172
1408183
-8398570
1399866
-1479169
-1979436
-1276333
-2874517
-3644456
-5423277
-247827
-5057622
-5938754
-1196123
30045
-124326
298254
1507396
-2034882
7301
-537409
-3450623
-3254711
-3573865
-1868277
-1492791
1012598
830518
839866
-2341041
1632023
-4788817
-1212656
3147708
3416580
-2302919
1311715
-4805770
-323170
654600
-773821
-3991837
-3333072
3209990
-1526877
264713
-1852806
1235630
2861541
-485562
-935347
-4074407
-1988170
-8421593
-2412365
-3927396
1820388
2158849
826017
2102779
-1983832
-1604131
-2078300
-2370980
-1346755
1718720
143154
1514924
-1916373
418788
-2832866
-718355
-6822893
-345180
954365
1123009
1741883
-5011642
19202
-3695184
-5144184
1964666
-745840
752007
-1892464
236071
-4515828
-1779509
912785
995751
276538
-786718
-2783256
-458916
295147
1873155
-3521798
1132838
-2528668
-8521006
-1992033
-489736
-4517668
2008942
-8447661
-1840117
-492364
132619
17274
369686
-3870820
-1364435
-5917863
-2013223
-5965083
-5085663
671554
-643756
-5275356
1588908
-4944936
-2344554
1347213
-2002738
-784293
-479677
-1053764
-3029191
-650838
-131113
1194266
-5739722
-970006
776111
-68942
-2699339
-1685108
3836198
-809834
-1069811
-5066801
-1265935
-3719335
749470
-3063784
2043981
2059630
-526616
-1822715
1770843
-735995
-3319460
-4688828
347183
-1634387
-7682585
-757188
-4436255
-2766867
-818292
-2022964
1270320
-4573949
-1449201
592841
375701
-2694749
-2432652
-3957309
787912
-972244
3198312
375785
-4455494
-1245229
483263
-2264220
-2529489
2340753
-1144278
-1845022
-2113643
-2541644
2678484
-2448359
-47754
-244157
-4727565
-588819
1187605
-617223
1695723
-2897899
-7364483
-312171
-2003178
-2307609
-3507359
2234934
710429
-1943384
-2326779
-2376709
-263408
-3626064
-6105804
-186183
-782544
-1527853
-1177434
-5630507
759614
-142370
1123850
1020146
-2059497
-3353470
-1937156
-2996840
859541
-352222
-1279590
1088976
-686533
3576705
-4418723
-4074014
543774
-3740718
848204
-3557238
1669719
4845701
-358494
-176454
-6073688
2620544
-1096880
722453
417245
1343530
1915881
-3763852
-1171091
-1980075
-3106758
-426650
1623742
-1170714
3206835
3113230
-2581629
-2630688
878978
-6565735
-147873
1523824
-63560
-5395005
-418369
-1350576
-162463
-3367233
-552889
686445
-3439561
-3064298
-4045567
-1674046
-749031
-4336592
902367
-2079682
-630878
411198
2131797
1261151
-1099311
-539002
-3994124
-4066709
565878
-546058
-2297117
-292340
-4356265
-649146
1903978
-5633325
-1678295
-647421
-1240330
-3250053
952364
-1782605
1825089
-25230
641235
-1296296
-3727701
-822745
-1577085
-1527302
-2359337
-4056762
117736
-2030043
-661532
660004
1146268
-1430420
827464
-7290451
-873207
-4571338
-3346492
-5532694
1238991
-3800021
14345
591031
-2428382
2539661
836855
-709338
-1670968
439596
-672102
342192
-1284918
-499019
680025
-7750898
-5251111
-1139210
-710576
572819
-1905826
-156373
-2128966
-312441
2033411
1296951
-1036042
2224794
-608949
-2684191
-5400010
-1759312
848930
3254299
-846382
-4159823
-1463007
1955086
-3355810
-273487
-4975553
-5141582
-637058
-37629
-945236
-226695
754676
-3681793
-4393033
-1242108
-2569007
-1574752
517334
-3644818
-2099555
-3848873
699023
899322
-293615
1788039
568494
-4605565
-2368202
-2662659
1522146
979621
1313231
30087
-908026
-527955
-18895
-1647059
235241
-291511
-1614312
-1680557
-3241937
479158
-6547360
2139041
676206
637465
717214
-2516456
-1399756
845186
2799
-2661200
294854
270689
-1718930
282997
-5954980
-552732
200154
2194370
234960
-939211
-58539
-793687
-407446
2121530
2677173
-2965862
-1654981
-469678
2365335
-177599
-975788
-911759
681047
1418636
-2266706
470290
1299130
-5365192
-5426297
1416595
346838
-3538192
-693420
799874
-3203745
-825220
-2949310
-4070175
-261902
-1242171
-377578
-275336
-2799109
-6647644
1901020
-1043710
562661
-678270
25310
-124666
-3511213
-4711164
-3802954
478776
121300
820598
2208563
-7915010
-1348845
622343
-1176473
1837116
-3139013
-451139
2183768
-4104353
-358863
662126
1314486
2217167
1981864
-3189612
2148703
1337544
-1035313
-1418403
-442272
2186348
-1880996
-4265395
-1959552
-91010
-564093
1484932
-26701
-1124520
-1389274
-392806
-1491605
-4117396
-1294684
2527329
3004053
-181073
-585780
-1114052
-4732673
2011136
1142128
-2523911
2310607
-3817988
784257
-1063001
-3943028
-10280
-4707658
-599084
-569045
1134681
191625
550850
-336840
-1617354
-4264558
1293900
-1446482
-1188908
2335700
997259
-2105110
-1154996
557599
-697239
-6542039
1410223
-5010955
-1327158
-7341442
-4863330
-3834209
-27703
-604999
-4518832
-1519381
-8024384
367148
-1900219
-3679446
-2064412
-3870254
-117512
1070402
-4429326
188918
656470
-1139192
-8490879
-1268886
-1958547
-1324356
-42173
-1380473
-2691449
-6392636
-814743
-784103
602051
-4170355
5085434
598639
-818732
-1341560
-1230226
-352376
1055507
-2596318
2713836
-3991470
-240664
229493
-3955417
-24124
-3740734
-971955
-428417
-2633276
-1193569
-3786813
-258270
-391796
-2986640
-4342270
-1039509
-7130679
2217147
-3577054
-2416634
838422
-2379993
-3925499
-4517447
-3090805
-1892338
-1799739
291030
-6479017
-3303627
-3917092
1285359
-2988892
-5478512
-2691679
-975100
-2370631
-4444511
-177433
292742
-4356547
-653950
-6933202
-6202860
-1129468
-690583
-2304348
-295525
315870
-3053548
-2128306
1804630
-139481
-2904540
-2766884
-1546671
-3068063
-3348649
-982096
494028
-1223535
989629
1325031
671152
-3062477
-1779015
-481550
-2557014
2844099
340109
-4574474
-2302648
-3066685
5227703
2419309
1710866
-5376355
119392
-995171
1797368
595021
-3684106
539579
1424753
-545137
-5074567
-5527091
-4343079
-3248404
168355
-4445118
881065
-732297
-522287
2048956
-1095957
-3405633
-1957245
231339
-5519941
1169924
-2342674
3450031
-1813923
-1694389
3138509
-4900786
-364146
-1192086
803258
-2840998
2774616
261678
-4862487
1385479
-1922183
-2521241
-837730
-2931059
-1482744
2815452
-835666
947784
-383407
-1414537
-2818148
418027
2581221
-3580153
-603328
-2336641
680901
-4669261
-6848459
-419366
-1640434
1306739
1962085
-1025363
-483513
-3043732
1383094
-3183536
-2819649
-430412
-103762
-50107
-672379
-376406
-4871817
-5607859
-2966501
-577136
-5187310
2234585
-1715260
-2680875
2005911
-1818846
-7845993
-4621208
352916
-384756
-3770106
-3480209
597899
-2600058
-80441
-1502081
-3165720
-1075083
-3311865
-3838838
331031
-1854957
-3142870
-2310086
3192451
-684449
-2688534
1269428
-3886592
568084
1780366
4222704
3316099
-2517433
-5797423
-2524900
2160674
1702806
1000714
-3982693
1852182
-1136681
782033
-1950364
3441069
-1790839
-3564768
-713634
-658370
-2998505
-306352
-3155671
-2726509
-4485357
1872128
-2029461
-88847
-4690212
-2758813
1173656
-4864480
2945679
488615
-718086
1052924
-1995848
-1781949
-954965
99981
353707
-1870619
-1013264
-5618041
-5583391
200480
-638975
848786
582640
1233605
584542
211330
-7879197
107734
-9462966
-1805443
-1060758
3625256
-2798290
-4709675
18732
-2577358
-1286859
-4519883
-1633519
-2876340
121415
-541125
-1961555
2034722
2515393
-5044352
-2386965
352868
600994
317420
-5553937
2325982
627013
2662430
-193555
-6840390
362671
1721665
3249840
-2522659
-3406601
-481197
736076
-2508472
-1532616
725818
-2989775
-3504948
-5709419
-2172397
-207740
-7737400
-637003
-5403958
1940150
-5193519
635764
732961
-3577403
-682687
-1082863
-938979
1399536
51651
524706
-1995442
-2798630
-2135186
1047044
-426949
-5649728
3548150
-3448326
-1752012
-2306759
-4009107
2696148
-1803672
-3651350
1014964
-3404345
-4275345
-201557
-3673818
1240968
-174782
-2454366
505707
-1237914
-5228018
-3697357
-5696454
-3694641
2500208
4203463
-26930
-2915598
-3008598
-693166
-3917018
1568650
-596089
-694215
-3993487
-1742026
-5353178
1476713
-2565212
3461067
843447
1640766
-3404365
-2533712
-5443431
198897
-855363
-4364966
458874
-750910
-899028
-4467512
891051
610895
-3191779
-1963802
667352
-964109
1799950
-1717982
-881380
-477175
-88333
799181
-2284542
1838987
-491670
1264711
-2778516
-2953693
730487
-886394
-3010919
1907824
-2711015
-1730963
-4538998
848933
-752697
-1592614
-1899096
-885780
-459844
376175
-4880634
1672291
-5446836
-1615119
-2375836
2098849
3437091
-4794752
1605041
-3942493
-1237190
2127208
1422661
-2173963
900978
1173539
-4330974
-5935963
63505
-3529865
408335
-2080383
-94594
-4603878
5739
-2885829
-826953
-1572210
-2854013
-1343661
420339
-4809414
-2363409
-3823993
-4394791
223526
396317
1114662
46774
392706
-955578
963669
-467053
-1470003
-2562487
931907
1198385
55992
-1333898
-513159
-882318
296027
-2607331
-2990575
3284277
-3814107
786297
-122331
-1761329
-562938
1572042
-1928344
-257283
1486529
1203891
-4840654
-1316508
-5649116
-4318516
-5102396
-4728181
-4674016
2244092
204784
125280
-3522422
823605
-1691377
232328
-96133
-4375877
-2562206
-119911
-5623915
-93392
3880849
1911325
-817575
-1224999
271527
-1216563
-13574
940864
-271806
1884680
1142474
1932876
-2800242
-1179336
-2606545
-53639
-850003
573148
4178327
-741636
-98488
-1561476
861048
-311550
-1033165
-3694342
-6104578
-485561
3747453
672922
-3580842
2171944
2625150
-655837
-1057931
-5056787
-1028300
-5200050
786899
-462560
2529341
-2011851
-4366368
-146160
-944421
-3331042
-2893410
-4196023
409873
531831
-1917073
-3754576
-4381613
-2432394
-1729115
-4645654
-5937336
-215994
1258542
2793063
-4505219
-108475
559636
-5830064
-2822873
195285
-107324
-5850152
-639384
-3741807
-2364058
977202
4040717
-1043070
-4080606
-4541235
899604
506275
169262
-8092331
-282837
-1293108
1029132
1044708
2532885
-7339489
-1055982
-724433
-1744139
2164411
698245
1556794
599940
-4136839
-2120112
-3583312
-387104
360723
-2657056
-1638494
-632654
-934590
-241920
150475
2151019
-3600657
246602
-2832451
-1631127
2880069
-7044684
-1834156
-2501355
587058
-1396095
272859
-759284
-2162879
-5573708
1507466
-5952174
-3304214
2735647
771125
-70190
-2011514
-3944581
-2556378
-1158882
2710447
-4278871
52099
-1931819
718127
-3399938
-143540
1400372
120031
-1524370
-885572
-1757756
-5714483
-7099458
-1121601
1994853
-5478640
-1514477
-2256456
-2967168
-4131750
2480289
-134145
-4742922
-2080351
-6961201
-2953984
-2933658
-1229410
-775936
2668664
-3863500
-6215039
-12831
-5585011
2148
-1415017
59052
-234745
-1221389
3942406
-4702804
-5290706
-1051167
-1747925
782974
130775
651729
495197
-309476
-6787375
-4230609
838924
-1810571
-349163
974461
2517353
-284161
1601329
256706
-1397187
334617
-944336
-249448
304555
-2894791
-713399
-5984442
1916362
-1827114
-3432664
-3979262
-410592
-1477115
-2567465
-788968
-4835919
4721228
-1875443
-3666545
-4274576
-311435
-3042646
-515523
-1882546
2303957
-5225526
-930520
1805027
-3201952
-3357317
1916532
1833417
-1737479
815424
-1242245
-1231095
-1503643
-934328
-3693812
-1902719
1085823
-1698246
-602217
-930109
-6949998
-3835443
1733702
1360049
-600497
-3128659
3084482
582613
-713386
-2454481
-634330
16539
-1495466
-3535192
-7676209
-168027
1838991
5337365
-3704933
-4574879
-527531
-2500089
-3846794
1527617
-40907
-211127
-568423
424306
2602553
-2244810
-1201685
4123245
-7090708
-1895808
-2658939
-3316046
-1834761
1382028
-1276620
1292320
-1868283
344582
687273
-1107226
681512
459802
-945986
-3064914
-5012893
-1819399
-1189878
-2615384
-2133306
-1510511
-3044596
-2922551
-5034063
-2114478
-687518
135522
766939
-3971917
-837337
200257
-1692266
-1742885
-2188229
2132543
-5462764
-70516
438283
-1768637
-1045886
-2587996
-159222
578935
-3741409
-1197120
-1994697
8804
669983
-7564285
-2012428
745677
-3372652
-1709044
-1508080
-2250957
1398225
-1145280
-1871596
-3749479
98969
-3923255
-1111632
-280555
890091
501912
967730
-5577669
186240
1114857
-4231919
-4601424
-1552218
1210211
-1813113
632845
-3617512
-6498769
-886633
296731
-1332577
1150786
-1181827
755654
-808201
-1409845
-4209742
254074
-5328950
-336435
1088845
-2312160
-2570588
-1375455
-298006
-5840986
-1737664
-1329923
136658
-482050
2629466
-6120226
-67098
-2704596
-4250204
-6311927
1269233
3870255
2281467
430283
-3397876
-2726072
-1717457
2318468
36041
-5234799
1901539
-4455508
-905840
-1415361
-1148111
-1840594
-293211
-315277
-66724
1911251
-554447
-2331435
-1159666
263846
-5270651
168357
-565228
-704968
1115345
-3221319
-1908057
3136027
-2933211
1559724
706316
1593317
-1856096
425787
569625
-183757
876573
-4925622
-589840
-4565322
-130583
602391
-1514347
-4278704
655811
-1374324
271645
-1649531
1641850
1983863
-719999
-426694
-8699986
503508
730568
-1549235
-281489
-3928378
3504920
2608280
-4364290
-4810462
1743137
-4841350
-4365996
-1072945
1931968
1689954
-5908087
-796341
-858221
-2232525
983144
443196
-808182
-3370581
-2599822
1128506
64483
661025
-1371524
740945
876520
-4241383
-2190059
-1049598
-1450981
-1146110
1975563
-1333071
243388
-1889991
517379
-248329
-1212527
-3203329
-1308862
26777
-2451901
328577
-5583341
-2072252
534337
-490624
1727298
-4884685
-629218
-1825150
-778304
1433323
-4938008
-4015419
-4908348
-4502262
1052524
709686
-6770899
577001
258541
2548698
-2934773
-3485741
1022205
-2778950
1303996
2017643
-94842
-3469295
-263148
-502353
-3139953
-2434434
167045
-5195255
1830919
1477194
-2636595
-1281645
-1239805
748538
-727292
-4335244
1007361
-2219747
-898554
-3722663
-4822526
590096
-3280565
-5937023
-1148380
-443508
-4142531
178753
-1129811
-3092685
1349775
-530307
-2140727
1573226
2009942
567501
-969043
-669541
-6734544
213412
-191752
699720
-2517942
-3653988
-5696086
1190067
463551
365384
-4618479
-174164
-7260213
-2590153
625807
5392698
-3990312
-1103170
-237995
-586362
-1841272
-2745933
-1269216
2496397
-203430
-1898346
-3115282
838531
-1400003
-3321286
-5287125
801153
1026520
-3102555
-4692773
-1272885
724849
1160272
-2725025
-4096916
-1722787
-1671486
-418522
131518
-1400611
-5099050
1370053
-184042
-2076010
-577538
-119236
-510076
-1952341
2032152
221959
-3684083
907758
-4054676
454824
-53138
-1231202
-1644232
-3511087
-2963418
17324
2480965
356664
-6235021
612355
810338
-1271722
-4350898
-1065152
-1444641
-5238339
697468
715101
-4961908
2150092
1852156
-4391847
663359
2023729
-270150
-363360
2150803
-3746904
-2812944
-2513972
-1608772
-1460987
-1470346
-3902166
-1990623
-4911167
-2817470
-4393021
425254
1151728
-3872466
-141797
-4211046
1679386
-3573840
-936893
-113547
-3650367
475896
1775572
1867678
-3751559
-1411607
-6950299
-1131365
844892
-78301
-2944788
4423083
815292
-3157799
3713568
2378923
-180748
-1820433
-7834044
-2211896
-3027629
-1081996
-2070759
-2786668
-5090353
22449
-438197
-4124191
-2986485
-710079
-4669818
-2404645
-1432032
-1437013
256059
-5371114
1539112
-5794144
-1129234
1167215
578406
2047553
-4558773
-719292
463055
-1733668
-2929562
698696
-5410686
-1804879
-1941153
349730
-2573401
-5342987
-1542790
-494854
-3514969
-4827877
-493577
-1892210
-773911
-1434245
-3776649
-5211406
2566007
-1080214
-1707626
-409728
-330800
1833217
-121346
-776468
-1736015
-1167430
-928041
-2020142
-4214609
-259859
-3659924
-2661228
218304
-3592900
-464492
2694649
3700633
2829394
1397678
-321338
-4757147
-4374032
2221468
-791605
-127500
605238
2560863
2546525
-6019118
1522
2529403
-1289755
-584003
-4023598
-3753105
1011772
160959
-102773
532427
52518
-1903988
-859129
-1333133
-2425811
1307455
-3125902
1733237
-594979
-600698
-1359333
-4256819
4388545
-617378
3953298
-5533344
-5834224
-4068959
-8050909
-620053
-6492353
2561744
-5252765
65154
3968287
2434724
248726
3956702
-1350957
-2427246
-1462714
-1826622
61337
3342214
-4142020
-558798
-101927
-3679335
-3060099
-2956263
-255044
-3430826
111896
-3244435
-37274
2243380
1496209
4574360
3104891
860671
-2237663
-2711485
-3828992
994921
-3870193
-2543635
1356401
-185131
-3245452
-6002888
-1522506
-3341665
-5054291
-5284499
-4439444
-45617
-4527107
-1973171
920979
-1096706
363585
-3953440
-466800
258628
-2408614
-187972
-1142630
336144
-3378898
-682450
-2740591
867327
-2357346
-2601639
-575256
546625
-3320880
1661762
-4275310
2403633
-766828
-6162665
1695060
-5931144
-422608
-8516031
-4415419
42587
-1429268
-44035
-822474
-523632
519634
-2389380
2054200
-4492355
-2289951
-454626
-4620359
-1644150
452806
-4415832
-1702437
843826
3053473
-3524619
-3518217
-1056570
-4095386
-7900561
-1211142
-5010161
1444003
-2879249
979271
-686152
-599366
447377
-878459
-2442678
1051472
-4332281
-85837
-1837983
451477
-8848519
-2035018
-5381793
-3951245
-558173
-3195611
2002927
-1724342
-337282
-4658413
-248706
1781970
-1035468
-4171284
-1482196
-439872
-182856
814921
-3161797
-3724437
107629
-4783166
362019
-135123
-813443
-830995
-930212
72989
-2664033
1553812
-2939321
-2517192
-8122297
367154
-1251822
-1087921
1011579
-7569324
-1062329
1358978
-2611931
-415848
1943649
-7285027
721437
-3956007
1893612
1980439
-1129759
-3635149
-408821
-5175080
-2985826
-4631405
544639
2109452
-828455
-657423
-664811
455999
-538565
-1608227
-3291787
1642324
-3346944
-6303419
-3713407
-2095116
-5189989
-215856
-2093421
-1777096
-3386637
1488531
-246742
493844
-3944784
-2987403
-3182739
2086268
-3360987
-1269958
190913
-134322
-159458
-2768791
1631963
934177
-4660364
-4197432
3456100
-2927869
-7637027
-2784619
4896328
-649607
194523
-3006723
-997198
-368431
1219803
-184927
-68711
-2697375
2144916
-5566527
-4705180
-638652
-1405430
3392480
-5581400
-1757120
-5749012
-522316
-7082000
-3842802
187827
842569
1824995
-4250687
57723
450536
1954151
1737582
-1885295
-1498262
-927792
-877844
-7006298
-1246717
5282401
-7048258
285153
-3736521
-1241685
-3425208
-1099340
-2307331
-1108612
815253
-4895169
-3470639
-7627960
1543642
4222901
1065882
-1823606
-1074322
674863
2322478
-7848892
-2854944
-2816699
624238
2997672
-95932
-3452842
-607769
-1398068
-4341002
-1658922
400603
-4499599
1542066
-82854
1539203
-6561666
3026295
3426072
-427046
-2224042
-1110873
-6643048
-795554
-2237026
-296578
1179719
-228206
-3950461
-4196706
-4550877
-3737596
-5848485
-1904092
1314573
-613397
-234223
1033327
-1498579
3020488
93935
-675420
-6183708
-1491235
-1923713
-6090966
-415961
-3860895
137583
-3844528
1915059
1244721
238142
-1809446
-1662891
792344
1242927
-613180
-4951220
-1999773
-683559
761406
-6704475
1898534
1290680
757729
69872
-3001115
-3272819
71917
-2032670
118994
1131773
-1748729
-2245973
-955404
-1077294
931884
-1178767
124353
-2732732
-5365781
-3093805
-3232002
-298957
-105723
-964757
421396
-2257278
-185798
4755701
-2096556
-3579077
-489867
-4390078
-104913
2276151
-4098897
-3263388
-3481780
-427212
-3147534
2729665
1422627
-1438517
1215420
2803564
-3911363
76761
-689685
-1662192
557826
-35795
1071187
-1730744
-1540841
374279
-676245
-254727
-560613
-1334054
-206232
-3432178
-4577797
-3327930
-4160924
596336
-2203964
-1756629
-3547259
-6117918
811258
-3450542
1991960
922434
747813
-4523400
-2340406
275902
-603873
-190559
-4512909
753241
417355
-4121557
-2030917
-598152
-1307502
-1751018
-314016
591430
-918433
535880
2898177
83966
-1715605
-592448
-3316239
1934300
-4298396
456404
-1656436
1945278
152372
-133686
-73743
-612957
-3075549
-147630
-1719629
-311993
-1111927
-1111929
1252193
-1148938
-5416204
2484505
-1303266
-1246417
-872083
-5393791
-564601
86335
2205478
-2573937
-401672
-1523053
132533
-3995500
-166268
-2493780
224035
-5118808
693887
-3364931
-145804
1098296
-4982515
-6438712
-4421213
-4595
-3685077
-791199
178113
-1899401
-710156
3142058
-506147
-3726528
95715
-2560783
1636638
1150600
251606
-1872079
-533466
-4393239
-371685
-167918
40306
-3204254
285552
-6978482
1240526
-1042085
-1480201
54769
-3800380
718962
953096
-311053
-6483006
20527
-537644
-3763512
-1992783
281249
92498
841814
3786655
-3185913
-697545
-3441251
957406
-3474262
-2601736
-881692
-1522586
-564977
1354413
248607
-1556086
613322
1880355
-2721946
-4457365
-3999143
-3156149
588300
-2719320
-3849947
-505266
-367924
-2250865
2929584
-533944
-3045380
1163453
-1456464
-5198570
-6358799
-4707134
1974304
-609583
-677571
-2634584
-5419514
393426
741167
1341859
-2169118
-15947
-1034702
-1458867
2790299
-1990923
-4408946
-269443
-1315192
-1170808
5455977
-483293
-716923
-3895159
-3789533
-165603
-578420
-305489
-42435
373444
331290
562273
4245427
-2290816
-7146198
-1126026
-3000922
1104242
-1487862
959690
3912696
-4547284
-5341778
-7559920
893970
2092470
-1322063
-199355
-5330058
-1468922
816993
218302
-2843034
1276642
-380495
1088216
963960
-4405337
-4633131
-486487
1931603
-1221155
-817696
-3588619
-966285
-2978578
-18341
-530501
-365770
-5983787
-3163794
1446816
-1468750
3070735
-4547807
-1985097
-6714750
1257558
2991778
-102401
-140608
-28199
-2833765
-1685717
-1641805
-2055827
-6529262
2940489
4815207
-4653628
-570181
-2079145
-3304835
-929969
-720789
-3291105
-2719054
-2143759
-5256480
-993810
1597519
-5993575
-4816680
-4805399
-161086
-4284503
-3774566
265408
-1262586
-4050651
-2308961
79579
-1694627
-100043
-4213767
-1555199
-3618272
-2140255
-73538
1786150
-5658430
8744
1360460
-2676877
-3381864
-834385
1019611
-853440
-3074036
-4406196
1366824
3391718
-1448499
-1086658
-3445858
-3123812
1484697
-557052
186914
-4536778
-4423940
-1275710
-1843940
4834968
-1979577
-2752680
1103160
-774950
1514129
-1567948
4330541
-450061
-4264103
-576235
345293
-161480
-3372948
-2391168
143747
-400203
-1765802
1565234
-4351420
-1331772
544086
45748
-4671652
1873542
-571567
-290858
-3710793
59173
-425939
-2221463
-5348943
1380523
-826014
627214
432055
-2288999
-2017508
710336
-4340178
-4323558
3288096
1930643
-756134
-1284209
-2851804
298479
-7799
537257
-1380342
5178402
2135849
174726
-83240
-449355
-4393066
-5390569
-2473469
3234586
-1516004
-155156
-1504001
-4174541
-681303
1526400
-2410391
-3935421
-189364
-3125011
-2125185
1509718
3598238
624539
267816
1900025
716547
-2335234
-1888125
798552
835421
176132
-4253039
962114
-3114315
-1246583
-4865268
1736358
-510111
-1416383
-4312268
-1627094
-4455929
947893
-2972221
-3701489
-524306
1040654
-1697731
2627915
-709935
-1518744
-951487
893077
-4406173
-5664464
1317244
-957977
-4118773
-2296535
-4191074
1768843
-5020538
65890
-2561878
2167915
326517
69586
-3201415
-365871
110223
1390356
308401
-6764777
1760884
-1793595
-5913261
-2150969
-1604210
-602827
-5158307
-2089534
-312391
-3810282
-6977728
-621268
-8341777
-2418668
-6337759
-508954
-1939837
365654
4649687
230758
2318070
1444068
-1043814
-1635483
350589
-1410289
-2880588
-4534237
-7187482
1144466
1605066
-669320
1472375
-2294017
-4178015
-4956209
-4442939
256265
-264467
-1523305
-1217286
472321
-1873728
-2460922
-267719
-3132268
1282189
-153439
-853421
139529
-4735738
-5127700
-214280
-1948682
-5034416
-296503
3392953
-1770455
-2262276
-428246
-4784150
-1673938
774073
-2458562
-177142
872263
-3006473
-6432617
-1161100
-2134793
-2760962
-2575192
-556856
-7556718
1048261
1585175
-6733233
-1623759
1162247
-2211290
-1146036
-1694699
-982728
1552112
-5239323
-534900
-7234152
-861365
-545458
924900
-5544623
-837994
2022321
-2896643
-787307
-2834435
-4080117
-3426364
21559
-5300076
-3050362
-3378601
660268
-2219361
-1535833
882891
-2290207
-1077617
-912303
-1004685
-4583591
-247443
-3641839
648388
2156444
-1102239
-3815881
608913
649758
-6322120
-3076166
-2070996
-4140082
4051361
-596621
-6234000
-610161
-1579883
-842026
-697837
-355078
-2343615
-5785486
864370
-1795222
802191
-550862
191660
-509881
-671148
-5563271
-1034749
-3982672
-2811741
350752
-1010734
-2359074
-2152350
1145543
-695713
630798
458299
-1871807
-2291079
-3375489
-2523101
-2121006
1475599
-3768155
811535
1647170
787203
-808775
-622539
10135
-2566367
-797332
998757
-4333941
796584
-2093480
-5264662
-4001048
-1877492
-6968220
2076974
49639
-5600352
-2143707
-5101254
-3367139
36861
-1137958
-4411443
-5141679
-1007827
-4478917
-3451740
-1785321
373614
119813
-2772551
-4659409
475648
-5452547
195412
-6813230
-2153601
1463260
2131636
-289485
-1111573
-7797885
-4092454
-568114
-1726771
-2391288
2583355
-2004348
-50836
-4583527
-273373
285654
-6886209
-2798194
154514
-1621128
3703248
-923646
-4563384
-330819
-763841
-624415
-892355
281305
636624
-700108
-3543564
-1307429
-468594
4576122
-73276
-2411095
-5524612
-2035011
159548
-1204363
-2295651
-298669
-3100482
2413345
-5302247
312111
2396165
-5772384
-3808922
-780817
-934386
-829003
-6190907
-2583573
189764
-4324006
-1309632
-3236215
148741
892435
1549144
-6126391
3464835
-1414081
-8531347
-5370022
-2166114
-80994
-622370
-4997678
451035
-1865761
-4929852
-1139198
-165961
-623600
-1178031
-2002373
3194091
-1089641
-1786277
-4347633
-1611010
-976950
1480376
861864
403868
498165
-3258712
1888647
125158
30464
-1143263
2885864
-787253
-1062606
-800232
1102928
-4898337
-1377518
1352663
-1488464
-2159098
-5504001
-4731068
-1556903
151307
-2228179
-1178287
-193398
653068
-118562
2588475
615400
-2418960
-2566696
-1905816
546527
-175567
1066741
1768087
-3702399
3869993
-5341155
-2433405
-7878146
2679417
-1822552
747860
-2421788
888824
-5441851
-2211312
397548
-301332
753617
1444951
-1481852
2206036
577701
-2484195
-6658981
1257552
1221224
1716634
2606329
685701
-3890333
-630703
2024508
-4668334
-956815
1178601
-6803220
-627592
-1621568
1380740
-4569487
-1352873
-2119486
-686124
-73921
-1193751
399857
-713462
-604751
397169
-853428
-48213
-284291
-3677580
2880861
-1384514
-604485
3765849
-620015
-2433294
-5290463
-3060245
-4208966
-5344448
296568
145812
-89950
2587462
-7850021
358518
930597
-3253360
-5403683
-4221243
-1810875
-2716911
-6146006
1487576
-7164094
89776
-1605596
1728977
705996
-7057890
-628134
3224656
522002
18938
582841
1306864
-4594978
-721548
43226
21962
-3286439
-4347159
-962142
99986
-2586555
-6721800
1252581
1051884
-4867947
-482851
4682276
-4225027
-1990225
2941842
-2822172
-3407782
-9036617
-424155
-2401669
-5009196
-1692938
-1461659
-5977676
-3397010
-3145696
-1234038
2916721
200522
-5301353
570539
190246
-6189970
-1677192
-1052891
-3037116
-750919
196326
-536840
1653474
1931110
-1188798
-1964364
3938772
753020
-1455949
458050
-4868496
-4892376
-4028898
-91626
-1287585
27176
3084929
-2822805
-1621588
-1980076
-2175960
706317
-1145009
-334604
673814
-1258248
-1764225
-3669630
1039233
798004
1575749
-4528512
-2647474
4170122
25268
126146
-1142186
-689219
-1823559
-4970141
-244722
-3304388
-3359788
837115
3122324
-1658210
-3637983
-1571212
-5127128
-1630866
-1536734
106147
-198237
1273487
-1618127
-14971
304254
-5018703
-388926
1973064
-3886842
-519140
87385
-1767447
-713510
-6641194
3548845
-4942528
-5193067
-48544
1446016
798718
546270
-1457389
-1353560
-4870184
-232705
-6385665
-1699056
2506761
-1821810
-2112219
-496153
207616
29475
64334
-520729
-4425713
859276
-62012
-1516587
587035
1173983
-3743961
245374
-2135981
2441121
-3727876
-4200505
-5311037
2609706
2511513
2097191
-1987451
1946745
-718959
-1874462
-1806915
812399
-2362482
-5247106
1142648
-1282894
-1685126
-3362283
-1115481
-4700254
108572
-2534820
-615196
-1286795
-1005072
1821654
-2129723
-8731518
1812048
95724
-5412988
-246974
-3720629
803944
536164
-4909267
1417070
-958220
-1177814
1928236
121581
-4019781
-4649956
871439
-3597473
433622
1258125
126645
-7192504
-425170
-2857324
795415
-2188605
991077
-3821307
-1234923
-2256857
-5298979
1366775
-2975965
-8859635
1714222
-4795480
-2610296
2793281
58203
3509214
-3371497
-1426805
-2133445
643423
1962620
1201890
-415110
-2920752
-3451478
580959
-2224037
-744227
-1138138
434819
-409474
1664058
596034
-5525367
148384
-1841039
-2710871
-4113940
-2015607
-2662426
650327
-4404390
-1894563
-1811497
-2005631
-511216
-5307844
2482358
-4186088
-228986
273213
-543504
2986617
435581
-1460833
-503324
-7646301
-5795075
-4904070
2072806
-2201994
-4248419
-2298035
2924659
2312836
541636
3740622
-1922183
-5115732
-2964178
947804
1747877
951369
-1679598
-7085657
1208857
-6475188
193142
-6237685
3756571
1549147
-1538548
1866607
-2864630
2492091
2218509
-1505280
1416463
671734
-2658833
-1368006
-2071910
-5192337
-1384003
-7502973
-138258
-4809069
-6236506
-1238221
2979977
-1624982
135257
-153828
-303142
271417
-234730
309148
-1021677
-3535913
1165087
-904430
-687028
2907274
2942227
-560221
1421612
-146426
-3103464
-2432237
-617024
1387188
-1409870
-88977
-2664945
465299
2082555
-2291407
616997
-3843742
-5065552
-7375864
133094
-2527894
505174
-4917890
-3976462
-1362340
-2032248
-687564
-6236754
-5234532
1469925
-496691
105321
-502282
122311
4381322
-3607208
330917
-3156941
-3800616
-3027013
2661908
1531586
739682
832742
-869769
-2737838
-4634370
-765670
-5873860
2385785
-161645
-1718129
-1111269
-547413
1732351
-3688908
-5617183
-2504255
3856374
-2513698
3637580
1366527
1647096
-524119
1543442
-507026
-5723180
1208200
1192428
-3083016
-4152592
-3645526
-2085127
1564801
-506984
-778425
3042920
1206631
-2063202
-3351618
-3498930
2965207
-1851095
194189
2762787
-2334488
-2976258
-2517913
-2172592
-1552631
-2224791
-5355464
-7396345
-3110224
-1258802
-1351269
-499109
-2160163
241150
243918
-1697069
-939019
-1062334
981016
1482628
3146021
-5007765
-5578929
-1823361
-590595
-2687833
1179174
-996942
-4636423
-1833339
-3137072
-1141576
-3270164
-4732921
-114160
-481510
356515
-275532
-22732
-1978708
-686684
-964954
-62516
1714332
-5857671
-2941821
-3313625
744644
-973736
-2372833
-3809980
-1751657
88551
-213081
1693437
1103653
1002202
546502
971778
91429
-2734232
-8660703
-854641
-6004494
-1792989
-3625408
-4111961
-1978382
-1469683
2210764
-1404613
-1483939
-1222813
-1775286
2034657
222518
-3441358
813182
1119897
1887920
-1742477
-5096836
-3693438
755179
-3484723
-2842726
-1309131
-3313038
-239131
-65181
254919
694206
173152
1355225
740718
1752361
-1342757
-5044388
538700
-4616667
-311932
-583622
-2496592
-1458671
-1020272
-5880262
-1015096
-1760829
-1051292
-1172870
1082124
1843213
-523878
-1078772
344849
-5744520
-3994583
-428765
-1967351
-2094150
1054090
-543052
-1746040
-1393945
-2720454
680321
-3391808
-302015
-2863740
131979
212201
1187054
-3866998
-6567111
-3295004
-769313
-2603626
523632
-3445453
-2020012
-2145209
-5548867
-1699127
-3716588
-1544016
1681852
1437366
-4503886
-3077152
-593607
-4165569
-5247271
-1129208
-7653441
-4126291
3666209
848995
-603735
-315055
-4568520
-982031
-4815566
-884219
4119065
-814935
-1778552
647381
-1685838
578902
-3770617
855563
-2804551
-2647178
563710
-2853139
-2134675
1469808
-3925797
-2219517
131415
-716161
-2066518
-4595047
-74444
664209
229519
524036
-8085315
-2841154
-1697007
1353692
-784318
1113433
-3859154
500895
-16885
-1452311
-4222675
-6342378
-1576299
-3221473
782264
-2928725
758889
-4874560
-395396
-813628
-3271396
-110091
-4048312
-5390888
94601
852593
-1980641
-2180606
853148
-498846
-2519367
-979213
-71354
-2783994
-2237010
-985009
1917312
-546496
-7270541
-3502863
-1548160
-7782807
-363244
-2603705
464565
634318
-1342464
2928435
-2234612
-2907762
-776570
734534
3031161
196940
-952588
-1741851
-248279
2188937
1027555
-1530473
778982
-3447192
-3756721
-1459061
348769
-2939350
-301574
-4429194
405323
-358440
71042
1422599
-4906178
-710578
846699
520901
500158
-3720659
589097
-2721326
936574
1569424
-6825155
-493718
-3808120
-1441011
-5068035
-4473927
-532187
1454583
-6619381
-8589575
-113937
294064
-4418435
-142951
-3653444
2115510
-652082
-4216403
-3942009
-2362498
-688211
2660472
-113596
208693
400966
1324199
-1821035
-4491223
203957
-2806538
-626574
-5731185
-220190
-458084
-4705741
-26391
652980
2865607
-855579
310386
-652780
-1525539
-614803
-3610450
-2884586
470017
-5583533
641869
-1066431
-653616
-8489773
-5370526
-52477
-283925
-1957420
-2569935
2463108
4373684
-1824209
-1878699
1360061
1598869
-534665
-930925
-4097876
-6744001
-445697
-1020507
-4358956
-670043
-351691
-3224295
-3168461
687223
-30370
-748967
144393
-400222
-232505
-1972503
-4387404
-1829623
-84656
-1745648
-349429
-2326393
-31167
-918298
283832
-4151908
-776215
-2354024
-5511986
-1647374
-231908
-6041562
1160669
-380983
-3180
-3097072
1732728
-299798
-2306544
-642844
-4887910
305734
1097039
-617048
-4178043
145710
-369299
-4920623
-1041775
-2225974
-2018968
-1444317
-1715846
-431795
2156995
-263266
-118748
-4190033
601868
-2088209
-1695645
761041
-2649924
-1224963
-1045623
-1241193
945503
-6099666
3017459
-2163346
-2500639
-781887
174435
-1153471
1580415
-4438848
-3613505
-587230
-179558
-189282
2846205
-1046060
-1395455
-403447
-338910
1820430
-2293432
-1726536
-272005
-3247364
-2613225
-3648349
-868175
-3148350
-245571
1101963
-3366728
-1264551
1408745
-3877811
4142850
-2174549
-3121721
616371
1103698
-359960
463849
-3910295
-202489
-3379804
-358233
129922
-3555301
1000364
-1723072
-2655095
2066099
2097825
-2886460
1180375
-279196
-67752
-407378
-2791474
-276500
-32985
-3658647
-203541
-898561
-149580
-1241687
413801
618662
1849163
-519324
-1396927
-3266875
793434
2883070
697008
2168965
2751332
-399306
-3632743
411615
-3373734
1885168
-3923276
1047309
-1358564
-1074887
-3329956
-4156131
-1278743
-6350579
-3186723
-3850885
-2219522
-2409035
-1142175
-7504187
701294
-1305782
885793
-686529
-494352
3639573
1548946
-2587768
-5053639
-1139533
-6992399
-472488
-3658200
3540706
-586859
-1377217
2742700
-8402777
-956916
-3825756
-2059028
-1985206
198043
-3180639
519226
-5962024
-897720
-3269476
-3166914
-2818212
-1634317
-2052177
1463662
49235
3334092
-3812499
276690
-1037618
-5080973
-4104875
764982
294944
-5178528
-184422
125105
-2187556
234703
-1772426
-1147500
-2792063
-325494
181260
-1547335
603361
1294154
-3646444
3618293
-3727569
-123515
521232
-6337742
-852885
-3959889
-1926676
-3807795
-3989754
-4356147
-518427
-2937713
-4343031
-5158670
4907073
-1037440
-5005216
-1535377
627283
-1796624
-550685
-3109630
-3094246
-4445027
-4763969
-1362047
1014818
-305880
-2243946
16254
2918641
-3880322
-545842
234168
-2553613
-2085381
-3036917
-8595247
-2471702
-3283447
-2828978
-2871704
-175899
803707
128070
-1393929
-4617527
1461680
-782271
-5017080
-4434691
-3251952
-2407771
517448
1545883
1786350
-4885700
-3640778
-434741
-1402800
1721528
2821548
-5149272
-8245319
-5109247
-1684311
633134
-4992743
377357
2221485
-744966
-1097910
-578440
-4916747
1068133
-3887917
-773794
-1984812
-1962766
-4384586
-2425286
234880
-5270407
-3944033
99275
137510
-6599493
19808
364820
-4556861
-1326967
-445037
-605269
40813
-1510228
-4270324
-4431698
-6794252
-6870744
-1481734
1016558
-1581499
-1863200
-2960241
-381458
-234396
1082558
2095644
-1700587
-655880
-50459
1241895
1326136
1982702
-2463363
-340872
-421849
-885666
-2848539
-516558
1112716
11014
-5923250
2255697
1460268
-5150305
-1972266
-2420244
-2080382
-3649673
378970
452620
-2051719
-2910200
1523992
336774
-538699
1484145
-87600
-4852770
2957017
3222898
-3192269
-5268075
-337546
-266081
-2060629
-1539058
-2000627
-7201414
-143166
-3614519
-2705636
-885817
-1874813
-2791100
-704371
190559
-464836
2888250
1774952
-4870147
-5770726
1321602
-2555890
1375341
1565515
-1562454
-5187732
-7088020
1004574
-4613153
-6076997
-1533071
-3146818
250278
-5868004
-4491601
277722
-3264282
-3343141
389978
447312
1828385
85518
1037204
-3608740
-2066127
-927518
444473
-1130534
-473847
-4847082
-560947
-2702520
1564032
439259
1738290
290355
-1541835
-1414077
1135041
-7290967
-1249737
808090
-860708
-1691525
905482
66604
-3005106
-240529
2018393
1492148
-2912049
-1489843
634183
-3236313
1405410
-1618334
-179561
-8048158
-3449770
-1285621
-4389936
-894588
628383
-933965
303121
319077
-2671818
-127111
-1291537
223734
-1333148
-4851077
-1083822
-1890018
810307
36310
-1556049
2479598
1748731
-376878
14268
-1104877
-1125145
-650808
-237157
1697997
-8120211
-3086086
-1852526
-6113943
-1735698
700674
-5162643
-506538
-4939619
-1435979
121372
-4513374
-3147095
-851563
-5395779
218836
377475
1618372
2472552
-1988234
1581706
-3123705
-46865
-2961792
-3343215
2417185
-587252
1796593
-5566185
4720068
2541397
-1947151
-529590
-345229
-42627
-30548
-2251028
-643767
367980
-1963185
1395566
2398827
868872
-3543981
-783745
-34844
-5588715
-218108
-769392
355970
2966029
-4099685
-7688710
1371272
-1417384
-3661614
-3182523
-3984288
2801998
-206038
-5011209
-2688080
-240448
1816306
-972063
136253
-1745367
-4521904
-1889681
1720695
-1425356
-285968
-3766359
-3801127
-271915
-1478427
2161423
-3466341
-3147164
-1913558
891909
-2544287
1032987
992680
-3866407
-5667064
-1706337
988519
-352965
456119
-3359393
-3949588
-5085177
729526
-1075418
783144
-58395
2316027
4438447
-2448174
981245
-1742806
-3629299
-1133089
-8103193
-5726463
-4524890
-8109179
-1638831
-1047313
213932
1893613
-3500570
-3302405
-560425
-390094
-1819908
-1382414
-1170314
-1918021
1273031
-1020032
-61441
255032
-71810
-4336524
716707
726171
258206
604932
-1636738
-2811392
-4892242
-4579423
-1117686
-170484
1052149
-4014
2146700
-2479712
866412
-1131596
-6197688
532966
-2491930
-945184
-4789761
-4225707
925056
-539841
942222
-1675889
-1638354
918367
-4695786
-2714108
-7201303
-5842593
800093
-1734912
-5631654
-2758648
-4111030
222573
-3097829
617656
-2309967
-1067563
-1960063
1489606
266359
-551123
1300202
-2529402
-2258586
2796284
-1263232
1844112
-2894139
-4584167
-2454591
1541955
1152005
-2971778
-2047023
-61822
-1076955
-3493360
-3315041
-2236013
-7366905
1790844
-2918016
1674524
-4546544
-4152750
673342
-1978290
510168
-4511032
-2135325
-3175811
-1070068
-1581418
-2748904
-1607326
-385462
100350
-725087
-5370082
-190487
280575
-2105749
4687332
-2014078
-5016256
-601326
1131395
-1409939
-5003037
-3468936
-3220789
-4918906
-1678708
-314977
-911814
642055
-6049340
257243
907343
158763
1050092
2865376
-1169187
-4111414
-2532762
-2269969
1904749
-565522
-4008215
1446343
-2184241
-1213127
184764
2825778
-2087282
816840
2870201
-170719
-2073809
518302
1156321
303674
1149153
-2288959
396510
613420
-7111883
-3119616
-1314009
-1676361
-641910
33198
-2220369
818688
-1083834
899023
-1685715
-2193241
-3210115
3594561
-4519128
1097048
881804
1905046
1960878
-6286323
-1164528
-988323
-2386496
435060
-2322418
172099
-5003431
-2619272
-7536163
-4871531
263352
-1957388
-1894944
-960073
-689471
-4229749
309391
-3879416
-747746
-2832610
-465605
-1075587
-5289040
2107412
3196045
582478
243708
-2978753
871496
-331892
-3124972
-2365456
-2382585
-4899525
3050408
-6174833
572693
-1280269
-352422
339556
-2959855
400005
-3845508
1846612
1235529
-664077
-717910
-764923
-962926
1659439
-2817310
2490560
-2232378
-1457854
-72513
-5378051
212239
-3020829
1548277
1666431
41198
-3489141
-4302606
-2706135
-649223
-176922
-1364076
-3796788
-6433900
1307387
2375241
-5430726
-1344160
-877958
-6912790
2613246
-7077953
-1106039
-1217073
801798
-390280
-3978434
-6146029
-1194202
1672777
1567855
3712
-429047
-1701932
-1476077
-508983
-1212587
-3101725
-2461756
-3465417
1682841
-1566215
-3767994
1384775
-2453483
-344990
-3353160
-3041896
16203
-1215588
-103944
-1811174
-6233070
1467909
-479588
483060
1610021
3729536
-402844
-6607789
-3884475
-699704
-1526651
-275806
638252
774629
239431
-3197206
-1010223
-1408551
-3625686
-2875741
1235616
-139867
-1171574
67405
-2339500
-1094890
-496899
-3906410
-3245041
-735871
-2773890
34085
264277
-4645251
-774021
1989056
1883427
-6175766
-2715590
-2807622
-4128219
-557307
-2737476
610159
-604768
867276
808769
-2549384
-785018
-880708
817723
-551626
-1077935
-2641255
2743795
-209055
-2540648
-2228834
-3983109
-2826219
-3885130
2798274
-1738364
-3909231
-3817825
-1083079
-2268321
-7939514
-3609591
1115035
208373
-2485312
-1263156
108214
194604
1303533
-2721962
-3576631
290949
-879900
-1841104
-954992
2775354
1822768
-3863686
218452
978885
408738
366597
-969457
-7327134
-1690220
-6815
-797987
-465959
-5067773
-1429539
-5651703
-355571
-3263372
1140575
-651983
1231075
-2272213
-844650
422304
-790544
1020404
-1277608
2029860
-4259211
-2031560
514446
1538568
1544909
-7243504
-529654
3672380
803597
-1500755
1776646
3696367
-3313580
-4603328
306643
-2317870
-126196
-610545
36951
5129683
-17043
1653230
586162
186985
-938223
416715
2014515
521251
-635543
-565908
-2412391
2299248
-4909947
359332
-3326311
612982
-3922387
-2858345
-141416
-8184646
-1850283
-1258188
-881362
-869791
-1965184
-1402152
1571606
-3070960
756313
995823
-239134
-2178664
2759265
-4641863
-269365
224344
-4946763
-80701
-588325
-1397782
1140663
-4727905
-1187149
-953217
1633466
2946915
-1158598
-322034
-7551533
939019
-300380
-2703346
-4273517
-2948478
-24557
-1940
-5488972
-3269487
-174219
-3083570
-16021
286164
-116951
-3608516
2715259
-7129723
-1976091
-2533796
-2835141
-2624504
-120841
2614842
752606
-1049090
-2582215
-4148884
-2687611
2049701
-390543
-1244250
1742439
1715765
674444
-2468168
437348
224058
-2724683
3589026
951204
-1641449
316439
-5979114
-1413430
225457
2357235
-780067
-2206468
-5168536
-3168905
-2036604
-1966446
-2338356
-4272743
938426
-1179642
-1764533
-326361
886379
-1496386
-3161521
-5605954
-3128406
-1953398
518227
-1576299
1740272
-1112827
-179490
2151008
-7511497
-259600
5344765
850139
-5799581
-1232982
-1049773
-4564099
-47071
-4224994
-3606752
-801121
1481853
742558
742742
-2637450
47090
-2986838
1649936
447269
-2803410
-300106
1808259
-346822
9408
-545757
1982309
1488079
-3014063
-2629996
-1563592
-4503168
972362
-1420538
-389816
506765
4366610
-1160218
-4325793
2994056
1509088
-334296
-988468
-4102645
-4590985
1020577
-2013711
-5653746
-3517981
-5512050
-2801577
-8847933
-2910630
446147
-5263239
-5406024
-3521670
732856
765387
253743
-362505
3375529
-3902255
-2180795
-1538686
294168
-901336
482503
-3047772
-5379487
-3354341
961702
-4498124
-1483575
-9020180
-1449815
851205
-1036237
207484
-4414250
61470
236621
-1345483
1794116
-1441015
1327695
3323654
-572104
-334398
1143872
615286
2739982
-2715389
-2578408
-1626290
-5202512
-1930943
-1865696
-3389781
139487
3352986
271152
426336
46733
92144
-1831933
-1697950
-1936010
-1771518
-498717
-7679738
-5513794
-696352
-2826828
-21737
-354889
-3432654
-289511
-97335
267851
-303955
-5851323
-4323798
-952354
-3087911
-4370897
-4267917
-3355094
4029914
-4172548
-982565
-3394309
2818474
2224810
-5233016
220605
-212872
-2070161
-1485607
-1483984
-4721601
-2036130
-5031925
-2260584
1697532
-1826253
-2374457
-3747361
-4326961
3126131
1471218
-1589608
-1508303
3530424
420000
-812640
-4266121
-676712
681043
-3938929
1280493
-1055709
-1656795
-3717605
-7842142
-811517
-3022840
-3856324
-5150427
1047353
-1484903
-6730818
-2039343
347725
-5224227
-2950292
-564476
238448
2587205
-1908899
750270
-1976630
-889409
-4362486
-537428
3497491
-876652
-245170
-793540
4180727
-1881691
-206646
-2323552
2605924
227445
-1781787
-2217710
97641
-611184
-159745
2537846
-3048830
-5912906
-3130821
2374264
1458228
-3544392
-2402932
-1274823
-2748998
-2629416
-4348899
-880131
-1359181
870568
-2222404
-3828663
-233374
-1160350
-2510987
605507
-3489036
2109258
2470576
1547392
-792083
605694
-1610981
762682
1293087
-1015033
1574288
-6854314
-734648
1892488
-4454565
-1070535
-2205009
-1520145
-196494
-4497755
233066
-5371539
-3762329
-960080
1496864
-920820
2639953
3134944
9717
-2539795
-2888420
-972662
-2708445
-1840464
-1078344
-2284592
431061
1431834
1146152
-1150665
-1163669
-4571084
-3212388
2901600
1103023
-3288608
-1098196
695421
-1933474
63508
-305135
3310015
-3651702
130483
914828
1165899
-6085111
-6382993
-2999875
-3197216
-4619364
-2300983
4385951
849396
327486
1690173
-681731
-265762
-388825
-798338
-1083219
-1723215
657139
-3179658
533870
-6197278
-1516525
-6657597
2105980
-5593057
114588
-1361200
-2873788
-2052262
4644857
-152398
-5901605
-4886492
-1697578
1767618
-6080921
-9958
62983
-632678
-1865107
3309159
-4408091
33202
-1235322
-5048751
-169294
-448006
2337047
-2536982
1919384
399362
-2053244
-5519756
-400893
-1211097
-5730030
92668
-834895
-1423328
-20284
1473394
1006868
-3735175
2810945
-877244
-4707624
-2643402
-2005120
-4441563
-1359200
-620194
1733172
-5037569
73200
-7191221
-741413
-3368851
-6153182
182655
-781267
-684357
-3348681
-3224666
366051
2032035
-977124
-42474
-3485580
-2816162
-62276
-3517783
-3961
472350
1807065
1913964
-2169966
-446396
-1726421
31695
458221
-723089
-4766950
-2543709
-4479243
-2117015
-4272754
103055
895107
-1130782
-522574
-2863339
-4763932
-690137
280951
-365580
-4583182
-7010738
-2871919
-110573
1340755
-3369446
-4033214
-5506039
-2956116
-7761790
-1848505
2537144
-4193939
-3090331
-4410755
397040
1157059
-2640604
-2526028
-1805781
-468541
-2309178
-4258221
13721
-210688
74941
-2513752
3094422
-4484648
-5031881
990569
-2954595
-812660
804427
-1271158
-1922651
-2126906
-813976
-4642490
-1233504
109440
-5186127
1563278
1104391
-5625596
1293609
-251536
-685266
-2217519
-979242
-2005352
-229088
-4385204
-3018071
-2314398
-5204360
1081137
-158581
-606565
-3664479
-4048592
561971
598022
-798473
-1442592
-4646869
-2669530
-462740
-2693157
-1936619
-1103980
-684459
-501584
-83332
523761
-2170485
-2521706
454507
-3069090
128959
391580
-1653632
-2522976
-7960374
-5485119
-955720
-75423
2971918
-5400402
-2226486
-4008925
-1493356
141738
-199223
-4683621
-2928239
-4443488
427078
974462
137452
-365925
-4594684
-781892
443840
-5228338
-1904380
-2642186
3197728
388301
-5418809
1822430
-721698
82754
4319781
-2368163
221514
-4534112
690487
224318
-218160
1159029
-1719371
924427
33783
-1735501
-5628594
1121395
-6689993
-1320353
-122539
-1791831
1030042
-2473239
975670
-2708240
-541144
159885
-1358026
-1401755
-2002839
-4610324
-2496603
339928
-3402600
-1770144
-1021279
-4025919
2128443
2540066
1793003
3231856
-6656814
-2853513
4104122
1501791
-5171430
930929
1140174
108986
1091092
-3334024
-1079718
187000
-2754760
-72936
-1774146
-1983779
189422
2044182
2458751
-4482519
-2569320
-2732688
-1142834
-1517103
-1857194
-1839035
-1674207
-589014
-1575864
-1138544
-4336681
-3377485
-34833
-7861181
-80394
-113466
-4650293
-511121
154697
-3042317
2591022
-113667
1740300
-7962815
759529
11338
1209094
5243316
-1527400
-3147149
1705981
-2303367
-3232479
-2732818
981564
-3552965
54145
377865
2446998
-1707270
-7514934
1156355
-848405
254196
-1986703
-3700101
474940
-2006907
-6026417
-2010152
271879
-4510932
1401537
460373
-5458898
-3099400
-5801233
539747
-1747369
-5465415
308198
764713
1391684
-4894911
-1769035
1187189
593535
-254807
-1016644
-988614
-6024769
971031
16050
-1386732
-1800159
-2927642
-5042550
-4496928
-2124595
-1020620
-4357776
1194323
-286229
1985582
-4685929
273249
-2955996
-5601442
-611599
-4953343
-749454
-5375182
921957
4683
-3222070
-4887449
-1233816
-3884084
-2455571
-4945682
-1586697
-4197006
2896343
-1421772
-1275493
-625321
2045813
-590438
-2333411
-2783188
-4601873
1311114
1423175
-569323
388044
-1672340
318144
143458
-1319651
2419971
-3611418
-1141161
631772
-5104258
-3273815
-1066973
-1145542
-358263
-483249
-3800121
-1134938
-3552368
171138
-7462586
-1612953
3633245
3036327
612418
-1555868
-392473
361840
-36204
596693
-1112641
-2076896
-253182
-1964391
-2611642
-5760466
-4143458
-3746804
-2092652
-703000
-5059246
-7509780
-1697523
242203
-4431200
-5273878
-1076064
-1690912
-1760433
2784881
-100452
-363483
-2180556
-1367357
577837
-1027687
-872605
1773684
-3015311
-4746607
-3596275
-4531900
-2283129
-6061780
-2666416
-1333235
1663289
-1473603
-1882830
-1023902
-5752016
-3975404
1771218
2882600
-371931
-2934560
-230909
-984038
-4518483
-2042385
-134184
-3188608
176769
717135
-953491
-1641041
-7907623
1473248
-446096
-6427018
2972908
860328
-2858014
-1106170
210326
-307993
-1394281
-922278
-4221744
-2129278
2345420
-3218069
-63862
-2031019
-297389
-2706407
-4609726
1362056
-2060251
958011
-1106014
-1558047
-3492310
-5155652
-5570921
-5181507
-1544209
-173226
934595
2871146
-1448879
-1184500
358915
-1105805
-696008
1017659
-2242431
-1149195
677788
95883
-1002525
-807918
-2564107
-1769329
-1631625
-4428596
-330296
-1128295
-3412914
650203
-2555259
444910
-1256810
133698
2603260
201208
186135
-1392260
2680200
-2644907
-1961024
-2050458
-7250430
414548
-1944591
-1011695
-116951
-6281545
561188
-1564955
3946334
-1142951
4389574
-1324989
1251968
-1151094
-3331172
-3346235
-1015013
-96442
-1635789
-3245009
-3625492
-1944182
381004
360812
-1362777
495459
394812
-907856
34668
422075
-621335
1236292
-1064042
-1100476
-4565207
-2782483
-964668
1466320
-3099894
-4216468
-4260780
-2314092
-385183
-1307862
-776817
-2580933
-3851110
1150877
667267
-49425
3521306
2418854
90877
-3917440
-2741441
-2464743
-4572284
-162942
1972400
-5407383
-576995
-2449832
-276761
-3984606
735504
-2349712
1751152
-506281
-3541593
-3683801
-3466208
-32350
2778955
-2430319
-2541063
-2435195
-7475448
85108
-134769
1293662
-6695508
-305935
-4436907
-308861
282685
-915320
-2230186
-4568813
-3021449
-1545863
-3011025
-1490742
-976970
-3514165
-3570530
-348891
-5456650
-325894
-4329504
-2539574
-3744751
248461
733897
398472
-1214120
-1687556
-5096374
-3194427
-1732635
-6634682
-2046210
-635907
2209305
92235
1189053
-7170456
1528090
-2253716
807924
726863
-2211834
485725
-2638523
-1190607
-530430
-526851
-1827327
-4562320
567520
-1375886
-3261805
-2041395
-4961221
1673196
-12600
-630973
-911923
1108574
-588478
-3895565
-4568271
772321
551002
751140
668935
2205686
1370740
-8020960
1840350
918557
-5490177
-3823028
1399104
1387238
-2933696
-862885
-1094033
-1139208
-2081068
-999513
-595705
399736
-2792145
-6678410
-1186259
-153448
-245396
-16553
-525325
705717
-6485236
576153
-55523
-3473707
709477
-1985774
-4800984
-152319
-4502784
-428039
-1688671
578401
1312609
-1870385
-509177
-905397
-886753
-5587764
-5299695
159301
-5473008
-4598956
856917
2567762
-2914642
-4420688
3570809
-922000
-285097
-974575
-941244
-4402624
-3245383
-21808
2278916
-1322260
305809
-123116
305375
-1589811
590923
-1629356
-4677228
-2204790
-1546750
39726
1450751
-4918778
-4301549
1278264
1169867
-6772491
-3149022
-6706377
-3880258
1787043
-1353768
-3243264
455416
1356836
-170694
-1723344
-3777835
-1733147
-3646894
-3170821
-4791986
-380187
-947687
-434813
-2018977
-392853
2612530
129626
-5063310
139693
4742
-785456
-1693130
-918008
549823
164444
-669547
-3393600
-4065204
-4860980
-813474
475037
-1830774
-489499
-809438
1730067
-247433
1461655
448171
-3747162
73227
-1720430
-2642884
-1481172
417629
-537299
-5528635
636315
-1416135
-747699
-4992637
-4576447
-3855714
-2038671
26956
-1258372
-2131061
1861888
-675439
-1971782
905393
572499
-3551673
-1321654
-136059
-1229170
-1030892
-540149
514729
-2058393
-138029
-1020898
-422626
-5702774
-7145694
192871
-2120064
-156527
2427307
1482228
-1941786
358381
-1794500
1402083
-1767948
-6169966
-1327653
-821229
-4260663
-917781
-4657520
2879950
444440
1708107
-3495260
-2348294
1117543
-984663
-3596436
-3236934
503222
-355150
1203736
1660103
-2041678
23427
-2115644
-661365
-6317947
293915
862984
954258
3533568
-228770
119849
2249979
-500826
-928790
-3167315
2328016
-495154
-1179236
2715793
374711
873085
335595
-3598017
2031060
-785892
-66169
-648114
-1358363
472162
-6588752
3928221
-6717558
-1795558
-255789
-2531664
-4400366
-3884923
-1040330
-4178220
156818
-2031385
-1039188
606961
-4427225
-3571491
-274350
339025
-29000
-3684241
-647779
-541884
-1379832
-1597460
452559
-1477311
-4822615
1202402
-3309477
-495289
3702318
-2223912
-4337341
-1751261
-216571
-3173019
-1411110
500153
120597
-369970
-231281
-2252152
982118
-779619
-2486594
1238771
-4278025
-443713
-3643821
939596
-6273214
-2266048
1227957
-2707456
-4655687
359840
168015
-2106526
-3222726
1219005
-391356
-2622434
-789660
-2087355
251445
1201374
1224486
-2009209
1418681
17112
-1570799
-2895990
-339180
-1620069
-789169
-3816327
-891258
-3056847
-46419
-3619724
-2569139
458497
-2449336
-5298919
1475610
-5357339
-2801243
1979893
-1117669
521731
931181
-4883689
725011
-15573
-2800770
-2974161
-55359
2139284
-2710520
-6743691
-5356506
-3274152
-4516192
289352
-1925568
-155012
1257012
-2713833
1701648
-2912080
-1680223
-3806869
49569
422733
-762662
-2176904
-1017891
-948437
-1805789
-1011633
-1438074
-578563
-4932253
-5442386
-2345233
736235
3018531
-1827193
-296100
-2068127
66856
-4536356
4098381
-2779988
-1908001
-780500
2287695
-1384622
-560875
-819389
-851468
-3330497
1963162
333221
-5166156
-670536
-1541068
-286794
-92501
2000166
-1054402
-4092856
-139517
-979992
2179068
-4461909
2865327
-3020314
2196160
-1434976
-364681
2413608
-350512
1614642
-342009
-1585577
-3648591
122665
-406626
-157326
-2053596
-2344350
-1173938
-2313363
-5493183
-1990840
-3068496
-5085070
-5818673
44040
-722715
2615109
-1219941
-990628
-2066665
1252537
-1448407
1014968
-1949052
-3095091
-2986380
-223928
-2656597
-802600
4726712
-6014890
1648378
1306912
1563133
-3482868
-7434498
-1102395
-356630
-2659052
2906832
996702
-7305546
3584586
-982669
798958
71103
-583178
-2072649
-1536199
-5503206
195729
-380599
3715157
-784340
-3558628
-431447
3044668
-2956803
-551216
-3960664
-2130221
-2813350
-1124663
-3933690
75452
429512
-2588923
-6076419
1362706
-1541295
-898678
-1235173
1854688
-2447956
-5312108
-481671
-1228366
-22044
-1129571
-2074792
-745000
-1661022
-310420
421472
-2014960
-5123703
-1685944
-1520487
-5244613
1543088
1989198
-5531014
-160448
-2775739
-4643819
1981674
-351180
-4055806
2761780
2709613
982468
-461511
-346504
-6314265
-2203530
-5076996
681054
307033
1367975
-5092172
-1993328
-4114178
784075
-3972342
-3943217
1429514
-1215315
-331188
-397160
-1146971
2294195
-3808767
510375
-2122682
-391311
-1688691
-2765077
780329
-4128835
2338289
2910978
1580224
307979
-134524
-460407
-2393741
-298996
-4095592
248898
-1459457
1132735
-2858295
-4696691
-1818571
324080
-4102665
3109786
1284319
-6540545
-5174718
-3905878
-1504352
-2808579
-1699380
-2927854
-1164121
-4488892
-2157719
2318835
-1492962
-964165
-506694
-1023479
1944086
-4167370
-529407
-1188276
-1559290
-643085
-4219571
-1075649
585337
626831
-218588
-3039483
-360533
-1327575
-1270555
310424
-5008365
-739494
-53458
1186005
-5003381
-674526
-1583137
-1245433
-1051377
1432511
1087229
-2455174
-426804
1177008
-4304720
1186494
-1479482
-637611
154367
-138318
-512459
899098
-3063125
-1269376
157108
-1684657
665186
504505
-2000755
-801581
-747362
-2449930
80596
701390
368414
-5939406
681353
-1749120
19003
2130187
-2353953
-3370955
-669182
-5418618
-931577
-4866344
-2048553
-818132
-1452933
-82703
-2574058
2087318
-1469581
-7723843
-4766794
-454272
-8155328
-1166788
-3358503
-4689753
-3099257
-875814
-255902
-4738510
1398736
-1429537
816677
-3232103
-1755567
-553050
-568475
-557768
-1981400
969825
874974
-3074614
-2565799
940559
1257397
-3013832
-249429
-3047186
-2387575
-1355951
271605
1638424
112846
-7746743
1407153
-2054226
-6711086
-699672
-5760575
-2016708
-399097
-1801313
-2547105
-674783
-2458641
-1855711
-270887
3833130
-3038854
-677018
-8514549
-4002812
-1310756
-179232
-271950
-3912081
-1567504
2454627
-1526340
1154356
-4304547
524051
-579591
3739122
-396117
-4084509
2641783
-2633014
1837063
-312307
-4782035
-2655751
-1038636
-5418051
2116300
-973615
1577070
-5202798
2426121
-5721925
68385
-158780
-1689131
910656
1020098
-4134786
-6544576
-5410612
-1279953
-3351780
-2971416
-15903
10763
2554527
-2239422
-1080527
2531084
1922101
-3143040
1208395
-544173
-1260116
-1104195
-142773
-6999293
-986683
-1224750
-2456085
-1027006
-5834477
-578119
-3886206
-1573204
-152195
689705
-109970
225758
131486
1330231
-4346784
-2233472
-821551
-4361384
1119052
-3206279
1878054
3125096
-638580
-933571
-408638
1846546
-738438
-4757913
-1289351
-1103399
1404909
103290
-1102604
-5021681
-1180073
1794045
-999401
-3687957
2544665
2063887
-5673494
413959
-3356125
-1465918
-3268832
3384888
170010
-1535503
795303
-321500
-4466527
-6258676
716134
-1288341
1129030
-826723
-2653466
-561828
-4926705
554377
-5227992
-3490979
2984944
-5135770
-753039
-1576965
-3179003
873591
1852976
791764
-3365767
-827061
-5836427
-3258742
1305905
-3703473
-193895
-7247827
-673357
211958
-4635343
-1952489
-3149045
-31452
-42269
-2981431
903591
-3280313
-6045556
-170700
509672
-2891470
-336928
-231732
1187220
1031870
44183
381242
357105
-4302823
-4502324
-3789068
-966790
1337245
-4784278
-763134
-1176874
557615
3534458
-2914356
1265514
-2738486
-3019591
-254606
-2719924
2223775
-2843528
-5060586
-2192316
626513
-4867283
-445575
870179
-5046255
1719522
-985625
-1239224
-5189347
-1862472
-3059631
-3216446
324586
-60275
-1036429
-5145751
-6603000
-1564380
-4750173
1813134
-2574421
840652
1400951
-392857
-3233512
-2785003
-282107
-6399881
-2289447
-3279372
-3020599
1521925
1067114
-2905052
598329
-5054021
-2452444
4041312
-1703267
-2296364
304173
-82304
-597164
1062880
-7184385
-1114637
-1095816
-4037409
-57448
-1629429
-1290537
392765
-3253409
385882
-1693796
-2566991
-398205
-2500317
-1727522
-177078
-3220122
1851139
1037217
-3643720
-5870568
-3442375
-794383
397578
-4503855
3525188
1230072
-722396
-3117131
-4778111
1337462
817120
-3429244
-1226320
1697700
-312349
-2100988
-2275403
-4134711
-5206580
-3175340
-4309203
-1626460
-4035603
-1919044
-2898310
-922355
-37262
1011916
15521
-891520
-417250
-1848530
-2134809
-7720683
-3798382
970174
-716029
-1845831
-2953350
-523373
-597750
-5179091
-2337361
1305193
527368
925623
-2595358
-1621523
-4203000
-3261565
-22191
-1799981
-237991
722567
-3006777
-447746
-750554
-263418
-3370508
625686
-1167809
-4480075
-1118769
-1873636
-76845
-205648
2668894
1823671
767978
283296
-2179000
-2015013
-2270976
-5049196
-1007987
-2379914
-2725179
-108404
1105597
-2969110
-2499344
298631
-1213733
487528
-646210
-1138103
-2533197
1905157
-2481342
165563
2556354
-798604
-1062060
-2579935
-3808256
852115
-1401933
1565815
769257
-776785
-2142686
-896646
-730859
-3424024
-2762696
-4425420
1408485
451977
374968
-447199
318329
-1531124
-129338
50489
-2431502
-1238961
663648
2620975
-305614
561752
-1230146
105426
266931
-5239972
64823
-230836
-3712421
601988
-681149
-1007692
-5547996
207878
3665064
-78814
-391082
-870914
1226583
-1134164
-2307637
-2632520
-1158221
800714
-1789518
-4440467
254635
-1709968
-4733393
-1361706
-3408130
-1992971
-1031950
-265003
-3683592
-1271733
-2483137
-3843103
-2468798
-1132427
-735141
-567056
-3110970
-4486769
-849003
-7411693
398561
-2421750
-139456
-882952
-7305964
-2196628
-584971
-5930787
-4696604
-75806
-221138
155790
-1908020
3319404
161843
3126671
-7066967
-1115475
-3653404
4928252
-3076960
-3411843
-3407615
-686278
-3411648
-1364101
-5359576
-2833982
-5387145
-1425279
-1729620
1185533
-3162154
926957
-879135
-874907
904195
647663
433183
-893119
-433262
-574846
-1243856
-6262898
-1648053
-5683416
-1265995
637742
1481730
-3611911
282739
224474
604678
-757081
-4092509
-632598
-6658813
762168
2864409
-3631016
2176287
-2080766
286041
105317
-3215281
435349
-5728170
-942118
-1842783
-3749039
2829706
-1346689
1560611
-1405869
262170
-3035268
-2236829
3841169
-69117
-1825607
-855975
-2886572
1625869
1656095
-5450248
3137863
-3264680
-7355306
-1714016
-536603
-2722170
-2133626
-8655778
-1905861
-2685427
1381165
-1834438
2855207
-2867405
-3543416
2341472
-4620050
-1644991
-2881611
-4104250
283679
-3091002
1553503
-5776063
-3048494
2472536
-236023
846091
-399016
-315452
-1297376
-6394882
-2301483
1984041
-185269
-2739151
507921
183638
-4881964
-4565566
-1257132
1187789
1578462
-1612242
-2364439
884113
-1819230
-4782132
-1705742
-3743066
-3079166
-4679
-2930231
813711
1392630
1963472
-892864
-1947300
47071
-29111
436912
-585652
-347612
798455
-1503381
-3408178
-5436214
1294488
1057395
-4111603
-120319
-1282964
370148
-3124257
-457785
536171
768108
-2725797
2225663
-325004
-4200294
-4275159
-319120
-875393
259829
623847
-196983
-243282
191999
-280500
-3047789
789220
717266
-4793557
-604383
-1489423
-2601613
-3394901
1984973
738582
-1585443
-1288447
-270516
-2938816
31603
-967756
-975744
-2424656
-3599254
-4997862
-1555775
-740794
-3510610
993596
1722640
-458197
1514409
2162070
-3699168
-345757
-2792919
852197
-4592980
-5812785
-3273296
2016949
197341
-2913645
-1482129
-9155384
289941
1136864
-3947815
-3617554
-4167514
-1680781
-334584
-406426
4993
1694686
-38521
-1721679
-1914465
113634
1185818
-2693221
-2249447
-5428909
1153597
-799131
839176
-5400818
-2921681
-3105644
506102
-2672307
-4129348
-1382099
674499
908431
60773
-129069
-2613095
463370
-4566898
100503
-2195298
-592726
-5574038
-3000181
1824515
-1133131
-1890638
1837767
898644
475026
2134864
-478457
1494330
-5991357
-1185926
-429307
394829
-2779104
-480974
-451504
1342447
-2231040
-960688
181382
-2467794
-2824832
103681
-131070
-4435729
-312048
1544912
1035487
-1968467
567742
-2810845
-1662600
-2491918
2373409
-4551695
730516
-3728532
-4595115
-3041980
-5125606
-614503
2681976
-4562539
-4907603
-1206172
-5351750
-4720439
1254503
-3465769
934943
256806
-3723402
242964
1535299
-4481708
993635
1835178
-1664849
-1955474
-125717
789871
-2708061
1069050
-3243699
2950308
-2987852
457438
-5009595
-3245169
-5332528
-357064
-1859490
-921528
-1786519
-685036
-1681988
-1676934
-572394
880612
-1191196
-408963
401318
-5184146
-5139411
826221
1042384
-702741
-330695
3266114
-1057763
-1721155
-349703
-843049
-1823048
-4261289
-830560
1011912
930169
548206
-208017
-4087604
-1724021
-437781
-2638496
2818582
-1900329
-306480
-1581950
-3767020
-3065469
-424156
221581
2824870
33959
-3687292
-7535234
-218503
-3965970
-2255884
2680830
1255224
-3238230
-3909502
-4466191
1634325
-589721
-1997492
-564248
-134310
2411730
-3058158
-5212386
-691671
-2513096
-1038943
-5498281
-4364858
-2500458
-640532
526697
-3903570
-3593546
2605997
-1498901
-2570887
-2009935
-923141
-57879
-1623392
-5024314
669927
-4668264
-1149522
-3740723
-3170893
520642
2751895
-450985
455601
-1471063
-449958
625875
-583188
-349147
-639597
-3009285
-3658044
1565980
1853584
-1048073
1528837
-351087
-3333237
-3902097
-1863950
-2263480
-2644483
3294037
2516586
-1603843
-2687731
2197579
1969767
1615221
1284802
-1890237
40328
806680
-5582703
-670218
-40455
-116102
971313
-1749717
433831
1397491
-190164
-1397422
1319920
-3760688
547862
-454832
-312993
-688562
-7514720
532440
-1479362
-8789337
-616138
1247080
-465179
-4377591
-964401
1312811
814507
-2335847
-244384
-3333673
-2871442
-1258787
-1268560
-1073706
-2703587
-7787637
934864
-1089430
-399883
-6933094
-5257039
-516097
-436301
2137403
-1040297
-851691
-1431064
-2105015
-1676263
590784
1911646
-5267284
-4947217
1025320
-2009763
-3516162
1246551
-7111354
-5329066
-712119
-5716857
642790
1496183
-155459
-2270419
-442035
-2090181
121982
-143454
-6134646
233585
-132245
3470488
-1530431
-4717428
4163788
-385992
-2007010
-2030916
2359337
755335
-1520311
-1304438
107652
-8280880
-2743371
-229934
-403475
2534442
271034
-6376764
-2786563
-2713944
2097256
-349167
241043
-891278
-3230215
2106120
-368014
-81899
587826
-690413
-1390288
-3344796
1670382
-2750590
-794530
974684
-2169686
-2018577
-5913576
-8321311
-4755342
-2761829
-457258
-337155
-6297803
-3071309
1589958
-836286
-1746256
-2690959
171503
-2456168
-7924630
-124440
-892924
-3069117
-297996
-268157
-59497
1495248
-8881730
-2672425
-1582459
-555752
488113
2209013
-2668826
-231577
-496731
2115898
371993
-1317893
-1060488
-4031442
-785021
184713
-1161822
-1483787
-2067923
539436
-93849
-451654
187121
-135021
-6240082
978612
55126
-5837457
-2847575
-3732611
-3530713
336941
-4143947
-64433
-2701820
140875
-262150
-2767630
981764
-1271186
297224
-2036326
-2041165
-914534
-5370026
-3132410
-223650
1760838
2371527
-1675931
-147989
-1101071
1215428
-8684848
2347275
-749011
2388225
-1775350
4285742
-1496709
-6245685
1025150
-3336982
-5200484
-5628091
-3516536
-5818417
342126
-6239066
2323421
-491508
-2664783
-2220797
-3510832
527484
1389422
-1993422
1020011
-615612
1901036
686484
-2812746
156657
399949
-866046
-3883221
-1842572
1663648
-3040434
-6780244
179695
3290679
950581
-155393
-3230954
531031
-2730842
-6599586
141179
-4783314
-1464191
-970924
-3549863
-626445
-2111676
-372418
-3044938
-913434
4025119
-1503817
-4845718
-1858500
1261225
-5849259
-1806832
-232559
-91795
514420
-115473
-616005
1909285
-1469883
-1793490
-1336921
1568571
-2022420
-4742061
-2090254
256985
456419
-2938223
259463
3189955
753586
-2812655
-291180
-1515846
-2025047
-578325
1215825
912576
729803
-3537413
77290
25986
-1713884
-350833
1628334
-901351
-4796669
-3612055
-3865242
-404326
294192
705712
-2765351
-4029491
-666665
1591476
-454353
375930
833977
955686
-5106175
-2254210
-3761872
4011353
-203123
3009941
-1757373
-1699239
317568
867729
-478203
-3309519
-1707199
-3258251
2469758
-4904193
-4428702
-6174791
1500047
-2773303
1476152
-2638778
713633
-1277215
1449
1309000
-2806033
-1105275
-6820090
-1653931
-8772
3651411
-1724041
396027
-2456712
-1643572
-727755
-6108703
-3952366
-5871486
-3035088
758515
1732408
-3991338
-5371786
-280558
1800000
282745
1009424
-823415
-211023
-2238443
920100
-652358
520288
1237066
-4162620
-1368465
-774388
-5032455
8019
-4679632
1156876
-1530702
1261415
-186101
-3301171
-1127651
-360940
1852300
-2592654
-1506912
57317
-5950385
2883096
-6478700
-3612138
484173
-5678693
192244
958154
-6487334
1389598
-401298
768852
-2161793
152250
-4672516
-4994102
-5665109
-4975194
-5215755
143551
-301349
-3067647
-428579
-1457564
-977490
-5006475
-326716
243503
23671
-2720987
-2936888
-6664773
-5485697
712501
-553248
-5423659
181165
-3223671
-334590
-3116212
1535665
1144564
-927508
-3315
514868
848868
2330435
-52752
-2697684
-3504267
605179
-1306692
-843418
3244141
-271064
383957
-872306
-2883999
-2527131
3286163
475120
-925537
-4539993
-30143
-349529
-4431035
-1102148
-5580757
-2488238
-2439096
-482309
-709091
-6751081
-4068950
753989
-2359344
-3479756
986455
-3244856
-1036939
-2633325
-490171
-4471894
24968
1581268
-5566184
603246
-1336146
-1007592
-4265795
-5098965
1021622
-1443982
-1495477
-5387378
-71512
-1166746
863565
-2372424
-1458066
-1762555
-7010377
-2872249
-2951015
-6889525
-2421296
-2173564
-1223489
674927
-912369
102635
1618783
-1902327
-6259894
-4570031
498608
2310609
-583180
-645906
-1532236
-850042
575781
-4515072
-1155050
249262
-1873681
-3633305
196589
-3584586
-3009206
-451909
-452149
-472428
1324945
-2197502
-2605481
-4428721
87650
-2514199
-1152993
584312
-1827465
-128764
-3571169
-289416
-5783782
-2201817
-4893030
1953597
-4005372
1969306
-940856
3399382
209323
-612490
782207
-4028274
62721
-347978
-4164850
155098
548102
-2340841
-6283713
-413414
275658
-392662
-294116
2504227
-4298145
-795347
1773303
344347
-2606229
33440
1303690
1746161
-829237
1015040
184747
-2666694
-4558023
-2272495
-3817125
2230674
-946460
110520
-3114314
-1279535
-582419
-2532133
-974910
-2390905
-933617
-2971497
-1703137
-458779
-2034589
-3994802
567386
-8413266
2384916
978974
-3288241
-7689192
-3512780
-7131390
1819333
-1172100
-4026680
-1029563
-2113578
-385454
218895
-1274782
-3259593
-7223818
1202
2645677
-993023
-2050376
15551
-3201998
-1770516
-5709817
938421
-1911070
317814
-276215
1915716
-106237
3372833
-2814953
-5277208
15090
2328482
-4798700
110549
-803740
-1661452
-2985040
862583
-254405
-108011
-753246
-236158
-2841936
-726580
-1585933
-4229279
47056
1579680
-1443499
-4141317
-490915
164035
2553073
2223633
1795607
-3798102
-2144113
-3541544
-4678726
-4221489
1086641
467551
1296663
-2736250
-1612190
-18012
-309801
-2927631
972349
-1431255
-697945
-725245
-2521251
-3688296
-1061037
294723
-2877605
-798006
-1045397
-805221
4068371
76846
512218
960258
-1305947
-4109538
793147
-6869828
46088
-1166408
1786661
-8895763
-503611
-2538642
-4720303
503752
-1894200
-459061
-4549932
-3782099
1010509
315259
905167
-1605248
1283844
1798043
597756
47946
-8032080
-2721483
-3474780
-2297932
-3653667
-5318844
121917
1665260
-136485
-2698223
-3228051
-5043945
-839737
-577686
-6896430
776049
-1831729
-4838037
-3639728
-3493110
-231970
-1395205
-2079197
-522206
-490444
1153921
812642
-6139819
-2935530
-1095681
639653
337951
-1182569
1493983
-2211289
179475
-382282
2268556
-1517977
-3462799
-4447850
2045463
822146
-1761670
27365
-1007126
-4454141
-4369592
-7244307
-1696416
1437352
568884
-426143
-1199251
-262354
3199076
-1300823
2264814
337196
636136
329261
-2517188
253167
-1774848
-3836652
-155941
-4691445
967608
-3006203
-4281232
-2924402
182073
78699
-1197680
-2391584
-834646
961232
84284
-2056809
-2201113
101408
1803684
-4019820
-1795904
-1412720
-333350
-1107090
-4446157
-2256178
-5254216
3390998
1912270
-155660
-1533773
-2473336
-581088
-1961513
-174336
2934527
-155639
293304
1529478
-1145435
-4803755
-2428151
478315
2317829
-3135863
-1380880
-3250242
-4698518
-1059351
-2153577
682604
1783066
-843287
-486602
-2784994
1128833
-330851
-2220658
2254477
44264
919699
-525576
-67749
277173
-3927393
-319734
-3643256
-508043
-775550
1949627
-432116
-46560
-3638203
-2242526
572560
158249
-129527
-4025743
1090187
-1422304
875319
-1385758
1686052
207824
557531
1300690
2563377
-234712
-1944145
894291
-1922610
170054
-834193
598503
-1680417
-671549
-2065006
699610
-3263874
-975077
1800719
-456849
-4478878
-4757943
-1832865
-602332
-897871
459803
582660
1220151
2599816
2071947
-957265
-1481803
-3305347
-1400798
371206
-6874828
-15266
871947
258547
-6066482
1793633
-5554475
-1061021
1073652
-2685372
-1008593
496562
-2432031
-6124974
4098584
-4851176
-194313
275095
884307
1171976
3365979
2862413
167005
-2769336
1748101
593531
-2030665
-5039583
-6439802
149135
-718185
301125
-1161391
447896
-7401510
-1407621
-4869200
1745956
-4052486
-4187843
-438274
-4160771
-1877135
-2377829
-2861426
3478899
2496285
-4088701
1814502
-1792925
-2533727
-345739
-3633579
1069004
-1331269
518972
-1284326
-3334161
-2939750
-907063
-790451
1427456
2280237
-26285
-2678916
-2509049
-2296334
-1542961
-4301743
-4974805
-606986
285348
-496968
305137
-2690410
-4453410
-347246
1128912
471282
849836
-661282
-5203761
1197528
-375651
-5359062
-4437938
-7646237
-2294729
837629
905913
-2372235
-739936
-4810237
1666056
-608578
-3072042
-610510
-1472718
404797
908261
-3085300
-2094032
-1582637
-8123509
73555
-247821
-456806
1749382
-2919616
-112545
-1196337
258378
-3616079
3262518
496498
-6498262
923703
-3987228
130198
138286
-1148081
-965704
-1553433
439661
1396703
-7331603
-621064
-4038801
-860751
-2526236
-807486
-711889
-3841137
-879756
1727662
305422
-3954462
-140454
2650600
-1713093
-4300777
-2789010
-4719172
40521
389482
571384
-1867628
227291
698305
-12043
-4310010
-4830027
-3481263
-2084718
-293625
-1187203
2014834
-2954214
-913817
-6272280
1267028
1478552
1247077
132611
-211186
-926439
-1519005
578505
-6121820
-1415543
-1274988
-7155150
295560
-772338
-3007706
-686204
-3092681
-2373341
-1611222
126495
-5450148
-1732009
-3870019
782325
-212226
-171898
-1790610
1427850
1554692
-2456789
1972997
2731395
-4605322
-3044869
-846390
-2553381
-4564575
1298322
45712
3242536
-2565016
-2745712
-82796
-1691705
1074225
1377907
1444406
172242
-4489392
-4745512
598137
2876134
-2895332
326685
-956619
3062898
-6632469
-484051
-1003701
-946829
-2943249
-3266730
-3092433
-1942675
2324574
211948
362652
1920999
-422798
-3200625
-461480
1298260
-1697330
-1266080
-2970449
-751278
-535474
4368375
1396902
-4407574
-3501861
758465
-8704179
-6023136
-2415980
-7211459
696191
-2692824
-215463
-248227
-5447597
1031571
1784160
488469
1720554
-5894335
619323
3774283
-427168
-3196418
702471
458027
-1377630
-5898535
-5493792
1969761
-1941472
-2398655
-35846
-4558091
-3869052
-560521
884386
-1226439
1262213
-2868122
-2555615
373655
350078
-1041046
-1547429
-1588447
-436041
-4239170
-4307185
1331755
-1814847
-759563
2467073
-1198951
-7794132
1283289
573627
106673
-1991880
-3119285
-4310370
-2758605
-2023137
-133402
-3142579
-3308577
-2227386
-2154631
1278565
-1487483
-1474615
-2783055
-231346
-1123445
-3303660
1699863
-1210221
-210997
-2127137
1376152
-815052
-2839411
2089774
-5947993
-27127
-1334359
-1518897
766882
125107
-2901768
-2006705
-3597613
399568
2445070
-4456528
-4523150
-285019
-1181026
-3616070
-1691356
-2080870
5008828
-3575819
-2066516
-1001359
1247628
603372
-698127
-6521902
1507876
-5054489
-2108518
-950266
-4045815
-1445982
-4400483
-2122723
-3794521
-3420325
-3567295
1028591
-4647861
-3186589
2919872
-4303387
2781468
1429808
2503973
-1233922
2527986
-808789
851913
-1836956
-1145061
104718
26881
-304447
1698990
-607495
-743409
1140489
143020
36363
-1247816
-67330
-4248105
-3424356
1535443
-5126023
-5038903
-726884
829626
-738470
-567539
631368
-7596615
-133862
-1914831
-1038436
479055
-4168023
-3258755
-4737572
-2969048
-7554087
2307720
-7306410
-762740
1294188
-719242
-3977773
-5450495
-49968
-1307786
-6003352
-5122302
-682313
-1569275
2212734
-2959538
50217
-306660
270977
-1827995
-1161011
-4020430
1279209
-149362
-2210842
791810
-1927229
-4283241
-1628855
328537
-6409342
-3004326
-4474506
-2646366
-643452
-4722549
3633511
-1122600
-354135
-1059521
1966839
-505694
-3347522
-5077664
-5432100
-2715035
-1252908
-4533593
-171906
-2902000
-3048094
-7714
-4859216
1033497
-1708650
1602947
479268
-2144143
-3484503
2232208
2419954
-2859119
-3073730
-631893
-4983382
-823574
-3043653
-3481391
-1326268
-8238060
-616328
710716
1049548
-150219
-2325651
-869722
-3923678
-7947288
-17205
-1169469
-1762037
-4418938
-1041617
-831850
-1776532
2923256
190509
-4661123
-3388108
-2456563
-1015619
-540935
3714284
-3157960
1313482
-3402059
733584
1927781
-4274568
1026328
-1411013
843712
-3910664
-2837751
-1838412
-2340431
-5672797
-1641449
-476819
1868478
-2387391
-2781932
-4977885
-3251871
1081028
-286981
630615
-2627120
-1045652
-4622836
-8024985
3128214
-3136122
2771333
-8616165
-3790295
-77343
-875958
417172
-751511
-6847201
331187
1436460
1911247
-272783
2378022
-2788943
-4498318
-3019690
554257
975324
-3168678
-953515
34213
1353133
-2470264
3590632
2728796
209289
-2609536
-230337
-3916195
-2619966
-1745326
-1106003
666328
-950419
-493932
2366306
294370
2040896
-2235882
-4685435
2506996
-2019064
-907231
-736699
-2582284
-2254212
-1405387
-1687316
-1061946
-6121759
-722661
-1783598
-1388490
312401
-1241441
-143361
1825081
1909968
-384758
-5452703
-4438883
348594
-1445924
-1555152
-1910816
-482701
-3535973
-1139164
-3586356
-5179405
2567902
-6026116
-6453775
-247607
1075550
-876169
-1586851
-15785
-965308
-1582810
-7532924
-1358213
479287
-5414853
-2718233
-241464
1329276
1792667
1600641
-3411540
736724
-8482148
-270927
309921
-288163
-352682
-761532
1673944
636050
-3580739
-1593362
-3205799
611710
250216
-2863250
14526
-206661
-1403058
634362
-1208894
-1734632
1038952
719711
-962816
1270059
