-1939770
-414732
-1013051
-424162
-2006735
-781322
-204498
-335827
-887228
-1120542
317659
723535
152472
1904954
705433
100747
113779
-1547095
-2508751
430231
-946794
55379
-758610
-670752
718381
900858
-950364
-1030920
-454297
-542314
-748951
-407109
1534948
112732
-698421
1148288
-858419
-455580
-1548260
-384208
-266583
1293433
-2408
-1417286
1640005
-487542
-966915
131660
1108633
-2399047
-136509
-1756612
-87110
153563
676276
-983658
1167205
-1777687
854918
-485473
-164520
-1167825
-141870
756332
-2272397
-638195
-838620
-781003
6390
-509303
-1788823
-659539
74732
-1252418
18974
188890
408738
1690817
-527001
-2241387
-1749804
-708638
-376224
-1697284
-1818435
834120
1211135
-10872
-61559
347965
-1089254
535352
-164853
-1141266
194210
-474477
915199
1112773
-860839
-861161
-1053937
-1606475
200608
404503
-1939870
1330367
-340904
-312571
-706182
-32574
-419944
754049
-1257310
-190368
-405177
155276
1622439
-661196
1384162
1285722
-2394721
106214
-69088
430392
26911
-1608162
312903
-141643
-344114
-168829
-694493
-2641542
-313841
167772
1190461
-649250
582999
-1397700
-2163335
-2034847
-662223
-467951
-773584
2906
828991
1075234
684527
45576
-1022850
402279
548236
-1271425
-24543
-627924
-601175
435291
-450379
-1120038
1062340
-606286
-58903
1009156
47577
-1695300
-1436890
-711702
-984077
-1256870
-40703
274132
-190291
1289427
444972
-1357412
307313
-1900118
-669543
995060
-1936891
-93603
-476379
-316765
-2318641
-2111135
-249196
-345255
-1429590
-699376
-2336274
1402
1048051
-946954
-744239
-794694
-952674
-27540
-1475811
-594523
1373183
-1145310
-758652
-353450
-936214
629507
818415
-1171963
-368856
-1580574
-2436525
-1093571
-1307589
-485304
792646
-1089738
145926
-1037047
274353
285499
-568141
-1734894
159837
-2246883
661757
377589
-673897
926308
-29596
83648
-715557
-240828
-613551
-1651748
675868
1135350
-136142
-546294
3400
-1291285
652045
1082499
700368
467229
-2195999
1584985
895610
-1618736
1732872
-523165
1284813
722025
4758
129805
928787
-1126125
-2263578
-1005329
-522617
126177
397956
-904104
-735972
836826
-1557760
-1564571
-878744
757443
369140
486969
-779376
-551639
1267904
-1189590
-827257
95956
-101963
387106
-946688
307830
-1290456
1889382
-922040
1163977
1139827
1383079
-815152
-1255145
-119907
-671991
21823
1192946
-2552262
-2076002
-824943
1485857
556806
-41796
-1379802
-344643
-1112442
-225572
1166371
-1279933
-722876
-158810
-171373
1205732
1837119
-717703
-127556
-161434
645307
915825
-653956
173814
900079
-48477
-2336825
-940739
-683214
1219543
1297543
-1817971
-623682
-1745651
153322
-741656
-2245241
-1335255
-1356612
202035
-504215
-1867082
185238
-466340
805233
-148465
583315
-139881
211665
-1275448
-453018
-423511
-343121
1126023
-111693
59763
-396926
-941359
8314
-305620
-325681
-350911
382486
-1344840
-891621
691704
-1434884
453729
-480802
-849501
-876506
410903
-292128
-1243283
-232937
-62969
1195562
64897
36163
-860302
-1841780
1264596
-1300680
936438
1329851
-639247
-610280
-1646723
-2344605
230048
-1667230
-220412
-30957
-1149269
478762
-581770
-884983
-726113
-856091
-2427992
-610835
-618811
-1404947
864969
-10331
-1405002
1103073
516976
-1086473
-1772366
317753
1461116
141100
722917
-142541
-785750
1037653
-1040125
366522
-2082931
-1187279
1581316
284240
-684582
194769
410758
-1436831
-966631
1312910
240157
484081
-470395
957294
-553141
693045
935388
1489759
-928593
-1462902
743169
-717012
-1790847
48536
-1420823
-100683
-683659
-1872152
452270
521735
-818332
-603463
1585577
207060
1012744
797149
1029520
1497834
215082
-737591
-896113
1200291
-2301179
-56138
7149
940992
1007767
586755
-1014106
981290
-161767
545632
-307238
-1013881
443039
-113274
-812993
505264
-1097776
152252
75692
-2430366
-1567924
578601
1384147
674509
-651431
-698148
-2223435
-85267
1170449
-1017400
-397300
771881
451349
-439910
305473
644551
844788
672122
-1661581
-1133788
-281695
397859
-423975
-556911
-240949
-1324767
587850
-912079
-775536
-721357
-1614414
-477337
-1697298
1158079
530890
-1546996
-1005626
-1592667
-1372176
244675
-833662
-882666
723083
-279824
-299290
-682601
-2442234
26314
252463
731594
52882
289381
-739199
-394638
-1664331
1315293
-509383
1170577
-955721
88886
-336131
1060197
-826627
-1034244
-1194586
-1546088
-1111911
-29127
1274011
178528
-2258339
455616
-1899177
-1331040
-1174421
1406703
-1381979
-1116888
-621073
-1618485
1216816
1039320
-849725
1757847
-723753
343215
200304
-324343
-707854
-42827
-2028556
1519474
-977296
-909677
-1991426
-1906822
-805865
-1189432
1359281
-1229817
-1131440
-1090046
-1051449
761085
-1980152
953733
-1419368
-291051
-1358269
1093545
-1392495
-1737067
710918
-2181930
-220442
1435725
-353655
191919
653877
-1264144
157398
-277868
-436645
-1061588
1094907
-1242300
331511
-1328753
1606295
-832111
-1257748
1208898
-1174880
1701343
-946326
-1029325
409934
-1012082
1285423
-1843575
83918
447062
174880
-2162227
1358248
-281745
-647185
-1648782
905799
-556523
-1861525
926619
-2339303
1416518
439506
-892723
-114800
-30670
-836727
-390804
-2070987
323887
-797081
-1146040
210767
-69208
-1961670
866632
-820964
-1696797
-894660
-303552
-1687218
886509
-109379
-2821849
-792954
740623
-960489
647610
-1551258
-1361779
191865
198815
-140371
-635630
-2089928
1426682
-186703
-2071770
-2108136
881178
191827
-7820
813097
34603
-1924794
1240596
-404669
-1346381
157648
1068019
549453
-730202
564422
725154
-1670110
-511460
34962
-734788
-1854539
-867340
-2004453
-2111368
-2316574
314706
-1457812
-1147280
4978
-621356
-753231
-52788
-607178
-1214149
-240374
792539
-90658
-1876646
-1488221
110715
262812
14338
-2091560
-1666610
165085
1276123
-1048966
-1716832
-883018
859662
-2279989
-816803
691354
-230142
546239
714316
-1416985
-1180358
-1046972
251195
-1174770
-813751
536877
421363
1323123
-388448
-1665809
-748848
-478431
-1001380
-1846057
-558665
230785
-1834949
31154
-1882655
-1310287
-2002708
985762
-1000794
-201018
-1576284
-388631
-5076
-537971
634278
1787249
-267800
134349
-986343
-1790810
-713437
-175375
477391
1718369
604496
-1613328
-106903
449743
194442
-1172012
343129
161854
-506226
-1498895
-821353
1202308
45029
-205690
-59830
77724
334749
147132
1072642
1160803
-535113
72859
183861
-1456483
-1604811
-2418469
-1900133
398915
1241535
1393342
-781921
166752
-1789865
1716280
-1114204
-1143109
-1520144
390935
-1211800
-193717
-921645
-570703
-1208666
-403703
476567
376491
535807
1131353
1040866
296116
-487326
987076
375747
-416426
1468022
-1901663
-719895
-228770
-1602366
-862042
-506328
-143753
1653637
-133546
-1500638
932513
576811
-1384016
-888004
-2001848
1949548
-568887
680593
1423307
-24805
-869130
-554574
451250
-1485075
-1706318
1121640
-1344583
-363745
201941
1129620
59100
-809228
-333284
143371
712845
-100640
-771782
-70925
1032429
-570818
418882
-424621
-619310
312237
-1452303
-550513
740124
-913530
-1077529
436032
-1459199
-599800
-778972
787168
-1685374
-828848
-154826
-248748
1077666
126290
334748
-347645
-274736
-2041877
429094
-1577267
-411296
-423846
-547856
340747
-2063583
-31113
-589497
-1490560
-923077
623826
1045298
-46146
1508694
-815221
106384
-2718217
-967179
522826
-683058
-1173483
249142
-1324834
-1087918
-1812169
-2041229
-672973
675645
-2221096
-1468692
-967648
-1493720
-1971306
-961034
40230
1629430
-1327207
-3396
686625
-1713211
-202735
-1110369
-1778299
1395467
-167676
-217312
-2468870
-2709703
-90329
-457172
-1224114
-27029
310796
-517641
782109
-1434814
-674257
-573059
408301
-823834
-474888
1143967
-24483
-339023
-7368
1128098
574173
228440
-426546
-535772
-900156
-1702475
-549246
-1878874
-132244
-453107
963769
346136
-2596197
-614119
-758882
-2000450
-1777418
570946
602686
-723013
91607
592855
489411
14010
-1405246
-1776855
-608825
-1024342
-1781614
614118
-980488
-281671
1195598
-124662
-2045838
-120975
1579388
-395949
2272391
-743425
-87722
-1834076
258325
128298
-209519
-27001
-567696
-189379
1455759
19526
-1234232
-429919
858947
343263
-837230
-1249543
800208
-305656
-1376032
-527041
-1796632
-2157583
548333
-755116
-1730398
-354857
605269
687341
-2331520
-916679
-1478665
128198
277898
-1212207
-388671
-1674428
-618560
874558
-394460
-1604548
524750
-129329
1371797
-962797
-776562
-643611
-1509722
-2094712
1715031
289019
-1849329
-707644
-338996
-818628
-286991
-541383
-515527
-1398699
-303032
-1581359
-1144869
1323
-1768614
-1129634
1175638
9519
-717397
-114058
-756380
-2121232
99690
1225741
-1397343
193757
1065439
1564263
-2184780
-874955
-11660
-1683583
-1902629
-1488847
-2503606
1293039
-143710
-1166000
-601213
-848650
-125457
-2001477
-2097105
-685928
-698927
27743
-1087951
825649
-912652
-413150
-1215502
-1556090
-290281
1488801
103414
-864310
298563
-265429
1402206
-1707011
-847499
216643
-1680641
-1506869
-1695824
-746790
1573053
-859537
-776283
-1348043
-285837
-193755
-1321598
-901764
-1127682
-1859566
16618
-966994
-1279757
138503
-724358
-1403719
305136
876294
-1425179
-1068369
-2579165
-1155104
-1522566
1339135
-2082665
313953
-475721
-308763
24634
-2058829
2351801
-1429543
-2242850
1527656
1004132
-882804
1058384
-1127308
-952053
-603644
-348906
-1413817
-2742021
-1938066
-1505526
524986
-1580680
-431524
1455220
-1898960
1449127
997051
-49360
-255246
-1368465
539064
-621903
293343
336403
-1070235
164549
-748310
-1696033
-1602317
-1383775
415297
137061
150675
-747874
-33038
-372889
518684
-1310606
2300988
-766594
-836293
-387795
343066
-914566
-1144806
590437
-1426657
-915203
1332729
-1449087
-760794
42973
46340
-1180195
1169691
1458444
-876136
-2212069
28910
-1260568
-527213
-356954
-920576
-191656
-493033
55898
429281
783858
-1138446
-2974064
499525
-543524
-611543
-354069
146992
-788888
841050
-773819
-1055657
-502047
116080
302924
1868052
1229667
-1403688
1989908
-56159
-1701167
-212400
-1118668
-1840474
-1655612
-1012672
1224024
-674683
-1839593
857138
158697
-1151971
-1923590
1368080
-1362136
116102
-552608
-926413
-1335649
40996
103781
-583010
1389184
-409561
-87239
-1659253
1003621
30934
-114275
-173291
-361318
630013
-1581448
123205
-956006
-2350071
-1611446
-1429599
1396593
990212
-953436
607459
35504
2055679
-36392
-342403
349850
-1886866
-470851
-641921
1410120
-1794054
-629140
74772
852460
-1901041
27010
2100445
-1429936
983834
72381
637028
-975513
739804
-890625
-679991
-1224253
-540284
727846
-1018702
-2084191
922210
-1067032
-742266
-2424370
944417
-789931
1683706
-379355
-304465
-744097
-971767
1399938
-352881
-824031
69558
-2135537
-449131
1759646
1675483
1493804
-2329833
289625
996332
786193
939538
1275812
1356374
-2284088
142587
-973840
1970666
289172
1413847
-1598905
-1399392
-2320759
-162342
-558417
796378
-601168
-1206962
715888
331956
-955797
-529414
-665836
-2123283
-193100
-1222962
486218
-731770
1532666
38531
-983734
410607
-1668449
-513573
-1394355
-1325040
-1056986
-1157660
142017
-948766
-2016417
-139414
293756
-632901
-909723
-1959774
-237668
-439186
-594235
-722029
558410
-1583445
-2127499
-868877
-1264990
-1059969
-849000
8007
-1260998
-502661
-934662
-2331143
-828931
-552296
-189035
-1956352
-312895
64170
338344
-2028048
-1460455
-1081984
-72818
-1747449
29084
685290
-2344168
-92228
1548821
1162744
68964
-1141361
1363651
-1854029
517790
1527619
-275801
-459730
-767977
198429
-2132
-461183
38810
-293426
-1091310
-2287437
393254
-437516
-431516
-699721
-1950043
-2018131
-99824
-666495
-424787
-1618804
857133
-699822
233970
-868366
-1864963
-797447
-81443
-2341621
-710793
-221824
-877060
-904994
-2422042
-1815656
-296052
703967
-176016
1319270
-2402321
-1620002
-1789680
-168858
-508708
-348066
1237526
-292534
-1536345
-1136256
-169458
-1014384
-1753187
-1499415
441709
1689070
-1040915
-1499260
-1034338
1129825
-1025963
464257
756564
1053980
-344725
-1300532
-1729893
-853312
-1583039
-1405979
-1143690
734435
-1579222
65328
-909868
324329
-163373
32425
-446544
-633949
-919833
-1798620
-1880732
81737
375531
1641679
-1147146
393311
-558816
-185084
-2383143
-1952398
-822080
51833
664368
-1608338
-280239
-15816
-27395
148745
-1027065
135299
-2098966
-613061
1235703
1643882
18324
-122005
716238
-83232
-1768624
764446
50636
158679
-1749485
833565
-2135509
244652
170394
-1213594
-2481735
-78799
131455
-2011658
-1074450
41884
-221299
-801338
159751
-76978
-607347
-1155104
-831785
465880
986661
-1347173
1380548
-142192
1162805
322165
335841
-1319026
634266
-68154
222056
-1885834
-1896481
542756
-1082656
10465
-1371404
-931138
-1002244
-554316
-1212089
-1512378
-1780460
91459
163140
-1583778
-770408
-1056981
-505315
366006
594474
120235
-719947
37884
-2270688
-264727
186539
-537670
386310
-829219
-535354
-273177
886319
583805
-2257587
-777960
50056
114824
-2419425
-322863
-883829
1002923
-1035896
1916956
880430
-1289745
781910
1176760
51818
-1414046
285980
-925780
-333607
-1427608
1385597
29151
-2091964
995305
-433190
-2436699
613883
-278990
-1661784
-1811122
277404
1364807
41093
-1640600
-2658387
-2187214
-718180
570844
-159668
-2248203
1629844
-357628
-847906
287738
-660124
-1023583
-2107213
-199576
-1110916
-1394798
709230
-646152
-1030261
-1772656
1353064
-1011459
129341
-2568857
-131684
2165181
-217037
190216
1466549
-453192
379103
-1151319
1117380
-1977463
-395246
-734164
-273731
-704175
-1555124
-505297
-1634389
-2492425
-1465447
-722813
319202
-144742
126474
524658
924105
2063827
-2735236
-309611
703831
-99744
-350714
-469623
511140
-1004211
1757847
-1323279
-683711
-652266
-626209
-84656
1261261
-655089
26480
1772733
69336
655914
1009810
-461981
1371147
-440189
180152
914613
-1486783
-565732
-738435
512380
-2114990
-1904312
1380268
-858893
-402032
845544
1231969
37404
540942
510155
671849
-1227113
-1839384
-120797
29338
257680
830525
-205767
-1412378
132502
-851014
995129
898221
1745837
-819494
-851250
-77041
-1948457
-908556
-43815
-265555
-1726235
-327203
-936685
-520668
-1099878
-139749
-612611
-1219239
22668
1217922
-352210
144440
-1802261
-1278925
931985
1175089
37857
-1810343
-1608772
31796
-952945
-2507716
79330
-876994
-2131667
-1978945
-117946
373375
-759957
115991
-439423
-1311308
-72877
-1118266
-218870
-2239503
509907
-212738
270971
-595062
1458557
-403091
-685667
78481
1566592
1319589
-984135
318210
65363
-1366120
386068
-678851
-1446277
-1000521
-1616345
-1135061
-759618
-797311
-326142
-1005870
-1464300
-1342223
-470234
924327
-1191994
320967
-1775531
938404
1537342
-1014041
-424972
-656971
-95657
-1530075
-1159387
-307029
-1035971
-993058
-1440079
693398
1699737
-1728501
-136324
-1092851
-119579
-2120393
-780260
-196635
-1049383
-354038
-2366559
372536
-266228
-252326
-871430
-1144490
-696544
-740168
-604183
-1248957
45505
715282
-1492579
-724022
606364
-367842
1300265
-925003
-13317
-1044322
-660865
-771854
-892951
-1373596
-1549679
-1727242
-166106
-1017916
-1456680
1198289
100266
-1000964
-748422
-622370
787067
-804250
253109
-1222013
73787
-637755
-2582761
-476530
571811
-622776
395409
-1835558
954237
-579951
-185030
-2302710
-1079337
128523
-1346103
-487435
-686846
-1220980
520422
-57477
-1395280
-2953866
-728763
-1499587
-1291732
-951002
-724735
997308
-1405420
-589478
-208895
-89889
701165
1480161
264187
-540547
-981761
-413785
-943779
1021398
107818
-690195
-1571318
871883
-567300
-1209132
-1218014
537750
-419130
-1252043
-1057084
-1662687
-1260212
-646919
-464016
-1307029
602216
-2890
1527800
128579
570703
-480976
-2499530
-115255
-1399675
-326796
-2652399
2693
610807
729233
-1675017
-157637
273274
-301978
753603
1310423
-1034097
234829
-901193
-912971
91871
-88854
-567671
443216
-926216
145159
582554
-322546
-79625
180011
-165794
-628508
-1172480
-541207
-1141708
-2079755
-1558383
-541785
536851
65219
118410
43514
-1920424
-1345177
-1450701
-20841
-988610
-760521
-1034980
746343
-2144096
-1059640
-519884
-1152336
-577895
-2189910
-137790
-2016792
-122091
545785
-124350
-11719
712354
-401180
-406892
535024
765983
-1807560
-1922520
-2244971
-1595981
-494937
-1539538
161709
359833
-1341160
-1178683
-224158
-851895
542873
100174
389756
-568146
-1850874
1425060
-730892
-1188564
899155
425942
-1289742
-1227553
199438
275506
-236143
-517107
-506580
-310664
-1147796
-1846088
-1879373
1512569
-380827
-2271480
-294842
-1911029
-1643917
-1142834
1776722
107622
-812112
-435248
-708394
-1082102
1303052
14329
-1966378
-1486396
-2202113
-2647557
616451
-2383456
445173
766939
-589141
268352
-2096241
-484482
-1568805
-227367
-1407985
-2467823
521904
-1257963
-78237
585607
-1274616
-1201448
-2249278
-818368
-780294
429804
-186405
1608181
-193390
-1582123
-2523775
214893
-458419
-572899
997603
-807446
-1493139
404333
-1216237
-1286239
-1085326
-965693
170028
1535389
-2245844
-76519
1568430
1201604
-652642
-1302770
1057757
-2411265
1117394
-1149
-1833615
-1189066
-1790159
-66386
-29236
1362519
-1371651
-1686933
-1879233
955995
-1498157
-1044981
-2077586
100061
419622
-2161159
-583189
-899374
-1337685
-1676576
-646062
-45451
-2418916
-1795812
-724597
-1407982
-1299424
-1851118
-2626800
78489
76571
1424
-958792
1729239
-879989
1211470
146646
727366
1502767
-1157883
-693243
-1611573
1065962
69005
71755
-197316
18200
-1464786
-135991
-752386
404061
-1943424
-42001
1852154
1409770
-1359197
-18468
634307
-630176
-625847
-1540699
-1224303
-218108
-353523
822270
-513835
-143824
-835338
-517816
243983
-1610522
21371
13698
201983
-97993
-1189827
-1258176
-2495488
-1446787
202705
-711681
160712
-1764594
-2200731
-237511
-1515415
413495
-1057188
-874189
1096639
-608163
-1356611
-1024563
-522646
-197472
689829
-2241701
-1520437
-868065
279532
616641
-1555698
-1406197
331409
-1220460
-1359667
-472305
764544
-2079412
-824449
-701411
-454291
-2424371
1213646
289297
-1510314
-731760
-254993
1459785
1244610
-2029357
-1776430
657117
560283
1516972
-746806
-770817
-1746718
-1333337
-446029
-990535
-643959
82051
-619175
-43798
-95955
-509588
-1756699
-938840
-1594712
-932229
-1332722
-916790
-526621
-1262817
-234023
-1286434
-479272
-321165
628872
379135
-547714
-735521
1762058
-699166
-245886
-254588
431464
-267163
-1530712
948937
-655773
-1010679
-1700829
1507126
-81748
-1518899
-727166
-1962156
106648
1464891
-284022
-215525
264112
-1490064
-569490
197613
261646
790101
-2083093
-1679184
-99744
-1020273
-1788199
-824245
-534798
-1027843
937785
-1479031
-1092265
-2593269
116105
-1149319
165054
53596
-1120985
568388
-112415
-41090
-1823583
-2050774
-249190
-961647
-1067183
-1359224
-874629
438702
-76831
110920
522731
910426
-2812237
-416141
-1767182
-2548861
752613
-992182
1317237
519396
-2328780
943631
-1602087
477487
22542
-1222528
-620751
-1382741
493206
-2262690
-266615
700282
894315
-528613
-1147124
1226305
-1588590
-1002856
-621409
-776978
-1715597
275017
-613670
-854045
1153032
-988256
-145179
587250
-1642895
-128342
35196
-139871
-1850001
-47476
-650561
-1841079
-1090800
-1245462
319210
-83368
1252247
33958
1848065
-1812729
-1588050
-1667089
-291972
-640117
1909576
-2109983
-617206
-1937009
-481034
-1809986
-2211034
-1520483
-772173
-885615
-1184854
402246
495043
-1839815
829206
524799
-1467976
-1129295
-678573
318567
288030
489007
-633319
78944
-356900
78608
-849316
870911
-1553028
-1008241
-1517300
1076996
937627
-92378
-2025629
900097
-865967
283061
-2090433
-572029
2198491
-1088245
-777178
222904
-609720
304960
1675483
21997
469836
462551
-1357352
-469014
-898014
2366536
-2246877
877606
-873171
-194870
1426292
-1719781
-1054390
31028
810547
-628692
-1943043
-786889
909868
-386931
1687970
-2016989
-568453
166904
383100
-590445
-2012597
-1005836
-1602372
60932
-441812
818420
582388
-730540
-640325
-1339333
-1416321
-848330
120657
-1783269
-313585
-2042686
-450740
-1659166
1167739
-518949
1376245
-2258749
-711346
-640876
-1314245
-2381138
-805341
-210114
-189027
800700
-77459
806364
2102382
227327
-1819771
-1563589
-712857
-1832594
1236150
1110818
-503506
-2120944
-1728829
-717096
1139139
-364216
1648983
-2071777
-12171
778134
-1172387
-130653
-834180
1462826
-529641
-21903
33785
-714461
-655546
-1318796
502631
-30623
708403
202329
-1950904
-485306
396508
319800
-1944807
1323166
-2267107
-557781
-518418
713032
-818564
-412981
731174
52461
-280442
-1508770
807188
-2595509
-1413229
710545
-1379579
41880
-706543
-133782
860992
-313935
1261544
-1635906
-1112289
-629048
-353176
631577
13685
-2218730
1140420
585558
95995
-335106
-377175
76886
673848
-938985
-566609
635599
-875473
1279123
-1228071
-2221858
-506806
-889075
-157843
368584
505118
-678370
-178745
-1436981
261129
-746139
-769156
-1742136
-1271091
894607
-1668488
-875910
-674654
-21082
-2279147
-1809259
-2094685
65746
-745987
-568380
-2566268
-277585
-2580962
-1174468
-1529430
-117769
941397
-587810
1743304
-606292
920800
-1697897
-931307
-1038771
-724764
-903350
-1141351
-869263
-415678
654437
-460900
-468510
-1836467
911335
-552887
-780198
1491785
1067889
-2219913
-922120
-1763479
1776118
1123487
-1789532
-702256
-165959
-397987
-1945276
-671570
1690151
-650758
-1516953
-471682
-137775
1605038
-443845
-141047
1153631
-618429
-1887535
-262506
992201
-425885
-1102236
-1247226
604675
-1026168
-209314
-811047
1484808
1261679
-1433948
107545
-597968
-287479
-1021207
-196051
-748167
1048826
1603290
872752
-1489585
122118
8584
574349
-477700
-308924
930535
-1344047
-717921
-585982
341561
-187077
-175529
-919152
-844058
-941131
607242
-803512
-2499190
-745546
-1187494
-258185
-13546
-1655673
-1229226
982781
-57440
1650229
798012
-2273819
750248
532543
-313697
-2371150
-2261131
-825553
-1303187
284125
69887
288202
-432737
-184269
1490550
-2219623
874221
626931
-265704
517092
-1568945
-1315422
870461
-1269448
15516
1463827
-838175
261788
1392288
-879537
-132134
-455478
-243756
1251986
-1717098
-442415
89053
-1340118
-1830043
-389276
-1312255
-1808065
-799277
259199
-601393
-961164
-374599
-832405
-1843896
-1676728
1059078
664121
-764527
1589818
-1173013
-675639
1885772
-1514445
-219476
-1688778
-958050
-131902
1529482
-1687156
-228754
-923786
-737840
-865075
569356
609745
-2058608
-1168193
-77078
-1048844
-1066667
-70947
-313769
99810
147940
781914
-842848
-995651
-89133
590606
1283102
-27130
-492491
-233194
116302
-863994
-1016059
145567
565707
-1436311
-876023
-1979288
-1412766
-1179583
-2293553
-1584666
-1427285
1278751
963053
609862
-1655849
1210917
-253037
-495796
325257
1396969
-1302102
-511497
76119
-160421
-1701454
-1951113
-672421
-2094767
1142975
-574484
-849105
-1604259
-1216981
304315
-1015887
-1341453
515480
1368032
214769
322778
-541194
-25238
-981662
496713
1015396
-1446076
849262
-1565845
828452
702148
84756
-1540584
1553567
10762
-608423
-2515057
1885463
1020173
518999
-165017
-2109968
-537373
-1607809
-1091322
-1585730
1529127
-186763
-576673
-415707
-194269
-135593
-529331
-1850530
-10740
-990129
-544337
-1925111
1200232
1811093
1086810
-1561848
-819795
-161944
1320871
-109681
-324902
-486244
-507375
-2226463
108644
-64883
828460
1867431
-418249
-510117
1412415
-2383395
-959759
-839272
-2311723
1432323
11034
-1081989
-100376
1580509
1248468
1746380
1113562
-619845
-561976
-395412
-678282
-1313576
-2278821
300513
540667
853599
289432
-1314461
-911659
-2164628
923187
-203734
432780
-569820
-422435
-1006695
-412484
1379677
-1562281
82086
-635947
1454689
-829016
1527095
-125051
-778294
-243354
-213644
-583686
1281809
185086
-92256
41164
-1618411
-773936
12052
274735
249774
-350024
-1310044
-915370
-449949
1293990
263508
-821478
-1015441
-318295
176430
1135399
217131
-1166974
826228
-2643538
314091
-765414
2309392
-1050540
-2490499
-1019781
310663
688706
625373
-1765009
-1667067
-422530
-917441
7616
1169968
-968885
-2754788
-1905214
590996
-1655762
-329144
254149
1316942
-674775
-20341
1373535
254118
1747915
-2288877
60347
-1588743
212770
271700
-1223477
-1482504
-1909429
-406189
751770
-1556261
-417951
-438451
-1402966
551965
-164895
-1879474
-223625
-600554
-561866
-144285
-104181
958815
-979158
2197061
1031889
-2949552
-654761
-584714
-653459
-341045
-1811324
479174
95347
-993847
1407447
-2350303
865705
-1743206
-813807
-1191167
-405325
-1080812
1698489
-770332
-905864
66791
-983576
684956
244154
-2207917
1246563
-1872464
-363466
1895118
1794109
-1099489
1103690
-111621
-211482
282331
-1780235
-2298597
89685
626190
441569
-1212870
-1560425
-348118
-1328743
-1115178
-1037811
-2057384
1481074
-796272
-938914
-1005526
1413264
598509
341636
-1628685
-2136178
-1488320
259079
-60742
-1858891
196037
-846384
431694
-1402225
1299387
133534
-1221172
-633110
27347
-212905
-825723
-1755143
-2396283
680286
-187862
-1114742
1234517
-901278
2208
1797419
-959927
292216
1408626
1086476
-264025
-1896115
-459068
861566
-1170374
1498883
-803471
-597001
-708870
330323
-1265859
-2237007
-1138427
-329861
-286863
222966
594176
-1853021
1610473
-18519
-1276469
-128843
240586
1187662
-1319934
1964900
206503
-566264
-596087
660710
-2053914
-926705
449918
32786
1429712
-718822
-1009394
507910
771052
496909
788700
29556
-1995505
-1241398
-1178925
-2271621
1994136
1100214
-1258305
-356119
731124
-225811
634795
-2511843
-354971
-427024
630280
-547794
-700106
1350895
1190942
783270
-225540
-722598
-297318
-1568135
-447556
-191354
-541051
-1046594
298435
1140700
-1103195
197224
-370996
1198778
827220
-1115852
-2339113
-837276
958428
-202041
922892
707325
-20298
-122354
23588
-879269
-2241902
257767
1572303
-1396451
-1416825
-494997
-681793
-169342
-560499
602239
-1517667
-482617
1317250
-1025054
-2044237
-548225
-2392925
-1696194
1223209
-203734
2984
-1384894
3071
-741309
-214503
-1319770
1115105
-1756958
-524341
932318
-183931
1537004
-535858
-804041
-1762235
425515
-558601
-1518532
759215
323047
-384219
77189
48016
-663194
-71481
198693
-1330764
1386490
120579
50544
316514
-507733
-1410844
-29870
136940
-1158233
125044
-86973
-656858
-559792
-115699
717418
562271
289375
-454488
-1840222
139555
-384924
-1070423
9909
-852950
-963119
832243
442482
71803
-2179304
-890976
8271
-2106392
-550664
548056
-1875052
-1155765
-361360
-445024
-1187888
-809092
633118
850331
-652799
-1029546
1266997
503514
-1105642
-855396
1095435
-502098
186516
-248313
560046
-1563546
-1793556
974773
1458134
-623629
1055185
1207021
378556
-2140051
-187030
-2249884
126964
1391597
-1004660
-704705
-972818
1046948
157244
43083
-1155742
-787039
-152613
-289175
-2143727
-993325
522420
585170
-368527
-616710
577186
753404
1024269
-1360943
-780739
-435205
-2187504
-58726
488860
-1066979
-577681
718756
489738
316747
-892073
-588506
495113
-1528331
-1317431
1344564
-178626
-889089
-878340
1184021
-57510
-246863
-1939102
-820550
-1304156
274338
-897324
1111015
-1081947
462228
500683
-1002221
-2214412
-162053
862086
1386774
-1088627
-1271494
313953
-716336
1494671
-1332343
27067
-369273
-1262497
971202
1048434
207036
1884180
12671
215668
741690
124949
-2267956
229456
-2133513
-312152
-106834
-1868659
-52371
-549293
-1203155
471624
-835269
63640
1026082
-29884
1733391
850961
-616564
-1653418
-938676
454222
757209
557442
-948477
415436
-1488490
-1502017
-945011
-1240463
-497761
-2373121
-1882342
-591336
-679218
-1817745
522471
110943
-1502277
70452
206524
-1654220
418707
-1111031
849613
-470821
777256
-2027100
-117942
-658714
-1197061
-307790
-331434
1075952
222313
156687
-750997
-1611071
-86137
-227979
-353632
1601846
-1984
-783831
555781
592736
-464153
-154122
-2368351
-346064
728053
702547
-531235
-1970991
-980679
-556245
648583
1176868
-1020432
135308
-2359310
3826
-1595587
-403861
-748556
-2085944
-90690
1211129
-1936310
-373262
-787824
-194401
1329380
-127304
-590560
-464163
-1589921
-120689
805646
946251
535531
-1441965
-862212
-2081073
628557
-587224
-1731339
-709049
-424231
747857
-2353048
-2429896
-1174232
-554663
252439
-775793
71530
-197894
-905636
927683
177881
971777
-639067
355102
932232
-1304499
898880
-1309128
-269582
1151554
-899754
-1348566
-869843
109068
2015114
55348
-1074687
1191030
-402649
-20179
-1100150
-1268909
-1617300
-339337
1289543
-888440
1313115
166021
1419916
75609
258352
-836048
-285735
-1346911
-520572
1143065
-1163600
203586
54672
-1257128
379714
-2059763
-2891326
249163
162562
989803
-473416
-78774
882498
965506
438289
-434847
-567086
-193649
1493961
330396
-86684
525325
-985418
-992102
-1193732
683649
-612110
-1068167
-1303749
39899
-784595
117105
-458404
185397
331209
-264266
1599054
-36960
1214200
-575197
902044
-1026554
919396
647352
451803
-2379257
-502484
-629592
1551719
-715308
-996692
617001
-399065
-1674450
-1653758
569568
-2164198
-2217700
-679218
107075
-770940
1530910
741611
-1705433
-1053667
996832
383068
-2151843
-923149
252713
1846536
1671674
-600134
-494591
1681929
-279767
-193659
-61770
-527373
-1547410
-1018115
-1791538
-68774
374627
1881592
-1589288
-125002
-477340
-404866
735885
798030
-1788544
-2038441
1081105
1091344
-1560051
654517
528185
1253104
-1420498
1550283
876640
-130631
-711283
-1677817
190989
-965601
332420
-542077
-33883
105029
973312
1237955
1762972
-341920
-447859
-1762306
1008829
-251269
-1854545
74375
-2433489
-800606
-1067358
1226329
32794
-1016028
1434556
-858801
-1233096
860095
940253
432898
281524
-641623
-836036
-1305906
432356
-622826
1128223
1078730
871417
-720960
-1772691
1027729
-270085
638171
380008
860496
-821288
-1366304
-332829
624804
-966469
1744060
-642739
29193
-980290
1038156
-799940
-132505
-177538
1475480
-953495
266751
-1025729
-1430814
-928903
1197025
-2000448
1148997
-476557
-770862
712965
1741415
-509367
920004
137923
-2047579
-339863
1376187
-1326827
-2073960
-277810
-170260
1312067
-2000180
-261145
-2315172
746101
-896561
-859366
1169719
-1785549
1665879
144986
-891026
1004281
52747
-307730
65932
442620
-1620510
955279
86880
-1497432
-411339
-1317604
967199
-1079491
-2312730
903016
-794673
392579
428172
-1112484
-763566
-1334124
-363637
-846789
-534456
-851187
-46408
317114
1542841
-608170
-2047767
-412872
792560
-368328
98586
1250866
-198251
-742994
-1240706
57606
583465
680325
-1162975
-904097
-380915
272548
-1064433
-1158980
509643
-444018
-1125071
-245744
-2228531
-1044035
501591
210829
-177012
-2170216
259878
-2081669
382015
118737
254170
47168
-1781539
193736
1411053
-417207
-2293389
833621
-231805
-1855056
-686595
-1187329
-2836584
-338084
-531741
-190764
520488
-614269
1046275
-1090206
-358718
-1331338
-294448
-832853
-1162417
295251
-1050216
-620022
-567833
-1443980
-785458
1338632
1173352
-1351631
812921
-1315530
1384429
-2578772
258909
-274218
-821864
1295111
636772
-137293
1221064
499673
-913700
419140
70982
-2168326
-917329
-896604
-1519986
-123189
544051
313596
-482610
499999
-148179
-2139009
652358
430503
478773
112685
1092591
84619
535461
-384917
-2134580
701866
-851406
137407
141289
971277
-277358
374879
248082
754822
1847212
-1766717
-1349635
688267
25994
278678
-1205779
-187755
928255
-1605486
146354
-676467
-1689776
-756158
-1730700
419065
-680173
697282
714073
-1474141
-1238196
-391845
-601038
-1391619
1385468
534063
1603617
1071593
1185059
-182869
-1786765
-1174185
-954770
-1136049
-813854
-1558494
175524
1187958
1061164
-573949
855864
-1632684
-2319683
1237704
-1613136
-615912
-1284378
-1408250
-1896976
-952998
-400611
-926458
-401360
-552880
1024211
-1177750
257653
-1523314
-809852
-1986547
698414
1500195
674484
-1978224
1953327
-2007897
1416533
156357
-1039759
-989910
436652
-2293407
-1442078
-1421699
-1782529
1155846
-312497
-927518
-311569
-264526
970939
1089714
478973
544540
-1397787
213312
-385357
186012
-2118660
-1862496
-787717
-1378043
340616
-1852467
1070669
1104065
157697
-221940
223009
41
-1113218
-634849
-928507
890249
-2377483
-524679
-110091
-34762
434501
169016
123230
-380620
-919250
-1487910
-1423341
1148274
-1504701
30972
-1488032
511007
-1742098
1030804
555586
-324635
-841600
-728338
-1792332
-453618
911089
-984675
-846083
1212840
225814
262551
-920920
-416781
-2328660
-1900793
-555646
-91141
976770
1155878
-30791
-88598
1434070
394072
626930
-1100526
-131190
-671033
-767470
24313
268318
1224206
-1182872
-765731
791486
1770282
-1918532
-1374873
-1739424
-992070
1481432
294293
-1315688
-689263
-166851
304699
-756664
-832448
388864
-214452
-474039
936919
129148
-300540
-907278
-710515
-2647732
-1061378
-1937256
-2426622
478044
-1363855
-96862
-1526340
-101243
-14248
-323530
-1226580
-2084560
-6594
-528599
-639380
-771317
68915
-893475
-169310
-185019
-1580385
-1074039
522401
-551187
472772
-808623
-510457
-1829119
17992
541863
1028062
4708
-928843
-1964717
-1311127
1111401
907117
-1875107
-551762
-102471
-132388
-2093627
168839
-1402523
138231
-1035489
888890
1001492
746546
807442
-221521
-2477052
-397700
-1398045
228503
265937
-1712800
-582352
-1810203
-1661353
49925
-1255684
-1312334
-6977
309991
-1101897
792946
-1104572
-2063495
-739557
-843548
247456
-663733
311562
-1362283
-311937
573251
704177
-74326
-549609
-673971
1127695
-361598
1582401
228604
-1596206
-2042337
831682
-573159
-1694749
-659623
-395600
-177503
1168135
-333013
-693339
-929147
-254282
-64245
-202447
39911
-2559349
-156828
956323
-1591145
576697
-757691
117979
-83570
20142
524097
-1664950
-398797
1152489
-1095781
-279051
572348
-1598203
-301874
-800784
-562765
-1369689
-695453
-656448
-928714
-2070554
1541506
-315997
-1499137
104251
1884647
-166010
-588388
841650
-496633
-358153
-443106
-267954
-616561
-2209427
-1881582
-182016
-2062617
-2416080
-464968
1329680
-210557
62531
-72017
-421705
-718706
1408480
-218091
767921
-1373130
-483325
-822592
-1299220
-1002554
-1026676
445680
-1509859
983500
-848617
85075
528577
-343335
1398561
643813
-710375
1017673
-2015715
-1416271
-1707256
158372
-587147
-33712
937275
-177984
-2040154
-103654
999957
-818055
-61901
-264502
-1298515
-197709
-2224136
-381604
-237149
507900
-778401
1245436
286195
-1027077
-105138
1327625
573516
895397
232803
-252023
1982618
-2146535
285884
55777
-814630
-25242
-578086
-1323463
643007
-1240731
-1645503
325866
199314
164448
-1110855
-1943831
-563493
-745043
528443
-605486
-190246
814294
-874437
1041918
161891
-1825056
-1286674
-292524
-1387836
792899
-320789
588008
1622146
-296886
1457698
-1377779
281350
1280807
-1187815
-2065786
829405
99121
-602562
-322861
2023346
-2566276
-1176154
-853790
-173131
-1706634
-358340
273927
-184733
-1452125
1190026
-1043461
-844522
-934982
-1285763
-1237987
-155130
1230896
538692
-1974327
740031
-325489
845044
-82685
-514926
1023701
206593
-475465
-873350
-508246
-1255117
1325635
-1634687
863032
-189911
-1242372
581392
-161109
-1245560
938747
1186675
-542332
643630
-1654854
225447
-1546590
-273497
-731283
1079848
-178946
920119
540004
1899047
-728882
-1034693
-869390
-62195
-1535504
-1610018
873252
1499571
506370
-577545
-550306
-403928
-2303232
-1685819
-520660
-57410
-1887655
258796
-61894
594900
1057777
1206062
-1452045
1100941
-2753278
267782
-165326
1176176
-331568
1093
-483151
339756
-919224
291455
1961602
1036493
152217
135513
1596114
140529
-1502135
-1375382
-381743
-1586631
-120931
2201792
-1836526
428517
2209585
514875
-374258
663728
-2551588
-1410422
-830307
-236500
-466082
-775457
-88916
-16050
-935585
-2788464
-462405
-1771645
-1411387
814888
-2906
-418024
114799
-123262
-433420
500245
-17586
-950886
-121129
404181
-1099161
-1081621
-857261
10253
-1700725
-1777936
1568818
-484695
-445106
-1543169
-1538191
-89870
-1289267
-1305818
-1665613
-2018996
-390592
-1690345
-743993
-464948
1178160
22867
-1702280
-478151
-95675
-1591021
-1294431
1742920
-869990
1803212
-1892287
-687581
1457004
-1121604
599604
1736747
79686
1322576
1772153
130194
-1304160
-519963
-835407
666416
-1333927
-772033
170088
144754
-1017635
-22771
326298
-862918
157198
-1533486
62271
-767048
222789
-742309
-1852115
-830474
-752018
-123205
1313838
-667509
-2124651
-859106
-663964
-272748
-794433
1500120
1668389
-1111239
-2125982
-755952
-1071613
-2355707
-773854
44956
-2356592
351775
1059691
-1806735
-913250
-1873633
1062584
-974041
986242
433865
-444381
-653353
-218192
-810799
-1080105
235838
-1376486
-288546
-46832
86207
-2102250
299455
-1980344
-1184424
546418
-187056
-1136906
-1596960
-992861
-457422
-1100831
465217
-1595403
-2102548
962135
-117212
217382
-809752
614516
-213595
-458226
-1357955
-2125514
1213989
-2015273
-1280083
-609211
1233939
-1422484
162946
-1474383
669623
-646981
-950155
-1837050
-929843
641326
218971
90134
108775
-1257024
636939
-1815614
-819100
645453
-1628345
434490
-1648094
530006
-1495991
-30349
-69164
-1724179
-724100
522267
105999
-947799
-1969508
433448
-418091
-157493
-433096
-481312
-1555866
-2259166
118291
-378863
-550198
-1325768
292200
-1813881
-656143
-1532439
489255
-1501310
-1113028
-1523184
815210
-482132
-964592
-185123
429316
-1074296
-1082826
-445023
-1170165
28415
-563179
178797
-933882
-1410781
-541842
-317804
-495795
1778407
-96057
-69581
1323927
-488240
-295998
724374
128083
-922007
-1384732
-478699
1465355
1034070
699790
893734
-795012
1258364
1520804
-2170673
-651180
-777155
-1932805
-1498271
-1400559
-2216573
-1897107
-894046
825054
1466790
522551
3713
-349011
-182774
-1599713
-624850
-529539
489741
-567228
619343
-1232474
-502736
-362295
1644821
584749
-551479
-1247257
-1005887
-673305
-1818710
717113
1773454
-295959
781048
-183658
-2192199
-594813
-907451
-836827
-332508
1045556
211139
-1375677
102349
-2084764
-1633552
-1612635
135278
1089402
-689132
-518755
376787
-1412565
989472
219107
-1838269
-966826
-542387
-2549800
-138692
-2345553
734238
280248
409753
-57858
-1718893
939237
403105
-1101396
646758
-199464
472298
1574795
-1928675
-1257924
-928459
-1284583
-494107
889079
-782823
-1699458
-154500
966810
-649614
1368345
-988715
-155758
-806825
-2121146
-618784
27762
179907
163956
-989107
-1902467
-876592
-700722
-8800
-960369
-842748
-416013
-735140
-1055219
-1800849
-103621
-24011
-380185
-662214
-872435
-1734676
-598200
852225
-960306
1052517
-547931
308782
-297215
2188833
-226740
-1422287
1418942
259943
-711602
-550923
-586385
3004
992903
-197040
-1144747
-1384327
-1513267
-185409
-1278555
-700663
1309316
222656
-1738435
423135
1733921
11335
-844386
1054193
1178981
-1309002
-1610805
-851833
-444549
-327844
249139
-1577138
-744497
-14334
-16635
948964
-715507
-959499
-776197
-1849510
-1528846
724609
1159483
675214
-1056648
-985821
630016
-1557722
-853113
-115865
-1423899
-185281
-261230
322719
158779
1853692
-244898
-365835
-814
-1585934
-980465
-296087
-860874
-1707993
-1736485
-973684
-1053404
233298
349529
-46408
-1393602
-1456873
-1553921
-1756215
-90350
-747736
-1749659
-1338258
-2468752
871931
-1725695
-101209
-669079
-914039
-483975
-1016441
1386647
-817728
-1871257
1795736
-998910
-594128
-175616
-286745
1075307
1040256
1100244
-1838658
-565232
-225472
288706
-847535
-404103
-435460
-856586
-1531146
-2017007
1460693
-825941
-2956237
-275303
-852132
21719
1093730
1026959
-716525
124466
-562877
-284411
1156462
-604965
-1447280
1176651
-749921
861997
-1751008
-376093
-488824
-1261480
901589
1815957
1187587
-927468
-725799
-1751731
-1299815
1090206
-1950295
-1757778
301555
-1788137
-553489
-670040
1361160
277300
1811650
-1292033
-247419
-1643034
-789540
-2084436
-1338325
-1658621
323463
-429190
-1558609
905884
1181251
-1018348
170662
-189347
-232823
-1532778
-599883
-1617711
-2168010
-1342395
-490905
-231528
-904490
-730098
1526615
1133483
-793524
-837010
-1248400
305723
769556
908291
-2141223
-1211519
-644105
669538
-1094854
288260
1452358
-165568
39316
1603290
570271
-239825
-396161
-400191
-356155
933518
717583
-1973395
993470
-1419854
-255365
-1086851
-150495
-875521
1329346
-1002305
-591658
-805348
30578
-1294645
499499
-938758
351024
-472250
-297685
-510467
-595029
-1774888
875464
1094335
-880293
892155
605021
-8942
-739656
-194567
266904
-1978092
1546845
-343293
-615875
-1090708
-1642158
-32038
-1306432
-166828
1611233
-1697081
-1121447
504257
1911914
-1744423
-1254264
854153
959258
-6371
-364012
-168438
-190973
690118
-477341
1613982
545967
-268149
-1399412
-666660
-2318488
-288244
-1319148
774684
-382158
-551611
-1481955
-841328
-1750190
-49817
-282927
-2299270
-1410232
213546
608650
787281
662403
1137036
904927
-2877805
1435821
98213
-793062
709985
-53671
-1295694
-2352599
-42646
-774969
-1984423
-1120670
1664813
-341902
33701
-952274
-524545
-1182437
-315447
-1375060
222937
-918002
-1088410
-1008906
-1154880
-448426
-265340
-112625
434460
-1182616
-1885753
-893679
-1436877
-2050420
432964
-340837
919965
142622
-1843019
-1284083
-1328615
1399692
-1955571
693557
57598
-1036217
780928
236145
-751418
-308300
1793855
-1101073
-218494
-1225973
-2065063
-532583
-2278847
-1282096
-227159
-2058
976728
70452
-1879702
-964577
-171241
-21001
-2545733
-16183
-1179147
83367
-796188
177856
1034157
-1171409
-91232
-544610
914796
148369
-977884
12364
-1177941
-833353
-513512
753777
-824645
-2151506
728539
290703
-292701
1417473
1675261
-735479
-1995474
216620
-265803
-1167434
450068
1150843
-1269511
1543511
305579
-80623
32367
578326
-1170368
241758
-1651209
-2235535
-546006
-61226
-615186
-195867
902419
260708
-529986
-42001
-90911
933097
1289734
456909
-505551
-620256
-1368962
-862611
47559
-576065
-2105976
-2133710
1667614
-164480
-487547
4451
-689696
-441285
-1882107
436422
451024
-371463
54701
-700846
753577
-798171
-1658683
153951
1542840
626992
-2014905
-1534330
-2442236
-298434
83937
75692
-237674
1470119
-1489703
-1860153
-1064545
1282832
603462
-1338588
-1448842
-1572908
1590300
25557
-1568781
-1422485
-63361
-1806290
111848
-1677051
878240
-707898
622264
517130
319272
-1878156
657671
77089
-152467
-2304890
-878562
1859988
874710
979173
-944674
1587844
533925
520439
-907090
-872360
-216012
1006277
-1220739
-727475
-350180
-778765
1078256
-68571
-540713
224370
268460
-2115835
1181944
-991190
-515058
344855
253120
-1795606
299134
-1919012
485877
881060
-1273769
693696
238479
664755
726633
-722923
143393
-917552
-313165
733392
62267
-486550
-1391763
-170004
-393266
-2174779
-198103
1864726
945315
24472
367172
-702569
-1327368
330753
-2021450
-2019933
738009
-589509
-508531
-348244
-1862298
1308283
452575
258560
-693587
-903487
-1092937
816731
-1154827
-1130219
-1405504
1144035
1695789
-355294
-1526215
-2606008
488632
-1163701
-53483
575053
605064
-237939
-701993
-1441347
615603
-2008752
-1871010
-2809397
299118
-1399820
-1497268
544337
732997
4526
-1966435
-843406
-2693050
-474842
-937926
123814
-94310
-279592
-279462
-936249
-202483
655114
-1337777
-1135900
17994
789027
-378736
-808163
-1150741
-60788
-353350
-501875
-1199583
-584506
-2297955
-2378353
-2482795
1115616
-563049
-760437
-1260839
495204
-36651
1433604
114742
60943
-1999410
1402044
-725899
-436705
-2529023
510832
490745
241433
1515417
732051
-657844
-1767635
1764828
-1544847
1535385
-283793
-33022
-28170
-1420998
618836
-201136
-1253259
1664609
-1344491
-2257296
84808
906912
-1674180
79727
-187110
-2102095
-145426
-1293871
1013912
1403016
776819
-252531
-121189
1817887
60778
-353655
665433
-771443
833664
-962551
-1925203
-1104287
-357664
28399
1346864
565215
114360
-844491
-141630
700948
-684109
-327291
-1075818
-318467
-44802
748197
-537773
260886
1741501
-987152
-2176025
-618171
117928
2496
-1057621
386296
-288866
-903148
449509
-550149
863449
-2157916
-118436
-1291157
-1404646
-1645067
1845316
740819
-172223
-2122765
1615243
-766192
2145188
-417724
-528731
-518364
-280843
-220786
-2709569
-2357655
-1387824
-314042
904066
762357
361994
750082
-752483
882184
-342392
-1308007
1178173
-2321443
-1829740
-939405
-1811091
-439564
-291723
-806256
-653685
-646988
-610674
-1045921
-252001
1149334
-2032087
-113920
-820563
-271503
-352945
-1157654
186312
-1869356
-1659881
-1571049
-312720
-1143639
1520622
-1385963
-937135
-1236230
-1782354
676189
-354322
-1446581
-1326944
443408
470250
528815
-771071
-1036836
-523998
-1115644
-1147802
-971951
617438
103174
-803269
378556
-1832726
529571
-694784
-1502329
-1541456
-2211141
-2445245
489293
59005
1183437
986230
-1103172
-783737
382955
2277282
-381005
-78030
118687
-157609
-1346512
-15749
-1695759
1186498
-832883
-2761122
1457098
1002951
1449764
-567412
-285839
-827944
-53722
-757475
-944934
366305
1252788
-631105
-246692
-2589220
1029759
-623722
-882752
409089
1862315
1337651
-1807010
-953629
-2092271
-189352
606054
-1773582
-1361801
-2405078
1840588
150859
-958761
-1964960
609282
-1560318
740935
520114
1155785
-2441733
-217509
-321446
-491932
226901
-249773
190073
799342
-636512
-2370006
1112474
-1581176
304157
-413571
1530323
-165966
-1172423
-1401359
1484492
-121687
-202869
1275984
-943666
-1261660
-761882
599078
1347629
971105
-1236924
-1313889
-1626131
-1729560
-1411109
-1584203
-277008
423668
656154
402713
-632061
-1990269
-1693535
-1973118
-158597
479858
500098
-1683478
1051345
-463327
96375
-1118249
577428
-35720
-214203
-1665651
368345
107476
-660682
-681758
816188
-1739970
-1237201
-1844198
141308
447592
-791261
118295
-740796
986833
-571255
-220631
635625
534590
-144068
139379
-1200986
259288
269934
210647
1587482
-666561
-943403
2209095
330815
371642
-1828495
-46723
-600475
393957
-383398
-788262
-432022
-405923
-675599
-1892724
128456
913180
-1628907
-1430378
-350666
-744639
57460
-584715
-1131122
770367
-1389445
-940069
-1069800
-979692
136699
-1914867
490549
-1284955
-791163
-660814
287536
1031255
-1877655
-1498720
1452877
958610
-797928
-699929
-378991
-437034
-1199203
-148680
-538946
964701
365869
876344
-1269295
-78133
-661758
1400989
400942
-1083513
-963959
-1569149
-70006
-1708357
-839554
-835593
757997
-197668
1176081
-1891941
-295803
-232723
-40138
54195
-1516010
47608
1072937
231306
-443469
1405120
789343
-230647
90137
-1792581
589397
-1495548
1883484
-1708365
90234
-1555762
-993232
-363477
-593859
-1038812
35763
1099254
-1831865
1080163
-339530
625538
-695137
633793
-941724
-2088577
-1801552
689025
-1667958
-678053
-673210
-585054
-1867471
1141666
-2473194
458680
-1199730
-564544
-483116
206078
-1827609
437825
-47894
434982
-1142227
-2034424
-739282
-603455
-501504
1129218
-1166321
-1346171
-854747
-2000567
1477
-1673386
-982748
-1028384
-1325033
415453
612134
641104
106018
1318561
-1442236
59007
-128860
417822
-1465437
317997
-1132590
-859617
-2235158
-1154880
-2517878
916408
1098312
-1049822
1053396
-675160
-821773
-68917
-732277
-826002
-411977
587030
-1527810
-644742
-808757
436969
-1584589
-137427
-553501
-2333997
-1573814
1657366
-397203
1658668
-2775144
-1281152
1316120
-1118701
-1784375
-255877
376415
-676609
-1339051
-614891
382552
-953452
671803
216834
-921167
-2006414
538466
469068
-807318
-975994
-163319
-1848405
832202
754183
-838037
1138067
-2071679
-661848
-49862
-840579
-500460
-2590204
-450148
197416
281806
1274842
-983980
126773
480125
200002
-954088
210861
-204798
-1147939
236385
1104181
-747610
-1140039
-719533
-1548359
801978
-629050
-608816
-676111
-1568282
-421736
147426
1628259
-300788
-1296254
-2069710
33518
-1535091
-1535361
-2595074
645123
-367322
-1898793
-2254256
-1228620
830512
-629518
343190
-429974
-257500
-337257
-395454
49880
-635128
-1138889
-240434
-1154760
-1517721
-1713751
1089354
-2172082
-1984879
-357152
-1707047
232981
-1082325
302393
-1730469
-133699
419778
571063
75296
643159
806242
231333
730322
-655564
361882
-214793
1080509
-1252610
-1176716
-1386285
-1264849
-676185
-765466
-1628514
-697733
-652331
-1131706
528916
-742309
803868
862274
141274
-811613
-843825
507495
1761836
-333764
533039
-2454173
-693085
1632300
-1412374
-1616491
-189889
-650296
-680764
794535
864756
-1095797
272883
-198704
-194160
-456954
-661975
-495317
156129
1450547
-649853
-571523
-538077
685803
577957
-794608
1558802
-2199546
-203363
-505279
-1012858
-160693
244028
-1099198
718864
-439367
542248
-2001727
-890571
-87065
-959090
-2905
-910143
-454858
-1534754
-2160556
-2405410
-1393486
-1706342
490949
-1267139
142581
335309
-337646
530393
-1160049
1369954
-590831
-985349
-66012
-127016
-616029
-878232
-1916537
1339913
779735
1163537
-452761
-67213
-16508
533682
-1651851
-1650058
-768479
-476289
-220275
-1627953
576835
-866180
1177297
572437
-635230
256490
1624716
-233971
230418
-935211
-1090318
-558298
-534349
472428
-423892
1089375
-593210
-308543
129456
-63456
-1500900
309651
-2157702
-783807
1124625
-547611
-495691
-1430234
-767623
781914
1747398
-864944
-234707
-887289
1315423
-2125912
-1745265
-967411
425998
43048
-2050310
2039685
-1708059
-890046
1126962
-2108108
-912638
1373159
411133
-920788
337803
-12113
123724
520828
-2037963
-2275066
-2519640
1230976
154947
1314051
-313664
-446832
712697
1653926
-2126458
158003
-964536
-1844444
-1403922
166451
1456141
515329
118095
914308
-773243
-590174
-1865206
598168
1641592
96691
-1392417
-189190
-1609736
-305735
446296
-1378347
-1651618
-2124511
1020137
-2240364
71760
806404
121270
-498537
-2668193
-2618893
-805688
-242183
-64561
1322648
181877
-1580596
-20194
-856097
119892
636929
488035
146581
1707169
-1408800
973003
186349
564703
-677559
-1788462
547061
-432839
-331553
-1287871
-114487
7907
-1723214
-1662288
-691798
-1092914
-217410
439814
362386
-1850162
817254
-165408
-1984103
911839
-183884
-23018
-2375
492230
-240243
-2054336
-1429246
-916450
-1329917
565803
-730466
-1995961
-578554
187925
235832
178851
726945
-173492
1138182
-2194865
-666595
-1217898
-1775154
-2174268
685288
-1606567
1066693
-376768
-1623706
-882597
-728128
-806894
-414161
-535212
-1298996
-523770
-1305444
-1444434
968467
998000
-1291457
-1211581
-595998
-862394
108830
-1468019
1810552
-1330162
-19421
748819
-670071
744697
-1334147
54174
821811
-2305966
-954813
-684525
-663998
192143
-1135765
-1025025
1069471
-645396
70735
-635765
479679
535969
-1736917
-2040052
-1694326
-2011178
-965595
-910581
-469642
-1393919
30770
247431
-1515455
-2505411
-99298
-1757977
-1152883
-2247920
-43639
-1200366
-466577
842233
-1748894
-661916
-854070
-28177
590473
410375
-789419
266067
-70529
675536
-325076
1291909
1630955
-202493
-35032
-1630407
-1651156
104333
-119924
489328
-616514
-745323
517906
-900627
-83265
-884569
-1774826
-1613069
-927239
-1552607
113378
971877
-1794466
-1334621
-1185734
60781
-417947
-110481
-2178740
43187
-855163
-433064
758127
-1736770
159757
580830
-1661208
-2225546
650831
-1638941
-1029967
-270533
-1805478
538806
-2045666
204322
-318236
-36565
314769
1143398
-108437
99341
-630918
1201982
-1491552
339092
-258637
-1882676
-1318570
-1975498
474513
-207902
672231
-990629
-1414556
1144909
1670732
-663972
2109838
-1288793
303037
-1475117
-1750113
-675202
862282
-704388
902434
330391
170443
-1236592
-1054962
-832531
294653
-146808
475708
285844
-1331317
1135480
-373950
-1093174
197358
485063
-1411538
-2028775
-1991043
-798752
-1398085
287484
-1971364
-131286
289633
-1525129
202064
-870316
-997624
-147996
-1470838
-591112
14427
1944255
-2394434
-1045655
-188868
-240124
-2770086
-187469
-1121468
-613729
-2204630
261359
650102
-1405794
-1269368
374116
-1599071
-490655
353001
-2333331
210483
-856764
-28879
-1517643
1110636
-1212168
180302
122805
705373
-1160876
-1898263
825719
990271
-1116241
-700745
-2415054
500693
172541
-751071
231793
-2227286
-2054343
-269265
1555190
534027
-1997804
-2538855
-102673
293564
-2269099
1604731
964154
-1890517
-1592220
517803
-609148
-1389523
-544265
-152727
1047986
-1220968
-652784
-655742
-1063004
955553
-2978921
-657754
636929
-1127235
670275
-419611
-65558
-955477
125268
-947895
-566881
323887
-1866949
-1518545
1130545
-214336
-2237985
-864873
-1186463
879212
-1045916
-286986
-1975067
285216
-1335346
-668189
-991868
-1496945
-1586822
1018728
-48675
-1675921
367531
1033164
799899
-1719538
-1111191
-496414
-1026272
-505205
1476798
-609531
-1565251
714829
-47106
37353
-113507
-337174
-1071739
-1887418
-809868
-853129
1563155
-2054939
-759339
221737
-2198052
118230
-757941
326284
-1332857
-230250
-724978
-1854318
-1155576
521991
-1966423
-197339
-10549
-1739236
-2037715
618326
-804033
-2108832
-443693
-1386329
-124169
-2251227
-355663
-1356791
-1655600
1519809
1182651
-308697
-2268874
-566475
-134068
-564519
-567048
-1887584
-296838
-707043
-110215
-1099522
-291957
-491432
110440
-294504
-1798298
358684
780560
525837
992822
1274758
-810923
-906910
278350
-606466
-381852
501522
-1307937
-1117733
-565594
-1434580
525013
368973
996791
-1486711
-1742247
-240054
-791126
-1329427
1020551
629740
-1011251
-431759
-366477
-25732
571402
-1185405
1175372
-2095101
-665269
935981
-947008
-2637169
-550926
4968
1359082
365271
-107312
-1144577
-1946095
-171737
228659
-324791
-712738
654440
-975672
-1828159
-1206055
-1031648
-1716435
-1259890
-25186
-15791
1580441
1613465
571901
-724808
1397919
-1002494
-2002365
1007690
944373
-595871
-1590895
1375116
-2251011
573536
-1265754
-1897816
-1294303
-772128
-478304
630733
295328
-927570
632037
-1044430
-1381531
9162
2110824
-472356
-477846
-428091
-1136100
383265
200194
-1367816
-709150
-615446
-1229117
-1795129
-1879942
113118
-273357
150794
-1224430
294648
75242
-526138
568255
88880
-2182098
83602
-739967
30386
-1882325
-1233413
2017333
-871919
-1334066
-2077016
-540912
87739
-873918
2010359
-1814444
-561960
-2341753
-208407
-531117
1542347
1557738
1050055
-185133
533255
-895106
103083
865244
-205703
298859
-1490878
-597340
1199306
-1561223
-1947629
-1959635
292108
-532905
-2889160
-388734
-735238
-1222797
-166550
-811373
255864
-431939
1309463
966422
-12788
-57177
44468
-804639
347299
-208233
-174534
-2009151
-126637
-1376689
-427516
-2588407
653632
-2271448
-650215
-1120293
962089
-1936021
20038
-1438078
-611856
-793765
-1952006
-606718
-1987941
1358765
1658291
-552982
103699
-1565788
97802
-214601
-1777942
-7412
-1609582
276135
-855278
436115
-417672
1082590
304936
1133238
-334689
58682
-143456
-705201
-373898
-1726901
296007
-770781
898216
-799785
48913
-44936
280733
650267
-2113487
1408887
-354142
-580818
-2345875
-451162
897598
-1434976
-585011
-61424
-1742062
61370
1452190
179820
406892
-1652336
307338
-1303076
89538
-511221
212864
-725245
-1039418
206756
-1980003
758232
-8625
-126364
-1235333
-1879039
-60534
-1050248
1761797
-333782
1314897
-1447205
190402
-686514
1001688
-832531
-460086
552048
1006183
-726626
-619554
-929000
-829301
426776
-793572
1162639
-101341
-1277191
-474484
-1879138
-1144730
447932
-978245
190879
1304184
-1054725
-1938696
-1463033
-594029
337017
-1028744
-163200
167246
201890
-1384834
-908010
-746942
-1148261
-1101709
1048193
1111366
-163458
394465
-1889080
1429445
-993208
1369324
995126
-199059
-1595429
189633
-423474
-269538
-196789
19400
-496018
1250992
-352330
245336
-1713184
-863208
-266010
479225
-203545
-909363
-813961
765801
-665551
-1796822
-1791393
-352930
-1132277
-1512556
-2193685
-1577855
-13934
-67633
1331287
197516
1229922
344956
-194042
-1649910
-801050
-969323
1090375
-1967104
-413987
1501553
-28793
-86824
156
-1664291
-143326
627662
155319
-901244
-957902
1702307
-43340
-677481
-1712329
-1262817
-2143988
-275208
116129
-1279450
777703
1509254
-1282632
-1238321
1046207
-983282
-1727671
190103
157438
-979635
-1621786
1891032
419429
1417457
719919
47577
1835384
-442121
-757071
-998277
-318698
544913
-945847
1268284
-1779619
693068
-1898525
-289850
360236
-547492
-1349436
-1490198
-1463332
-438203
-1547110
1379157
1106
553155
-1758197
-590570
-1115324
160015
-2078015
-1933544
-609312
62884
585525
-982033
-657250
-290120
-1129124
-1451586
-1253754
-2115367
1769506
-375167
-2187608
1561957
-1116327
456677
-1974117
-954871
863921
-514632
-1780083
-1017801
-956495
-880865
-2273202
-164766
-161217
-164024
1824314
-2290706
749035
-796166
-1467298
1186529
-205409
639029
547172
939188
-342840
707401
-875613
297151
-2093244
-1467533
-1950377
656418
-2032719
491837
-637706
-258433
-1617614
432845
481942
1600569
777127
-1526551
1994865
-700009
-257986
-988569
-1929348
-723372
-1977064
210979
-1598594
453563
338526
-1550000
1274284
-423947
-857949
-1003121
-1250840
-1650762
-1765520
-2426397
-1327323
-810574
-155386
224697
-1388680
-665276
1694382
-1800797
-569309
-975897
525282
-623197
-484583
-279558
-708018
-1002437
-6392
-513062
2002685
-502789
-1439802
440822
-1323222
-1408891
1041369
1219745
1473079
-317783
-1726369
276854
299855
1366796
-436705
-1216000
665098
-125456
1179503
-411189
-2081904
-598701
-869850
817261
-1652989
-2074322
179286
-82106
528989
-226942
-1957203
126697
1385713
-1611773
-966469
-704854
505812
-478579
150312
-1254371
-179439
-954486
-1559972
61191
-680582
-1972265
-1241767
-664412
-2346809
-1495416
22476
-76269
-357522
-1907585
-380753
-2086547
1080110
-284674
794926
736871
-57171
-1370944
-632402
-1950997
-1103513
1382821
-1029435
-154623
340723
1241779
-1201448
-385448
110748
-260032
-2157943
1295878
-590865
-26732
-1516208
-930794
-2139349
-985096
317550
55434
-42630
726127
90176
1249705
-70660
-284703
556393
573627
-1650558
285908
-674514
-342291
78129
-1305575
-795044
1123875
-715507
-1265034
219084
72855
-1530154
43036
1133594
-426732
-92506
-752795
261067
119220
269747
396839
-1385830
680625
-356720
1475833
-1651010
-2092176
-775542
-1753846
-183430
-1092707
1022299
-209131
-885596
753010
-1918334
1284078
-322239
1072738
15742
453033
-1389757
-2046477
-382500
-199824
1418468
1444005
150853
508658
665431
36651
261288
-1303737
-1974162
-542938
1222011
-1903292
-1004276
933062
1175986
-819033
-1285745
-429534
-804015
-653741
236778
708763
-551531
-288248
-111120
-415412
-169184
-1319485
580178
-1252615
-82806
546409
-1580616
-558641
1373958
130988
-987543
-872815
-4066
-545882
1442534
-2002999
-438458
802719
-767185
-1232665
-405756
31498
344992
-822161
-1719406
-207189
-878569
1882616
565859
-958230
1003204
559470
-491490
-797074
133514
-2338370
424681
-1305210
928777
-440076
501025
8342
-1068051
-325056
96150
841517
-635956
-625072
1939879
-1705807
-707858
16040
-2169794
-1292208
430871
508850
-517651
122136
-1510110
-79049
-620774
328844
-1521993
-273316
-1341022
-1196274
-1982560
-1305768
-1939168
-1447324
-868492
-2599121
-1218320
-238854
-843121
503742
-773063
-1315911
1760569
714994
1589690
-275609
-393146
-340001
-339646
1193409
1260405
-533218
-1420173
-489555
-730582
-361854
-1229179
386464
-106702
988330
-356930
-1103307
887006
-1313244
-1604164
-474281
-1158752
-1117769
-1186326
-2908578
-105074
1347415
150856
-624370
24472
-1028830
-1910665
823023
598076
-1440464
-442948
1423761
-254154
-2239779
984749
962648
-344783
-409707
-1043994
-447247
-376958
-2363850
-290448
-564482
-1531756
-1411522
1026279
-701475
-1255904
-2445360
-795156
-701524
-1835937
755805
116531
584207
-876503
278011
621787
-664
94007
-2298072
-643630
530169
1756679
-1653655
48820
1097915
290508
369100
1853540
-658638
340292
103237
-573041
-230440
-731355
-931830
-1078764
-1496935
-651893
-1771095
119676
-264470
-1487139
-2527118
524710
-348192
-1382033
-975328
470554
-1093942
882270
-2054777
-1215658
-1131288
69358
638749
-759629
-1731645
-717907
702242
-1582838
753691
1122435
374765
-252732
-352945
-1307641
-2224147
-587242
173255
-1570303
1270181
-665760
-698783
-130670
524674
526528
-976885
-651466
-769232
-1187479
-205817
-335109
952612
311316
-1966530
329652
-163431
209202
-2198394
-142405
-2392832
-934427
-1769277
-625458
-2424751
-1837738
1042882
-1861053
93838
1519310
-429790
-1881712
-1535338
-470267
187367
12643
-126396
-614512
-789940
1033016
450412
265732
-1325280
926129
1113943
1406975
-1377905
499800
1591442
2015632
-142021
-2678541
-139443
-469012
-669098
-370023
-762361
-793685
-443501
-570784
-345438
1253000
-559060
569469
181065
1448021
-284636
1448428
-781437
106387
960954
-2043379
-115713
316472
-314831
-670250
-1149700
-506021
30992
-1524881
53693
184410
-1498158
590644
-469643
-352492
547488
-840205
-6104
893451
-757073
-116523
87078
-382814
657722
1350398
-1734135
-2083708
1117753
-237189
-931689
-522033
-628182
-2461067
364779
670701
-830333
-40735
489553
377980
-1544883
-890401
-1299787
-622890
406462
20213
-1497823
-700037
-706135
-185059
-419670
229815
887802
319163
1666265
-67548
-2348844
694251
-1743656
-808320
-1099437
-166203
-1836891
-2081111
-181647
-2145248
133821
-137396
-428566
-169613
-591816
-238644
-461617
-1046301
232048
-978731
-27507
-1328880
-103726
-570007
1452897
987439
-1051597
-1743244
448037
-1541553
569359
297478
-674827
-1628761
-809379
151060
-2120538
-506580
1371679
-748959
-614839
-522154
131201
257834
-1463488
-1394881
-177860
-1055523
-306716
-417100
1507165
-663024
108490
1061287
1119510
-990759
-1455674
-1434773
-97008
809371
2088275
-314578
1093579
101397
201634
863000
-770918
-972983
-1576377
-1004561
993892
-1005379
1397356
177581
-365392
-93603
-559432
718821
-1297920
676287
1353951
-2282529
1666321
-2733643
-552856
120296
-2613912
-2355332
-69377
-331689
-753922
-957830
1925822
-908158
58773
-168111
206
-1226518
-893764
-1528340
-39953
35477
366532
-1688953
-1576712
-1157332
-324808
-2426806
-1419786
-574570
-1923268
1761087
401970
-693848
578908
-2617069
-493628
1201774
-1559025
-1908172
1583955
192416
288216
527681
-1439044
-163192
-1005867
-718831
-1991098
501765
-1849499
83580
310473
1981659
-787706
-803937
-176985
-226042
-1702353
-2461361
355767
-1696064
-1359471
-1050139
257468
-782689
198718
486069
-789787
570507
-126428
-2666513
-534610
-2209224
-1491750
-1706935
-296077
892284
-1624622
428276
267246
-115515
-1254460
-1156247
-100675
-563751
-773748
-562973
-1109814
409618
-961874
-16450
-723928
-1101038
-252358
-67950
-788308
241684
112180
-2559724
1196681
520495
-28246
-2546901
-504567
-1042966
833766
-1063074
-609494
-2175251
-364614
-108022
-572184
-444360
14822
1250809
-829661
-2116867
1085357
612130
-2287643
-733504
569220
-1188202
-1745558
-610165
116497
-422181
158467
-2371358
458225
-727494
263208
-1761804
-2045662
-638322
-1617757
-243426
-838363
-263616
-751564
-1651222
-541344
-822162
-2261920
-284860
-1443228
-686940
1540826
-626601
1265631
987343
1965648
448148
-881609
-1869300
725895
876483
174030
-365370
31160
-845826
-397935
809512
-1153223
1107648
931681
-138219
377884
-1456071
-1154161
-1370972
-1195189
-2046437
173891
720005
1157095
1159277
-1624742
-121872
-1411491
-934339
-2630766
-25776
-40289
-1568066
-929090
-1461854
-620128
-7235
235659
1353121
398779
-116196
-99314
1214959
782822
-478562
75831
975494
-571516
-1278265
-825113
1088590
93652
-1221071
-1427400
-385155
-991724
-747726
-484580
-1097094
-155997
87
90980
818133
179968
-1817538
-1690551
69832
1240796
102199
1008087
-894244
435639
-655157
-248449
522466
-279460
751585
-572804
1643858
-2181644
524894
-26476
1290078
66542
-1747318
669345
-1247314
-9615
864947
226901
-1928254
-8930
-1997360
405188
1958362
780581
111848
93950
-1094114
-704764
161609
203160
-1171721
1434332
57995
-1222950
-119699
-520250
-987978
-987647
-436310
-1680383
1579286
-2124582
-1053097
-1750269
1807939
-108171
-1581962
231588
-1531674
-1227664
27750
43880
1776232
372048
420192
-2145780
-1979364
721183
-602153
-696045
84314
-416845
-340213
140899
-1822791
-733252
-987083
-2197487
1073631
-1894844
714091
-1043602
-2472477
189394
518419
1873865
433403
16071
-418399
1361077
-800843
-473366
-759704
530382
752629
-337863
170194
-804423
-257791
-868768
-59905
816105
-2233587
927699
-1315482
-258488
429312
177228
36185
57131
3513
-48691
28634
-331087
-83626
-694532
-609967
-416236
-32760
-2037024
-1538236
-1067866
-506936
562432
-205890
-836670
-43405
-48293
272686
406979
561008
-810616
-271649
-1840492
-2008062
-379678
867908
388200
-844143
-741105
-490811
-2136130
293969
-1332788
-1157242
645678
-1437302
-123122
-1017617
-966291
252126
546326
1213575
-1178707
-603662
286076
-815692
32114
-1014846
-199418
-582513
1237955
1324649
916084
-2169583
-648716
366913
-2275520
-111148
684293
-2380206
1397161
1429357
-1234477
-1177930
-1315022
-978425
-1119806
1086869
-1675717
92414
-1189667
128374
880422
1291263
-518317
-1112289
-273143
-27989
-500382
338366
-2440122
-599009
-1530472
535487
-837558
-90535
738145
-1103308
173568
-491465
-1993234
439188
1578533
-1804182
-371265
427485
316250
-2555108
1195217
-2602910
899595
-32247
-163674
-1721467
511855
-317993
900071
1780048
748391
-970270
-207259
-162516
137994
574455
1043362
-1488850
679940
181044
-269938
-33170
-390165
-2124670
-909249
-1350605
-367890
-1396725
-1530841
-688624
1163533
-666547
-628549
1264865
-95466
339025
-2144490
-1416371
-1534135
-412358
-445685
450069
1220083
-913041
1015584
1413616
-2591186
12482
976667
-691536
-109626
12867
-569912
-513827
-1029935
-1248121
1120598
-942756
1042189
444702
-1632868
-374179
-380924
-2712164
-837110
140989
-1786871
-1042438
-920305
-1139692
-452756
71820
2211800
330210
-1047476
-1285632
-88312
95262
-1156644
-821430
764336
-520124
-1119379
843965
788012
-1018600
2180390
375635
-213468
-1487070
1436055
-2291060
64648
-641766
777074
1016965
490852
489322
1073390
1487750
-524106
42968
1332444
-104692
-837752
-322890
-331505
361198
-620394
311360
-364262
-648961
-1297877
-1083008
-1195941
-100285
-310722
-1635339
-976916
63561
-6753
557675
-960354
141407
736714
-2125586
-447961
1706582
1709305
519139
-2461187
1311642
-846486
1196197
-2478432
-809794
-249725
-979794
-331929
-1158012
-2279070
1067009
-1373029
2231673
689191
-506211
1407462
-178965
-1541225
-464047
-996837
457936
-1322678
-845618
-44889
-388913
-796215
-29711
132308
1538617
629564
-1300229
-771730
-273652
-2023993
-529441
-1319536
-1605334
329788
560987
-1640703
799063
878651
-204508
955677
-958695
-885489
-178637
-1979273
-209723
-1259133
471691
-738697
287088
-685067
418346
1555542
949297
-980510
1562113
-548702
-16361
727548
1298807
-136398
-1352107
145291
-1047807
104203
-67673
287544
-1419604
162261
-2286180
-1643329
1056652
-1064493
1221340
1223579
-488163
-848920
1855201
703501
-31239
1383079
-1008970
-1121144
-942942
289865
-1912683
-2569874
-1532112
-1264421
-732200
-2148076
-1961657
-817367
-2626061
-1521881
182072
-481442
-724696
-857522
-992634
33354
1080843
692898
-6252
-710974
712747
-1076353
679238
-665756
1049119
387490
-877386
-167817
-322721
-537934
-2310410
87077
201228
217409
255468
330134
-132248
871253
-1288660
-519932
188160
-891631
-197708
-2038969
-1480978
227307
-648183
-955375
579081
-1276445
-495210
-1595156
-1729429
696647
-2483833
-1215859
-1425408
-477744
-2204862
-724327
-1728698
-638269
80709
1820114
1660924
-1283932
1504318
-1401056
-724065
1329619
-1474098
-1071543
-158414
379952
-348242
-491477
-2439995
352594
92718
-526994
-768139
-2002854
-46350
864396
-1014930
-1583453
-669005
149547
-2132903
265796
1624785
6459
-1982831
-1713976
-959500
-1545746
497336
947275
1588070
1347299
1129414
1136187
-885029
-2602910
-1312965
-757916
42153
1341205
-524085
-993141
776340
-521187
-1396722
-569374
-452753
885183
532629
-1075836
-847258
-1242679
-1790185
1830022
453835
-708688
1428295
-1226918
324928
-2899
478081
-1839270
1272550
-2513504
749261
-1177670
-48174
-1727967
-465188
-1202943
-438472
1010335
-1392588
-650083
-1915004
1345540
87779
-2396322
-560058
-1816158
840177
654611
874516
1304862
-1405939
-1403356
-1094026
-890527
-20188
-64797
-153618
1156164
-161035
674983
888233
-1186998
700745
-133262
649083
-1592393
799583
-878492
552539
-1969886
719210
1187591
544597
955157
-1120474
-2244714
-2805678
740266
-19056
-479213
-2454436
-974514
-913
-1910712
-1170285
-2220750
-825934
1088033
353842
-899187
-787860
-763920
-851349
-949069
390843
1066911
-1355825
-1885702
-1551907
1600033
-2227179
-1340603
-431822
1452181
-1536796
32566
-227318
-317747
-1718466
166844
-980999
-723062
75726
-899675
1096762
-2432238
-1915051
-244001
-1612990
926515
-975739
-896103
225813
-151058
-553616
123644
158804
252200
-662031
-467161
380105
1147568
-1232096
402533
-1898940
-994450
-16169
942156
-110792
77703
261761
854852
-121313
-596008
-475722
-555486
-1099288
417079
-59352
1283261
-106362
-636746
-303551
-1608182
190713
-1727106
-19473
376007
-2176548
1880847
1267138
1476415
1243843
132024
458884
-1547676
-488842
-1011852
-760449
-1453738
1445121
-177727
191122
251565
-701355
-1719795
-829910
675442
-1645624
-1595537
1380426
1092471
-133262
-1798425
-1482364
-938912
378890
-2020933
-1797561
-634722
-1094022
-1766691
-337136
590002
961584
-967648
7381
-2027053
-813256
211581
63032
-2247138
-186289
-1864467
-2317255
39540
1812905
-2492712
664371
-2139826
-123125
-536034
-308306
-1606011
334446
-2152451
-1499347
-829729
-525114
-2055839
407024
-520837
448701
177114
466750
-2146002
865172
220880
-101590
-2001272
-917259
-408105
-1481241
-1731707
-81415
-210629
1204428
130859
-1612952
34220
-1607285
563151
-290045
963420
651181
1115755
156462
906044
1282149
-705006
-1649780
-1161854
-2271478
539770
1415851
-655249
-554256
1385270
-1343671
656743
482271
1873019
1459611
520858
-862542
-2013162
-1325436
-875430
135713
-1383122
1664060
1494146
-1362908
-633996
-1001314
-2176718
-1877232
386771
-1306502
-888016
-702693
-48110
261409
-642434
692103
84630
-1801902
-2004240
-1837696
-1483670
-57877
1135184
13727
369333
-821555
604582
-1583551
429585
-1115177
333815
-726084
-1209887
-810568
-1802294
-998189
-440007
-447123
-494945
1280470
1610757
-1990512
-248357
-1283681
267626
-1190273
-183938
-1954817
-339481
1173956
-1059915
-42973
-820259
816151
-384169
-849442
144095
49532
-815797
-1308054
-928585
-595726
51063
-402238
-1059486
551249
-1352019
733793
-1124317
-1384212
-1161709
1736561
-50970
-741976
-1015580
-137393
-1021393
-603031
-1467717
-618124
-463128
-1088876
30005
-288773
-380217
265278
195376
-1578356
-2105379
-1958667
1023235
-984385
-1442692
-701659
-1824569
544768
-885506
-461104
-442250
140201
-10105
229774
393771
2007774
-353311
-375334
-392811
-197728
-1852746
696681
-785194
-1669281
99813
-482396
1469063
-461530
29339
-938155
-780583
-244393
-1386215
-2053557
-1447137
220183
48957
-1667209
-1313007
-1501878
-1799957
-105053
-1112473
-1799998
107539
-736761
-254588
-2467778
445244
-1418754
-1161358
456675
136929
-419501
-977514
-1176172
-1170859
-40746
-643299
-1190538
-814104
846070
1518172
-717751
-1421709
-2146595
-817913
126416
-1376923
-419540
301360
-1192619
-675932
-1620441
1482239
-1798478
-1044227
-1512709
-1503274
-703244
38669
-1065851
73097
269331
-810388
-1225958
1263210
1757309
233658
-2616855
-440105
-951781
278802
-40626
-1443737
-830414
400635
-2277222
-2167135
-1282757
501714
-862069
-1033031
-2010221
1054214
-889355
-1169709
-1722446
-135572
1123442
-1436603
-792146
52937
1696142
136057
-1017617
1255526
-753558
-1021821
-415781
-877666
636799
-1138814
-631135
595044
877060
75682
-1283499
-806441
-1130697
-2084817
-2007502
448046
-66882
1513497
494047
-842209
-911654
-1829463
722142
-2131145
-1010236
-1780652
1468572
-1051710
-833035
-406226
1074462
-295773
862768
-1942678
-2302103
-1495563
747563
-1209978
256178
-2458370
116259
-1481813
-487940
1167101
-445902
1181594
108612
-126863
-757055
-2552513
-877442
-1205572
-1041435
-489033
-46320
176372
383404
-1271677
30130
-470066
-1081890
-475709
-145678
-286327
-473292
-1074064
123973
-98262
-1277006
1134622
683349
-159587
-504162
-1053997
865116
-2610251
-798512
-1456419
1522804
1127964
-935063
-1544092
1208003
408410
-2307689
-712832
575997
-563536
-63739
-350249
-239474
-1117716
-612058
-1052279
-19352
-1842712
-472772
220728
208696
433028
563686
-607962
225809
767089
-476448
-358378
2115458
1703762
-2226390
-485190
-575682
157172
771632
-438314
-1175924
463755
258123
143958
-716248
803199
-1032042
-1389307
-1517137
263375
-1962027
782631
54939
695964
-705925
-1479723
319621
-1639275
-914612
-1656508
-1531886
-66360
-1647006
358108
-2009429
254444
1778117
-454333
-882685
-693496
-512578
-1989641
511251
-494747
-1286292
414989
-482292
-885532
-88086
39082
-1433296
452784
-1367610
783732
-54954
468134
-1008506
2007828
-812291
1189626
-816252
-1652539
-64539
-569172
1344550
-13309
-470254
-106235
1525280
1976442
-912215
2113089
-1540020
1062400
834268
-903562
-154584
-188295
2098950
-1346621
-595081
128716
-2248151
-1142276
-1206660
-531838
-145374
-1028409
1290669
-744866
-392743
-1060347
-355419
626659
-1404922
588069
-2186493
1474405
173401
-278160
-2735819
25914
-534487
917259
-1508752
-2053880
-1196107
-387701
404607
-2026336
-1084451
-340976
-778011
-367355
-1141397
-23010
940174
217157
936558
-35609
447218
-2048363
-1281620
-963145
954278
-679252
-2384454
460722
-848382
-1990030
2059898
614661
-656366
-229940
-836438
-2285966
-885319
1242172
765645
1388152
-707522
-1021330
-230317
118376
-1911629
351072
-1918767
-474555
-175529
47838
-1962653
848209
36459
-1414249
-1183777
-1905372
-1355874
-264718
-606654
-1423723
-931909
-1722611
67179
-773738
836670
-799429
-407052
-706124
-84182
-321136
322475
1160957
-623831
-1931620
995235
35466
-245315
-1243815
124574
-1128411
509323
-1367524
1406146
1466842
144937
-966123
175792
-111812
-537965
227216
251165
569674
-687653
1276640
-637579
-911868
534487
-118401
80152
-648330
-942344
1405111
1113732
-755427
705724
-2094799
-1997462
-655390
20800
-108536
327128
-653821
-807704
-692845
-1025934
-1319148
-479935
-1741672
709648
567157
448705
-1495653
-844939
-1393306
1491949
580916
-1860148
-1644451
370166
1021751
-1008299
1322218
-786483
220325
1570247
-78832
-908937
-456230
-19883
-2322349
-1502717
1242452
-597800
314371
-18182
-97492
1745600
-2627437
-837355
-1273518
-1632896
-544831
-291564
1914503
-1116723
1423247
-2031434
1238778
-849130
1535295
766988
-2034742
-800337
-1102316
-1281760
406296
-209510
-98076
392453
409343
-1820212
-1693401
-417529
1051764
-1754084
-53621
488802
956323
-1523227
-1379790
-952166
-1656942
-212491
-394159
-223781
-1176254
-49658
-1708635
-1653339
-876216
185734
-240331
-561543
-406843
-1203135
734857
333094
1544778
-1582807
-1106734
-867375
16065
-2225377
924726
-42134
-467005
-2231938
384694
1332130
-118213
64914
-300669
-1124379
-1711341
891859
-27341
-173
-878315
59825
918033
-386687
-1151116
1188146
-1626059
-128244
482882
508968
-2000857
224194
816173
85088
-168369
144764
-1895611
-781369
-1242736
44308
-696816
-2379709
-1880226
-360677
-2783287
-508873
-340595
-1305911
248724
-249679
-589523
183281
1285146
-1699262
-240508
-484551
-617411
318963
-28609
-558840
-549853
39005
-1718348
717541
-593252
-284340
557287
-700515
1727492
-480139
-2268697
-1483396
-1223339
-535200
-674243
-1164514
-1321089
-137885
106556
-2068086
-1646332
1179676
-33706
585694
-2278436
441416
-187177
-408163
241034
-1547869
-2294488
-1838009
-839993
-1106843
-461596
-696809
1092440
-745522
1830983
-1573813
-319749
-2008606
-691617
-1202573
-1120819
-1229000
842993
-23833
-649161
-996801
-808340
415893
1459635
-2030112
11084
647482
-536956
-526473
-2159773
-2398476
-912436
-366714
33885
-86036
-956806
-336142
277678
-1476913
-1513182
-935176
148739
429069
-631685
1272123
798658
-1431075
-1812560
1090245
586850
-1510275
-283521
-561310
36881
786714
1204953
744179
1329485
-1654499
-1513494
941823
1580713
-2105716
-957104
105419
-1514416
-1663519
193714
41596
-745138
268916
-898735
-1880966
-596611
649845
-2464472
209229
27414
-2443401
388672
770552
810617
843570
-2359575
-1659408
-320684
1289769
-2274900
-1740920
478025
-989879
523646
-326854
1577731
60059
175643
-506124
-349580
1388131
-491423
1528451
1845168
-116386
46071
-115202
153992
-2370853
311319
-677102
-2317248
1336024
-1315283
985118
-554155
1328015
917576
-1797446
-171314
1256970
1242238
-506616
-932935
-97683
-576687
-24724
-1390448
-178462
-426242
-287323
503775
1281269
-1149955
1645649
1533211
-934125
1140578
-1472825
1349121
-24429
1261077
-1464651
901049
-908956
-1949624
-1560230
144709
64117
-820916
-583869
-2002562
-656177
-1103144
-189319
-300374
-586961
-2306637
-588035
-1315610
-1104426
1603741
541155
-1396273
-670654
1161321
-1288060
-1701123
1745410
-935258
-1766802
391856
-1784995
1534133
797809
1474918
-1287576
1149677
-2067178
-660558
1708701
-468619
1201231
863528
-1352419
-2168626
38003
-1703017
611939
938463
-1122539
-2748825
1222587
678837
-556532
1013622
-1346050
271252
-1311582
716523
-1724605
526253
34369
513377
-2307129
536568
-2416911
-617862
-1099047
-2010139
1025556
-1928315
-356959
-1033844
-1915280
-1030374
-1069228
170497
-476827
-2467583
-1226144
-104888
231840
-210155
-549928
-1717069
787779
1014095
305359
-529294
607734
208358
-27414
-1586925
-20
45938
-1016326
-162607
1009255
-204844
-1984367
-784493
-613389
1752734
-2059464
-1185354
-982175
-1792105
1048734
55444
-1751246
-73265
-750361
-1751633
777506
-1132984
930764
141400
570342
-1869134
-788510
294897
-1179861
-1261014
-468493
-462247
97528
-26362
-1150182
344241
1239938
-2164657
-842623
-818822
1530233
576763
-131336
-849301
358954
-401283
1759818
-697682
-2303015
-2246594
-1620708
-469623
1484964
-958008
-406810
-594791
-460180
-1916856
-52530
-856421
672783
-854687
-892602
-844510
771824
1296827
-119383
-1662364
235486
692077
-887786
-1784375
-1720162
1830495
-227600
202468
446563
-680255
-315622
458875
-2328553
259480
-208551
1296462
-616278
1125858
-673950
1318406
-918933
83342
-1335374
656984
-2279147
-1773718
1494522
-154500
296864
565176
510828
-1387166
-2674848
-598927
1368496
1095355
-72663
-1456383
-2186947
-1726418
530855
-167110
-926112
-2053107
298741
-432528
655677
114318
-1473037
-487339
395794
198093
109198
1113909
1297642
289381
-639680
-756415
-2522598
-33499
-880906
-1517727
-128964
-657270
-1284468
-354291
-372182
-770309
-12588
1229030
-327645
-515059
-1242990
-2547249
-963775
-249556
1694587
-2279655
12567
-232173
-1524360
1158184
-797566
-152849
-221060
-642243
-1306796
-822820
1103325
1010492
-2340325
-753860
-2039360
446133
-1973195
-354243
-345522
925324
-940617
470984
323190
-446649
-353206
-2638644
-863778
-397700
-893754
867311
1544266
749324
-340539
-1672679
-211959
-1429266
551116
-1076038
-2278250
-732060
97152
122204
784041
-720362
382785
176418
-412321
-1219641
-965031
-791953
549857
17114
1502037
93815
-762376
-1132031
-2565486
-901974
870766
-159683
-210135
-1703118
-429984
-1514635
-800401
181317
-1411227
-572506
339726
212619
-801963
37038
192274
-1809081
440925
243380
1516444
1241160
-469327
1602357
-997908
20335
1183630
-73730
-1902413
-140891
-1965134
-748864
-582807
601038
387659
-1734597
-1397955
-907343
-1382874
-276004
-1272043
-462007
805361
525469
-1374103
191356
277448
-462803
-1019071
-98142
260200
-1504548
1302742
-2251246
-395356
944144
-1241053
-1033142
109864
-1567127
-922463
392850
-553967
-459260
-3250
174890
873630
-790701
-670777
-2489146
-917889
-415190
462879
-699357
-1172561
869325
-572867
720317
-596612
18109
287520
-257810
-1436682
-2074686
-1325159
-1603812
-1611172
-974264
1548143
-574679
717854
-311026
-499519
646209
-1004735
-280969
-164603
-916173
-1369876
934763
-195755
-213998
-62223
-946836
881493
1396665
-186843
-1560006
-153421
1372639
432702
-1749862
-232590
-996886
806572
1357043
-987019
-43689
-780196
-391475
-407934
509316
-979823
46367
997943
-515308
-720425
1829889
1009688
-657748
-677242
52371
-1780340
-1191934
-2406292
-2649418
-183709
-1719727
-660550
-507651
-866909
-2032610
-2039509
1030126
-1181222
-2162162
-839160
8151
-1425646
-854373
-903099
-789775
-72370
2031623
-1830020
-476905
-201389
679567
-2170935
686899
-612652
1261526
-584865
172547
46325
-756084
-1743570
-1999117
-1185744
-773770
1001188
57331
1163625
-537796
445033
-1514993
-1216478
-787041
-601095
113514
-671625
-696695
-1359014
-394191
-878569
-59209
37129
-258196
-1548631
-2363647
-1017551
-718427
-1458514
-73554
-55479
1043681
578194
-985533
-924434
449483
-661818
1608980
784315
-620750
-62678
-1536796
-1812948
211712
-879955
-1565444
679885
-65987
-1389572
-2146222
703386
1065624
1785255
1113065
-1039086
-457122
663527
-1148700
1323206
-2495556
-828896
-812943
-527478
1180795
124611
836329
-1722499
-685203
-811141
-932063
912464
-952592
-940836
1126879
-2148891
92047
-1865625
-770196
-1374255
-871074
-1267863
-840943
233568
-2861
-1332485
-36865
-219619
-987995
-130344
-2043774
779283
259801
-2251944
1287188
-2258850
415009
-1349651
56364
529423
-1506908
-912830
-782330
-304083
195408
-890921
-1820626
-1796591
125261
-2090573
-1435138
-524355
-419499
-1656965
1169957
1470835
2127725
609174
-1191136
-537186
-336528
-1810174
-1233658
-318454
-1251578
-1861599
-2345059
858461
-2181165
1003010
773196
514369
-1278306
477160
-334076
-1622069
-602267
-2039011
-1958811
-549299
222963
1657203
597141
-2192580
-2128652
1360415
1872897
-446922
-1139005
-942353
-1027171
896337
-2322559
50640
-182869
657570
-2215831
-606053
-777408
184813
390396
-499188
1274925
702758
1857915
-1702353
-1747252
-1609818
283527
-88389
-128795
-2436048
-29666
-61402
-1184057
429107
-825974
-1556
-134497
51784
-1407529
803079
-1772984
-914109
-182347
263341
-970425
-1394687
-758456
487128
-117591
-157346
-226353
462551
-2088865
-1743870
-1990238
37218
-420004
-987323
-2146059
925292
1690583
-1023832
969513
-1141377
-47955
1406575
-1726912
-1915713
-1433337
-1349051
732073
868785
-401396
2363369
-36300
-208851
588532
-1033532
-1749654
-1004211
643351
63021
-244891
-728677
-1753743
-1987907
1867296
-2073096
-298072
-1772865
248544
708438
2098244
65399
-780507
-335103
-1444563
348536
-2029040
-552377
429387
-77891
170043
-56755
1323415
-98129
-648412
-2027822
-1364526
-1546387
139116
-1576672
-1440668
-785835
2123286
312853
-1499373
129174
461856
493077
-228089
-1286730
-1216717
267052
560862
-129031
576723
1182636
513884
221424
-958095
-1599674
-792982
23437
-1915039
-158235
-1286980
-941388
-904610
784401
-1416538
-751027
-33640
-469765
544010
-822654
-822848
247527
-2225360
586844
-1478796
-807484
-546590
-905193
-1114134
-1125617
-77034
-380001
625506
-413463
-2497053
938173
119957
1022064
-61480
1115989
876516
-1326399
1221975
-570817
163263
-847465
437634
1232540
-1976684
-1816417
-1156752
-2051340
485729
848902
-1169952
-714716
-563113
-1538448
-447831
1466131
-435934
-551260
688322
-839191
-367107
-1966214
-565621
175424
1405295
-581613
-2161448
32719
-320672
-706109
-1158233
-294685
1102348
-623417
844858
-1210284
-1461238
-634946
-547436
266146
-416932
-41100
108725
-1266064
-1065157
-2658387
20445
-1443704
386686
-794158
-139949
20285
-597929
941319
-809205
-1292770
-1039598
-939490
-485251
-932785
-1780963
944399
-1454485
-1483395
299745
-1074346
-920582
-903466
1537775
-478370
-1166321
-512385
1319099
-177503
-70735
-1554476
-896718
374764
-1021358
-539805
757574
-1703217
-939980
1494304
214363
185729
-1105812
-278416
-1452812
833327
-1313467
-649453
39306
-717581
-1625229
-329429
-2352939
-398894
911037
-610803
636931
-1516441
-406328
114433
740957
-1865512
1195923
-798986
-1072955
-1563929
306036
977277
-860375
-422069
136660
48553
-1307589
251706
-2077034
-2024262
-7774
-1707967
1237304
-1597020
-100731
-806961
-380017
-14773
-297139
71066
-1293323
-667704
79549
61257
-1991698
150499
-1552322
-2069358
-382949
-2391923
-1076960
-1469933
-1235422
-258415
-138181
-412401
-413618
-1018924
309401
707209
-1896636
-2581508
-220635
583555
1105970
-802830
-1285616
-1044961
-498145
-928192
337196
378043
-47317
-773392
25506
-1343416
-661242
994370
-1076398
-1947028
-986381
-403447
12192
-1077351
-1302994
-1177737
-860683
-142494
-1434684
669891
321877
-384805
-1328456
-1218393
689449
-352640
-1030221
254224
196073
-489340
-1650979
1391506
-106324
-1299265
230621
1612557
-840605
-1595837
326923
-2305907
934370
-519176
-612493
-903883
261025
1303472
1139867
121306
-651807
-952602
-730494
-1018523
-377514
-529136
-191114
-364299
-550865
-436637
902380
-911868
773581
-1376457
378028
-1158220
-2293668
1269742
185671
-472679
-1014345
-911965
-913269
-1804602
815958
-1131626
-300332
771353
165359
1075563
-176199
-1679441
-14420
-348265
-1466782
265662
-1448278
733356
-590208
-837257
-187092
-612263
305349
-880137
149781
-542266
-2790624
-348583
-557991
-1376124
-669812
324847
-1514452
-350629
-811771
1892352
812209
1304372
484081
185186
-1314632
159948
-642961
-1399400
-1128686
-934798
-131714
-1020481
-221277
747426
-1633975
-1735373
-1277103
-1512413
-1556849
-948198
382377
-1569194
276032
-1941217
-820462
-1275509
-599791
-1540861
-1723582
908832
364773
1245825
-829137
-1803552
1554521
-92101
-520863
540454
145080
-394587
-1602430
880309
-1347407
-1683098
-713207
9364
-655592
463866
-2251032
-2042113
-251108
139862
-16947
925503
-1037064
953612
289070
-1570336
-1639390
-1993905
224507
-1112266
687066
1067754
-63733
-1493008
704359
-85728
-620433
-837770
-1674205
660582
-2713685
294056
376323
-1082253
1185831
-386561
-918712
294807
1777095
-524017
-2049710
163692
655436
-150253
1461699
-1224170
-406300
-96713
-1156610
-754097
-145245
-1232009
-617156
-499328
-2091652
1021751
-51322
-1118182
1456280
-2653232
-1753961
340754
-81812
1102846
-2633005
-1020786
122581
717543
787820
422661
-824932
736968
-568472
-1006647
-739261
-1432122
842170
-2241038
-845395
1487245
-1406762
184076
-108609
-532481
940873
-1499304
-474719
1468671
-47648
1817089
1346794
55107
-531608
-1857144
941797
1042416
528695
-789283
575014
888548
1033805
-168829
-2028722
-20881
-283261
-1104524
-1191904
-2057781
-86146
-263319
-776437
-1043084
1638774
1764907
1171521
-745630
-1407597
-1186849
228240
-61469
-1199202
-365434
-1045902
-1519172
-1164114
-1713184
-652087
-859337
-1974651
-1057365
1034046
-178205
-750387
-840662
-875371
-660705
-94099
-657344
-695605
1676626
616134
-2188431
-2316394
-769483
-1850754
1592519
-1114224
-1800849
-2039238
67569
195770
1158820
198692
885433
6421
-370492
472238
-761357
-1968948
-711401
-1639053
-1617772
-231686
165950
781923
-1498691
847741
-1309159
-2622075
-847944
113183
-746849
-348160
-58084
-1510134
340888
-2041135
962052
528684
-1838510
484377
-997643
-304024
561944
715056
1471790
327128
66967
786493
-1184327
-1061216
227894
-1789023
-32961
-59220
-129335
-812280
-2342043
-41967
-539073
-1025952
1366563
-887705
87851
-294041
-79311
240815
-550603
-1013787
-81098
-826201
-121711
1165194
1170708
-97131
-969109
-2170966
1622631
669090
500083
-451442
-1546076
-1746469
-2374858
1239843
-899220
1594917
886128
189949
-225831
-1457323
-1253178
1758630
-585236
715916
-742881
877384
21840
295258
-590237
-1256595
-101785
-181478
-45737
-88775
-1738671
-2237887
592356
-844603
-872892
-1980936
223116
-334679
-664140
142022
80921
-1546213
-2069669
844718
-751760
66540
-1018210
-799503
186441
35071
-530159
-771791
270276
-238602
-287387
766945
-1553806
-1502902
-1687428
-183421
-593542
-1375898
-912512
-1256696
-1012616
-628349
-2023268
311390
-1342661
-2192421
519434
1893243
-1517545
-590477
309781
1061099
-839107
915460
-1659252
-1455368
-2031718
-743707
-110357
99875
-1980329
-1723408
212325
1456840
477957
-1109195
-1372418
-1736946
320085
476002
1492988
-1257789
-2476865
-1387761
553068
-1652502
-260698
-1333117
-901303
254686
1403520
455123
-54497
-1211917
870848
-572133
-1813872
-529380
-280934
473343
-237952
-391793
204483
1013569
-1975372
352947
-516520
129463
-1062677
426951
1646831
224519
-1828636
-1311285
-117037
-2677505
819939
115309
582521
-38208
521046
1201667
-270504
-267070
-684390
-1694532
-496742
1057423
-1841808
-339063
-1543166
-2592978
-164102
-285085
-2184632
369353
495484
-802918
370212
-496587
-177521
-82875
399916
1004869
-1162289
1708946
-76962
-320523
-2219695
830350
-776753
-1747241
-981051
-1732783
440388
179222
-299325
1444974
-586475
-237828
-1117404
298212
-636863
1405597
-2250429
-1590464
-1334265
-1366424
478424
-123205
-2391846
-223643
85164
-2612219
-637715
-76456
652411
136767
564382
813148
155911
693578
496668
-1624370
-1611740
414419
-772470
883440
-2558871
584289
265373
-1076425
939763
211484
-1382149
-26678
-98022
1604416
-355818
-410154
-637047
-195335
-129325
-1323547
621779
-1803171
-481467
-1454744
-611480
-2093623
-527143
728781
-1166928
-1223020
-725579
242237
-502954
202542
-424983
61177
-458964
190557
1649192
-131902
-487726
-75372
-698255
1861601
1472553
-207455
-969828
-337918
734601
412022
617322
-724005
-620651
-1879373
240512
-247976
-150428
-469809
-554160
797704
412589
-1995157
-1936266
-1277577
1320348
-632980
1461351
-1183224
-984478
1477329
-544000
-2168531
-1089721
862304
-953584
-318295
-1255060
1591541
492516
-206176
-828431
-1944698
-1646313
-1828967
-669926
-88888
-818849
-1332377
913171
89273
622357
-524038
-272064
-2317001
-632111
496889
-184835
-794252
-552818
1252047
-1625723
-467527
-1393898
1789580
-1122636
-531714
-401434
-1602263
-1399971
-156826
-143046
1264093
-1294918
901724
-574980
324685
-480286
1316256
-186583
-1690767
-551207
-1663776
-326802
943938
-207797
-957022
-819370
-1316954
-497022
-1013788
-2215435
-1625221
214534
-1006778
1743352
-990990
129033
314811
-592035
115472
-1618746
1481311
-2362743
-1088530
375771
-820837
985882
781484
364016
-1445301
-151127
-2225318
1007769
-675991
320483
-594002
575930
-1148342
-412311
-438498
-1477922
-1860148
-216537
-225848
-75153
1344750
345537
-1049544
-576251
19228
-508418
179832
565644
-297393
-876804
-785422
-431867
569942
-381677
1544184
-1538488
-581059
-724696
-358556
-1013911
-317262
235752
-504310
1233110
-53781
569462
1137614
-143982
581637
95738
384033
-145445
1046562
-986166
-20792
1557713
1234333
-947544
-800663
1681529
-344568
-649221
148540
1529787
655238
1114263
-1867045
-569532
-1236378
-1006003
-2244719
-2050846
-231986
-1725951
405007
1520763
657331
-1835928
115275
405073
-973004
-261967
-838010
-221623
1556227
-574557
-671855
-1410902
-898778
-438209
-1243822
165235
-1345510
-1406020
315694
72505
37908
-1867895
-1174417
774343
-1251418
-582189
-917953
-556936
1421136
488508
321201
-756997
-1563011
-1046175
-72984
568543
-2226388
571024
-1817377
563955
752714
852413
-232698
-458935
-571978
1213294
879449
1161554
780689
-1469882
-1627410
539960
1660157
-654227
-96267
1723711
-1702377
-1152290
1619649
-1215031
1086832
-416053
-2586133
-1282125
614555
-378888
-423813
-1031672
1078059
519382
1112353
-733775
1288287
439392
-281893
-361485
-1268562
-1595577
-285584
155322
1749361
-1044497
166653
-277552
-953511
1064272
-753567
-428051
434584
512510
-1700629
-146076
-908479
-553805
-1365635
876883
444339
-1848491
410189
-171373
-2084122
660483
-499087
1305625
907404
234447
-469406
-1362258
-812364
88338
1183099
-2153785
1236117
-984709
-731915
264679
-1155247
-767693
-1471087
-1021014
900808
-497303
-1325466
306311
-1192209
-281061
975723
1240196
-222755
-411750
-12994
-384417
1133272
-1159139
-1005526
-2101737
1607491
-523760
-683827
768553
-1841462
-612189
-2151893
-1539001
-1288185
463698
-1019409
714237
450871
-1551580
693784
-1411551
-2492079
-1759115
-850610
-708209
-759241
-1345506
-1557356
-1043046
-2392836
-629816
-734478
772720
-230142
-1333861
-991782
650133
-2027940
-1812403
1808523
-1619356
-440094
-2254287
-988472
-1581046
-646554
5718
-2093395
761211
-1635264
-862459
-1487750
602267
774059
-565129
303358
-379368
546537
-676881
497814
-1955248
401146
-656207
-1013240
-301227
-1718652
-614713
-124209
1536275
-76052
45756
400519
54980
18696
-407274
200020
-46610
-1028454
389929
396899
1154564
-129910
367983
-2079977
1010319
-600961
-612371
-697410
-1918803
-124351
-1370207
867796
-1702639
103416
-522177
-2235373
-1478029
-77458
-827876
-1973617
-428173
-2095135
965996
-941174
-621561
1114499
969010
828312
199137
711961
174408
1622077
-1414739
1566541
1332134
499425
-1166622
387904
-1248263
107877
-1185381
-2038515
-1696869
533217
-60926
-2004964
1141094
270221
278128
-1649822
-116340
-305585
-698026
-2346120
-1597148
-922868
-1032184
-2093603
-1113995
-1617208
-1643721
-824949
1345012
1954125
-1961213
-408395
-661011
1765207
280154
1653636
-1008410
1441578
-884205
-610223
-553997
-1366399
385316
-1030008
134644
935604
-113895
636810
303086
500922
-360765
-675795
-161925
54095
64897
195083
181807
143047
-942136
-552649
705413
-50355
531699
-129687
-1057662
1670179
-1115441
-298293
-446177
-1487405
239790
-847268
-2427771
-379342
-2057956
-422245
1455104
-829645
419185
-266633
304678
-840087
-664132
-482005
102440
-1763596
38216
593184
-360427
-2743864
-1072712
708668
1320892
25845
-1050646
695305
-676379
-1078442
836269
-186495
-330142
-1017751
1445121
-571539
-208972
-922874
-626665
-746994
-552813
-1439592
915809
-2035658
834525
-1104021
-2319394
-1441367
-1442875
-187657
1151115
-624177
1023051
-1360887
-135695
296450
88963
996309
320714
-1121319
-706586
-1657787
1938190
-1551047
-624967
308927
-1357397
-72925
-1755433
-1608815
633748
-600822
-1341156
-573671
-1120014
-1452326
-1470558
-38993
-232047
475271
-2332700
884160
-752644
-633272
60901
-246221
-408954
-1407844
-586745
-687197
-1555060
1440442
660491
-862217
-1013562
786215
8516
-1103008
-2172082
357605
-2099711
-354493
-147209
-1490907
-503471
-1427853
364674
-2431475
855591
120060
274806
-261866
-418166
-117253
-250960
-487594
45410
1891744
54784
-1656610
-327293
-1360458
43764
-980997
-613385
866428
-1006814
-1941846
590081
-106358
-564546
62158
887120
120201
-1567452
-603844
-1975287
-145756
1013822
471049
28358
219815
-1513450
138293
989183
-95332
213275
341248
16116
-1334848
-229549
250772
-1646737
-1564049
-2007517
-1448124
1380141
-1460783
-397255
993128
469734
-1906328
-582822
-1181212
-254168
-688482
-1972747
-528691
397455
1339388
-1833218
104842
-7893
1760258
-2109202
-124221
-1312103
-1767564
-2209918
-429054
-1898886
19766
-1936562
-174051
-619504
-130895
-127254
689853
542622
342497
-689928
-599171
-255314
-817676
-454965
-1970752
-491999
211215
-1002548
36799
1870636
-475825
753438
-996199
-282552
-301708
287224
-1017538
-1058786
1446611
-45792
-1070958
-468768
-1608586
1325253
618368
-1069491
-404971
-764329
167805
-1815061
810936
-1480805
-859255
-1446572
1101307
1951881
485830
720667
226579
-10445
181619
1506253
376712
-285044
-2319122
-1390448
-456213
869903
-951500
-928838
-1261647
-1626661
2348746
-754138
975039
-2913849
-195290
-1547349
-1534035
17950
-2151254
-66475
1901199
709475
-554310
-195104
-806411
2093362
-568864
-174402
289384
-772811
-911429
-396250
-517845
-829161
-886448
-417923
-369972
-1817941
-1117547
-362283
-89544
-1478705
-1966193
-1512360
-977201
-1743188
-2369466
-1585578
365702
415490
1897817
652193
-1702899
-1053144
-330133
-837855
214423
-994699
19483
26363
1250416
621258
356827
-464014
-1265370
-257239
2045126
-51056
-297728
-892899
521496
-973322
-670967
-1887805
-739172
-1155246
265353
-257236
-1524467
-1393074
396287
-661057
1008100
-518435
1482838
-773424
1453126
-407718
584747
-1557289
-1147467
261726
-1461897
1185189
-225873
625869
-753753
-6130
-911048
1331044
-481225
-1706046
904793
-330612
770399
344172
371610
-802813
632792
-2226843
1088483
-1604843
-667749
-1993805
981295
-1759138
-84200
-958910
976706
-1729490
307393
854752
-324412
984018
223926
62884
-1221599
1403016
218754
-1422826
253382
-1730847
1311626
-446082
-732942
156504
-1152605
-697502
1254316
-412791
-1082798
1224800
159371
179133
895443
-1962473
425622
-639464
-171222
-2017809
178648
1520249
-491090
763438
125359
448245
-1149694
459284
-420025
-465919
-2301069
-631492
-259717
754923
-667145
352326
1259461
180961
893927
11152
-761874
-850673
345720
-107842
-1486218
-1444469
-129827
1886534
668751
-1279655
-576559
-882679
692845
-1870831
83302
-669406
-371198
-740209
-622243
-270616
-1280623
-1889187
-347468
1494018
-1163363
-783696
1602933
471130
233703
-1432058
-1026244
-738074
1754455
414875
-82443
-234775
-1740338
-670117
-1017750
725689
-50268
-388925
-469707
383790
-225335
-1214963
45708
134743
-1296276
-448099
-1214334
-543909
568989
-1607592
896569
-1763030
151353
1013274
-146347
173651
-1014063
1016401
-683778
144454
-1535757
135451
179981
477835
314810
-2027566
-1421321
263110
-898620
-498443
1562803
1865598
-5648
-29693
826506
503816
1474583
-1838677
-2005029
434458
-1179122
-1098942
543754
-1638310
-998273
-520354
549754
445001
-1520902
1704472
485849
104985
-968786
-584969
1222207
-979445
-1558433
-250928
-26090
-1327277
-406591
-1044408
215713
-668963
-732578
1177073
43378
-749138
1402657
-1725731
-309017
-1845913
1127091
93705
-1325750
-1168329
-868237
-368350
599226
-1064588
-1382965
-644302
-272014
1512454
1035348
491366
478082
-1137662
216481
148431
950996
79647
164465
-500544
1502730
151723
1318927
-2275271
-754872
-93762
-1111739
-537425
-1296719
-1592750
-1845931
705701
-546907
-1867181
-191984
-574210
-1670328
401959
-1978723
-606870
-193223
1648486
-418741
-1256838
835894
-2545964
948176
-1048657
606085
1102461
-871088
703167
-1284645
-826313
-958092
475260
-2216820
-2645480
1394060
679960
-1600769
-123547
2787
-448703
-529488
-73514
-935394
-1862315
-418421
1303975
-121178
-1321686
638861
659234
876516
10997
-615852
-964593
-1779498
-816499
-1716630
-1949397
1631955
548563
-291712
-286734
-1501201
16809
-228449
44623
902917
-1662899
-653207
-1552747
195665
-984550
-261057
-954104
561478
54136
584107
-965613
-821997
-85531
-1794524
273984
-625211
-1335614
-146557
-1082585
-93986
-1739082
71066
-993479
-1047973
-1995009
1272797
342427
-758327
245669
76003
1724990
837134
1088061
1247884
-631127
-363633
1371056
-840792
241208
306071
615875
640050
-228138
374064
-73112
-1113661
1111848
-347145
-2254073
-508689
-651728
-2431988
-802696
954149
-543636
274939
-787610
-378194
-89967
-1471771
-693492
1027042
-438543
-295870
-822742
529571
1059187
-692623
-2131276
-152106
-1441905
-2140700
-860150
-331173
-2333862
-910926
-983053
-36260
-306432
-1187256
924081
-2420280
-1545222
-425615
-212599
-1359418
-987490
-1481266
-43210
-1068645
-1503605
-873832
-1213229
-2086283
-1576681
-578564
1318964
-530280
413431
-1233291
1002324
-693702
-1798197
-864959
-1434773
-228624
-1326778
617676
-402487
-2447647
166903
-357811
1304831
65225
-220330
1261631
-625211
625555
-297729
-2804803
-1043774
523217
972144
959760
1107639
66809
169402
1896338
1098526
-1400354
458878
-616781
-1128702
-1487436
83419
-96626
99957
-203207
-2774979
1086417
-2295991
-1002964
636726
-283454
1064105
-539792
350467
-468321
-963328
95613
-8625
462201
-1989847
567486
-282239
835535
-1177109
-1596863
1314628
-211190
-954798
-478493
240975
733920
-2350616
-525019
-192543
-2810010
-422777
1369139
-1928578
-1049951
-2074079
-2357569
-1973534
248775
1432111
7407
-306104
838620
250007
-50197
831537
200916
-1138233
1598456
-1117116
-2571471
-1920931
-565674
72289
-1547517
-485160
254526
-720438
-1250606
-215781
-2334843
-930643
696404
947802
194017
1069272
-52010
1007029
1928515
-817709
-1513280
-804851
-1868705
-75854
-1071512
-1109210
-1258702
-163077
1219489
-2049555
-1785900
71932
143508
-622440
355200
-2285820
631833
-835419
308677
485595
-1390616
1664681
1233097
-210426
-1013888
-1336830
-245716
499562
-1825647
-451638
1984435
-1478017
1380461
-777479
-403683
-721949
2068015
-1053362
182580
-1311770
-460444
-224432
-1482178
-1985935
490931
-130097
-644560
-1181774
21265
-82737
1031224
-135723
883274
-51145
-1741207
1181308
1166331
-726341
294904
-578009
1773300
-905087
-478477
-1540931
1262935
-697077
491817
-2172722
-404745
-1394880
220705
20229
-1327671
1215070
-94947
-121179
1171215
905107
-1836132
-711878
-287993
124572
-1493354
997753
-1870992
238401
-1225468
-509246
-396733
494551
-2194954
-852729
-1060066
59695
-822605
-1785373
645071
590132
-2281310
-705373
170963
-1560059
-759501
-433162
1168309
-1284219
-918522
-150428
-689749
-2504950
-1963909
-746988
894597
-320963
-163136
-598660
-1478391
-1301415
-1938894
-63261
-933738
-291589
-1483351
-859770
-914097
-53587
1191418
-792453
-620100
-955876
-203622
-593519
-1041770
1827140
-701075
-558275
926476
590606
-203873
-1428536
103784
-2096186
-1530369
324508
-118929
556578
-814508
-1500531
543220
-504271
-1473495
-2115553
-249291
-830921
-1072971
1444684
-1036631
1309320
-271967
-532497
48077
-1198868
331390
248917
1690276
-536064
-500553
58738
-1128610
-671724
1995979
-2041827
-2420452
-490446
-336403
-756383
-778108
-1639020
1488978
-384890
275318
-398596
-803210
-846617
615073
-2305764
-871467
1561099
-314382
650072
1544157
-1982276
435522
1736097
624482
1896929
-1440678
-171055
-448307
-16775
-105422
-117190
-1165311
781286
846733
1085912
549140
-1084096
-1201321
-4072
-1004298
-1739246
-821879
250722
1183257
2055
-861167
-1215040
-7046
-1268441
-1039264
-519763
-311837
-1612303
1590815
-933467
-1198110
1429243
87695
-766965
-102903
-1029093
1147734
-194319
-692622
-167629
-976002
589754
1517071
-832372
354976
-282316
-975806
-21344
197662
995738
-189708
742152
1228577
206970
-929738
1325903
-659733
-2192524
-698132
-1586737
-1458253
-346207
-725517
-1380518
-1818484
-1146740
666306
206991
1173026
240797
-929010
-1481186
-29636
-210065
-857690
-345994
1637816
70412
631429
-865833
-1407002
-363858
-1238038
-26172
-938803
1437911
1221345
1759296
-163899
743796
-582193
482951
644452
-270538
-1663764
-1736360
-2234070
-442088
47338
-599188
-969163
-603278
-536682
-1083623
-595877
-902123
238396
476444
-1370635
92445
-919331
-1888327
1143816
-1768754
-517850
-400703
1184522
1609130
-576471
28688
-1361343
-832266
1140329
-1096142
-160710
-69088
1413683
-878421
-1206903
-1309943
-1159213
-1888371
1490258
-1194675
-9722
707607
1093384
-792441
1582259
-131901
2154867
102228
1072249
-455916
183405
-1276823
-91231
268606
363484
-622868
1132905
53027
-573417
-1193583
-394105
-1721370
587667
-1879143
-772811
-278909
-1016886
-731473
-951283
606819
-394422
-282156
5626
-1879221
772674
1744234
-2089309
-816089
-617478
-1051834
112271
-577827
-2319458
-1628386
229254
-1647149
-576456
-509567
-491039
-1033466
-174548
-2082404
-2254886
1552266
-244655
-1943664
-1003371
846743
1168027
155744
318784
-1094038
-109644
-589103
-641340
37385
-2375206
-1004148
-1812548
538327
2114164
2044293
-278819
-280069
212181
-127858
828863
45640
-1075721
-667483
1053428
-1580050
-595604
-582606
-2526120
-1432533
118355
-276123
488092
-920866
-892426
256343
4320
44380
98351
-987686
-2036980
-1535646
522944
-557329
1133774
-975038
938527
-504681
-59275
-1685313
-1896315
1601849
-275181
-827348
-421196
-1054789
-646231
18086
1071724
-157092
-355228
228768
-134159
57237
-981738
771295
1697436
-595687
-889496
431472
-1694549
-2259958
-283407
-43882
-424921
-1133797
-2604374
276555
-2463075
-1844296
-1811198
964344
-958137
-1710988
-586287
315598
1622816
-292518
748556
-692858
1095654
-271829
-149513
-2679398
-302060
-237978
-347920
-839069
1281567
-741832
-625349
-727258
-707652
-524705
-1029608
1197036
-887543
-1256968
-187357
-28571
-1833464
-2062676
1490526
-2220534
-2216520
1054099
-878120
1166539
-1266116
-55821
-409157
-1589155
141932
370808
-1851425
-1241055
-749335
-548629
-1303012
692301
251212
1136322
357528
-960220
138064
-2579096
1007965
-30647
190663
21681
-536964
-35833
-2289055
-1276726
-1691563
914489
-1916572
-1281338
20379
719347
1375303
-790769
731859
-1163372
-830621
-2227799
1097446
-2024893
-437411
-1283609
-1637381
-466849
-286567
-1218682
1365769
536015
1528172
947215
-1675606
1461564
-439565
-896385
-384957
124602
-845361
-209349
-1261588
654265
-166595
-1187904
-911108
-620786
-2023014
-973709
800906
-1540607
-1459750
-296641
355825
-192204
260827
-845495
-1768703
-377727
-288170
156393
-1874800
-1104575
495338
-406580
247797
-1930774
545857
-1434936
1036829
-729181
309999
-381380
310795
-642300
-48829
-667071
629340
690234
-1841712
-365911
1329647
-425956
-161843
364929
-207833
-2267469
-2685722
-1660341
-1033685
-1294909
837319
1358688
-645374
-213576
419952
-2059495
-827108
456469
1681735
131557
-332406
-2048749
-1743718
217886
-1018055
-1484861
-1257736
-698999
209252
794607
-898892
1150422
57166
-2142783
-109816
-408782
448025
-368865
643093
161708
-807451
-1638985
-1688828
1187548
525405
-771763
-1544955
1627094
-636268
278316
-1122516
594320
390317
-599893
1513448
-519078
1384985
812995
-955718
-889349
-1265370
1016696
58144
-1002134
1215502
-2057388
753099
-1341845
-1246836
-760603
-1966510
-1578408
430066
-2027278
-538533
1949737
-357914
-2723895
-1282505
-41647
-372963
921971
-675041
-460392
-673062
348068
-1132931
-2170683
-945868
-757430
-789667
27705
-1348945
-1735318
727062
25313
-1424850
-505926
42709
290629
-1526352
-1213862
1635572
-424750
1101204
-326101
-1913065
95317
318552
-2114712
-1161099
-300544
1533161
-1802319
-1230650
-1430566
-1081131
-609668
1401437
-97462
559063
870291
-1354845
-80800
1431646
-2805045
1085712
118859
-145469
-1373366
-2356753
-1447596
-1239513
834811
-98025
-1606372
46231
-2216
1534963
-1441138
-454054
-539769
-1288728
-247509
-609333
-1025028
-319061
-2087806
-1558221
-719160
309456
1830542
-2057370
-766306
-141847
-125831
-696864
-1352107
777394
-54208
-254294
299494
243423
-53636
-154812
534602
-2377414
-550944
-279007
-578589
-964234
502972
-511393
1096741
1820350
-1699848
1131300
-483516
1751880
-2216919
146849
884631
-1234140
-318447
-1061442
-33976
579946
-1203251
980249
1115528
-239581
-600435
-1492165
-387718
876738
422409
768576
1020627
-775175
-28837
-517228
264008
150890
-1399688
-554896
554344
24317
-563006
-1624894
-68079
-511602
-1867676
712483
-550349
244471
572096
-290567
-120192
-593287
535362
-1442174
288904
-1021007
1149282
1017979
-628575
-1214825
-291096
184445
-475263
-860626
387504
-1719769
-1311781
-1025402
-730195
-2314993
-1692171
736830
-583809
-1074902
1489346
166138
-1881960
-1626359
-1743724
-1791120
17923
-1128580
-1142147
1307045
526576
-906990
608345
-504185
-744549
-1101745
197071
232788
50828
1054142
1470529
553451
-752915
1048569
-1057833
-2036319
-2277191
214607
1612773
-224261
-541104
422356
-530608
1571618
136659
-30695
-328426
-678779
331426
-686278
-498889
-362104
345065
-2451443
94563
-787200
-79720
429135
665925
-1409585
-948020
148207
-1651329
-262948
220653
-976952
-985387
-926768
-1403068
-281383
-1051045
566535
-798005
-94090
795213
-578417
760812
428762
-403289
-837697
-1420432
1070709
-821058
-1519595
-1084597
-563328
927376
-223606
-2083091
1339886
-119374
-708185
173763
-500744
716225
531765
-520266
-428629
-636123
481013
-328688
-1509414
-291347
-276560
-1126641
-1750696
-2061237
755773
-1001737
-1676283
131536
364870
-536930
-824115
916644
557815
-646119
-1678883
-1665184
265657
-692324
-214320
-670425
-839584
-398920
-2125897
-75593
-86583
-1669470
1490130
100115
-1698286
-999890
702678
201051
-975166
-178397
-245680
-457400
840551
-1011478
-1724408
1694700
559821
-1379498
-636743
-510667
-1326629
-1803132
-91785
-549046
-913681
-2034668
-464906
1115989
-692912
-2611545
-1972321
-406946
64538
1469
-2249473
-124271
1207966
1709940
-839554
-1944123
-1027419
-2125581
-960001
258528
-857103
15142
-2669462
-1459573
680452
284170
-1632245
-890668
456339
-893087
-1462552
242436
-677476
371369
577480
720713
-1160712
2226119
582819
-1427680
-406627
290808
-60779
-1774943
-1149390
-74873
426966
248141
1473962
1248072
-1027861
-1217909
-50620
-2172311
-29303
1086796
364373
1239061
145259
-2241143
-1537949
597865
316333
-2185153
1825989
-393931
-67094
-919453
-800183
-1380797
-818885
-599035
-1334833
-830921
-1808489
-2251735
666306
-1077944
75374
-1080423
-359405
-1375168
-1753073
-1450998
-2474897
-1732622
-2269715
-2267824
-2056454
-530398
755247
37946
-2252175
-682357
-470596
2287179
-1179123
-409362
934029
-1181238
-913328
-2129967
-937788
-828003
-742402
-218147
1421683
162255
-1094161
-1804695
1064354
-2098104
31115
-298754
184212
-1187257
947853
1798019
303239
-681524
-740872
-2436945
-1611419
-1082883
-1276209
-1238564
794880
-1847679
1189838
-1227884
-2093976
-694134
527854
-263983
1592189
-448751
-503795
-946387
-505193
-1119281
110791
320948
-481166
-315956
-105536
-374969
-788122
450736
-1450528
889576
-271150
-14686
-923961
-1583719
-506412
1267041
-1108496
-390450
-711406
-647677
-456193
-2794615
-915098
-1974454
1009329
-77139
-971474
-1671083
-656069
-870965
-723207
857975
-1732163
-291625
-2562199
-1578585
-166168
-2314242
685366
-1490365
-681249
648727
618875
400829
-555873
1511247
-83085
477160
-1696890
-1166336
-570078
-96749
1183715
-833747
964874
404100
-7529
-1352075
-1613589
340880
-613398
-2093429
1042683
1164157
-719587
-835575
-397710
182621
-802990
-37368
-582821
-1399128
-1689034
-1550205
368598
-118238
1177958
-210155
284923
-407374
-2212833
-2101532
-112079
17183
520239
105453
-870177
708773
-260319
-1820666
-1489828
-1156500
-930911
-267869
10908
354244
-603278
1163118
328883
-381458
-868499
-816575
-1083962
-1506064
-39432
-1149361
1835986
-147642
-1394628
488671
-799176
-605324
-354645
1472616
205793
-1385807
-15884
-547150
-2487560
-1494294
145972
-965208
-1718043
-105790
-797937
-1178376
-90276
-727459
-1098184
-1069435
299227
-1991629
-867515
-453758
-510224
446939
-1048703
-1811198
-1858102
-541742
-867858
769967
206760
-293696
-1697947
1420886
-1594332
-465749
-1328620
132236
-199768
-2078777
-448911
-1010702
-1313988
-1464327
-2262052
-517671
611000
-869034
-1107486
378416
-1547328
-435116
-2477792
1148635
-158523
-1937701
93646
-335462
498131
-448669
384870
424369
1731969
1295062
773353
-1849080
868709
-692289
454087
-28603
62848
-1251038
-1208559
-1328923
-1421043
655527
-150295
-359606
-2426880
519842
-492318
-577884
-1380
-2350236
-1168683
-495781
1404280
-203874
-684624
-105597
-614992
-2053604
-966123
258988
-1574816
-461243
-800850
-1597218
458668
-506769
1135104
1091505
617330
-1229232
-671114
1354710
287118
-472746
-829130
-2407105
-1777402
-638729
323388
1325970
1903280
6075
-1141945
113405
987175
465462
-1811192
-782043
328298
-1406144
-1322379
-267730
-402861
-1393522
-857724
-986600
890924
-787118
-1611241
742552
493613
-2346098
279454
-941535
1118009
-453112
-1402461
-820597
397345
-66459
-1428137
-717036
-487323
-1568016
-53929
-688704
-1048548
-63916
-183253
499997
-190361
-873271
1020741
-1192791
-750933
1016330
-314300
224514
29624
155702
-193866
-33123
-1078220
348405
-1458901
-242780
807337
-1084607
583756
803426
-6565
-161132
-2317419
-1097247
-1448167
113250
-1494673
-1584875
319891
-1437427
1249883
176510
-319164
242832
-518974
-297581
-1459314
-600597
97646
124691
-1577817
-1351119
-2134855
-432949
1390209
-303168
181345
-1622378
-575680
555284
562356
118290
1347346
-1514673
48837
-221463
-1810485
-882816
842406
216566
368355
630746
1616917
-1007044
-414520
-955147
-717849
-329009
447207
-718846
644099
-1490387
-2466783
321642
-748631
-2259134
-462500
-5905
-1522868
-1455420
-1734534
-1178984
998389
27707
-515058
74934
-171264
-377093
1494635
172769
-506673
1643704
-1020404
125585
36821
-1396788
207496
-1223191
-863208
-719150
-1022415
1681209
1420279
-386199
1132534
75658
905900
-241198
1359490
1600646
-768000
1069727
-1182641
206739
-1357314
-425426
-832217
-2530544
-1569711
-1160839
-1343796
820933
1927334
-1983545
1964099
1360425
230394
-548838
-762031
-1233605
-1292886
-922260
-1681630
-1304471
-647720
-705792
-254070
673572
634254
1451995
-1597672
266440
-1594840
-941559
857161
-778029
661660
-2401939
-372505
-442726
-1648852
-696433
131184
-1037215
-1028438
1502475
1267147
1111644
336978
-2200777
134238
405898
-1652234
-684767
-1528945
-1567464
-221838
-2149479
260865
-2426477
641899
1552090
-655296
-1444946
1658468
-1041687
-1429170
94098
153391
308940
-518641
-1463565
-151129
714022
-1005250
1578448
-931810
1151390
596982
243447
1440002
-954129
-610251
53429
-1588603
-499860
-3278
-2158172
-160630
503532
-2252719
632633
-483056
-737609
-47837
-1795794
-969704
-668066
-74516
-658290
-1564610
-1854408
-2329742
-1455336
661333
-146299
-1228474
-194698
580307
-1524055
-327444
1499305
320179
191714
-265418
-1035811
-1088679
64278
-1016033
-496527
-1390124
-382535
-1251038
-78301
258012
-1147405
37363
1047238
-361267
-423892
311745
-289655
-2117515
-1747986
-1093721
-858993
-842487
-989871
-931543
354560
990253
1101710
-625798
-2198887
-1016409
-346208
680535
1192946
214740
-2406677
386148
-1256606
-386382
-773964
-607865
-602380
-1338444
-1616804
503185
-817899
384356
-950254
-1321496
-1270143
-380409
-2636445
-2088475
-1943245
-562291
643019
-1447169
336043
91014
1343965
1086780
-1874450
-735762
-113277
-2032690
-982310
-2061969
-412172
-1536561
-1338801
-2251989
-1042940
1380631
516463
-1443847
130317
-1206107
141285
1061784
-1818132
-980873
-1374987
-1255693
-545834
-1617285
-792329
1885995
-510019
-173205
397961
-414475
82652
-502560
-932669
-1747658
1459814
551338
418186
-2541802
1939879
-2164198
227165
-1022898
-1518008
-479162
512395
-1025499
-745634
692535
1712767
-673785
-1612070
-304876
-591918
-1368373
612874
-534171
-182657
133088
-536203
-1131649
-827933
-1154316
-558601
319355
478079
-1393999
30087
-700801
608013
419073
211767
-605103
-1343466
-972304
-1694919
1718690
-754915
571881
884111
-1516047
211685
-1674094
-1199681
-264857
1173262
1582745
-2033477
-504663
-293891
-1531194
-747052
357667
-147807
-1428239
-1113514
1209895
326770
-1066862
-1066602
504061
-984834
-1600975
-646424
-1321920
1184182
-703342
-1657120
586609
-991904
-1717874
-1029189
-1418290
1348724
189252
-1338174
16294
798735
-119832
-918040
-354873
-516852
775114
1119768
-777028
51858
-1474902
518334
-176009
-897772
1181986
-427073
-254673
-1061619
-1289776
-485385
-640203
333932
-1027388
1209600
-767766
-23232
191062
313271
1124143
350801
1218923
-1081036
-1824837
1005903
-1072037
833664
997888
856790
-142661
841007
843374
348640
148597
-455466
-712654
1359732
-299350
992529
518616
144607
1145897
-1528764
-239362
669197
-1467708
-983187
2130456
-1973498
-612813
-248656
1173231
-1682957
-1352558
261642
-1911915
-535387
-204168
-644682
-1863932
-1389194
1092192
-173461
-121084
-679221
-844558
-1272749
-1016552
-589782
-1314072
-1964737
-1029458
249829
-1571745
-587429
1009156
301251
-691526
1513233
-1701410
-51208
-735067
464649
146726
63493
132939
-1408342
-2159322
-1610565
1541351
-1863161
-116916
-1025092
-1083810
-291575
56608
805504
356897
204710
-1025558
658925
-2106261
-769678
572296
708455
-2012827
1193244
801608
-1892176
-2175179
-99798
-947313
878810
-121437
-761710
-1572981
-1056185
-1447655
-313640
-1270264
1868459
1981659
770760
-988196
-748364
-734539
589465
-420060
-716098
-670753
-1101214
-751528
1327256
53332
-1643324
-2506850
-49383
1400203
-1664869
-2005198
-1542090
-322280
1100231
-961487
-871203
-1235247
880289
1192602
2001131
191448
689522
988316
-20726
645081
1260328
-38888
-1301648
-1103013
968852
-133135
-1750230
1025840
-1699332
-82397
-1656785
995617
46451
520652
-1412641
-1548517
-260446
389302
-983548
-1260843
-125436
-1308131
-186688
-150049
-272014
-88746
-200522
-219625
-363420
-2116943
302101
-424051
-280524
-450331
-1328701
1213646
554550
-648393
-719757
745038
1070832
-794397
777143
234574
129674
-2038074
906976
-1136698
-1818345
994720
-125928
144293
-1349304
1193409
-924777
-152748
-628881
-735228
-2446656
-1001545
1892168
461797
354119
-352807
-1042949
-534769
-1687599
243256
1108987
-1185972
1172992
243415
-1559831
-914682
-1466952
1653804
-1525005
-1813865
-201423
-285586
-1686011
1535376
679378
-37947
665236
1531548
-224978
1272763
37979
-597366
-1074159
-1953675
-845823
856441
-180776
-870160
-245255
471744
-631487
-1069217
1570833
221591
-238026
-1144404
-1210237
-126633
361351
-1038946
-1746562
-728293
-1933713
-296797
-1193680
823193
-1970159
754377
-612165
-335951
-2498634
122362
-1870080
1070482
-499268
-924850
-1731620
-2351708
953607
196432
1384209
300857
419663
154869
-874973
282369
-2405133
-1358901
1404424
-165596
-89370
-509350
1776543
619574
-123349
-2164198
-445232
276564
-2086824
-927573
69438
-2162957
1367089
1386007
-630310
445466
-160546
274822
1164949
-670597
-87175
-891161
-727515
-1716200
296083
75793
-567780
739103
-1961016
-1618229
460166
-1835041
-2113687
137230
-353065
1074393
-906449
90146
271824
-1963182
-1251792
321088
-747076
-1063293
-1238524
248083
1310465
-2415886
-2121405
639292
-988707
-1038859
672305
465597
-181838
743829
-1188967
-79381
-1047497
-1257745
-1558139
-1257973
922722
-965740
-753799
175237
-1506881
388915
-492530
-206552
-769397
-1679713
-624914
-2176757
857811
-1282419
154136
-1279325
-303081
659750
-870332
-2483499
761183
-1957763
-704854
1241088
-854678
-787874
-969935
-1492844
-1646770
1161246
-270126
-740967
409874
232286
251120
-466871
-2101955
-2112892
108203
-359325
-520670
-201048
-1645798
736153
-266361
-396158
321337
838619
-879571
466926
95185
882503
-1679416
-1770257
1191125
-1429269
-1908229
855966
1378887
328373
-1045052
-245494
514697
-134007
1362062
-2278732
-2403678
-435248
-174975
-282596
-1241087
984021
1937239
-18023
-2030593
-662102
-2114087
-720023
564970
-941483
-2011341
557577
-1964443
-2086135
-603284
-928932
103514
1455843
1632956
-1580066
-1364201
1133017
809960
1150062
-995437
-1140725
233261
1817468
-1656635
-64210
169961
-1676355
-448363
-1015964
-915378
-1443814
-50114
-357767
137496
-657419
1518192
-2086377
-929012
-460820
1105016
-1613815
1028735
-8214
-673430
-83546
-146652
-1728803
1639968
-991392
-34873
-1256781
-510253
-1486850
431488
950745
-978337
-141681
750914
131292
326776
1115662
-299170
-583495
680123
-1208428
-410377
235192
1004546
-2010669
1019533
-1493190
-77878
517241
-1585376
315752
-506529
-1409009
-1514040
1084106
-1323046
1127426
-481247
-1439161
663454
-1568942
-877041
1276305
-1411314
-96008
-1892647
450422
-34175
836143
82279
112626
918300
89398
-1220028
-1914994
-1402377
-1090536
-1328074
1707866
-154004
-26216
-1636044
-1001638
-297489
-1355767
-80466
1066050
-122534
-1309129
405179
-461588
-679876
-1892669
850831
-2392542
-1385687
1580762
-130957
-2138901
794539
1317007
-2523503
-360128
-1923725
1303975
353734
-504925
92869
-1436535
-422854
-401922
-1415066
-1021941
-1739419
-596098
-1635482
-337880
-1264474
56086
-59395
-927920
-698466
-424246
-75780
141400
454007
1684834
-1339621
-1470178
1714959
-726950
-701355
-33584
-149960
1180557
-157516
836895
-267814
-1492950
566681
1301397
-1255882
-161519
-1272554
-50317
61272
1421295
-1418639
-70848
266815
200671
1054289
-1521673
-176390
532148
1286361
-1374702
-1206208
-986363
1437905
469974
-2151187
-173931
31520
1542376
-669989
-582233
1005218
421485
-2352468
-48040
-205658
-327306
1270218
1120022
1138643
-734605
-360487
-1426947
1261414
-554242
-1162578
714363
-286892
1284784
-1040110
-1340803
1040150
57273
-1946491
543013
-2219921
1042636
1706364
-1880170
-538740
-1798405
-915670
-2648960
-38799
1144985
-1175091
537586
-278155
-150870
-1036417
616396
23917
-1173375
833987
1481232
-127362
-552867
405321
-391781
-1593307
413528
1757779
-212790
-1070922
-1331422
-21604
201555
-1473756
403351
-2385493
392091
-745309
-383927
-751761
-201388
381348
931933
399725
-2137198
-893424
-1494501
-1861376
849614
-1562634
-1843694
-443913
-52129
-1096365
-387775
-543643
13230
-2174337
-781366
254562
-397370
-599706
1101565
-1416412
-1304227
-551057
-1860587
313214
22983
-537811
-242882
1603912
915646
1434940
-1382015
-387627
146204
759203
170511
648651
-1411312
-1878750
-1181102
1702031
260056
204314
-2684887
946171
1172436
-1820753
-444471
925583
1182454
1221987
71874
-376844
-898445
-1775480
-1906669
-464948
-1715761
851444
-1229591
857406
-1054300
-1584100
293802
-222411
-666406
-2052328
-380368
-691322
-1697078
-1763256
-411022
-1131911
-397864
-557440
74547
278082
-112680
1214104
248470
-273941
-155322
692479
124304
185543
-1582705
-1462134
1918539
931254
-1191503
-1017629
1259007
631451
-490332
1145974
883358
-887014
-357507
-2176586
-1426524
-919586
48530
-1207516
-442546
-887329
-1960043
-956044
-389315
972810
846375
742489
-133971
320344
1455038
277625
947689
684703
-500653
730494
1769442
1261393
-1873780
1095506
-782913
-590558
-94301
-1288693
681208
144068
-832671
-2440967
-2037557
-2028113
-1602488
-1080161
-121662
-584618
-998290
818266
-409060
460740
-1487390
991053
-140490
593138
-2085019
-2059500
-1193519
714585
-22005
1866209
-916407
13857
-2492795
-1004128
-1134694
-1599219
-1739017
642029
-1705610
902661
-492329
519453
-910215
1164947
-1057490
-1476673
-241219
-1409122
1342352
-2236809
1108909
626485
-403794
734486
-1427909
1450600
-2063360
-2284854
-1609889
-1498289
-107298
-189217
-1493934
394470
371025
-913752
-1665335
477992
-493312
855519
-2483118
-1738329
236217
1771825
1211853
583517
64160
-384848
-419524
596555
951990
-20011
878982
-68112
-1767453
-892721
-686179
-1641483
-1025350
-230544
73191
-1827536
-364566
-433765
1440904
-520438
105855
-200896
-529922
-2444968
-1321601
-786349
-65440
571626
857242
10607
-179157
-585009
-854810
-1283100
751267
166312
-380370
-1388612
156745
-494789
500687
46807
542433
335630
116052
-1435224
654035
-87146
1269977
-1257853
-107987
647276
146349
-1763383
-253374
-391625
-1304781
-257791
1009094
-775503
-489000
-935964
-182258
169535
-1138658
-63872
192570
424293
201036
1141726
-404714
-1209216
481062
-2280591
284635
-1208970
-2195571
-1873034
1410483
-159873
1460985
-590035
1283246
-2392953
-137407
-671047
68382
129896
-103149
1172598
-609392
-375407
-877692
-1821490
151192
-342714
1488205
175128
1851200
-594562
-1555760
-908514
-118772
-1040644
-1526707
994476
64594
589935
-774269
-1413335
-580101
-969062
-805657
-91967
-1141322
-1192707
266112
-666399
-22637
-1302376
1550527
30336
-822972
407770
-575090
-1017353
-1213352
413890
660432
-2568886
-1010002
-802646
-169861
-1765973
1723313
42157
-864361
-1256835
-25239
-340432
294761
-1030084
-636947
-464561
-938505
-619779
-1020188
-470567
-850158
-123787
-747816
878287
-1011617
-1840690
-371186
187533
-885566
279295
460376
1452123
-623671
-356036
-1071284
-1484963
-1818430
2063426
-1244467
-355862
394229
399478
-68916
-2386359
239446
334478
-1375602
-650063
-349025
197000
-669441
-1979962
-2050624
1332508
-2031847
1253595
-1235090
101361
-1478170
-359453
-572848
-2095718
871959
-965519
-418770
-473615
-246502
-333578
-18530
1280626
-499860
1515958
-1509682
1322435
-1173498
885592
69108
1060101
650946
378426
758503
84537
-1256889
-1167823
-641826
-320793
495679
-1594688
-335392
1251411
-2441457
-1335866
137923
-1675334
-249571
1256904
-472505
-111599
-1372666
-109490
-2189765
-1272173
-825309
-990622
-157185
-14801
-1617105
975008
1112771
-503537
-1664204
964338
-70458
-1671116
-504430
-1486550
-1362763
-980113
-2273509
-804328
-1657271
126366
-778682
953693
1103378
-2327076
-2044122
-163791
-1619634
82803
1862077
-1319432
-1572177
-638893
-2184678
-1132887
-235848
1212147
650974
-281684
81611
-581208
-2543473
1056074
56619
-454785
-2575672
-1539826
1385798
-505331
-722315
173783
750172
-6313
-47008
419008
-931404
-49055
306965
-70974
-217264
-172789
164172
232110
-1046233
-766788
-510124
174710
-818793
-775024
-286737
-578944
-427654
-2593366
-2786721
-1509047
-1176580
1552905
-1537672
617926
-1070024
219406
1230980
-1507949
806484
-606942
-1610510
1624606
-958155
-69513
-374535
294342
-622238
-604366
-1515924
869657
1630380
-2407105
216218
1323428
580148
523183
-1660369
-1165231
-81548
-997887
1196008
-506539
-283878
-198459
-1494997
-357767
-1473433
-1975209
-761788
-2073015
-1102458
-221694
-406456
433118
-1145660
59597
-429015
758593
129852
-2517265
-940955
-1814190
1562655
485066
-922200
-36166
726351
-407126
-240153
25885
-386705
-2475107
1237091
1795233
-270804
-16334
-1481561
-1387590
-697836
-1199651
1405726
1361427
-987823
-1998984
-900405
211604
214773
-747330
1690874
-1722934
-140496
421485
950871
-2373284
-1507511
-1670206
162742
-2269776
759863
-929708
216265
-53033
-2083661
-951021
1076046
1654318
-627061
232584
-545254
-1620557
-827490
226154
192498
104071
-201146
-303197
-1569187
-1420038
-1288736
-1751005
246661
-1252100
-1156133
800682
-32343
-1844293
-386446
470691
-19000
444840
-64938
-1520369
-1029305
-290546
-1744908
28304
-486236
-85653
-754399
-1008119
-339382
1875300
-580839
-321220
-824418
-1136448
-1423587
-1391763
-1915358
-906976
-1279391
14889
-215610
-1791660
1031173
-1384488
612488
282234
142886
484682
-1589799
818820
-786138
-682136
-866382
857700
-1951305
-1554373
-2076781
-1277230
-932007
-2445448
1538994
-504195
1184627
-742192
1433847
-770610
96274
-439769
1316997
-277782
-1046290
595766
-1875292
-1156746
134304
1645314
-2321081
-198693
-147467
882868
-2331601
-1111997
-916387
-606043
-164533
-1330630
767876
1906529
-609162
-1171030
-449502
-656231
-852955
-1771231
-1273194
153597
-16068
1087911
-219458
-2397712
-314150
-479098
333889
-136321
-996705
-327567
-921683
-362852
-303192
476805
53732
-492395
-1305618
-556443
-1959340
-1154133
-1071714
198407
-825497
1891024
-666176
-1782549
-107269
758806
611231
390727
-600783
-1947463
-688745
939274
1347803
-905640
-92846
-630778
286878
-2653733
44352
1030128
-345677
-835129
-127254
1111931
-917485
501802
68663
-312784
232586
-1109963
-1342869
-1128106
-988641
-554073
-1090219
723287
-243978
-827890
-2001536
-1077328
124998
-872025
1043512
1590217
-1633558
-959489
-504915
-1661598
-1379098
187323
379390
925926
-546626
-1558530
1454412
593534
-1548631
817345
-1054341
-1312387
-958615
-1492583
-2733904
113601
-626559
-490678
-755990
-687811
1267410
949213
-2030372
-1927735
189614
933406
-1572153
927632
212231
1631403
-117095
-841220
-881611
-427774
461597
-244490
-1565070
-1101659
-214236
-2176452
1101202
-1469223
446326
-561264
957505
-2681750
-649997
-764892
515228
-673960
-241725
264044
-1088055
-2264938
101057
-885926
-2253259
79330
1042989
162261
-604380
-212927
209841
-573199
1041032
26180
511348
1578994
-138590
96424
1392732
-2002555
-1202856
-602089
45854
44461
-1309728
-584035
17359
-140584
99759
-1428252
-697534
-812042
-971496
-360972
240459
-1184964
-1363097
686287
-774503
-127554
93977
-460303
-413374
-13216
759419
-598200
-1970841
-845606
-377992
2028925
1579538
-1063233
-287431
-678820
-381218
11585
-2046311
-2436507
-1233765
-1063881
-333689
-54497
-264856
-1505573
-1448734
661665
-2233515
-781371
772615
295920
1642089
-384903
-1057194
-1640634
1611592
1032773
-1242660
40170
-599599
-1646811
-1138806
14965
-200632
-373855
-1628415
24919
94906
-111216
-2459486
-1102393
1134485
921739
-1770383
-1257193
929589
-1643621
265105
-1101093
-2476360
1864824
-677421
-94550
-1283892
94171
-1616305
1052540
600290
-2291690
748615
420062
1347988
-2301550
-1102364
-1955674
-2461724
232971
-186922
270629
1624371
-60559
2050915
-322934
-351918
-272671
220197
418729
361768
-190870
148228
-1277165
-1812338
-1831057
561971
1516518
1602638
1237386
-627461
-869471
1325805
-947917
-1406809
-1666276
-6230
-14151
-1193174
-287681
303894
32586
-820007
1536954
149265
-973612
-1593738
-636931
-1772724
-532966
-982078
910783
710248
202792
-990629
-1558003
-2241941
-1847530
-1502290
-918183
224028
-2654856
-842814
-2024499
987186
-393861
-1508175
-138605
-1393391
698723
346627
-397929
-680708
-1865401
-797918
96252
-790712
1098942
828042
-856277
-1748587
1097589
-1339561
13358
-1685122
725185
-1730862
207114
-61050
69005
-161032
-779366
-452922
-2056174
-535675
-956721
-410504
148256
-878613
-903810
-434768
-519544
-348779
1317933
-259136
-2275523
1148315
479849
-1058251
-641648
-1845660
161904
802324
-698388
-706189
903482
1537671
-1069222
-2036715
1150399
-297412
857134
6626
-2286867
1024964
-1864194
-595751
488817
-1502523
-53387
-1000659
1192617
-876046
657990
-59724
-1708529
-961005
-443553
-879410
-1219270
-912115
147985
1997751
-2139066
-1171547
759644
-1460474
966451
-1570663
-2046986
-1296073
-1640426
-234117
-739149
1145148
-2945973
-733777
925975
-549477
-824028
-244067
1231136
-747647
620230
106425
-437017
453735
-1863124
72871
-314846
855143
-102128
756200
900064
-1351010
-924675
464458
-641340
-659210
-2049718
-1681630
278993
-1614730
1361663
799351
-615915
-1783782
-1871956
-1111129
595093
-432433
126082
-146616
-1200419
914349
-2285335
-2169110
347380
-27722
784769
-670636
-1114602
61705
-108140
908251
356177
-2338256
-58942
-320702
1068836
-693190
-1746548
401194
-115436
35670
-648255
149457
-2241280
-25149
-648236
-635157
-1110489
-2147631
-112836
-1185686
-493123
-963048
1297058
-3261
-969096
-570196
97024
-2119314
939451
726079
144835
-870006
-1190903
-101698
-2004603
-735874
-1495920
-1187801
-786290
689309
-1820525
-2138856
-1171168
-863958
-992560
97433
-1443458
-133519
-141603
1481216
49876
-571313
49314
-111729
1140532
613885
-1825091
-852551
-934125
1293675
1529170
-1177062
-453356
-1155001
-6887
-1305192
-1492108
876483
550838
944773
-1825668
-1450726
325713
-327316
-488590
239225
-1777048
-128361
-705275
-1193018
-908674
636810
-774278
-308358
-1162795
1726310
1530697
-1893757
-136976
-1918058
-560461
1455028
1276288
-730514
-403942
-728349
-214955
85918
493863
644957
-702800
-222983
1356908
-306527
-1125024
-1485456
-1477945
-2627797
-418770
-1719391
-2230815
-1915731
-1639343
911712
1525132
303090
-1708819
162970
-1593364
521257
398446
-568370
395033
-1446005
-186412
904743
1403649
-177495
-1398477
-386189
-1102223
866842
1036914
309957
-354950
-936183
148374
1026357
-1086604
-257279
-1269642
1033336
266849
-706023
220616
-1642825
-184589
-1003715
-2753331
3403
274293
1242452
-249677
602687
-1515555
-183471
-1615810
-2259777
-780959
-1553255
-605811
-1491713
-2463488
1623272
361113
-1752775
974992
-767309
-182554
-1173196
-557489
-1273487
1151390
1071765
-1331632
889857
-867165
-1699700
433542
618023
322050
-2448739
-94041
-146795
1041082
-506236
-1458417
-1328381
-912969
1182078
910338
208587
1559644
899954
-1824622
-1856691
-731263
-1341539
-572352
-1998596
-240308
301651
-393087
-2445785
-556837
-70128
-796576
-1592601
94764
-1115753
-1214272
-872937
-226315
642801
-1029572
-226166
-219072
-1312514
252115
956319
-223821
-141694
-1617098
1481982
358840
337550
595517
17197
-1075183
-682186
-1406676
-225784
-1050131
-168607
-1242158
1288424
-1505100
-418931
-566452
1519317
551424
-789167
-1095594
-1478028
-1017574
-636493
-1083550
-1665766
-671302
-742876
-654267
124814
-940205
-1987295
117931
700785
-1305888
-542313
-1188192
-269270
1008985
-792073
-668181
612506
-1864602
858624
-2035024
-647970
-705061
-1620478
-1540608
-1503397
1348760
-1732442
-335338
-233520
-2020603
-1960746
661128
-226805
-2182734
1664908
-1838522
564371
-2619206
-1966724
-141840
-511322
-326985
-1858053
-1797030
-1252594
230978
-47713
319371
199130
-148412
-1196727
-1609371
-812850
-2147231
-973113
-353222
-1946168
-968940
1083140
1477618
-4738
-819593
-1803173
-1281615
-516047
-1262617
-602101
-1849069
68964
-1214040
-1158724
-1548028
-888236
163808
-1182532
346666
-1965648
-567629
-2110914
529916
-1526736
-1656636
-1105642
992292
-797586
845282
390629
1061099
-1226917
764270
69724
-100498
-75106
-1003081
-517543
848092
109090
-226165
-2366014
-941711
-346490
1036362
-480893
-627789
1021917
1397622
-499078
-2305775
-653469
-225003
197404
125032
-18865
-13197
-861060
-1627807
-491643
-717276
-1820071
588063
1056876
81918
288793
-1439986
-1022957
-169081
-230922
744497
-2382670
-1058981
-1004833
412203
7664
-1219831
-2203644
38314
54967
-66755
-357520
-431908
269258
-2321136
-133001
-2002407
-1925862
-2094599
-574114
1817891
1632062
-145155
674072
-556936
-230394
-215803
-1608662
816312
-1139242
-1240877
936553
-751880
-272901
380952
-2179182
160305
-958399
56048
3884
425056
141518
519611
218158
-716120
-1741929
-1015848
-747344
-185051
-1547650
-498994
-928942
-337489
818523
-1390573
659534
-61751
1704206
-626941
-546069
633832
-530479
-1582973
-2275188
-976382
667527
212060
1055995
-1151117
-7568
-31128
-331348
-223618
-67143
-170566
-1443024
-651761
-245973
984018
-1483720
-1972288
-1403271
-1671502
-347881
-314468
-436943
406765
1236694
7313
391248
-282155
-516649
318868
-2580430
-197070
6328
1322733
1677237
-1659988
-1357837
-508118
-2196882
-90751
447211
250377
-586078
-2362403
-47037
1176241
-1356898
948307
-1273897
9488
1919472
-4710
1382969
-426566
-933553
657671
-296109
-2392036
103653
475902
-1360408
-8223
605768
1029439
-202598
-111914
-1506222
-1605564
80222
1665658
796762
-956560
726025
-1070088
439367
-1734445
-898461
-152854
949426
1710058
-657630
51873
262475
-2208217
-773010
-1096122
307821
279375
343778
-1461158
-806937
1394736
-1360604
463262
-1471612
-780842
730725
-1488856
-892260
-319742
-2037462
-2074382
-931704
-164626
-1274259
-578993
-1594305
-877642
6169
-615914
824000
435183
-290282
-763357
-14136
371646
-406911
-2008300
-504598
-1870823
-880928
-436120
-423289
-410127
-396182
123450
-1543801
-355568
-223643
-557827
235826
-54645
1455447
-683415
417401
-674766
-288744
-19077
-795207
146732
-215854
245763
-1155035
-948159
-1641599
-604342
-1422025
-1147087
806528
-623170
-1229932
399264
-7937
-281028
1487827
304595
664782
-1236781
-364205
-1320602
-396190
-1272053
-2201281
-1142349
1071296
844736
228951
1286626
86169
-725617
290219
-1448043
430656
-1559306
-1534452
-587225
-396148
1564538
-2299990
-1271966
-1031161
-593080
-1962823
-1980514
1874559
-1059461
-1576400
319477
890757
-749333
-1673934
776443
871519
297454
1788245
-374404
-1408887
274351
1083122
-679689
-1368376
1620986
-2180615
1339846
1355446
-2585790
1718542
-1435477
-2654306
-738826
-1553040
-819205
-226023
-714246
-578138
-1591704
808746
-784328
396181
-1774078
-1717150
860988
-738069
-1360298
300892
799333
-2207823
1510777
-1439793
813591
-50674
-829766
-509536
-2078712
-1273922
-1158377
-907209
-126168
-189233
535982
-1328439
-875545
-1739247
-355091
-517
923401
25829
-1656569
-559827
98806
-818146
-665473
581056
86845
-978983
-2515623
1101288
-460773
1702872
-1197428
-100062
1419107
-1509172
-1451667
-234134
-1475513
930332
-690529
-2065654
1596378
-622923
340756
-237464
-758071
-1110906
-1901638
-1977531
-434453
-782492
-46956
-366228
-1474915
842681
1291487
-1175613
430756
179824
-984211
-110565
-158273
-857978
-46225
418673
-70166
-51479
-1484238
-943396
-603305
-861426
584133
-1871062
-1527553
-1307660
-955183
-2146064
-529759
-1633745
-2114370
-705568
275258
-173904
576622
-1612305
729384
222761
-386495
66193
-52085
-207257
-662086
1751495
-450871
-782321
-2120740
664121
-254373
-1118531
-976932
-1112869
-1563095
-735783
48238
148638
713203
1102769
-488236
1868715
1331559
1388686
-1180370
-850001
-159536
-600131
155125
-1874624
-1782373
27776
-1356171
-155081
-975136
838250
-365958
-1203775
-1054071
-2391397
-1602787
-69382
-381144
-857289
503450
852617
2085771
-2513438
175625
414281
-403407
-1760668
-1143645
-733851
-376771
740293
-2584666
-1377767
-939221
108526
-1148496
-634549
-121978
-1204187
347726
-1667536
-599004
209378
-56784
-1593944
1315724
-1290461
-47236
-197828
-1379500
-845219
1514685
592801
-1442414
-1068064
-350867
-1217460
-1755681
573733
-724630
1287754
125115
-1290040
-664738
333286
493668
-1401469
-1179368
-181975
432883
-1286256
-1134590
-1154208
-1851617
-5955
1378677
131205
-1481065
-294865
-445344
222357
-1745930
-216159
-1822096
-1340079
571873
703649
-388864
-2107409
-915513
-1508597
-329226
346991
-623291
245929
-1071390
-2036225
-114785
-634905
173382
-1194233
946830
-1233755
-622608
-693884
-1272837
1808707
-705005
-18430
1475250
-119997
447426
-347814
-731259
-150966
-1960635
-363803
293691
1837292
-2400194
-1042787
-1801671
-2063019
9543
-486435
473520
-1188746
621079
-463071
-168695
445557
1872784
572286
-1482407
874840
700921
-1389868
-1135413
312490
85948
-160202
38948
-2519808
-1619164
-847605
951938
233926
648716
441088
173238
375845
1704091
830888
-1794609
-1224432
-1363476
398013
-1236984
476676
-592466
-1811152
-344121
202385
-1278084
-323918
-356205
-1051899
-607465
1140807
1325128
514252
994043
969272
-1020766
-524988
801310
432138
-81496
556068
-577922
263381
373197
-730304
-1419946
-1190198
105785
259574
-377732
-1802282
42216
-2258215
1313296
184615
-257706
584407
-1114234
13214
-97874
368789
-1898886
-1161228
-929305
-2259965
-1474607
368199
-647955
-694177
393278
-531746
344801
-1810849
-1141858
-1655858
2215429
-1488630
1643550
-913314
66658
584147
585121
-754623
-586655
737912
-2324872
-207640
-2035107
277298
1138007
737559
751403
-779486
840073
-901310
-986905
-519092
-187230
-1974791
-982711
-1050827
1636708
-325126
-1200274
187920
-1295012
-556796
-190328
-669277
-785573
1282891
1074426
-165962
-735317
335169
-1192006
-71754
1821868
-1425532
-191254
1193780
-1004552
1088796
1420301
457065
-161609
-93785
1514863
-1566998
125829
1057328
-213267
-573426
1367199
-32383
-1628295
-930959
-796171
262640
-539438
-527378
150012
-90514
-1013358
-1342187
-692343
837376
849351
1500061
640384
-1160524
-1478361
-2020334
1629579
-770524
-163008
-702588
-101299
-1067318
-88954
-533017
-1646260
-2121383
-687436
-673721
-284574
-1664453
-1310423
-851357
-916635
-1979990
-574309
-171241
-811820
1539111
1236033
-1749076
412383
-70826
-678086
-216007
-782610
-1842554
-289172
-100185
1275086
-753328
-1110035
-1198020
1051660
359110
28666
-1805907
-218462
-2590864
1610013
-402178
-54718
194505
-300473
-888453
67083
184875
300245
1039573
470301
1473439
-786850
198866
-2424527
-503130
765545
-276043
-2215780
-605219
828102
1145159
-1042238
-19039
1087864
-984835
-793420
-446760
318693
-1927261
-1654814
740999
-209128
691417
452495
566229
-508880
1791921
-1683003
-6173
-302382
346617
-87137
930358
-648959
-96693
-78672
-1318
-181944
-25253
-564602
-824563
-1374318
658764
-777187
903127
13655
37551
1057098
-113888
-648489
-2055504
-22573
10734
-281858
-315748
746707
-1381331
-2148164
-1929945
489155
495396
-592740
-377903
-1198983
-2020324
-766480
-577683
-1349726
104610
-538953
-501347
120735
-169300
-155076
-168962
529880
657320
3483
-482839
-267954
-929019
-191505
398711
-1098471
1588947
218788
92935
-1022513
-1318890
-1681046
1437905
-549435
-1394540
1078971
-736597
-1195129
-2368606
-578514
921404
-1299470
220950
-1384279
-2146371
-68583
165612
32604
-64736
-754585
-68019
-1326894
-674661
-342260
-1507332
60120
-1449957
-250230
-36933
28809
751083
-229205
-148694
844421
49882
-1273620
-794390
259328
-143328
1390611
-699425
-1909563
-847703
-1824676
-643932
795262
-464143
-205066
558747
629088
1521020
-1322401
-1958030
-343785
626414
-342616
-745075
-1029208
361469
932758
-329770
424948
-577404
374903
-836150
426203
278594
25033
-1804150
-572105
-898873
-107953
2031820
-2054785
-78221
-663209
1170346
-1434358
1000247
1650943
-362866
-127771
-537726
-1923936
-227819
-878576
-856635
-85026
337951
-683167
211025
-2199178
1000326
1127342
1232760
-903668
386460
352073
-630851
-793420
-542069
-1190800
-1255043
-157604
1769239
618943
-425277
1138488
-457390
-478673
-2438651
-468716
-759570
-769909
737707
676490
-1539014
-1350319
993042
-423470
1837488
1405330
-1832917
1046575
-686982
-1270238
-875025
-1081869
37320
-231923
1265200
-349391
-298504
-927905
-1217430
84581
59499
247776
-473888
-265710
-783839
-98669
213306
-108390
752522
-273446
-642728
1274065
250848
45155
-668708
-1497978
-920205
-678053
55776
1111678
1530030
-2043665
129022
-1568224
-607807
247827
50217
-1326297
1254689
-71738
-1100906
-187284
-1531864
-924645
-1535794
-2028999
-10218
-186677
1331450
1625256
-1023842
-630221
16692
-1680299
127262
-1162975
-2264080
-1023193
-1365677
-908424
-1949489
1391689
-1166774
-1615437
-224716
-169634
-75193
-834082
-783906
-1079733
5182
-901827
651309
-765001
528175
-535334
344068
-934630
-692864
637989
1091699
1184407
-494773
-1495220
-1453512
210555
-242138
961010
-1579365
935555
-2444084
20923
967628
535600
-2208771
-228387
601638
-1104934
-1685038
-998373
-77614
313243
-173922
-726453
-2183390
-17217
-1748396
-690529
1175901
-1022399
-1410856
-399874
-245735
406365
-309387
293972
-409665
-929674
371906
-1005346
-384968
-305746
-767343
-900318
-1311476
646435
427293
-850966
1105928
-1517761
1597829
1640213
1893602
-822228
-694553
7177
-127724
-834946
-1381363
-171915
-596062
-1299346
-2355401
-354155
-465682
2307410
-42174
-146910
-640129
-183915
-580081
226190
245746
-996884
-101771
-76191
-1222992
-293270
-461537
1127265
-143536
1171664
716409
-474351
1196406
1318928
-1278375
-721569
-146946
-2218908
-161480
91026
1060264
-1700150
-1157749
173911
-13178
-776446
-137627
-956488
-2009725
719817
-341689
-802675
-1846574
1799293
-2051511
-558439
1679899
-120781
921366
-818651
2055150
4610
1070510
249763
591829
1733664
-732605
-173450
-950770
-1892076
752536
-1222379
-430636
-1930914
801676
-1127438
-752010
64374
344570
555307
-279074
407403
1066368
-632539
-68591
1368853
-1286011
26269
-888608
-1214498
-769889
-1709091
-128944
821801
-485397
-1328180
489862
-1564157
167862
156950
-1525665
-570669
307416
342670
-520197
344986
-1243019
-435763
-375330
-806256
-2124568
62686
1008083
-20946
-2580585
492090
-1608280
1207537
-734353
975327
106763
-1410219
-909762
-2036737
711268
233538
93251
1035550
-2625566
-945160
-1882603
-831919
-335645
-63642
947167
50562
1092014
-1513950
-718877
-1014809
198741
168712
-92345
-1239819
-1159233
1347403
608153
-72401
800986
-1741959
-1450034
-2129699
306757
183738
1604664
1712533
1287829
227439
468943
-151399
-2377276
-1294634
-111916
-1577986
-167894
-632749
-1355039
-1032329
-407219
-1007961
-806397
-472250
655023
-331763
-935022
869509
-1953875
509248
786121
874436
-286590
-1882201
1959390
-1181300
-260573
-2081039
-884356
-358521
534876
-1991476
-1360020
-1203124
389377
-665212
446731
274455
-875723
-1018722
-141581
-1327607
609330
157127
-1829446
-2068681
1506953
-343859
661238
-2154022
-1459381
-559341
-313407
-2252244
-397730
-783315
368500
-693162
588196
-767552
-356734
-1273058
-1463482
873531
-2224856
-891900
-1342661
-1680001
-479779
90008
-260404
-1592048
-275042
-1718776
-511858
1202347
1266224
-759618
-1333552
20778
-387934
-417592
-1408103
504627
-491334
-763237
-1542075
-61087
-745673
-945833
-1372617
-548804
-247709
-751076
-334591
509583
-666841
310841
1163615
-296588
442517
243629
-2031365
816831
-338048
-1441227
-1026769
-707373
-532150
-2335855
-564579
558543
385105
-1045892
836956
387765
565334
488531
-499878
-994395
964394
-1996606
-2232280
-1722347
-506493
270349
645296
-1176272
-974039
118815
-786003
481922
1923755
-2124872
-2377951
-1880068
-823753
-254777
472944
-831906
766809
-1774896
-847685
1800251
257225
-1633987
-1010724
559700
35927
-1821167
-1635308
-1237075
992050
701
534872
-860860
-864377
653982
719368
67859
667966
-957259
-1381835
-1134017
1191264
-1897501
1369729
-1364762
-350654
75488
-1322302
-652633
231275
565871
-519746
-1803995
-1275405
-1532097
-334845
938865
-965174
-407850
-987091
-1032730
-688509
1405423
-1006707
-646839
281101
1307549
-434004
925634
-977928
231430
279471
-47920
-2171500
-2172107
337516
-933457
-464514
265539
1121399
-44264
-89000
-658945
-1605112
-824327
-253860
-47940
708905
198238
-2194338
-1545483
-427423
-835250
402293
811441
-1032361
-583122
-1254060
126411
-984577
-2469330
-550642
-554856
-1680001
-551742
-806504
756491
131470
-744900
-221985
-1477924
-1941666
181325
115
527080
-525696
-1807032
-2331194
-2068823
-2252753
-719232
1903852
644762
-499109
-93682
-906987
-66993
-483338
-1800609
-752532
263721
-1052479
1579617
1103355
1173821
113402
-1031503
-878217
63724
383175
699080
688448
-351574
434575
447296
952729
907262
1124661
1370365
306682
1001780
-1833738
-1462600
-1597006
9430
-1072497
-1092926
-718770
-876814
2063952
-1344988
-2312572
387810
-103828
976268
156401
613625
-1943481
-785917
415208
-1218067
-1245426
-1127187
-1018717
-1057012
264115
-253502
166689
-2370605
-2185462
-140133
824550
-142021
-1038731
-1145168
428793
1350244
451878
-2468044
180710
-728582
440403
-1514529
1997064
-1400931
-1325543
-1074910
-834927
23588
-1857074
-555242
1001118
-2769234
606155
-1620465
841303
1866566
-1112904
-28616
-1075430
-1742555
1458441
-15659
-1415525
-1153594
-531491
-156251
-670692
-29275
54041
-68017
1568818
-1174842
25641
-2256475
322681
-291899
317002
-1251101
816261
270538
-428517
-1613253
-2146384
638006
631865
463529
-1165415
86131
118755
539717
-639355
50084
-1798185
-1704179
-1556378
-3493
-977685
-2096891
-1545878
915837
-648404
-1705432
-373716
-2304512
597942
935477
167374
-1554030
-69634
-2129404
-284800
-1750269
-1450635
1284524
-524353
-751725
-2405004
-829634
79995
-284727
-365329
1391014
1176246
264180
-106362
-552965
566629
-448948
-1636736
-996811
-1907833
-80061
-424688
-435692
-1377449
-577144
100400
-1047801
-624130
-783657
983419
-1371608
1636519
991211
1203626
1160846
-466742
-417801
-368718
-337174
-2663258
-839902
-962009
98724
-1000120
378913
-2332883
817318
-1164631
-1089869
1100829
470367
1034302
315599
582198
-1476690
-115623
-1257905
-1173944
423626
633522
-67567
2179240
83095
766359
-277612
-1668847
1426914
1428622
62819
-272270
-1544440
-858822
383495
-364044
1040213
-486663
-1541405
-1138608
-433328
275907
332296
678409
1009049
-1096365
-2177383
-88819
126380
-184017
79933
476376
-2517064
1420226
-1146886
-1656527
-457284
-345875
820695
1001613
504880
99542
-1353869
-336487
-1020330
600406
-1397600
-1066127
-55053
-221576
218284
-759186
-33166
-618728
-1778628
138074
368659
-2638076
-733896
-644901
-314042
-2845595
-766641
965233
524964
-1342707
645071
-1925881
-348335
-685479
465442
106854
879526
165194
-2293045
35459
-247874
-206304
-1640578
-657374
-1828954
-412987
618622
-1932056
1061969
-1011206
396851
622858
-141157
-220061
371861
-354763
1558467
204250
1421907
947955
-834263
-1952390
-1162544
-1076937
322961
-1702566
119394
-1163054
-849869
-1965190
804020
-1463991
-440055
-606411
-152092
1212840
1279401
-646518
-314549
-257665
-1511407
-87351
-1652885
856462
141917
-1995438
116282
-314603
628716
-1586976
-557951
-1213766
1853857
1776440
-1341736
-1218801
-791163
-230487
1268900
-1526269
-588258
-2074938
9181
-1570005
784901
1293763
-2012027
-346195
-1361961
-66155
-2306812
1574085
647539
1245285
-948252
-2329296
1721567
-2109898
594061
-826165
1337443
-986899
964029
-1341141
-564315
2234218
-751885
-941339
-109974
915966
-908529
-446710
-2268049
-1464118
1845129
-1082864
-351811
588076
256119
-33885
1300828
711717
-100185
-22372
-848700
-1414100
-1791067
-822004
-1474226
-591694
-53101
-532692
1054039
1911316
324224
-701569
-1295350
175514
-735707
101050
-81231
-876963
-44166
-674409
-1976058
-1557722
-1389550
-189897
-336769
258918
-448241
502530
113227
533305
-1903326
632154
1024736
-1694134
282652
851251
-446708
-1780878
-304554
179255
1518744
1358262
1308048
775137
-1612784
-1633164
-1406256
-632542
-688245
-1633475
-678910
-1836330
684980
-2282439
-105060
-779740
-373368
-1497974
-1131334
-1911634
-480477
863400
-1126171
-777195
-1216993
-1546037
-1226279
-1845913
-590863
1639190
-562597
-643031
-1352379
-770635
-515020
666505
1531656
-931857
-2200749
-756337
1675139
-1123036
-1334700
567934
-931090
527453
1265729
-661427
-1187432
-19054
163564
-474198
290373
29978
-811109
38798
-552942
1180455
-659883
-1048621
-1947225
-441357
-1949144
640168
-602704
-1731859
-2198471
-1152353
-1689249
-343992
1376907
-1055939
-865020
-1200889
-981109
-1130538
292310
1019500
-703125
209481
-384771
-507952
2263950
-1783550
256928
-221985
-1270880
675676
-1434553
-232590
-1231483
-1934171
1457374
28925
-831338
-1835808
-1801876
-672266
-1893005
946699
387286
476461
882736
899527
1034627
-1628622
-494541
309632
-1933508
-363753
25533
360261
356169
413709
-2024378
568777
113278
-2578845
-901958
1590208
-14726
634340
-910596
-2605119
-1274520
-143930
-77839
-471774
1260190
-48218
87030
-503209
-1388935
-729968
-757030
-91543
-1239172
-545287
-1732935
-285722
128590
-477291
537996
1148477
-2356241
-975867
-1673962
-1340333
3287
-1726822
-494521
1024408
-2328075
1177632
-2331582
-1290192
-671269
82100
109011
-1542447
-793676
-1280680
197004
-1629429
553325
-2039997
1083324
-1156223
-1465949
-770832
-1511927
345244
-2127501
-1763832
28163
-1007058
564603
-67425
-502735
-484192
-677389
-840613
-743686
-1452075
479607
155464
-1030604
-1693065
-608055
813454
-66959
-845865
-393545
257888
-497778
214021
-655626
-81038
1532583
-693458
100085
-1323040
-478664
69948
915286
1002737
-403755
947285
-454099
-1185594
1113580
429177
1557276
-461043
-522234
442049
-348899
1434193
-569527
-1897397
-2629650
-844529
-420795
628495
1701784
394921
-582929
-775851
843825
956309
-224086
-1050718
321993
344169
-958985
1490691
-308156
-1140113
-595776
-914222
282548
-1963718
-61743
-1792338
-976025
-1081346
597081
-197507
29293
-878913
1075045
629370
1634063
-823842
-999345
1706634
247083
-1655826
718962
-1003463
866483
800752
-1992049
940977
-337132
-1220830
-821102
-2154009
1960264
-604401
34176
547866
-1030274
356745
-2557972
475500
-467411
-718606
-1178623
-324968
-314348
-1858385
-1135273
-492955
-546801
-53970
832699
883101
-1641999
1115110
419166
460745
-957751
-1195400
1172428
-1810215
226860
522654
-76467
-644955
-1657426
-2078998
-1359341
-217535
-798575
-851653
-1153324
142028
451946
772750
326617
256425
-178134
-1460366
628335
1045187
1361523
-187628
-645826
-1288632
-1028035
1542011
-727463
151551
295585
-429166
-1248117
1465283
-1057391
-298284
-30574
388877
782455
-399944
-1609910
-2051325
457007
808191
201890
1306125
-1153106
413307
-688578
654238
-139986
750038
-1196797
-610058
498732
-18147
29684
-851301
-544168
-37347
191575
-738201
-1119388
-2399019
-1214234
-326733
-153179
853356
562016
-1529914
-736713
-1607074
-510867
-1431720
-829257
-1420744
-671765
-1156311
-1073160
-1292241
488271
-1060258
253024
-564436
-1027893
1263157
-1074835
226727
270492
-1235371
1755201
-1353438
-1877975
-651307
-111786
-1434426
187385
-294165
1265111
-726252
-25433
-468814
619434
-1804898
-1849209
-777370
-2173930
-1730068
-1180645
318888
-2401690
1353380
-2537967
-86126
-667719
800360
-334988
1071766
-573542
-717889
-1093250
-1791534
-1826920
-46358
-626476
-1035217
-538144
-1805269
465731
-267194
-88761
-1187479
-466716
1319807
867035
-2065754
1265495
592356
-637508
384865
1160702
194149
-1407891
1411102
-2649116
1250417
650782
115552
-941066
-2151843
-436505
-129897
-245184
-979889
-2547554
-404964
375320
26847
-117800
-597718
-260116
-1200758
-1019529
1144349
-609858
2135360
-1095134
-241670
-2230507
-187064
592570
468342
1244462
-1741208
1262478
-79483
990172
-334317
221034
-583191
1064022
1698388
-841194
-1405848
-1578585
-1162632
-1929458
-615939
-1143455
-123492
-240388
-586313
983832
126459
319
-1485461
43257
-1599661
-545347
1169410
552852
-2044760
-884053
-1223672
-1556563
-1687075
-376044
991752
-651019
-966470
1213154
1473127
1843197
-914825
-1435977
-1068528
-1780048
-1941217
-2837272
-1843435
1584701
-165836
142637
-1656906
818840
291490
-101816
-912196
-1614713
81762
530625
-1084997
-1845517
1453560
-150203
-600869
1393848
-1763502
-1137168
182673
-403291
-1835588
-362688
-1792124
282196
-1555090
-804328
43419
-2039067
-642321
-769624
-392917
-1121279
384596
1267878
-1511663
-1194367
-182058
-1667942
1350398
-604063
1631474
-1346137
-2031649
-445980
-402589
-504885
-1431825
1146188
29689
748411
-1334409
-1077107
-93615
-317809
-2189294
-1050622
102624
1940085
-796434
-131460
971897
-384417
-335624
-985902
-726793
-1208300
264072
-229086
-138056
-244446
-2121219
676170
194413
321310
-1619153
271133
-1949530
1099751
48782
-945058
648102
-1801937
-637377
770543
708064
-186811
-11309
350197
-818760
1068645
-386268
349147
-400062
-412905
-1207693
825249
-1337077
1027271
1240465
-1135868
592220
-684805
-73946
1281891
-297355
-141509
-1457781
1162185
-508965
-982233
-420651
-162240
354177
800159
-1197584
-1887691
948724
-1063437
-1070962
145869
-1011707
-1691119
1055047
-1295939
-860987
-1603529
-1721239
-164613
-154200
-519835
246103
1391245
-850805
-726992
547126
914312
-1062852
1579133
491594
-229322
-717475
-757391
630600
1658630
1301053
-1239474
-973918
-915470
-320198
-1181563
-838112
-1613773
137111
-1295
-2271297
-1184505
-542913
-235142
445264
-2295892
-1018053
1765591
-329497
-1631945
985149
2116935
1596493
-1097569
1196197
171927
-1426829
-105682
-80340
-97716
314709
-540708
-1039560
-167675
247522
-1746607
238658
-475872
-325600
-405818
-755386
-245000
-539940
-896545
140507
-48138
-2020479
-233431
-2352286
633577
-1443276
-1779828
297769
-599739
-1757021
451752
-422736
196147
-25397
-186903
-1024570
28320
-36077
-418817
-32084
-1219205
-1671921
1710217
-1825891
-792592
1441830
-1052757
5432
-1271602
-79284
-1456943
281446
963805
-597395
-101108
532321
-735684
-1052155
1117455
-160526
143565
-1143328
54522
794764
154705
-2158715
759358
-1282961
-979636
-109406
176988
-867719
-2057531
-1049681
374756
-210941
-1086799
-405962
369857
986587
-725755
-510136
-67247
-992991
-1614545
1015565
-599266
286182
-603219
-2248078
-1231455
-876099
-436460
1292986
-1256680
-391319
-1620446
122846
-2105604
987826
530498
-452982
-837601
-727982
-702038
1249333
-1479899
702360
1349238
-794370
-522501
233165
-1154470
-2277610
10700
-941478
-287404
-2285759
-566987
-593483
-179899
198558
196306
984366
-1233693
-2029074
-1067184
944025
888791
-1226671
-1891964
633733
11327
216971
-1597506
-903922
187806
1000432
-273014
-1508823
205241
-1410268
-39773
-730547
-2012973
-2300206
403813
353599
-213833
-851713
228041
-1064744
217735
-806380
-1930202
363505
-473888
926275
-391234
543021
483266
-932649
979623
-93761
-1998092
-1201323
-716475
-56312
-1380353
-334008
-460636
-1950637
-434764
788223
-1506289
-522814
-142438
291688
-1719199
-1103021
-1075771
230408
-658841
182119
167959
-2056952
-1577774
-103596
974796
788740
1610181
-822537
-425735
881758
-62868
-1148313
589458
920737
140317
-993434
-426526
-598646
-1466379
-1806319
-227996
-641056
-137143
129642
-703575
-242727
1686101
-1556818
-2205791
-1335747
-782464
1951517
1486793
887802
-741661
-2527134
-320696
305259
