-10741382
-2143012
-11205921
-1678878
4079327
1259344
7262671
-1376317
5837357
2428964
-689235
2392909
-5467418
2529041
-2095520
5242058
-7083731
-4674734
-7776666
2176924
11346380
-3760368
-1444343
3600247
4904114
-2525782
-150973
-5017591
4442535
-7033206
-6593018
-1450032
-4728308
-3735928
-99365
-12757536
-10336290
2068736
-9046414
-9990096
8722173
2811155
6668519
-4373630
-12848718
-1316803
-10497236
4818289
3607008
-5887868
-6273793
-15858974
-11050139
-6039551
-3657026
1980526
-10587312
4008527
2539398
-16309807
-7953953
-10532493
7275779
4503850
-9773891
6004182
2868343
-7546236
-12312030
-3051685
4044099
7478477
7536615
-3600352
5535940
-7104120
-6230426
8933510
-5577877
-7031592
8398089
7649834
-5835116
3129700
-4078664
3064706
-9961651
3427607
4622550
539373
-7920633
-6582160
-6286997
-6546029
-7425660
-12982441
7243581
-4059494
-9995584
-13250768
-6928031
3998197
2239825
-8956102
900639
7971468
-5903840
-4377945
-3254693
-2859406
-5307312
-10003337
9456571
-1667255
-2919254
8985361
-9662786
6468901
-1662953
-6246213
1773369
-100032
-1396551
4628568
-2776067
1221782
-11434785
12049634
-8276334
-1761711
439622
3615684
2202530
-15282847
-7375423
4737462
-1161232
-8167236
-4997965
1131895
3862813
-690445
-12894455
-4705872
4432861
-8449515
-10263367
-7387348
5803683
1725479
-9281414
-3674226
-5954434
2923834
-7453663
-4920301
230509
-9032800
6496892
6373502
-17018
4712943
-8533587
5971967
7246583
-11639343
-10487555
462007
3706053
-8564829
5533873
-11336202
-4641191
999556
-17706595
4373371
8805418
-956848
2840789
786596
-6084631
11753963
1250451
-2817769
-6448272
-8494080
-12441858
-3175009
-2999847
6971234
7845654
-4341170
-7420771
-15349847
-5450765
8472386
-8440302
-418186
5416752
-5736377
3884952
-1920520
-15125304
-3045006
6602176
-6038571
-4145003
-6605230
-1738565
2464912
6951344
4428351
-5409697
356285
-9472516
228034
1643836
8164607
-411574
2980253
-4857098
-8530572
9530389
64852
-2783908
-12423208
-10916104
6733951
5504591
-11028730
4092052
2022482
2580716
-14160582
1137779
285050
2443861
2964185
-4971045
-5962011
-5345645
1709928
6695188
167296
-4326868
4343008
-9124930
6054970
282168
4153583
4196535
1227167
-12932316
4560451
5083543
-6641212
-4635579
3591169
999305
62578
-2264890
-7941050
5777852
-1485404
-6537959
3543660
-2322817
-2959337
5097651
-6613705
-230635
10235775
1437551
-11218724
-701539
1075553
-4637977
-3783946
-5441895
1087316
-1741408
1404544
-2387995
-1504975
4518631
2330528
-3375026
-6611478
3780911
-4609336
2804527
1734635
-447725
-18859243
-3824550
-1576034
-3046526
-16113242
-4807017
8607767
7858090
2617607
-2420667
-1751964
-13221472
-9521882
-2296603
400768
-6897024
-9598716
-2367418
1223927
-975808
1845048
9932393
3368751
-12965219
-9283052
612365
-6707861
-10270802
-11766910
4454211
-9603693
-13459134
2893413
-12059755
46693
1053177
-14343099
10256929
4307718
-5101629
-18296326
8361972
-2465282
-3386051
-908225
649778
-5171318
2679757
-6607054
-6549444
-9192700
-11750424
1879027
2169854
4175974
-8921668
-7889495
-3595639
-1817069
-6357368
-7492989
-496511
-7795487
6236727
-10950660
3883217
6425408
5592648
1345463
-12324294
12809333
1368519
-1408523
-12022802
-9316029
-3568160
1566517
-3252175
871091
-17329033
-10749065
1939249
-6475048
-1912884
8536669
-3806831
7165259
332430
-8094152
-12825893
4842512
-13847374
-9355938
-6633381
-3735534
-2218659
-5324183
4762750
-13161228
-1877946
-13757448
-4611928
2296626
2783670
-10811865
-3868219
4204438
-2147853
-7658281
-5125786
-5230072
1192149
-5337977
-8353129
-5333783
-3972970
-11565377
3785611
-8459441
-11006634
-8564520
-8073530
3483603
-1894578
-7890856
-14135297
1727346
-5531491
-4754609
60330
-8571623
1045995
-4931245
-7175723
5428834
-11477042
1843826
2058051
-4364020
4415018
-9399432
6167930
-6028050
9295
-4403666
-8804065
2779358
-4215842
-2020684
8770941
139287
-292825
-122263
2403686
5420853
-6630413
1889607
193384
-12975086
-7329083
-10201912
1474063
-12108022
4400988
-4181208
206952
-12212589
-8383889
-12658020
-2187896
-7436032
13836258
-5081958
-922397
9475891
-9855761
-11972852
-4135730
-10610688
-5251204
557135
-952655
-8508299
-4534066
-12934636
-13155364
-3748245
3041930
-5736870
-3539260
-6993560
-7410484
-10379711
1683033
2449840
-9862411
-2582275
-10305469
-5802599
2145604
-1789526
6540200
-7179777
-6408722
-7154019
-11050259
3039183
221354
-6530439
5732862
4153212
-1658262
-2349125
-15772933
5473383
-6265273
-9678028
-372023
-4642199
-18179877
7403099
-532898
4473198
-4318586
5272101
5226728
7143592
-9727244
773662
2868157
-1134150
1118682
-2660321
-7085873
-9684083
-5530442
-9749868
9466678
-6505526
-995300
6202390
-16585835
-4727350
-7531427
-5240342
-498968
-10267500
9547003
-373789
361057
-612974
-2052590
4681776
-5855083
-3090026
-8839285
-11433743
2813839
-3526972
-786706
-6758404
1468981
3586731
-6570748
-4461941
-3435743
-5794417
4819481
-4989428
4799505
-7751227
-5356105
-7970597
-5807896
-1837493
3041509
5096824
-14066863
4111235
-8583992
-10951085
2626429
1440982
4833186
8874454
-7997736
-16717264
-17933863
-1236432
-11342135
2859458
-4510491
-512839
-16507074
7098794
4226104
-4895612
-10304424
2565865
-5515223
-11289257
-9287080
-2214780
3310763
3069163
-7575230
-3081442
-4330213
1068369
1103630
-5621274
-3969049
9275162
-4192458
-11512030
-6718791
4387534
-9936574
-6299671
2702628
-13090079
1879716
5059763
-19979734
-836882
-12377288
-5352560
7943322
-15523190
7646423
-9149488
-6642470
-5499090
-1235038
-8354062
-5565362
8528939
-1085186
-3016176
-4629144
-4018645
-9936483
6345122
-1700962
-2605927
2396929
6286479
-941591
5045116
691
-3572984
-14187073
-8551384
9040790
8905855
5463834
-2459655
-339052
6007515
5811434
2639479
-7275424
6262788
-7473885
3359326
-3344867
-11247573
3695669
2627084
-12750119
6012019
6792928
3532341
1729838
10185743
3482236
-17817076
5348475
-6385375
-2921790
4258951
646484
3418566
-8703758
738488
-8501136
4821610
4719542
5221055
-2757399
-507121
-1862905
662812
-10092827
1963657
-12366436
-17555674
-6977988
-10404623
-7028795
2852799
-2759979
-3463871
4152415
5069044
-7655972
582303
-3877910
-8217176
-817929
-4820356
-5624303
-11708780
284387
4595174
3190163
-12696649
5766482
1393108
-4920323
12998436
-3016399
-9071349
-20676099
-616811
5186987
-2312353
8108826
-6841268
14871
-12996642
-4720177
-1075603
4180964
-3386257
-10568681
9284992
-373277
8593485
-11422613
689854
15717
861034
9358143
-1222407
-9314974
2115382
-15875391
-6908829
-1606222
-6347216
-2633456
-4263885
10845862
4293607
-16311906
-1454339
-17577080
-4271387
8942094
-6355335
-6590927
-4856803
3869156
5354592
-5082653
634442
7767943
609256
-20321664
7546303
-4749946
20315
-15333202
-5100093
-7403275
-854169
-13050455
-215589
-589960
4612917
5167055
-7842329
12080721
10144703
-5590128
2283789
-12637018
-2282006
-7960253
-18209880
-3733623
-10003731
8642072
-1723351
-6359911
-10805619
-2749748
-13882591
10735291
500272
1734997
-12797377
2199337
8223224
-5943336
-6639703
2436403
3744358
1463781
-4017120
-20308305
6639402
-9758304
-7835360
-619286
-927970
801911
-13201292
1198136
-4342704
6467090
305381
2644899
2206536
-7270711
4022691
-15989011
-8304627
-1302698
-9048808
-8168688
-7570205
-4540687
-5781864
-10162079
-408241
-2640682
-18150670
5341962
2822750
-8200884
-494840
-11606048
-6462563
-5732269
-9278995
7334227
-6548690
-13883414
-7575230
-457554
-4957592
-3015872
-3611299
5272968
-491052
-951491
-4771665
-15108733
2253547
3922268
414052
-4711121
-3269509
-4543052
11243231
-11943933
-9585741
3527583
-8160198
12085195
3918272
-2421420
-6884269
-4161187
-3292606
-1450610
-12264643
-10706641
14489696
-888165
-1206772
-7462092
3648403
-784294
3381617
1195485
-7687864
3467242
-5317404
9355082
-14745831
-20153181
2486063
-11737391
1378256
-470498
-8284192
-11503800
116664
233897
-5382837
1212913
2132008
-9114903
-10674253
1554528
-5676563
-6893830
-11292263
-5896631
171777
-309721
-2405433
2408085
-3691669
-7903176
-6256467
521416
-10590851
-3158016
-1633819
6224507
-2158752
3522180
723298
-7936793
-3146657
-1283100
-9025621
-2436925
9257743
-1319821
-117548
2547441
-2230783
-5663957
-648645
-2637518
-3447477
784136
4017243
6334861
8096500
-6196964
9803904
-5031753
-5868675
6600705
-11665444
-6514291
3567456
4185161
-8406681
-5808774
5314195
1621130
-5827391
-4105176
1750588
-171776
-13738287
-6147633
6054241
1387107
1624877
-16741600
5563746
-15893818
-188357
-2352803
-7409872
2893174
-7286677
-4772685
443138
-1240631
3405801
736985
-2046920
-6123086
-13284265
-2799369
-13370562
3126383
-4306053
-9126310
282019
2843881
10526855
-6537565
-14883531
-3142621
285442
-7769692
-3078074
-9775145
-7394116
1081020
-3340162
484823
-6784976
3297241
1023825
3425419
-13952095
-10234284
2378771
1862614
-6841192
3114826
4543936
2919970
-18751271
623060
-4586228
-17575190
-5869889
-6490220
6017052
9194466
-8196018
28104
-13193926
-6039539
559905
535708
5245561
-7284617
172981
-4290435
1814119
-12801155
6300465
-6952088
-93226
3107663
-12903383
-14144472
-1767645
-2619335
4082609
3022649
-10461486
7981213
343724
-15572968
-3279005
-16092932
-6739009
3238041
-1162873
-7587617
14625815
-11304393
-4913158
1295566
-15148288
2164793
-3795238
-199007
-8433027
-3931774
13294226
5890208
-2506280
228272
-14089304
-3337444
2907719
-7480865
10194184
6960808
4182142
-10921893
-1744789
-5046716
-6936806
1084064
8285844
-13140501
-9071877
383419
-13664778
-9923859
-7728456
-8298547
3480711
-3776831
-10993432
6498711
8431649
3624388
-4417306
-3956919
-12708858
-9645543
-12982680
-4298321
-16397195
-6125880
-5267654
4730008
-5134486
4118475
-4175746
-9370632
-15253406
-5560782
-2892029
698931
-4999384
912425
-10097612
-5399004
-6720635
1098892
1463933
-3305004
-15691089
-11480003
-171124
-414073
9381650
895824
-12074366
6451069
-4996968
-11059234
-9032110
6200283
-3616440
6232121
4711807
460713
109710
-2460779
4453011
7070254
4314366
-8147785
-8674417
-6230903
-11919380
6544458
7304525
-5591466
-5605076
6798950
-2386963
-171208
-2845607
-5313359
-6745479
361941
-3798625
-773540
8047629
-6457537
-2914895
1678627
2522436
1893649
-2010812
712288
5755758
-2539922
6137061
-12531625
-6187686
-1909912
-7283941
-12013732
-3948624
-3275649
-26868
-5922674
-11763225
-2303378
-1022782
-1338629
15515835
-458873
-2699087
6102929
4776142
6079800
-13089177
9025932
2813664
11534933
-16874285
-822809
-1119042
-9530097
-5212894
-8181679
-12449363
-7648313
2383324
-2166184
-12596457
101552
-440696
-4966080
-6801435
-651964
-11711750
-15669441
2378468
4057687
2041614
7250300
-3815187
-11992328
-1872479
2804851
-11868652
-13131495
-2043747
4207239
3905511
5848875
6442450
4138299
3602168
2612048
-8648041
-4413890
-348490
5977298
-6464096
-6948549
4184643
-14798876
2423033
-1625814
723244
-224583
-16091152
-323108
1092666
-19160911
-6415262
6147855
26932
-9406656
-12390850
981389
1543080
-3062797
-3495547
2348112
-7267304
-923609
1078233
-6292374
-5162837
-2658419
-10048914
1396950
4313562
1023881
2994965
325988
-3007279
4198291
4276279
2025176
913310
2223567
-2200629
-11232269
-10064362
-3140838
-13628332
-1368068
-14858724
6742158
-3761291
7540223
3268031
-5611149
-12735813
637812
-6631330
-7084145
10035072
3341029
6562961
-260440
385232
-2761706
-9861714
-247427
-3099795
8747663
3609823
-2672043
-4042197
-751818
1826816
-7764186
-1250762
-10148414
9364265
-20731337
-1604037
-3967490
-19993972
-3086547
5713400
-9236133
-2944453
1874835
-4766057
3950644
8067876
-9069886
6175904
-9652883
-5933656
-6694281
-1554255
6768288
4400897
-8063345
-670527
-79000
4330425
7385816
-6537571
1901552
-9366500
-11066700
-3520957
-5349668
-3648807
-5356728
-11509946
-9481159
3448126
622285
-12944813
-8552513
-9869688
-16144370
-7893831
-12207696
-11452232
5813291
-13211554
-13645147
470638
-9473403
-10734449
7645254
1474964
-6414693
786833
-11625390
-5165982
-5884971
-4818304
-2471220
-4512465
4962320
7251693
3825900
-62728
690865
5031515
9027233
3770818
14396606
794921
-5161962
593988
-1502003
-1247928
4038107
-10827764
4784008
3970776
-16088509
-3635572
-7838200
-4827507
7212990
-8599396
-5702105
-5508508
6971854
4165148
1181124
4994486
2173352
-9460829
150384
-17848725
468963
6671146
-9993263
1585902
-3832937
-2198534
472066
4098232
7582298
-9114252
-6625082
-11849073
-3201506
-3678845
-11072391
-2981800
-3161526
1149733
20670
-7697057
-9273348
-6940215
2150613
-10228027
1832837
3407509
77961
-5628086
-3254533
6573842
-5855537
-5153247
1990192
-10254618
-17181542
-8139682
-6491026
1679487
-1458357
-4743519
-2001396
-8249361
-7493303
2317496
6108999
-344602
6323930
-9651693
-5580469
-8228752
-2139654
-7932805
-295055
3982075
-5781179
-11289272
-5726318
-9134369
-6484480
270785
-550535
6511413
-6828533
-7896328
-11491330
-4668330
-15689225
1940009
13048834
-7199552
8464508
-2920122
-6375509
5569808
1591353
-3144748
-12924225
5147272
-615344
4504393
-2515135
-7817935
3950059
-1460851
3133978
-11091500
12383532
1687633
-8737907
-16689931
5717308
3548348
-11143648
103789
-11965297
825672
5450278
-11716824
179858
-4030565
-9517724
-2861922
1407029
-2209476
-1247908
1218498
3799026
5680730
9728960
8680783
-2458292
6429637
-12057903
-7880636
9001717
-14285561
-4826071
-3289999
-4785525
-7638902
-13513983
3354909
-15829572
889135
2081662
-976603
-11391691
-5698488
-3385969
8888344
5949006
6023725
6848879
3162394
1834014
-14026713
-12520535
-3042976
-7355060
-157995
-7271840
-5989999
-3391083
-668616
-11043345
1225326
-4157300
6241008
-10483831
2909009
-5839850
-4136364
3144953
-12555074
459516
-13127157
3261814
-112773
2424195
3779646
-4900792
-657489
-6592133
3617095
-19950861
5650411
-10023237
-6540163
4796645
-11245592
-6075526
-4896609
-17594643
-3988819
7921004
8807735
2587104
-3847018
-6659746
-1351060
318861
-11406758
-7541507
-10756721
-5134263
-9860276
-4921656
7525036
-1787814
646817
504077
5101625
-12098237
-8366640
12059699
-3993263
-7920791
-1717995
37067
-18389725
3531493
-3654823
4856609
3395765
4607632
-6960290
-1158696
-1528243
-10356540
4387688
-7841003
4681642
-16226339
7322842
-8310503
-2285748
-11981452
-3776836
-11302471
-2229087
-3425817
4324469
3761587
-5426177
-6054028
-12279802
8339433
7187277
5825864
370904
618150
4932866
-4120709
-2262343
2303284
990056
7488538
1214508
4418773
-5132016
-11985878
2170805
-6917728
-1353103
6284330
9561092
369088
-423824
-339991
-4472714
-8988098
3135086
-9916307
-11313080
-7242454
3537010
-11684488
-16646503
-6448641
4756941
10559853
-1550224
3887204
9276760
-7659841
-2911739
-1206239
-3132891
2806745
-6380374
1279862
1204278
4216326
7364375
5089645
-11666928
3489493
-14376295
-4818444
3735675
3380013
-12269772
-2521902
7124513
10053414
-3262629
-5992425
496014
-4949772
-10430073
-5205928
-17029268
-15918447
8312258
654881
3275786
-14092370
-3239682
-6637081
-4853659
-4127430
-7863930
14118208
1298268
-1765749
-7517161
-3159401
7494104
-8061412
-700798
4945151
9596760
-342025
4415065
-8100600
-10253774
-4171241
-1327557
-8346781
1395010
5793
-4027329
1313933
4540698
3747099
-4923556
3639783
6304461
6485158
5712399
-5378223
3500705
9037936
-4960809
-7781065
-766202
1475923
-5010301
-14181104
3740454
-6331096
-429455
7058891
170010
-20047412
-9619849
9637488
-7592293
3670850
-11659951
-2606944
-666054
918980
-10190328
-4800762
4888649
-7691295
-8742498
2142779
4867209
1127376
-12076839
5865088
-1257478
5254412
-4986959
3313222
-5650778
1157441
1119777
-4451853
581417
1352891
-13279758
396115
7542458
4659870
-3063591
7000618
-5488033
2061711
43501
-11034563
1661175
-5491117
1897815
4062631
-2385020
-8887995
1124460
-796493
-3041702
3961085
-293004
-12820482
-4006532
-11578232
6907584
-1914078
-9905883
-897732
-5176442
3038927
-15842787
-12532440
3103714
-5238955
1040241
8941362
7257635
4030930
-10201575
-7491482
7833101
-68084
5200965
-6604355
11679121
-183938
-7223268
-18131317
-11381071
-7624166
-7588958
-6521704
-2455238
1399421
-11959886
-11930403
-10029712
8418455
-1547980
-4501220
-1352525
3046658
6539773
3922887
-16998449
5273631
-4734415
-4506593
-6423488
-2742806
-9848253
-2536953
247490
3435326
-7202363
431737
-11954390
-4952963
8407726
-2529524
-5073801
-15381592
-7332847
-2903429
-4054044
1690021
3996401
-2283089
9658002
-4485710
-10622982
458859
-6595043
-7417131
9078678
5443048
4359475
-5298163
-12622411
1533614
-5118858
4373149
-6218057
-10067384
-6036536
-569420
-450062
-11504609
461644
7443575
8630298
-6613280
16565
-3779886
-8598417
7900336
-4808265
-10642618
-1558324
-16404
-2074835
-1703137
-1141654
-12675723
6164848
-198766
-15723077
-1387653
-12733205
-17116453
-932244
-5805150
-3747686
8247213
8839886
-6974799
-1825049
-11260279
-5648243
330751
3657029
-7075459
-16529819
12869900
-7411592
-11610507
-8064500
4207910
-600088
-3913032
-16894645
5707111
-12612400
-6410327
1826944
-16398521
-8885354
6809939
-2064977
892318
-11422500
-1690953
2853774
-8927674
-11099647
-1977831
4528422
-7443797
-5213853
-2340813
-11759163
-6811913
1106938
2836087
-10915091
-7363209
7845984
12813610
-8064061
-7387796
680948
-4513346
1513718
-16715274
-1926703
-8961087
-13086034
-11476098
1166030
4820430
-7749253
3420549
7763369
2336778
994560
1437647
-10284499
-13612428
-568036
-11967835
-8094774
-2363320
1299401
-2274863
1007758
-6808743
-4652329
1874542
-9772606
-670928
-4320963
-7138442
9875146
-6440578
-13389467
5880618
-4739508
-5259897
6366199
5569809
-11988198
3881508
-482220
1883547
-15509344
-8910338
-4898305
-1296399
-268516
4490178
451015
428740
-5408285
-9651116
-5951394
-11218379
4222874
-2971611
2850325
1424564
-4540954
-11270144
-1378695
-7448350
-9427695
-4227744
-7209136
-649400
-187244
7179634
-9464002
-4189856
-7025646
-11614729
-4100714
-5704316
9181155
-4487503
-6067384
4013414
-723737
-498993
10367800
-7213608
5797647
-13197223
3794613
-2513102
3915665
-7090921
-4689916
-1544927
-16544644
-1069586
-2815674
-451713
-5681356
-6999209
2757680
4571950
-19298186
2661586
-4405418
3481523
-6329183
-6165386
-11540780
6319995
-9981463
-621515
-6171675
7127091
-10172511
689586
-8607446
-3592842
-3824034
-338178
-16637362
-3347882
4684125
253147
-7539749
1306788
-1418649
1837941
-385758
-2205880
596025
2933027
-9496060
-135490
-4172697
2973133
-116381
-1094212
5198565
1471977
-3294046
-296602
1328681
-10768966
-6393045
44486
-7524389
3129957
5532483
-473250
7198022
-1503341
-10405505
-2256514
8257593
825526
6853651
3628441
-3773700
3112536
-463390
3037255
-3405798
-8355384
4197571
-169947
3069051
-13857780
3574561
1227183
-6481102
2147538
1796528
1619170
-8019074
5343613
4423584
-3010079
-4502772
-10608580
-1816042
-1625074
126607
-8610674
-4921510
-13375358
-11608462
100660
-1716565
-4088449
8132234
-18898489
-7624951
5131563
7643295
5070533
-12694852
10153416
5895638
-4361033
3550427
-2888856
-8636194
-2287682
-6657842
171110
-1360076
-9162154
-3690246
368097
-14174983
5386654
7854047
-2835357
-4302758
-7248019
-13275135
3981468
-7813170
-1166864
-10553557
12233350
-981874
-13997318
5153664
1343419
3669444
-10745172
-11940552
-2527620
-5674537
7946457
-519003
-5426933
9939980
-4455165
-16576033
-6508415
-916545
1819747
2337413
3753462
-3188684
-4263698
-11131018
-8162548
1808347
-11741088
9980220
-4788021
-262834
-14181423
-4639590
-8039757
-5450206
-2772868
9849068
-8720872
-12094907
-9781972
-9228862
-1585978
-2910920
-757226
-2005141
-2625309
7610394
-16022095
10380749
3034429
5075492
-17498520
-4171968
-6370409
1003124
-6058842
-9339597
5421768
-14909433
-8200028
-13164694
7573007
8943510
-2992874
-4278009
4115191
-4178271
-6463941
-16671103
3476934
-2705268
4493604
12717795
558181
4074570
-1907598
3434814
-10003372
-5661997
-8632155
-2055009
4582166
2169662
-2461629
-12457473
-6530698
-5112544
-14164352
-5163053
9918887
724444
-11595187
364986
-13633002
-5444247
509268
-2763837
-6793622
2434099
-6249711
-4688391
-97362
2184450
3192210
-7365231
-107380
-3309009
6287510
-6447790
-10683206
-5661817
-13723531
-5776400
-5577688
-952271
2597367
1051080
-2773393
-826490
-11290368
4307527
1388512
1313455
3266445
-8394236
5451242
4475014
-4315830
-6254339
5063165
-15022299
1828119
-2159991
-5460277
11729614
6327670
-6978900
-9108271
-1454883
7217802
73047
-3722881
11783723
4313494
-1242995
-6377625
10291123
1423413
-1678094
-5493447
-3522245
-11749856
7784297
3694480
-2527533
-1536900
3434049
-337619
-13914905
5870877
868975
-11874042
-7197763
-10943202
7664424
-348260
-9916304
-3300118
-145997
7666004
6186058
841572
-4956693
1012549
4433281
3337352
-5438822
9016981
2566771
3774069
-7889306
704401
-1762744
2003487
96115
-10279467
-7000704
3210866
-2913938
-361270
-11030603
-6399036
-2053522
-9305400
-7523351
-641012
-14857358
5211185
5872547
4745536
7133547
-7168713
-12412947
-8790604
10643700
-5597167
8876070
-16566873
-8106003
-13306413
-10528043
5191833
-18946964
10605148
-2235795
-10415881
2678704
1025138
-5219543
-5806517
-2322010
-6524753
2634983
10372757
-4396710
-4120321
743189
2200312
-128218
1218431
-516457
228668
-13917142
-118284
-7946368
-12967574
-3074399
-5683095
-5736652
-14643271
5578434
-1026971
-2177742
6568680
10839342
-11653511
7389932
2501681
6354375
-3626952
-15275682
-4494659
-3105390
-17310784
5773697
-2773711
11001855
-199191
-11414560
7864152
-4124260
-1159358
-12720070
-2033184
-18035223
10350088
-7093933
-5101289
223039
-8715393
3618327
-3342627
11499956
529633
-304493
-4697906
-4540134
-18298482
-8838883
-5103751
-871667
-6708147
-7173785
-8195815
-6401865
-14116806
3545277
-3229306
10389953
-4427520
2377251
-483867
-3744684
-5338343
303298
-15636843
-5510455
2017724
-5453132
-2698900
3620207
-6428551
-1984477
-10900193
-4346739
2382519
3466935
-5253862
7170037
-3299728
-10295702
-280861
-4546878
-94178
-4754570
10177269
-11042479
-1885449
8347444
-6460879
-16042947
-9991469
-2001264
-106935
-7263654
-12493126
984135
7936143
-15810323
-7033774
-9299363
-16002945
2203279
3887629
2644361
9337199
3839050
-9304117
-5134266
2367035
-9178293
-6432236
-1369261
2347452
-3387851
-8784774
-8376898
-6035757
-10408621
-13352527
-7421499
-12777936
-5337949
1531717
9515130
-744790
5501218
-443163
-1808106
-507008
-8651084
346121
2938772
-1204896
4753881
-2460137
-10221673
59918
6232661
-896907
4987909
8721214
-12523880
-12544026
476681
-13893707
5004856
-11229620
-12857192
-7754247
10358210
-8762161
-3254639
-2474178
3035250
-12554896
-4978630
6412519
-2271152
4730314
-10665911
6156725
-2825315
-6270760
1385491
-209502
-11827611
-12322812
-16248324
-10287809
-5654030
-7292584
-8257750
2365389
1326687
-6752956
1674099
-2524286
-10673337
-1394548
-4312066
6153147
-13761969
3641583
-4645011
6291490
-1052079
-10201316
3844816
4203409
5038248
72158
-8740878
-2153128
582634
-6485421
935830
-654456
5152225
-14565334
-5453505
1683813
8528514
5329168
-2637558
11793235
-5862243
-3885053
8720455
-4679915
-8321147
-5660198
-6644162
-7275547
-15179615
9487097
-2126831
-8386079
-15149148
-5405418
-6761469
-9891232
-2657933
321606
-4957581
7137794
-14900264
1586739
4013804
-906663
2331877
758322
-13370394
-1463378
-4543710
-1247179
-1916898
2352529
-15339740
-4699892
2002979
-3972231
-1670874
8841140
-11340821
3023509
3967892
6486885
4203158
-4085024
2005079
1243826
-9279803
753883
-1269281
-6797613
-15695914
10673072
7324430
-5740917
787030
12267961
5993604
-6805691
-2660780
-9492308
7471635
-2307812
7813189
9479316
-8384854
-8319302
-6241029
-10446711
-2239562
6045060
165370
-20427
-2849404
5003570
1031996
-3453380
-13376552
58823
-10382011
-9550404
7511104
-6972930
-1505067
-2271524
-4090367
-2185131
-15344486
-5361618
2306239
-3681404
-135167
-10352301
-13990473
-8153130
-3980538
-7926578
4755117
-4288487
-9034071
8367058
-7424823
331366
-15176266
-6175478
-288954
-2743648
-10196098
-5437700
-621154
-17958761
-7328049
4364042
2741512
678416
8157736
-6895543
-15987188
6705954
-746076
-13215900
-2221912
6136971
-9541763
-13509942
5666991
-1286130
-5358480
-6555672
-4805248
-1054289
4552122
-1674924
-14800534
-698635
-7090308
-15398387
-2973128
3147170
4310481
-356166
-12490551
7831419
7412695
-2722277
-1405925
-12675321
-4786186
1987653
3530813
-2178807
-1160671
-1659580
3183375
5074288
-3936920
7986515
-12431664
1629624
-13047843
-11995992
-14645302
-5812549
28130
1219335
-503545
-12160659
-2218407
9557469
-2925886
-12836112
-507564
3546998
6407881
1834869
4475405
-1678386
8750775
-3237282
-2080493
-11279104
-6886127
2411054
-16685415
3730806
7835511
2966157
-2223032
-8163590
-3355585
3905972
3197740
2452690
-7972099
-12924906
-10635172
-2417410
-8560568
706323
2208355
6639698
-9772098
3002076
-13804086
4391459
-13703779
-18207937
-17074926
-10247171
2940432
7015270
8639789
-4282755
-5992268
4015103
-13962186
-5920281
-9543697
6536737
3431688
-3912049
-9606906
-929459
1571622
-771227
-9840959
3254842
-521520
3011590
-1593925
-12745413
-11485493
6174219
5158237
-2833016
-12673281
-18050010
1351367
6699131
-1205467
-14993052
-7262982
4115312
1522860
-1902408
-15301563
-12902823
6472960
7031458
-5181808
-13109614
3347637
-10512227
-10231691
-4848414
-5345048
-272158
9348011
2750901
-8202759
2389622
-2862301
-3297663
-4316655
-168456
5116965
-2022788
-13677625
-3407316
-9099999
-779921
-740001
-9600130
-8830177
-3368877
4210954
-3779825
-8588358
-7738336
-2232414
-8552472
-541802
-13229317
-5917408
-16162789
-1577417
-9690531
2541625
7995737
6272056
-4908268
3747334
-12018558
-2194681
4635154
-5218010
-2325077
-5818924
-1303471
1606765
-6784037
1204560
4801992
-1231244
3344585
2159419
-17332999
-13172839
-2087061
-6140182
-12034414
3810313
373789
-10176044
6469242
11722068
-3426655
-2391039
-13851689
468545
-2403067
-10187018
6539318
-1434150
8093291
-1937078
2853506
53857
-240339
-5255313
276334
-6168345
1794388
3349302
5183600
7118027
4678947
-6823254
-1878156
-12116570
4040703
-727816
6734862
-7333627
4648443
-85264
-5102742
369192
-7633166
-13374089
1345228
1196689
-598926
11740913
517309
-1740419
1476439
398877
-4268869
11743780
1272073
-6105193
2922517
-3917120
-10711921
-1183996
-116007
-8609349
-4642721
7365834
-2261055
-3380136
2606353
-2039786
-6499027
-9300942
-13740005
-11635526
-3869133
6083787
8800420
9373249
-2149981
15119714
2426182
-10864126
-7282301
-12730850
-2150007
-920532
-7498365
-1059497
-8056790
-15667098
-462425
-5537364
3723049
-673450
-9409592
-572602
6351654
-2692745
-6118188
-14410257
-4189998
-16884446
1362637
-2830259
3741883
10573546
214010
6273554
8184692
-6671001
-2948314
-9091441
-3242175
-4097975
-3732342
3331761
-14260546
1790702
-5772214
-4218229
5769039
-2075872
-9623418
-270547
-2596522
-9351107
5955148
1572318
5569331
629387
-19968445
-5446530
4275871
-15223238
4745099
-6005361
-15704969
-6307866
-13464330
-4466319
2016688
1286626
-10790538
-2888179
-573340
-725240
-730133
-2019634
781560
-5502267
4599602
-1473285
2540705
-11344892
-14883255
-10482839
2954904
-8054695
-8795648
8337449
-9578992
-4622822
3377078
-1819878
-2320932
1454828
-2531403
-9998576
3412632
-1275602
-1378410
6984272
-46711
-12516609
-6297236
4459716
-10749967
3318415
-1633066
3938397
-3723532
-8740524
-8775207
-303879
-3700192
-7900354
-15540767
8855060
6182813
11805196
-16285371
-6649297
-8246499
7828118
7872440
5928308
-4314037
-10583510
-11091041
-13977694
12627069
-5717677
-216453
726037
-13547543
-5268896
7266553
-7464781
-8507639
159016
-1842487
237660
10812103
-13142051
10404435
-1928111
-4537406
7013101
7049265
2447086
-6044682
1342379
-12562733
-17686016
-6296127
-6011871
156182
-8275589
-6615120
-3032307
-7273791
7679791
-1127132
3241362
-7052449
3050593
-4237787
-4559276
4101062
-476122
-9299515
1656183
5604430
-10823308
5734306
-6758335
4246278
2783661
-10451351
-2528049
-6684501
-4900842
-15128159
-579554
3336986
-8080836
-349629
-127541
-7303114
-4908112
2349138
-7651072
4802932
6746105
-9793419
-3205409
3120025
484000
3334616
-12418695
9823522
-12986864
-5917673
-19981808
7145538
7005792
1184256
-16021872
8381321
-5178877
1872757
-11910019
6041309
2819372
-11041060
-2566862
-8756012
4546303
2439237
-1329191
-1129399
-948912
-7946919
10668638
-13314233
-13024901
282961
-155352
688310
-423924
-92986
3757823
-10964088
-10823915
-13008192
3635644
-3027208
7762021
-2528481
2249533
-23956
-3445632
-6221581
-9794505
-10533410
-1168106
-7630686
-9095876
795320
-11092113
-1484787
-843962
5878979
827475
5250976
-12296707
-281420
-7463402
-281743
10901875
-5193482
-13784377
-12166821
-1302353
-6482900
-9517721
3153386
-1156943
6511135
-1676695
-13983388
-3444338
1976657
9359311
-6183517
-5822730
-5589976
4729782
-447490
7217875
-9379918
1199146
4242455
-7500234
-3943040
-6553082
5318635
-14913352
2067969
11036196
-11380953
-13456152
-2385291
-2932408
-1594010
2948335
-13764989
8148142
3243737
-4818382
6180644
-6380055
-5315734
-4042602
-15043771
-16030195
-800472
10390554
6575524
-3745877
7518315
5705970
-12053214
-3329309
984398
8971695
-13748360
7444879
1875052
-12072141
-9332341
-8140353
-624827
-8332373
-10909782
-5537908
-5364018
-13543674
-12085475
6239933
-9201364
3203450
1619877
10772365
4662214
8253236
351055
-1792864
5414796
1420206
-3584959
-3596361
-1045347
-892556
-8317189
2249346
-15912485
8551311
4129167
-17349471
-8342927
-15907233
-13339473
-2615933
4039751
4322114
-172978
-929064
10402761
9452630
-3691889
-10663050
-1161556
4568460
3027954
845414
-7066421
11080794
-1579192
-1815101
-1853322
-4910928
4974731
-5735762
8214310
-8015015
4530576
-12223279
3486827
4006671
-11260543
-5761657
3532378
-7586528
39011
-12419538
4776931
-6013013
-8271223
3846407
-5144009
-6211064
-45861
-14324422
6853052
-4005161
532668
1290855
-12030089
-10028441
6943357
-109095
10141996
3627231
-9976807
5265748
-7788428
-6088935
203376
-4025717
2387546
-1326246
5472005
-5868487
-10101920
896616
-1303528
-7122602
4547303
2188675
2393431
-314868
-2583073
618697
8173404
8439123
6479888
9335510
3455229
-7078553
-11293037
-7621487
-1619807
264005
-1504127
-12566969
-5911592
-11007597
4231454
-3017542
-2829542
-455341
-3603725
4933937
-401220
-7367347
-908302
-18883951
-3754435
-3014004
1237531
9153650
-7119482
-829484
-14080888
-5844309
-10001718
6828557
7636826
-13357023
-9046602
-2596468
-11041137
5641855
-6875605
-8599784
6007329
7853973
1223128
-5634951
5822628
4216272
-883670
7204214
-6497252
-2202957
-91885
5895708
2272260
1871991
-12820344
-432617
-5450587
-15169770
1080287
5869904
14587498
-10118304
-1178183
970217
3234401
-885023
-2551324
-2667028
-3944344
-6214761
-4643910
-7892639
4730113
9777775
-9777208
1893121
-8885611
6231264
8433146
223729
-2773531
-1287880
198723
-1965953
238693
-6829262
-3755152
-5263784
-5198048
2400906
3724088
-1248479
-8067331
-6352910
1333140
6680032
-5615468
2494046
-2285676
-9440364
-13038010
-8764175
-14622204
9243079
-3013226
-4577611
8894296
-4006192
4838048
-15614633
2761886
797083
-15068521
-734906
-533290
810123
-3797067
4420451
823938
1124049
2611554
4915164
-4969339
-14724005
1848197
5956895
1396783
-5642279
-5833224
-4547610
-3957455
-7080405
19341
-2844907
7375521
-6275532
221058
7792497
3412726
-3926800
10281894
-7730187
-7203520
73848
-8619245
-11310323
-3201309
4791129
-2565205
-5489499
-379415
-4694162
-4792116
4999422
3770635
-2075062
-1559797
-11527829
6997465
-4961315
-1022607
6283686
5791810
27464
-1695602
3509959
2935565
6166646
8970538
3181700
1821015
-11368880
79034
-7965467
7820765
3312076
-11877757
5438377
784428
-13844439
-7505117
-6014681
-2860936
6672619
-6639086
3460480
-15240265
2394194
-2054932
-3321190
-3222967
6591563
-7427006
-3347097
495873
-16348730
7271376
-4226482
1793050
5403402
-12902077
-4069157
-9611839
8175199
9975397
-3544746
-7205908
4533520
9523992
-12327751
-953531
-8926648
1861763
4466919
-12256789
8320413
7996359
-16097015
6832915
-4192209
-6239332
-92510
1288320
4465090
-923675
-6968155
1189943
20261
-382559
-7282765
-11193378
110141
-10757466
-1634282
2764106
-12725703
2532364
-6897179
-11431051
-4590603
3460210
567414
1843898
-19106970
-6323579
-1259375
-3536596
5787760
7688084
3368686
2640567
-22509
-5778013
-2284377
-14872
-9753501
6299314
3909130
-16361150
1556395
-5608489
7343155
-1138922
-5652041
-6382718
-3791625
-6843656
-7487795
2200039
-4823785
-7840989
-5989450
-9832720
-1678720
-3801463
-1104437
-3203800
-13014583
7249273
6610024
-7126330
-6053876
870012
4795808
-9415331
-1882962
581244
3472644
9380836
309411
-7538344
-7445037
-8739619
-1646828
7929369
-4006389
-6396459
-1501156
-8418692
-15094790
-6282974
-2122657
6121686
905271
1142078
-3282293
5390040
-730218
-3630860
3106469
-3192023
-1502022
-7806981
-12297170
-11279602
-967464
8671166
-7305423
10272933
8591371
-2650992
-10881230
1547130
-9470229
1624770
-15784548
10038652
3557
3414874
8118313
6234969
-11610992
-1184801
-2396301
-12759614
-7067133
5316849
-13337493
-3831288
1049960
-12414704
-2862734
-202622
-769115
2556092
-1799541
-13094615
3151338
2282581
1345634
-2076730
2928852
-3433766
514726
-3894411
-7980154
3109438
44642
7127123
506961
-7143713
880708
-5881371
7493975
-14353352
8065693
-4501736
-13171113
4052108
2737678
4883594
-3868042
1184931
-1029264
-1360822
-4785149
-9426304
-8462070
9121444
-2202693
9244846
4553451
5928880
22641
-4535828
9356213
-8701921
-240831
1117160
4571968
-1444100
-9242544
605172
-11474475
-7871416
10046792
587129
9396013
-1249515
8340223
4640677
-7773732
-781414
-4956139
-6767505
-2511617
-12183421
-2315183
-12304886
-15584753
5170132
3796568
1214276
11676751
8165843
331311
-73571
5077901
2713932
-2247187
-387113
-11006482
-10299856
-2938901
-4100412
-10120564
-2774580
-16148662
-6503083
7949542
-948472
-12582301
-7601341
-5841231
-509638
-2971827
2392364
-3189659
-8484135
-3767915
-5251838
3085158
-312838
2844381
-12634157
-6590239
-5491696
-16386145
-897739
-3717297
-10552955
2108141
-256716
3972123
-4399422
8757289
6525315
3444170
8331275
-16539815
-7103109
1339428
-1026874
8157844
3890060
-5137320
-2457115
-427588
2014047
-19323671
-114324
-6779588
-3627925
-4453546
-10305742
-9345541
4275756
6312892
-482115
4679172
-1073741
-9506418
-2796577
3722565
-603625
-5257740
7999300
1933092
-5353923
-7604787
5923598
-2037486
1005476
3223295
1581857
-8152346
-5253154
4205029
-3922295
4428834
-13323776
-8870388
1787523
7890996
-5781240
377861
7883590
-2523963
146353
-11696025
-4652809
902157
-12912794
828345
-128433
5527906
5809865
-14374850
-11387301
-13888495
-14518255
-5091633
-6277892
-12073509
-6315446
5522454
-4506256
8949592
-2951297
3247685
-4747940
-12458769
12529094
-8547860
-844990
8041597
1100602
-9355367
2657988
10679348
-2583117
-11428465
-5871716
-981411
-497490
-1732669
-2660566
6289722
9702002
-4350543
-1177703
-5974558
2412803
5603498
-11636093
-12438389
-11106795
-4148453
-9390761
-4751187
11890669
871633
-7636193
-1138637
-2299101
2398788
-7291455
-8106151
-16211119
-10317650
-16668655
-4400813
-547129
4222711
-1936432
-770999
9118950
-19062400
-705404
4036533
-5707762
-20061212
-7322890
-2939423
-8181628
2602058
4677965
-364842
-1174122
154138
-19054092
-5062332
-11991773
550558
6692177
-2685402
4256077
-8712092
-388527
4015254
-12938525
-13800853
-1564604
5025120
-4463839
641166
-11359267
293956
-173446
-1482625
-258710
-1973218
6394358
-3840030
4404490
9561117
-991842
6944226
-4453977
428209
-1043389
3843
-9973631
1733472
-12779631
-1878355
1812969
1076386
-4188731
-2284718
2031802
1606655
-3178702
-7752419
8294042
3946454
7295312
-7660629
1104210
-4384330
534940
-14805496
-7832618
-2821002
9927047
5431130
-3158528
-6459482
-6997356
6916183
-5791194
-2885656
2231590
4498215
7042005
-11913626
-571074
3899425
-5641238
-6426087
5809904
-2303048
-9227326
-9906260
53272
-15666312
-113472
-5186633
-1528936
-11392470
-11315025
8424495
-532569
3047079
10616178
-7858828
-12907833
-4169675
-6196445
-6907934
-5594754
1003855
-8376843
-5059167
-1085878
4779343
9033150
9823462
-5223243
-2582928
-4330163
1555700
1909700
-10722988
-15846478
679485
-3203560
12427789
-7397950
-9924578
-11791745
2928306
-4891027
-520243
-1409665
-15715617
2113857
-7976175
-8861101
-11393340
11276990
-6612075
3969350
-530548
-11962953
-2395864
2711950
-10549150
-10195095
-8209083
-3936784
-8071213
-2445353
845923
1371497
-71328
-16395366
2407645
5955560
-11464853
3589624
3026899
-13348285
1323300
171185
35095
4965882
3000061
-4810666
196574
-468492
-13781836
5165567
-3843177
-4149672
-7092567
-5052940
-16006794
-3497093
8669940
5098597
-2733109
7241477
-1802871
-18392590
399881
-4432962
-3800227
401375
6703786
-12714182
-1986313
-4802249
5644586
5545008
4244125
1444590
-8673882
-12920724
-5777061
-7826582
-7039400
-7179273
2523347
-11109672
-15393427
-11435956
2756986
-9189176
-5826738
6346558
-3946056
7823577
1277510
7689788
-6127043
-16346204
5902252
-5657038
-7909314
8264612
4024752
-2288534
-4778784
-14372906
-575906
-14152173
-9284639
-4712313
919950
3985162
9444017
-2306239
3117443
-1510800
677878
-8896708
-14260234
-2692864
-2771234
1375612
-3331090
1080485
4119964
-3053217
-5990147
9401450
6456815
-16040881
-5552376
10793250
4206491
-8740071
4937541
3989422
9223259
8976774
-2591121
-11041875
-3271048
-10398760
-6935194
7649633
-13752318
5457540
-7100101
-7178021
1161293
262052
9054769
-1702768
-5135261
1606337
-4631531
-2805127
2422323
-8455513
-15838119
-6482557
445088
-3765400
-4632678
-15638382
2763607
4327123
2005095
-10394903
7138913
3935502
-3226272
468019
-6140319
-2675845
-10561663
-7519001
1469605
-499956
-1800921
4450734
7481727
-6166374
4877895
8929263
-5603072
4519534
193093
4432952
-12974730
-7604036
942349
2253585
6055141
-14800486
-3647022
-6217265
463785
-6263184
-8786804
8900280
-1235316
-17294108
633600
-6383435
-7069859
-8696577
9073933
364990
-654699
-16414452
3627521
306376
-3021392
-9103662
-4754592
3695014
-3744492
8621056
-82430
-3870368
-86015
-2632981
3336845
-15456464
-17985896
2969121
7971156
-4301522
602562
-8469938
-2598135
9490948
-12107508
-5662754
4138481
-7341034
590945
8522556
-5193575
-1285967
-1366361
9155796
-1142283
-197535
-8221380
-1170006
-4310087
-13719338
-4261665
2684238
-9111709
-18217964
-2410345
-11408917
-126174
-2332471
3550707
-8299399
-10917967
-13457075
-7885935
-5920198
2046917
1728266
-7166526
-5009574
-10453296
-3256281
-2642004
-7101376
-16066772
306370
-11419799
-5445486
5815717
-12344916
7056677
5430063
9777261
-11874461
-10712928
1036730
-6083020
-6463758
-826166
359278
-17080382
-5542579
-3184014
-1135971
-16019778
5959302
-4728644
-1232665
3246368
-9485846
2476949
-13357939
3505675
-9438342
-8028594
4914257
4921849
-14091372
-13826196
738119
9043858
-5980868
-7209631
-3738506
2017629
-8510092
-4139607
925884
7446906
-4231020
3830167
-2414950
-5809712
2208554
-1678469
-3939940
-11075666
6564893
-3032870
-645964
-3369672
-9329964
1199602
3668611
-11850171
-1618070
4696858
-10328736
4972604
-295615
-2834491
4162115
-12974664
-7109280
1525365
9267817
-12840482
-9026901
6239937
731563
-877210
-13229476
-10851468
8453047
2611911
-12946218
3250931
-12564858
-7133540
834950
-3891490
7502701
4193579
2679512
5040448
1726672
1017829
10345384
12035829
-15677790
-13414113
279654
-16393
-10050745
-11652711
-15904538
-13051166
-8260362
6595009
-6291634
-1789512
-3534911
-2776238
-11656447
4970219
88056
-3865084
-1518941
9972832
-8534383
1348242
2095886
-732089
-11155734
275547
-9624526
-9358790
-1007508
-6439873
-1061954
4549465
6760717
2853382
8343011
-924509
3183649
-3627129
-10802764
-5898073
-11506810
3709215
9379190
-7226847
-2537677
-8477752
-6837243
-16998877
-11775506
2252626
9004146
-6723423
-15088794
-10018214
-6388896
3308535
-18164659
-7718104
2768397
7223731
-10871424
-6608186
7337263
2722134
5349476
-1135307
-8495394
9035366
3833076
-6054540
-3188041
3196872
2586792
-7954431
1940353
-16121789
1823716
-14817002
4612269
-8567423
1291857
-8105390
-8704319
-4967990
-3076519
4519144
-3485594
79402
2324352
4938897
-1184974
5554645
-1585571
-5583599
-6855924
10258024
5985449
-12429100
-2063677
-4183943
-4221384
2606719
4139331
-14872445
13333883
1104362
-291736
3943369
-15757020
-693975
-8572672
-2815425
5704049
-12461151
-2491399
4083955
-4111039
-11708246
-5027400
-4680555
-3288983
-238436
5866944
-48387
-12408426
-5879264
-8432752
-11772418
9768482
10656865
6335560
11009093
-10094716
-2081033
-4115430
-12175890
-8708684
559850
12829866
-6114759
-10032856
2408123
-11618080
-991596
1962576
806142
-6519932
552511
1484795
93847
-2036382
-6930692
6977754
12405659
-6138557
2862919
6313092
3765650
-3374775
3317395
-5201942
-13270108
-17950952
-11218469
5031524
-7460103
-2165291
-14336763
1660272
-11238968
-10949667
14708642
-5205172
-10917934
-1924356
-5632610
-10744612
-5653071
-6315069
-5102420
-11083046
-490975
-11887685
602174
-5650262
577537
-2357555
2100430
-1254261
9550060
-3688818
-2015456
-8403896
-7239211
7601967
6505820
-3886692
6198479
783746
8493933
7882606
-3122782
-18886330
6423767
-22542
-4952211
-1086248
-11897955
8755151
903678
-6444690
-8854077
-8697232
10209190
-8671035
-8371686
-4026572
7479297
-397740
-5995162
264528
-1690027
5953091
3714143
-6126426
5930380
-4307166
-16894583
-3653500
-8372772
4558931
4164514
-1423848
-16681639
-4288184
5496871
1365833
-2010160
4026543
10874338
5947612
-3040819
-5608354
-8893102
-3202784
-10970441
10586842
2165355
4596501
-10281174
9219021
-7648047
7268830
-19593661
-2616003
-957386
10677467
-7216478
-15722147
6512721
-190023
-5309385
11275669
-682342
-14636330
-5108154
-3518744
-10354775
865022
-11476506
-3224416
-5693809
-15097703
101563
-4509719
-5127364
-11478927
-16810567
-715777
-923397
1594618
-3325109
-3963800
-6018417
-8152030
6233035
1816529
-9130252
-8119939
-352030
-288390
-15519162
-5491679
10125656
1923397
1944580
3224986
-5033251
-17921601
2586280
5966097
-3368340
-6885503
-594922
6059011
-3906944
5882880
6176100
-5240023
-8838657
-13110173
-6231280
1374375
-6074245
7359450
-3260250
-10770114
6058611
-3640640
-4615637
-1367313
-10487577
-3094357
505391
584096
6712399
-1848638
-9210113
374606
2872627
-3921639
5132604
-8089235
-7128249
4951825
4646521
-8242156
-5227121
2955533
-6494346
-1663342
-2672982
-11795856
-6786820
-1788006
12003401
-9138356
6846749
8756948
-6166380
-1263594
-16350022
-5144365
-15480083
-7511995
6519246
3740152
-9608668
-1209882
4987665
-5657060
-8475383
-1823251
-15502580
4982770
-7157948
7142830
-488806
-599670
-2441386
-8344574
7787263
-9133881
567023
-10478420
-4807425
-11939401
-8739910
9833274
5825951
-4275341
1227081
-7279664
-8988531
7072130
2051689
-6209518
-2459811
4729966
1736447
11621701
2714019
-1268356
-9676423
-4907225
-2491779
-10628798
-3736397
8008915
-781107
3672929
-4654793
-2171461
-3521482
-11777075
3786942
-1331163
6924513
10717039
3790425
4908735
-4354410
3553998
-2424076
-2009662
-3183233
-7850158
7906130
305316
-272220
-6897157
5171695
10203322
848402
-11630938
510668
5703957
-15033259
-12676635
3351125
-7351348
-16406230
-6077149
-4779571
-7241427
2661465
-5793970
-6643415
-3782333
-4261490
5961103
-4821991
7369833
-2879234
4790219
-9064932
-10413977
6614396
-939627
-4649266
-3524112
7924559
2132828
-6391707
-6021503
1131221
-5817001
-1100796
-4757045
9560461
-6263158
10791300
10565898
1390273
-3890560
-11429427
2058485
5015310
-11945729
-5535820
-10792334
-9560497
5790397
-7065294
3618403
-3920197
6668400
-4876957
-5512745
-2428700
-13355553
-803301
-5032635
7354496
-9673963
7569122
162624
82351
-3355512
-6662659
7415058
13673356
-8009967
2339409
7087333
4936912
150248
-4704848
9357662
-8759888
-9523707
-9794714
-8010463
-15326943
9432004
-916448
2816500
-11709119
10958140
7930628
-7469476
-3172755
-11745316
-7167019
-7032190
-11414523
-816111
971816
-2952328
2374688
-5265864
5734502
7851399
-4127252
-5734058
-14908232
8564522
-12043101
-11332261
-11124316
-2895274
-2554529
1938550
8912062
-4460316
-7540763
-3616863
-8986217
2388682
4524656
5359359
-1260271
-14389189
2235136
5327733
7674546
-10782833
7444827
3905730
-2068187
-3362418
2353611
-15295977
-10767641
-2264643
5617156
-1638090
-16352506
-18215475
-7193696
-1478094
-11952841
-11405007
-13421702
-5943706
-6218579
-13337968
-9649754
5293523
8189581
7573936
-1808700
3741077
7604651
-11042967
-11621867
7714511
5346835
-10142301
5328560
2930733
-7446003
-7938665
-7903254
-1209023
6368274
-8842787
518090
8072296
2904017
3592420
-11808919
-2464801
-2638332
-6543713
-8347073
-13250724
3777895
-263125
2698538
-6219559
-11287350
-3401033
-4633589
-2916940
-1782080
-7749584
-11339762
10026799
-9989262
-8200045
-13447164
-3094378
10239452
8865624
-4505907
-7422090
-7804725
-16048404
-10536097
2078386
-6245191
-2488204
-10452092
2775065
-5969814
-12080037
2511772
5158540
1015838
4887876
-1369913
-14196111
-4159278
-7267779
-2835392
-4233822
-6221671
4298477
-5264259
3618266
-6703625
-2781343
-11587999
-6570065
3200187
8964121
-4469180
-4876243
1130500
6254538
-6545933
-3354836
-11263099
2163137
-6969046
-1459213
9523240
5634007
4040806
-16568466
-4466853
-5741688
1144504
-2337121
2420041
-2134365
-8884977
-6127372
-6771938
-1988580
3714186
-17705100
7632747
-10367142
-8358420
-2581717
-13252595
-15215763
-8326613
10235460
3201480
-5439688
3969552
-7953019
-1590303
-5528610
-106057
10433819
-5169711
-2624560
4304913
-6996230
-7774227
-1710409
4382928
-3769647
-1092197
-616245
-1027713
-8766539
3400723
-219086
413637
3438875
-7725939
-1699789
2262412
-8822851
-841411
3666929
-7557315
-12559468
1006688
-10557421
346036
-13200551
1053175
-6176064
-5556669
3680798
3872856
-2057302
603063
-2874808
2854254
-13681767
-17084637
-12370820
-11450949
-16167795
-7279955
-8013284
-9073374
-7841045
-11652202
2855113
-11489383
-14466786
6852221
-6339043
-1255542
647175
2817483
598084
-866760
-893116
-7859630
-3589672
-7606499
2714295
-391807
-2885425
-8381170
4614601
-11921412
-11710964
-6750711
3276871
153671
-958082
-15271072
1336482
-153252
2410126
7906446
4022406
5817663
5176899
9716690
2403131
-1948276
735634
2534516
6682860
-15649178
3456567
9708523
-3318906
-7188929
-1129905
-4448896
109749
-11582036
-5644690
5469027
-1015122
-7732727
-13238238
1409536
2215704
-5458886
-3249186
11416599
1973216
-7566904
-1664614
-6070965
11354288
279308
-2053357
-2542490
-13328392
-2726767
9589109
-2922698
-13891304
-12440788
-3108857
6165693
-3476882
2214075
-2914898
10919507
-9712914
-6059465
6393423
2115592
-11569987
1910491
-660056
-4272518
2985693
-7999074
-2834208
6526528
-9932432
3338096
1202565
-3507598
-14510688
3610037
10106924
-9061092
830155
-9197076
3290371
-441310
2748532
-218590
-15430010
1426520
-12726994
-5880796
7878085
-1356256
-984869
-10971372
5952779
-12482456
5818595
-12102816
-7590739
-9385085
6848018
-532735
-1417733
682925
-11062621
7159957
2617715
-16472749
-1127997
-10697955
2952033
-5215711
2565063
-4839784
-1924697
-6598763
-1511905
4148234
-7277990
-725525
-3012519
-9254980
-7368667
-15173341
-6191657
156491
197069
1134167
2228012
-126546
-4971623
-3379002
595484
7672068
-3708841
-5448770
6590638
4425789
-699166
793858
-5239840
-12010170
-14659586
1411185
-10588636
-12751633
-6384689
-2829003
8871162
-3766235
-12729974
-6814351
11470460
-7309045
7231588
-2097529
-10648980
-9506391
776683
-9047813
12787637
7464239
-2110436
-12029887
-6695506
-5284681
-4884244
-6112656
-4827561
-12851673
4411196
-6156484
-10178462
-5517775
-795036
147884
-10416311
3443130
-402367
1445432
3471931
-2511941
1338618
-15559772
-765000
3996509
9923093
-14579836
7522469
-4878884
5034438
-2233480
-4779038
-11755214
-5738273
-1734025
-15507920
1861411
-7292916
6292276
-2148369
7044176
-8614672
-3286474
11863784
-10313712
-11281303
-7262067
-9750118
516284
-10552802
-4218209
5218534
2435065
1175809
1924186
4583408
896525
-7225083
1851439
-5190124
-11180901
1525732
-10418817
1814011
1380146
-12369101
5376798
-7522162
6688697
-8646187
-14264496
-5170925
-7033076
6154388
-4604041
-4680348
-12504835
-12350889
6681422
7208747
-8731138
-6283386
-8696722
870054
-4376744
-12081486
-687770
-6453153
-10204998
-1235945
-5909516
1415531
-12467691
-7051858
-2730319
-3632106
-9561760
-5733459
383508
-6240584
3669373
8676408
1778355
395306
7593496
-12592905
-17889347
6654296
-13843461
-1597417
4828744
-164085
-6722886
-8569138
-1134194
4535869
-8555053
-12076736
-17299283
4413979
-9960014
-5494256
-97840
-4684914
8352289
2441507
-4820962
-5943867
518517
-2478824
952075
4797340
-7046970
-7022182
4479300
-9328540
3648795
-12154750
-13411143
1275418
4552823
4690905
1070779
-6380257
-399261
-2728479
-2696354
4796944
10849178
6711668
-786958
-6641703
-5520778
-6050253
-10223401
-1803099
3636098
-11004
-6862245
-5130857
-4380952
-1909352
-6741594
9668386
-10442939
-294857
5864786
1051418
3972897
-1997877
6401062
-504528
-4795517
-5985672
-1086208
566050
1565474
-12901523
11295212
5374074
464650
-6682092
-12648740
-1497174
1040132
6775525
-2876463
-8497999
-5985169
4873773
-8407626
-1492709
14647
685275
-7617310
-30673
-614170
3391711
-8940123
4121065
1225680
-5876866
329696
-15702652
-8742047
-8425138
-7811028
512239
9725084
4511764
-3008876
2185270
-8697790
-10783732
5418462
1026418
3388788
4298864
10322675
4710905
4668936
9140774
-4970079
-12564328
3236997
-5493700
-458205
-15488522
-4892067
-3206944
-16012100
-1919775
-890864
-6530901
-8170587
-264968
9100806
1343458
-1014590
-7808595
8467437
10130551
12483197
2413341
-2658489
-5504832
10885972
6177383
-9056714
1364540
-7028424
-4766395
-215424
10334142
8356880
-2028810
6888984
676742
431761
11805232
1182848
2479738
-212121
-9413455
7686608
-4008045
1794761
-11852919
-5302899
581406
435732
-6102003
-4496536
-4627882
-8233778
-2326520
-2594371
2253496
6737353
-5066941
-2590214
-4475571
-2931676
2041604
-6805220
-8851057
-8354612
-3315271
871037
3287893
7361616
-2076183
-5927397
-1730196
-15721834
-11968613
-5629070
-1893753
-10848782
-4218353
7192779
-14953838
-5195965
-5301473
-8131617
-3437341
5872348
9859739
-9559729
2509825
3674412
-11519521
-2123195
-623687
-3946218
9627390
7834174
-15814280
-393734
234099
1866766
-713937
2482699
1140617
-1702770
-22148
-12279027
-12298326
2364981
9113579
5984463
1337262
-10791765
-5817243
-16235997
-185376
-1783924
-5014321
2752617
-18458846
4336341
-4305667
3277846
185507
8475137
-4536766
-4511316
-6593311
-583151
3277901
-4489291
4372289
610309
-2670260
-10414001
-750694
7714190
-2429230
-12101646
2729988
2360086
4692476
-5464898
8139884
4039726
1776393
-10549225
-2646400
1617486
4136807
-544543
-5139616
-15059390
9862275
-6916530
-381010
4764321
3213733
-12936647
-13213307
-7849766
1990913
-11735752
5125411
-4234261
8283366
-2689641
-14390131
-2783778
-7688164
-11295245
716753
6337383
-6846442
-8055633
-4312292
-13090521
5836058
-12085061
-6439298
1564336
-10967288
-5705466
-2072325
-9878001
3545851
4604298
7308620
-5919105
-15409959
-10546721
-10779638
12993014
12183539
-4533767
5878202
2929767
-6626438
-5221564
-6402477
8852566
-2465951
-5567004
-1802861
2201620
1099385
-1478107
-11513550
-8191065
-1961875
-415288
9128266
-6466841
-16393968
-7007278
4252110
9154813
-4889023
-119459
-7447016
-2329466
-8259868
-366606
1231630
-7323987
-15219355
-7794174
5146883
-5659919
5678635
-10195684
-9038262
-2070842
-769389
-7454042
-14505604
5966507
1627115
-3418818
3152196
-3241489
8145755
-11733840
-5118309
-4729952
-4389319
1735062
2231542
-2589472
3240389
-15264579
1758194
280913
-3380028
-15384
5330400
-7364428
-14247439
-1683228
7685149
-16440677
-6982971
-1663396
8091310
-6060894
-820291
1064774
-3382576
-9886442
-1965682
-765385
-7392870
-1971744
4002686
12384509
-2240071
6013514
2777762
-5487371
-7794161
-3213855
19324
5110120
-9787573
-15692281
-13994900
10553631
-15988827
-4445168
-5841412
-12731137
10375406
3784287
-4336631
7138861
5904759
6137980
1788408
3360094
13900447
-2696871
4888806
-7666119
-11257331
-4056069
-6746572
8574694
-11478395
-14427048
-11005718
6746278
-10625196
11135624
-7377335
-1980648
21953
-5717294
9004272
-1348628
-465175
1475513
982452
-3990883
8023569
-15424510
1320947
-291954
-8362990
-5213480
-4369873
2160799
-5218282
-11825899
-14984914
-7457144
993899
4138173
6512863
-1537309
-8432616
367360
4904301
-7337208
-7039546
5360972
-6137728
-13091371
-4460551
2123235
-14288358
-3673997
-7402430
-4744761
5907872
1332875
-11115716
12287957
-6291815
8464100
-2414456
-12883662
-2010282
-12868285
-2630698
-4250645
-4517319
-651845
8127855
-8194429
8296546
6019037
6332297
6974778
824218
-3583380
464558
-1637146
28700
-6939069
1461125
-5498916
-879896
4023622
-2844140
-411875
-4429320
-2483338
-4025941
-1177317
-14487883
-10335266
1001475
-4862835
-2750148
-2136404
-1032079
967931
-8125895
-1557557
-15941500
4078428
980167
-5078463
-4049728
-8609708
-12657049
-9637671
4841949
-11415129
-17852346
294548
-726141
-15079134
2175400
-2284014
873329
-9726133
-7967175
-867401
-2627558
2318056
7123732
991836
-5053979
-598933
11274616
7980822
-10557404
-4206189
-10618848
1082861
-1099952
3557243
7557021
-12695519
-5495448
-4032858
14352597
3163763
-14343813
-4559236
-9267449
-5297294
5592779
-8341918
-9530939
-17135115
-10155774
1735512
3739811
-1224071
-5288491
-5931631
-5355494
-12486405
5922747
448049
7980782
-762578
988409
-10052480
-10742
-5242011
-435148
11012831
8701582
747168
-12028522
211947
-1653217
-10197362
4321543
-7428160
3950259
-21080620
-10816838
-4546991
-13582783
-1730149
1395212
5184
-407865
9633000
-11016437
4965954
-16525343
-14883374
733480
-4161628
555228
-11715929
-2681164
-1049454
-16868545
8244857
-12467567
4201229
1523363
-2016163
3457206
-11340817
-11929382
-13762063
-1115848
-6878135
-2737539
8802535
8609457
-93912
-4444304
9686767
-672865
-2251675
-11293173
-4369112
-3136375
10214458
-5760681
-2288935
28037
-4313595
-11668346
-16138792
-6957223
-13630394
-4217828
8440777
-4735775
-682154
-2623331
-2848016
302054
6066530
-1634989
9650318
3568649
-1070470
1960401
3359154
4199616
-11138577
-4105260
-3123424
-10166414
-2538643
-4753501
5685387
-12710917
-5033626
17027
-3475772
-7952247
-845710
-13379745
6429036
-4235065
-10896451
-11520834
2608453
-2821332
798057
206310
-3201541
3780826
3610464
-2499011
7120580
-3744015
-5818474
-10661693
-7131339
-2683267
-1405906
-679584
-3156509
514937
-6076383
-11114324
2801808
-1609396
-1541409
-8151755
4868772
-1056717
-3368942
9377668
-15466263
7568045
2903507
5773702
-11329249
396716
-8045026
10256190
-9404154
-6692512
5519370
-3761586
-8590937
-5578037
-12700998
7282264
-3575873
11590684
-11412298
-11356576
-10817769
81583
9853437
-1641809
203542
-2843925
-8962540
-13565575
-9371362
7683696
-17303502
2101281
-11530586
9231085
-11627608
-12010699
-10829446
-10744015
-4435402
5889068
-6585725
-3084555
147246
-20168934
6086318
6376027
-13382845
-12608208
9472569
-4922847
-3368073
4445168
-477538
-10075583
8463084
-18437101
-5239217
7040568
-940547
-2060677
-10797122
-8822457
-10118648
2055521
4766665
8177638
-8611210
-7089576
5849957
-11933538
-11643793
-10608922
1435351
2913838
3673219
1041512
-6186563
-6767599
-4682991
175832
-10692637
12905086
2025588
-14771854
-7454114
-11281916
-12149136
-7857517
-3816805
809276
-7240068
904451
-4182720
8054499
5487764
1804829
8604671
8879089
5225471
-12049147
-2870467
2168518
3648396
7689881
-4722971
-6450749
6953576
2356778
-11330436
1070600
-9532597
-10996096
7807503
11849291
-13527410
-4770378
3358386
1467960
-4701412
3814989
-5652975
462950
-8731178
-2375714
-5339219
-12532858
-2436484
-13775369
5211272
-678233
5821256
-5000855
7813420
-3174521
-127147
-4816599
726612
-2614845
-5678805
-2073789
5640769
-12769760
5652567
4649868
9944376
-5129186
1573402
12653459
7076851
-12329376
-3094298
-8722249
-11018920
4249876
848517
-1301586
-8899430
-5130580
-6264142
6709641
-10784730
5335607
-6795459
-8115523
466364
-4070678
892646
-2343626
-12276986
-4285023
-7919822
-12969237
-8487241
-5734749
-3118538
5602754
-5281748
326310
-6613
-13139221
1101828
-5895102
8973654
-11254310
-11335785
-10077417
6000950
13731933
12219344
-10402117
-11368128
-113567
-9794603
4077522
-325781
7203706
-7727516
-525909
10502304
9151962
-4210234
-3114165
8772652
-15464983
-10499900
-3817488
-675305
-2970380
-11922027
-5924353
-4254547
6588388
-2702368
8280224
-3601
-1902604
-3215812
-2189680
1421774
-5325832
5816221
-12877309
-10932623
6755799
4534886
-3968576
-8037927
8959522
-5109951
2211075
-6769549
-10547107
471034
8515187
-15893870
6049161
-1058663
-7871921
2675702
-4738519
-7607900
3907462
-7633738
-1639889
-6786548
-7978567
2729172
6162676
8504074
9288833
-1979201
-620205
-8123548
-1904730
-9018403
-3272173
10720036
423318
8613224
-13084228
2308412
5152129
-6102585
-4576403
-7258908
6007993
7390557
-2834455
2878950
-9984111
5180973
-12935603
-9947585
-13098767
7370190
2535035
9048781
132903
-4892721
9085645
11688113
5156219
-8459556
-13880003
-5211534
-4667906
-6948420
3638500
-9284087
963076
-11573560
-7269761
3715311
-9750649
1385832
-4759414
3822798
-1201250
-16747240
-4033968
2420958
-2858929
-1173767
-3767724
-11137925
6899960
2356648
-1513076
-15577371
-5637538
-2284447
-2964995
9627227
-13059706
724575
-13595977
-2906530
7645962
-484501
-11936751
-5570721
1868034
-3795853
1215413
2771885
-12947853
-8985747
7501008
-4092236
-9086295
3837709
32791
-3755906
-5865954
2141096
7876944
992331
1800427
-5050045
75364
-10889777
-353863
2840462
7411085
242423
10041047
-84675
-1083540
7636202
-8826173
2129384
-565461
7004600
-11017272
-10991884
5334917
-8238289
-8675357
-4869001
4651486
-16196249
129623
8971098
-15990955
6313451
-1479401
2113603
-6071608
-2839402
4784351
-559235
-8157202
-10128053
685597
619385
2894180
-3715376
-10443154
2289353
-6365464
-1598205
4116053
8890181
1937095
-13295296
-1474782
-14267939
-10074531
-10760891
5855696
-12945927
-7647300
-9562800
-17943791
4799458
-8523991
-427553
5159954
860692
-10507609
-2043835
-2214705
-7274277
5881492
3487808
-8226310
597014
-5261703
1175117
-384767
-12336478
4359880
-2814017
300330
-6871676
-6869417
60395
6379165
60463
-2725286
8239062
-11931705
-2420749
-5627550
-3875705
-7442057
-16111696
8546005
-10634212
295735
3817611
6317471
961046
-10086175
10905994
8507780
2922337
-7829071
-1484162
-12464244
1707081
2317582
-10762985
-329262
5205977
-854076
-9002658
-4070694
-28728
-2283344
930236
-5022278
-3147498
5509383
-805322
-14108166
-3958234
-9117982
13006754
-2780452
118698
-6502620
-4846088
-12468940
-12046955
1332789
-1456511
-12633585
-12247568
-5502749
11637187
-7383522
-242388
-8872836
-5538542
-4931901
-4149451
-7380411
5065884
1618419
7409345
2781263
2797449
-1393093
486142
-2815034
-3445916
3649053
-966555
3555857
7653885
2603580
8750890
9574721
53215
-3726878
-2905472
-4262970
5420954
1636037
-3628854
-8448996
-7401020
-6514895
9105544
-17103726
-2528079
97383
-10994457
-2780465
-4694276
-6239304
8554451
-3045850
11192967
8429199
-7160411
-15706167
-4441694
-8098716
-1493158
-2236357
4111621
-15010712
-7335541
-746309
-3553876
6680557
9905535
4846574
6711230
-1695431
-1022782
-2816349
3224746
-549605
-5918496
-6772062
-6487542
-5035565
7024528
-6999402
10569309
-3883869
554445
3896224
14895422
-2583828
719451
8472215
-4598577
931649
-11347632
277141
-3921999
-5519202
372479
-15305059
1742836
346479
-9279967
-550692
7124699
-421428
9593797
-698083
9359158
-12364426
-1449906
4614279
313794
5406376
-7259910
-7884018
1568987
8291380
-10391914
-8649660
-6657545
6750239
4372100
6865232
-12185275
-10454834
-8392828
4360658
-1360197
2379424
-31544
-6681322
-1031343
-6829882
-816474
3292742
-797155
-5518053
-1627043
-5900090
-5807688
5798534
6220832
5041378
-6813220
-6524126
-2938377
6677660
-7605092
2116139
10000646
5831788
6267726
-2917582
6018879
-10203633
-9896912
-9883072
-14898238
-7222313
2509499
4898476
-266800
1767258
6838112
6684807
-3727730
-10892908
-16159781
-4999616
-5309668
-9595372
412400
666385
-180909
-2975681
4114892
3175107
-6539673
-5736109
-10580064
2400063
2805866
7320130
-657257
5480728
-5592656
-7142605
1636153
283491
5461803
-3356538
-6367639
-2697626
4031501
-8215769
-4146211
-6397541
-5903619
-6735183
6483984
-5557807
-11434662
-9890851
-864431
-5444759
-7439187
-4945511
-10423435
-7133730
-4682129
2932960
-13806620
-6693804
9935269
4073461
328088
2244787
-12777184
-7320090
2875042
-19592666
-11144206
-3842
1809551
4820353
4327915
4867771
-8031335
-6544388
960829
-5138184
-1892765
-696475
-6056639
5981083
-4888140
-6239628
6463465
-4910290
-12940651
2608621
2981685
-5656676
10751849
2799961
-13251876
2484582
1294298
7248865
-525487
1392369
6033669
3184189
-3123790
-12853125
12583685
-11908108
-2362687
1621145
-1185500
4895857
-4177405
-8660357
-1379132
-870837
-4353136
-1697100
-7669116
-11394311
-13816283
-472142
-3880795
-10043780
5515072
-14927216
6155003
-8259538
-6554147
2002914
-9427391
-5764700
-4748481
-9584609
10463128
-12415258
5773862
-3821602
-2891619
623455
1148953
4140418
1739869
7636198
-4240752
-5213962
3127676
-42037
820003
-143240
-3895685
-10675718
5428724
-3624421
-4021215
4656364
-3809408
3693518
7391705
-6761110
-11654553
-2314371
-19904583
-1869489
217611
693872
-12889567
-12159055
-13075053
10630426
-6666488
-7893317
-2123012
-7117265
7453298
-5919381
3532035
2080218
-516341
-5857265
3219818
-11808883
-2605261
-1823002
4008561
3688250
-7399392
1007249
-4587037
-1288466
-1031624
-6983002
-4844467
-13419038
-10887826
2739855
-4847673
-181715
-15520748
3464018
3305936
-3719222
-65617
-15380633
-11059565
1311826
-1466888
3959263
-5201159
-665406
-3581476
8498906
853178
7825460
-5538612
-1765884
201764
8284298
2096709
-6123204
7943367
-16088067
-2448919
1137703
3503136
-5574524
-7384109
-1933690
-419991
-3777661
-7954692
1212236
-1946578
-6607998
3381052
4860862
7943773
1760135
-658256
-11996992
-12115714
-2119677
-7625351
-4252705
-442595
1409944
5605824
-3901519
9627052
-4157765
3487721
6101037
3525537
-5716482
-5620323
1807152
-671835
6463289
-4512390
2876645
-668642
3112269
-18780157
5398103
-11737687
-14539644
-10531163
-34417
-8125403
1698743
-3065727
3846145
-10860105
6513046
7604490
-9655843
131725
-10793702
-380673
-6769457
6538426
4446734
-6299088
-528931
3585938
-10461448
5905680
-9253993
-5451139
-7014989
-906124
-4238528
-7024804
-15939115
4091002
-2910367
5216273
-4852385
-8296673
-3391452
1947168
8236406
3546517
-16068900
-3465987
-9531684
-6850250
-5247443
-2044938
-13761819
-4486660
-2771236
2859378
-5476175
-5772950
8547727
3745870
-6261691
4051241
144330
-16602821
-12869839
-4218356
-925003
-6723067
-716573
4556879
-875631
-1217959
6636188
-9448455
1022849
2112525
3170538
9003162
-745070
3399713
-17204473
-5402611
-12149745
1336055
163781
-185306
-5512581
-993184
3289478
-5393659
-12270145
672973
-185356
5380153
-714088
899336
-13082992
-1238515
310315
-11823434
-13558270
-12544434
6073944
1416173
-240044
-4846639
6057254
3734368
-180334
2096252
-11128845
-3518428
-6644558
2619979
2007205
-10057375
-12091105
12398416
6131209
4865115
-14066557
-11811630
-8097305
-8211867
-14839471
1419370
1915331
-10419686
12023554
-445163
-4918655
-15056097
-5805064
-213324
-4654395
-9307161
2811715
-1698108
-4351816
-5220983
-6659872
-15657969
-580293
-8090213
6933953
-13297929
-5662783
968033
10208806
-6246995
-5629094
-10667122
-6420884
-5320491
1179478
-5056913
-5183773
-15368460
-13908325
1155567
8910749
-1058178
13452948
3856646
3907750
1222192
5663518
-211658
8989234
-538788
498841
-6457248
3756293
3950682
-5206622
-5046635
-9100929
-6033449
-1500936
-5067433
-2935777
4785852
5974875
8977143
754860
-7935899
-9865997
3468593
-6221034
-5328707
-13470230
489924
829387
-3456032
1658081
-6306989
-9776113
-14793727
-13659760
-186555
-6912023
-1573048
-2535969
4276356
6747799
-4812025
2812364
-8843040
-12328670
-725948
-382166
-3781722
-8765545
738556
-6071037
11613420
1762387
11599127
-9537934
-8859005
4636527
-4088118
-1115770
-249452
-5919008
2997101
-12147542
3109669
4725302
-12978302
3376416
9879568
-6377050
-8093318
-5373822
7804646
-12323468
-8390812
4353671
-513490
-7032738
-15069725
4497324
333013
6486371
-10801068
-5505360
-6592498
-5099900
-11543054
2660850
-15090673
-1028851
2839940
-7780368
-51127
-2176293
-40557
-12766829
-11992544
-4762243
-4792798
-2952963
-12625689
5083196
6982090
2639377
-6264550
4384128
12099644
8336157
4107977
-446340
54413
1000191
-5187045
-10270751
1320916
-4866241
-15850775
-653700
-4678263
1491892
2010607
2385726
4483861
-9367562
-9179538
4091064
-213082
-2983402
-10421690
-6209329
-1030395
-3420256
-414899
-5487280
-6854955
-15617921
-6057659
7074479
-14154389
656028
-11451674
-2862221
8267574
2619025
-5907605
2081443
1180225
2758919
-13009079
869282
-11158003
-987268
1562347
-4458649
-5850514
7671920
-2957042
-7164252
6028141
4608038
-7785923
-3999929
-4638662
4863
5088614
-4368590
-15839667
-11160516
-12633621
5660699
8440398
1702038
4685060
232693
3480388
11070894
-2065380
8484415
4194402
-4486187
-13130908
-7308935
-5523251
-7631009
-4233969
4129025
-6334939
-7526757
-2546969
-11395833
-8724642
12085522
284681
-11941792
-5484274
-12998265
1903223
-2504401
-5624582
6806022
-12838436
6622779
279664
-4910355
2111055
6011447
-6679413
-13813552
-1984860
898480
2371916
-1492054
-11073712
-10941794
-8467664
6064418
-4877050
1820442
-4140987
-4855008
2722883
-7984513
-8162625
-8825269
1374534
6531610
-3611679
-8401108
8721373
-15247443
-8106949
616891
11367383
2481326
-8710247
7903541
10044707
-9785219
2557893
-12532382
10275035
-5757761
-13782117
-1347977
-13948456
-8521627
-4126574
3512558
-350879
-2679500
-728592
9708375
-14193373
3391766
-1306104
-3978738
2124689
-6949805
2946208
-563680
9509445
-15542948
-6982313
-3172412
5855132
-7844952
4480096
6512536
12308754
-251187
-3618200
-1148853
-2760963
-8474001
3905805
-1905369
1778357
-6378150
6040842
-10206627
-6282857
-3972418
-1388751
-7665024
-9042420
-4365231
787661
1809730
-2583537
-6864809
-1924877
-655870
-2478150
1808997
-10611423
-13958507
2806987
-1686850
-14004751
3636334
-12536073
8124542
-2965790
-55256
-1175342
6230854
3230849
-10294274
-3642457
1414129
4179816
241964
881581
-1475417
-265945
7353351
3394400
-18014093
9180993
-9828631
-17301684
-4343268
-8948923
-1687754
-12937305
-15408383
2110876
4450649
748882
-5026104
-8910111
-4327693
1373266
3484570
-13797552
5910932
-4681404
-7575035
-6105810
-1942510
4877479
-443186
-2663515
1027586
-339643
-9289433
-5544736
1194907
-11824624
-2490311
-7286808
-10656883
-6991548
-4261227
-7770611
-3566276
-5880615
69898
9665300
-8747485
671574
-19179775
-9005366
8476634
-5846916
-12977115
-4517467
-13390652
2778705
-4677618
4164274
-523296
18872
12214714
-7920875
7870140
-7223350
888664
-6754037
9802905
-1280144
-11690243
44077
-8141661
-8752751
-256296
-5950400
2973115
-17322731
-8025361
-7068949
-5712217
-1325227
-2643134
-2888993
-14492866
-5034987
591397
3622040
155210
-13200716
9457847
-9824123
-9579982
11553440
-7803464
-15933615
9323428
4684044
8296071
-6269407
4190437
3761107
-1050039
-13734652
-4071802
1213565
-12149572
682026
-12330871
-1656481
-2855582
-1024056
-5689027
-9838229
-9810
-2685924
-3959266
-1643183
991398
2397734
-6689025
-3807054
-9914626
-4700991
-5401149
10261930
-2975170
4894216
4551622
-10363739
-6075325
-7055375
3348147
-4387153
-3942705
-6805606
2537404
2172252
-6162323
-6533960
42329
-5235269
6280594
8083879
7383170
4801214
-3615932
283103
8014606
5489531
8410461
-5477909
-9537033
-3504780
-8535810
-7367526
2189249
-747313
5788481
-10282703
-3598466
-2966218
-6382521
3473491
-952955
-9548094
5620738
7801928
4326470
-887336
-15614487
-4945446
-2479426
543881
-4164069
-10270642
8006005
-5936539
-6052111
-16910890
1013190
3529583
-4502395
-4688029
-4830094
-7279096
-6259942
-16733027
4698883
1091452
1551813
-10625953
-5619978
-9088292
392832
-940249
-7618941
1802533
-6732879
7509828
-3298153
9981833
9862974
5168420
-5127853
-9031507
-974324
437308
-6896487
-7890943
-3879394
-9450401
6871646
9303424
-6128768
-7997622
5769592
-4455070
-8742813
-6609147
-6870695
-12177278
-773686
-6603525
3473495
12594464
-6711347
-11729302
-15204376
-1827724
8007830
-8521067
169104
-8790121
-1118808
4779982
-16741823
-4307662
6557423
-9866278
10832549
-4284154
-5071139
-10277756
-12429166
2520030
-14627870
6326963
-5314205
-10586563
-4946361
-6962982
4944536
-5913628
-6377245
-11001202
1049117
-12501811
-3367477
-15848908
-11029887
-3217921
-8132430
-4486459
-10205645
11044055
-531672
-4295191
7734956
3535755
80718
-2368158
-5515242
3143364
-1043234
-3163067
-24117
-519156
-444066
-12449211
-1125115
13375120
1927091
403696
-10694503
1102325
4697363
3980486
-10834656
-12974564
-8395782
-4947275
-191944
2541998
-7947605
-4958956
-1043248
-8253159
-978710
-11828641
-4193959
-8990722
3178830
-5136859
-3344046
5879497
2253807
-14153687
-11682756
-6125744
-1694252
-13801860
907485
-610052
-136310
686371
-7827137
6203745
-6431591
8691001
-6023610
224093
929777
-5908144
-9133062
-10838838
-10513730
-16220020
-1450982
3686108
-5997654
1007603
-10454726
-6041767
-1942041
-7565701
-8291014
1374465
-14500947
-13448582
-3964486
-4606280
-2437458
-7611685
-11127225
1500747
-13671537
2909479
1365333
-4060399
-11778956
6088239
11676282
1231418
-4757322
-4846966
-395201
-6911029
663789
2467661
2464503
-482129
-827869
-328544
-2538312
-5551832
-13992231
-639456
658032
8016755
9752496
866851
-18541114
-4952805
-12707477
-1749530
51226
-1540676
-11683533
-3625020
-9573855
-4664774
-15394224
5646335
-5484524
-14933405
2639118
4379193
7391000
-4057998
3161028
-6546674
260592
-11671811
-7628518
-6973440
-1351450
-13694836
2158523
-6753753
-4229310
-1103305
9404028
-4866556
-15207956
-2524041
-19179642
-613283
5281957
4613229
-3479915
-12821856
-12318600
-8319465
1543233
5290855
1523494
-7574371
-8524950
-12290180
-9778282
-5549796
-9959206
9614519
3093148
4577466
-1749594
-1613762
10839585
2507538
-11712797
156936
10684699
10544680
917703
-1945323
10728075
-4923284
-1476311
-12553605
6129357
-3124609
-11989124
-584743
-3100296
9660741
-10118203
-10008349
2071650
6232316
-12492594
8321964
-14721760
4308026
4003879
-3554711
11165682
-2698329
-71659
-6159023
-4276194
-15528633
-4521049
2082361
-8453351
-7977745
-6832609
1029578
11306689
4850756
-2299778
-2259480
-17356314
9681605
-475863
4693144
-743027
4172251
-16884242
2776765
-13661810
7626859
535555
-5397285
-11007704
-14469167
-37800
6993592
-3450832
-17537715
5017578
-1202592
-6244823
1076097
2957102
-6572308
3940579
6372150
3496051
4977329
1420141
-4608513
-6034683
9539782
-6357597
-7373756
9384514
-1446182
711986
5839375
-2160596
-1532727
8063428
360949
3020785
-354118
-596818
-8725356
-11408984
-2104663
-6401889
6594109
10819465
-6257277
-3414869
4780785
-10424982
-6874306
817824
-6330769
-849199
8881098
-4371779
3603586
-5704538
4022027
-14746121
2002040
5653679
6995479
-4133976
-2291044
-2244569
-2254849
2540998
-8388384
-4835477
-11158150
-8175942
-7280830
-3047296
8157023
-24726
-9966240
-5128984
-10087195
-3825894
3047969
-11084056
3848200
1267435
3942516
-3580348
-10277086
8735777
-2431115
-1150697
5433215
7826248
-5211579
-5716362
-1924627
-10389851
2476051
8797007
-7328543
-5338280
-9344604
-1941037
-5535896
-11971330
-10125281
-3749679
-1841783
-12042372
4886870
-4098284
-8838356
6927036
-1906402
-10492006
-17303236
1577017
-9026992
-7153236
2449106
4338859
-7553353
-5854983
-15897432
-7792010
8212256
-5035092
7381764
-5524430
5619630
8718628
3560463
-7382886
-8448353
-2871224
-1872075
-573488
-1937367
-11992141
-107089
-12187441
-3875935
7698206
-2508626
-3563663
217046
5842106
-4488676
1494794
-14915712
-2328468
1365265
2889520
10368762
-2812718
-2595838
4114889
-5303804
-1822449
-6881325
502480
6515444
-6425297
-3916412
-4979972
-8266216
2725212
-6987235
9751933
-9158355
925374
-1623483
-5430700
-1620199
-2736573
-6427392
-7130796
11093124
7253991
-8533954
9240334
-3727011
-6576616
-15517912
-7086907
-7452769
-888457
-555311
4462961
1095877
-8831259
1921577
-2908933
6047384
1441260
-6284509
-10632064
-5471517
2823382
-12376176
1940411
-15861024
-6788177
-2923929
-7769988
2070791
-6872863
-5786253
4465879
-12825882
9517439
-8326808
1827759
5101812
-12751239
-1301977
2178450
-6761768
-12382189
2807739
1495787
2925247
-8294708
-1395269
-3959012
1658034
-12087898
-13239004
4173596
-9311414
-7223648
-18587212
-10996869
1782121
-6102320
2857726
-3315369
-9542747
-16062321
-11953658
-11689780
-2830750
-1343242
-522875
-5549258
-6345453
4860202
-3243678
-3265396
2005138
814236
5267757
-5542948
-8963337
-7768726
5014895
-3782636
-13109130
92687
6817694
5309595
-14415089
3831816
6048294
-14287929
2904098
-8444207
-2646353
4930748
1221970
4925963
-6408514
684199
9508712
3603031
3270743
-4742826
-6069853
5813218
-5402640
10499265
5035193
-17250373
-6918113
9259341
-714869
8161707
6696758
1341646
-402378
7178855
-1946221
-4643624
-14635866
-235744
10301742
-11517470
-6845371
-4882595
-8480384
-3794083
-438872
-12049550
-6717539
-2221082
-1088832
10326668
-4790903
-7523235
7651945
-3479638
2970738
-10319032
-15179544
-5236873
-12100552
7760213
-6883697
-2815421
-11721488
-5784602
-4854304
-6332862
-6496305
-139330
-3359118
-4615412
-2408314
-896552
-1427006
913964
-9794046
2403261
8044848
-7676778
-5856919
-7861964
6805433
-1171250
-4757743
-11222091
2059626
1293246
-200828
-4017816
-16304021
128268
-11508971
-1097042
-11312291
-15387622
3398114
14389911
7429244
127327
3028191
-6284171
-3665957
-2732768
-5163528
-79003
-5032543
7946574
11183949
-2095100
-1157454
-5845842
-15680595
3353006
6334801
1340389
3004112
-8322066
6544270
-1494247
-12327899
-376518
-11015399
4743714
7503405
4598012
-4764090
-3791951
-8994666
-4955555
3281396
-7818754
1873360
12023474
8731324
2504087
961002
-5974184
-11063203
1175179
-471678
-869361
-6756882
-2125794
4512098
1502400
-18314209
-4291657
-14240520
6251273
7997761
-7520794
-16511629
-4868697
-7571596
2886790
10063255
-17845560
4713008
-1326503
-9753357
-6588822
-6532162
4557222
-3311398
-14208393
6040539
-5592845
-13626484
2712074
-2039513
3887750
5197934
-6649446
-9119475
-7321317
-2458883
2935278
-206290
-3747546
-9612952
-2843958
-15732096
-11551326
-7619420
-10342302
-4853748
-436883
-4025742
3454697
-331610
4834068
5561869
-2107784
-2724673
-7216578
-1459628
-5359357
-5533611
-1515528
-2219433
-6264344
-10950421
-6522716
1671204
-1736797
-14325296
-211463
2294863
-3651848
-6581127
12194673
-7865313
-10975356
10763822
-11494158
-6111381
-6776893
-7268998
3652266
-8356924
-2025406
-2934200
-14131305
-5830967
-6046344
1116972
-2242561
-3086996
7001453
-2505981
3597142
-5070923
5699037
3468704
14160306
-6133128
-10640419
-4824904
-6813906
-285606
10829666
5029518
-5582050
-7094904
-7464454
-704249
5777093
-4586607
2195145
-12389928
-6130634
-8853136
-3461578
3586357
-16125397
9969952
7058123
1488469
8984134
5936328
615892
-13718117
-10448205
-7648620
-8545473
144889
-2737107
-5955555
6307075
3414572
8325460
-1157432
-175041
-15507832
-8261600
-9254938
-10047048
7757685
-11685122
-366030
302426
-4783752
-1640853
-7488159
-10193058
-15912451
9088639
-6559677
-8517673
3448580
-2530231
-5253820
-14631577
6342718
-901965
-10343445
-3704558
2188569
4223153
-2545992
5892975
-4097676
-10864007
5996694
-5836387
-11224034
-5566716
2670917
-485181
6346371
-7671806
238651
-4482816
-3918455
3394381
-4569791
-5533788
7921541
9705917
-3356169
2261390
-8640985
-11725783
3540637
6049058
7718265
-7393298
2496673
-9889985
1371432
-5861120
-10218081
-332970
-2231193
-9592961
2915248
5077140
-14652368
-1494039
-6678958
-12813754
-11059148
789011
8600137
-4522186
-2539704
-4014803
-5529835
-6076920
-3725342
-5212492
573079
767399
1713083
-117006
441234
4987620
-432224
-12219327
-13805453
-5812751
-1845284
5031073
-7074602
9162310
-209802
10860273
2607180
-3981702
4390353
-4898828
4945075
3379029
1151618
-10106457
-1209823
-7699127
-2163618
-3569009
-2815985
-12731448
-2205265
10200123
-3140562
-1809513
2778019
5975445
-2682148
3248317
6158762
956132
-9311889
-6086063
3067933
-14843379
-9211676
6357151
-8928760
-1755357
759803
6195313
4930504
633722
-7554398
-12722077
6804541
-11784175
-9765525
-9141747
2404234
-2050063
-1405580
-6542192
3352458
-4575086
-4757209
1023242
7417250
-8101802
-12642497
4733912
2111724
-16665315
-3822210
5162999
1800141
8757346
-15379250
6474562
94035
-7005969
-6533279
1805714
-9101389
-1839303
1476218
-2962553
-5901371
-11419500
200685
-2056704
2245184
-12859091
-2623055
-6609975
-16410924
3482130
1908707
-9425817
7924063
-2940263
-1344809
6248897
3275332
-4290543
-8195323
-1845519
-2475967
-7591234
-6256081
-1029205
-2077892
-6830536
4392906
864704
-1063894
-7981552
8423754
-111755
-4924940
-9656055
-6320339
2877904
-3935788
-5236163
-3010940
-10162004
-16187605
1369521
-3439831
7920263
-5279568
6855300
-9936892
7809247
4861843
-8386352
-19026078
474711
1565076
-8743197
-7223664
-9256038
2420188
-963260
-12046519
2957812
-4981132
1837149
-7408234
415835
8627461
-1322120
-13096387
8402499
-11899
2104113
-9877788
981307
7190734
-6120801
299010
-5336309
-785542
-14038
-5659753
-6464924
-10553862
-9652055
198730
-9531687
72961
206339
5080782
3339763
-947691
-9550838
-7562063
-6224536
-9800157
1624345
-6157391
-309923
-9990917
1478995
8997445
5302975
-7438873
9743513
-4193150
-13762142
-7806110
-11638822
189741
-9254203
-1643375
-17784706
-1008670
-8299289
-4575018
-2875204
-1625257
-5119763
-3048715
-4353567
-7523997
8356920
-12622682
8672082
-6864068
-12497533
-3752975
-6831821
4116410
4453885
-2123118
6489593
-1675156
8480699
-6624887
-12218893
645433
-4778479
-4827829
-5054100
-4818853
-4375248
6471506
5381381
-2464096
4772225
6502204
6110142
5089150
-13752545
5812415
-212852
4619505
-5349254
-1403094
-3014204
-5768687
467837
2191968
-3148432
676489
-473913
-4617196
-8026514
-5030684
-1612734
-3871036
-7390341
-12913071
-986792
2543067
6819188
-4280262
2498899
-5735621
-10385164
1295076
-3943231
-1658385
993326
-5745919
3797300
93853
1880449
-6703967
-10363526
-8712663
4674530
2123994
-17213967
-15835230
-1960042
3704819
8267362
-4632590
-10875310
-4183164
9342617
-10594584
-2219045
6305613
3721234
-2443077
6190527
117522
-4040246
2745662
-12033592
-4880436
-3899504
9421157
2025503
-8134544
-6851611
-3332906
6108792
3794889
666069
-3457331
751592
-3362652
-1869750
3204879
-4424670
-16074006
-12201927
-11622283
-7950426
-5534461
-12258964
-6859898
-10542807
1438115
202188
-7129846
-8000245
7198161
-11184851
1087905
3780056
9434863
-11847629
-2704607
-984846
-4096070
-292014
-6032726
-8568690
-3215944
863202
230679
1673891
-7609025
-428819
7060401
-1255186
78746
-8740770
-7610231
-5855135
-14668790
6098351
5240348
-5685864
2330847
-7220321
1438321
-19344161
-8244605
8367656
9678843
-4185403
6665589
-5917610
6323375
-3547376
3331120
7547388
1016316
-7236412
-10839782
-11594958
-11813241
47773
-1355534
7019751
4643419
8656294
-17098595
-7759027
9094863
-4045031
-659981
-14191820
2869884
-2430488
-1487428
3221476
-7805380
3673137
-3894631
1072786
-11345209
6520961
1369367
-10876579
-7745013
-2319272
-13970150
-126129
-10799570
348036
-499887
-629473
7363270
10809009
-1748672
2074135
-5907014
-2371577
4190200
4576159
-612482
9389378
-5109536
-6200232
764857
1116718
6060748
10141514
2888417
-117930
-2687875
-11310588
-5574685
4942782
-3187068
-873421
520921
488335
-8081409
-7606569
-15962466
1236272
-2084680
-1231860
161561
-12236767
-381039
-7546618
1928260
733932
-6284102
-14820150
-4256510
12816634
-965775
2237233
3050278
-5591873
4262168
5503725
-10662470
-5079511
-14851839
8178508
-9017571
-3750570
-6846205
2481232
-7873641
7939750
-3745210
-563293
2707626
464798
-9374918
-5671522
-5499865
4278138
-5311307
-1214222
-425712
354115
-4648070
10441812
-1343866
644606
1522929
-4228466
6272694
470095
4709031
-485816
-7128137
-4765533
-7856508
4684201
-2857209
4752249
-6006025
-3081460
5908397
-10790430
134897
-7815514
837204
1606754
-1921776
-4258742
5245984
-8586103
9551500
1477025
-8169534
-5139328
401378
-8082887
-11108464
-4892095
1506634
-3160350
-3668909
-8071985
13079649
-12576802
5040652
10443852
-17275652
-4753267
5075525
10732968
-2134887
6216086
2402777
-3477368
2043631
106559
-14738591
-13353053
1539282
-11759071
5016210
-8135122
-9720458
-446397
-6663335
-2278657
-2082674
3399483
-8703687
2456309
-12206479
7900702
-11315081
1726701
-4135235
-12661585
-985747
-11071057
-6682017
-4213978
3528581
-811217
261149
-8617007
-6092037
5463934
3387045
-14238424
1710976
8389961
7633127
-4663976
-3002314
-8303761
9225175
4444702
-13137429
-9809085
5706085
-2900209
1359470
-1232685
1826476
4185145
4455301
-9595475
-8127662
12642314
1651391
-5298538
1071663
734011
8754693
-6450413
5168184
-4538135
3903604
-9348797
-7488468
-9246002
-4991106
-5593625
-8178133
5665237
-13244473
-8546438
-8051507
-5333862
6325980
-15348645
-6223013
175205
7577815
773358
-273408
-3181340
-1478782
-6588632
3044423
-17224278
145309
-12266773
-14443914
-1299925
3218350
-5231851
-8144504
4602098
-11154986
9255389
6566870
289629
1945310
3908523
-8767304
50110
-8520414
5537666
1355626
-11492154
-3154505
3241
8190858
602184
-11495243
-9889088
8674430
-8634823
-12349704
-402689
7129584
-10966288
2600875
-6893441
-5270643
-7525163
-374566
-3484915
-1435476
-14008145
5880655
-15702552
-178075
-11308425
-13608301
-1741780
517201
-8310760
-6663549
-14892658
4014815
-8614632
3765239
-5840944
-2652263
-9175264
-11362453
-4428884
-8754984
1027680
-3254666
-1840997
-4293610
5097533
3985
-8557205
944938
1898690
673465
-18274584
-12722148
2319742
-2677850
1455262
-12326983
7328342
-9739824
6716647
-1887306
-10676041
-11411343
-7087436
-4274185
2141234
3571494
-2713853
25602
-4746562
2805604
-15604128
-11045788
1957340
-3062489
-12048134
8035038
-12832126
-3134887
-10397620
1690268
5822125
-14108827
-10642104
8654410
296629
6763252
-10464342
-5942947
-12775550
2372429
-4219715
-7500066
-7316984
-18648
1687221
1396781
8957300
-11982566
-13357122
1116762
3736580
-7424516
709371
2127801
-213171
-10101347
8286416
9172743
-5616897
-4335840
-7129132
2577643
-15657760
8802306
-10029788
1288772
-4573930
1618218
4297008
-10136994
-8645216
9368263
-1579487
-7271144
-906121
6379358
741357
-8856811
-7621840
-12740011
-11280684
3044738
1925694
7630491
5239687
2067612
53546
-8724526
-2173918
945307
872082
-861843
-3434825
-1280182
-4981419
-7473382
6793414
758202
-9604653
2976804
-6454003
5856211
1600442
9428226
-10378583
21759
1804352
-4496932
6594418
6123499
-12305272
-12379886
8773225
-15483634
924284
1845772
9023357
-13118704
-5202500
9944890
-2501429
8821387
-3941464
-4891093
259175
767375
688928
-13359076
2889105
5200254
-3102027
5719521
-11866426
-11853586
-10361129
2169687
3484168
8736459
3199518
9519108
-1444393
-8422070
-3689083
4943124
-12529662
11397853
-12792243
655850
-15886237
-11251327
-469320
1708162
-1126186
-2508099
-7334725
-3351991
-5040867
-1068654
3100925
-11995886
837293
-3841678
5408777
2001734
-6928090
-6296591
5701206
-4800676
-7810680
3786349
2718576
1568207
6164499
3634836
-4074982
4247998
761804
-4603749
2934295
4029688
-4934217
-7938079
216140
3090722
10150647
-11194960
2684666
-10026204
-656555
-16157418
-6760589
4734113
-12905374
2546861
-4052223
-255081
3874322
12127400
-12443676
9019031
5909817
6997840
-9759869
12208
-5965656
-7422153
-15271650
1216398
2574338
1890863
-2094807
-9624680
5961492
13148258
-4895750
-15074609
-158748
3497446
11769568
-1426816
-3395901
4905072
-13467189
-10529751
3662197
5558038
-11458199
8297670
1012354
-7227112
-14088330
6778452
-10129801
-17350070
-1637915
5402538
-8039262
5430592
-3146931
3490596
-8740818
2724873
3917421
-2022172
4649875
-18523731
-13778973
1090264
-7257416
105893
-1584617
-844029
3209175
1950538
1743805
8514746
-991607
-132551
-13655150
-8816451
739905
-340702
-8209392
7579631
1681629
-712333
-6215971
-4390743
-1814470
-9917400
-4588236
-10579715
1083140
-656675
6342520
1836408
4497348
-2565852
-3015792
-20817262
-2008349
3540996
-11530989
-5147713
6558658
-11204233
-5642318
-3715088
-3161027
-6126748
-1989579
5686954
1444261
5481643
-3132873
-281050
-6111725
-3634002
-6503045
4507083
735115
-446166
-72850
5065231
4464297
585472
1663687
-16856935
-6801004
5699803
-2616202
-531610
635841
-5324497
6379762
4464062
464565
361765
7744450
-2764004
2083808
6821685
3164529
-1303897
4245475
-3068200
918930
-9945585
4008997
4894352
-1321193
-9992663
-6800842
7304657
1000828
-16360886
-1665624
-902232
-13846802
5859004
-5591451
-11742596
5393534
-12777102
-10078844
-9544857
3650617
4323121
574362
-4573761
-8921835
8804485
-1176310
-699999
1293320
1893111
-13525063
677331
-986238
-5003912
-9110593
6609128
-3324077
-8604347
8628554
-8275220
-9691982
-2020333
-4316332
-395913
-3937444
4011770
-5264741
-3885526
-5166503
-3920715
13649855
-9262463
-2087733
-491225
-11702151
-18467203
-2692033
3478151
-4884378
-7448332
2452581
-6641058
-107863
-10889245
-4128527
1538878
-8201936
5302960
-12755229
-947726
2250174
-7256792
3936229
3222146
-3512588
279644
4349215
-6467670
611942
-8180854
-215944
-6878189
-8776858
-14019493
1119748
1698255
2018321
-15373394
-6342891
4912498
2415659
-7025873
-4999448
-5278748
3926213
11547581
-4541454
-13265086
-1435113
-4988498
-7840868
914079
3694658
-6981080
-6529411
-7094575
-6010959
-8642914
4950108
4023322
-4730993
1731159
5938742
-16990107
-18408031
-13129604
4279468
6211584
1191576
-9127318
-13823624
-12964669
-10921606
-2725563
7005325
-4360479
1624893
-3778876
-8480252
2850439
-8888595
-7262000
210941
-8204531
-1134412
-4769316
-1878594
-1768835
-4193910
4306146
-1440628
-3329898
5464117
-3544790
-742657
-3197145
-3989179
855084
-5290459
-6308010
-7063463
-16956045
-2991779
8107607
4611800
-1423618
-238915
12254
1880832
-10510438
-8076774
-13347185
-893541
1951713
-4917857
-7483810
-17223005
-4309970
-527231
-16728431
-16764609
4608482
-10866598
-5214591
-6053988
-6068130
-3322911
-5097367
-11881105
2066214
-6373979
-2888153
2138755
-11732580
-3825453
5107859
-8915830
240832
220200
5416928
-6202293
-386628
-14329341
-6625844
4472284
-7345416
-16157762
1837296
-20463569
6129415
3847900
1018975
-6971140
-852162
-1594218
-7855201
-3309279
-9894652
9929720
-55148
-884151
-1388450
-686991
10966407
-36161
1626666
-11029191
4750204
-11700977
5722112
8034562
2785611
-5411123
1424718
846375
-2448563
1989994
3358913
330459
-20256504
277281
-5309900
-12625886
-2443780
-7448585
-14356258
-2182931
2059606
313905
-8183954
-7212701
-1440827
-1078018
-958274
-2078327
15305663
-7542433
-8426114
-7477947
-1770854
-7991251
1443479
-2233484
3132286
1674377
5109908
663372
-664599
-10972866
-4384760
-4009817
-1596783
2840677
6281583
2415506
67585
-9215090
8902878
-4666476
-15922939
-10331508
-3803906
-3355830
-7733369
3465764
-6864305
2074462
-1017154
-5974591
-12958812
2750494
-4655204
-4729039
5934345
-7846357
-19056818
-3087353
1783742
-16422841
-8630140
-2215014
2344493
2208643
6048671
-2684377
534528
-12995472
-6070097
1554007
447038
-133730
-5755369
-6336637
-461668
-137005
1403593
7309943
-1536015
8705581
6220738
9112099
-7012909
7374884
-11189138
12442563
-7935271
-1962086
-11281647
2925518
-637812
-11994949
-900951
-3276087
-5921096
5598492
-13890612
-9685519
3027676
-1671730
-6833109
88143
-13720316
-478166
-11348565
423669
-451545
-4957759
-12383113
-443697
-4254924
6507674
9096192
15801416
-170440
-8341600
4290772
-3999570
-13415185
-16752344
-3535643
5950991
-15546145
-4845164
7091297
-13844822
-9335180
-607610
1455753
-4884774
-11263121
1285120
-6763873
1089576
748360
-6271873
-7620036
-2477898
8654545
305463
-10082095
-129878
938817
2740755
-9820620
-7847591
7931319
-8017929
8589568
3697545
3462781
-12639707
5056247
-4648809
-18079509
1360397
6625191
11949668
-144774
-12845621
4377768
-11142357
-741248
6998131
7767026
-480772
3611800
-2399392
-16183871
1197075
-7187852
-1742131
-16772866
934634
-7050386
9168625
8558919
-5691741
-8202093
-4036070
-7717142
-3262268
4199432
10684410
-4777970
-11179439
2467614
6435513
-6476272
-2712986
549218
1427269
7635461
-16414134
-10094987
-12080043
-3157381
129915
5523657
3366796
4845641
4697870
-3799938
2050090
-2088611
-6310669
-5131031
5853773
-17380035
-14114785
4367313
-5830194
-15862968
8506142
-11583696
-3532979
6814235
-4973493
8119521
-16938755
-7140648
10949772
-5947930
6921271
-1437203
-3889583
-3024865
-12286688
1192370
-1821559
-6710447
9920568
-3596954
-12485373
-15046986
-2462498
-7687435
6394664
3227323
-8217744
2442233
4195512
1931163
-2977082
-2348077
3321725
8893175
3361744
-11601906
-9367060
-9480992
-5357784
3326714
5281168
-5650003
-3927365
6894701
-5229317
4702006
6722658
-15548989
6092434
2883693
-1116562
-354073
-6879854
-15211153
388402
-4694946
-3398042
2811524
-8850574
-8152125
-2681950
-3678614
-5561181
-5764980
-6973028
4687534
-4948386
-8622286
-214034
-4048940
8559451
-10692236
-10742616
-6786949
-7898102
-8376818
7244642
-7050550
-3751448
-12497139
3652635
1376137
6650681
-9070044
6550835
-2146623
-5862981
2217927
-8209987
7730826
-11480929
7205709
-6352799
6431316
-1644111
3394711
5650227
-8603617
1829891
-2137811
11075227
4932698
-7021756
-9797293
-1453567
-4208471
1775872
8751703
-25659
-7020752
5796751
7772778
-2752089
3600922
-7982129
-8916263
-8235278
2960901
7078857
5423264
-11762998
5672122
8615459
-12471853
-9264156
-5113352
-6464013
-2146001
2198641
-6197249
-401840
-4109909
-3745727
-1809410
-5774507
-211046
-4908817
-12411771
-1470599
-917970
648491
2760600
-4539878
-4147213
8108636
8989914
-11746211
8373368
-11014773
-1459422
97484
-10012224
483030
-1806517
-2136229
12157940
-13401845
-13803529
-6962209
-2951355
-12276673
-1662120
3656318
-424055
-12696677
3732262
-331509
11614868
-1799155
-5978327
882043
19604
-3076983
-11879623
5111491
482437
-9434133
-8841369
1757622
-11831379
-3171194
-5386524
-358966
-531451
-9022343
-3097268
5914288
3357240
-378455
-825781
-483067
-1021282
-9695814
6384778
2578363
-3167558
-3619989
2857099
-1692425
-2630159
-2569874
8933119
-5894003
-11686553
-6555718
-1814891
3113108
8805533
443606
3479965
-6144964
-1422637
-3343977
1253653
13108462
-9252313
9383068
-8557841
-4298292
7788170
-849485
6313428
3022390
-920327
-540479
-6170261
-443483
8220085
-2365457
3003878
-923248
-6912824
-5107344
-1259347
-1667481
-2937041
-2284155
-1463471
-9430931
1220072
3202321
-11975078
-282747
4022030
5012335
555729
-10114188
-332777
-8513922
-11214125
3105929
4875977
7011194
4144681
-1885693
4464282
-6747398
-3807601
12563401
-4061250
3763817
-7407012
-5559642
10057195
-4624144
-203055
-5458531
-2556286
7333247
5074922
-15022855
-7180228
-8389065
-561499
-2177237
-4938051
-869014
9324248
-3145453
2744024
6161216
5267348
9993178
-10416377
4715779
-4528972
2807593
-1008909
-3308148
-7604809
-7428483
3992626
-10557025
8508685
-14121179
-1238915
6210150
-3280058
270976
4698716
6638271
-11959214
2846517
-5021630
-3743947
-2984666
13854981
895417
4028728
-3250567
-11698342
7358091
-565105
-529236
-2519505
-1565265
1418117
432706
-7226273
-3685325
-12263437
-6062465
151911
-2082097
-2970247
-11735690
-7559919
-4978964
-3613886
6444004
-7262809
6548094
3820341
-3153307
-6567338
-8411347
6309237
-2008445
-3956683
7791030
-4906953
10413448
812774
-8118310
12706964
1726284
-4910464
-4293390
6361503
326541
-4785985
-5326682
-6048266
6870640
2076996
-474720
-8222154
-4885548
-5812310
-550254
2790003
-3732718
-13156146
-13639724
-6523334
-1589484
-3748467
3029373
-7999676
-4459187
-6949224
2325819
-2893103
-18895533
-9376146
5313692
-5977583
5542666
-6701298
-6092627
-4900393
-10547105
-4706216
15277445
7619078
-10590047
-15388955
-9658106
-6711397
844148
1565426
-5668070
-11943490
-6588499
-2944791
1291535
-70481
6176880
-1404522
7048866
-891624
-9714835
-12590731
-3813207
-4458677
-14247824
5717912
-13420319
-6598424
1233935
-246895
-3159875
6536425
-4841791
-6482338
3348490
11115737
6002479
-4879793
-12688600
-4956627
543485
-3491659
3077214
2169376
1499838
-7205068
-5278468
-12757633
-8051020
-3862138
4642411
-4707603
-7966431
3985125
-11145813
-14454587
-7602542
-8346229
-20970736
4416079
-4406812
-3802322
-1090275
3210936
3304853
-11342265
-1313155
-13913443
-17902389
3494599
-1466887
-3353167
6101913
-6126077
-12344839
-1741140
6096568
5991078
1296373
-2281131
1963778
7340136
7239645
-2344682
7015587
4120048
-5308164
-5423138
-4791015
-5717477
689571
10236095
-15083101
6144
-15983659
2360781
-3687738
750036
-1696247
-1518978
13454700
7481548
-6502890
-4963377
-3170958
4788711
1924350
3191796
-10201853
11105162
35771
3098387
-734091
2466041
-5099727
-2637281
-2421878
7258883
-6234306
-3922288
5982612
9110972
-3213795
-8108528
-3525734
-6871110
-2812739
-2844591
-1696839
5203417
-15410006
-6884291
9195536
4510
-14120540
-5255987
-6779357
-847371
-3423180
-11422384
-7444727
-5498351
-5238583
-8483707
-7206421
-7439651
1396565
-8357305
11098888
-2736274
-4549681
-9439889
-1975504
9442552
-11702197
-3802219
-10683667
-5165625
-8258113
8194952
7668934
2902194
-13660350
2181508
-2570892
-12629960
-875776
-3907505
4838196
-2904556
-87749
657530
-5538872
12700103
-17237624
-10371036
2436664
5270450
-12336925
4858600
-11281071
-4621576
-241229
6669803
-14649106
-10859245
2008422
-4610184
-6435551
-14298932
174021
-6418701
-8947305
-1643107
6206866
-1836629
-6169613
5263205
-169959
297892
-8352779
-14628383
-3541371
-5176374
527314
4559969
-1781212
2196003
8210374
-1541549
2074862
2805232
7844327
-1639278
4774989
-10046158
-11818717
719286
-8531511
896530
-14551724
1592917
5813769
-7042371
-2029797
3755432
-9260046
-2115126
-4690338
-2985878
-4675156
3334249
-10867287
1843756
-8970427
3028353
-5682659
-1526862
8259586
-519314
-320655
10414476
-13508108
-569244
-3006074
3195878
7874630
-1916994
-13236146
6643498
677749
-6648345
3566034
-1915481
-15533785
7992102
-12053984
-13323022
8252529
2625749
-4060036
1710628
-7710714
-2573299
-1292028
3147731
2375602
-15538629
-251515
-15961
-4496970
5941676
-10500153
-6098097
-173667
-13696819
-6702997
5583046
8061324
6232636
5859528
4880002
-8812892
4404152
364837
-7885834
-4156551
7909642
-5792324
-2838395
2329794
1200409
483462
4766554
-4594987
782957
-4084010
6910236
-4124235
-2178406
6741518
2314177
-7538904
-1171509
6482122
-3795136
-1941388
2752230
-6426199
2964313
-431069
-9825097
5884608
-16955256
-7155029
-256254
-10477350
-14479481
-5752631
-879046
-6577440
-1116961
-11198621
-11838982
-5223073
11131028
13007660
-3879111
-10627746
-2549451
-12175321
3047661
-5041728
516828
-12484688
7073813
2940994
9312201
-4807419
-13866209
-1524084
736153
2059624
-2398335
-13317470
-6973838
-13516161
6259776
-569748
-3058487
-13901470
713553
6043118
-53841
-5479085
-523520
-10126509
-14200045
-1476032
-5168605
-9375692
451609
-14654995
-3004148
-6662610
8325812
-3479769
-8886638
-8005110
-10876688
-7938587
1272761
-7194560
408546
-3190704
7743640
-11133329
7148045
-1061474
-4575886
-7539605
-1992814
53936
586478
4995312
-1270341
-7972422
3838189
-2289049
-5374931
-6925249
6251517
9632390
-6413959
911823
1351316
695274
-7851530
-1233731
10380537
190873
4744527
3874674
-12123991
-10324490
-7298316
1818432
2142015
2495163
237498
6632986
-398693
-7389264
7553167
-1200037
3808905
-4747722
1321391
8438839
-4102923
-10919019
-814162
-5242134
-10182221
-11466757
7895813
-1451880
-4181117
32512
-3334192
575288
-6355164
-3883823
-5777802
1824827
403266
7219076
-6423833
-3079532
-14151272
-65924
754388
3358007
-4698499
-7816163
-5617059
1295931
5186743
6776429
-7004686
1151625
-5601090
13217212
1984060
2885117
5106850
3126408
975587
6132225
5183692
7424125
-3960115
5284931
-8295884
-5092996
-3031349
3729664
9919410
-6384539
-1792943
-7490684
-7833741
9158083
-1763380
-2600847
127909
-1170452
-8016279
-272523
3939416
-9661558
2722745
-4617327
-2279428
-3758205
-4588594
-5879583
-3659633
30990
-4979606
4467831
5305048
-16739826
-645606
11506051
2916689
3103086
-11212494
-7322071
349316
666127
1029620
2154633
8300859
1931072
-8219192
-13695606
-168302
-8101125
13021180
-1460795
-16873191
-1224780
1196526
6140402
-5718110
-3623070
-11863
-8170364
-11112912
-10003955
4179048
-1904001
-3784442
-18032706
5337141
-1521045
-504511
4010416
-9453732
-1099834
5140840
4295923
1347379
-4610444
-11572801
-4663599
-2697156
6572216
-7417635
133744
-6651563
-9460186
-15166476
-1197887
-6033432
2085713
5505869
-5069682
-14615162
-9735036
9410465
-11581435
-3206917
4760789
-6884669
5955551
-12308459
-202322
3289888
-216720
861869
6024583
-1475438
4154068
-2967905
3488127
-9495740
-1622336
8312952
8237190
-678515
7965223
7615580
-4811347
-6263272
-2197086
-9124202
-5662761
-6011544
8470807
-1098271
-5689205
-9645129
4322115
-9112543
3391135
6492823
-3867720
-6289647
-3642419
-12684378
-7480642
5909044
3824293
3617248
-6736501
-5288930
5671434
-16053019
-572375
339797
-5545181
-7250611
-4955305
-2439573
-5190959
7069635
-5391279
2539539
-4911371
-1589699
493338
6999518
-7614882
-15128752
1884776
13342540
703902
6118566
-865888
8608521
2945262
-3434234
-8317671
-587677
1051918
2468925
-5045218
-8105642
1454895
229016
-1114134
5301419
4028783
2924054
4086519
-1306916
-7871930
-11307508
-3133035
-2856084
180509
-13381759
-11585947
10010049
-15402183
2450165
2168329
11469171
4383178
-662118
12247762
-11043244
-5063939
-15938003
6045826
-3839922
2235719
7498330
5612456
825265
6656171
-8087906
6623084
-1462777
6799308
-9077407
-6377444
-6777802
-4947297
7310567
-11599500
-11593622
3612229
-1756821
3911900
8805750
620061
-3839477
-2888983
-8087562
141180
-3312248
-4359351
1486037
3766960
6718566
4830154
-932846
-10104972
2309865
1055936
5259700
-9103275
-822456
-2992065
-16305129
-11329618
-5884102
-162203
7041569
251373
-2046955
1450382
1201253
4587036
-10128219
-4796752
-2548519
-275664
-6561155
-13106220
-5530764
-6563094
-2437857
-3055059
-5318261
-14317718
-4844609
-13435824
-4580581
-300459
8808685
5936274
-13661506
-10237032
-5941408
5882673
-3504409
3485905
1519816
-8814641
-14597667
-18692882
-315664
-4561615
-12454956
-11328905
10401626
-1985401
-1502755
-6945279
3516768
-16546128
-11633827
-461940
-36529
-1107108
8990424
-3134782
4333411
1586303
-3243192
6800528
2331285
-6163957
4876079
1377114
1266752
3129830
-9963546
-11264398
4564777
8514685
7770425
-6994649
-4016228
-13489644
11374452
-5428156
-4014283
1878110
-9605345
3336766
6592080
-1409191
6385956
-1347349
7264943
-11512274
-5734218
7232545
-8787601
-4764841
3994314
5801883
-1147366
699501
-3919871
-4141959
6136767
-6260128
-7768671
-259597
-6570810
-1810734
-341399
-6074056
-4936580
-3812185
-1398708
414030
-2342884
-3738457
1407443
1310401
-9584141
771726
-1674583
-676100
-2828568
-13785847
-1519188
-3689414
-4830038
-1388999
10595823
-12031998
-17616988
5394863
8464138
5436860
-12446048
-11385046
-7979901
1718991
453676
-4520502
7130517
-5983110
-11449259
-8929943
-7814354
-5421885
-3079762
5276443
1767896
-7134777
-6951521
-3794323
4024814
2462298
-8694438
-11185583
470553
7673861
11328175
-10779906
-5581379
-1449029
-7751532
3718127
-8628821
5982852
-4054098
-15766978
10550458
5349732
-1416724
5805780
-5924586
307440
7718579
-13172388
-694538
6096820
-6340525
-9274522
-9479547
-189562
-9503189
-13912501
-8762748
-5421534
5540449
-5851344
-7228688
-12529051
-2785899
-8089858
-2730217
-8232568
1162252
6099075
7906559
-4362778
8007498
515931
3515192
-11084505
-5386088
3124761
8568713
-12028227
5034448
-2845672
-4599621
3652597
-6801815
5413067
6583122
4458730
-13449835
-14619031
-6188372
-5547491
-5781070
4945343
-10596520
-4254168
-5727809
10380742
-16143217
7541698
1118696
-15601998
-5436371
6230623
6195615
-10370993
-6286430
4475833
-2790146
-243909
1423157
-4680355
4086790
-6175556
-2711159
353431
-8103736
11785503
7098688
-1424617
-6317503
-11247655
3171754
3117040
-912379
1439320
-4640833
1489711
-8399446
810133
1678055
831941
-5528447
-9931347
-7592320
-592738
2624423
9822650
-1131368
-1588231
-1964063
-6661005
-145042
-7227551
-706373
-12926611
-7807459
-3806495
8580102
-6431757
2387652
-6579278
6339242
-11704181
-13601399
5815666
11144149
3120448
-5406104
-248801
-10347697
2859850
-13082607
9480577
6632936
2640055
-5835761
-14248192
-3583074
-3584668
-3301917
2697566
-6908687
-8047362
-10608999
5080601
-2395095
-8369603
-7844741
-16169303
8779118
-2781884
-10284754
-5695411
-4275128
-15416609
3188217
-9656751
-663204
3131543
-2758526
-4095423
-10100963
-5824993
1714512
1636222
-10943232
-12605378
2251502
-12852579
6415474
-4368291
-3222365
-4082235
380162
-5688227
-5566794
-6336942
-9793606
-13091372
-7257387
-12433676
-3784005
-2555052
-1467888
-4327144
-8225828
-8222774
8828655
-525371
4142783
-4656564
5571819
4875643
5655313
-950681
-1556401
2705001
-6281303
-3287777
-16609627
-8776480
-6727878
7548030
-17461501
-4116757
-4921418
-14535118
-10085923
-4791137
-2780685
-7532500
4387271
-3812060
-257451
-18437287
-9472817
-15726562
-5371473
-3727303
8277319
-13208096
-1147205
-10241521
-9073870
-4802914
-1703172
5016508
6395356
-1297366
1899765
-8242088
3758475
317585
-7154465
-8457466
11404224
7138866
3164696
-480032
9505331
-1351383
-3424583
-12849532
4651544
6870487
427309
1644892
-2652121
5467328
185724
-4420790
418859
-166339
4653368
358250
-4057393
9509297
-7525666
-4531125
-3770438
-8584132
-442383
-11336908
-4119959
-4330251
2535043
6884039
-1912812
-10974066
980088
-4316821
-2889818
-15521276
-3752003
-10674943
-1065463
-13605837
2722932
-6458122
-166096
3285288
-11245696
-6308281
-3104436
-7884439
977043
-6756686
6658768
-4817920
-1202653
-31721
-4508480
2563248
4034823
393642
-11797129
-1246842
-10340164
4776646
6067298
-3404374
310883
8483613
-6980343
-6349544
6904370
1793679
3208037
-9231051
1004654
-15424432
-19829211
-285391
-14541717
2913630
10973767
-6576690
-9601356
-11592385
-355846
10098711
-4806295
-14957346
1297763
-1008472
-2498595
-696667
-8028915
4607788
6384935
2312327
-5760784
87399
5130494
-9178511
-304098
-11295223
-5334896
2686418
10721544
2242783
2947134
-7272793
7836814
-6797774
49323
3677487
4062468
10959535
-2136968
-18382796
-2335292
3247442
4483916
-3710242
-6070706
-2338795
-14089557
174266
-3770500
-1797340
-15682348
-3947289
9461252
4902269
-4320699
-15496877
1198086
-164201
3564455
-5651447
4282396
-6719605
10687372
-10369368
6258837
-9824455
-7682127
-10156553
10935846
4665228
-16560808
-9748412
-9127992
440327
9937094
-7522908
-592424
-13002526
1752941
8329331
1373325
-10089547
-10751240
4506937
2533882
-5996609
10959223
-6928862
8933198
-12863239
-2011827
-4975760
-2206048
497489
2388327
-7185583
-2344760
8587426
13253128
3558367
-5928029
6713345
3178034
-5437927
-13416407
-13675574
3646663
-20470036
-3876789
-5240067
-1391746
-3166749
-6617541
-1465307
-4206022
2261152
-9548910
-12669399
1458093
1818746
82553
-48533
-4741061
-7272857
7294213
-3942457
6179766
-11537030
8500020
3072476
4918328
-13911609
8038077
-11390965
9007464
9591759
-1717492
5725341
-5926443
3566117
6264183
-362147
7077442
-11222654
-19676625
8445446
7729752
3700676
-10361534
-11545513
-8912606
-9818983
2480162
-12835822
8239706
2964324
-4393078
552840
-16168112
-682864
-11777556
618878
2498563
-3013599
-7342750
-3866956
-1544014
7029916
-6334958
-1641262
2937253
-1791207
4141184
9171852
3923179
-7411271
7691934
-8191723
7492239
4876167
-2055691
-3708553
5527596
-14785837
-3940026
-5235391
14927054
1290764
-8308786
1419629
-6787587
-13014231
-9557296
10296306
-4945492
750221
4910595
-6382439
-8153719
-7008874
4112202
-7880884
-1339511
-8905269
-7232377
-5188557
-9053745
1034811
1921670
-5833530
5658705
-1519128
-3819921
-3108710
5524349
3166469
-4975348
-804311
6719692
4237303
2830571
-6731040
-1438582
-2123173
10671639
-5398835
-2338941
-8195456
2009478
1909581
996575
2984481
5924381
122898
-1078302
-5351103
-1301791
-13574269
6257081
-7351169
-5423508
270751
-12594666
-13508141
-1838593
5661182
7380034
-6949696
3669419
-5366293
7857044
8098108
690577
-15664342
-13239942
-757153
-6445340
-3371224
-12242564
2403395
1934162
-1641427
9333616
-1282252
-6755425
4657290
-5969435
-5325747
-83635
6827442
-1997646
5137381
993761
-7911767
-6821528
-1715233
8138448
2610614
5658222
3362367
5248142
1498928
-4642968
-12019285
7622054
-10828174
-943468
2354857
-12133399
3294226
7272413
-100033
-7414191
-1543017
-11301309
-7134761
-302071
-6126277
-3528450
1876258
511758
-13166623
11977979
621007
-5988948
8124576
8547829
-3507926
-5229886
-10555131
-5852119
-1200020
-23499
-18065034
-8889270
-6638353
48961
2730486
-12182575
8203323
7595749
281695
-923267
-231115
-4060566
-1660685
6880239
5661895
-6538264
5468732
-8059542
-8650129
4426733
-1359098
-8347124
-9198201
-4030843
2313022
12101055
-1333307
-3700064
-6307519
2910574
6739672
2402251
-2809652
-1668400
2600336
-3845109
-11489310
7407007
-1926970
281806
-13324152
-3220239
3567408
6214040
-4901929
-16197423
-5278765
-1542313
3953651
-15705605
-9989130
4466382
3810132
-4474594
2395142
5737943
5825426
3266842
-300305
-7165483
775366
-14861525
5792883
-15487320
4782849
9085766
-1629576
-2782141
-13247346
-7920608
-9912268
-2778738
4772553
-2027627
3755380
5939141
-1922749
-12368370
6588196
2751021
-806229
8698916
9204814
-1852627
2657807
1167085
-2908375
-731690
-8398211
7887621
-3749101
-7014606
-4172359
-3438078
-3376225
-15224947
4764356
2635600
-9695919
-7412106
262893
2345507
-12763309
3211858
2173119
-5734092
-1423223
-2080883
-4573667
330696
3929737
-9083880
-12546675
8663860
-1106526
-213261
-5037855
-2859036
-10460065
2977469
3570715
7501140
-2621891
-5275946
7528318
-7035303
516143
917798
-11093028
-7648414
-8768725
-2734031
5552275
-5408535
-781024
-12767868
-13305322
-8571956
4042033
-7310692
-476318
-7250974
324046
-17629908
-7307041
-4104905
-12470223
-2710458
7893151
-2179602
-1632962
5949987
2968122
-6937019
-14665179
-3996388
-2336414
-2268269
3374783
2713042
4101165
2341459
770602
258790
-12274481
7338812
3911192
-2978422
-10852780
8166322
-9623584
598177
73818
-7209091
5720035
-5287542
-7464940
3819170
-9103386
-3871783
-2415180
-3732171
-7848807
-826107
6038184
-14935807
-5225835
-1929058
6667813
5364607
2906129
23090
5046720
-10357138
-6264478
6851581
-9157419
3233721
-2301367
-107900
-6074045
-11670687
-4233404
-13928991
-12841794
-11039147
-8497971
-13887912
452180
9730098
1257515
-1954215
4735868
10920731
1823420
-4040758
-5928157
9191590
12290350
-1398878
2479033
4760250
-1328203
563431
4834841
-2239239
10579009
3482442
-12714725
-8872375
-15359129
-2057620
-4444763
7226617
-7887648
-7368096
1477869
-5837791
5548380
-5093146
1605743
-17291518
83375
-1554421
2147125
3382565
-2496028
14391772
439509
-5909090
8331372
-10123996
-8094651
1773687
4599717
-8285228
-6439079
-8027021
-3203310
-4985699
-12417626
-7063797
237284
3071367
10778630
-8388210
2888947
-5186740
-6322500
-13854547
-7426757
-7951896
4876760
-11318752
3172681
9129116
-3712939
-1680815
3629445
-12601612
-6816734
-2133848
1840579
-15032517
8723311
-10631496
-19991656
4686099
-9491771
-10246882
-10873530
-4786121
-12713290
-1273414
-8376558
-9057441
5028348
-19132493
-9665956
-9640967
5592050
-6304030
8787290
5450999
1369330
7735730
-15487329
-4886833
-5737978
-22044
-16640976
2475725
-7220230
-5319478
-8613579
3360446
8511456
-4676293
-13173308
1492023
3597538
1958104
-10824157
-10108807
2770691
-2620566
3321926
1674545
-6654053
8506762
2869868
7960158
-6438884
8323956
-8833444
-5389873
3268969
-12153173
-5699
-14698004
938243
3436587
1607227
-685389
-9606997
983728
-336386
-12041491
-753621
1449627
-10646453
3657676
3430432
1027082
-3666786
-15315272
3336405
-13363861
-5803573
2829261
9197179
-1338310
-9368373
7825803
-12115720
340130
-61908
-5452457
-8425198
-9326947
2776422
-2539298
8559573
602643
7057764
1253685
-3215915
-2761873
-6293999
-4240895
-7837973
745316
2419240
-7687995
8705148
-576108
-6676130
618258
-5311530
-19613223
2757504
-1193016
-8303938
7284858
5741518
-1117477
-5715426
-5718560
-2133189
272714
4892969
-7249047
-516128
-6135480
1933026
-11003050
1617137
3874461
-1750909
-13371683
-3877050
-6979398
-129749
7279090
2117661
5844298
4607772
-6888581
1233832
-7854586
-4342342
-1739670
-7672026
2056943
2740419
801123
3619752
-6847893
-2770494
9579351
4337195
-16044717
-8378871
5799309
-750767
-1084210
4135028
3987650
-943047
-4404524
-13440781
711570
-9559165
-11442171
-56311
-1917784
3924498
5376018
-4668041
-417059
7765702
3830698
-6764966
-196236
-14613909
7036766
-3949541
1546229
-15207841
-6850813
3356173
-7700948
-8153513
-12184635
7604230
669864
6722292
-1632287
-1687485
3198657
7713157
420048
-9079519
-4668652
-13644275
-6577
-5392667
-13048156
8816648
-8141754
-12650906
4927783
5690566
-5152141
-751257
3723014
-8749353
3405509
2549764
7618445
-16771675
-6065896
-5867615
-4773492
-15445196
-1344799
-13887042
-7375722
-4619967
-5194654
-2891593
-7037097
-4793667
3597966
1526648
-2741349
-2832395
3054223
-4579898
372283
-3910857
-4594338
-17735086
876201
-17106251
624839
-7120285
-12626489
-11310359
6674912
253312
-5329888
-7581644
10095206
-510821
-5984415
10268392
-4887472
-12494509
-7888609
6154476
-6666574
49333
-4563328
5627926
-1257272
1778255
6862482
6118319
8090150
-1515092
-8709741
2040740
-14368676
-1044156
-14099087
-12161404
-9989509
8936398
-6984029
-11276192
-8169215
1922274
7719041
8975595
-12197653
10034202
-6922864
-13323849
2715733
-7549720
-15176492
-524931
-4928811
-7292017
-3871399
-755557
-8428853
4898623
-4699477
-7670583
8547719
-5182070
-9913301
949296
-1254073
-6960160
398496
-199159
-13571109
-8046829
-10416651
696273
-9860046
4243394
831279
5787450
-11992037
2852026
-678984
-267785
3461411
-6596251
-4531570
-8585197
1100795
638908
-5325179
-724078
-9664998
7205451
2520505
-3390806
8987062
-7285293
-16738497
-3356365
1946816
-10827317
-7190330
-11743203
3063766
-4989343
4393847
4098706
-8637262
9172653
-10979366
963196
-4437950
1976845
-1209980
5025336
-12120244
5872586
-2276109
-1931632
-3541219
4785138
4855053
-2680065
-892282
-3932421
-10291945
7121089
12159924
-5056526
2796248
-2678866
2949951
-11858202
5684150
5169072
-2359703
7497106
-6928475
1292598
1189340
-4348423
2568123
401695
442233
-10753868
2452698
4752635
4097271
-11345108
-14516340
-1727705
-1326158
-469538
1395822
1177288
-247070
9774978
4731798
-13738037
-4396620
-6081328
-1496849
3286909
3251034
4482554
-901032
5833728
1636943
-6789049
-3034075
739351
-6818868
10420752
-7457163
-10870328
-928808
117460
4440938
-3579689
-6873666
4484862
10360999
-12341333
-10341146
-11766255
-3451356
8907584
-8742230
-11005586
6671534
4400202
-6081525
-13518301
9450350
7457053
-2112333
9254397
10302371
-13587154
5584811
-9184849
-3925355
-8715398
-4232667
-11992105
-4270984
-6873627
5338841
8304663
-4547880
-13956057
-360447
-14647433
-15015985
-8685445
-6386603
-2613897
2193966
-6976962
8546300
-1577349
193505
-2102106
-9859675
-11022286
7827950
983558
-1083956
107107
-10747636
4470522
-16651043
-1517154
181053
-84122
6170236
-8539390
-451447
-3434840
-16043926
-4722393
-3029365
-5309880
5205993
-13550903
-2676585
-1215
-9956462
6147418
-942762
-8036330
5415428
-372780
2763277
1648055
-7496827
-1610270
-2270482
-2736962
-2826410
-12867634
-9605267
-4225825
7197221
1823707
-12364391
-15990030
744093
-15962483
3368469
-7693226
-543201
-2805912
-6666611
-10881338
-1833411
-17794576
-14946641
-6736341
7015973
3101952
-6670577
4725853
8456575
-4725978
6716156
-11602511
-1576776
3701982
-105231
-4566868
-11488001
-5571566
9607234
5753593
4575893
7633976
-8017302
1261442
-5652915
-9137942
4298786
4096992
-5579006
-3765
9355090
5581951
-2399214
-6279736
4636919
-5991942
-11406904
8679851
-687511
7473080
7036041
-13802361
-9044551
-1640592
-26193
-4784819
-913723
-4572939
-9474485
8345795
329310
-3685442
1939152
-5012679
1154962
-16548144
-2296904
-10095955
-5241282
-7187357
2082865
-5630798
846389
-368206
-4896796
715852
-8906757
-11824324
6495659
-8854733
1399894
-3414160
-3513528
87691
13623807
9779100
-520226
-14752064
-4190622
-11652298
1520179
-10163077
1237833
-8806527
925796
1620859
8214888
-12761890
6331263
7306735
-9464134
-12330551
-3849869
2350971
-10671749
-6296453
2438792
6132066
-414111
7572469
-4315931
-5948466
189637
-1305353
-5810232
-16363861
-2760717
-10687338
-11414372
-10861785
114172
-2206963
-14814611
-3699856
9823695
-6340790
44189
-6661739
5214633
-985225
-7654712
376222
-6863096
2285048
-6206321
6130751
-9996460
-3316260
-4606940
-1091174
-2402495
11464125
-14933354
440598
1024568
-11128503
1654415
-971477
-4503490
-8325378
10038608
-14799552
2574077
-675171
-2697111
-1365800
5792781
-5087427
-2970589
-3635269
7775995
-1031541
5842073
1924108
11324939
7175120
-6925232
-2999990
-4950735
-11735114
1246411
-3285920
-10175333
-16711812
-7008004
-9676006
-8386544
-6515933
12521306
9436520
4999240
-5751528
13058897
-18450167
2578975
-5652759
6725278
391013
1016838
-6702729
-1384467
152700
5651809
9729635
3079668
-5226518
10363799
-3716937
1544011
-7462435
-7234929
-4722225
545774
10506374
-1292432
-7954379
-5268736
-4869859
-1586333
-4668116
-2360055
10001294
4457939
-16228437
3832076
-8727867
-20669223
-5919802
-3450460
-5795906
837044
-12628609
-165678
-1806461
-4414265
831445
7517840
-1840923
2897036
-3053819
458457
-8111594
-6692801
-9148417
-11826171
-4195259
-13833935
6258814
-11236475
-379381
1724217
124794
-4518809
5978939
-11415050
-3229720
454531
-10522340
422256
-1910439
-11139685
4312619
-550507
-4596523
-13148477
-7834283
3596991
-12010503
-7009774
-1501921
1461480
-4368603
-1805155
-7416303
-6008092
-2151381
-1913982
-1711070
578916
-1487464
11709724
-4743002
-11343449
5029020
-10862223
-8773376
-1303096
3619348
-1177890
-1469324
-43299
-487365
-379338
-12596901
-16081767
-8850506
-8516094
700949
-11983916
-2828830
7577289
-1486604
-8459152
-11013334
382280
2048568
-5141549
-6920931
-6166825
-4116193
6027524
-244560
-5945167
-9048593
-14949589
-13168384
-473918
-2290853
7202935
-6869231
-1179071
-8400735
3668561
-5012703
-7174898
-2146006
4364698
2849352
-1512077
-16106642
-11578760
1134478
-9332279
7823389
-10024
-5650413
3928927
362871
1653437
-5481681
795252
4572779
1171362
-258151
-2429723
-1065394
11493640
1646741
5896260
-2815467
6922714
-8875020
-12090630
12235139
-4817916
3791290
4915275
-7032090
-10243139
-5682098
6810558
2547436
-3522696
-15465497
-5406896
-780424
5873104
-4922066
-11825353
652602
4201937
4536247
640328
-257279
-7623549
-11241689
-8288965
-2921617
2746922
-2780496
-2690478
-12897801
-1857456
-4981956
-8441977
1005359
3369254
-4509150
-4440184
4002190
-4967307
-6545713
7167997
-5832953
-5483237
-10847205
11514896
-2916999
-4737796
-6040786
-7789092
180393
4914097
2132252
-634091
-4864033
-13407576
-2714574
-4315106
-5115464
-2400345
-2536626
-5154208
-1084430
-4309641
-9967849
-7197119
-2915270
-8383809
-17026942
-7737306
8489735
-4658123
6996533
-7761357
-9531003
-1636647
-1049426
-14902209
-12200661
167089
11910197
-4188357
-3804345
-14883571
923527
-13110657
-1647139
-8124454
-2058482
4258152
-3263677
7928525
-8620552
1376444
-7343935
7784978
-6887373
-4427170
-2301672
-716515
-1085881
-13224928
1490283
-7205812
3385543
-4128502
-5228583
2431294
-16984316
-8909240
9859825
-8412530
-11195862
-5087488
-8175197
4101113
819529
-2411083
-5408284
-16289201
8604965
-7454089
7796414
5539905
-687173
8829343
-8490859
-16869307
-5254080
6725396
-11603222
-5618980
7865074
9828541
10497677
-4830084
-12141925
-14619735
8597310
-5789747
-9068242
-1636369
-10994527
-9618401
-1998354
-4063683
4988362
-7630671
-62968
-12740568
-7267493
-4941288
-9126751
-478862
-1967372
-1094976
10237676
2690896
-5999960
-8456236
-3676365
-6837731
-10598103
-3496951
3290811
-10106030
-7985133
-8771473
-3639885
6577668
-4206312
-12976317
-5294601
-7013320
-11823406
-6231080
63180
-14621055
-8315197
-98502
327871
6363828
128718
-5588356
7725568
8156465
-1030840
-10871744
1342165
115334
-5253349
4469308
-17962209
-774747
2298226
6678691
-8765264
978743
-17438704
1967125
-16597906
2492365
3923247
-334740
-1725931
-8292367
-3475456
2620078
-13468909
7638885
-1062394
-4920279
-6829370
-6907163
-15544958
-3285950
-4333705
-4914862
1483991
-14362190
-2001072
8989031
-14615466
-1961320
5861336
4846763
1041903
197675
-3780447
-4237944
-2922181
-7659134
-6533820
3987602
119716
-5175199
3907070
1536067
-3524544
1803359
-7704897
-8242055
-660613
-514570
-1385611
-8512234
11757634
-13741137
-5003534
3574815
-922546
-9877639
-5007646
6647461
5871006
4474617
-9919335
-3151582
1743851
5903195
-9971651
-429724
-11904679
-1378204
-11535658
-9899369
-3123710
11108530
9655349
-9961001
-2556250
4097529
4392803
7819892
-15821396
9485607
1740737
-2991448
-12405225
-6628129
-6264300
8809061
-3572600
-8343680
-6334323
2869129
-8222951
7440858
-12980422
64832
4974192
-6779457
5928928
6046459
-12572171
-6448259
-2328072
2417443
4102361
-13457284
-3016740
110638
-13698935
2596137
4810236
-3340022
-2512822
16986
-451375
490744
-7260099
-1978650
-296689
-9863185
10194359
-7204233
1250293
2655828
874624
7416
-10361408
4940461
-1431533
-11206759
1833705
6191254
8426433
975057
-5999587
-4004843
6983428
-2347201
104924
-2437353
-1852593
-9945652
484713
-14182579
-16250543
7685376
-10668654
3803943
-2501579
-17627909
9095632
-5725796
-8638016
-1907405
5497402
-11272563
-2697024
3643650
-7742397
-4684629
8245104
636343
-5915960
1373692
967132
-3740401
-3231381
-184291
2731883
-2964851
-16870551
6445348
-2714998
-2569700
-12460449
-7941828
-7447105
-12014987
-9380934
-11193917
-640319
-2791137
2122824
6835001
1287498
787718
-3104669
889137
-2632914
-7187020
7280968
8920487
-1876327
9548095
5115256
-7911547
-43792
-3493548
-5029655
-10700457
169469
-13959261
-6594448
-8341855
-1049036
-713539
-12762030
2616244
6598357
4434796
4099708
5845671
-15264650
-3593330
6661385
8320920
-5706917
6603019
7304319
-15222522
-699201
8079637
-7220922
10011041
4710329
-4963569
5613918
-4206931
-19304698
-5067676
6307609
5185745
-6750602
-6314921
5188590
-341217
1129931
-12517695
-620860
-16046041
3354893
1972225
-150348
4653592
8169683
4466785
-1875456
-7195095
790666
-4446847
-4657703
-421263
-12737426
6475059
-791543
-4362171
3310335
-1892529
5155093
-9993749
-3929523
3045546
-7473545
-9975342
11259855
-11310767
-16252718
-12522836
-17055989
7905875
6866728
7494192
52816
-8592761
1084977
-14241158
-6733838
-11365787
3829828
10207498
-2438236
3904424
-8354406
-5200378
-2781954
-7635671
-1702195
9266317
7734202
3112909
3920364
6754888
-3042883
-16152779
3073154
187147
5194458
-325673
10557777
-8583670
7387708
-2590937
-11623517
-10603468
11457549
-3914856
-6389605
-314075
-3151684
1089960
8354451
-160077
-3381910
-5884447
-869949
-12719673
-3944523
-17505728
-15371872
5048838
-5569594
-6278339
-11516796
9145173
-10525770
5300511
-12276882
10004405
-6480302
-1659768
3739533
455595
5091272
-1745723
-5213314
-15123029
-12737569
-6315761
-7202765
-10782261
7370564
-11803213
-4047973
1308230
-6084191
-25450
2342600
2079562
-10197361
-15252939
451321
270737
-16037608
1036505
-8755790
1386410
471177
-14388470
-685110
-6753065
5739354
3456736
-10940537
3367816
-7675164
1023467
-4186534
-8297267
4217441
-4084403
104278
1544691
-313056
-13243844
-6661739
-915108
4628196
-629510
7147279
-8059225
-12772930
-7202523
502896
-13902042
-2887125
-5267491
3908023
5602886
6374136
-4652989
-140085
8502712
-6392579
-1346262
-5097980
3206138
-2252572
2298893
-4776553
13322578
-8451932
2809962
-3999140
-11504795
3996544
1139749
-4977593
-6543049
7981845
2113234
2073152
384783
-7345751
-784227
82612
-3595024
-8365426
-6751181
-12597991
-14703842
-4222377
6900918
-12221351
1440903
-1505143
875019
-1398652
-4735114
2276794
-6275477
-5849371
2619412
3306960
-4127639
4020631
-2205591
3599685
-17716933
-3782089
-10509359
-1044852
-18259362
3170160
3619130
-12793330
-353388
7689164
4331882
4210618
6351821
10353326
-5008596
11687368
-6583323
-8298524
2094811
-8816604
-10846264
4714194
1897455
4920459
-1611714
-11247142
-8833754
-7682855
-4782370
-3667087
-2794024
-375263
-8100696
6131324
5261137
-4276210
-8839402
8389544
-6852027
75459
7672877
8340142
-5499044
483175
1638655
-2304105
-14921799
7493555
-2573551
-1293292
-5155184
-8705302
1188570
-2548900
-5406815
-5157208
1618931
-3854354
-16990579
1921973
-16298341
-392300
-2554536
-16039786
-9898988
-3743905
-941850
-7169697
-3520907
2167533
-10427511
2019295
-14247325
714698
-6318296
844454
-5326046
-1003301
1089244
7385927
3526480
365269
-15024225
-17007462
-11423808
-2089893
76935
-1446436
5025602
3200378
11252088
2535587
-5424680
-2334518
2589501
-6118923
-7208938
-7361221
8741788
-1354148
-6602693
-553432
-2079424
-717611
-4440570
-6695270
-8257311
493393
-2110545
11836779
6347259
-2638124
2913610
-2542970
-5081483
-12155093
3553284
5346605
-9175346
9086139
774642
3464979
-8845019
1940042
1603625
9299088
1254414
-1140190
-8265273
-307366
-12848440
-8906866
138776
13166389
-6663966
-11272659
-16408296
-4974346
-6447411
3728781
-6030416
-5476557
-3932206
-3672311
-10084109
-6669873
-303140
-1317166
-6746284
6213159
-584611
-5450161
527665
-1458394
-14679497
2126525
-8093261
7009694
-2377640
6271240
6824130
-187873
-8575619
5001168
8520767
-8984929
301881
4379605
3809336
-12851320
-2896112
-7926183
-13523118
-6575660
4087641
-1028986
4399944
4705278
-8139428
945062
-4885378
629204
-2612521
6893804
-17554748
5820041
4815051
-6053555
-12096312
-8877399
-8530707
3570198
-6030039
-1958838
4060650
-3005640
-5689884
-17120220
721997
-2971889
-13612378
1138010
4666919
-2527408
-8319310
13066616
2532861
1523205
-9917867
-3500564
-1512913
5467793
-1288027
-4440184
-8398718
-5948775
-12125612
2799138
-5200148
-7684317
-7924579
1347104
-4007889
-2093297
-164686
-1517486
-683659
-10471245
-15659922
3821074
-748205
8621003
-6334380
5154125
1615068
-13496139
4514357
-4765911
-6620189
-2787302
-6302900
3743089
-6541207
-1553009
-13352596
-6826987
586451
-8846663
-4662538
315266
1165742
1492461
-4464374
-1590965
884997
-7888437
-5328346
-9261660
842757
-9846518
-10761957
-113009
-9499965
1458129
-2290963
6128176
-4865817
-3267778
7308651
6065370
-2950442
-10175646
-1470346
-2370168
-13804227
-4479317
-1449294
5324759
-11714208
4069957
-2489742
6054176
-12718771
4634428
1743377
2146791
-8119825
-4336655
-368862
3520906
-14145453
8431448
3429956
5227034
9974686
7047852
3797586
-1323824
-7141719
10630964
-10236062
3161678
2828796
-14090444
263566
4526957
-2463972
606103
-7552182
5161929
7427358
-4458880
-10487303
-7303153
-7847307
-8488842
-12361591
2720639
-11537467
-2633651
-1327771
-919577
7552004
-10627468
-118257
-8926003
-4203174
-8101509
-1717973
-11654756
511672
-5087534
-14271655
-13433675
148817
-4891913
1761495
-6648783
-182847
6312305
-9751703
3604362
-6543593
-19313022
-8470347
188784
-3284788
6860196
-3472470
-11111155
-1780945
-1227482
-16691060
-4306951
-2884747
1571464
1791141
-2930553
5364356
8269381
-7907204
3454658
-1458374
5777388
-4549149
-9686734
10122977
-9939447
-7373741
2185719
493664
4934894
4128605
-179801
-11209607
6185989
-11958878
-16143144
-792563
-2632264
-4612993
-582075
12758585
-12823125
-2145967
-693086
-16072316
-1503300
-9932030
2461523
-15569980
-1273839
-3389874
-11868962
-5758817
-16250359
-7414909
-3293100
9367860
-260776
-13543028
-667632
6513234
3452835
5496366
-8882567
5850172
-7226119
-2646325
6560332
-6642173
1632832
13130967
992932
-12241836
10191574
-10777823
-4310892
-7450483
-1775717
1680811
-5096741
-5710579
-2398577
7058434
-2519430
9180660
-6079690
8030944
-6592720
-7523045
891567
1328890
659901
-13081681
-16320291
696700
-816403
-101592
1605800
1773325
-271941
-11884247
-1822583
-4095719
-12210144
-4829116
-84685
2231593
3799634
4992999
-8794767
454007
-10396096
2295733
-15247474
-2448450
845453
-1669884
8902294
-2407035
-2791417
-86105
-489953
-7631648
-11543176
-13486263
5161163
1136877
-5605452
5165084
-1494772
-10916073
2751621
-4448881
2007544
-6757915
-337804
1857200
-7098746
2497092
8383288
5911698
-7677058
-4377807
-8047024
-1450018
-2228700
-4464560
817306
-3800906
-16483356
-3814696
-4393948
-5834687
205654
3777509
-2535116
8357223
-5411735
10738312
-1658104
403687
-4596332
12068951
2634836
3873887
-7820104
-10489688
4989887
-16443442
5657247
-3053913
-333487
8601889
-4963003
-119209
1086854
-4193447
-1632584
-14414335
-11721922
-5402196
-5923764
-206809
-9419069
3636889
7545134
2003773
-13041444
-7893294
-5919554
-1130395
35175
5114753
9592826
4177991
-6360162
-8191205
-2482206
-7667337
-8313763
-6533258
-10610086
2505103
-5330349
7337577
-7145611
8411915
1260323
7191291
-11748314
602266
9191570
2251338
-5032316
2955422
1281937
-3599283
-4729928
1544093
1549979
-4273064
11549226
4102379
-4505845
8930268
-6892187
9644447
-2459600
-1112544
-7039638
-5583991
-9832893
-742631
1692277
5945566
-11807564
-11296543
-9025790
3810869
5664863
-228927
1649602
-13170763
-9895206
-4821930
-14894197
8574394
-489400
-3729812
-2603485
-6589992
-116138
-6783559
-1062056
-4549541
-10599466
-4549640
-1517659
-5407498
3568569
4348270
-6328645
-4660904
-979397
-12263194
3726930
701530
-7566652
1238165
-9475362
-12239352
1617419
6236538
-9375031
170971
-13865387
-708492
-5959600
405365
1164162
-13637163
-4211747
199214
-1105769
-15324193
-2627248
-5278583
-6059407
-7261916
-8716498
-8881422
-705149
-3652576
-199634
-1069389
-1054986
-2426278
393864
-9487538
-4489818
-8380963
-8350515
-12844062
8164637
-12588895
8778273
-2293523
-8846888
-1930373
842957
-11881728
-13350975
1849849
-4176230
7760524
-6496432
-15599985
1247744
-7503804
6534251
-11404013
-1912924
-4047986
-11587049
-316880
-2768209
8418861
-3480139
-5635861
7578589
9583377
2704871
5738406
1046752
8415363
-6725390
-4078075
6437779
280803
-2334962
9235349
128166
6632787
7210804
1279148
-3908048
6528908
6912648
-4658703
4824777
1454808
8001529
-5450570
-2760563
1771139
-11376658
4493792
-4528067
-11506448
-6054282
417778
-9874069
-9500155
-6121295
6984403
4607025
3281977
-7997819
882276
-9021776
-5953404
757819
-2237197
-4949167
-7716347
8430957
-6856376
161084
-7186443
-12817453
-10271755
-6797621
-4363402
5858316
-11359200
-16033907
-12063668
8846483
-12755469
-6634957
-5570991
-3282974
1685133
-10728728
-2242408
7026924
-1760143
-8208790
-3635884
-3435503
-8942066
-5060143
3216343
-2174708
-6528748
-6566932
3812693
-3637927
-3393682
411198
-6239908
390761
-6963564
-4389204
1517541
4241006
-6117448
-573336
-10701802
9046096
-11617102
-16430741
7630746
-1601999
-11862820
-12794474
1495912
-7625527
-15439780
-872590
-13521677
2468293
-12497113
-6548882
2077512
5738532
3328669
-3571431
7761666
-10184574
10518227
1456034
-16643131
-4763268
-7647547
-10262267
7874082
-1155703
2865781
3844686
-12632647
-7690095
486539
-2475844
6689177
-5959977
2136260
2516672
-2385135
-5149349
-517056
5450573
-6045095
3754850
-4163626
-9896968
2100107
5013092
-4844434
-14016561
-1181672
9263480
4897716
-2158907
-8634112
2207379
-10989974
2563945
-8100935
-3218588
-4104759
7019792
4846794
-8198997
-7722172
-13682738
6154873
-12587902
-13721577
1543944
321983
13270580
5440562
-2587920
-9715236
-4157124
-16578361
-16353509
114145
3334612
2529170
5925322
-8777188
-9666696
7180374
359625
-4644848
-11869086
-478979
-9071937
8792917
-10009227
-11959797
-2905893
-5445781
1851472
6966627
-940035
-11816486
2078558
-11208914
-7118230
-12774613
5240205
11787888
3180813
10105484
2890161
-5617349
-1505658
-2452884
-13758113
-3767739
-5919190
7631330
-3971888
-7921404
-6298353
-641705
11213530
-4063687
-5473962
-7333983
7222762
1227837
10381932
-5205329
6620784
3230058
-4373015
-10275377
917536
-8405284
-1390891
-503797
-5149452
6087153
9134000
-15004002
8348026
8796939
-11964838
5623478
5839578
3777332
-6117043
9700993
-5245062
-16009964
1352200
-3199642
10917893
-1988161
5700669
-7303434
-7475533
-1519232
-13366690
6771176
5442003
1743284
-92155
-7133366
3964703
3762678
754390
1354163
-750076
2205746
-3950996
-3592654
5568769
8243256
-7196965
-9451528
-3809261
-4469282
-14273230
5282104
-4911345
11066129
5702780
-1997968
2204067
-3434694
-553515
-2028451
-2059075
-3365588
-2738553
-8855886
-10847345
-10405955
4699020
-4032531
4158185
5741733
-1541410
-11697687
1637863
-8813176
-7458634
1050517
-5857484
-6831651
-1810502
-515232
-97300
2466906
-8892894
-11149029
-399652
-2267334
-14608937
-6743097
-13678316
-2592039
2701471
6251991
4993168
-12665241
-5017939
-14650065
-18324217
2360945
8013566
-1142456
-6544446
10563151
-9545183
-5462075
5012837
7557376
-1327001
7674112
-7890925
7387905
-685879
3946014
-3525500
-2767333
-15570184
3177381
5730563
-11328677
1871279
4180612
5170655
-175669
-4010555
-8717219
9452721
4940473
-9692870
-9539268
-8643534
-5917173
13007035
8931821
-4364698
-1328624
-12727900
4252970
7224311
-6581169
4336453
-2560427
6694276
8705287
123228
-12008318
92854
51228
-11001539
-13439049
-9564295
-10797516
-5426852
-5818398
6039643
-14060951
1465668
-11763882
-2568682
-1235476
-2797444
-7049274
7150428
-6991830
4339536
502927
1551889
-7839965
-13488721
158004
-4361160
-25465
-4343911
-603006
3201408
3433266
3134179
-6613950
-3202563
-286204
2890523
7121474
3125050
2009393
-3447387
2074136
-14317127
-9750207
-7987593
9308889
-3565789
-13027466
-12486554
7406818
2897267
10468155
-11671432
4549250
-11801642
7225036
-4274045
1520840
-16210724
-5945062
-16312952
-91139
3481899
-5299236
-14010411
10752589
-7669066
-6820209
7615451
1703567
-321470
-8226628
-14421025
-13496057
-10974620
5534537
-2456446
-920002
-14700671
8978644
4851885
-10091280
-10967434
1447126
-3788791
4354703
-11997436
2270627
-13792920
952568
-12541679
-11376685
-14760234
-1508856
-2118383
-1499242
1736868
-1272065
-14045957
723444
-8264721
-4186942
5904953
152232
5165968
-1058452
-14742677
4414334
1881905
-12417211
-7000205
-8779943
6238070
-8890683
2216351
-13274633
-14754071
-3593097
-6282767
10895641
-2242959
-11605150
-558357
-8067690
-16916096
-16005085
2283149
-11395247
-4753856
-1348706
-7973609
-9598596
-2873422
745149
-2983592
-7793588
843825
9318619
-5637510
7245860
-6403398
1936302
5205686
-3354557
-11768436
6765941
3852234
4545740
3089007
3205064
-4162818
-4256432
-13111032
-994801
-5357086
-370028
-10972762
5164756
-6374886
-1954729
-6252695
-595622
-7524810
4225504
1432425
-1349644
-6066357
-12998331
1647693
-6295411
-560600
-1580780
1035402
-12747927
-4373972
5672456
-2233765
-1175660
-16328244
973952
6520829
7438343
-11849153
-7698013
-14507328
-4196523
-764555
-8362310
1609107
4865241
-5710315
-5353874
2544166
1949195
-9535032
-7691274
11800045
-8129837
-704681
8305911
-14874957
-15400214
2337258
4533278
-10832054
199311
-5735593
-5638057
-4992923
-15438988
-2260324
-1155865
-12594702
-12427355
1114063
-2111296
-6386221
-5290106
2192682
-11801682
-1891879
2315942
-3539178
3911628
-3902381
11536483
-3980450
-1880893
1609567
-346936
7532545
-10043458
-13038529
6811167
6166398
-14349371
-11889963
6143331
-10657445
-3238333
-5340851
-4333292
1071047
-13219414
-14656207
7929024
2307253
-12913479
2996844
-4894700
-10050516
5190531
4084533
7747931
-14235324
13995188
-7641946
1550250
9441658
6009627
1392630
10006883
5715028
-8376049
8943446
-314232
859066
-164607
-10970305
8426992
-4234625
-5064959
-11859476
-4779636
-2495083
-4051746
3972637
-4360849
-1546932
6752112
-5615583
8200662
2126179
-13449063
-4027845
-15359914
2481192
5986036
2020358
-5252012
395681
4393676
-3321588
2962625
-2845852
-1989911
-11246255
-1500526
348142
2497172
931971
-3390316
-7768816
-2741399
-2520851
-13771082
-13759789
7676008
4017047
-9553566
-2691627
-8437338
-15209790
-6459082
-3668031
-11140827
-4142230
-12623904
-13531592
4866850
-2583787
-12726322
-19550999
-1863808
4235088
-4566058
-8829681
5291550
7966972
3768250
8847817
8471676
558186
323639
4020260
8760544
981286
-5522592
8476736
1285452
-4320011
4675852
9631197
-6852335
2464911
-13778178
-12183690
-5790671
-676202
-9954255
-5929281
-9621036
-5099756
-5846999
2884440
8074867
4660797
-4624664
4507580
12813917
2266706
1308152
-13056689
-3292992
-8140969
-779811
-1123517
-7065457
-4348635
-3244840
-636601
-5987698
-892680
-1837290
6741001
-8743338
7209437
-7596923
8195705
-11636269
3086909
928967
-5521580
-7068406
2119979
5389063
-678603
-4679243
7386101
-2360136
-2382754
-10009019
-18203412
-4500674
3256528
3959859
-16045754
8352391
2428417
3388309
-10130353
4487850
667534
-10305089
2520227
-4580842
-2958569
-278053
-4619865
-4087926
-5576502
-17013560
-3272115
13673017
-12086957
1777255
-4179264
-8944576
-6519932
1993233
-8331717
-6034381
-19193454
2562858
3519564
2931037
-838026
-3084514
-5256395
-15093077
-9977938
-1113032
-7612881
-4197031
-7321446
-8519833
-8522487
-7043216
-1726260
-5249111
-1138763
-2500747
-6222098
1688511
-5861223
-7715189
-4721061
9476339
-15887595
-6933034
-9955756
-2177701
947711
-5960876
3260202
509697
-3306165
-2510994
-2192135
-13200387
5472226
232016
3960456
-5994038
1559304
-2377690
-14837728
-7061125
6757385
-5808233
5494334
-12075162
-5796194
-7302555
-6761576
-10175704
2048317
4330191
11836851
-10823487
-811471
8434425
-552004
-18365586
-10234950
-9258948
-11493958
-66228
-730368
-11281068
5305132
6943075
2953161
-6462238
-5375175
9507417
-3971625
-888405
-163107
303433
-12950238
-238975
-4940890
-601432
-15700683
1441893
-7046050
-5714228
6256191
-14453358
-4402620
1315170
-7126004
-354263
4101425
-2469568
-14181330
3238332
-1443668
-4884754
5661423
-7184476
-12797612
232824
-2349448
11079209
-6351129
-5481107
1133322
-6720192
1611133
-2082944
-7414926
5743035
6958501
-11721837
8508849
7245882
867494
6153031
-4942608
7825775
3796411
-17103712
-12633951
-12870399
753286
-3741772
779741
7651908
-5462415
-3552675
-1727975
-837289
-7766343
-979558
-14441641
-9447077
3134285
-2634886
-5564659
-6219573
-3488340
-5358589
5326587
5166868
4726772
240277
-7913821
-11041141
-732574
-567064
2198263
-12585170
-2156611
-11318840
4711619
-7053488
5191651
-6474884
-5991291
4123264
-2597294
7911809
-1964257
3092003
-7369392
5823855
-930814
4740118
5059407
-12577778
7163017
1496564
-10730355
3471775
3185908
9704114
-2968772
-2614441
8717196
-9160242
-5357069
-10851670
-10385927
-15173792
2769152
2356265
4131163
-5733095
-4046815
-11255083
560640
-427921
-15649882
-4878282
871347
5305089
-590080
-5311447
-14751189
6864329
-5905809
9092391
-5001304
-4878921
1898997
-14600494
-9093780
-9581052
-6810929
5474542
5182880
10136975
-6891187
-11819016
2684653
-10414270
-15293318
4783256
-2095450
-6229558
-4873403
2123819
-1182145
-3095337
2669989
-6305380
-10237778
8297333
1970600
-9816757
-1034025
-15169145
3357738
-9582362
-687195
-11229194
3590104
8200085
-6645247
-11781667
-11672524
-3646769
4120300
-14015174
-19374360
-11371687
2814451
5955396
-9298904
10360426
-10163286
-6860449
-6838329
-7841132
-2148114
789963
7000032
-7780123
-11491969
990921
-10428964
6484891
-5997277
850547
-3620765
-4089570
1241548
-331209
-13850662
-3443065
-9143630
-1350639
-4734648
-723492
-3983197
2317391
-3005110
-3551259
-13625696
1572518
-1645733
8857877
-4313611
-5379118
1606382
2106279
1195791
6365655
1091715
4665943
-2901752
5604575
-5030523
-844970
-1363383
-7399648
2969786
6836214
-9033771
-13014811
-15434485
4227986
9599157
4320768
-3042856
9401161
56340
-8616528
-12558778
-6929393
-2932593
-14820359
-1515118
5871323
6010938
743524
-2804244
-4066769
6544802
-6931456
-4909036
-11185937
6144341
5802692
2786770
-3999265
3904732
327488
9698120
-11506676
-7463086
2395709
-12870615
-8039879
2979805
-14494900
3736275
-1873034
-10560111
-778124
4000388
-4216849
-1980182
426794
-5112950
-4222189
101530
3190426
-8387568
4290763
9689123
-1196334
-8277203
-3615264
-3832856
1312489
-2285188
-4444005
-14881662
-8702689
-3608165
3756551
-1889341
-3295762
-8847230
-3421299
-8666877
-28357
-392488
5908301
-12897120
-8844370
-9868973
-2666275
-12488575
270491
2094661
-9338474
1282269
-3013171
-69094
-6364333
-6805217
3519647
4712335
13774464
-4653426
-160720
-4614858
9196885
1405990
-10340599
307782
-2450435
1720794
-12718572
1950318
-350431
-12862658
-4131805
-950971
-13040202
3563114
-2652322
2042106
-2254533
-5351284
3710028
-11392965
155333
10002632
-11355146
-10279292
-15512301
154395
3009624
-94406
-356014
-6735135
-5624774
1968237
-12616217
726122
-5858178
-1614740
-5496413
2600133
-6259456
3115093
6464291
495103
-11757810
2687492
-1445463
1169847
-6712171
-4567498
2688097
-373901
469030
10752608
-3091361
3497066
-885447
-5884064
1047493
-11843529
-16496539
-7199451
7551444
-5368223
-10332955
-7231200
-4265105
-5397688
4935940
-3470796
-8021724
-11612614
-14360428
-17062313
2796750
-4389564
-11278787
-14822654
5391389
-3935013
1102860
1355233
7547756
-3069437
-2922761
-9300017
-5637780
2324359
-5127414
2712456
4366643
-12145542
-8950618
-9879479
-2870638
-12718122
-3919258
-1129900
8994650
4953559
-11285362
-4701687
-4767954
-4122891
-2645225
2418174
-10661271
-2929340
6226778
-13036524
9862633
1324877
-5727488
2348324
-16085715
-10323694
-7530578
-7028766
1323852
-444185
1157865
-2100375
-5669129
-588614
-5284754
-4545795
-711004
-8905394
5051771
3363117
-6205870
-10028551
4823456
-7096431
-15187949
10991070
-8494119
-11675368
-1416690
-15712808
-6134257
1723786
-7957326
-2679318
-10381984
-82838
1957250
418132
-2033970
625782
5085076
-13986839
3384592
151140
11180591
7264506
-1707675
-5899113
8799534
2372637
-16279563
-5247597
-1977841
-2401856
-7433427
-781008
2958976
-2543455
-1370309
-3500548
2896631
-11332235
751964
1516104
1284213
9839761
4587338
6838029
2272362
-8306197
3532163
-640299
4818386
8720593
3336799
-3803741
-6095844
-5488113
-8430203
-1032174
-5546717
5329774
-1562168
-6062663
-10014924
-4283471
-325150
-8167996
8258004
2315341
-11317144
2567736
1394886
460655
-2548269
-8217792
-14242394
3263270
-4117512
1332001
-1809839
-7378591
-361649
-1183994
281204
-6113883
-493544
-5269220
-1086330
3451478
36834
4995279
3413154
-7607848
-4496474
-4934491
-10659637
5938713
5734527
7430912
9186892
3688425
4152962
2193657
7202747
-11587799
-12757082
4574688
-3218588
-5823806
-12794971
-4248157
-2410334
-589647
4563643
-18286154
-15927243
-11207458
188093
-16072826
2065286
4922227
-3371620
-3578041
5465612
-4266237
4823896
-401173
-9051365
-11827148
-3934037
6124958
-7025041
3615774
7637151
-8483197
-7841765
-8726561
8064929
-7997159
-3784776
-1968973
-7181834
2486136
-9665307
-2111935
4283114
-8553247
-18752852
2378356
-1434279
1819697
2407065
-2102943
-9385626
-15678589
14825873
-6916578
-5796834
6854104
919661
6185059
-3085904
-5984412
885061
-3066332
2085781
-480781
-1079504
1924970
-15331044
-2662339
-8155493
1958870
3054081
-7288987
-5101493
-1006373
-7186102
-13496504
488226
9429957
-1865109
-6900598
-14167143
1551058
-3990197
5520259
-1767499
-13767243
-6472768
-5079236
2064898
6081926
-11905984
9643955
-13296770
-1066481
-8057240
-13240033
-9976424
-2918087
1946926
-12376524
11490132
3249670
-10201664
-10141304
10661616
201877
-4584357
1732921
-3155973
-13592928
-7513333
-10076416
7868510
-2624213
-2282677
6755205
-19179395
-49741
-9212735
2813346
-5418555
4707399
1464194
3722757
2745385
-17658447
2146588
1643464
4227774
-2596911
7742959
594334
-5000121
-8462
-10535509
-3828187
-9932545
-17323446
-13782584
3426376
-13960437
7085177
-5744111
-5126507
539997
-868970
1140505
-15048885
4770375
-14410016
-14304537
-2323066
-13502887
418608
-2623994
6921342
-846518
-5004432
-8748502
3867226
-1572996
9625215
6031076
-7446717
-6423453
-8618327
-6286486
-7984103
7182269
755392
-10496051
-7545051
3144510
-57314
-17202753
-3481053
-13724102
846028
-3252614
-16129203
-4228369
-7236300
-3775278
-434333
-3772990
-5838738
3415582
-896625
-4171966
5394044
1898528
-10723828
2576542
-5021832
-10028483
-273687
-17868080
-1721593
1879463
1242823
-8165831
-4003085
363859
-1554698
-10168484
4949612
-1214144
-8819618
6354930
-4874158
-7107396
-9981384
131358
3392692
-1709266
-8690289
10588774
9033649
-4361361
6610043
-8061488
5830140
4274539
5559652
-12525219
860694
1108340
-15231894
-14249669
-17158396
1989464
-4743543
-6020632
-6409600
-5686738
-1420662
-775952
-15828990
-270603
-1370869
236247
370025
1381156
-7291628
-7625518
-10005412
-8517668
13434091
-5420285
7242164
-4177834
-4568703
-12452859
-2551576
7889493
1426459
13563769
-2996225
-4871197
-9337436
2728170
-5932095
4489295
-10371671
-794536
-6717800
-3121976
-2461557
-345232
7918115
-10429782
5325459
4353169
-1569631
-5095475
-800715
-2225053
1099696
-581516
-8704331
4827139
7556961
1724891
-744307
-9068068
-244350
8876435
-16340375
-274143
-1918995
6995668
-3305867
2394321
-18511152
-7019371
-6621918
5678270
-4888964
-10022154
-5551368
3804466
-3823591
-3986672
-4413535
-3336456
-4973859
-4701623
-15493195
2633091
-2494702
-1954587
-6729613
-11334975
1374650
-2224604
-5169302
-1805392
-10207422
10068834
-621611
1548624
5060777
5908865
-270100
-14956122
213963
-11863177
4191288
-3332300
-8534812
-8203205
-5534838
-20131428
534652
-7363232
8078787
-11678600
-10742146
-8717788
7042649
2102733
1645963
-7996833
6266395
-3071768
-3765486
-8737776
-8912542
-6730700
1698452
5055933
2122749
-8407768
-5478682
4055030
-2461455
-2110723
-5173241
-5777337
5853748
-2705664
-13822514
-6947265
-5072638
871684
-5454945
3586377
1472328
-2357348
-1785345
-3765576
-10624674
6670272
2442262
-2815460
1110132
-13545968
586622
-11676712
-8205789
-15095957
-13572621
-14652207
-8216042
-19701339
7597514
-2550735
60977
-2478202
-8927765
-3503942
-2533191
1869124
2474004
1525150
-15461342
-7119153
-4856052
-3416204
-7651523
5508036
-35130
-6759123
-7916718
3258097
3946241
-3049440
-16757074
-4246742
-5589473
4897253
9715358
-3250653
-3953657
-10918458
4264441
-1876708
-1084718
-6793135
12215913
-4865710
-6556098
-3323819
507428
5538556
3507000
5353823
-11008657
-9517898
-7918745
3985666
2105027
-242172
1237616
-10300491
-2876304
3067318
3961119
-7139228
3855732
-10848477
2007522
33518
-17562774
-5729274
-1297734
2857923
-11383905
-12072064
-8774627
-4429679
-4699172
-11070449
-2908521
-7805004
5600369
-11525593
-9362788
1481
4243234
-11603189
-7890303
-6345770
4193921
8096607
1447528
-23114
6648659
233069
841362
-7506572
1007062
4136284
-11631455
-5720249
-10126797
-3392144
5816202
8221786
-6005653
-2368654
-7447698
-14017163
-2378911
812510
-1710623
1543601
-12606142
-6537288
-4479143
5362924
-15127426
-950965
-1483306
-1171720
4800654
2423590
-5113519
-7834540
1236077
-11056735
-17130911
5799647
-2434891
2210074
4128842
-6247365
-11943712
2392897
-13563904
-12378807
6441735
-8977856
-12269486
-509636
1767270
-4368128
4897481
-2208415
-8634059
-13559319
-979718
-12096139
4432631
-473024
-16763868
-10761631
-10931786
3405242
-9001744
-1247327
7691500
8711837
-2235764
1924578
280228
3663622
-13699825
-6729189
-2955544
-1281959
5176189
-4869179
-5578812
-1472653
-16689927
3109367
4799635
146268
214872
6434130
5569252
-2620934
-18604035
3461550
7264611
696929
206440
-884130
-7089423
-8401319
11123866
10204260
9635965
-5145591
621905
4276769
3428059
-8040516
-8989929
-5187910
-8671615
-4412039
-7187203
-4951454
6480149
9929494
-11591314
-3846071
-1992597
-1474104
-11255420
-6429192
-158219
-7314317
-12989131
-988149
-3581979
-13462621
-7447871
-10025861
1408583
1847482
-332490
6982323
-12997425
-4366261
-3782325
-6181868
3339181
-17289688
-15717061
-12291972
-3757074
-14124511
-11155655
-5336091
-6603028
1145132
-6965136
-527583
-5534808
254297
-11470465
-1549709
7053211
-14984548
-3746359
-9602449
-2822602
-4886522
9044480
203959
5742487
-2627918
-9566638
-3502645
-4226889
-12658282
-273312
-10695563
3875723
-6218420
4203379
7146195
-12475737
2779925
5846179
-9509595
-3320143
-8308611
-9105878
-10011803
-4128764
-5887199
3267180
-4306342
-3232093
3383435
7266364
1910947
9053687
-5878411
-5679859
-6665920
605354
1938935
4228406
-1081847
-10563123
8801967
-8579260
5113130
4535173
3169802
11398549
-3442083
-2169924
4380451
-2818610
3567159
8608180
-11534484
-1491350
-2355255
4159646
-10386853
-11778175
3565152
8738029
-9760586
-13264796
1490369
-15102876
-19382678
1354770
-6389696
-400956
-12432470
517640
-4978141
-6544391
-1980334
-13607974
-139938
7077000
224286
-14237455
4194300
-2387049
4011888
-9582986
8539056
-1005948
-8157323
-2612751
-5333203
-1018166
-17478437
-207262
-44164
-5912113
-7695555
-4537572
1746804
-4400437
5876549
-3196416
1599755
2926453
-5694728
-7284302
-7813415
3181754
1991979
-11380141
-8706168
-15033914
-10384960
1043590
7575132
2641573
3682759
-15650752
-14230833
649100
862112
-7783896
-194703
-2700153
-13464265
-2256383
-7527812
-14948084
1004559
5496870
-11208076
-1533789
9439658
-8824975
9391336
-12713670
-903946
6605528
-11899556
-8988192
-4839705
-12180874
-11979188
5127802
-6715327
5987503
1659836
-10439523
3748307
-11116391
-8403877
-1544262
1203464
-8404389
-7514493
-1366543
-11677449
-7094481
-4486354
5559181
-2618932
-2955487
-2060194
-8172807
-9119132
-7825000
-7299514
-7474004
6682327
-14419736
-5871360
6156739
-14820986
-2653318
-8523505
6809699
5543759
-4753932
-141353
4986964
-3066244
9362158
-17772041
1498950
-11234349
-10794380
282465
-11021264
-1501504
953425
525960
-6125863
-370676
2249309
6727904
-3607179
-959679
5906661
-3836655
-2246563
-845450
-12869936
-3282177
-6799686
-3586303
5824222
-2341757
-1764969
-7075294
11827695
-11028789
-7728167
1038097
1257444
-14621933
6343728
6264363
-11899654
-5307609
1098161
-6124678
6633438
-12140443
-10894442
-5493757
-4246
6163066
6956683
-1628639
-16641377
-220805
14333701
-10096211
-7964151
-5185199
-1934442
452363
10940100
4917472
5411328
-7671592
5544918
-2075138
7097100
-15226181
-7136028
-7062200
-10714325
-5026315
-3681210
-6328555
-7433417
-16256355
-686342
-3640431
-6547252
2258457
-2965691
-10378031
9280123
-12237355
7135952
-2067175
-8122599
-4521672
-3866707
-1081871
-3463510
-4399597
-4783830
418106
-6432252
-10896143
3919390
-17154235
-8880314
-9355917
5437590
7991101
11672735
-4487518
-1362195
3492891
-9031135
-2680451
-5960150
-8616597
-6545723
-77771
-6199659
5960422
-277296
520492
-2365127
8293396
2941808
-10703362
-6194626
582230
-16677253
-1292853
-12142332
-12405492
2479941
322127
8731736
1650398
6738540
-6903284
9534949
-11099301
-4729181
7774510
27636
-10778501
6593129
4694144
-8968003
-666426
-10944635
-8558228
8649658
-5434447
-6967078
2313594
6764901
-6651438
-1064084
-14584114
-5377381
-11972495
1366011
-5685704
-15990113
-9280713
4929693
-5060488
1951140
-5418072
309569
-9142172
-3478106
155013
-6531789
5237957
854190
-8664712
-515756
3704198
1532435
-11459810
7883215
-3087455
7541680
1422096
1579538
-16446676
-9995670
-3038667
4635708
-11787737
1538184
-8438579
-578598
1836734
2752508
3556888
-4986343
-4502675
3316586
-3241783
35906
-14015271
-12944276
-6623468
-7950306
-10025030
-14245236
-7807300
1324125
336226
8316368
4654946
-1677663
4042123
7779027
-10702520
-4505246
-1430490
-1825993
8624714
-5038499
5809134
3197743
-12419761
-6028317
-7596006
7990847
4737611
-12800230
-4112944
-10348607
5104897
1399306
-7917008
4831677
541586
-4423755
-3724946
-10351726
-934315
-2336278
3382684
661396
-1984674
-5728363
-10791722
1261946
-9423358
-2142605
-12383043
224241
9166421
-15219759
-387369
-7733520
-8126270
13069410
-660554
-7021517
-3540445
11400067
-11725288
-7180148
-5094717
-715184
-9371885
-16631552
-1693778
-4872503
2101415
6885956
-5846170
872771
-7174367
-774007
-8026562
4491883
-1242340
9331329
3047998
-15535486
-16695169
5683790
-13282046
-5887176
686566
-8572185
-11343571
-4911701
-1053293
-4898189
-5711558
4893243
936465
-1757240
-7096658
-1823563
9203921
-1256088
-7544523
6753367
-2323387
1187226
-14951103
-1583520
-5807919
-907344
1502409
2454571
3922802
1482059
5412725
-12006103
-2012046
2888696
-2156948
-10394350
-9057404
-4614585
18414
-14936530
-8436895
-892761
-11963845
-4506172
374714
3835728
2591547
-2003803
-5591517
3354068
-2867114
-11886949
-188190
-831731
838257
5966534
-9249388
-16293495
-3852199
8262086
-6848039
-8716238
-6540627
1382295
-6153283
-9921607
1383958
-5996221
330498
4522448
655185
-4930002
5223916
-2644954
-2201032
-2502108
6039896
1627313
-13251827
-10167608
-6136360
-15391936
804078
-642933
-4662209
3509861
-14233878
-6465663
-13465420
-11317601
-5132066
-5968112
6808866
-8476619
-890435
-3247772
-11268254
-4205749
9529184
-13475385
7630456
2869152
3298321
-5761699
2612767
-2561775
-7244797
-5458901
-1593782
9291701
-7457682
6087338
-10787809
-1251678
-4808236
1604517
-12481789
-7879524
9821656
-6342569
-8103578
439281
2166040
-6529420
-17483864
-10002993
-14159589
-6253331
-8804197
-76492
-10389772
-6732618
-3402076
-7201042
2438009
-8433567
-6330035
4560841
-7832903
5100828
-14345736
4981622
-9514176
3314690
-5191348
-9592726
-5330546
-7747496
-13076868
3558718
1002383
-11371405
8776664
1291995
2855075
-3970393
-493603
-2727317
4804192
-4060573
4149572
-15463423
-1536918
-1680544
1716473
-3473124
-5175907
-5817463
-1995760
-10403175
-5166842
-6929555
6964587
7545958
-1831790
-16329989
-4020518
7247620
-6075329
8049135
9494340
-3215435
-1495357
-8513193
-1651526
-10660838
-5699901
-3632505
961732
-1788501
-1542017
7183014
-447267
-7442692
-12288971
-5097916
-4567109
-12601203
-1586004
1887521
146016
-8285807
-4896401
4443388
-2559975
-2374771
6248345
-8552512
-10569264
-12151039
8744702
-6108886
-1028693
-10501059
3394530
-1924977
-1074619
-3796796
-11695171
-8442550
-15608408
692264
-6261458
-1187569
-1281898
8707545
4389953
-2141028
-5452846
6283184
324201
-7332044
-4276832
390764
-13513440
-6211655
820786
-232534
1164787
-4228006
6483613
3501637
-429035
-13403802
-6820120
4836193
-4832856
-6915704
-15565029
-4109297
2869238
-11651020
10330402
-2902755
914772
-575667
10475195
-4406111
-11943472
-1276532
1330565
-1241368
-9421081
-6399020
-14434002
2193801
9075945
-9392734
7180001
-735384
-2146366
-9564433
4306717
348573
361811
-16166026
-10059859
1985192
-9338751
-9584454
-12807042
9593978
-1942760
-14085478
-6128796
454844
-3532851
-5790481
3799799
1475302
486897
-4285881
102396
54771
7816642
-6989309
-6173099
11445843
12076752
-9268558
6746106
-5083914
-7975532
-15899825
-10115508
-12233409
1111883
-11502025
-9095227
-9125815
3839969
-3785296
2900449
-15058034
1604993
-253355
9577842
-2212714
374371
-8663270
-17887537
-4154641
2820036
-7784292
7281306
3897389
-7394218
1101444
-2386687
11835370
-7291474
2639863
9081402
-5492582
-5124160
-3167557
1581977
3684567
2520221
-12297007
2302353
-1061134
-4682291
2052749
-931546
-10226772
-11495417
-6122515
-14704630
5395436
3552578
-7176159
1426606
11703539
-12858581
-4937947
-5820770
1590303
-5117094
5454110
9646904
561881
-14429270
-14544288
-13748757
4179188
-10649559
3632061
7344184
8876691
-8122858
-108045
-17174276
3359212
-7712579
-7013787
-10479656
-6917084
-7295321
-10150479
-3749915
-6698933
-1841970
-5993533
-3739534
-9494106
-1720951
-4602337
1014816
-8134028
3000693
6212923
947093
7895887
3739952
-8101055
284380
-5152717
3511195
-11262213
-8675848
-3648675
-8073864
4123584
-8059327
-10551223
-38803
-6710455
3900810
-8721147
-18363334
-5477261
-6261359
6606555
-17212632
2213288
-7013971
-14346759
-129921
-3875098
6167520
-10861688
5680338
1260784
-10077388
-3748569
4629340
-1065567
-9086737
-6942099
9873891
-11248961
-5688191
-4802286
-9093037
-965628
-4102622
-4936760
-15663359
8030716
-339567
-9907388
-10652310
-4254148
-1080568
5248529
-8860411
3882049
5894605
-5349559
-8692173
-5453605
-4661922
-2720147
-1689813
1439331
-3451697
4401171
-609106
2258738
-4018348
4385173
-5922258
-13930259
-2396907
-7127073
5633918
-8208283
-5171077
7657440
-10837883
6371537
-11351183
-2027262
995620
-2693118
-164507
7842284
-67185
-6111029
-5726943
8081647
6916900
4085161
10198651
-8131741
-572564
-9707290
2621402
-12709437
-2824400
35825
9410748
-7056452
3813914
-7563235
-12151381
-5204855
-554534
4772975
2158798
-6059956
-3762261
-11094959
-2814323
259118
2822243
-7102024
8599350
-13023558
96214
-5848588
7235014
-17533965
-4070276
4718542
10692018
432869
-7211789
-6863204
-6572527
1409568
-556588
1118016
-11945770
8124091
-3417854
-1239795
-13290804
4104676
3745223
6023485
-9227332
309158
-6867956
93630
-3205290
5744245
5830970
566309
-12793532
-4510600
4767595
-1834692
626106
-13559666
-4531501
-9783511
-3354655
-1032113
-4904119
-4756483
2126876
-15864976
-3175057
-550835
-6957835
-6262884
-2689554
-7801847
-6198382
678997
666938
-1798272
4448561
-12337622
-7756036
-10211737
-3429912
-3702147
-11414057
1637834
-8271980
-1438353
1015519
4840856
12440608
-7071397
-4315458
12495659
1145384
-16059163
443642
453747
-9804121
-3764894
-3905861
-10067683
-9684134
4043225
-9498178
-7944404
7139996
1828689
-2990590
-13393714
-13412070
-12166987
3945668
8933315
-775249
-1360
874853
-12326378
-343334
-12861801
-4393225
-6143185
3143288
7004097
-1350027
-3377960
746734
7772206
3358261
-12329384
-4338719
7285672
637839
-1975511
617855
-12659756
4126664
-6884586
-2418291
4656855
11244324
-9367542
-14462813
1479315
6392168
8783558
-1244417
-196125
6607037
4024878
-8813566
-4244476
-2467110
-6426061
3055144
-9359891
2131182
8566897
-1407001
2791129
6021334
-2871535
-930086
-8823441
48117
836145
-3748009
-10571763
1697894
3358721
-853376
-6736205
-7577727
5809709
-11803946
-8445512
-13263137
-8997348
2697008
-4916941
-14895504
-1500269
-6110351
3730064
-4892410
-5844228
-15007493
-9857300
438539
3588091
2677094
713373
-4651744
583902
-11781878
-9512690
-4908216
-229327
-9214478
13533301
1006887
-3930347
6303422
-13067183
1023604
3980502
-9942854
-1867906
-574856
-14073037
5392755
-6142371
-7594631
-9781721
-2705255
3846458
1811832
39966
9690759
-12251683
-5983989
-2286235
-1567005
-786393
-7327998
-12642217
3975422
5340900
-10345400
4763500
2532767
622314
2239086
-10408306
-106980
1231309
-1982642
-1592223
-12785116
-3044272
-450654
9138360
-10618088
12153287
9022513
-5003068
-6993085
9444175
-466223
4286673
-8117845
-2749386
-3389944
1831902
5397594
-3589744
3718861
4928104
-8774151
4968894
-9472636
-831303
5353794
5435735
-1641370
6790174
-4777431
-6447600
-6241315
4847438
-5519751
2082681
-16293471
-6321170
-1567291
-1070680
4975782
10311799
-12287792
3449703
-10792519
-5921348
-5878443
1333110
-3745418
-12299101
-16545898
9963548
1925480
-12461080
-9544386
-3500248
5790786
3198934
9542467
-3926316
-6104664
-6492362
-4136323
-2314790
3352075
-218217
-9757163
-10338928
-952110
268177
7080009
-11331378
-1688234
7841284
7076264
-5404228
-12276713
9808033
-7267949
-10484752
-764062
-3520588
-477870
-7765925
-353753
-9115153
3434884
-3273318
-6962141
1449526
3333414
2315491
3798441
6277091
-16263597
-7029741
6357698
3860609
4997839
-13568103
1071693
-5435171
-9714444
1696809
10801858
-11116201
13478250
8904850
-9583244
3763688
3008258
-7998463
6852102
-727941
-2205724
-2106005
12080996
-9539434
5648243
3317490
-9831442
-748003
-5301484
114969
4153250
7471570
-14507512
-10807798
6947782
-4475964
-4144803
-7255660
-11204329
-5129837
-1168278
5308664
2660849
4295356
-14195161
-12841687
-12086428
-2788141
-9019679
4977074
9003521
8374648
-14829643
6354383
2162399
-15588488
-14303967
1806155
31114
-13935247
956801
-4743603
124561
4593378
-12347347
-10271425
-5252599
6447732
-7744021
-1570183
-2765961
-11332174
-9395961
3861380
-909813
-13012813
-19199203
-5653787
-2194393
3847539
-3785864
-1630986
143020
6588901
-7659759
-12325452
5580115
3806588
-2269943
-13304607
-12690448
2500654
-11547252
-7772739
-4127403
5818935
6867790
-2404540
-7480789
9247988
-10775073
-13918171
-377530
4073690
-2484042
-760342
-13963570
-6812018
-3554298
5031952
-1461453
-942961
-748104
4506333
5445124
-1243184
-2970771
4634879
-7138045
-13281262
-31385
-11052616
-11763723
-13626422
-5044016
-8204150
5036495
5277282
-1804438
-5368957
10698707
-435028
3976682
-4037960
5682512
-9350827
-6295355
-1011467
-6756898
1231222
-4338106
-1792351
-1701007
1359028
4928097
-12984228
-3900994
-11794698
-11429257
-12929687
5213403
-968875
-5875232
2063772
13744365
-218911
-6721583
-13093761
-725947
1842002
5393718
-5011702
1582904
-2638327
-5881147
-6622131
-7795245
4503836
-957134
-15826475
-58333
4771804
-2231216
2062060
5509944
7949061
3011333
4352717
-4634903
1234589
-11708060
8325569
1043323
-4423224
-5245679
-5610085
-15120978
-5749155
-2706078
-922983
-11802895
-1473994
7472204
-6484785
-5630044
7421607
-11273660
-562949
6979540
-12496683
-365006
-2260976
-16695351
-4831745
-4713655
6180957
3979693
-2025948
3900058
8726303
3703431
-2755981
4683431
-9902156
3106245
632205
1930014
2137510
-11750940
-6642623
-1608190
-3997481
2777110
5276415
-12603189
9412059
5324923
863362
-6239740
-5209829
-2865413
-1392879
-4353942
8262874
-6256319
-491865
-6159509
-1924417
4561089
-6316075
-6589143
-11452006
6408730
-1214275
-4767254
-939174
3422224
3959001
-4351388
-6430270
-18051821
2405025
-3833979
1942418
1673620
4610368
-4120524
-2870417
-4701524
-13780397
697634
-2898338
8186873
8637868
-7735871
-4127068
-10282540
-5077342
3562268
10592417
2998582
-13254199
-7316124
-5180512
4249403
-12127777
3192323
6169747
13120512
12252055
5694847
-7405777
-777245
-2096882
-6368747
-1075647
9758405
9821743
4501226
2937302
-592948
556525
726807
5464053
-2383148
-1167866
2360604
-4801131
1834255
-10874941
222793
-5692941
-6072189
-16589732
-7509626
-11559149
-5396053
-17742577
-11570781
5102053
-2996511
-7781636
288576
7351954
-8562428
-5158806
-80544
-1928043
2916006
1894618
-7935891
-13516920
-7536325
-11039220
-14632736
-13082834
5342603
6096548
5850130
2000587
2416793
-2045706
2026760
9645490
9143230
-373517
-24651
-12748720
-2273136
-13408739
-5417695
-2733747
-10748989
-7865181
740087
-3671822
-10899260
-6093503
4704992
7444897
-193914
-13770720
-4512609
-5191867
-5444565
5632875
-12985376
-11381403
-5681435
-11442866
-116139
5775845
-3887506
7034855
-13782818
-8072150
-318228
4470701
-11668833
5005779
-3118511
5609090
-15026695
3486326
6842393
4644730
6669319
-11675332
-7223020
-14246117
-2818634
-14266772
-1401580
-7441658
770525
4178220
4956010
-4535119
-13167523
-7253982
-2657069
-17271042
-568166
-2391971
-611150
11176655
3530783
4433315
-13111514
-18242263
-2901457
-7479829
-13267390
-3004346
-5832966
-3561139
7253009
6696698
-9643386
-6709914
7404664
729991
-1852459
-5485030
1111964
-14350336
-5070993
-2425106
-3024920
-1764297
3002409
-3106509
-1305380
7005144
-9639398
-10416980
2960113
-8550774
-11773783
5226438
-5521200
-2422819
-13690635
7044989
-9243340
6345005
-6142231
-8487501
-11283422
-15159898
-5204519
4474964
-6516227
854613
-14607118
9487551
2080055
-10462773
-7677688
-2577709
-11322459
-4950873
-2478076
1956764
-7820362
-2222301
1533544
4150536
-3739560
-727633
-1211521
5533392
-10614166
-2748011
-5677166
-9298427
-3432465
-9875438
920712
-4118929
2876182
-506654
-6313413
4152942
-1401994
9254981
-9386373
11717937
8801667
12717493
-6733719
519868
915322
365743
1299638
-7973047
-10129939
1885096
-2532383
11141098
-5912397
-6999313
3630956
5036819
-789233
7429273
5745608
3887302
-8406706
3433023
-4597169
-8192103
1586178
-410303
-16092124
4733885
11296704
-11958818
4887516
-15195127
-4199110
-3880562
-11741524
-14695294
1993231
-5571704
-1701636
4434608
-1946306
-2348794
6121485
4276962
-10844160
462937
-2238864
14523614
-8220823
1663761
303280
1619219
-2644170
-3465494
-5995552
5922480
-4904203
171682
1572940
-11198092
4700539
-3341669
1760153
683045
-7227178
-7135139
-1208936
-23477
-1678185
-4514644
-903298
12774624
-12714854
5379451
-4803407
-11733019
-6301354
-9530748
-930610
885210
645273
4768735
-7366111
11474769
-9030735
-5102273
7584029
-64471
2417712
-5694601
-7552279
-5162556
161353
-1376893
-8658353
-1324796
-11406518
-13807293
1330079
-10537639
-3556508
-7579122
-4622957
-5893393
351601
-14306272
-11622299
-9588881
4880339
-7222911
-7248562
-859088
1625177
-5798047
7008275
5056923
-145346
5074598
5160646
2803836
7631003
-1627097
700742
10882690
1104724
-15489231
4811516
-3749633
-3989122
-4712316
9333576
8714436
-14021527
-11451672
-13177997
-5458031
-5369535
-5207899
-4401113
4983659
-7262639
-11725925
-20412532
-6405573
-12678141
-8498509
2484646
-8866337
-8219126
4208823
11364027
-7575262
-5313547
6952794
-366349
-2688430
-14266628
-12848016
-1621054
-2844706
-6974003
-14371046
-7886845
-3494912
-126037
-7769327
10106485
-1034854
4014002
7030330
-11350001
-9358766
3876128
-2405965
-8584243
-11419145
-1093036
5240508
-5356840
6674717
5349187
-7269817
-11279181
870614
1506570
3759677
4762484
3196612
-11243223
-658815
-7058545
-435060
-1219008
10077867
-1451104
11318679
-8258618
1806433
-9381184
-5391146
3618619
-10684216
-993759
-1656518
-8310051
-717714
-3740547
890023
-4392318
-2989369
1954073
3828792
2893735
-7595547
-9195457
1523254
5278132
3238317
-6860924
-6844213
3725816
12180300
-6784028
8937696
8211610
-8525760
-1181744
2950883
6331759
-7929513
2353782
-252367
6629699
4187196
-3019082
3749422
182628
735496
5982799
-4934700
-5464335
8350226
-19482950
2995273
-3235526
-16533972
2634191
-6583447
-1506354
-2805955
-3238018
7035975
-870384
1873340
5456512
-12294371
1476128
6119217
3409473
1593748
11449216
-662592
-7558700
4130286
7448155
-203791
-18238026
-10913599
8076653
11910592
-8728311
-977405
3508369
9304241
4296087
7548322
-15820081
2163283
4387150
-895510
-20728233
171018
-5096764
-10469941
-884103
6937863
2306428
2468960
6923792
-12951435
6570466
6619037
-9991902
1787674
-6127068
3690428
-5999343
-14792216
-2897255
3579428
1107146
12359782
-15847712
2181322
11085839
5219364
4955400
5042962
-9475422
2685889
6595611
4097762
8404242
-5806969
-7339736
10639228
-4730058
-8890559
-4058006
2469005
-12566706
-10417560
-10489930
-12125595
-6620446
-6658510
1681020
904377
-6851471
725643
-4104057
10895156
-6291760
-2484721
5061254
-13234034
-3967246
-12870750
-11882746
2780862
-20377186
8266128
-4911786
-5163404
2760525
4903792
-8295246
-5968350
650650
-5140246
5019851
-1590742
3300713
3636292
-101121
-4585284
-10061161
-5242300
-1589924
201898
603216
-20056142
-3840127
2601118
-294067
-2655443
666679
563325
-12620365
-13100079
3390517
-17274056
113764
1535042
-5078399
-12674054
19564
-11482622
-2558673
-16207439
-9026130
6875311
-7156663
5334582
-6347371
2719256
-2861630
-3825652
7831323
8283495
-3918071
4477505
-1479286
-1701150
-2518094
-10097544
3895423
-10513017
3458047
8813914
-5138894
5334196
-2292466
6766629
259755
5738970
8949432
-5691962
1925313
-1910870
-4962198
-9250779
767688
11333739
9354343
-15780786
2743185
-320526
7255765
-15215252
-5984207
3345780
-6157207
841175
-3606298
-3654383
-4632979
-16831957
-3162639
5592762
11204988
-9163700
-1253915
4257358
3300823
3772348
-13189572
-10559714
3887222
-887398
-8113349
-6892333
2613891
-244496
-8853223
1687347
9409868
-1583936
-1277633
7593705
-4600646
1070143
-5994357
5045292
-160724
198737
9200969
2718518
-3763274
633195
31747
7610237
4712702
4834349
-12257049
336323
-5921803
-9757413
2156213
3575734
232395
-11255621
-7531640
-9370589
11929705
-4400442
2238175
-588752
-10138055
5332921
-1817865
1281311
-6916969
-5032465
8805013
-16042419
-1802850
449871
7334612
-7135749
-1971266
12288615
4356720
3346800
1382613
-2713790
-15144058
4044605
-10592503
-440622
11937319
4800749
4643033
-2664711
-3173621
-14724484
-7098976
-5911492
-3152155
2627102
-3831064
6240412
-7088011
-1052673
-1097122
1201407
2112457
-4478474
-4170137
4409770
-6999014
-15660209
9649635
5600786
-5603972
11856118
-977739
-16852611
5311914
3724096
-4669934
3713666
8506192
6735622
-7746067
4233976
2089905
-1953872
3040413
-9453326
3139417
-3648398
6308368
-3640989
-1849589
704922
-2278364
-4990322
7401283
2701316
-7419853
6022049
-3764765
-4739508
-3352188
8914255
11531062
-12329704
-5236700
-10286113
3223407
-16500278
4521654
-3633593
-8462396
127500
-5282144
-1759105
-5062534
-10883484
9872590
-3390465
-13506885
1737343
653717
3219290
-7707941
3695936
-134387
-2972159
-18050405
-14722445
2747691
-5112458
4136799
8008300
-14579212
-6331739
-14651625
8260698
5670243
10147567
-16645098
4644510
-9165085
-5534121
10328039
-9094160
1844486
-3883974
-7052884
7254288
-8208372
-15081946
-6158409
-16228555
-9725362
11165727
2158671
8857705
6077555
441717
-10902488
-13297658
5467906
-2733529
-1409185
-17540019
-7714992
-12503753
5288873
578964
6956042
-8576386
-11519562
-4444072
2958971
-1742430
414911
-6345501
-12326886
-3223757
6512110
-10651488
1940067
1781626
9974394
2491004
-4738999
-940367
-2801187
-3471417
-5157832
-5412952
-10709312
6681886
-2602162
6732950
5669883
-18774256
-4426737
200177
7605480
-6076151
-2505110
-7823696
-11766893
-6548854
-2808318
-7211771
974027
-910434
-5199099
-6803862
3650688
6085706
-35025
-1538573
1084280
-3709329
-5799444
2801208
9832604
-6507692
-16487650
4597297
-5293737
-1350622
-18204454
-8195512
8509838
4386019
-11334183
1999815
-7664893
-10199419
-10272653
-10993526
-5722407
-4986
4581489
-3419652
-11130395
1543383
5818581
7364820
-10253759
-1756981
-6801980
-3048370
-9662513
2893518
-8082978
7667650
-13018010
-2535358
-9302046
8675348
6747411
1022569
-7717095
-9622962
-13771730
-7137776
518553
4123694
-5707848
-3619977
9317932
-3400044
1819454
7468684
-13541820
2017378
7293516
-6633018
-3549777
-8738197
10321802
6370137
505259
5458525
4273992
1412504
1552378
-4181138
-1425627
12622578
1816768
-2289268
1812704
5283284
3751272
4347994
-4022468
-15528250
-15950014
4121602
8140648
-7979130
-4148268
-15213501
-2469279
5483019
1311888
1544776
2001232
3849638
283864
-16927016
-9980189
2645083
-1105682
9793557
-2915054
5310632
1826187
-1158675
6030730
1025480
-7822991
-7449544
3388191
-7145447
257744
-10361505
-249393
-1990449
-4691863
-7585355
-14169779
-1823132
-2579786
-14983677
-116086
1873227
-15405180
-9845114
1270967
-4569604
2488887
2344504
-4154200
-10904702
-14694250
-8441436
2683416
-6105733
-10066568
-6842614
235571
2820345
2324527
-6476415
1172562
-10420326
8986080
-15113177
4202090
-5558496
-3059502
101283
-14246366
-9240208
-4526028
4306893
-7125487
-12213315
-11000137
8398054
3271947
-6597128
-5838336
-14544705
1374777
6299526
6411089
4419735
3734936
-428771
5696189
12533435
-7131503
-13313911
-5723205
1945245
-4114016
-7938127
-14748743
-1931964
7782712
7154338
-9258893
-4845380
-465463
-4261592
-11672177
-8682453
2311119
-8932189
4465707
5188997
-513605
-4865840
-9340920
-10297419
-6461942
-16568817
-9568781
-987380
-5749886
3387607
-11854598
-2129547
-11585554
-1735161
710863
199969
-317308
6202870
606536
-11586602
2951521
4407278
-15316333
-6032031
8659540
-2199190
-723575
-2765771
-1189792
-10313605
-8229509
1148845
9216179
401752
-4441727
-7807227
-4458803
-3263228
-7532979
8732149
-218725
952541
-10101864
5486805
-16614699
1380584
-369377
534735
-7254856
11896836
4867746
2148850
-3648044
86727
-5093169
2787879
5576198
194507
1756123
-3315630
-7684082
6175867
5765699
-16188352
-13268524
-11802072
-6277125
-6233830
-14573207
4119716
1275569
-8368031
-8051729
-15558855
-12856056
3848362
10913760
-2068283
-2234034
-7737440
-903547
-11606107
-6556107
3487000
-3890112
-3834626
6594256
-7097617
-5874367
-3260359
4802140
2661447
-4182538
1464827
-3221701
296622
-3053844
-8974963
-4258156
-7114582
4554788
-1577612
-17806
-10477249
-8245542
8039620
4249044
-8375474
2768518
-4173027
-3442869
-11672416
-16751767
77611
-1049013
-3855337
-6446537
-6140117
2446693
-12054031
1113630
-1297672
-5864872
-3822233
-17182093
-6767770
-6210499
1868118
4186995
4112645
7268316
-4638941
-12072462
550309
-13458634
-791591
-13184510
-6441208
10036718
-2285349
-926322
1352234
8560395
-3786703
7888979
6952591
-3508992
-5026063
3563081
5201747
-9472788
7313355
-3998283
-4359847
-10813902
-10605059
-1517033
-2301667
-16920270
-4953764
5012783
-1845129
2994780
-14139830
2349115
8231920
-1678968
2643925
2455950
4780240
-12398728
-1477890
923254
4495024
-7996128
-756755
2673595
-103470
-2634411
-3281599
-1429015
-665868
-5503291
-9989532
2531632
393634
-939907
5685691
-2717701
-1585739
2475005
1975214
-6707177
1581962
8778751
265995
2502242
1106625
-13210116
-3324951
-5207995
-8030286
6859687
-3722358
-2156354
1489761
-9839143
3483195
1838127
6436778
4813868
6364194
-2300719
-7748971
4619975
-11188041
3274390
-4341620
2450057
-6492363
4984006
-1406444
-12897708
-5189962
-4160280
6231407
6793656
926011
-6918109
-957971
11485586
286359
-7063541
-4434049
1698587
-12873779
8939931
2944835
-1878304
-5178857
6310415
-14380956
-13277150
1326547
4127877
5215142
-871559
6808130
-675211
-2019096
-2519945
-406482
-331050
-6136192
4971792
5577366
1517749
-9212114
-5460666
-686425
-969878
10568374
-6914825
4926440
1532473
94979
6008402
13136649
1513033
-2159996
8882889
-1016016
5599717
-1303780
-6162657
-2329747
-4866716
-2635010
-11667375
-16636112
-136079
-3769613
6295995
-1434480
-9325890
7874010
-2673065
-3682137
-6045314
-13190812
13106262
4275556
-5634839
-7688376
-1013313
-7607892
-4617267
-13564798
-2548177
4467711
-7903395
3799780
-12162264
2702118
-6161103
-13963136
-5054843
-1152687
-7600680
10221327
-8450520
12134903
9584561
-612376
-11711874
-4184528
1627691
-1473149
-8752372
-5039262
-11005092
-3756241
4012576
4209570
-5029305
3846007
-16331051
-1027143
6036316
-5115698
-11506197
2797252
-180720
-6297364
5053728
1360633
-3025455
-8083989
-1519266
5236110
-7474319
-8483168
7809181
-13621229
-11794608
-2085877
-11449529
-14023034
8123985
192515
-12740688
-3597976
-572810
-15795654
5859351
-14318138
8033995
5487477
467939
1226832
-15634333
-5658935
-13264820
985591
-10675822
-4830076
-3101067
-7515391
-591702
-12669334
-209445
-6882642
1613788
-6189270
8449806
526280
5154867
4494055
8185898
2168943
-6185734
-2575881
-5675413
-15282979
456168
-1903363
-91642
-6231257
-2637570
441117
-2206276
-5223187
-2953800
-1954637
-7875266
-13082676
-4868589
369877
-721089
-891084
-8971351
-2829505
4038374
7442886
-12817216
-353464
1876419
-20859
1789656
3948338
-5021824
2344105
3352344
-12674887
-8389364
-5145123
-7586416
603958
5376941
3260589
-15284953
11710007
-9616992
-13910552
-4042907
5327220
-11279162
2747892
577677
-6985861
-12755203
-15289883
7757561
-8264067
623428
-6962692
-9812391
-3071345
7336504
-4251745
7871830
4456438
1013936
-4770393
-5656308
1292449
479208
-2531256
-7962905
3768675
-6904837
9218320
-12351197
-6889482
-2104096
-14966819
4746801
-4536123
594572
-10046975
-1670983
6762524
-14989185
3169293
8149908
2517636
7187579
-7992759
3920636
-1403657
9900302
-5078931
-20430884
-9338189
3845255
-2826569
1605653
538417
-14528747
-14792080
-6967663
-5100612
-12146333
-2917029
-821042
3479204
202078
2531930
1600032
1040436
-4580985
2753996
-1473306
993729
9123980
6867333
1584900
-1444051
7317220
2915100
5181247
1423409
222071
-393015
-4863337
2290163
-2491971
3106664
-7409184
10341469
1654206
-4493327
-16204057
-4518581
-3058054
-9826201
-2831084
-11577104
-12084996
-13004145
-3646104
4946880
-11087420
-15019125
-6446920
1515166
-1619876
-1630552
-8043181
-10939889
-20309643
190108
-14147480
4328043
-10115878
-14184063
-2759011
-582865
927443
-7446475
-537900
-8009258
-5199816
-2682765
7352458
551596
5353837
-10487409
-5364770
-12829858
-5400944
5575112
-4971355
-10271492
-8709658
-177058
9815407
-11297149
5070873
11502608
-8819629
-9050311
2996958
8927984
-1506677
-3584969
4427307
6587362
-4966265
-11741223
-6447334
-7613411
1881199
1369605
621769
-4057885
-4546646
5504215
-5205782
3573410
-1171661
-4360044
-889745
3281712
-17110661
180143
6268995
-6730022
124928
2176956
5438270
948209
-12678699
6057436
2456357
-1080722
-11316600
-11998298
5687110
9676100
5507522
-16079455
3860648
-4643479
-3478873
1598562
-13188528
-1255371
-16441417
5204969
-5280081
-4563638
-2294694
6725700
3048163
-8706252
-8720658
-11915930
-2168858
-11742279
1216110
-16726128
-10831685
4020207
2572749
5071418
-4173524
-9864999
-5620018
-2363545
4699986
569899
-17216658
-10710529
-6938201
3673193
-14682400
-4114783
-3604819
6211100
4939521
1395744
3081899
-5743671
-3851647
8109419
-15004224
-6405583
-7261240
-1327954
4612456
9715162
9991801
-7077239
1449254
-10035264
-2760035
-4217408
-16960186
-1863176
-4243491
1677291
-6698134
10886361
-10566796
4118359
-1455934
-8978615
-3835842
-4422023
4350597
-8811839
9492979
-44216
-5929283
-3709566
-582557
-16766629
-16552163
-5600572
-11818940
-9610480
-5492467
-656706
-9406069
-6236743
-1087171
-5900165
8314129
-10734140
1335856
468150
-18310498
-9940139
-8707487
-6376481
2992482
8259791
-3788913
-3231464
-5827992
-815479
-3160174
3144570
3308766
2596548
-4682773
4095703
-8252150
-4451236
-2538273
-2436191
540744
6195161
829715
-10159564
-11551726
-9300928
-4330854
-1027007
-4494548
4453214
1497136
5399903
-6569469
-2515173
-11810518
-1193347
-13417068
-1136739
4270308
6045165
-12517681
-5575001
-1145715
-2187587
-2068174
-949249
-4310660
5785730
736512
-9948769
2483136
-3278691
5214814
1542105
-1485878
-8232145
-5088975
-4911433
5215159
3634900
6889209
1181040
8337240
-4351608
1090188
1652012
-4655631
-15278404
-7364110
2593939
7010182
-6882716
-5880550
-9890471
7336761
-1120853
-12901934
3553225
-6994225
3593877
1972022
-1166701
8602620
-5482010
-5914666
-1724215
-5382139
1746953
3520672
5795862
-3813796
4682977
481670
11808527
595315
1210884
1214419
-7129621
2538058
-5023485
-1287093
6171001
-5281254
-5319169
-622643
-1588390
2890560
6433017
1218270
-13160191
-159724
-5979788
-13948714
3993295
-5622786
-12398635
82232
4064124
-5934180
-5927834
-15794319
-6829629
-2646641
3027907
1486406
-11996952
-7115388
-9492397
-1030650
-7316148
2139200
10341188
-13961127
-7708321
7582211
-10134027
-5451671
-4179211
-6942680
-11013584
-6258557
8930658
-6234722
-6988534
-6206055
7172942
-3805834
9688486
-4605634
-2448743
-8437859
-976131
-1879188
737137
-2347519
3828571
690160
531003
6764259
-9904613
-9616565
-2042616
1472359
-10743394
12322081
-764895
-13993241
-16539370
-16944172
-1113988
-3264438
2047045
367858
-10573784
6653174
5563522
-6294261
3510092
-1761712
-12482749
-14629484
-15923219
-11732331
2032835
844100
505269
-1210537
2408502
5123220
-7434438
-8762280
8067528
-128769
8374942
-10963274
-5559855
13050391
-8349563
10743959
1903465
5437015
-9715027
-12673273
5964944
-1000738
5145876
2280148
3930963
-3974752
-14947836
-11769522
-3843412
8142001
-12499240
-16823173
-481521
-3234354
1260701
-13807362
7686626
-7304640
-8132051
-6302202
-15955395
-4814072
3505315
-12142264
-1023267
-7452808
-3776098
-1732168
4026065
-1827297
-15162704
9413296
7786536
1552538
-1020786
3916645
-2644640
-188391
4273785
-7816052
8571403
-1610857
-11982365
1257805
-7678465
-4819966
-5219512
-11353587
-12589252
-47982
6834273
-521448
-5439035
1986939
1029041
-11753001
-4349752
-4675265
-9277964
-6154607
-4094221
478143
-2592823
-3322813
-4591089
-1840004
-16438709
5208264
5829207
-3921174
388033
-8490924
-1412870
4777541
-216430
3397002
657382
12310191
3896855
1707134
1621724
-12841152
-1726093
-5876109
1272411
-5021238
-15111786
-11829702
-7521866
-6023543
-12527082
-5882282
-5879423
-572067
-6202898
-5507
4388561
4390076
-9591881
-1269179
-1814428
-11514313
-4951577
-3068780
-1222553
-1049337
1882387
914101
5537765
-7028212
-1784703
2995629
-3807181
-13182413
-13220687
7833645
-2431084
9660383
-4092872
-12762370
-952147
-3247566
2327182
5475475
-4014265
7706780
2827988
-2449784
-5705318
2816021
-4539012
9034968
-2494812
3553100
1372144
-9703285
-459885
-9706103
-9367519
-5014346
907400
6978992
974403
4976667
5303728
-7154996
-8366157
13381423
-8561117
-2178115
8039368
-8202745
-1399777
5946952
-9643508
-6996846
2481562
1831791
-468829
-5777072
-7654344
-8027659
-11848459
-2440991
322245
-39621
4660818
-16706950
-12805939
-14207255
4488191
1848404
-14245951
-7101556
-4748603
-1604313
2882936
-14965228
-8643287
-5765332
-15579475
-10574187
-5679706
-2940257
24108
5519927
3549826
-5906846
-12776377
-2114706
7648335
-8255769
484876
-8952754
-238487
2101100
-19998100
-5092092
7618722
-16230545
-828418
-858837
4909906
3436098
1727653
-9111598
-5974704
322158
-13259316
14739834
-9834958
-6357996
-4431730
-7166565
-8571956
247907
-2768596
2938987
9552634
-546471
-6403193
407685
3592067
-303060
679217
-9844041
-9520925
-10343191
-1206827
7440165
7339910
-3695268
-12507411
-7343164
-6155993
-6886218
3010513
-5242442
-15206711
4314941
-4897804
-399214
-1502155
4354934
-12593206
-4738525
8512700
-8732636
-2073002
-1494367
-6395829
5930105
-1056045
-1342334
-9380305
1241529
6948427
-5096544
966981
5131628
7078197
8092319
-963630
-12176367
-3138158
3254598
281008
-323167
-4353011
3604666
2844764
10046370
-2892919
-3529660
-6063724
-4479467
-8008296
-12014159
10319559
-14090005
-10974631
-6729303
1510442
-1337225
-11684191
-13790337
-5123670
8722312
-16018497
1327430
-1004208
-5731999
3924996
3407163
-791476
160141
-2507476
-9640939
7143099
1222510
3417238
-2403264
611899
3039913
-1850733
1476641
-14009599
-6377456
-12520517
-12920952
237683
572414
14507885
3253995
8857298
-6678756
-11198200
-306998
-4570348
-10339718
-8860744
792
-3067059
-5390418
12266305
-12073708
-4827505
8499767
-3220689
2093961
-2547605
-1769863
-3101958
6841005
1995601
-1395487
3397305
-12285845
-223836
8512800
-6603276
-595683
-3698712
7647016
-4559819
-4554132
10318457
-11707173
-8350367
4335585
8233786
-1572524
5906059
-7406380
-4546436
-374845
-3157456
-1696617
-9226809
-6788749
-4275418
-11942075
-6882241
-756243
-7629954
-141890
-2751701
-10498145
-573414
-4466777
-7445091
-1095375
-16567902
-6094097
4477854
3927220
-12247055
6564753
-5412579
7902989
-14565096
84608
-501488
-5346233
1196692
8303955
1100055
-1885479
-16870334
5592370
-2232046
4311
-17708195
-4507004
-2913229
-13707488
-998798
-10849978
-14723431
15358373
4079784
3325685
-457597
-6242251
-11972265
-12803804
-15069226
5945111
5520019
6847466
4019063
1039138
-4094425
-741028
-4203033
-7920301
-11341800
5386919
8273463
-2899756
3468303
6221303
314838
2409698
4258573
-16087072
-13171456
-4636203
3746144
9890246
-8658981
370911
-5550947
4530686
-6302395
-5886225
-1260237
8249216
4522259
-2488802
-7430773
91710
-1817956
-15616572
-10821877
8585378
-589267
5919793
7342147
8653066
-10911139
-1619095
8138700
-7676767
-4214243
-469779
3909605
-6133768
3031098
-8158862
-11349240
-13043563
-12333374
3587936
4883625
-3277694
423387
3778625
-9226090
1639462
-8987421
-5107052
9872375
-637293
-5136718
1033869
685262
5098020
2652958
-12363365
4241619
3686230
4173598
10353995
337819
-3927902
-567449
-14521988
-8802436
-8416940
3273507
-9617718
-13081519
6226965
7449769
3967591
-241879
-7647574
1742055
-3990687
10744415
-10235248
-3032026
4264248
-2747829
4739802
9768650
-1967419
-194983
-12951546
-1386444
-17072555
-165264
-3938582
-8870407
2817432
-9002582
-5467212
-6428054
-4456288
7627896
-6902290
2010155
-664483
-5368682
-11928511
-1450209
-4562740
-7816269
2450955
8322766
-1997870
5242475
1472588
-8459762
5397553
2552970
-5481034
-6194468
-1868637
-8599543
-6757701
6380386
-795531
-14473577
-1111040
-11113417
7097705
-7249463
-1943304
3293096
-1877052
1621523
6408545
8897619
-5599571
3916443
2742824
1522026
-5865496
10622753
-1398183
8740537
-3764414
231350
-6307299
-7165580
-14543910
1581076
-14197662
7055629
2768147
-4076707
1496907
5409707
-3852130
-7175481
3550837
-13681265
-5653743
8765481
-11516228
-11269071
8498083
-9533676
5032644
-7414451
3323065
-5302049
2606603
4219288
-15618586
-5717324
3633407
5400869
-13542747
1791822
6044423
-3309505
1948735
-9742562
3970725
7300296
-10273199
-10949067
-7580493
-3958182
577794
7182694
-3402594
-9659634
483029
9148436
-8378632
-14325605
-13481132
-13614115
-11126373
-5906240
-6074194
-4882023
124183
-9857614
-6843290
4101497
7315990
-3276820
-6363928
-8669651
-16668473
-11333133
1077773
-2140636
-1688305
-2144965
-5830436
-2274013
10108498
-13079284
-9794204
-5510908
7357332
-6927979
-15179262
-10050221
2874745
-1276904
6359807
3714930
-3152980
-3660310
8333909
8968513
-6135811
-4580726
-15210259
-7928943
-1454812
-4919039
9644484
-8701649
-729976
-12150953
4881805
-16980421
-1239182
6498073
-13052424
-3617696
10210266
-13696847
-3556721
5278963
-3061853
-5625596
2760099
-842810
4573688
-10705986
-2576283
5039382
6970093
5411197
-8588097
-6363718
-12667500
-166427
3129090
-2092099
-9339673
-4704466
-6928367
-10514526
-5215835
194282
1939629
6271804
993187
127832
-14037867
-5786473
-2450568
6539000
-5796610
-12405152
5941733
3692738
-8139436
1941838
1418149
-5679560
6816395
-2906783
3028741
-11152401
-1018234
-5539838
-15362913
-3856865
2132867
-11058563
-10152821
-10649022
-6312673
649516
5966464
4128763
-12682678
-15011506
-1990981
-4568735
-1818258
1761789
-11186593
-10088557
4090491
-11328731
4581655
4421530
324779
4796573
-11407366
-1078859
-1978052
-1743127
-2334407
-183081
8601827
3153868
-18673136
-948427
-5604302
-5758551
5910925
-5362703
-6434171
-9313815
-4386605
-5742192
5416916
723082
-6607673
-1750703
8870444
-1398402
-4391111
-219865
3614830
-10968354
1723970
3952386
8514875
838708
-12828713
-5746818
-1560072
14597900
-6224178
-11226747
-7999324
-5746246
-2367524
-17543235
-2352854
3393506
-11888634
-15421906
3128342
7755903
-11843593
-945385
-8827311
-2109340
3412672
4913576
-6606064
3225334
-13521881
2642211
1151696
-3933411
26448
-10131131
-4580276
9754687
149091
12502998
-4014305
4268764
-247101
3498236
86756
-961247
-13399146
9558484
-13524899
-15141082
1230712
-12745907
9273249
5254668
5548622
-4507823
-4018083
-1579138
6004080
-563098
813312
-1249403
-573499
2328890
-3545317
-2031528
-5745496
-12863423
2710821
-7285582
-185960
-216101
-9391729
-11836059
1796160
-1358080
-6790349
-12112445
6997644
-5417050
4467058
-2481813
-9387752
4386238
-7907406
-11799171
-3261152
-6315171
-12510776
8522056
2820820
3923468
-1650940
-8253420
4371897
-4052100
8144175
-10148515
-4531628
8240033
-10205913
3060132
-4942620
-15902281
-15246946
-8676386
-406347
-15751962
-4064129
7839911
2888497
-5257641
-15771238
-1483202
934818
7442149
8266617
-7355896
-14826079
-4328606
-6468764
427363
-2784950
10202125
-2589938
8031192
-7990825
-13060803
-6487564
-2936561
-6133670
12589075
3126515
7893365
2772983
-6462754
2998527
-1695613
-2462037
611222
7141642
11172941
6093845
-7303352
7416439
357022
861561
3822976
-2516737
2234058
-11556674
5692414
8709338
-12814328
-11356865
-12003207
7708753
-2805520
-8445754
-14335402
-12440525
-7590750
994325
-9868242
1821424
-8996787
7491751
1160874
-8031896
6384808
-1158856
9132393
-4118337
-6992848
-4075016
8767421
-1406026
-6950346
-788383
-6083777
2625602
-11587404
-412072
5899953
-10500412
-2975126
-4724332
3303033
480658
5171637
-4076205
-10895871
-6414725
-10495475
11521577
4110828
7680522
-1386808
-1487959
3359110
4012268
-2643912
-8693350
-2965165
2237503
7770401
-14946391
3336903
-8962515
-4901149
-15027758
-1609391
-12644204
1803221
3775560
-12629314
-10143292
-11374047
5096179
6440008
-7186530
-11441702
-11757992
1717564
-8766402
2824361
-3649539
1206048
-2009064
-4046663
5289462
-11138392
-10258670
-122231
1375922
-13267084
4023969
-3699915
-315791
-8970224
-10226343
-4136312
-5477400
-1410313
-4417489
-5108910
-13296146
-16313730
2622436
171311
-1632682
944134
-3718829
-2233524
-886894
6082391
8509143
-11699820
-2277994
-11154754
-9379743
4326485
-15429121
4234331
-12754326
6765952
-12143400
-220395
-3917997
7596997
2915633
2211881
5915771
-3174860
-11421835
4742606
-12132804
-412731
-3442254
3548045
-6168344
9365378
-3475990
-2147207
460917
-5832746
-14407076
-6954696
-6200779
-4892791
10699182
-7659352
792506
-1677325
-4377697
-10060632
-4362317
-11320146
-11879352
1310051
-1515332
-5336348
-458731
-137228
8950398
-13720227
-10573082
-6282219
-12038587
-3329332
8852350
4440028
-8400438
2111421
-16638006
-6673123
8640014
-99715
-9144415
-7760473
795489
2084117
1339893
203442
-7615066
-15199702
-10147330
5283327
-9361202
-9478286
-10862527
2963184
-15787620
-5519391
-14223257
2100731
7622678
4670161
1594870
-2928735
8118610
-1390090
10549137
7187987
-131833
1164673
8603717
-5692659
4914333
-5524006
-5586524
17215
-7599153
5532705
-12438979
710950
-1446758
-5381174
-15636316
-10553775
578653
4950600
4988405
-8758616
-14309553
-4060820
-385848
-2023847
-345585
-5806687
-2501473
-5260746
-7052662
12065773
1000753
-2495927
-15992721
-2251629
4983979
-798251
-11814930
-7016794
6303452
2121010
-6504947
-7420275
-4476658
29686
-13106318
-10234955
3602181
-12970526
8690693
-13922398
1459146
-9576316
-15023381
6412810
-6086601
-13758527
-7661090
3932501
-5151484
6321454
-12179517
-81045
-13817977
9027891
765866
-19158816
9230849
-16563868
-4770978
-7064459
-6586543
-4728457
-9235634
3992202
4821294
8217484
-9343168
4971884
-2302121
846486
-15295618
5748672
11709966
-5462050
-6744852
486537
-1441845
2589386
312730
-792342
-12587885
8088711
-7958724
-966799
-4654725
-529722
-7331337
2310297
-12790387
-4876200
-5631567
492994
1022094
8571392
6568498
-420948
-4794904
9183291
-3768018
15612888
-3336020
679814
-3875785
5654185
1265001
1684365
-3746746
-6029152
-19899162
7926112
-2378342
304814
-1230922
-4621331
-1375207
2007478
-697334
-11707045
7905551
-2447958
-4588822
-5545906
4436092
-2373818
-6084952
9494320
-7669073
-4132850
-13118392
9160518
1939136
6766723
-9039994
-8611648
-6463767
7387922
-10356812
-18329439
-5116189
7155924
3154451
10348478
4071569
-8926747
-8741152
187107
-1227629
6248976
5268407
-9700791
5405308
-8846105
-3942811
-5149677
-11493774
553845
-2974152
-6453159
3160769
4303812
-4769029
-11241292
-5951809
5047495
-9178511
3236338
2672123
6474543
-4868908
1119373
-237654
-540293
1029817
-11994929
-14725073
-9701204
6500765
-8100369
-7829701
-3442368
1675196
-2542818
-1575859
6511822
9554183
-10910783
-1375123
661894
4170837
6857960
6912834
5082681
232562
-3504051
-528583
2235265
9698995
-6069075
-2596812
3561313
-9249255
735639
233326
-12910743
908952
933753
-4305726
-249921
9211190
4054459
4291765
-8004544
3256777
-1214592
-5117907
-11911169
-9436066
2520172
6698088
6142144
9248825
-11094770
8277704
-4656116
-4613456
-373531
1475296
-4156482
2330309
-3364137
4881491
3528849
2961161
4497151
2475525
-6442750
3717055
-7473603
-4730231
-9511383
-4491750
1408199
-12423970
-9470132
9792
870777
8857921
1135323
1258469
603298
-4804646
-1148619
-532258
-7226922
1945287
6771183
-6552690
7384113
4601348
-1364686
-8363200
1388926
41338
-7700986
-2958279
-5225350
-5631364
945960
-5910968
4182546
-5222647
-718026
-3397150
-5161860
6343744
2957244
7068248
1094909
4694013
-9575118
-2876499
-3569447
-1890635
-3129825
6394276
-1656096
-2446683
-9049168
-10191269
8722865
3871168
-183905
8325387
-10083240
7039506
-4651153
-77334
5861588
4948521
6614967
8396585
-11691314
-6626238
2934850
-7997648
-14806677
-14412752
-15804993
134074
-791263
-3960139
2121662
-7381255
-1002319
-136792
-4234702
3769430
12638724
-2835911
-8125651
2740771
-2050244
-4857633
-11379669
-2385641
-2914645
182906
-3860055
4683868
11465099
6390912
6059587
14418998
-1529736
-6083286
1892155
7634038
-14197804
-5751454
-13047969
-7467590
-13836924
2448450
5175830
-14231652
-2077100
2502881
-5665671
4742501
-712484
494805
-2655389
2276953
-6614578
-11613405
5548561
-5480755
3350302
-784691
6667030
-13364498
5113813
-10666619
5708382
-4194309
8989893
9116543
-313328
-16143010
-9480085
-4497475
-6574781
-2934225
-6580441
-1708434
-6282167
-2939133
-12211352
-1592433
-1974465
-13174628
-7617622
3938015
5199823
-1053708
7030438
7461669
-813939
14084932
-8177969
-4145458
12265017
-6381455
-12569232
-10707574
-3887447
-7005870
-8072178
1667467
-11310391
-9389962
4058091
-4492574
-7644703
-16723452
7454
-5703640
-2601478
-15603755
-11157804
-11132577
-4117201
-2702466
-12397357
-4900834
-10885604
7372441
-10378236
-2519606
-8610854
-958165
-6834996
-2781993
-10012651
8634996
-3097315
764254
-14229908
4414660
6072725
-13599744
-3413447
-2321712
-14850828
-4335937
4750466
-15389071
-10677448
3983170
-1339550
13521601
-4797147
-363856
-11716258
-9552730
3235293
522918
-2561175
-7264131
-267234
-2988103
-16995706
11582061
-13812368
-1452250
-13678292
7401556
-319631
1495267
-6934089
-9094412
-1928198
5487508
-8012861
-3585704
-7782689
136812
-8708795
8760020
-3673947
-8332479
-7684202
3925389
-12079010
2287281
9218322
7707137
-2345178
6239439
-12124328
-8889865
-2714319
-9377662
-839413
-11031623
-2212747
-8631755
-14076798
-3155742
-2510724
-6204969
31618
9856302
6931972
-14765833
-12080650
801661
1635676
6458034
4756020
-4869739
-8137366
-2739990
3395920
-3445741
9229015
3687984
-559820
4725959
-9343851
6548558
5466657
3890679
2098877
-4493893
-2161102
6709768
9706585
-2276029
225344
1276913
-3919016
-618325
-5057971
-5786422
567760
-4051327
445848
-12357061
-2301673
-2937928
-8454051
-4070286
-2253434
1720610
-13323926
-9567536
6655527
-1535142
-14972306
-11677445
4673467
973557
-4634100
-7038355
-17984713
-6823451
3849411
-5285401
4025322
-5395758
-8944271
-5667814
-2797368
7277885
-986569
6768177
521546
8591883
7247682
-5241756
8034031
7832833
1500892
-11198907
-2263929
1738277
-3000106
-7101015
-1163987
1525070
-7862567
6586171
-4235066
152982
3106899
-8618778
-1029329
-1479549
-2328388
-6722826
-7765580
-12298865
-16186946
-4371607
-6148785
-224165
4856909
9410954
9354087
-3032731
4503620
-919165
-5848392
-2721852
-7799632
-6342868
-4787555
-10718706
-1024185
-6937803
4141092
-9206915
-30073
-324189
-3510021
-14686901
4836298
348664
-1005303
-13223135
-4669139
-10386394
-11361059
1824763
9368467
-7143926
3878496
-8918218
-497303
-82162
3075403
-17625394
1926649
-4371769
3902917
-11931374
7020104
833437
-15853939
-8560732
951622
-18692415
-9522412
-7767348
8807526
-6388926
-2198204
8467729
-362413
1782398
-3079107
7907395
-10475012
-10050330
7007344
-12823797
-333218
-5405509
-12387745
-2929599
1799116
614634
-11721180
-6828075
-2491125
-9081518
267284
-11896642
319156
8825179
-11358935
-4566715
5676877
-11946443
-12236244
-16647483
-15791324
-9080961
821167
-14305221
-10206125
1728016
-936616
4589466
-5135866
-3296956
-6177368
-545123
-8413404
-3755239
-14507570
662574
-1380816
-16611294
-7878141
2978991
8145456
-7201285
-14124690
-2910759
4873138
222786
-9288919
-8576571
-2490171
-19194596
12050246
-2943866
5299115
-2487914
-10660779
6041228
-7960853
8616683
-5712536
3373100
-3579614
-7663543
-6554646
-3309856
5304092
-10521156
4727743
186408
-6540332
-5405164
-3006057
-3402590
-520886
-6942074
3660481
678550
-1300668
-7358357
-5290489
-3544211
-6265771
6017440
-5275826
8747412
-9612039
-9482918
-4967889
585532
5690317
-1709429
-4812255
2032935
-10417206
2501598
-2704331
-12906628
-9861614
-875942
-15330608
-2061349
3613322
-7493021
3153504
-5121532
-12500118
-9226136
2700069
10890323
8326442
1049776
-6286696
2762657
-3529298
-3273177
-6076051
9073109
903980
-8602180
-3917149
-12230395
-6840692
1047920
-16708556
-2122581
-1535716
-8020266
-4857113
-4225697
3379993
1960482
-947820
5638011
-12728425
4209136
-713308
627268
-3909939
2463950
-1301463
3813482
5838601
-4329728
-8748638
-4327119
6601145
-2319043
-7650432
-1419576
-5085418
776624
-4620377
3695350
-4582255
4786668
-11574455
-11540105
-8542822
4363608
4966375
10046822
3447254
5198494
3935775
-5202000
-5206801
-8978947
5482711
5395793
-12809822
9589619
9203
7590305
-9229720
6392754
-10839819
3774012
-6920955
9823483
-6075755
5062717
-9539734
2679826
-6873504
10548892
5871744
-943718
7809545
12072802
2816715
8633549
1785240
77838
-4980313
1497867
-7336676
343501
-10103103
-2669811
-2987289
-3446325
6922270
-1309697
5151793
-1107414
193418
-6814994
-3403655
3429053
-17235750
3098792
4353033
-8947534
-18249037
2492467
-10872330
8751834
-17234116
8683010
-5504811
-907687
-11543852
5389059
-3714013
-4313117
2570157
-1938132
-5290243
-493910
-4700611
5435516
-6015468
-12772650
-8365105
4498595
-3209595
-2164304
3078548
-1828558
-9169647
-1692279
456747
13520792
-1616306
-8455670
242830
794212
-4330613
-8566415
8628407
-2495588
1322969
-695966
12214006
-2382691
-7473800
-456997
88782
8917001
-5287907
-6420376
-8869289
-1980704
5439593
-3568220
-3658866
-4291620
5041767
856076
8314839
-4912196
10368356
2082350
9262817
145314
-3992029
-817311
-2514308
-214762
-9052791
-4712389
6107805
-4844729
4752579
-3582349
4242059
-5355213
4416241
-4840814
-11977896
2173828
2182985
719821
-9030592
1147316
6139844
-4421449
-5690995
-5070985
-5756172
7889198
-6265972
-8163266
-11809202
-6622436
-2996777
-14466457
-10859249
8115099
2837683
-285156
6858894
-2952153
1107676
5417473
-8517029
-7931596
-1244497
-16446813
1276709
-9464274
-12817006
12006474
5890917
-14233586
-3524303
1593629
-9261001
-4103475
5773759
-8535860
-8017825
-7208087
1879315
-1981294
-328080
627245
1561722
-3375889
-17198377
-1908274
1924007
2908383
-15863069
-8725411
1456884
-7847407
-2572720
-894315
1016679
-6376969
-7032378
-9873923
3216476
5786445
-750626
3198904
-13867873
-4290082
-5492043
-5242708
4633475
2519500
-4677984
-1235499
-597217
-1481126
-3513938
10405827
7770408
-2051353
5373611
-2511098
-1298162
-20700632
7032868
-3709916
-6508755
4109583
-5259889
-14163213
-630300
8439775
-13396784
-14084748
-3055472
-3861013
1075606
5551686
-3234968
5318042
3786193
-3031087
-2154443
8658808
4254953
-12969338
-7537250
1622310
-5262709
4784990
-11549742
-71837
5237809
-4492304
-5448191
-18645915
453696
-1208973
-1365157
-4074624
2484814
3227343
1276255
4927503
-11181667
-9793150
-15462936
-8130783
1313772
10178772
9240441
-13612326
3088107
-3906400
-2175544
10554270
5249664
-6639472
1496452
9762002
-5525515
-3548759
-10510775
-9179505
-8264676
8266074
-11619531
-2018810
-9600705
-7203860
3578390
-3182130
-13099660
2524529
5427476
-6638387
-9655300
1933390
-17257565
1784073
8604842
1241197
-128284
-8631658
-4099897
-6859704
-4970157
-14247353
5698090
-506215
-6274585
3004753
-14048328
3063960
550325
-2696276
3245461
-4748448
-1745903
-10500525
-2436200
-2548845
-6696044
3522798
964254
5213038
-12579074
224678
-5256346
120297
-3697276
1595678
2798196
-7409484
2355217
-6419085
-9208697
-3593925
6987448
213384
7989836
-5542041
-16503341
1689794
4033614
-1220817
-6716000
-10325168
-897307
2865269
-9604733
1932441
9077120
-13419789
-1600729
-4301760
15212546
14798132
790530
5415399
-2008417
300964
-12957058
4645954
-8025444
-5904902
-15165004
9028564
-9673070
3016977
854462
-1241147
11433062
5417314
-96340
5069345
1809244
-6270427
-12786222
209649
-10326941
-10784364
-5439732
-15235304
4521084
6431300
-2129750
943164
4251106
1409680
-6767360
4516253
-11336960
3160645
10147890
-4329310
-1375758
5334666
198258
-4577402
-5385986
202536
-11882684
8869027
3215712
5374629
-2396488
1682808
-7809316
6624851
783516
-6953267
11986248
-13241363
-5111141
-9592415
8469626
2800002
6982296
700708
-3536335
541233
-5234034
-11113194
-8125183
-359020
4862729
-190054
-5429027
1651460
-8086979
-12051556
-1629270
-4495417
-7119998
-12824725
-177874
-17224599
-336934
3724323
50399
-4601675
-7981892
-1309344
1976200
224186
3985137
9810769
2633141
-7152323
-7452364
-7685626
-7868726
-5475643
10971896
-4238235
3036473
1083448
8576769
-12632515
-11317669
7187232
-1982546
-1218007
5423717
-12034095
693201
-2918167
-227514
-15257633
-6529021
-14342013
-8914859
-252301
-8100260
-3742378
-3822606
-3038757
-9180161
8124435
-5565396
-8715010
-1725539
-3128986
-7651684
-9724943
7390789
6809675
769814
-9929196
1722985
2682641
-7680742
13930977
-3832123
-9761962
1206147
-6008715
3494304
-629411
-16949083
2050325
5894233
-4855862
-2861155
2602703
-1081587
-13334978
-5256793
85597
37324
-7379902
-1014765
-3911900
-3590708
10262384
-4405632
-454114
-10492414
-6658810
-4861340
11419528
-8489059
-10959967
-2059672
-7484755
9276395
8786913
-7684880
-10756457
2139018
-6676865
-6128908
-397576
1450564
3151081
-12344292
9560591
7683538
-11060305
7383222
7208840
709884
-22115
-1445134
517099
-4579857
-5706299
4181756
-5843724
-1446513
-4322222
-952453
-14298526
2460691
-4743392
-1155656
-8401749
5668656
-6067800
867603
-9912344
-7258336
-3796370
5380602
-11439558
-4943887
3981943
-5784074
-4043011
-10562127
-419402
-5453840
2152760
4397364
-10495263
-5814808
-4896215
-1928833
-336449
2428562
-7100088
-5281744
3465697
-11651578
-3585332
-928352
4237249
-1964216
-2959575
1868925
5654524
2915938
-7937558
-12197904
-3998624
4452524
-3063222
-7561371
9558114
10837469
2168293
-8647599
-926485
-8649996
-5987756
4387074
4813981
4087034
3511464
-8041447
-3650117
-7775141
6376884
4691695
6785632
-12180142
3494947
4295265
-8158869
-4867665
5252179
3669159
-14805480
4254357
-7838940
-8935481
-5166828
-12049366
-12428948
12269125
-10627275
2852170
4528277
-8450339
-15412210
27924
2830927
786833
8209352
-395604
5172207
-10922633
-12494882
-11578913
197253
-8861470
-19459893
3039801
5301441
-2435844
-1794481
-7213801
-10717370
3436570
-12753827
-2962100
-8778261
-1590857
-743213
-9104394
-3897175
-4512554
-13301045
2290344
1817332
10040804
-2328251
-16244005
2505181
-11067839
-6848565
5777943
6704239
-12488910
2464740
-2124202
-2236966
5604038
-9659107
-11018
4667121
-5149699
2479506
1102889
7780954
-16016959
-1623322
-5600957
-12002959
-5815408
4578443
-15062197
8269562
8617183
-6202129
2371762
-11747153
780321
-10817822
-4839177
2418811
-15319648
-6600349
-5819654
-12367701
-6671930
-7228429
-213448
-139261
-748516
572603
4622747
-495269
-446689
-9001528
-431381
5447512
-2396664
662291
-3213844
-6660456
6350923
-3395443
-8350806
-13279691
-9426909
-3060481
-7636104
2977517
10507519
-7460415
9845891
598434
2116506
-1391453
9718240
-8253583
3002192
-8759250
5450078
-1451117
5171611
4656108
10662086
-6167671
391803
-9121422
-7839616
-1065993
-7431206
-11732058
-6269509
8763496
-7556874
2944683
-4056594
-9487078
-7557951
-3618579
-13194548
-12328417
4485518
5194721
2552895
5496785
-10413248
-2034314
-3496609
-4094113
-15265477
-825829
216332
7190874
-986190
1420130
4759401
1458780
-8037760
-18348487
2482842
9657683
-7345104
-8800942
-11205227
6963074
7761624
9917704
1305597
2890316
-14828840
2333493
-3320469
441209
-15783240
4605119
-3376716
3120070
-10293332
-18154840
6174099
-3354708
-660121
-5547465
-5698004
3619583
-5571975
-12651189
-3925454
6448702
-6688675
4953095
-4910663
8505979
-5758118
2740091
392481
-8372590
-10007176
10714372
-1011174
1156709
2669339
-7298279
-9206784
-12439555
-914119
176778
-14297052
9512609
3772002
-9787982
-5530706
936340
1342405
-4772086
7273047
7287394
6649550
-3612050
930351
-3572894
-9869957
-6833587
3081914
3169375
-837095
-7641415
9017206
-2580373
1797960
2621442
-7765525
-8636388
4407525
-6891414
-5236116
-1310851
-406046
767389
1081419
-4575046
-13325833
-9134534
7254420
-3806753
-7210401
1003846
-6331033
-3178592
-983533
-608554
7402731
-11486354
3722202
1760454
-34027
-2881821
-2525982
-1277281
-4676027
-1210192
-5919199
10852149
927818
-3536871
-109062
3042685
1548316
2336099
693000
7841508
-6973334
929856
4415761
-5537778
-7772253
8480410
-10400937
-2940344
-18727557
-7065874
-1317971
-10766819
-502793
-5251054
5545382
-5104594
-10273337
4981513
2850305
-13950629
-9486660
-10127695
-11550338
6305637
9941128
-11092698
4540967
-13506278
-6953945
-3101920
-3374572
-1116893
3344789
-12446963
2780108
-3880403
-5003982
-13589316
6198492
7658715
-10375704
9043158
906192
1052948
-2525755
256465
-10482406
6565098
-4112152
-3362921
7747902
3163108
-9433011
-14399277
-3946894
-8796215
-2218669
-66146
-14835284
3520255
-1754736
1926430
-4597344
1630558
-4238820
-1197229
-1405274
-6102215
-9181897
-3158150
5975974
3882971
8649875
-613536
6720367
-14337888
-14886394
2690335
7884509
12051886
-9475026
-509779
327653
-9013936
1223893
-10758250
-1536025
2821766
-2709985
-7357947
767670
-1856207
-9235429
-11696198
2366981
-10274642
-13554460
1238179
704709
-3381167
671488
-474888
1298167
-1477654
-4872212
-13695067
-7964064
-4791378
-5851562
-6833493
1842312
-3802662
5733457
-5104975
-14539094
13150460
6400364
263838
-7497962
-14167814
-1646404
-9463319
4530364
5130989
1954919
547220
4593363
-9301457
6614990
-7754883
-670149
-11123538
853001
-4957548
-6779931
7892959
-9361313
-12481457
-3910996
-16181529
-1800614
4083216
-1875181
-14648028
5416196
8897938
4496262
-9076733
4871446
-6155861
-4543506
-7113514
-4377991
-5971522
-12233818
-4837442
283325
-4277343
8914806
-8282797
-4273241
-15120786
-9406238
-9448085
1591605
-16036021
-2986708
1266007
-1289081
-115137
-8952544
2801822
-10620777
-3529043
7568505
-318215
1050376
991570
1575112
-14926256
-1026346
5969782
-515036
-13281183
-5084020
9340280
-401546
5775035
-7366352
-13535754
-8787920
-8929734
-5485482
5647597
-3124969
-5704753
-11629691
-8839038
-14938971
-10717268
3704707
8478774
-5303436
-10960099
8860336
-13915379
-10933008
-1783318
1069594
6398402
-3791898
-3510035
-3689992
-7360200
2305238
6699185
2500638
-2952353
-16835209
-9866886
-10290288
-7390024
-1182451
-6904046
-1591380
-7253499
-97759
-6038114
-4318195
-12367675
-6465491
-3900650
-2879669
5695929
-192824
-4294450
-8467740
-11614487
11678884
4043649
-10546472
-5461999
-1234856
-4621520
4515315
7162815
-9148158
-2170472
-8894980
347874
374854
-5380519
-158833
-1209243
6416875
-15034614
-6116148
-4421337
9591990
-11898633
5216486
4644579
-12350792
871891
1251176
1930387
-5027591
-5773330
-2969148
-12340639
7216194
5705305
-9628006
3155068
6369407
13219324
-13288073
-18823583
-2349902
3447511
-16727548
-6435743
4380678
-11514209
3323774
-15212719
-10206118
6019667
-3720530
-10170085
-7885964
6723257
-2317882
-5117996
6335645
-5144313
494438
-6906013
-3057167
-17302999
723726
2862502
-9318723
5582879
566035
-3051027
-1105051
7959832
-11411243
-18452259
7424638
-11978150
6605243
-6132900
-16731742
-4371309
2846554
3286667
-19089380
-147144
-4364501
-6693334
-5250226
-665209
2826416
3431083
3149572
-456030
7383176
-4084255
-4313945
327401
7585196
-13011554
-7136879
-12468840
-2157337
-6531513
-9196916
-16392275
-3270817
-12396262
-3487460
-11305867
-9106079
-1044351
-8780327
-874064
3050174
92931
-1890258
2929036
-15730845
2986606
-5826654
-2684742
4542349
2152504
422344
7469004
-5963017
-2972157
-7741300
-370966
-9212893
809812
112348
818322
2333291
338547
2826528
1042448
-10629283
-8079941
-8954614
7144084
4297423
-8120235
-3304594
-9220062
2176522
-2582019
5800875
450789
-3712684
-2162338
-10271364
-13595533
-465550
-7380685
4171379
11846275
-5224506
6090164
-13884951
-12373758
8552699
-256637
-4481907
2424661
-13714896
-12331822
-1230265
-5782381
-6748657
-888202
-536861
798016
-5503920
230588
5461433
2056344
-10138216
8156071
6892780
-7007101
1625335
4361941
9436842
7653517
2686055
-3951791
-1593379
-3203946
-4467762
-4450247
-4376987
-5705844
3020019
4652837
8677899
-9374531
-6308262
-8761296
-10858189
-2680723
9105064
695881
8282178
-15264691
-6922989
-10452866
-4184967
9763830
-678980
481628
-2804375
5178549
-10785673
3936100
5218256
35402
8142982
572384
-4413982
4773179
-9832731
-6545008
-5412794
4702182
-582409
-2579658
3089268
-3464600
7065665
-5302071
-4286496
737417
-8565816
7268088
-5482934
-8453487
-9665459
-3454013
-12348384
5879385
-5893378
-7342435
-10173117
-1471092
-3933022
-1205967
-6172949
11499302
1963283
-7391580
-366481
-7552935
-9902270
-9379863
694932
-11534048
11000446
-554755
-12956998
10006927
-1302179
-8010992
-7543534
-15318907
157368
-29938
-14070737
-13344021
2521874
1875849
-8642444
-11413504
-1403275
-12201902
11241454
6360300
-15957440
-7026229
7197181
-1629350
-9452133
6808433
-5925298
-6677614
3501500
-13959032
-14315420
-13963984
8317061
-246860
-8167727
-618924
-7025247
3754438
668072
-9921808
-6152564
-1866308
-8555106
-9701408
10789133
4609187
-12604129
-1427123
-2280583
3487479
-5015520
4584844
654462
-903229
-832652
5942858
6076298
2888498
4097896
-190773
-4298474
-3360703
-3895368
-20586651
-1035355
-2941790
12884551
748601
-11252293
2219567
-10623153
7402596
2820424
-8059350
-3033006
-13430646
505090
-7803822
2416108
-63667
-7683840
-4809282
-16101171
-12141192
-8405176
-16633879
-6061199
-16592359
4328073
-13292836
-11775789
-5280101
3403115
-8884096
4676535
-571559
-4961898
-6266293
13700900
-12573859
-2275963
-3206183
5852765
-5155069
3565897
488871
-672814
-212692
5346290
686706
-6367383
-6379261
-8711693
1805812
9098864
7831624
10671314
-7401043
-1318352
4107323
3961723
184622
-3932837
3255444
-16805570
6810544
10810516
1139411
-3040058
-5775208
6898824
-4562429
9697937
-6300589
7562617
-10728513
-2102436
-6926241
4733773
1025354
-13515906
8767975
5512453
2145774
-7559458
-9191591
-8187143
-1365728
-3961118
3010586
2625146
559721
1408202
-3806851
-2634534
-15840060
-10193888
1011417
4040513
-11941677
-13799555
-4461142
-4231588
-10709506
-4609797
-14692638
2054551
-5548239
-7729775
-8097150
-1544428
-8679366
4507441
-6615593
10032352
1089628
6726071
722308
10169903
-7318762
-798156
6051154
-1788643
-10315518
-5676198
-5105613
5506842
-2712362
5318844
-154936
-7777881
4062583
-5417003
765268
-6755722
-4709326
-5200240
-4871642
-5805927
-10996246
-8223599
-4829721
-1971729
-1303689
5484359
-5463897
5723237
-1404219
8272629
-10743407
-408491
7475279
-7594788
-7434266
-6296757
-14211914
5989048
8142396
-6605078
4591626
-6394339
-10829310
-362784
8563744
10144090
-1411749
-975681
8063478
-4608713
-12423512
4099096
-3284470
3212394
8479208
-4629415
-5991779
-3518473
-1386941
6575160
3759160
5031751
-4155595
-7403961
-6280232
8978865
6716851
-5792731
-9225499
7581377
-724673
4659962
-11795466
3776105
-5691051
-5339712
-851279
-4238894
3924703
-13681366
-7018684
-1388203
-9439645
-7939734
489310
-12629439
5167653
-16981120
3564564
11351585
-362888
-12066107
6694190
927396
5695353
396899
-9041899
-11354157
597066
1774889
-5301072
-440368
15389235
-12397003
-11988375
1558908
-4494330
-3802349
-7611822
-872989
7662073
-11513321
-12916998
6674351
7579611
3753059
10042447
-792906
-2724387
9609028
217729
-8600643
-3246319
2961809
-3728816
-7802957
-11776293
-638786
11206859
-493437
-6972685
-12302518
-11574138
-10864970
5441958
-1333480
2825607
4851560
981327
-4859087
-4505646
-5709814
-2133340
-2722671
7137774
-15324146
-2693702
-5881934
5834994
2686645
-11693014
-5048943
-4718946
3774688
-3665711
1008099
-1897815
-13822889
-7720851
-5837032
-6436557
-850638
-4710665
12510069
-17223628
1377119
-8815911
288631
3586989
-5162255
-567713
-492085
882185
2706627
5060645
-4653646
-6412746
667924
9352889
-8529917
-2380090
-4605664
9070152
4819824
-4965876
3073590
14168372
-10838792
-8622265
-16686991
-8782432
1347810
5927694
-7875243
-6379729
-5611627
-12824417
-10092146
5721960
-8501782
-3281747
1607837
4925145
7368358
996831
-3807252
1126009
-8228397
9242439
-2624875
-4183088
-4292875
3445751
-2971934
-5557252
9834528
-6882964
12413106
-7367423
-14095058
-7932000
724804
-7602755
-6029573
4285762
4714084
-8095067
-7025425
-15747387
-11440525
-257268
-10221757
6067933
3376100
-6321878
8850735
2671537
-14126993
9465057
6853344
-6472905
909862
-8218703
5514036
8311292
-385216
2973211
-2346486
-4060309
11690836
3770362
-6730861
-729178
4825813
-5750874
-9088809
2920795
1048671
1354486
-6328344
-3295168
-2750875
1960107
-8086774
120973
-1076990
-8997276
-8894877
-1779267
-2377725
-14527847
7155734
-8524423
10018633
-4433567
-10153125
-5616726
1737104
-11423560
-11959738
1122052
-7617781
-3713883
-11034169
7304871
-13995315
4244861
-388281
-5877736
6410737
4984422
-336377
-6234941
-1234024
301393
-8292227
-3796405
1892532
4588665
-8773704
1662971
-4624443
1423966
-13196120
-8611522
-618061
1198715
-2173843
-10966826
-3923390
647750
-5495765
-2802758
-871084
-10491542
1935622
-17904123
11240025
-1593139
-13059683
10207950
-1218084
-7973206
-5837321
6698878
-10851714
2919699
2657517
-3033342
-11866334
-2054202
-5436271
5095690
-13373909
-4781395
-386490
-2395855
12736682
2550809
6211127
11510683
-6554863
-387004
-4450046
-7510243
1660228
-5175860
552905
-7049888
-3287353
-2303304
7303848
-1510856
8796821
-3057360
-652598
-13267064
1803531
4323334
-6128997
10437691
-12874124
4829318
7117242
-5883199
-2185028
5992290
-384409
-3102842
-226836
-6315841
-4154485
-1279920
-3197711
4793780
-4092823
7399435
-10226666
-1512681
-4100871
4615499
-5032846
6908524
-3770112
203624
-4932629
3892949
-12919477
-13843441
57160
-16916261
-8815235
-3598282
-7290870
-573151
-7567741
-5754934
5678798
-3566110
5284069
-12462008
-6750257
-12464798
12203649
-9979428
3468631
2669356
15257470
-2208512
4116906
4448590
-4257146
-2641279
1372599
3796240
7237207
-8213364
-6534010
5143724
8486083
-11484057
6410676
-10373776
8274494
1876006
-4762868
10140366
-611139
1559193
-457158
-13699917
-16250487
-7972840
2046465
5501972
-4607207
-916665
4991836
3113159
1307590
4068648
2126007
-8599234
3848361
-13088379
-3362922
-3579416
-3713132
-3432804
-13257374
-4060688
-8953344
-188577
-2765441
3218332
-18094294
-9441642
-3749353
3039274
-2836344
-12251899
2641012
-7329276
-6588770
-1320375
322239
-5190351
-2962492
438478
-10171112
5885277
-7270854
-8036809
-10207243
-762345
8035875
-5284707
-6903609
-6302132
-7624840
11571762
501039
-5179005
483402
-7687310
-2093829
-14759801
-5554181
-15528251
2276073
-7364722
-6293882
1353910
-6482113
2716144
5266864
-15692888
244563
1039729
-770216
-778522
-14644617
-17214830
1140305
-5694622
-798261
5924640
994238
-6229511
603272
9039227
197403
-6189696
-2392901
-5235290
-6659500
-17010638
-485366
7293659
-3240669
6564844
7777982
-272454
2372367
-8159550
-15378921
9834649
-9493537
-6060446
7086096
-9969853
-6666720
-4523254
-7565561
12910478
-2265090
-1011233
-8382994
-127440
2855271
4328911
-5886231
6456679
-6547727
-2538332
-2463825
-3939693
-6281224
-5107334
358199
9971035
3079579
3813491
-5135577
-2637719
-1463815
9172064
1358229
-1170803
-10579053
-5928334
11405257
2685968
-1857934
2450426
-17409835
-694784
-1088286
-14289222
-3996938
1149460
-10283200
-7464611
-6106432
-506401
-10102267
-5691300
4725880
-4413675
1341101
1756171
-12009374
8572097
-4724125
-6599211
458500
2533567
-3354448
-937313
7547619
4464230
8605229
1494632
-10551433
-5238074
1356205
7423884
1506412
-3409757
-11486307
-5683764
1527357
-15541591
1038336
3302353
4555271
-5856445
-6947053
6703587
-8407427
-1646179
7468100
3353693
-2125154
7117874
11114967
-7945159
-248614
9865951
-7574513
3863477
2717021
-4332597
9926780
-2652897
6255440
-195288
-4500821
13571067
4298356
7611316
-4157577
1688772
-14141229
-6403377
-2942497
-7809473
-7914339
3639762
2811347
-9071214
-6473245
-9072259
-5962824
-19388287
-5300588
5580913
-137535
-7914116
-2024004
-13426432
-11779477
-5075650
-1321455
2984634
-7501406
2007033
-2796584
-15520928
4937467
705111
-2080323
7117398
-1960359
-850541
-447292
-3282081
-9678794
5639203
-2931886
-4317068
-10051138
-1845613
-6752
2071832
-1726224
-8377285
8440186
-9447686
-10414563
-322762
-845288
-1190231
8707625
9261168
-13950344
-10207334
3847279
-13954021
3971422
-4993630
4831291
-6414678
4372896
-8235690
-6497842
2136974
-4076330
-2960647
8343968
-8873404
3777809
2742054
-6926978
-6800459
-16629998
-710007
-2437378
-6428849
-462852
10377440
-9799698
-2130264
1956818
-2912314
-4224402
1648591
3206044
-6144665
-6007464
2970276
-11882555
5049629
-5033139
1948303
1409305
4657216
-7812793
5360508
-11515493
-10958266
-11630622
-2059719
-1540005
3642027
-10201301
-6271903
-6980655
1969743
281517
-5872749
-5535161
-10811980
-10636499
-106588
1714836
6346839
-6228680
8933461
-1134203
1659838
711994
-4527105
9386583
6484695
6356634
394035
9625484
17031
3165220
7173053
-3500159
361281
-113579
3950634
-10707104
9626710
-4930207
5071063
9366808
7041288
-3856944
-5363414
-5932860
-13565047
1607393
11911408
5016542
-400144
-74592
-9987026
-880308
1409136
-15376195
-14563511
-8009589
-7835423
2541949
-7862050
8384473
-4203421
315473
-4138049
455308
-1677372
-8370891
1685486
-7934569
272546
-6231030
-6382177
-6769265
-9617255
-7456274
-2497233
365717
-11214471
-7752516
-10689014
5630263
-3003073
-3363462
-1167091
7600845
257443
-428932
6532445
-13070944
-14574945
-12639977
-3167357
-8304078
52105
-1885248
388833
-7275675
3828326
-1671176
-447073
-426475
-7517516
-15812204
900559
-6624326
5298550
-3623423
-7120900
5026589
-290410
-2016396
510227
-14956860
-6493055
-2612697
-414380
7887491
-237624
1069115
1122960
-3011791
-5957673
4934809
-5119509
4372283
10004559
6148646
-4031382
3111127
-193704
-4487262
-2162522
8045061
-3171762
2857933
-13721784
492602
2306157
-14360923
-11195635
3595070
6911777
-5187689
14289115
-2105184
-1509386
-7245539
2301033
4924661
-4199547
6936408
-14857789
8478144
-3708093
2917207
3055375
9630254
-4500025
-10734349
-4084781
-5171114
-10876504
-11406873
10082507
3044163
-9538023
51325
3694348
-3365935
2826218
3606096
1695153
-10575755
1007382
3053253
-11804320
2002994
-12826363
-1268467
-9462440
9345631
1451052
6195752
-7941985
4033512
-10908267
6256734
-4973713
-264562
-5231373
-7509600
-8733341
-6969856
-542558
-1679765
-13754880
-11072765
2653201
-729700
3400435
-3774370
186456
1865314
-3686557
-9120344
-3774157
4740085
1081085
-3074582
-3335306
395873
352039
-5129704
-11547639
-8040223
5915308
-7080271
2077302
2985037
-9121258
-4333748
-1065230
-9500067
-11891414
-4788393
1877107
-2902694
2598046
-3115904
-3770048
-5473217
-2190383
-14566902
1427603
-6471696
10305829
-5166009
-2941879
-8442268
6106088
-6052185
-2942383
2618233
-2765827
-5283515
1410419
-8321234
-13106353
2082447
6359046
-753628
471199
-3007648
10579352
-2524474
1861739
248593
8437266
5102779
-8325378
-3285606
-3022447
-4192783
-7187932
-11471628
3235103
1232145
-7658452
3674861
-14373422
-7402643
4118493
1817205
-6581589
-6271166
-9872059
-11450933
10622209
-4119702
-11360534
-12095406
6154045
-3151321
-14541862
-3910632
463590
-10699925
1777959
-7866138
1748108
-11657419
4890993
-1920541
-150330
-11025026
2575900
7079768
8751129
1684759
7122055
921222
-904467
-7979223
-876541
1606558
5316189
-4194732
-4982811
-838062
-11235414
-10526332
3533830
860544
-1065854
-4902680
-1786863
-2560745
-11165746
5537883
-2312337
-5871993
-1179727
-5150089
1811480
6730402
4902754
-8211434
-5521028
11162390
-9908363
2034432
-18229694
-2321909
-14230861
-5992000
5210306
7127884
2631885
-4689468
4454979
-9427962
7342948
-6909912
-6599038
-7581487
7046104
-7161643
-13435995
1189991
-14515010
4663993
-11473086
6952585
2757576
-383760
-7603532
743052
-6488550
-8433962
-6489156
-1262755
-5581350
1283549
-10873337
-12787889
-4282309
-12809870
-9738599
-10526382
-1657330
-1199586
2177872
8377911
-7293046
-15798860
7945452
-1632299
7024836
7049349
-3573737
-4247266
4394733
-208198
-4365902
-4453090
-7074976
-4474938
-14895627
1674054
-15328681
-10870447
-6611861
-12619473
-756474
6607398
1918459
2275338
-19312598
9681815
1834104
-6066275
7315058
-2160697
-1084029
3584362
-9066558
-11272610
1145067
-8196002
7782228
-4527575
3675765
-9186642
-15999573
56565
6207823
1163573
-704541
-16627584
-4332216
-2597538
-9538412
-3352167
-5635482
-9539934
-15104167
-1238162
740085
-6860488
8231940
-1157509
3728940
4580064
-4564264
3655151
11565443
-157477
-3430448
-2317883
-1147751
-138775
-7888177
-13252323
-15367871
-5642382
-5072078
-6736310
4858920
-5025806
-6183930
-7609573
7859394
-13978956
-4656108
2213025
-6973903
763305
-4441191
81126
-625311
-501425
-13574496
4100537
-977307
4107511
-2348762
-4680013
-3793133
-4364409
669325
-1765099
1309269
-5694414
8318645
-8147245
-1870638
-2005495
-5482941
-6413529
-3028283
-309625
-3380247
-6878406
1719070
-4182869
-6730032
-6661583
-3549848
1083896
-8986079
-15135358
-4801843
-5997282
-8722234
-9915618
2015793
-6843417
-2085073
-9375987
-7109439
1178863
-11789646
5739396
2499691
-3040785
-12857889
-9095678
-3831712
-14629228
-6421863
2046576
-12780942
-11081564
-11273574
-5751581
-3113280
4235923
-5963195
1843952
-15363488
-4661501
-8219674
-14053163
-2619108
-11948673
-13665093
-9455084
-8051360
-7684387
447504
-13069061
-5034253
-6321945
-8184238
-6482484
2130626
5152457
-3431392
-1214263
2946314
-237169
-5360464
-4171330
4913302
3770691
-3978469
4788293
2608237
-6231531
-4815858
-3156236
508155
6030379
-7735784
-7100984
-3140471
-4114223
-12341682
-722773
3662485
9582825
-280001
-8505805
-3660108
-14590150
-4788309
1036814
-8710126
-11297856
-7651860
4150395
180746
4899021
-2289135
-471964
-12043079
-12745839
-961525
265824
1672556
-8037879
-2274654
-6671851
3911196
-9499994
-8533943
-2110706
6044718
3314843
-4313042
-7461134
-7005255
-2702647
-10101483
955679
-10201564
-7299538
2903059
-4609197
-364864
9730365
-1484636
7895537
243973
-1243745
-12131417
82417
-14248431
-1407288
-360053
5249016
1050059
9608644
-4414432
5893750
-962408
-12123273
-2110105
5591528
3622852
825122
8650415
1402299
-6668359
1782061
-1206126
4393121
5092525
246507
7132299
-5592580
-13595244
-4065552
7273253
1403730
-883495
-13067358
-4403602
1720886
6390305
-952704
-14526210
-935108
2063099
863465
2979018
-6330740
8091742
3449970
1039603
-2610548
152119
-2778355
-2584540
-4289841
13902015
2234198
635933
-1390592
7982938
865204
-2542320
-3110255
-1526508
-949162
-3876633
-2891905
6038269
5201579
4971040
270973
1537607
-4273662
-2944848
3966555
-4797700
2898201
-4702030
-679893
5090120
4236804
5178988
811225
4540497
2867348
3681966
-4656617
-18282002
-190559
-148387
-3532506
-10910993
-8394706
571772
-997351
-4296973
-3664571
-2945136
-2814213
-4294757
4554022
399562
2559481
7672347
-7876624
-7652667
-1041680
2985376
-670283
4608349
4564720
2988230
2713484
-4531813
-1681595
3603461
190505
4323100
-5580221
-1622327
2395427
-3165114
2190030
2937238
9073125
2213346
4949620
-8161715
-1219243
4574184
2811906
6946184
276842
-13978832
-2883032
-12891851
-1936321
-3550922
-12332897
-1133851
-8299734
-6431994
-12779966
11746504
-2203231
-8408189
2417552
-4390093
2122024
-6298032
-6588421
5198933
-10520076
6185954
8156851
8785598
-6245218
-7773670
-3141688
-2442367
-8316229
9913164
440632
-1103050
-1615877
1466529
-4738048
-11975892
-3557350
3388822
924397
306233
145843
-657647
-8454067
10367999
-14920466
8543824
-2356049
-3647274
-3392754
-13833199
-5643780
719011
-805771
-8775552
-4423284
604700
-13131491
-2509315
-5335867
-14070591
-9998985
5603085
10815124
4651138
-7625538
-2740564
-5771048
-4566804
1681451
2314325
721339
-645087
-12589263
-16445692
7969561
-6385779
10507431
-14445851
8452118
-12061658
-11086290
-5721191
5277010
6564065
2040592
3334287
134147
-11293115
-7740635
2039563
8351387
-6305146
1885033
-10158261
-8768789
4048802
-8447782
-3698075
7610701
-9598930
-8804617
-5610224
-8199669
517091
4228384
-2484600
-7542460
-7986734
1234898
-7962692
-1677846
-6777867
2697086
-6206175
5470691
2015435
-6238893
9949886
-4752005
4420691
-497749
-8485417
-5785351
-2377520
3383238
-13574423
-5462265
-7694852
-7093437
-7371970
4764016
-12461994
-16071531
-5413668
-6533337
-1523682
-1264556
-6423745
6080910
2421371
4157229
-5343695
-8457974
-1925068
-7256233
-1482788
-6492546
-1614904
-682822
-3454858
-4404610
-236798
797060
1814287
-7724746
-2332246
-6008456
3140193
-7315552
-4886398
-8772357
-274393
-5413
-12815610
-10203660
-17193315
314570
5278575
-10992453
-6652782
-189716
-5236001
-2589325
-6914850
7152534
-6176102
-9952744
-4826214
-3881884
-13120423
-9824836
4849188
964894
-11428129
5540388
-11200939
-549641
1698360
1766980
-1805828
-568564
-8690224
-7596747
-9815425
-10419138
8122642
-1137153
6347694
-5224270
11220469
2390961
6033083
4402624
-615813
-7779568
-10021563
2773062
1076326
-8245503
-2540643
-10371353
-493247
1038352
480104
-11280772
-6304779
-7670136
-1039817
6716472
-8655421
-4497618
-11143940
14412116
5996077
-14372507
-2952822
779147
876426
-15807196
6178998
4673760
-10556659
-7254129
-12500715
-256156
8026476
-3916644
-6926994
-6721331
11089623
-5992448
1105331
4918127
-652727
-6359168
-1391762
4258505
6658748
-3417502
-6604060
-5725263
6191029
3710347
-199855
-2736519
-705077
-7405793
444110
799007
-908625
-975846
-8982584
-14168211
-7157960
-1927456
8191399
-6832252
-11476456
-12509568
-2176013
-5284722
4416553
-478108
-1723558
-8312680
4664755
-806988
-3910970
-4750555
-293464
-2171622
4472048
-283355
-10020350
-1215669
-6588499
-11588767
4243921
-1432736
-1845298
-7846701
-2598205
-7669669
-14582454
-6807221
6525989
505183
-7410174
-4824409
-5423698
10070116
5996191
-1304502
5048278
8902466
3736785
2017672
1106006
4586995
-181752
6574383
-12279350
3448229
-9368301
-11928374
2981951
-4351327
5354565
-9071589
-10451014
656658
-1567340
-5057150
2862577
3701420
631623
-637358
-15695209
-11378176
-398403
-13634528
-3757154
-4567889
-7119853
8389004
1772363
-6311399
4055058
-14189754
-1190611
7721435
-8270941
1470460
4429965
6171936
372731
59171
-1065851
-19209484
3867300
-5200022
-9759391
-4844592
283542
-787599
14702521
-5970043
-4329500
-8378051
5825919
5381838
-990603
-13371571
-460967
3966009
-513088
-4861951
-7565904
-7451552
-3263349
-4480459
1267163
-5496656
-2074503
-12935445
6810917
-11512382
138833
-257538
-8400657
3905595
-684691
-1613784
1816897
8731651
-8191169
857603
3705389
-13424555
-4443883
-16697096
5758251
-1646728
7218897
-2614947
-2676151
4689686
-6911517
2873592
6445591
-6224661
-4961212
8556259
6298398
-3638401
-2181732
-4381143
5849570
4897824
374260
2043789
-7483915
-5525132
4420634
2181381
-4753634
5459601
-7905333
3892020
-1048790
-12738718
9225535
6892922
-10418781
6250320
6455173
-7119994
-10577308
-7163730
1343477
13793365
4412509
-7025386
8520482
-6430032
-5341885
-8604967
2234087
-826600
-12061898
1300673
2518718
-3047699
4890513
-6186629
-269069
112831
2825087
6159963
-13438446
-19105
-5988160
-5216571
-7041080
6362446
-994012
6556438
-3801096
6607621
5574932
-536600
4785552
255910
-14517877
-9888892
-5003810
-7657861
7976050
-8898060
-6720938
-10306352
-901454
-13184178
422470
7326775
4704925
-17425284
-5969855
1974729
8339502
6504534
1889088
-7502015
-13237696
5051237
10110878
-1894817
-7052470
7653505
-11073521
6040557
8931388
-16677
-1238411
-11796686
-8093115
-16088564
8716163
1451078
2653105
-11247867
-9052790
430638
10372154
-3903980
-4332466
-5088733
-4642803
-6030516
773682
-11923083
9316302
9502933
-12510811
2308048
-1891813
-8892160
484007
4325400
-6221718
-4198760
13620652
6674011
8859576
8854651
4640224
-10099454
-16309331
6412637
2646783
-1871166
-5728815
3130605
3196152
-4577297
-8841072
-10984101
1098431
-15822495
-1098059
-3797067
6095800
7297752
2822210
-3279985
769785
-2676692
-3282357
3799126
-2936678
-9474322
2719802
3623222
-4679415
6381513
2288509
-5922418
10840909
-1949194
-6708428
-18552153
-13648054
-2783272
5673680
-4463121
-1874217
-2457243
11059386
-9528083
11111883
-7267489
-263318
-2768731
-9716878
7419273
-7183051
-1241332
-8498798
-4565836
-6016717
-6477258
8002140
6548922
-2507231
1296910
2787207
-10395832
-1104672
3564494
-11831251
-6032957
3556529
5287025
-12795220
-7371550
-5798283
-5442409
-13410643
-4619925
-4334602
-12689587
7414421
-735238
-3673207
2662035
-9540932
655073
2466137
7646203
-7427588
136111
-2390712
1523467
-10839021
-8967869
-354336
8245230
-438644
-17437669
-10438358
-99693
4607157
-13064575
-8929496
-9865977
-12219385
-4443951
-4933380
-5183912
9645791
-5328507
2128984
3196793
-8090008
-188245
8203681
-12545156
-383096
246242
-8213804
-10582222
-2760502
-3634121
5840774
6308379
4194869
-12883154
-4151005
-9230961
-3220225
-4349462
1504347
-2938283
-10761177
4363712
7598933
-10607005
-15568939
-10292429
4943159
-1180104
-3383834
-11383844
-7104709
8064422
-1038266
2218138
-4154472
-9493458
-15693785
-771409
-5300695
-6364846
2321287
-11915035
-7047643
-3826097
7417492
-19142942
-555032
-10865102
-5548156
-6590332
-13364733
-5974944
5077215
8325110
-2890872
-2491161
-1597768
3177115
-9717394
-10923397
-4024366
-8078451
-8128780
-12300010
-4756229
125337
3379904
-6542668
3603755
-11482308
8213841
-6599243
4282775
-3030627
3598909
4637254
-3865871
-4884016
-6249090
-3703362
-8001716
-668756
764201
-11173761
-7715616
-14290469
-12968666
2795550
3349712
1301946
-15637755
-15174409
1862264
3089569
7059211
2215666
8020177
3260595
5084233
-10677495
191683
11137858
-7863409
693148
-2905055
-3038438
9063857
113816
-725580
-8033185
-5108969
-12894537
5690806
-8807443
-266411
-272118
1377300
-1664896
6502051
3791416
263186
-9013818
5245273
-309586
-18074265
-1469750
2378418
-389728
-18262198
-8397157
-4026965
-4680900
-9370968
-6793178
-6307145
-10408100
-13275873
-4796484
2119596
-3741361
-17986172
-6736468
12555
4206241
-13212796
-716917
2170932
1835056
869263
-7104716
214582
3787368
-13206606
4318167
-2924144
7847605
-5269073
1491423
-3794704
460249
-4517919
-5737846
-3373498
-10596211
4612255
2420592
-2405763
-835247
1945173
13079080
-7556694
-5775295
9415453
8055634
326575
-12337554
3058751
-10914571
-1911674
-9445684
3312480
-1859010
952325
11602030
-448819
-12437434
-966341
-764530
2307880
7263586
-10812957
5264270
13052794
-5455344
1256786
1359613
-13962972
4507990
2390057
1927862
5732556
140122
-2671777
-12517403
-4026496
-249361
-15762694
-4031718
-16947385
7299769
-3627140
-5503806
-9456082
-8592542
-2085623
1948896
-5709676
-10981838
-7087927
-11515345
6319059
2913042
1811052
-13014178
-4151897
4040085
-3399858
3029079
-7674473
1568564
-19324408
-4523685
3966891
8893507
9703713
-4929538
1803180
9096543
-12720306
-5048670
2264400
-7200108
-9255339
-6695697
2490705
8255478
7721997
-78525
3260687
-14518068
577099
2835432
-13483600
-13467913
1043684
-5412389
2381911
811744
-9821755
-182149
-10820690
2415861
-18153995
-1734599
3510749
-6742486
7897508
-10027951
-205934
-4592457
-2058406
-12978412
-1063844
64504
3509855
-9917469
-6546454
2559439
4271561
4692373
10774542
-7330576
-1670059
-5899621
-1327126
-2505067
-11207387
-1928945
3328672
11966361
4041796
-1954757
4235720
2121794
-6514669
-11771587
-1333706
-6719203
6728765
4487788
8803080
-4200882
-3582736
-3791015
3120677
-11135551
-5021282
-17563965
-4539840
3110983
7231269
-11152531
-4634705
2560844
-5493213
5897760
5337731
10560737
9854622
-2406664
4435182
13109662
1496306
-8682175
-15135570
-1430310
7717227
-4540559
-8419108
877710
9921136
-3118681
-21849
-6642230
-12656871
-12353671
-6237654
-5096008
-2651490
-13192877
1576598
11016440
4121669
5651501
-6949192
-6090382
-545236
-6684859
-13648699
-2253072
-14232360
1688857
-13842184
-3770496
-13304966
9381826
8410714
-8174127
9890933
-6318186
6546073
-2558019
3833686
-4873983
-1266654
-2517531
-15032231
-5413841
-5412392
-3034760
-9669345
-9621919
465689
523908
-4574672
-8600965
-7328865
5862334
6860693
-4056586
7110290
-7172697
156203
-483341
1379058
-3837766
5103899
-4961592
360525
-6022550
4010444
-5949471
348984
1513228
-11200859
3766111
-2315985
4879059
-417125
-3106689
-5684394
-9690927
-14196927
2020368
-6985531
-238844
2305243
2482202
-3897246
-5728296
-8398544
-9566205
-3981039
-11842074
-7424151
-11156232
2875084
1206431
2233375
-3243131
5417304
-8931598
1389954
-15845431
770857
6588724
-13960314
215167
-161527
-9373670
5935495
-528321
-1965081
-10757244
1446594
6407527
11666113
-1675078
358752
-6100089
2781834
-14640826
3884335
1627202
548664
7885459
875241
-6740392
-6131865
-3663688
1006581
3052930
2813352
-5109755
-11779100
-11449073
-1609083
-12981030
45976
5524465
3559191
-6685928
-13361816
-7529980
184545
-1297461
-13475423
7443294
-6939631
-5536254
-15081803
6196559
294482
-2099504
-13422426
-253957
531546
967915
-5486233
6909976
1721701
-3941898
2936085
-7363034
5274739
-2613290
7928316
-1100458
-15926220
-12011442
3723403
-7287085
-2496372
298029
3188932
-17466319
3379110
2373323
1577571
-12279429
-7007997
-5065190
3819119
-5366346
2705756
-16382696
-535483
-1981051
4368823
9552025
1509281
242221
2219251
4422142
-12060666
-6633333
-1674266
2819774
1699413
-4394426
-13237891
379897
343717
2968419
-6958442
-3972911
3369360
4528972
9879429
-5403875
2696465
13188066
-7782
-6246192
-1966220
-10513214
-2181240
591408
-758556
-1260973
-12572976
-8151906
-14106908
-8340062
-6598161
2776632
-6238105
-6173266
-8456907
-1443582
1055259
7615056
-105050
-3403069
3353699
288310
-14198621
4924195
5667369
-5933214
7132701
-6654256
-7239008
-5642757
6959388
-7201160
-197743
-6131884
8994844
-12354965
-1178055
622727
8672539
-8374374
-1128955
8958913
-140998
-3608594
2896686
-10035044
-15468359
7436287
-7215144
-3166898
-7227477
5691335
-15257794
8097687
-5723745
-7425530
-374709
9505240
-358717
2261924
-10142747
820799
1031590
6464279
645419
9806008
-9912050
-6806912
-10369288
-6278661
-12158277
164401
-330850
-4632916
-5865067
3130310
-1375794
2912167
8019557
-8234047
-6423344
1681308
861237
-6387373
3243521
-15768161
-17390653
-11699577
619179
-10678810
2182751
-5709921
-7711481
-5844094
-10890807
188683
12689280
-15507678
-7551299
-1699705
-6216409
-5401399
-8173138
9736232
-1258268
2485529
-11046443
56546
-11176671
-10025637
-8240452
51258
931683
5712867
2840086
-934186
-10973557
-1852115
-5988918
-495899
-380380
4637771
-3097274
-10714725
-7810299
-11752703
-1843725
-13696139
1459779
-3009334
-7356122
7516649
-10966559
-12114176
-2090864
-15811153
1712123
-1006901
-920069
-6208853
5642409
7598939
1354785
6115289
-3430230
2322426
2261960
-9288581
-12418516
5932434
69227
-4218004
-14710556
-4052063
4415922
-9410985
-327497
-6612666
4770227
6169040
4551932
563312
-1273126
126123
-6103810
-14068151
-8529081
-14477371
5040414
7461017
4634995
3205612
-6410206
7387612
-4024286
-8884862
2910800
8703423
10242595
-10302537
-3668835
-19864427
-6684041
-7533277
-2484014
-8107234
3185595
5779965
-4333892
2602105
-2570699
-3392555
7586695
-5180597
-4598671
-11718096
-8093062
917045
-15118678
589054
-12569323
-7540855
-10719714
-985520
-4856556
8602656
-13970756
-2364188
4463904
3747471
4711054
-10922829
7706647
8639271
-858
-15228652
-2566250
-5163339
1693984
7629858
-6726610
1496344
-3966716
8191544
3322570
-11581238
-8078258
13535241
-4228063
665526
-7021599
3321226
4140219
-12627186
7852111
-7140942
-7298412
227145
-17648272
-467397
-12923231
-6824496
340062
12093140
836961
-6484865
-5014601
-9364554
1435381
-6773526
985681
-1615828
-62348
-1061119
7112770
-1793213
7138202
-4888361
-8677218
-10441262
1275114
-13447004
-1036876
-11033692
-13329095
-5910852
199586
-2310068
-14826847
-9290016
796211
4640934
-189604
-2818093
-13116587
9713090
-2844024
-6872984
-10360996
-3298291
-9770413
-2330555
287789
-16353369
2613119
-9995640
-15751094
-8323055
4055753
-12323672
11450741
-14561391
2976388
9680646
1939238
859423
-1909136
4408640
-5156321
61526
-5413991
-8876081
9810249
2584917
156291
-1960138
-5488307
4517
4575867
-3778816
-6059253
6155935
-14879268
-8212637
-2229993
-5574564
5640842
-3867349
-11158308
-1246049
-2582329
-6820240
-6957882
-5383170
-7503440
-4554122
-11496099
11639105
-5562362
3448912
4210714
-4000794
9975971
433092
-12050907
-10601253
-15062687
-7866742
4062162
4796321
-2170690
-1212668
5053555
672189
3120082
-7295652
-7586433
8000366
694084
-4021032
-12239869
-2668023
-14175105
945323
1451897
-3261302
-5402607
-2343532
9570079
595312
6715272
-8828390
-1198658
-4742561
-3416886
-15660223
6610741
2727553
-4290115
-4665507
-14114056
-11615396
574712
-15228328
6722122
-11206307
-8324595
156388
4680283
3863582
-90784
6887350
1502575
-9937204
-1424713
-13117071
2312875
-728066
5422680
-11530943
-1159924
-6236308
3505395
-6330104
-2144344
-14507720
3112499
1366936
8620111
6161508
-208877
6433472
3267243
-9237396
4751977
-5751215
-71681
1691696
-5318256
-5562658
-2064316
6954170
1945110
169795
2254327
-14177083
-977620
1957038
-3044555
-1294557
-6820869
5310317
-8234905
740188
-1149236
1278056
2466276
-5085774
2904843
273948
1107927
9384009
13319592
7177555
-2966685
6221358
-1350518
-12894456
-7361444
3165871
-6987000
4743041
-4372659
-7281651
-15337378
2770437
-14882487
-828155
-5425077
-13807968
-3981616
-12074135
-5496355
-9508453
-6811903
6900315
1623814
3501349
3475071
9017708
3806808
-1217032
-14316485
-11060391
13138262
-11372051
-12796269
-16028991
-405562
-860516
-3778819
2597729
-15398877
-845943
6829071
-3755575
-11744031
1715360
-8223218
-3868174
-5861029
-402749
-3468597
-13033531
-3562949
-2406196
-10353391
9287306
-3742744
-12297813
322360
598181
-10146016
7762170
553818
4619826
1195434
-799784
-4064274
1878687
2987919
-5291605
-919965
118271
-10940268
6352722
-4776686
-1188088
-16235369
-2466577
-1128359
-8040589
-15200857
-10266848
7953554
-8352647
-6227114
6197605
7972615
5502179
-11898248
8997296
-5349691
-18147034
1542432
-8799699
-4249852
-5975733
4507710
-8648485
1305383
-5836112
-16308939
5800624
-3511417
3811958
-118168
-17627249
2952626
4689296
-2000782
4218433
-4375166
6311240
6992460
2674919
573283
-7455647
-58673
-2407203
-6383209
7975182
-11300711
6103461
5569206
-6247361
994526
-11755799
4845368
-13840309
2474424
9507581
-9798879
1705241
-457231
-5832572
-154539
-4204904
-8504421
-13763735
-3464825
6971685
4891584
4559821
8649883
4037688
-2906572
6542225
3090287
-4025989
-1019150
6986792
3029524
-17594859
1443801
-3439555
107872
71600
10909585
-3001787
3893385
-2873080
-7190554
-17304073
-5435711
4939775
-2872128
-3333638
-1702785
-3901117
-13138770
2298724
-9475159
-559903
-11534229
1206829
-2334980
-6274203
192117
3592015
3875156
-5893138
-5199972
-6948609
-1263204
7856620
1433337
2766700
-3172904
1957282
-5683535
-5851655
-7175510
1639363
9931626
-8254717
-1300036
-4735923
-9368930
-485813
9623353
-1506546
-2561435
-7676261
-1011740
-6004240
634414
1259582
-3522387
-3652171
-2284389
8209919
3594928
-2372052
-10643833
5753179
1984055
-8500414
9072569
-3858738
-5500496
-7833366
-6105714
-11595997
6232193
636137
-3636116
-12315259
10186633
3738357
-4385225
2487551
-1147979
1247126
-2937587
-374176
8233234
11140796
4843589
2686396
7937819
2808744
-9412860
-5060993
-8225926
3446163
-6646575
2989182
9384028
-1522839
-5804276
-12353150
-1838994
-7501330
-17261134
-6270337
-7963307
8287913
-436010
3640142
-4603832
-7455619
8351961
-8011127
-878245
5703061
2998677
7881273
2704295
-12620387
-4472714
8087827
-16381885
-13678191
-2258150
3880351
-14842501
5737330
-9595675
-11948449
-10223271
-1470373
-6782658
7626221
-4118419
-563734
-1804894
-4173337
4847478
3600488
-9883698
-1192921
2272302
-4910267
-9068499
-15607658
-4495621
-10959698
4684865
10667236
3164119
34330
522857
-1107363
3586880
-8099937
-4120637
-6344884
-2651260
-7732685
-1232606
-886791
1131911
-2434625
-4537385
-5956694
-5710353
10325705
-529501
-1131618
-695807
8170625
3765482
695755
8689431
-2357003
8295474
391699
-7574909
4485196
5147070
-7601406
-13642301
4241806
6702579
3750580
-14400986
2886043
1881242
8281314
-6399172
8648558
6019182
3593060
-7203089
-744693
-3504292
7304842
-4039666
2862830
4530021
-11471006
-9358652
324046
9565005
-9682922
-7462206
-2263866
5995208
-1333290
-9685260
11417346
9770715
-145653
-15598387
4083244
-8976230
-4947574
-3952649
7696171
54760
-14382906
-4738028
3816328
-465706
-3758198
2740356
6850462
847224
-4380817
-12920866
-11276198
-3622801
-5892566
2430773
4089044
-8694829
-16249837
-5408701
4854237
2596073
6165137
5723286
9535954
9517128
-1666539
-1815387
-14633879
-11021899
-4372997
-14060483
-8414609
-4073271
-13113778
4732466
-11183957
371909
9893370
-7807593
4805769
13571871
3328320
-5403718
-12718565
3145327
223027
-2740815
-2903793
-10951839
-13325443
-4030618
-4484994
-1056920
-6394251
9072196
-7666744
-13763496
3769957
21407
5106263
-12011669
-2534502
1940770
12934931
-5090525
-4804549
-11346109
8722756
2674897
-11877069
-92984
5047259
-232123
-3775304
-4269537
1586795
-6845356
-11374617
-6860391
-2343796
-4018690
-2384892
774632
-5797226
950821
6880548
1325153
-5327814
4705455
-4711593
-16152978
8498783
2906742
-6769919
-7469665
-8202994
-4752522
2887973
-557168
10692273
2967871
2292916
-2568268
-5127801
-4950130
-7826676
2864716
7158187
6147122
-546876
-2942002
9496352
-6886745
-4792139
-3182597
1333219
-3755189
-6724067
2944506
-11624654
5661607
-14713089
3016248
9106108
-2079451
5716511
-6807548
2849794
-4322125
-5599454
5984545
7668936
6741534
5236079
-1672489
11815226
-3464086
-10577984
-2412859
9587292
9094651
-10105968
-1453605
2852560
-9933167
-10725875
-4025359
-2856039
350459
-1888782
-10158231
2365435
5053288
-12839681
-6182419
5968500
-5185246
-10525466
-11102834
-16311133
-2478565
-6231433
-363500
-595372
3819294
2459640
-7389240
10576768
-17703283
2928540
740809
-12258067
7977971
675378
-46406
4853163
-12278614
14454020
-4531998
1574017
-9530168
-8646770
3236531
9851591
-6815064
6763420
1792241
6818140
1991444
-6552386
-6810873
-8277925
-16865497
-8268928
-2068926
-8124024
-3306733
-9270247
-13272605
-5300901
5920439
-3008559
535328
-2660834
6324724
9361393
354737
-8933152
3293666
4789912
2685584
-2970721
805445
-7080758
9870722
512230
-1439294
-9644802
-14568973
-4777043
10199946
-3974127
-10968203
-3037390
-4629247
-2839507
-3353595
-6522358
-926170
-553899
-6376563
-590268
-4400935
-11633863
-12504470
1987972
-10881543
-1299677
-4457894
-6967728
-2670288
-4053667
9637603
-20446738
-13939168
-764099
6117974
9725271
-5586647
3607383
-5170497
6225827
-501050
5736930
-6457690
-1155095
558732
-11718569
4785125
3223387
158964
-11802016
4350241
-6022259
3630532
-12539516
-8180498
997857
-10214365
-371452
-4683192
-5218843
-2745668
-5634016
287618
7128954
-4670274
-2919096
-2739954
-4977089
-8817606
-12956715
5433926
-2674862
7089787
-8631534
3509511
-5706508
-9153678
-1405939
9075996
-41789
-11071595
-7935908
-3467911
5342721
-6372013
1463256
-2515138
-18098450
4226592
-908699
-3389527
-11490668
-8631904
-11622681
3118226
-1935577
-6260484
-16497401
-2570197
871495
-9851820
-3258799
-1404319
8289108
-2554653
6340410
-10021431
-2538733
1056492
-10670404
3641204
-9414425
-4617044
4367943
-434446
-14647005
-8959659
3266603
-986862
5004668
7508112
-9487120
-5019525
9709317
-7630125
-4323962
2370074
-1236116
6585641
-2836636
-13751526
-4973111
-2447752
-5468665
-7235605
4063815
-546104
1759800
-3686248
-717792
6979232
4210383
-12419579
-11536340
-741000
551551
-5987195
-6921737
854208
-6692074
-8058482
1897607
-5645623
-6637645
260579
-10660444
-1502289
-9522056
8057595
476260
8727901
5722566
-4134651
-1463222
2540129
-9307617
-608052
-9103596
-3960380
-964879
4037135
1129105
-10374874
-330769
493838
7728538
-13490578
-3191296
-279062
2634778
4322150
110668
4258571
10762823
663554
9358652
6062693
3906103
5943935
-2511351
5421420
2187936
-6767701
-3734426
-4132004
5658331
-4961392
-1723909
99017
9539483
11647781
1537282
2894152
-8162474
548389
-8346241
394928
3949099
4857685
7550147
3008137
-13899271
-6925802
-10028716
5546130
-3641145
-3227316
2357738
772409
-10185978
-7883086
4324512
584862
-498131
-7857988
-18413490
-405384
4831516
-7638729
10064944
-3566641
-373045
-4219134
-6865950
-9856504
-9237374
-416400
-6164635
3994549
6151185
-11691119
-1919514
9398848
542201
-3574994
5798518
-2918299
5378573
-1066098
9850260
5064136
-3836419
-598883
4984959
735981
-9580697
-4546710
9710910
5357318
137011
-1808577
-10800928
857577
-10388648
3780147
-14404577
-8978671
-852142
9235178
-11136230
6239866
-15135104
5416306
12024918
-9315880
1300939
-11428796
-4305453
6830042
3638241
4743484
-2071449
-2552467
-322920
-2739881
5513966
-9012890
-9900443
1406006
-6110197
5034289
-4195290
548285
-16516979
5134486
-7838441
4414915
-7155507
6393093
-271645
-11083293
-12615966
-9397795
-11297231
4532896
5631987
-5422041
2918735
7460995
-4828910
8119736
-11415163
-516011
1843912
-11577434
6674893
-334909
-13999698
1180528
-2988086
-5486127
5761099
-7903544
1335230
4853838
-9592917
-7507551
-224238
-16728588
6850751
-6882027
8346096
2920165
2074666
-5521252
-10992418
5018111
14561351
-8543392
8406729
-16580187
-8288980
-4404556
-4787098
4324247
1512448
-5124122
-6370386
-5474969
2652456
-15715980
-3552955
-10842911
-914053
-5118892
-29771
-10529590
-6441373
-1205630
-6136392
-1590357
1896290
-8741923
-4578859
198137
-6969916
3083615
-11464281
-6503133
-6671444
2715768
2174453
-13601595
-13494289
2332533
-1347272
-10255280
-6588423
6078965
-7458086
-84716
4839145
-720508
3681507
1778515
-104379
-7655775
-11695974
5252267
8674150
-829497
133493
13370039
-2358074
-7702938
-4834896
-120076
-15702389
2771250
12413787
770741
-83731
-10399264
541267
-5652399
227437
-3021905
-2667753
1589099
-876924
-13499287
-3946128
2881250
-5888231
7226020
781261
-2318961
-15037948
-8322909
-11457520
-7312050
-2112867
3649559
-7011031
2837138
-6054014
-14944906
-1738574
-3088873
-2884584
4836475
-11147683
-15815246
-327809
3479403
-16937581
7747520
-10214785
4377474
1537663
-4387829
1183868
8095276
-13105181
4989399
536617
-316174
1499700
-4748879
-4783565
4033733
-7043678
-5830089
9477495
6886337
6275013
-16363426
541626
-1728916
2351265
-4385340
4216727
-3048853
6209028
-7520271
-4692855
-5610538
-11468907
-7631143
-4449193
-9749209
-7804488
-621406
-1278798
-3392866
-4401719
-4262075
-3021217
7483635
-10674578
-7144159
1701257
3683923
-7534423
5134564
12364814
4972776
-1611939
5965930
2344285
-8582717
-890056
2096124
7602273
6060443
-14758421
-11450828
2394656
-7880544
-2069668
7995722
2358771
-656891
-6142669
-5219467
-12251372
2751814
-2778554
-10766348
-15556087
-8591925
-4727387
2994894
10154755
-10380034
4149187
5600623
-347101
-15039153
-11006871
7793372
-8767204
-7560956
2387671
-1976713
-1073362
-3447585
-13366810
-6121907
-12241809
-6852326
-16761734
-12330519
3770592
4188799
-10172567
-1052433
717415
-11542831
-14040725
-364971
-1192398
-3665002
821432
-8146830
2762690
-4741250
890038
2176975
-8795646
-13606606
9247381
-1267639
7284635
298749
-12289378
-10500197
-2140809
-5350061
-10116934
5596973
-11120632
-8403554
-433690
-8310970
-2361711
-7114219
-7196500
11286722
-2217183
-3863145
-5496721
4145146
-2000853
-12302691
-12204611
-4092023
5835350
-1795549
-16713996
-10150141
-1072379
-3548429
-6893778
3467839
-12164033
10776772
1284193
2457832
-13607082
-2355294
-9557022
-2769724
5617677
-6681699
-6819652
-7782258
-16288384
-12959795
-16811746
-7378492
1933976
-8236857
-2749661
-2660405
1039070
7706344
-16969171
4913175
-5459129
-2186748
3468166
7421940
-9087572
-9742479
-6470845
5712793
-11602477
1495605
1293284
-11206289
-575080
4508564
-4958296
-7336789
910733
12214174
-1444986
9840
9919606
-2001491
-13503201
-3392313
7996510
1767199
-7013101
-2170170
-4735853
8729862
9138
-8626279
10771295
-4177650
3781974
-10725415
-3470319
3332416
-7157675
-3366989
-3645189
-1024467
3103260
1691509
575223
3617815
13807929
6951394
-11614714
-791595
1701504
-13014126
8118625
-5422500
6573441
1567449
-1032513
8612184
-969062
-9914656
-4923527
-6855549
-1470643
2957361
-5896047
-3873455
-5705836
252252
2514595
-11226466
-12811008
-4508796
514110
5428242
-12080046
2075480
1359107
-351470
4830467
1150743
-2107674
-12257346
-1491437
-6853160
-11323411
-13529588
-7651240
-11781436
4262002
3581595
4767309
-8866139
-15148522
-6178400
-612664
1058159
-12447794
1246657
-597069
976639
-1933324
-2863001
-11233320
-12534834
-4959690
40974
-613116
-6653266
-6206732
1071399
11234280
-15434142
-2115887
-5424681
-10562117
-15109045
-436333
-5418955
9222938
7976727
-17468527
-13180440
486108
6848096
11267359
-933325
1870557
-9191186
-10417907
-11957061
3688835
-6269964
7147944
-11489358
-4387542
3860197
762334
-14786511
-1965398
-5134005
-3160589
-7457787
1514347
-2618514
-2258525
-9301177
-12870392
701667
4975836
6737349
-13219616
-6622615
14584184
7046756
785011
318490
4284410
-4678090
4491280
-2002207
533384
-4968597
-4752125
5153366
-8163948
-14899056
-6503214
-16489955
-10680527
11792137
-4785666
3443128
9087081
1814204
-6019292
525088
-6887125
1704812
7050661
-2102086
-5060840
9292336
-1921661
-11155582
4547901
-1483421
-3106040
-597509
-1360536
-7451360
9436977
-6418803
1259014
-2688935
-11073343
-453363
3374833
7863044
-18545403
-11982924
7061659
4714371
5347769
2862701
1241450
-8695747
-14852769
-5183967
-3284701
-326104
3931629
-16697338
-1094034
6428746
2651294
8746256
-9933164
-1463313
-3529730
-118453
8032467
7312866
7957411
-2194985
5725122
8656173
7099134
1002585
5165694
-4312388
-160786
-13933366
-7841072
-9543816
-4669616
-1966470
-5606198
1083261
-4071760
-6704199
-5646991
-6828000
-13000233
-7902148
-1619133
-11407855
3830442
-7355271
-481696
5730351
-9723684
-6346141
-4620023
828636
4382284
271817
-6165949
-1128617
-11580989
-777051
-2358344
-7108380
3317573
-3365510
-2646214
9968871
-5280196
-11724407
-11978173
802424
-6437243
2552112
-1457026
1092
8169271
-4523985
-14545508
-6518060
-7080960
4963752
-10373000
-1107764
-12843595
-19109039
-320100
-1706862
-6375203
-2551081
-4691305
-5622978
-8329426
3667216
390476
-3015855
2829216
5162568
-6975329
-11591723
10411693
1230964
1416721
-11282969
-551967
-4675139
-6928166
-9021805
-5920655
2085541
-11843947
-3677078
-5963581
-1431070
-4810177
309568
1454896
869976
92883
-3376862
2111735
-1220121
-6008152
-18431217
9104415
-8232204
-8279089
-12091744
10074847
-12738902
-18224479
2880779
-2442836
7953938
-3307273
-8890213
-7511309
-5647509
-2240043
7683968
3594807
811770
6966419
-3738133
5361115
-1272738
-17002626
-6307695
908524
-6674381
-448922
5798381
9689153
1297244
297955
-11352001
4022971
-2818426
-818899
-8501724
-7692331
9143857
-9705007
-12579817
375131
-1907368
-2641715
-11610613
9797557
-1720765
289484
-8616632
-4442304
-296723
-4930072
-13832779
-375371
-3500217
-10628034
1586169
-7261909
-9884053
-158158
-8208798
-8392015
-4886242
-8716098
-6539970
-6536526
4626573
5750976
8490915
-3266549
2715233
-949412
-14969412
-818402
-6473432
-4180601
-6200955
-6461337
-10388504
5644704
-437538
-4704625
7785036
-7071873
-9168583
-5473454
-564874
-1169135
-11262718
2127699
-10438748
9960800
-6145737
323194
6504445
-2395128
-11347411
4404538
-842804
-4734159
-923941
640776
-4473080
-6328988
5534428
3317350
4385449
-12347287
-11992700
-621012
93524
2176846
-3546361
-10815709
5162605
-519425
2838482
-13764857
-5942497
-3525356
3497304
-6962010
5504426
644568
-4342710
1103048
-11684166
-6429474
-6306561
-1925542
2402630
4983604
917639
-12950018
1337236
-547438
-5486586
1630181
8494199
-5209302
-8582113
-1677214
932456
-819155
6808251
985350
3884377
8594399
2876398
-14098910
7757916
5611807
10518675
-15153976
5750480
9628415
5054230
-10149858
5353183
961936
-11495803
3165728
5204981
-12426410
-6872584
-1245448
-8597680
-3356825
-5758901
1049092
-5929151
980954
-1039140
-6241917
-573955
5274629
-221736
-4825104
-5116359
2907738
6019436
5476827
-5747129
-3069932
-7335044
-6591120
-1834026
4395769
-4024782
-18682900
-15693624
2227252
4102673
-3895301
-7918991
6177806
5696856
-5538524
2035947
-10192516
4997075
-5878348
4081293
900421
1798619
2628733
-841980
10759374
-11732630
-20423305
9275555
823035
7278666
2907153
-12305080
-130913
-1132559
-4030707
2477606
511429
-8178354
-13542142
1437678
-6361794
-830203
-9296210
8120978
-1991524
3441701
-3593819
3977143
4717760
-9934210
-4217726
-1892730
-8120069
-5495844
-7867760
-13006267
7284838
-5124703
-10371395
7635579
-514049
2135969
-665190
3001513
4216015
-10442385
-747885
-1515441
-14178420
-947829
2794785
-9556479
-868113
1359609
-8241262
8326384
6052574
6587130
1859378
6702037
-8556849
2287448
1191779
61399
-2552569
-4768066
-6737365
-2849477
4387705
-3611930
2592713
-2064572
-17064990
-10614118
7734343
-4041506
-2928319
4349500
-643847
7763138
-4838051
7391138
-12608622
-6869457
-9140120
-2692458
-8131816
-14828656
-1143086
12412587
-5389533
-5519704
-2770299
501146
6050952
4496299
-2991618
4934000
12917082
-5415772
-6622883
-7399748
-9710221
-3986357
-7759986
383933
-4943132
-8948343
1535202
-5351735
-15546724
9708381
2759733
-4436995
-10868769
-13393233
9899166
-13594399
7262201
7712368
-10518445
-5128448
7288574
-11583636
-9311571
-8658382
-7333142
-856498
-11424689
-3525100
-4545644
-9109555
-12843582
-15956998
6892895
3552713
-2661193
-1095781
-12910497
-5834627
-65803
-5156666
-7722110
5472867
2878835
-14821508
2364062
-8339105
-9438661
-8562987
-979849
-7502776
-8129372
6427990
-1358071
-5210885
-9005975
-2325288
5301360
-11695682
10813646
-6307290
-12192641
-10751537
369480
-15735185
2541820
-7381343
-11785918
1440920
-543703
-4013694
3856328
-2432540
-14315266
82221
-5747239
2759563
-3115550
-165301
3325322
-1386901
2968376
6231672
5654559
-5445445
-5606333
2734007
-11163967
3680745
-1583581
-764295
-617732
2174459
-51435
742314
-5963421
7179920
8845581
-8593021
-5839157
9875636
-3859371
-15554802
2537763
225035
-4496785
1387327
-2482867
825899
4352782
-5582615
-12429714
8195915
-7954238
-4923865
590865
5223181
-6171679
-3961130
-14521747
-6297378
-211645
252675
8453986
-1369662
-757872
1290940
2490261
-6305804
-10239737
-12372845
-7226273
12293915
-1514492
-10801223
535549
-11181497
-1318431
-15737759
-15521372
3338246
-9108587
9092967
2344251
-575932
1717660
-13428487
-8337908
9451002
1496109
-6285377
3623373
-18146952
-5610981
1580927
4824243
-1577943
5121706
-4967467
-3502566
6209720
-3417432
1740639
-8887127
-1463933
161017
-4121165
6630534
-6802342
-14292154
838855
4126225
-6201989
-2933595
9206759
5209012
-12944443
-9342650
-10240133
8144239
-11353226
-13128684
-7831904
-3408109
-3356896
-9501901
-3386881
-3158153
8257942
5131234
2138203
-390188
-16852640
-5475695
-754882
5788280
2778977
-1118800
-8226573
8841668
9259380
-4167996
645991
1174222
174392
-818763
3032152
2910782
-3357806
-2918619
1078201
-9214676
-10101728
-3494036
-14055833
-897329
8646566
-3487282
-4340826
611864
-1819682
3596745
1082669
-10855763
-9111457
-22700
-17576142
-15639673
1000579
1210963
-5666386
-1245629
6668210
-929888
-2600851
-2722861
-15929148
-2865396
-10245059
-1705882
4325117
-249185
3023254
-8752807
-13557333
3372340
8915524
11565577
4840664
-6887030
-8277395
-169486
9894264
-3660948
-1363703
2322792
-8206888
-3969045
8817969
-4716359
-4023319
-5609795
-1469884
1006919
-11128139
-8619951
-9865514
-6323219
-2594288
-6012321
3564246
2264542
-14308781
-13924167
-10639570
8796428
-6584481
7959827
-5871901
1375541
-3010309
-937121
5872999
-4062494
-19742001
642682
964992
-6467343
6118514
-616201
-1385868
2498020
-6145723
-5364622
5607936
-8907435
361792
-5393343
-2320472
12290069
-11636064
-3572265
-2872946
-8257344
-10399145
-1964325
-8136026
1104236
-5602210
1439848
-1911134
10178347
-8081766
-8342543
-9282016
-3823474
-4516966
-3976300
-1710966
-6556272
6714569
-2525163
5589792
-11773357
9422695
-1476299
-11343560
-1315216
-10322406
3747545
9170830
12901236
297188
-7723403
-3790275
6017051
-6756380
2662904
-1862722
-4950817
5271469
-11401251
3064681
6112042
7169576
-13634911
243647
-9561808
-1983378
-4408660
-8514283
-729842
-7785103
-16162517
-9995996
-266318
-8246239
3831298
-10429728
-3073971
-5067996
-12239293
-5789156
-4272143
6237918
-7241253
-3791593
-281203
1609784
1008445
1252659
2624583
4076764
4374291
-5044583
10329178
-6116273
-6604358
-8235516
-12832745
-15350047
-7103781
-6063269
-8519250
-16189163
-10172776
-9445478
-806812
1910861
-7947296
-805340
-6968440
-12377426
-13407270
5280587
-1128871
-4798066
5873913
-1131910
13906846
-10215166
-13889061
-15864663
-4451249
-7714043
6723077
-3628580
-8037592
9282349
608545
3957984
-6205061
-6209529
-10110558
1746871
1348264
-12300804
-965259
5225406
-450417
2229637
-507605
-16145483
8138578
7391132
5392913
69930
-8335181
-7345446
1976632
1101074
-4973183
-1173934
2861822
-6600791
-4266549
-13481088
-3523765
3075757
1948640
-7142634
-2904985
1427514
-8964115
1000249
-1166644
-2145521
-4500275
5572604
-9529274
-11833205
-13799974
2429517
-1334839
-10166750
4410604
-138470
-9120391
72713
-4802384
-9410610
-2438274
-8984374
2294373
6900738
-10936271
-2214396
3013397
-6591055
7006157
-12743303
1425040
-6451779
-5425511
-4468921
-5056308
-3674600
6298577
-14961441
-13051267
4884810
-14456158
5386218
-11504490
5693723
625392
1356476
-5202914
-4643327
2572352
5649117
9993846
7431419
-6768505
-7840587
-977862
-1280724
4666183
-1481034
-9544961
-4667630
7087105
868718
-4410674
-13624050
-3710092
821628
-4101323
-12326176
-15861953
-5860903
5177836
-12289892
398630
2837085
-6023187
-8329951
-1807284
-5675050
-9740837
-11764939
2947130
-988818
6641732
9370198
-6447146
-5469443
-12194679
4942623
-206068
-10791935
-2291559
5805480
-4578160
3500432
-10593721
-4409808
-1603927
-8289710
1608400
-12113288
-9356964
-9585657
-7172916
4410468
3511308
-5939641
-3542989
-5188046
-7466213
3809558
6438891
-5838029
3063441
2764764
929856
-2898456
-12977985
-6383320
9612560
-5536480
-14215088
-5280675
-6390236
-10472253
-2758861
-3590516
-1196961
1701839
4676950
-12439426
-4075442
-17446669
-17200706
-6349476
-6250254
-34419
763031
-5579186
-4365220
-12893295
-9322403
-461676
-8813592
10467720
6808120
-212439
-10065923
931844
-2951888
-11293480
-5017784
7721692
4699276
-5071685
3040457
-6735696
-15170222
-9679962
-12689171
-5497568
-1093293
-10962963
7253697
-2470656
1603626
-535745
-2733542
-5661094
-5163009
3544865
-2131290
527407
-2569613
-739962
6925852
4012469
-3752770
-7705965
-17512940
12285684
2354098
5668047
-7078042
-3940859
-5750237
-3904288
-5557586
-4743350
-11030767
-5757397
-7199332
-1369353
-9456674
3575599
4206320
-8731199
-317321
-11032199
-3242554
5233232
-8851491
675621
8519540
1025582
-5664019
2858746
540102
-7035322
-1209270
333125
-6117739
-7116439
-1207957
-145377
-3414065
-6838252
3279733
-907272
7597173
-6747767
4751647
8529952
-12609880
-14899084
-103584
-7443564
7187520
-10042549
-6474543
-2190516
-6316678
3160581
-5888839
-12861359
-11424067
10688803
-9467433
-11194998
-12246333
-995926
-382315
7316010
680503
-2571993
1616663
3318552
7294294
-5006613
-3975720
-2704569
-13789602
-2402257
1758190
-11750251
1656883
8802161
-2788941
-6153367
-669926
106306
-3666770
-4518213
-14139395
-7489040
-5997619
-13388592
6050054
7043192
-4842295
479836
185103
11057313
-10677878
-3071822
-2324336
-14719139
-8023650
3440480
4760771
-10803137
-13656503
-13480788
9053292
-9587687
1312783
-2953620
-15703069
-8899425
-12369336
-1226430
7564074
508609
-3078705
2560914
6436276
-10380258
-7854059
4845272
-8773376
-3559605
-681100
-3777814
-14863754
961554
-8489655
2811687
-10656661
-3860115
-20700632
-9555768
2237127
-9786060
2842472
-2270708
-4985593
-3398272
-8470975
-2988523
-12049295
-40350
-1242779
4634990
-6152112
-16073417
-5480572
-14922263
6975114
5287284
-4558205
-4310217
-5708787
5098729
-5384914
-5530297
-5135739
-13381899
1295571
3452513
322278
-8634911
-4207274
-4832329
11312406
-7181011
-4043882
-4545162
2884469
-16703327
-7879237
-9114156
-7457166
-690868
5240551
134105
37848
-4587952
3939319
-15203444
2709507
-6923986
-5356628
-1808889
-13912598
-5439380
-11460199
-8788264
4681128
-3518621
-12822348
9369483
-11057233
-8719090
-5761292
-2963622
-3611945
-3378998
-682481
-5535899
61096
1291487
3899892
1746666
-2088492
-14221067
-10145510
-4725162
-1242140
-3362046
3826946
-1030967
-6661192
-733556
627788
-54412
7710932
-13624097
-1243754
-5603808
-9755809
2871584
-6188562
-12571632
4055160
-12804702
-13959062
-3760501
-14192855
-5724538
-211166
-14287173
1090385
302611
3089945
6299174
1079139
-9967726
5885063
8175921
-6232770
4878432
-2969401
5779449
-7407183
-5358904
9156253
-1636110
-5618588
-7592041
-11042257
5331395
10801565
-1652968
5985729
9619622
11650454
-2897778
-11187749
-8655904
-5540286
-6841662
-10090607
1171459
-745261
-8906698
2374172
-15128624
-3709163
285937
2016879
6768014
-4755097
9132822
-4152210
-1888280
1186491
-12116225
-8811873
-5430491
-5305732
-1272651
566857
-13612997
8620520
-5010692
12342741
-14285744
2245869
-242398
-2715800
119420
-2090591
4518186
1059798
7231333
-5307560
294273
1664710
1208411
626063
-12114978
-11578820
5891938
7522435
-7040686
-15899385
4425415
-8508462
-4077461
-2653095
-2205600
-2024508
10058709
-9704506
-9487250
-3947086
3396508
-1213445
120511
4869507
-12100532
-6823763
140639
-3965201
-9248088
-3230053
-6127974
-1576903
-360200
-6999660
-6258244
-161766
-8561929
-12199609
-393225
-6088908
2655782
-11042248
-2156144
-12617877
-5828974
6990480
-10034240
6138133
104694
-3893796
-12030774
-5564844
1587475
257315
-755036
8909780
334679
1318476
11067161
-5461287
-6088693
-5371802
4413895
5304878
1850537
6909660
-3313265
5382214
-10464631
-6946198
-5968046
3256974
-1697300
1049423
-12700865
-309922
8742688
12600464
7723319
2850987
3547313
10995756
705790
3228194
4734089
-1811010
-5951899
-505058
3274146
-13632218
-5245556
-2086406
-1064545
-173775
-7807016
-4734986
4254050
-12483813
-1831930
1239999
-619213
-6909911
-1891662
-9086824
2268084
6165723
4041991
9148471
-10335339
-6204619
-8618812
-3813469
1497988
-3215213
-14718704
-5564123
-4858494
-13261244
5028902
12531999
-312311
5163606
-1142413
1935289
-3400196
6128770
3324714
-2762953
-7851389
-2315266
-1232633
-3492848
4039733
2999208
-5800727
12642789
5204313
8818204
2101243
-8130381
-3806656
-8438757
10737186
-14929847
-367943
-12270766
-382470
-6314024
-8198803
2795019
-4736183
5850652
2042994
1936357
757932
-264939
167956
275993
-8077785
-3607999
7815925
-11768964
-10436401
3538465
4749215
7761990
-285242
-1214293
-924953
3856770
-4692908
-619448
-12943441
-10092368
357836
-6833718
5242479
-12213875
-14611420
702476
1458302
9614599
-7085328
-1652626
196881
-13157551
10075603
10138529
1810094
336172
-4170444
-6594418
-516356
-515703
-634773
-6289534
-5180145
-7092473
-3030131
10372000
-237406
3114286
8189111
6649053
-5246750
-13133466
4473244
-6020089
-13856164
-638712
-2619570
7849281
8324935
-8804303
-6158185
10700900
-1315077
-4524163
-15131386
-5930830
-16802835
2931937
-5765138
284498
-5651084
-582359
-6180317
1047840
-1741253
-4082821
-880235
-1994975
-14264115
-10436886
-3420429
-1744674
3744475
7087403
-3209489
146938
1809287
711548
9250226
7980076
5760001
-1366233
-13559432
-1249750
-9381684
-2166190
-2793326
-412167
377321
352131
5021502
-13375453
3516781
-6110978
939640
4720952
-7051500
-2784680
-6263029
1310759
-10392082
-8642937
-7259204
-8143910
-10241301
779571
-4503026
-5658846
-14052933
-6619017
-6071447
-12064732
-8601373
-18365171
-3729197
-11725126
-5404396
5648431
-8804755
-11479680
-10001319
-7451482
4257482
-3102110
-7578378
3323067
-8600853
-7049741
-8288042
1154345
330423
3924000
-4948910
-11817918
-3742452
-8099593
-4560087
-14495452
-5435917
-6305467
370313
-1397401
-3424071
10201316
10572186
1341429
4575592
-4960539
5025714
8074065
-1637381
838533
-7770751
-3279283
-3941471
8981839
-9002964
-5488082
-737004
4228962
-5978857
-12927450
-7916149
3054027
-6037016
-16082715
-5564686
2561346
-520291
-55798
7790786
6569058
7271795
-8202990
1251381
-1712337
4484573
-9323242
-3684276
-6439818
-11211357
472504
-6780565
11402496
-9638663
8018131
5007913
-4062972
-4474315
-6071823
-6253690
-8061494
-4201870
-8800857
9773666
-9480049
3481597
3445209
-15291184
1374718
-3798094
-1906377
-4716509
-4070210
8685097
-6963496
-1500045
-453496
8970871
1773084
10540686
-9415120
-4550119
-8076886
-7931338
6657542
9051893
-2610688
-4932674
-8067089
-7545204
-2892771
9332808
10812408
-11471549
1517150
-3021914
-5299995
294851
-5858781
-4172281
-7196615
5355103
12228138
-6280166
5305457
-7351440
961567
-12475266
10449154
1228405
-8958639
-10054485
6999905
6048131
-1499111
-1114835
-4301123
-7071901
6097542
-3941465
1693263
-1377634
-13695849
-4385861
-5955881
8019008
-12049311
-3970425
-3064652
6744800
-7164935
-5594954
-3069241
-6473906
-16782029
5384724
9697704
4487356
2615736
-6701407
-9809789
5172011
-1433881
-4968880
8043600
-11171890
6204417
4611237
8211698
-5272149
2790527
-5186266
-12804742
-12836644
5425909
12825693
1398401
2685415
-8915534
-6779772
-9804263
-8029010
-531716
-3845511
-3286415
-2339898
2021409
-4518048
-2151471
-775076
6693087
-1739478
1980842
4591958
-10675395
-10682361
-5239088
8571651
1112834
-13137249
4079370
-13426818
-11761388
-8413756
8150481
-13512749
3407780
4636573
3918002
-6140612
10425072
-1470601
-1066701
11778959
-9939681
-12458348
-12600969
-11805447
-3689449
2525583
-2891904
-2859941
-9536561
3165477
-7217723
-11273561
-5952819
-8114849
-9544285
-8991495
-10638660
149003
-9522041
-541284
-14809016
-7653367
-4032569
-1113968
-12571866
-50029
-2415857
621458
-2975586
928311
2966659
-5495189
3512678
4789895
-15335367
7075547
3745941
-1089058
-7651853
8340188
-4617900
1735836
-8296684
-15698073
-1883096
3592978
-7114108
-3608521
-1258505
-1135901
-2507423
-1021143
5559950
-11582610
-5539052
10988896
-12336327
-6390523
-5141914
-6867702
5843851
5795032
-7942421
4121842
-12775493
-7618184
-7797993
-11604446
3180640
-1164996
8440175
6465112
-11395493
-14134185
6315789
-1034515
-11805248
-3370268
4789925
-7936186
-12775059
-2228521
11989567
2369995
-2636924
3403798
-9153805
2432973
1254639
9254355
4831029
10672586
-4076168
-11092292
6002649
148373
-8472188
-3302941
2700889
-12105178
-5970473
-4425207
-1371999
6616670
3137815
-9089527
-12352661
1855313
6103023
-4827164
-5668006
-2085111
-8195082
-1511489
-16591144
9413576
-2558974
-10724672
-9723823
394763
-4922750
-8768773
-7735023
-11331303
7208352
-9738037
-1011563
5750426
-6545754
-7230034
3635590
6054053
7129974
-2968954
-6035729
-6362946
-6729117
2743978
1388470
-143131
2935275
-1935148
-4596724
5800638
3231790
-3619380
-3002268
635585
3232021
-7665461
278491
-7879247
-16869287
7505322
-6373973
-6108570
-3236161
-5723474
-5247732
24970
-12722858
9770993
6688243
7120298
-7399225
-10605864
-6658223
155372
-4042705
-12106838
-798393
7697005
6960284
-2148439
-11291191
-11235817
-12861185
-10167239
-6375139
2962287
6634870
-6281189
-16193624
2467710
-692756
723659
-7467897
-15210266
-5975338
-4717399
-11475166
-219119
-253904
4662854
-12815665
-1388497
-7021585
-12770409
5037375
-7779134
104522
-9370228
-6608301
-940865
10279091
-8427226
-2326158
4348658
9349201
-5780621
-10876061
7157539
4780233
3120379
-12286393
-1321637
-8979815
-6192998
4766427
-966201
-3547087
-4983641
-5275314
625842
-1106219
-7657089
-4322832
6449996
4090383
5676519
-13127302
-13042044
9340770
-4323042
-1399975
-12506158
9436410
3735593
7001445
2804243
-4984121
-198329
5604836
1006873
4396258
2815088
-344733
-2202731
5626779
-14315794
-12970040
-1227783
-10731023
-18340434
-10125016
-6076383
497015
8736729
6761760
-2676921
-3503852
-3673959
2156031
804835
-3607975
3271830
-4551879
-12952645
-7132525
-105345
1877001
-4027971
-2810095
-9809676
233499
-1867810
-1392498
-1337352
-10266159
-2339279
-15922254
7314665
12062657
-8326867
-11561875
8080569
1058175
-3568739
7713880
-4806552
8917483
-8208815
-3296960
7126292
-4774540
-4970619
3598413
-5904192
-1674524
-15249138
-292676
-50588
-9809662
8557603
-9717778
547060
-7243839
-1254712
-973947
176822
-13377375
-5937114
6753500
-4084916
3931827
2555424
-17944905
-9389336
-10779685
-4279811
181508
2853148
139470
-7661784
1224984
10624148
3723073
-5845710
5137528
-15287598
633062
-6324167
1261705
-9459327
574736
6999713
-10582642
-1006923
-5934483
-1806759
4796767
-6084999
353391
3895304
4549852
-784753
-1053912
-4638011
-11273147
-17107447
-10216573
-16719643
-13841919
-9294288
-5165837
-9477410
5890788
1971749
-9759325
10884789
-16416593
-4644277
-7352822
-8769237
-658515
-16556670
-5133373
-11200994
-5730851
3118428
5394025
-9475105
-4774348
-7168956
-3033432
147508
-14837642
-6345170
-13108591
-8074616
-11902362
-3966416
258640
-12841111
-1044449
-13800627
5918444
-5321628
-11472315
-2821909
-12977426
3705836
-65457
-4430849
-1274591
-3263981
-8722852
-3405573
6744570
-4950035
-5543743
-1632340
-11176289
-5250588
-11642659
-11093155
603935
-5250692
5865924
2032657
-3689760
-2331991
-8775917
-11392154
-1496319
-14422015
-9976119
1033912
-16425435
-11764030
7129989
1556856
-10158807
-3486220
-9111846
-9850433
6484309
2331926
-874190
-9333355
731801
6954779
-337140
-1213814
-1687940
-1312773
-8356584
2483940
-2316483
-7283013
-9599715
-9217758
-9714480
-12880357
9148587
5899252
-6462914
-743732
-11674838
-966670
-9336598
-10155239
-1860420
7981358
-13027114
13121972
671005
-11878675
9157105
-1828213
5905530
9007712
-9532305
710531
-7188637
-1235021
5824102
-7833886
-399076
9051128
3841935
-237631
-452853
-9323277
-6316555
1507176
-4192042
-9729067
-361693
-3016769
8877622
5547800
7057254
-7725941
-13785729
3119119
10177157
-11543326
-12838846
-1981235
-9473884
-3442795
-12548648
-4101610
-1038119
-11482705
890521
-7910132
2497531
-1314395
6001805
-13234506
-364769
9161332
-1136448
-11722569
1262869
-2635497
1997036
3378040
-15242000
7512192
-653446
-15631829
-8167652
-4805209
8781693
-15943364
-4644582
-10285248
7368628
-2736119
-1540094
1394785
6252132
-11069033
-1499265
-842319
-6299829
11237807
2002482
1201263
-6001157
439334
-4123033
6465951
6906323
-874970
-15215826
-9874804
-8091513
456602
4581220
3871721
4039599
-10905859
1321119
-1687206
-5517616
-3649059
-5722420
65211
-11103058
-6876932
872006
-9830783
6438377
-6368574
6279559
-6641602
-4178094
5963419
3742623
3571591
8543689
-239089
-5869696
-14147669
-1522443
-1450303
-12891492
2024145
-483023
-8285340
7540324
-1648312
339849
-5301658
4197576
-1085909
-5874444
8450970
-8700947
2367501
6488249
13994166
8543491
4994139
7919684
-11134553
-6693970
-2162014
-11415189
-1171886
-12012234
-211090
616689
2640298
-5174541
8443622
-15805180
995570
-9475488
2678006
2538907
1331688
-4781807
-15859013
-10914892
4175639
6089743
-14902100
-3978838
4572452
674602
8948700
-4141484
-7110870
-14886096
-8886748
-5017177
40591
-1842410
-889341
5213617
-4602494
-11129183
-7769612
-16560621
-15129836
11506384
-14428944
-10080271
2364842
-7503079
5005532
-7678997
1376512
-7478681
-387237
-2185557
1593657
-10013780
7679923
-5494511
-1438430
-7404064
-10581874
-6253011
7294125
-11885389
-2833501
-3216859
-1011359
-12819490
5635339
-10682153
2605555
2968616
-12820161
-12476147
6040462
-16585713
1359654
-9993030
1419091
5697107
4590874
-20267875
-3840799
-9777129
-182737
7529025
-2302170
-8288542
961330
1825425
-5940947
-8042851
-8697578
-5167285
-2824368
-3829161
9934318
-12998476
-3498241
-14667064
-2729539
-11331733
-11436808
-9505115
4710914
700007
-14806999
-5253922
-2945982
8224240
143850
-604156
-2539321
-7776723
2969914
-581940
-10432550
2138928
-2134639
-11579483
-7220495
6810160
8883517
-3099592
3059978
-7059887
-3842960
-6646442
-6618158
-6093077
3890698
-4332142
-15712572
-4479873
1775716
-12825167
-309525
-12119638
-8321518
4748745
-1464670
5489682
6658615
2337061
3678092
3183929
2526676
-7296927
3909174
-242436
4981761
-4948140
-15608174
-1608146
-6887882
-6412563
2131456
-19140159
-5787713
-3255493
9840537
-9348235
7649034
-5519868
-7949053
4616239
-10796228
-2702723
-2060587
-14569986
-474722
-2606809
5655711
10213056
6367991
725178
-11701481
-7214986
-7688470
-6816127
-8219695
-973909
7608000
-15013647
-7920130
-4987893
-8131580
-1792067
8028111
-6026898
4712135
6199149
-2708945
3309110
-6168047
-1639054
-807788
4552340
-11195106
513263
-3546833
-1461269
2319609
3245746
8166021
5330572
2217497
5872546
5036055
-11750127
1682809
5048563
6055568
1383957
-2391745
263558
-812543
7908348
-5431467
4447447
-162727
4411439
-7463636
-12448370
-5070334
1733388
8526730
-7098531
2215713
-11594423
-434452
-3431700
2505559
-1112690
-7695755
-7381432
5346151
4136883
1357390
-9894535
1995885
-6070713
715499
-3890712
-414227
7395949
11281407
-14245868
-5711266
-14054417
3821822
-604439
-10281299
6837122
3969944
-10760148
4373017
8068450
5696059
5486237
-1045952
337473
-12485021
-787606
7452181
-7697170
-1291559
-11078963
2905723
-8846082
-2728039
-2726809
4395046
-2075639
-5917799
-19743364
527943
-4187586
4429190
-1523338
3268366
-7594502
6269284
-3324641
3600332
-5782327
2379069
346228
-15318
2745795
-7639652
-11997385
9860018
-6663809
-4968204
-7399441
1455877
-5371508
-10069177
-5880428
-3189203
7877453
-3611898
4631677
-15183686
379267
-5429818
8283531
7340046
-2613152
-3818560
531243
-7703005
4752471
-4746699
7176904
-10362566
-9663108
7738653
2872549
-10357255
-6444235
3068300
795361
-10743935
-8522936
-10102169
-1593144
1123114
-8509281
3767508
-11847483
-7348999
1093029
7163749
-4532821
8748897
-1468111
-8421171
-1078255
5101842
103474
165807
-3888605
-14000772
2544274
5781317
-681283
-3671866
2485336
1040504
2216338
4678009
-883660
-9512323
6036899
4785806
8718524
2809148
-7887245
-2081935
-5153292
-4873460
593692
6562829
-5659295
-1743759
9244140
-1420344
-14520021
6203273
-8461438
-9921867
-2690251
2818678
3037797
1872370
-7589660
7642725
-6846465
-2782685
-9233044
-215230
-729208
6059746
-3605942
-6985103
3382276
2556328
4144661
668763
-4694753
-12194055
-9453704
-5715460
-5959091
-504613
-8081674
-14097602
3011035
10000275
6036172
4735620
-731386
-5053921
210791
-2516263
-6838208
-1582239
-2301119
1571093
-10994959
257706
-10499764
9411655
12480841
10128022
9679174
-2131177
4942859
-5235416
1257904
3300309
-6174306
-1104019
5845744
-8894568
-6019472
-32904
1643776
-2062
-3316927
-7382887
-17918545
-105215
-5690393
-12514503
-3465426
471882
-7497549
-16515000
170020
-5857507
-548772
3581172
-505254
-459172
4874915
5538278
-76879
-11680636
5784719
-6586169
3679083
3248762
-7102251
-10538988
-10428581
2876671
4900443
-7882113
878783
-13827155
-312134
-7577716
-5485814
2067537
-4528831
-2376002
463220
-8462440
2984543
627437
-1449047
-117540
-2495366
3367876
-1539787
-6734968
-5322064
-8505911
-2681816
3535930
-5560930
12382127
-6445160
3068560
-8541973
2655713
-6701184
2802933
-9661696
-3441722
-19282584
-6563484
-3729980
474497
-4486558
-177682
2417608
-6080341
-2520427
-4726493
-7388363
389003
643432
-13929425
-16496496
-8951794
-224436
-3183620
8361216
-8394930
-1714810
-9587357
-8065802
3054565
9243512
-11920663
-4132929
-1148510
-9014969
-4124367
1024704
67238
266625
857233
-4495271
-2239557
-14995859
-6676840
3786431
2789792
-7551341
-4072716
-2259792
-10527880
3819177
-6112023
3198247
-3872942
2307322
-9030592
2420781
-8616486
-7120518
6748715
2449706
1672949
-8444435
312889
4831650
6264844
-8633642
8747918
-14751571
-6590763
3525826
-1924390
-5946300
1096546
-10262160
-3630926
-81294
-2550111
-2087903
6461250
-5722286
-10935900
-5534948
5684914
-12471654
773251
4880774
-4813236
6898561
3802482
-6522855
-5178448
-1771897
-5130388
-2470273
-15329089
2346309
-6850402
-5104325
357648
-12264399
-6967174
1021923
393590
3265357
-3532734
-3321593
4933411
2227946
-6884175
-7548303
-13076763
4681431
-9727116
-4233353
-13965084
3645502
-9574885
-2894071
-8213032
9908662
1466296
-2660867
-475332
1551378
-3006170
1094326
-16830513
-7824552
5981252
146330
-1895381
-7047947
10795281
-7394141
-12464735
-11186116
3029435
-12170536
418388
-4439921
9462532
-13617120
-4691127
8733031
-10496814
-16708374
2297409
5433426
9816506
-7082943
-5336473
1457961
7232627
5437223
7255301
-10594671
-4129254
-3377733
-4745294
8949566
1766281
-3997854
4101552
-3783924
2990770
-8360708
-1042450
-7728484
-8628459
5931628
-6580741
-9390593
10972661
7410590
1782318
-1514742
-6589040
-6612984
4758140
1901870
-3918771
-3817806
-14484922
561672
-1794798
-1727675
3363790
8256051
449244
-6840498
-1744802
7877944
-4146855
3248812
-7952405
-1606795
3498092
-1060458
-4797699
-9638924
-11226123
-10904517
-13154211
-11223823
-3818600
11876188
5087071
-5143266
-1637010
-4078209
-820648
10984914
-4996349
2388826
-12484418
275090
1492882
-6272649
-11755140
-1020281
9177227
-2831789
-8454798
-1513027
-1874064
6507920
5454027
9583722
4664990
-10742269
-1532194
4724039
-2674291
3557145
-1542671
-13716606
6606173
-8618671
-2748152
-589850
-1436040
7974154
2757843
6551806
6484596
7027228
6738807
-5424503
-56059
-1976366
4122685
609079
-12989633
-15131845
-6806605
-868704
1931858
-1147570
-106916
7365967
-1061721
84611
-1905938
-5010897
82042
-7187283
5457210
-10545992
-4456783
6317278
-4231639
1392015
-485375
657899
-1989420
-11325823
3998072
-6879048
4229908
-1359184
3091537
-2030904
-14861900
-1401700
-3192987
-8340798
-3133622
5478839
12307052
-5835306
-517397
4231124
-4596578
10170386
-4303821
-9824478
7009984
787025
-5975238
-9679855
9278857
2115388
-8248399
-9775794
125091
-12504761
6359945
-4297264
-11057542
1391561
-10642942
-18238095
-6423188
-2077282
5328498
1767306
8353727
780024
-3312702
-10398807
-9487032
-8990236
-5357378
8495571
-6965191
-2019058
5888573
1720316
-4262173
-19766288
-2421392
-7311289
4101896
-9215369
846870
2361503
5781565
-9104734
-9665843
-4524893
-15209423
14102441
-1254292
9005258
-6562825
4463056
1595292
-14110265
4216065
4271832
-4869412
3289854
6513795
1118473
-9381977
-24560
-7870605
-8053482
-11592590
-5226617
-3119306
-8388873
-5934106
-6804755
13297118
-8680785
1625755
-2286060
-7403641
3159920
-6688107
-18135917
-3669105
-6697014
-3873003
-3708720
-5852668
512962
691399
-1798710
5266515
6080105
3109608
-7795318
2634884
-1665636
-9949913
6404731
-10017209
885710
-8133567
-3403466
-4211985
-15313813
-5424911
-10060122
-13491845
-6054563
-8987387
5513809
-15670229
-3834172
-7397105
-2431069
-4388732
-1238762
-4772768
1578862
-661314
-8606621
-10203278
277520
-6783298
-3067314
8230204
-8624060
-16059955
-3884139
6508085
2187094
-11059394
-9108194
8425648
-5497418
-2748119
-6710686
-7138174
8192741
-73333
-5733522
-1827941
1193527
-9078366
5815322
4243950
-530765
-1798235
-3733798
149948
-11714032
2844440
-5571956
-9660171
-1308646
508537
-7492139
3001880
-7575896
11754953
-4241
-2748137
-4331237
568489
-15454795
-6044449
-3001322
9737479
1867375
-3699546
-1385649
-9922975
547885
-345130
-9149402
-15841196
8339834
112902
-13670744
-585164
-3924333
-4821404
6350085
-9137732
-3685021
-9041886
6123490
5395557
8859591
-3342086
-19714096
795530
3169016
-977196
4654337
-4921964
-5596924
-8270285
-3414577
1016529
-543030
-347449
2011997
9183466
3163388
2837440
1158926
6791634
-13944672
3839018
122607
-11317680
6061633
-6530450
-4379518
5807340
-1377726
-752829
-9518373
-4808982
-16124
1448609
-12054316
-7192766
-5032665
-13076395
1118601
-6187084
-15700706
4564374
-1984216
2905770
10231126
-840812
1186193
-7126121
-10824313
1744717
3401680
7702926
609175
496363
10998449
8755270
-2911820
1603456
-2944030
2178047
-13176148
-2275742
-5761973
-14281500
8360403
10337002
-4089164
5361677
-5279788
-4333402
-14685132
-11823700
4426165
-13610858
10339882
3418142
-10664176
3363195
976213
4044392
-2201445
2444958
2635676
-4196009
-5513782
-12143659
-2827609
-9382089
4157401
-11794121
495915
-3870479
-11641194
109362
817723
-4804592
-11080235
-12061756
-8262714
2041357
-1554507
8708943
-6083819
-4335139
5697058
-3240777
3160095
4884487
-5541992
-7617133
-3094028
-4752580
3248259
-11937026
13703545
-1689468
-2515602
-166362
-5239074
-1434566
2893788
4841463
-11718951
-3788806
-3740711
-7469785
-667287
-772481
-3224375
-144259
-5161080
-2872707
-3204616
-2393837
2600729
1138914
-3483624
-9134278
-15905945
7373549
2648442
5103279
-8092527
-1588817
-10523173
-8916981
5150592
4976111
-4925583
1035768
-8301845
5397993
-1304056
-5123372
-674448
-11515827
-15002704
-1955915
3410372
5511378
5694754
2667048
-429498
-7375340
3479513
2266653
-11775854
-2439332
3361143
440031
-9777178
-4614520
3077297
-15568705
748613
-2888199
-10917527
-8507829
-621497
-14132247
141208
932697
6958254
5717490
-12008831
9066675
-6861758
-280736
-5808291
8700247
-2046139
3812250
-10118860
-7643043
-2809251
-6303462
-3944548
-7075424
-2709404
-12720928
1316010
45391
-952729
-6599348
3657270
7238198
6078574
-6635343
2326025
-11649010
-6177221
-15435094
2385687
-1556942
-1478905
-1116617
2441358
-10530327
2220661
-13187850
-987189
-2151623
7205467
83248
-167500
-4972997
-11453891
-12033999
-11134594
-2838474
7581967
10418321
1706140
-1951511
-11430249
-12215616
-12786557
-17422873
5514967
3267680
-12904907
708426
-8975104
-6108357
-1386613
698080
-1854483
-307617
3798200
3756543
-13520343
-10462550
14362580
-13379570
7714709
-5958228
-2872997
-6043653
-8405528
-1724992
-2015034
-3346756
-2051637
6603738
6269121
2998534
-5912932
3477135
-2122682
184427
-4190506
4986690
5240158
-2320524
-9533955
-3181015
-6137249
7896425
1000782
1404302
-12599470
4690873
2479447
-11579346
7072135
-7686178
1336638
91153
3953861
526557
-12227053
-2242561
7386929
2751972
3504132
11085482
-4885027
-5990948
12455955
-5456106
-9058899
4217466
-7803813
-18007185
4483836
-5752255
7413438
-3984845
13244180
3839678
-3027137
-518271
1934151
-5065702
-14447551
-7361984
-13927266
-1224844
3244444
-2794766
-13542669
-7371302
-11878270
439838
4845392
-2148361
-6792082
-4295289
-7826363
-4314020
3290573
3858958
-958225
2318298
160698
360802
-1486171
-6457527
10272142
-8778857
6962803
8196044
161012
-8331579
-5037337
5947732
1663863
4925907
-1822670
316446
-5232099
-15324349
-11492078
-11470856
4539596
-5583457
8775437
-4544656
-1425272
-13276804
4674613
-8523103
-1031774
1825125
-9304724
-10134538
-11002257
-10314420
-3293151
495628
-1974412
-4738674
3016090
-6063997
-3386583
2441966
-8224862
2614998
7648222
6999909
-2864563
938285
-929435
-7047239
803096
-9230333
12278849
683022
-6355008
-2740688
-10405884
7472243
-651221
5969583
-6920068
-10870098
4476246
-9523979
-12527947
664678
-20469218
6052637
-2248858
769278
629570
557709
-4639164
-1133204
3545567
3645521
10463832
-5193967
-12471901
-9856181
-9111511
9833278
10307509
2576914
-15170640
-15984624
1001320
-967953
-135255
2629670
-1339476
-9028553
-6376972
7739351
-1737376
-10250571
-5747246
-1990571
-465647
4679450
-590992
5311966
-8925602
-14224540
3896069
3933727
-6186153
-10149797
4508040
-4664442
-12526164
3012818
9054197
-2258322
9123923
6535189
2855294
5368449
12467857
-10971476
8162835
-11521257
1245911
-7628496
-11289721
-12661130
-6277706
-6764831
-7406608
119934
3151890
-1540368
-7611790
-14043346
-11233027
5316426
7551111
-9099743
268166
1162504
2198516
-5905088
4895631
37965
1036786
-5509792
-6382899
-11212011
2597074
3149058
-3070020
-12449817
-1593469
-3209149
-684040
4375470
4599441
-3112764
-13169404
-2969863
8461824
-6900159
-665797
-12306737
7103175
-1473120
-12975104
3635039
-6690096
-4451393
5710220
-678818
-5114426
-4814208
14473479
-662832
-3353901
-4454603
-4660557
-8895753
-8221750
-8048394
2114837
863596
-7866945
-1656274
-12430580
6129466
31667
10441593
242703
2810615
-7056413
1301648
-624432
-1436657
-9320269
-8623121
-1899024
-2297500
4905103
11272419
14216878
-7166565
-9278383
3292814
2712719
-6907006
-7302594
1198317
-6579642
3303040
413446
-12060629
7095368
-4224800
135949
-15746797
-5701693
-9292207
5853914
-838092
-15143504
11245288
-1401789
-8247900
-10102082
-13018157
-6939677
4513156
-5433590
-4842222
-11551839
-4915780
-143707
-12776907
-2075153
-11189155
-7825299
4643825
-12670313
-1346775
-364738
-4758447
8801884
-2810077
-517956
11410268
5285949
-3998332
-1896889
6146561
-10489099
6048584
-12395222
-3782555
-5906070
-249438
-5912906
-2723086
-444745
-404509
2356711
-6722622
3347074
-13785578
-5493983
2776542
3037517
-12442740
-5188259
-8911955
-5562619
-10245908
454030
-10072649
5559628
905385
-15312170
-10998924
-3911213
-3747923
-1424445
700277
6152653
-5397003
3383092
-1435554
-3438870
-5623612
-10254029
-4551706
841502
8136316
-4942623
-5436189
-3218752
-984567
6385773
3805534
6762512
-9726086
2526784
-611916
-8143415
-4766673
-14540803
-13212708
3429492
-6902708
-3675299
-15635161
-1563417
-2556327
-12258074
-3260260
-4590776
-11129381
4647407
7986350
-10533697
-11381027
7649302
6182779
-2169721
-1784619
4262578
-1104326
-6378270
7484662
-5820425
-13411131
521436
-11593926
-2667220
5154614
5792042
-16160618
7211931
-10182359
301877
-4642212
-4997295
-7704212
-4138951
-6540163
9328908
3365645
-7925110
-7939105
1880797
-13407534
5212407
-10869829
2123648
-12610941
-3949
894260
-5553137
7476674
-2026664
-2738181
-9932590
-10968863
-7346899
2725337
1908372
4325147
-6547492
-2267910
-11789889
-3121222
-5487317
-843532
9088692
-5945021
5861169
3565683
2188907
4607581
-11928849
386415
-283107
-8233486
5485213
283436
2137573
-3027717
-4597837
-10410897
991796
-14711964
3102107
3908058
-15864865
-2946104
-14071637
-8482733
7926107
297958
1403012
-2281264
-9591879
10453721
-3203934
1320607
1611377
-9855412
-12214642
-6884043
1945051
-1584870
-2027626
5300826
-3735195
2414465
-4214502
4456523
9937309
-7990771
2358030
-1297348
-2053823
5506001
4112304
-3584078
-12669480
-5948017
4482167
1000910
-4844618
-11227911
-13650034
-11419785
5155637
-1307548
-2121568
-1097845
-16757923
478591
9797341
7663844
13323218
-4008100
4645577
-568967
-11372450
-9738464
610050
2263030
3252857
4507170
-6659555
-11570480
1237548
488056
-4962707
12108571
1120389
-15495655
5777930
3232262
-4245034
-12896226
592727
-10921970
-10474352
-5526535
-5346103
8213505
6507429
1765448
-4510463
-8300378
-9010829
3303812
-5399323
-6407440
3457355
-4123150
-6636031
-9023308
-2711855
2316021
-10880857
-13211827
-6827888
-6520830
-428430
-5641824
-16532419
-10915227
4878087
-4287433
-12404870
9295082
3986458
-10898238
2510856
-4320304
3428546
-6305736
-9499833
7367153
-13718891
-3362563
12771982
4241063
5556006
1539223
-4146034
10100483
-659836
-377641
2783978
-2999
-5170720
4732007
-6262970
3884745
3357032
-6144731
-955265
461232
-12208809
-10988970
2796910
4877186
-6843546
-3549274
8343150
-10820906
-7761569
-14131825
2015651
-4756320
-6078947
749331
-8102116
-421443
-13043865
5190808
-11703372
-12584436
7327271
-4134662
-528354
3314476
11498453
4241278
10473294
7239472
-451655
-981448
1396181
-14313143
3530042
-4778211
-3217626
-9911351
-2451184
-6997317
2808574
-4919884
-10122085
-12542021
-107234
171279
-862541
5502749
-1741433
-10107812
11994384
621034
-11834985
-15550136
-9923098
-18745
-4132200
9828768
5079619
5705146
5113776
1304722
10330741
-14831644
3870345
-10007027
-2722198
3495678
-13066098
-12394294
-13739642
-5830719
-7601692
-8221009
-5335929
2892265
-5656926
-9154499
-2300463
-6776420
-77784
-178574
6250474
-6636643
-11190624
9436363
7084798
5879578
2425935
-2303752
-1666926
5297545
-1460260
-3553621
-1570278
-2995732
9285603
2888512
10339545
-3071185
-5978523
1257039
-17021392
-10137573
-5830337
6713076
-536000
-6977336
-9760961
-11885576
-1607193
9544262
-4244644
4789676
-4628293
-16645891
-10071271
-6427544
-6329940
-4565891
7016093
-368241
467866
-4528471
-7397419
-1825195
-9998306
-6567132
7255770
1023057
-3881166
-11472553
4162567
571264
-7235371
3162700
-8073281
1182935
-249234
10628817
-9007501
10809572
-13127705
-2798464
-6695861
2925833
3678774
-11452763
-15874200
-7697363
-1917695
-815058
-11028914
-1203615
-8688855
7490876
-7498736
2466284
2136820
-897456
-9743259
-9356689
-3983871
1393492
-4719713
-5640858
6680435
-10944204
-9679001
-6333941
-3264844
-15574229
-6993524
-2827200
-11347972
-16597353
3285807
3471988
-10246027
-10471919
2461169
-4502609
4732731
12203949
-4842052
-13528823
-10319152
-12709055
-13628837
-3996097
1629187
-8477053
5047020
-8667863
2194787
-7302369
-6188409
-6620985
1372779
547199
3226939
-11652334
96826
-3682510
-2103581
3248799
846329
8271008
3035234
-3947286
-9872759
-3785525
-7808444
5615777
778121
3549832
9138097
5316926
457853
11047698
-8447679
-7688288
-2620023
2888292
-11645618
2084222
4769858
912255
-5186562
3839282
-10979007
-12250108
1645109
-12031988
812806
-1792153
-2861721
7083906
-5019886
-15738196
-10568819
-3225913
-1827924
-4318930
9900344
-5572584
9757352
-8184995
-12269724
-10162470
-7302151
-13452480
-16144830
5084074
-865464
6612393
2308130
-2605744
-2942811
9022481
-4922442
-4050530
-1357646
6634870
-2465735
-8154713
-5677658
5102328
-4818626
-7407394
8618738
-8452302
-8292510
-228644
-4376093
-16857203
-15003823
-8263021
6647702
-1556856
1482372
-13601983
-8986550
6628219
-2864318
-18050394
8865208
-6962018
2783062
-15192871
-4881961
3321006
4149717
5745769
79660
-6543793
4208697
-4478352
1352819
-3888491
-1404061
-362205
5296049
2567644
3013132
1558917
5163076
-13883675
10482252
-2460023
199711
1217155
3155042
1807118
-16011700
-2934497
-3638389
-10852935
-11636702
7023980
-2644192
-5970259
-10674450
-749420
5949552
6119159
9348402
935502
-437258
7554072
-4816836
-8397692
-719252
-10157129
-105503
12192118
3094864
5927336
4288137
-3757422
-4679005
6682506
-1395624
-712541
-6343339
6243763
-1004532
-8964717
-4396106
9057596
-14153390
6009107
-18491294
-431824
-7759055
-1304301
-5940762
-7770787
-9862710
-5665475
1615949
3500233
11423407
440044
-6672068
-6061
-2581865
-2098239
-1651199
-8001684
9810869
-2888944
2411544
-18054449
-2916833
-6232294
895724
-8764747
4433388
-8046363
10857610
-8980093
2276242
-9552101
431504
-7130395
-2750555
-13589310
997368
-6344239
1438594
-11853300
-1148765
-7328986
-8197889
-3417216
10462569
-78284
-4708285
-8462743
603047
-5964017
-1056217
1973036
1654651
215665
-10928110
4466091
5865783
-367017
-3492730
-14751992
-4855629
9051955
-11232564
13921490
-1344777
-5139406
577079
298834
4990640
-1541583
-910706
-1652250
6232568
-9483933
-12839269
2473249
-3236079
-9553843
-8794252
-11461760
-17161514
-6115899
3982664
-467333
7767296
1330193
-204984
-6264202
-3457851
-3406905
-11405012
-12675307
6581112
-11434102
1813829
-3108715
2148753
-2677041
1416807
8166341
-15549611
6222403
-4826529
-1779832
8956771
-6231161
7638477
-1613039
-1748709
903789
-5551963
-12124333
-5610305
-18751099
6474124
-7851222
1857475
-8471199
-630643
-4457652
-791449
-142543
-7595954
-7321392
-4924571
-2838377
-848173
3354219
8940104
7440022
-6772908
-10935156
899117
4572609
11113642
-8277237
54687
-13817182
190551
-6264813
5758792
-6392170
9660862
8527155
200525
-6914685
-5919746
-15842500
-9909753
-13510485
-1262989
-4750152
-14663672
-10994479
-11861046
-4824630
-1735166
3701123
-72844
-1216815
3987047
-3889320
-9972239
-4181043
-12603771
-6895518
8316286
-4665947
-2532357
-1810633
-2094889
-103352
2160245
-8195466
-10068687
-4158211
-2966002
3083226
11646366
-12490143
-6478400
7818503
-7996969
-4981878
6352843
2268649
-893305
512228
-9904564
-3027827
-9658121
1077810
4076098
-3268695
3271648
6791597
-12046225
-12622125
5800316
-7132621
-12587585
-5759650
-2076992
5409467
1278974
4174209
-1933559
-5027321
-1626780
-6619826
-982344
-12034437
2373695
-5131338
-10976503
-7797622
-2325020
-127434
-4175432
9071210
-393624
-8927407
-13694631
-8682491
7208933
7559247
9188793
-7862620
-5023415
2309448
6487891
-7094586
-1214072
-8185061
-2928206
-8235650
-8940209
-11139261
-10521133
-6186096
-6651532
-6364630
-1859544
-26277
-5324964
-1923971
-1778456
-5197852
-4144297
3199131
1633038
-5118010
6096530
-432336
-6239929
-2239268
-15029207
8008697
-14057309
-751084
-19017497
1069460
3057197
-6597582
4378875
-514935
-5392362
-2043532
-1482528
-15774956
5572169
-4919543
5037015
3682505
4277767
-5249289
-5884468
-7772278
-11139755
-10397755
-5223436
-4579278
5954955
-3275163
-4656441
-4357085
-829214
-8646656
1424865
-10657624
-905006
641598
-2007367
-2548366
-11683632
-2896528
1756564
4877650
4651936
1716906
-13392313
-8032926
-4509415
5572295
-3526455
-9776007
-58881
-16718243
1125232
4201588
-6749204
4074068
-9681036
4511639
-6203179
-901337
3002248
4157339
1626266
-4325820
4061553
2981618
-8081827
265928
-2884533
781982
-1944825
-7278717
-19081060
4602535
7163210
821397
1816527
-2801288
-3956060
-4357917
-14367221
4624027
3063795
7478860
1313303
-3653
-13711561
-11202897
-4870454
-6436386
-1502397
-1004708
2007129
5408158
-11708729
-4982607
-2277698
-16040952
-8698122
-14286788
2022077
4433147
-8122378
-3417801
-14617
8226578
-2166277
-10171615
-9250906
-6836718
2843442
-4317376
2616888
4514412
-11849941
-6863742
-4535474
1141959
-13154800
-10411748
-9376491
11143505
-1563071
-15464954
-8835922
6511334
-1805286
3278692
-991842
-4535992
-2468729
-11163916
4601705
1362132
-6186726
2439277
-83161
7861577
-5146994
1140797
-7130754
1453002
-6936768
-6449998
4526998
-8716525
1864563
-2338849
-5200618
-2360989
4863830
-9731921
8278682
-16692933
2873306
6523753
-3554067
-1082212
-15484765
-3027115
-2988273
-7496388
-11529040
-3056427
-7960783
-2279257
-4078772
-7539419
-1126276
-5769687
-6427145
9825685
-3373071
-6412748
-15087899
-1880068
9395545
-9420730
1246181
10912321
8985905
-8816999
3331415
-19879456
3480029
2415664
5861289
-8768746
-1676646
4314636
-4499472
-8675414
-13941550
3325948
4596950
-6621043
1065682
-8525649
2178149
3660746
-6141645
-11674966
-11638158
-1211675
-2826619
-3370258
5495442
748946
414110
-15785892
-1535224
1865058
5978145
8055380
-3975095
-12183578
-4798023
-5591142
2117043
-2106043
-9872323
567642
1589515
-4857364
-13481506
-3972653
-11285350
-13008806
7231674
3342813
-1730954
-3231654
-12953448
-2674356
-3661870
3313309
-16086326
-4289961
-4498997
-1845028
-6409576
360317
2882330
-5945018
-3815379
-12497583
3186552
-4414582
-8202009
527678
4540898
-9120495
-7376123
-10066094
-13309274
3858733
-9158064
-13624929
-9492239
5604111
-4780928
-1011091
659279
9011973
-5831527
-10900597
5576259
7969889
-5165191
-5412753
8512824
-1006086
205276
3008233
3057729
659943
-12557455
-6695276
6840511
5119287
-12536128
-15163575
-9545411
-9445221
4134702
-6184249
-2672126
-16481967
72799
1215050
-10513787
-16109915
3293340
-11488297
-3821577
-4426067
-1807567
-3933376
-6464041
-6270462
-2291337
-4306189
2557942
9233342
5054808
6427341
2416769
-3748273
2035832
-10764816
-680592
-1797346
7003269
-2285615
7505045
-13403833
6981961
-4810029
1941282
-2781053
650266
-1171308
4478495
-2811529
-12251467
-664891
4261815
382422
1622494
5928936
6769019
-2396396
-5939353
7458527
211573
1294418
6182943
-5600878
-15544007
-3414750
-5670275
611005
-6917829
960686
2615280
4453604
1077541
-357376
-4660683
8477489
-765566
-6084883
-7191877
-2826768
6910177
-1265241
8401726
-4037825
-5470688
5928397
2824640
-266697
-411083
-4992677
1503570
7613806
2047972
-12789151
-15104879
-1506461
197554
-3761680
7156590
743537
-4498140
-278934
-459429
-4914326
3730460
-3227629
-1979164
6291549
-2979028
-11957862
-8592578
7895570
-12835224
-3593970
11693148
7812542
4738217
1448976
-1865022
2395364
1957644
8030090
1210085
-4299539
596971
850428
-74298
7329567
-678566
-9917429
-3758464
-7680021
-2950589
-6128675
-12083469
9226063
3378890
5817654
-13054956
1410442
4733040
4822413
9720225
3072530
3692173
-13478296
1252716
-4183947
1928564
-7828387
-2962638
-10449466
-4165346
2085585
990526
-7458425
-16152209
-10879014
-16546747
-7346096
-7025814
-2641556
-6652818
-8080352
-16765560
-2334263
-2040602
3227778
-4561183
4516489
1529158
1750163
1333197
127293
-5702982
-9126225
-7762160
-755803
-15056554
-3655243
6836992
-2433081
6107923
459410
-2199700
-11241904
-11947323
-5934929
-5825937
-1251119
6503449
-2647094
-1292986
-11164381
-2440225
-7600457
-12412200
9609372
-3804163
-5321458
-6283349
-1772799
6004196
-3915073
1296380
-5571296
-1529165
-10343728
-7211982
-821719
-12278079
-7746166
4258238
53920
-2415945
-5672507
8516954
-8996428
-204934
469596
-14232259
182049
5324506
-5243967
-13879525
1889630
-7778788
-1730238
-7623351
-7775927
8609346
-8515735
-4266334
-4315185
2065508
-1699554
-1507660
2572827
-1915729
-1713774
10581585
-472354
9121059
-11888927
3804769
-10761034
-834983
3760735
-3104972
-2043588
-6432867
2617506
-8188056
-1053266
5682771
-4670693
-398694
-367360
-15030197
-9396026
10409402
353323
-5873511
-6491258
55307
-9164683
-3431573
-4249252
5322546
2890231
1525563
9737080
4264322
-4609796
2407607
3804021
-16566354
7967416
-9895213
-11849464
-732558
3795657
-11329863
-3736408
-13288765
-8849340
-3915063
667019
-15052426
-6886658
-2000866
-7630193
-1686213
-999623
2831280
-7500322
-2524900
200956
-4968168
-1680367
-4263216
-9119214
-1526768
-1480016
-3004106
11309688
-7756193
2620740
-1935854
-6091429
-168610
-7932766
10461734
-17828239
-3161331
1304997
-11250709
-1636241
-1512910
9991167
-1261451
-14493991
-2691124
-2931242
-15390131
5752812
-472158
-5476226
-3021883
-7533908
8304515
-6744878
-3379500
-216684
-9434402
11835618
2324933
-2598367
-6274766
-7972830
6484510
-13144611
3064448
6912285
-12467435
1986895
-11875202
-10819400
5331185
-12964283
-1500428
4426682
-1920388
-4575308
7456803
-15080645
-742679
-38581
1978797
-1086972
-1996317
-4479094
86039
-3873892
-10293385
-13900279
6488386
-4312926
9873440
5616024
-2895670
9733265
2686233
-2380106
-6988453
1310139
-6779360
8902918
6726839
-1705612
-8067078
7371685
-12983560
-15833935
-1561296
-3484801
-7909473
-16674189
-4504610
1144648
2881910
326723
8117426
3301456
-7291035
3999927
-1503809
-670502
-499327
1640587
-5908245
-6306853
-7734959
2198125
-17564521
-8217136
-6541736
-4750125
5231058
1303185
-8228200
1501956
11563896
-18214029
-9016523
1323829
1512854
2251404
-11610326
4840433
-4111278
2382324
-3144765
4228615
-3616872
1433644
1122012
-9346626
-9923135
3351107
-9162202
2343328
537763
-4698306
7053314
1016523
-4681450
3632706
4141323
-8655990
-11423943
2677014
393325
-4083264
11453417
12680841
4453845
-3237559
-12408412
9655768
-3455845
8222135
-8238549
-12994406
-6901573
6738536
-16753858
-1358743
-12946285
-10827521
3858173
-3756954
-4640654
61915
8074827
3831448
-6385825
-11579514
-13049224
-13711088
335761
-4172855
-5760039
-6335638
-380763
-9239045
977253
-6100151
-15428960
1993081
3039484
-12244784
9720195
-3777021
1400131
6731300
1463372
-19825428
3318644
-3922481
-3864208
5593671
-12117036
-8163949
3479826
-6217534
-5014097
6444302
8354136
4814523
-5394370
-4337258
-3073926
1473073
7232042
-2541913
2826993
-8363742
2476634
7213176
89572
-1931943
-1395432
-1691443
-4732994
937682
-2562756
-8050031
-2052867
2810594
-6954203
2306081
-13094546
-2688500
-16668775
-466505
3287381
-9610779
1266279
-1006163
-334072
12465517
3929146
-2482901
7323980
-7389679
-551226
-10030867
8467874
5502228
-17048422
-19362796
571844
8440094
-49289
-6640569
132911
3482656
4093415
-5388867
6235834
-10083374
171377
-4775444
-5302545
-3903928
-3482034
5613621
-5935861
591901
3456103
-2647707
-1231509
-6248762
-15495363
-3628121
2768814
4485190
739387
841497
-2029869
-6297017
8336461
1796193
-11755187
-7335634
-5782028
-4615331
-763213
10112800
-8087795
-3884332
-9493276
-4757622
6288720
-11598679
3342361
-13690722
-3764395
9760736
-8176007
-1787926
2001762
-8263003
-7556244
-9318870
-5929842
379252
9855321
4864068
-9986170
-6487270
5829817
-14446583
2658267
3883002
7142215
-6335440
-6308368
1142457
-5114101
651220
-14347231
-14205701
-9136999
-6645837
6773527
-13612091
3601187
1750892
445094
-1535099
-15020158
-10572820
-1353850
-4546541
1703445
3778757
4587651
-15028982
-8560363
6109579
-15002824
-7840573
251117
-6533387
158436
-4357516
-8879548
-2969202
-14089884
-9052871
-4928495
728365
1065356
-11182098
-2123542
3145954
5886566
-6264596
-11931583
-4785520
-677552
-3035776
-10719751
3160598
-11571955
-7823301
-10817194
-12368877
495647
-2538352
-15587401
-598115
10987292
-14094382
-2958780
-13831439
-6164620
-14924306
4149458
-5866426
-3419430
6836002
-7437773
2598193
-920810
1559922
3972408
-4351046
-1616059
7231882
-3751736
2570595
4982621
740940
7864667
5045104
7318091
-9835591
-9229375
1673289
6286934
-2880909
8703930
-125010
1501163
-5715796
9097336
-7962895
-13228815
-11172493
-3309997
-4217719
-7379970
-4699253
-791134
3629584
-4973473
2140906
-11003774
-2899658
-5237088
8793346
898995
3144314
-11091626
-3717710
-6767235
4100317
1397807
-13708457
-1759137
-10589193
6875193
-3887854
-20462289
-10234068
6725680
12117347
-3005013
-11540903
-7172210
-5719789
851000
-557841
-7960674
4759095
-4501938
-5495659
2253145
-2439219
256572
6479988
-11596906
-13239065
-9708326
-7990090
8244507
-3495602
5632241
4375104
-4985164
5087214
-6622518
-2059450
3894960
-8522873
3205672
-4480038
6265411
8165097
-15500423
5630706
7803792
7186261
362546
-522136
-678979
-5772154
-2767361
2840958
-8747112
-4009580
776281
1864677
289521
-866129
1212189
2769286
-6288905
-1285654
2170120
-6916876
-92833
3471397
-6355913
4096851
-8812509
4498987
6553813
-10739892
-12037089
-4718061
-2809859
6545801
-8201038
-6675309
9570402
-11462113
-660628
1295743
631092
-9054303
-4175342
-3209690
-2540095
-13708697
-12872919
-11935638
-2340316
-12179657
-7122352
-15276314
3490748
9234320
-4920148
-8254116
12611752
-1501615
-8929191
-11006790
10877905
11086651
-15472576
-8114504
-11045715
2046617
1308215
-5057648
-4103154
-3279075
-6159677
-1353225
9661310
-4628147
-13410411
2873535
-2757879
9622872
-14194044
-3804148
-1554335
-12089924
8568792
-3257161
4181292
-5181962
12197383
-2075991
-6961632
-4694624
-553071
12318
-8567646
-3690999
-4720616
-4108927
-3750392
-11856762
3495046
-5937508
-14243241
-1861315
4727022
7640735
-8877179
6277339
-4416296
-5417853
5432448
-4398217
8360964
1930867
-8677676
-5189256
-12215024
-10282969
2582311
2595840
-11280679
-13328417
4851511
-6581902
612057
-12822030
-2146878
9541946
5415210
-12001984
-12619972
10515515
-9482442
4620309
349232
-1962193
2590288
-5692781
-629525
-549935
2196021
9119532
5397058
7668952
-8775025
-5991542
2433464
7668231
-481081
12711484
-5917908
-2839197
-10237990
-10217603
-7062054
-10705897
2427440
-179226
6893503
-2598364
2723057
3296850
-6366877
-1731703
-15126069
-9060567
6794487
7817252
5062028
-5549451
6002913
-3544773
-8911042
7034391
19704
4399465
-8473518
-10758422
-9855401
2358265
-5165466
9618965
-16052641
-5564962
-5216108
7695976
-12715894
-2099576
-6243181
-4702038
-6147756
-11081706
8028336
5443803
-2183111
5139747
2003053
-12876154
6244052
-16541287
-378891
-4360974
-6564080
-3383519
-8904184
7291363
-4509331
-8712013
1300468
-9479177
9022822
6751747
-446490
-4516736
-358123
-2183470
-15435115
1901849
-15066577
5922588
3889914
-5980380
5275568
-2128955
-548231
-1305735
185195
-3513920
988461
-2006970
3882028
-6606239
-4793842
4685703
-822899
1756477
546406
6362980
-3436594
2943949
4570735
-10218099
-16178727
-323345
-2317292
-1969076
-12687108
4151930
5481061
11261761
-5446413
-9628374
-101244
-368663
-7767048
-2265934
-6879413
-9261090
-200927
-8690507
-11698415
-10376866
5355092
304866
3185892
5971264
-3438699
-2393812
5330037
-5356375
-7020894
-427283
-10291154
-2239741
-11630890
-6535107
4279391
-586822
-8224109
-6134171
-3618332
-3835230
-7549860
9566054
-4269356
587788
4887113
-3320399
-4761674
-8075311
-4772260
-12254243
-9527444
1299952
-10767280
3568472
-14396767
-4817940
-15068344
1046061
4805906
3040027
3106830
-14399850
8579005
-5797088
-15317788
-6036629
-10590805
-2352061
-10647733
-12773983
1265947
-10203343
-3829940
2276187
-11522882
4902838
3053965
635857
-350143
900227
-7092302
-899518
-4514197
-10248827
-15008386
-15111848
3182274
798644
-7052701
-616784
-6353826
-6425534
409488
-11158792
-5540326
-6096215
-4084171
-7339281
-12758838
6611348
-8298111
-14294967
-2875601
-2599583
-6899569
-1155414
186324
29476
-14893777
8343762
-3652339
-2007024
5241746
-951112
-5679230
-1071934
3816489
-3976747
-1976258
-4636240
-11051247
2132424
-1014158
2294424
2477169
-4577710
-4079642
2966117
-7130498
-2472338
-302527
-6858331
-1096583
-3600583
12732786
6736594
-14449642
3075408
-4499200
-8212776
-1565476
957099
6648852
-3862845
-11424035
-2402995
11657707
-2672288
-2694656
-804640
-3512383
8738969
209229
1718153
-3051777
-13214598
1246621
-94203
-12851186
9007496
805519
2384250
-5873020
-10111820
1376789
-6244781
-10865396
6022535
-366848
7811817
1869980
-4667641
15571
-8234604
2738035
6664978
-11549950
6898264
-3023757
-12808542
-4090015
7294048
4208571
4525103
-11040554
1815732
11773366
-8370867
-3423955
3604140
-339247
1360695
-19731193
-10668842
-4941249
-8790611
-1308625
-8031498
-2666741
2338414
-5244487
8270806
-2117326
-7143610
2311040
-3870912
4936902
347474
-6015252
-4203610
561663
-14921913
8874989
1508526
1937474
-2332994
1498822
-13041559
-7522858
7310782
10639084
450785
2672310
5246659
8721261
-7616310
-2440625
-7174855
-19540554
12255066
-6064649
-9092294
-7238204
-6527288
-5334999
-613862
-3408187
4303143
6743958
-7704713
-7201850
-11619199
7124522
-3452099
1397328
-6148240
145582
-5790631
8883149
5805493
-2610483
-12790096
-692794
5856934
-13004246
5203046
-1758122
-4424015
3997547
-4709649
938575
-11563477
-3930973
-5383442
6067151
2857393
2034124
3070518
11218223
4678042
4667448
-13230521
-3403578
11435994
-4014460
-4157721
598104
8733457
305983
-2182745
-4782807
-2924350
13342470
7939040
9647081
-1003894
-1481454
5789794
2788307
-650319
12060187
-12006021
8436412
2328912
-4056191
8202133
2738556
8510451
-5439334
386538
-1968924
-3471532
2432914
-5445195
1344550
4491480
5163144
-777348
166057
-7928399
3650762
-751481
-5228802
2251969
-12012029
6476859
-2162561
-4850353
-6150161
-11350218
-5404659
5053416
2866262
-14294925
3401401
-10865014
-13690609
-4134352
-4006113
-5930830
-1269941
-5525582
-3534324
-3705047
-14371539
1157691
-5387893
432737
-6428565
813465
238010
-4294349
-3080957
-3848105
-8423054
4058115
605062
-6768588
1166062
10557380
-11253559
-1100300
-6674108
5133472
-5528119
-5417317
-11527280
-16191925
1249522
-5756514
-9910926
-9982591
-277949
-607978
11592160
-11907204
10615970
-7014715
25065
3772182
6588255
-13593538
6110742
12173619
10630937
-4977447
-2726049
-2332369
-11972085
3869176
8186204
-4808062
-11802396
5108461
32444
-997283
-3085883
-1317453
-7973489
3125428
-2930319
629574
2725730
-8884647
-3269921
1356722
5502132
4445184
-617196
3771426
3718673
-5813904
-2265079
8905342
-838417
-2986809
282459
-4103176
-3872870
-12365054
-186848
-6746477
2945966
-3178711
7434026
-3551628
370388
5728910
9075862
6117515
-9818692
-5314695
-1026600
-15678045
-2480237
-15379824
-6393155
-11900402
2049441
-9815365
-1346317
-10787503
-8822687
-15474341
-304366
8029358
5420274
-7281955
-1343997
-4519416
-6560222
-1905364
-1137336
-1358378
-8840247
-3166971
2484978
-639782
2334026
-5308660
60560
2472323
-8820154
-10982691
-9673010
-15973924
748293
5899849
-3008085
5464365
1550723
-4606764
-14666796
-6952367
8325570
-5835549
150747
-148409
-11938500
-503979
5668925
-4714080
-1802442
-341585
-1329677
-10175291
-5692047
-133999
-8433703
-1257790
-6816507
4030740
6531579
-14608205
3068134
2197134
5438527
-11578016
-225157
-12666859
8311565
-8465232
-5505199
3304578
6470820
-13808533
-3633541
-54338
-2732441
6485224
-1224101
-1739249
-4050621
-19761232
-3371409
-10606962
-1713446
-14946918
5274276
9410686
5974115
-13706970
-6198801
331265
4092953
3950265
-10366294
7505548
-7978737
6545507
1092686
4558951
5158957
-2207631
-8734850
-12073064
9180499
-668577
-9081927
6057201
-7072538
-12523257
-4275908
28954
-34219
-5665020
-3974149
215059
11505065
7024045
-8574643
2759680
6292027
4568385
-13480253
1985363
1296768
-9856263
-4616417
606059
-294415
2560352
-8150393
-633346
-14463915
-4316376
-3980113
3374532
4587612
-2985397
-2072583
-1003321
4823325
-1133004
691242
4762510
-8013468
6345862
2367156
8011660
5524843
-8387619
-847156
-11361097
-9323239
-8952948
-5679251
1913295
932379
5140295
7389565
-2342217
-4068053
-7894750
-6830314
3070988
-1129907
-6109061
-3929619
-8630168
7302489
7225193
-11481581
-12192399
-6343041
-291763
4774391
-176274
-623046
-10164005
-11304707
-7523816
-1154907
-12065910
1138715
1427970
-13628860
-5560441
2421182
6290831
2794398
-3593599
-1157889
-8524294
-9347775
-12922303
3087032
9894008
10439890
-4447020
13532735
11388137
-746047
-7195348
5555785
1459001
2859097
-15659466
2248497
-14834481
-12050905
-13449584
-6177690
-6374418
4542524
6667888
-10878435
-4075859
425270
-3534976
-12555987
-17186757
-7392938
-3729366
-1200712
3022793
5215509
-7176381
-4677932
-2765292
5177446
-11203996
-602885
11374700
7265069
-8561166
-7442285
-7650054
1655231
-4559451
2745333
6575916
6497162
-13516945
-3911038
-11397950
5116706
-3497984
-3858174
-8660386
-2350456
-322275
-15326273
2929682
809300
-6212328
720888
-4930138
-7119216
461807
-12327928
-12059459
46002
-6518873
-2703885
740514
-5552228
-7480954
-12454784
5577953
1714344
387761
7646213
-13997670
9893138
3135138
-5258848
-15243866
-11040887
8501475
-4302911
-2667277
5991799
6136417
-1019984
-1518177
-8044370
1155194
-5065097
-11971364
535548
-10958271
-6570576
2863577
-12643032
-5901469
-8371925
-4466053
-3453084
-535317
-12648472
-10948046
4081
-1357786
10038991
-7421438
416062
6065678
2625434
-6922576
-6643999
-5581827
10212357
-10394639
4692112
-12584892
-11281544
-2782958
-3938512
-2537316
-5948908
-7426737
-9512443
-10626144
-5849063
1333177
1447645
-5305829
-6663794
-11181189
-16365831
7615067
956971
-4157376
1348728
-5277554
3790536
-6836678
-10731811
5853171
-848634
-6879138
2023966
2768283
-17046267
-7606776
637205
2132627
3869230
5184622
-6668643
-6767917
585567
5412003
6987600
1037848
-2076650
-6441522
4544734
8008787
-6595012
-15732699
306514
1400126
-12648610
2375650
4352740
-1654397
-12468047
-966550
-2876070
-1519683
6497137
-3121197
-4752329
-2986620
-11491112
-4134499
6864891
647132
4884528
1009652
-6983048
-7437660
-12219287
-13886621
-9286224
-5143705
-14752895
29843
-8546449
-1005164
-7111544
-10633532
7398273
-10936728
-6527158
76357
-7025390
-10584908
-12638030
-12145145
-12168625
-5220559
-6300931
643356
-7253522
-10332423
3655136
-7983811
-2616279
1654992
6669145
-12204796
-4254363
-14238035
-15624032
-7172006
-10506821
-3512861
-1114907
-13932374
10219521
-4028504
1916844
-5900500
-12607298
-5915523
-5667300
-2408130
-1924945
9263376
-16157173
-2543977
326490
-7260007
4451431
-13083311
-9524937
3866725
7372094
-902411
-5823135
-5217443
5451474
-5056941
-9123978
-1424615
-4415273
-11256189
-9913566
-4786297
-10610575
4543870
-11725615
-3418014
-3062476
4063665
-1611496
4433721
7727611
9958701
-4145822
6524144
8609413
5780286
8342084
2456764
-7815549
-1218228
-1644747
4555128
-6897896
4410238
5925247
722622
-11493662
-7398649
-11360294
7751729
-5802189
-370775
10907162
-3454835
-15214452
1337509
-14210070
9195433
148859
-5560811
-8928915
2342650
2523250
605233
-8839156
-10286593
-2731332
2115804
12028554
-1112969
-4050259
-66390
-4514966
1341617
2011421
11856079
-11143235
-1314806
-13473380
2471402
-2189743
-10959775
4876111
4408570
8571866
-5643562
-9776071
-6551328
1467129
-5116900
-17556925
-13453547
-3951938
-2844498
-52564
-12548457
-12602214
4163623
6657638
-6850911
3956062
6877145
-3225700
-2118619
-8092537
-9286978
4282049
-11737570
1193895
-6052814
2035484
-8698608
-6040169
-6906449
-9599002
-1408283
-11671798
3118579
-13993040
4418241
8538107
502910
-3828098
-1402865
-8057704
-7651418
-6395185
9130195
-12409950
4943466
2206950
8244925
-14283850
-373947
6250557
-5708028
-477089
192307
-5513604
-5361056
-3663961
2500832
-8067750
-14300342
315009
685812
-790143
292285
-5793842
-10777322
-5726072
3974956
-5848063
-5516195
-5040146
-751563
1856748
-6602966
-10022861
4948518
-5008575
3360892
-6724463
8848179
6462450
5558479
-4489666
12003970
-670662
5604339
-563564
-10322773
8518402
2708165
-4667363
3747147
163901
1362936
4984157
6325343
-12346057
-3319312
-2150953
3761680
487624
3814773
-7722563
2900773
-50938
7094144
10064386
-1574477
1844385
4235200
2562354
-16485870
-12010777
-3886478
6431044
-12282139
10205913
-7967167
995549
7951815
-3301191
889686
6802542
3133932
9481417
-8723280
-6911891
-8978229
-1342988
-12685286
8442481
-5595919
-2130535
-4012353
613811
8868373
-1644300
-5033160
2043291
-7073142
-15656122
9141981
2795677
-6809904
2765490
2546513
-12648998
1105621
812998
845770
1430405
8785098
10418918
3230006
6991697
-13371771
1884901
-8921952
8004596
-3481062
-3606977
-2108718
-6184365
9895720
4372548
-8607478
-3399464
-12200846
-4176098
-2481328
-5755792
8020511
1170231
-11595588
8855715
-5797818
-8031279
2156752
11656704
-1236051
-1540062
-7400227
-2946814
8315445
2891941
6434851
-8688029
-8745004
-4266652
-751027
-5318558
-8060175
-7853293
-3741921
4419030
1867465
9444615
-3247063
3126905
-6009891
-7368932
4321889
-4820010
-4408693
6559043
-1402257
-3811226
-6868790
-3021978
-9976460
2660833
11884640
3375936
-3690696
-958243
-14619573
-4677851
-4997273
-1753056
-6634499
-4266348
-11974239
3472235
-5676621
8318276
793843
-3892039
-16643915
6618437
-14337844
-1377278
-4824222
4415724
878003
-3236827
1503132
-3241703
8229551
-851125
-580992
-5640412
-3287624
-5516486
-2602683
-2455496
-3886968
-18158379
9021804
-13117338
-13657031
5877668
-11145513
2716916
483069
-8902163
-776514
4175483
6731169
-2869041
6207050
3365864
3377355
2660276
-7924150
3721821
-6863702
-11252974
-6593868
5620941
-4372894
-5517703
-2009246
-7714790
-2922026
-12281188
-764551
-608826
2384958
2538660
2260613
-231394
-5154635
8069458
-6658341
-12318813
12001794
-10987221
3842919
3854164
-528473
474210
-10659560
-9683238
-8140017
-12606928
-8684103
609640
2278640
1190783
2592316
-1682155
-8409400
771898
-7479518
-1640759
3096629
1572216
7924294
-13226646
-9564504
-11427336
-4425971
-2991599
-802182
-3880666
-6172114
-2863751
3004112
5561164
2460415
-9254415
-3831910
-12837661
-288521
-394304
-4788796
4589715
-4942037
-471200
1475733
12767544
-2728353
-35923
-2923515
-2650676
-771715
4264907
-8425100
5557901
-6008160
4964659
1139321
-7584383
13084716
1147370
3585174
-10189402
-12226725
-5056827
-10764287
-10875958
-8666095
-12697598
-15550523
-9157273
-5281756
-8396893
-2389629
-8590822
-5989776
-11603743
-9280678
-2137791
-6304070
-9092739
-7691630
-12017312
1076895
-4374273
1818237
-7385167
-5105212
-1278656
-8261082
-4810525
-5770643
3434716
-85855
-16410336
1706470
-369993
-8599345
3856476
9502783
5086195
-8782806
-11268596
-6905630
-9345665
3706606
-9163229
10241372
-10199262
-879060
-16382598
-12250983
1354957
-11786936
5564259
-5508176
-15262725
-6961509
5081675
-175405
-78517
3982947
-1616793
-9210936
8572947
-417832
-2266147
-7475194
5153964
-7595942
-9983774
3503550
-10250737
4736478
6582605
-2910376
-3950200
4365760
896514
9950321
14451846
1764758
5681392
-3754338
-10809990
8868002
2351939
-8758649
-4326467
4957969
-8924133
5445753
3613989
-4861561
2356504
606281
538762
-10597811
6053686
9291737
3249831
-3795391
-6542004
4944652
-11911758
4449470
4704680
3132484
-555841
-8229114
-10985657
118873
3285655
-9707533
-5435703
-6607023
-7309990
-1140332
4699299
2401040
799118
-3475397
10933086
1720698
-2417572
435209
1527698
4541625
3622687
-11118148
6949534
-3185308
1954336
9021320
-13002410
-5657455
-2575450
-3482372
-6977972
-13225237
4136238
-114511
-6716640
-5472028
7211784
-1149807
-5847115
-10584674
6011437
-1955102
1480472
-9309489
7982405
-7368931
-5320290
5080339
-349340
7768212
-7990465
1752865
-4111074
-1158655
-2889926
8522160
-1105345
2278416
-10155852
-9315154
-112631
795578
-1671184
-13022602
1570915
1569533
-9543586
-3150012
8980857
-1596746
2809827
10612140
1586968
-2002510
-2043183
9895696
-5874585
9699829
5438593
10839138
1078769
5825868
212655
2146892
-175158
3672277
-191282
-6500211
2842317
1382800
-15185681
6270113
-10443549
1385868
-558013
10252381
-2742378
8099112
6103490
-13073795
-3652054
-2757127
7263026
1519287
-6825567
823972
-4107889
-1426825
-1615458
-2672784
-292577
-5627900
-4154121
-13746603
-8645517
-9464898
2399849
6212521
7100780
-7606233
3309672
-3242569
3653945
-16410349
-4669240
-11992773
4735767
-17893658
-12573047
-15131147
-8590213
-8339820
-3071913
-5208047
2291276
-390878
-6960088
-9305986
-7237701
-8394983
-6689452
-104853
-8990727
-262849
-7094456
-10635323
894199
-10153003
-9011978
-16999213
-3122015
304826
-5732142
-19096758
3689172
4975867
-244872
511760
-9714829
-10810754
-539413
-14074914
6830690
-294826
-15639173
-1115996
10184750
7367596
-2992147
-2736710
-1488849
-10422495
-8389818
-3432554
-14836247
-1442698
-814081
262230
-5404767
-3587817
4503638
1698806
2780767
9850291
3327653
-5286817
3598695
-7581712
-12931430
10860274
-7887537
-2242581
454721
-4119691
-16744589
-4461557
12303534
5079428
3166297
5202498
6827148
-14712220
3476871
-6100708
-4382781
4050783
-2156800
4304467
-6100195
-7553374
289609
9658026
-3464554
1437460
-8926400
-15025171
1871611
-4214110
4287511
1220606
10218015
-3970410
-11582256
-9464003
-743365
7470994
4111084
6953589
-9187526
-847745
-5827105
-8164674
-13087325
5757166
-2875511
-1803069
-7568817
6436262
-8144059
-4788494
-6862040
-9161135
6945714
-16448769
-7057326
8377107
-11147640
-9787585
-11633854
-10308935
14577061
818395
-16695189
2647768
7032206
-906535
-7157205
634131
-18188705
7969888
-2984237
-5228698
-16480931
-4569255
-3517969
-6634918
-3835784
2689570
-4440561
-1171845
-3533280
-10634679
1650033
9009545
774711
-8051743
4548521
-8458331
-3578232
-1666104
-4834761
-7673979
-10614823
39876
3549349
-8391609
-897325
-6808247
11469729
1521366
119719
3190051
-4965502
1966438
-2680986
-11062785
8321511
2159239
3688003
-4653458
-12833374
-5221530
-5737030
5381518
-7459203
-10540597
1271050
-4540814
-3441338
-2868681
180619
1685658
-6494505
-908110
-3603734
6879134
-13497358
-1150856
-16143220
3979268
2918191
-1668910
-8468920
-12826092
5479005
345932
-2120609
-4974676
-2964480
-20153511
-6967999
5746672
-4174086
-11864191
-14892730
5431398
5716901
-7997691
4604737
4614504
3263029
7978379
3968585
-1071989
-14821980
-11414618
-12072949
5091792
2837720
-4026564
1874
3697420
1150603
-9665656
-13304626
-12634210
-3062121
-7238701
-41035
12465509
-9584338
-8007382
-6045588
-8903444
2996441
8487911
-2206242
-14943156
-6787858
-11193527
2352992
-1879544
-5272134
-13828876
9388783
-789887
-6241159
-833500
-4868232
-15163749
-10717826
-1889485
4291122
7341498
6298575
10189439
4194112
1526963
-5391717
7253248
-1412140
4067536
-2840710
-7248723
-5146956
-4329899
-5003408
-1316928
8908145
-5026001
1787391
366863
3534573
-4384203
447600
-1129956
24449
-3280988
8319452
3261842
-1585152
-12602290
-12459711
2501463
3035062
932696
-6294390
11753682
-7765229
3579213
-5765853
-12400395
-2431980
967808
-7707217
13694002
-12013489
9083247
-16441704
1498315
-1928228
4919554
7742587
8709538
-7809406
-11815747
2571718
-4335415
2530978
-8952793
2516561
-8804138
195122
4184795
6398956
3300488
4086147
-6151261
559542
-11506790
5823958
-1494644
-1507153
9370754
4169209
3234665
-1336228
-9906470
-12877707
-3998756
-14604458
6202957
6795892
184624
-2857323
-1601355
-11696537
-1740750
-3700877
5115932
-9005419
3081289
4540150
-3690859
5234751
-6896043
-1083326
7416780
6742892
6639648
2391602
-279840
-6597406
-14125332
2651895
-623451
7759091
12834344
-1027367
906641
-12284884
-5964489
-11227924
-4381255
9780776
-7351241
-7341764
2292485
-5087727
-10726555
-5217841
-8173405
-1156122
-6735546
6635989
-11016868
5796735
-13825522
-2432409
4837076
5209629
7206813
-6258362
-377323
-8490338
5579892
-6781430
-14891437
-1148121
2606181
7566390
2104542
-8028932
8083389
945982
7899596
-5477566
2347128
8252756
-15794724
8556441
-10007343
1140417
-11180471
1653989
14138545
-14062112
1109187
99933
-9395545
2503150
-7864375
3565002
-3710941
-6152223
1495746
-7075852
-16195876
-8141882
1177194
391619
-4438270
-860481
7366613
-1159884
1759236
-7281303
-11082244
5142214
-1824118
-2661299
-12321578
-4891123
-4660733
-6559200
5885804
12327483
9017125
-14583861
-2637054
9256907
-9955650
5403658
-11355682
-844865
-1232155
6004438
-8648334
6649429
8015352
-15113528
-2014677
10240935
-11210306
6862598
-2557526
-3563306
3651380
-5133197
-5081153
4048944
-10395105
-6727419
-4570118
5208037
-603048
-1046102
-4721314
1193570
1325397
-8628059
-3499930
171893
828896
-6311724
-1975126
-12463607
-15996640
7028655
-3379108
-11519462
-351241
1697549
-190824
-864159
-2283001
-2363946
-3737586
-11801644
6530232
-9016331
-6002286
-231348
-11331762
-8929833
-8508616
-7440416
1806445
1593771
-5616502
-2459821
6829841
8097592
-4551296
-2782401
-12246963
-52689
355084
7952029
5838408
-11621689
-1609245
-3047717
4484748
5945173
-3110862
-6395024
-1615892
-3303415
2232649
3021848
3215199
-13760799
5374466
-9539505
6431963
6630266
-9405761
169704
1376757
744004
-13391352
5395604
934292
3156145
-11716751
5202486
-4976090
-13329716
-4918132
-17037575
4267318
4518944
14316788
-438379
-5403514
1622394
-528261
-6797185
1745206
1198408
-361369
-7900323
-553327
513989
-4707454
-7618036
-1977771
1424526
6645183
-1580325
-172706
-730881
7813792
1512904
849340
-13284589
-15653781
3691094
-12874976
-13858818
-11983592
2550595
-12421065
-7371215
-8546437
-13518481
3884002
-11063047
8477833
-9234814
-73603
-12075511
1047302
-702144
1736634
5735037
3970080
-10904528
8548760
3041263
-9935120
-10219602
2950060
-3017291
-3850519
-2789393
-10170390
-9480822
-8738084
8318929
-1764523
-2260531
-10209754
3226241
-4071237
-169267
-17423942
-3644068
8439148
-6133007
5370123
-2693908
-3204225
680162
4455343
-15928182
-5081840
3023315
-286448
-8087295
-848757
-7562776
-10780090
-7128297
10161463
-4224003
3725607
4666873
-11893639
3684667
-663656
4326592
11319866
8170352
-11280177
-7028540
-5999271
8053490
-2783253
-19427442
-7628367
1703613
-11829939
82076
-11181177
1381961
-2920166
4146664
2451906
1560578
-7419174
-6579096
-8363959
-6460445
8628225
-14140635
253125
-8872576
-16935604
6346213
171527
-14019256
1763582
-7144656
-6079215
3961124
-8001056
-8012057
-4587520
571548
-6424847
-3305333
-11991365
613508
-2564196
7839910
-10293573
-1351036
-4322743
-11511474
6701760
-4046857
924675
2225198
5828106
-6899275
4375076
8882765
4852619
-1649593
201573
3097855
-2140467
-14521074
2082320
10880930
-18322469
-3509964
-9032883
136671
-2629253
1585596
3253600
-576402
2389059
-7257284
3686342
-12582526
-7889908
-15122603
-9107545
-5043328
10229137
5301200
162593
-7200491
-7504254
6771324
1630462
-12389364
-9767192
-2022172
471123
248604
9803922
4903220
-829335
-18126086
-1643628
5761076
-14684807
-7861987
-5637018
-7236140
9320838
-1028463
2091639
4462766
4144389
-9401425
-3527022
9297
-917691
-8236128
3661171
4858158
4751649
-2972822
-2622155
-2949527
-8537451
-1938806
-918569
-6751778
-10510767
-392342
-13838414
4758817
2477136
-3171977
-15063600
-2438681
5215905
-3399492
7361367
-10756245
-4525743
-6904447
-17364249
71530
573522
-1544378
-2935186
-4291220
-419393
6865646
8036562
-8866886
961658
-8431377
-10806236
4995856
3067548
1969021
4371735
-16686443
-3278217
-5591367
-3746065
1165390
1379770
4454243
-2107166
-2973675
-3743790
-9912943
-246352
-4656200
-11452057
-6535886
-12324233
-192486
-3423072
-10411652
-3180770
-8194160
-9958881
12351422
-8197423
1201308
-4133881
-992625
-9679058
5865105
2056595
5227073
-5326272
5959325
4587633
175655
-5419741
-834598
-5955447
-7555193
7040695
-1999175
-5011363
7822506
4097155
1854486
1859803
-2018797
-3517801
2944153
-1776476
6842486
-3552610
6074494
7231231
-3476652
-7904173
-4620858
4581451
10801134
-7643453
-5922954
-6215004
715325
4579966
381021
-7219823
-3635860
-4849697
-8626074
-162385
176892
-2193889
-1293481
4287906
-5003062
-3163251
-873508
2616027
-69956
-14598584
-6343628
1662384
3340903
-16124329
-2578687
-434952
-12135794
8078530
-15587755
-4393511
4709760
9714026
-6633688
-5065693
-1974813
-13259282
-12969820
1070891
4193568
3202269
87371
-6129438
-1388591
-9478644
-1651938
4258610
2505323
-7725790
-3529482
-1841401
-12376309
-12699346
-11473188
-16946276
-5685403
-14194213
-12519453
-322265
4303456
2034706
-292833
-2805456
2806822
-2390235
2951557
3103585
5532514
-4346635
1231278
-4666648
-2428354
-2166243
481405
-2105397
-4444758
-7602677
-1731808
-7349136
-7010987
-13790191
-15551360
-5979108
-4645701
5870018
11896459
-4308031
-1843544
7872665
4642509
-7548098
5400025
-8854377
919036
-13398462
783007
-12415561
5951389
-9356978
-12539865
2299352
3933549
3922180
5366779
8428190
358989
-9924721
-5465293
-2075314
-9602521
7225584
5009532
9101696
3683082
-3848024
1572809
-1864346
-6147785
-1618241
-13303502
-10844184
-9703318
-7234898
-15566177
3199985
3075238
977966
-5636887
-1017226
4526862
10695328
-5529144
4245071
-2781525
-2726125
-2051004
-5139876
-13756676
140416
7334092
-11076477
-9064472
3204191
5551019
-11780028
-1213407
4139870
69145
-5548747
-12046994
-3240656
6935695
10474795
-5928619
3759031
-3216932
-16207523
2650946
-7267811
4587107
-2323351
-6783831
-6740043
7816209
2053527
-14840531
-649789
776262
235647
-5831745
5655915
3297767
7260862
5281209
-10362699
-3597469
-913377
-6027831
-9799105
4291609
-2799461
-820321
824399
-10952336
11651542
56341
10659356
-14517664
-3634220
1811118
3453878
-12869579
-18150637
-5150631
-7330893
-10927445
-9327441
-8586643
5177690
1017769
6428551
-1308555
-19034147
-766361
9181130
-1105498
-11026307
-13068397
4743972
3106020
-888380
-4362345
-2868418
1932821
2982446
-12667884
4059193
916996
7691096
90457
-2306865
5569247
-1081896
-5960623
-7883651
-6194470
-6598334
-3663015
-7149653
-10386835
-12400072
1097879
2441866
-3320297
-1832695
4263256
5153384
3489735
-1934462
664525
-5739430
-15986769
-16801992
-2552042
-7155966
-13900025
-8314485
-2177588
-6917887
-16828862
-14706950
7690082
4537702
-4476742
4087574
-11063957
1027361
-12406027
-2717951
10710206
140023
-15241829
-15649371
-6110463
-4129239
-4706946
3602146
-743529
4760401
-1421007
2675166
-2330359
-10529059
1180166
-19540264
4457670
4120835
4075668
-7869079
8002899
8099380
4468259
-7670960
1032858
-365563
5990396
-1162111
-7533289
-1050456
3785788
7291545
-2699863
1570342
-1480142
4505609
10601411
2257625
2678233
2686324
-9181048
6528364
-4715112
-10480267
6569729
-3290042
5157342
9031936
2004592
5398770
-49000
-13507436
-10291390
6645944
5860218
5485661
11081404
2010643
-13455656
-1551013
-10938186
1823557
-7879686
3757807
-6539978
-2689322
5775518
9662865
-426135
5226777
4403784
-10149501
-13102368
-7796522
-9096480
2526692
-6877901
8703133
3896850
9883820
12581231
5656213
-8825643
-5364777
2261676
-4165128
8648968
320904
-4226065
-1046594
7713069
4493381
-149921
12544321
651671
6569596
7214695
9051075
-6476415
-3538313
-91849
-13416312
-2164085
-13324887
-7099625
2647744
-4136213
-2925872
-11187276
6996128
-2828548
-4139100
-12647249
3922209
-2599529
-2602989
-11044584
7816822
-1547343
-7782499
3898536
-5163072
2839594
-3899203
7095712
234823
-5272815
-4287392
-8004295
-16495052
-6272982
-4147503
-3612492
-14794273
-5891444
-10957226
-3425842
-5345960
1149939
-15473035
9563740
430116
-68491
4132687
-3669326
-11505742
-828024
5018943
-3467085
-2350208
2479947
-5311249
-16808703
2697576
-20770142
-10500510
6301490
8722498
-1984236
-4358112
-9838488
3623865
3051974
-14795661
-3963720
-12264752
7007713
-10575271
6269672
-716149
-7636846
7250111
-12619478
586588
-3245659
-6618428
-17079936
-6679888
-14262039
-3323400
7336402
-3176423
-251221
-12319545
1801171
-15922776
366043
-12770777
-3672418
1912785
-4407819
9303298
129693
-10058095
3796655
4723865
2040887
-2819786
-119729
5100412
475315
-15983921
92598
5231949
3134653
-2474875
-1141589
-11215931
-86194
492256
-11397039
-6792670
-2397330
-428745
9518865
-3579361
-13175063
585648
-4366753
-2297708
6208672
-6258466
4621169
8135205
-13365297
3672969
181090
-2612174
3557208
-3567111
-8514516
4909526
-10190038
-1288340
4485016
-3173131
288627
-1491838
6148457
1838003
9932691
-7942640
1766980
-12855765
-5254720
-5300772
2434702
-9226768
3505675
8159304
-17153066
1211132
765773
5167708
656351
4597760
1803524
-4921939
-2479873
526250
-3863877
5128647
7829180
-4788320
-1993861
1392365
10327824
-4630431
6910796
1045009
2495780
-4086556
-4133966
-5454922
1820839
12384109
-10806635
8842281
-12619629
-14189879
449431
7908169
1099135
-753535
-4514098
-6656349
4457034
4810516
128638
3156698
-5665855
-11504406
6645660
-11150119
483780
-6555564
-13698088
-12927966
2955392
-5184339
225046
-13107514
828375
5056905
-7422419
4007493
-4748849
8017397
-957867
-3434454
1277365
-7487589
-2608286
3348278
-3462391
-3948183
-7884417
-16352564
5018281
-5659276
-4836560
10604454
-4536969
4832
-5515585
-6996931
-14642022
1496616
-8864782
6538728
4557799
-11731671
-9105619
3763094
-12531341
-1211375
10076577
-704760
-3394482
-5263910
-4240485
3486002
9892744
-2843791
-4740583
-962587
4470176
-9547185
1261453
-5921071
-1001125
-7496744
3952821
-4190842
2926837
5532360
-14440176
3515352
7844570
-14838561
598048
2921151
9801078
-4975263
-13794842
-5271719
-692681
2520393
-3997551
3409411
-159954
-4274340
-14028150
-7685979
-7970519
-7056436
-712405
6923291
-15818112
-9658714
4197438
-8347382
5277028
-14579813
-12994992
-5800531
-3061171
6182149
-8601265
-4243721
-11493692
9808577
8370415
-2931462
-15031829
4620880
1851208
-10586220
8136460
-5982724
-4679126
5145429
-15664812
-12396659
910724
-3815644
-448771
-19315874
-13111898
5250643
-11979429
11880372
-3497334
-3341533
3654109
-454509
-6115226
-7860099
5897144
-1307092
-6295320
-1367122
2914135
-2812088
-7897138
8731113
-6725522
954936
7523963
770153
6740351
-5130148
-5207096
6851680
5202993
-1441111
3625275
-13808986
4311766
-12020018
-16039158
-6430308
4016377
2253909
-16049291
11083388
-745739
-2425197
3735397
2427215
532272
-7163483
323927
-1556885
-7253779
-1059559
3260667
2882335
258121
-6529267
-5333102
-3446068
-13516570
8287783
-3522080
-8071011
6347669
6102855
9155454
9878983
-6852562
-4921816
-11776008
-10274449
-15962380
-6637387
-7358450
-4989764
-10672801
-5328754
4350954
-6389223
7789967
-4447957
-8323811
9437413
-5060432
162535
-1236388
5616270
-599521
-3267041
-6818767
-419006
6922940
-9430488
-1276781
-4410547
-3959601
-4911452
470309
2892053
-570366
-6450672
-13324598
-11506078
-551087
-6685990
5728442
-4769630
-7783720
2800487
-2117345
-1736378
5229471
9773096
-12809878
-12426091
-7862829
4075724
-14071640
3023026
7929010
-6308129
-8448424
5530904
4229506
-8477325
103255
-3714021
1743871
-10643598
-11687678
-3349006
199165
2084418
-7878989
-7449038
-8475669
-2768438
-3167934
-6622943
4350136
-2136367
-706237
1608841
6247265
-3985799
6986720
4350
-13698706
-6412250
7226068
2383452
-5534627
-1825419
-2237799
-7511105
9158326
-3495055
8125875
-10162755
246052
762953
4232532
-7419798
3301803
12458503
-4761757
-9135343
9483419
8061923
-1786394
-14602070
2996895
8226281
1607016
-3395688
4229070
4439931
2067400
-2624908
-4701307
7666662
-10120275
-7403315
-14456010
1070482
-1925652
2314622
-12693568
2643853
10238533
10495133
5846991
5256145
-14254794
-12923917
-1116302
-11878162
-2482149
-9963178
-8708364
-1457971
-3347434
3575339
4079917
168137
689307
-564719
-8103652
-6907532
5108510
-16551098
-7291440
-8641983
2060498
5214004
-218088
-801290
4485714
-10065229
-8127066
607864
-14249159
-10811185
-5982651
2486327
-57937
-5587717
8794811
5937528
-10356491
-4616500
1596601
-12863992
-7989333
9749666
-4957477
-6847086
-10396369
-4553969
-6028387
-7034353
-13092344
-8071932
-4937714
-2190838
-1604430
-6858182
730243
-10321909
-10215148
-3583732
4430681
6427895
-4225999
-4927880
-1900196
-4859623
11330962
3913778
8153126
-1260299
-13042914
-7968012
-9481105
1408154
-3037182
6269382
9899629
2723230
112964
-12567814
-8405115
-1374867
8594566
-1550745
-8552329
-4895837
-9304667
-3367623
2029036
5066113
-10269828
4818423
10875697
4729155
385932
-1434988
285488
-5778092
4042457
-5591119
3852033
3818520
-9310168
-975218
-5763062
-4735477
8045420
-3605451
-20271822
-6875498
863386
-4918729
87858
-11564909
5592583
2741546
4420242
-15506247
-4202487
-8474027
-10667135
6803855
7552233
-2548089
975514
3413738
-2339311
1198926
390456
-8955085
-2598237
-9500400
2014930
-10354749
5745342
10188731
-6144096
-1986375
-2870319
-8748016
-5131133
-2537484
-1343061
-6746553
4701461
4299115
582960
-10041225
4000570
8530027
-12637234
-305154
-6252962
2709157
6449224
8658170
-2369371
-515474
-6974970
-2848246
599916
-8132765
-1542137
-1591386
-10191255
5750028
-1524907
-5453119
-3886916
-2539183
-6120134
-5939859
-236134
-15089836
-7457490
3442626
8944500
2935266
-7982110
-296359
2241656
-4702213
-6602677
4451457
-10254376
-13525066
-10173723
-9244582
-6308474
6104016
7694950
-6267152
-10111463
1872995
4256077
-8031218
-7555070
-6877631
-785997
-11809793
-2257659
-17316405
6471515
-11873365
-2457560
-8406061
14116471
-6774618
-4392784
-4239108
4888318
-596322
-14309368
-9694346
-2054747
2146899
-2891385
6929517
-3938317
-5281128
-2128862
4046253
-12513542
-8221314
10203785
5229357
5522299
453792
5761403
6095688
438700
-3863543
11020219
5050829
5927547
7429367
7034760
-8926158
3428663
4448235
998308
1444245
-11640392
1114160
-4238178
-6676554
-6645454
9392059
1432171
-2686547
-10908813
3621179
-15975097
1699
8730961
-8699499
596023
2608026
6109099
2765500
-6141420
1486053
-138236
-762836
-9179837
1036551
225681
314836
-9822446
-10656736
2933013
-3104342
-3963112
5231985
-9188087
-15079764
-8293273
-6121296
-1147687
6709211
11866696
-9590805
4102352
-1276519
-12247791
-10582355
-13175698
7783392
4774969
4788898
6584209
-9448754
2632984
-6601539
436144
-1294256
-906071
3477022
3955006
-1849702
-145396
6228090
567121
2091020
1497582
-4432223
-8370118
-13180695
4638096
-3197456
-4301366
-7177882
9166644
281656
-8138555
-9420905
-496874
-12237926
4766553
-4323712
-9857961
2805199
1312067
-9744203
-7580601
-7460252
-6734602
-2458578
-3292186
-7469651
552353
-5305017
-5735643
-6945314
5157573
3699123
1283162
-3255798
3576991
-12459365
-1046762
-3686292
-12522632
-2631997
-10860193
5193168
-179060
715375
542933
7132113
1054219
-2443828
-5349980
-1751306
-15059977
-12700692
-71741
12526732
-11547790
-4746794
6537992
4904364
-6160007
-11237666
2984762
-13051570
7555353
1333887
-5702646
8640006
7698125
7647520
-4553751
10293562
-59982
-10023349
141881
-7987613
-5847316
-11399648
9251197
9279877
1533444
2863193
-317798
-7979743
-1020858
-6406276
4491013
690775
4934983
-12154297
1725317
4498819
5324971
7109373
-8079990
-3726043
3094895
-12599851
-1499148
2815082
4051329
-2387413
7751167
11323845
2739316
-6215724
-158544
5314138
-11552866
-5146718
8424237
-3514056
-11899708
-2374338
-4753781
-2299810
-1929304
-4955317
-2988194
2039200
-8036
9735905
-1990579
-4451684
-9695789
4452822
-5952811
1368541
-9872733
-4728107
-6784496
2094143
3935391
4978631
12084722
-3041119
-7560992
6671803
3837980
3609873
14343032
-14308005
7756859
-5304208
7270084
-729960
8692351
-1880825
-495782
1628586
3998827
-2858526
-7415947
-10597622
-6739037
6963616
8300587
-467378
-14431168
-245381
4874159
574341
-9051527
-802783
-3111383
-4004105
9634805
2714135
-4469317
-5610818
5437651
-4711880
8248949
5611113
1145814
-4973134
-3950349
4732085
6621445
-1926548
-2410701
-2930278
-912795
-7598859
-1510783
6567220
-1590650
-4373551
-7845301
-145580
-9453775
7380716
-7914064
-7020370
-18470240
830861
2233920
4853507
7536420
5887537
2789613
-11437995
-1367394
-5453756
3110151
-12833140
-7910337
8702757
2648859
7366655
3884769
466170
-6007219
-14545597
-303554
-8503581
3069095
-2393600
-19985904
-15432862
-9848784
-6378468
-9115049
-13035080
855299
11743353
-1768657
2704326
-3402747
1304923
306406
2753809
-1396212
-4512052
-3512251
-7424508
-255314
-16351003
11594273
10437156
3042138
3291302
3692762
2799248
-491590
1803159
4908681
5812518
-9357410
2808974
-11561441
-7411366
2585511
-409883
2816309
312149
-12734774
-18608534
-5970437
-1875349
1915756
-6052566
-13104392
-11437234
-1901514
-5797301
7548529
-1220084
5059719
3152034
871651
-8039685
-11186795
-4708727
-5146539
3945349
2944037
-7906893
-5345257
-2635340
-15031534
-1061748
-5540431
-9387931
5987958
-11996392
3549534
7801080
4600605
-3404808
-2119442
-6828719
4904028
232086
172427
2786120
8418306
-11750386
-54154
-8579458
-4920259
193391
-242235
-6992328
-6805935
7479138
-13622241
-903362
4260235
3731448
-3065686
-7248952
-8876747
-5937221
2765342
-7201865
-13260872
-9370557
906269
-5143625
-2086144
-1747972
-1312724
-14678954
-5629162
-1496508
-515148
-2927697
-2924982
-15842887
-1148719
11519140
7553539
-3105124
1993489
-4186175
-12999864
3217810
-2507087
-1599181
-17345233
1056566
-3942538
6497571
-7564938
58328
8224144
-9015439
7332799
-16987484
-7238216
-6541682
-6754031
-1193220
-7929333
-9418405
-657513
-303672
-1306711
-1893470
3585456
-9631169
-10586355
-14070440
-11895035
-9959182
-5819002
4831220
13770337
-3454051
-3131648
5866466
-2789840
1564572
6461994
-941701
-1082324
-8778323
-8889173
-10243042
-4522317
1246824
-2458754
-6932900
1355293
623033
-2187997
-2968815
793636
-3673455
-10831980
-1568486
-7017777
-1565784
-11586293
-3971248
-7828206
1732216
-1935688
919215
-6084186
4602409
-1947371
4260796
-257188
-4859635
2411389
-3032271
-2428044
-2810610
-929511
-10705362
-11448657
-52302
251639
-3273001
-10717513
-6940324
-3175392
-3652116
-6834056
-1170647
4901886
-18641263
-4833525
-2239770
-13539394
-5357984
-1846292
8034823
-7181160
603936
-1719492
2185384
725776
6120248
-1929049
7253547
-5586663
3531931
-3672235
-1167118
-10149330
-3277081
1774585
4388937
-5138751
-9966767
-3517659
-3201427
7722667
-10045825
7862412
-3006772
-6387935
-8057031
-11057471
12815932
-7058923
2861158
-7355106
-4859402
-5536227
-8803760
-10725351
-707290
-8290430
155367
-1733633
-8058613
-8167990
-2080734
-4633180
-11733935
-5362177
8474035
-15022120
9431629
-11644625
-2308412
-8069068
-413357
3182436
-10605662
-4278146
-12486026
5296119
5999980
-8744796
9264536
-7602422
-6630805
6856249
-10856787
-8231486
8378065
-9979831
-1871371
6733683
-3095087
-6175319
-7937082
-14243121
3555430
-6531807
2353969
-984841
3287961
-4309965
4981155
3289064
-11113391
-7702774
-231232
-5600730
6477485
1265152
-5900210
-5317704
-6319313
6010003
-10752940
-849266
439462
549960
2960165
-3013861
-17775374
4267474
-19613064
-3484370
-5596919
-14180538
-3937268
-2726558
-6191000
3783459
-13378709
-7038371
-11774515
-1325701
-13578544
812998
-4462408
-7990775
7277013
-4198555
4571901
3646750
-12897937
-4298961
-7336502
9453909
-11692406
-6386506
-9023824
-8494911
-1696807
7726707
-6406728
2455748
2404813
4489441
-2560217
-11558290
1446584
-2660067
799293
-12452315
-4329693
1123785
-6357040
5424575
-10058017
-10005681
-8260564
-110468
-71347
989173
652212
1393535
-9175990
3159400
-473984
-5855700
-6004625
-16133169
5292369
442468
-5330481
-11722176
13185691
-11260912
-5631244
9154114
-2933026
-5442531
-6584668
-8139863
7934983
8594579
1478555
9782493
-11340863
-8411585
9825921
4189015
-3534685
12171955
-7877619
-4100904
-138249
5026464
-3969652
-6801247
-7235935
8275615
3785316
3717133
-6824850
-6184071
-674993
4579699
-3703276
3529400
-13391197
-9555165
-49330
4563920
-13686710
-2294511
5802945
-9589439
-5071612
-464499
-1748579
4580584
-10217439
-18088395
-2283797
-7519692
-16858339
-16461183
-3127213
1962391
-17329831
-13085987
-7759757
-1893944
940523
-11994116
1269589
-8004262
2685872
-9049933
617407
-13334992
-2863219
-3626782
8133986
-5154954
12602908
-8756020
-12861007
-3705441
-11665090
-5044087
172444
2761914
-1373093
-9612154
-9801878
-11510220
554319
-6482710
-11300429
8197344
-962000
-12257135
-8647878
-3106051
-9707127
5293787
-2453871
-7751607
-9702509
12441441
7552089
-13126848
-18968906
5809765
392755
-2920967
968624
7223438
14716760
2151129
5405754
2525197
808865
-7289480
-2912406
984617
-30794
396316
7670411
-1199425
-7723463
7483911
-6839912
-2278191
-13751627
-3463374
1393740
1786096
-13371222
3683869
2592455
-7142038
-11560542
-6323615
-4079279
-873042
-9506171
-3534752
-6911351
-10543190
-14725749
-815851
12000022
-5628388
240583
-596500
-1018902
3340408
-9153771
-12540120
-1482790
-10883417
4317040
-11200622
-12733921
-5691707
-4177447
-15789950
2319116
14298154
286186
-16702259
-1335069
-11880835
-11664079
-5472145
4861813
14487385
-4818298
2249078
-16050641
2316145
-9339805
-7719275
-6991969
-6906229
-4000599
-4832472
420670
828747
-9985235
-17010614
1216268
-4090391
2202747
1902160
-15682
-9189797
2204412
-13068465
5277561
-197299
9524180
-259062
-8363041
-8501611
-10871135
10344019
1974525
-4186776
1333942
-7708438
708288
-4467349
-6150030
-1270661
-4097779
1064092
-12952516
24583
-11642851
3500813
-16161741
-6209229
-11689548
4383584
-1402810
-6283535
-15481255
-11099138
-5179018
-11290644
5770165
-12572467
-1047403
-1525094
-1300458
-1124293
2316951
-3988050
-7555162
-16957291
-2392315
-6373216
820269
-8441123
-13107734
3373424
-4165214
3881286
208205
-6058396
5673540
-6094105
-6622913
-14635385
-1899741
-477879
174917
2595984
5150108
-13564651
-4117853
-6353936
-9822787
-12345866
-6572744
3286099
-3575195
-11968330
-8658783
-220688
-7960860
1990329
-13391497
6075989
-9788412
651992
-2504645
-3018856
-10191110
4891037
-675501
3771259
3501760
-13722645
-4791754
-5188090
-7826554
4336107
3634079
-8425060
4531730
-17308586
6918261
-655627
-6583768
-10397908
-12560322
-5870636
6889129
-4239975
5200756
-11676592
-11052120
-3984070
-12542237
-594837
-9547397
1362511
-7152713
-2067888
4099245
-8574622
-12218959
-553730
-2350747
341842
-2877131
6126724
-10659905
-15306454
-4099083
3923672
838407
1269527
149139
-5614909
3378571
-2168114
2098880
-3324638
7162535
3463136
-11023029
-1949270
-3808066
6341538
-344259
8595562
-2480714
8355187
-1841190
975572
4976279
-968039
-5504559
-5716994
-3917339
-8635666
-6290468
-846228
-10312427
-8766631
-456362
-10935891
-10406372
-2361193
-9974363
9520632
2864958
622565
4041731
-2557504
-1005805
-10174325
-8520271
2897849
-4876174
-2020394
-1275815
4051769
-6345146
-5066377
-8161403
6092370
-11881279
-9306023
-13158162
5172680
-11842899
-6172802
-5241206
-4419465
-7020678
3086548
-5379377
-9514405
-3145595
124082
-3668890
-4782820
-7306764
2821676
-5627663
-12171550
-1664773
2517324
-14681395
-10063952
9803667
-9109367
2134770
-2031441
4913504
-7339338
-1323975
6520551
-4881536
1661116
3333595
-1942029
-7573257
-5462345
10160336
-11572899
-1133913
-4972490
10324831
562270
-3178307
-1936296
-15681290
1403949
2304972
-1026575
-1160094
-14973131
8777467
3155551
10954737
-8825747
2594342
-1423053
-534229
3609749
10074731
-1434563
11971797
2775537
-202194
4905755
11554397
-6329634
2001335
-10591842
-7134003
-909899
4626284
5032111
8280488
-12820262
984319
-5490229
-14532535
4175544
-16457522
-1796149
7887781
8334147
-13489310
-1189566
-8992630
32136
-5673178
-17274652
8690313
-3779079
1474976
2260018
1651493
-12461384
480392
-2717562
-11382926
4015502
-9354555
4682346
-6235977
3916122
-3654449
-15386740
1024429
2291960
2427512
11034576
-1375791
-16353025
3583659
-10598454
-3537304
-946101
-15139897
-9182563
-10256092
-7595014
-8243672
14563246
4879313
6339867
-12131334
2421265
-8290651
-7046873
-4390686
640608
3686028
663175
-6615212
7952148
-5218403
-2865039
12275897
1965054
-1720472
-3734706
-11353310
-2457496
-14895914
-3137197
1382438
7344362
1243514
-209371
-2611158
-273049
-9223036
5976165
-10127997
-7502312
1590110
738825
2362176
-17358844
8674690
-1861363
399145
-4964841
-6677227
-1495464
11889509
-2230149
2696181
6214853
-10392629
1987732
-14589098
-13471543
7702706
-8335946
7812817
-2227178
7663053
-2454273
-6610788
-2325036
2755583
-5270170
4309766
-424227
-4596562
-16132965
-4376753
8250893
-15897743
-16373154
-2777648
-11108908
7543940
5169360
1524261
-8050511
-2464594
1534898
3719135
3672321
690083
-14325385
-7583311
4998867
-1298272
5019858
10573484
1343273
-11642952
1801072
-14242493
7378178
1013468
-9641565
5947336
-5319448
-4456433
-6685683
-8420694
-5386989
-6854100
-11808127
-10388577
-7307725
5193193
2255115
-7728756
515029
562543
2505657
11756502
8899061
-2768794
-407432
-421122
500689
-14979928
-6100469
-8307399
9893464
-3186214
4533847
-63412
-4598647
1071224
6639503
10058897
-7624533
-9425717
4527684
1765502
9018120
977248
2127919
-5028754
1185889
1780560
-4304466
-7719475
-6938290
7022494
-1780280
-5075270
-6574839
795281
-8737035
-764472
-14079430
7456467
-15523249
-7384409
2612994
9336091
-9426532
-7225730
-12854484
3464859
-6676928
3653476
-14952198
1186932
-7868975
9033057
-8528454
-3870635
3782073
-12892171
-3202401
-726477
-14161925
7470860
1412660
808993
-8221304
-1487756
409527
-12278055
7291823
4509145
1809491
1514101
-6664786
469305
-14618710
-1603435
1448219
-8073648
-10805970
-10818784
-9821780
-11734960
916031
818761
-216012
6152723
1616448
-12342831
6629286
-2251727
-4959393
-5631542
-3623682
-6388481
-3339027
-4004355
-15653290
3393624
1540881
-20419137
548039
-10019640
-12056704
-4610750
8632436
4725007
1244884
-2785716
-90421
6013788
-4768047
-17256352
-15382981
4100166
7085113
5081319
-884792
4623107
-4372783
8828862
5138548
-5080300
-4836401
52381
-1596205
11512652
-8601732
4472324
-9283971
-4194782
3711642
-7452993
-1386801
-10443218
10019709
-8643656
-5714148
-3394510
3408282
-8008745
4301034
-4971873
-2597371
-4449722
-2612585
-16646585
541696
-4192494
994705
1261525
2498508
-6051749
-6003259
3268370
-6885201
-1546115
4078330
2761889
8857730
-5641283
-15610933
-50211
-5001772
4783109
5255646
-16987995
5809901
4363986
-16828342
-3664673
1472035
7625403
-6999958
-7718515
-6122325
-11896290
-8544681
8576216
-4830210
-3191889
9365788
-5253812
-15312294
-2034199
3146266
-5907876
4686467
10119724
-4456229
-3138183
-7360688
4135284
7491545
7652336
-3874938
-4585728
10970789
-7856701
6413701
-8196408
-6595779
-12626320
3711425
-284489
751721
-7409651
-1558448
208791
-8748355
-10456395
-7969975
-1018162
8440283
-4906384
9286881
-6392587
902293
6641658
-2140926
2589579
9249135
-8820584
7316375
-12232127
2249305
-2182666
10676781
-699306
-11401872
-15532708
-10421675
-11327821
-10229482
-8710349
-13227582
-7459695
3970161
6961
-11282931
970463
-7904379
661542
-4946073
-13003752
-4059959
3298495
4201617
-2964563
-888302
-5306848
-6775419
-3407
-15755029
-14124454
-13405210
3688302
-3942545
-2713108
-2942252
8275718
-2981982
5495617
-12245152
-11308510
687142
1580
-9344883
-5560822
-10534856
-6104232
380747
-7548606
-4202018
4341078
-4369519
-4309473
691726
-7308587
669209
4597271
-13343931
196294
-3010857
-10956307
7350473
721678
-938206
12883474
-6844284
-2262777
1617958
2053359
-10833865
9958477
145668
2008827
-8330143
-1282452
423692
-10628213
7508928
-6642051
5611478
-8919853
-678473
-1841333
-452040
-6925627
-4395871
7010897
3176558
-164785
478096
3717140
-6018851
-16454919
-7458059
-17073031
-6683975
-15724125
-7634694
-2909237
-6951630
-6661403
-10201407
-2865728
-6858558
-1804112
28343
-11493736
-429644
-6860381
-6793169
-7159793
-1513933
-4177458
12959852
5287656
7441585
-1595286
-7234431
3038528
-2043815
-2087880
4785108
1599592
3890641
1316559
2845776
-867106
18662
-3873485
10206072
6835229
-9456192
-5477524
1248361
1337308
13798845
12834982
1207724
5058828
7292549
-6513575
6721535
-735369
5888868
635656
-7880583
-8123939
3073700
7131505
2809663
756532
8204259
-15244950
-9270129
-6683501
50777
4483421
-4643072
-7552171
-2941308
321809
-15305211
-8602498
2810233
-8777446
-5755961
-8640193
2744609
1558090
-11752741
-3910629
6593119
6459293
-13912359
-6769194
-6385378
1865869
-2259385
10775791
4788656
-1102130
-3819709
-2918219
-14281459
-5527693
-3554622
-871738
-1557279
212975
1646917
1081437
-895090
-1001491
3243393
-7391230
-6982676
8239843
-818665
-7358137
-6903116
7489930
-636565
5102744
2433817
-9806943
1284829
-11120154
2554766
-12463179
8984781
8365376
-2001742
-11973384
-518219
942155
7446981
-13952099
656581
-2347116
-10223655
3978325
209555
-6607112
-2370913
-10551883
-5735832
-4803164
-5176294
-11769218
-295851
-2927114
5359861
-466052
9005104
-5722427
-7091129
-1220018
-12316967
8750591
-3525647
165769
663289
6265454
-13008514
-2855411
-7332438
-1062217
-3262132
10528158
12080454
-8812589
-494787
-3864189
2523982
5023736
4060086
-1880945
2205164
-8520259
-8007362
3587146
-1018565
-10601048
-13463577
1719039
129349
-10163403
-1481403
-2305741
5182067
7626004
-2386141
2875841
8129466
-15171099
-1778464
-135634
2209988
12804680
-3181163
-15695534
-12547482
-11310264
-7583953
-365992
-6248088
-10428128
-4652285
-2297568
-14964161
-7820306
-2902995
-2071001
5639202
-8173861
-1038815
-566923
9643481
-4263011
-3146747
-13926809
-12945883
-1865567
4108092
-7912219
4357507
-1036917
587697
3130787
3082020
-450351
-17672849
4676103
-7737290
-8167734
-13402232
-3076730
-637342
-3836193
-3716985
5533119
-14534223
-1098097
9186775
-5402849
8536048
-7605386
2149770
-2642370
-13230506
-14225657
8373055
7496444
-5717307
-842569
2426429
11199557
-6372564
-9973938
-8712272
3248692
-3943684
-4454655
-841613
2069644
-2816749
-15905042
-3383004
-6192770
-8087825
-4781138
6989246
-7524416
-4085296
-1626050
-9168408
-10662098
-5378682
2644211
-5939660
3380932
-5629740
-12643789
-12658753
8779878
6871913
-7504694
5735412
-12224706
8410667
-4557706
-6723071
-8896438
2349694
-8784803
-3104606
9074829
-1814110
6067301
-587971
-5565392
-5672460
-1295286
6731504
-1871537
2932592
-4380319
-10535042
-7417583
-2679452
-4904645
4448286
-16090623
3325737
-16983233
-11388386
-4068818
-3260821
-15591406
8654731
-167023
4843511
374110
-8884328
8887622
-5876453
-10025519
7954459
-4629032
-13145221
330190
9274377
6839244
6850849
2076490
-5991765
6129023
-10871620
863231
-6327513
8537039
-2726088
8412106
-11304780
6509587
1953121
-6185012
-16391165
-5332836
-14489109
2535187
-4953865
-11743303
-13873102
7726736
1383718
-5025314
13213752
5184382
-12528740
-2994323
-3019689
-9347095
-8534225
-9567795
5785628
-13294070
-720641
2961806
-8950972
8082560
-4049557
2795992
-11625451
910899
-7698005
-13148989
-8768582
-3896440
13952124
-11698777
-1106201
-2953688
-15256622
8959088
-2076383
-9580897
-15019795
4822861
-3645014
11667124
2041856
-8885220
-1840511
-4279368
9395843
1363641
-10797583
-718070
-6502134
-5618057
10075060
869508
-12061330
9479507
4049554
-737024
-10169228
-14851494
9544748
-4045803
353377
-14169479
8314696
-5704719
7862234
6409732
-7709401
-4096604
1663849
-2879395
-2245686
-1600426
1089281
-754362
-3970252
-10696179
-2729336
-8179638
-6741245
-8345930
-6061486
-2046138
-15028740
11755400
3776543
-16474384
-5992940
-9835217
-387017
1941358
-7861086
12598864
-13107505
-6228600
-1194418
-4110729
5696039
-12082500
9152318
-10191949
-5473438
-9879600
-7288470
-4077356
-9585507
1424361
-6371414
-4536333
-17351555
-2554063
-37735
-7497683
-5794402
-2832948
-7800216
8379900
-4788947
5018923
-6808471
9072439
1408219
-4765076
-2041934
77463
-6836686
1515287
3634470
4727115
3963497
1778743
11661747
-13616931
905750
9498289
4775200
-2753217
9166789
6741306
-8388822
-4825652
-4992926
-13475597
-707248
938246
-11195219
-3679363
-3255081
-7678546
-2567273
514154
-1846660
4721625
-7636432
-1318303
-13088812
-11480503
9420108
-39776
918683
-5317692
8261888
490824
-260263
-9075373
-5540735
4483745
8253980
4820759
4375653
2454329
-5798428
-8512773
-2205086
-861646
-9474606
3104602
-4313787
-4563418
-126190
-14529803
4014002
92592
-14180435
-3242721
-2464400
-8817183
1143454
2113017
-16494430
-13429296
-7932299
-296611
3416552
-14114523
-6930004
-3294969
912353
5036341
9504939
-806155
1996199
-1835250
-7207070
1372086
-8969973
-2043224
-5204483
-12358969
729779
-11100989
7114180
-20505060
-8991534
2192446
-2065262
7000414
-10902548
-2767894
-5500474
6256578
-12866746
3492652
-6621604
-4167880
-1514889
6395079
-6954040
-10968005
2256898
-2573285
242090
-14281888
-8002943
1753588
-2602964
3315225
2402123
6076315
-8311521
7050980
6249099
-1768853
7661516
-6299098
-9494892
-9003351
11552248
-14028468
-12351321
393502
-3972250
4272401
623311
-6377127
-15438436
-2841341
2038656
10387550
-4918455
-3609789
-15452982
-3722346
-1565687
-10686676
533059
-1234693
365891
-12507882
2551840
2223522
-5773975
-15276457
-9299020
1201441
-9138447
-245084
-9476316
6008830
7707645
-14401155
-13995064
8783477
-3630223
-9843798
1631342
1576946
-77910
-9954575
2895158
7901470
-8145312
-7030462
-7005154
-6292433
-8799206
3538699
-13095957
-6363962
-2631768
-167821
-8220497
4213730
-5268957
-12891102
4922489
1061711
969448
-4373799
7813095
-11044579
-12704278
-6778058
-11636310
-7487311
-5997269
5679344
-7960835
2706864
-11543489
-13036703
-442965
260238
-11173306
-7082293
1953961
-15425668
4379805
9544243
-13413231
3789114
-5849248
-7443278
-3123829
-632863
455310
8390516
-247348
-9807682
421244
4213990
-4099060
-9297224
14463556
1210749
-9859472
-4691983
-8087601
-11363457
1326717
-2580552
-10365628
86928
1390239
6198693
5782604
116786
-9084692
-6177435
376664
4762993
7451537
-1315877
6972407
2127620
5110308
-5102180
-259830
612996
-9991353
-400645
1393434
7421259
-9318196
4081180
11680316
3014441
7532202
-11646598
289407
11677935
-797379
-11587520
-13386943
-2205234
-9467070
10282903
10315617
4938688
-6906796
2715054
-4273467
1151376
-1102912
-10455588
-3257783
-6716492
-8752555
-11824698
572493
10961995
6680828
3782038
-1025477
3895304
2726804
-15669654
-3399408
1313009
-6874300
-4886607
3440645
2461273
-10973594
6414948
-1864664
4681756
-394161
-4423798
285911
-5244202
5708718
9149483
7527068
-2426438
6025685
-2019904
3426917
-18170784
1115279
-6555269
-11830328
7867184
-4299710
-546455
-6609414
12620
6783548
-1082310
-6065762
1200717
-6407419
1765528
4120673
9249826
-5727168
-10698239
6256844
-11209171
-815250
-13903247
-13070142
-10802137
7748981
-3346122
-15217664
-3871965
-4044076
-9462194
4386301
8870966
6554304
-3679865
-499099
-8377972
-7839237
-2573794
549521
8500631
2587335
-5172923
-1208403
288019
-10544393
-5383293
4607490
-4080090
-9805966
4917185
-12564789
1439132
5585461
7613313
-5109622
-8325061
8619310
-2503514
-4318065
5759900
6871698
-11036761
-5464134
-172337
-608878
3424935
-2376586
-1383705
-17264911
4398544
-7820826
-6671067
2929733
-3606204
-1609008
-12957268
-14373587
-12159489
2049551
1301407
-3983806
-5351680
1772144
10091904
-1328934
-6782109
-8808556
-13181172
-6911885
7818245
9576985
-12094654
-7559277
-181170
-4810055
-6607049
-5178169
-5917540
-6741970
661161
2880193
3173892
-8342410
-8463766
-11990826
-6481259
-6731794
-13214232
-7421133
151170
-7930941
-4443646
-9188150
-2112561
3007952
8208904
-8629479
-5064818
-1487808
-10198028
7496748
-7657454
3386104
-5130912
3387889
6965540
-1331459
9107058
-332762
7625013
-1966145
-2840438
2516695
-3220188
-8997820
463557
-3246792
5195170
-4606533
3050933
26407
2119977
5967519
2677982
-177312
-11069503
1573704
-9203513
3159250
857309
2589540
-13866935
-3655824
6473991
-5156818
-5906698
10918669
-12938787
-2151441
6170175
-5848039
-5889562
-3721255
2115811
5843331
-5285647
-13586017
-2853226
584742
426709
3599145
-1379073
-3148139
1604679
-9209968
-2241224
-6563854
-13248411
-4173157
-6783077
9013179
-9140740
3997416
9333972
1091505
11101852
-7270106
-17055983
2389819
-1295200
-13486904
-7392989
-825135
-14212866
4844800
-13188772
-7601135
3400741
-3803096
1496591
-4947281
-11969137
5529989
9706791
1089985
-3693369
-5528717
7367820
-12361646
-3088885
-8267132
-15420700
-7667759
-2317510
-1100641
-3193221
-215927
-501362
-734506
-8160464
-9915376
-7657574
-2173386
3760405
-11994913
2228933
595518
-2584480
-4510154
-1933286
4255306
-1716786
-5371495
1600401
-6811660
-2238455
1594016
3370980
-8590954
-15980161
-10152252
-5056019
736472
1149787
-12581752
5774216
-2828147
-1108294
5403025
-4650817
679780
5368531
-352651
1524614
-4823786
-2018227
1117663
3006415
-8387448
4334747
1805896
8973513
1699081
-6876102
-9505650
10676070
-9547786
-9120064
865039
408057
7399584
-6625626
-1149541
-7403637
-1421068
7006302
-5323391
-9463730
11945264
-1043858
779092
2307638
10149191
-4153526
9306367
-948453
119790
1065715
-979971
6037502
-3024155
-14290092
-10911869
-5745814
-18836288
-2510961
-16438102
-1643259
7052038
6778229
6648466
4160222
7534165
5833135
-7023023
2410270
-12744716
-16007899
3821068
-2493413
-1632193
2544332
-10542827
-1845512
2666813
-15270004
-2318749
-476913
3213381
1717581
3576454
-11956403
-95501
-4812236
-6303788
-843469
8306654
1948325
-2127123
5456080
7259481
-3035678
10771287
-5930249
-2451999
-243609
-10720050
-1366394
3183623
-9349991
6240008
3842729
-15818337
-978700
1901644
4244732
4489141
-4059968
-11351326
-5685532
-6145017
2222726
-1394866
718395
-1727303
-6770629
-7935101
12895977
3872762
9715758
-10331963
-3471762
-4035232
-4747216
-9578047
11887490
5424996
-12367600
-8215574
-9912655
429603
-5144628
-8474125
7371478
-15637660
-2848567
4830990
-10038244
-18760717
3204192
-9993381
2061318
-10808342
1686525
5549266
-7088527
1298507
1331218
-8382569
9230640
-6655684
4413849
-4915240
-10357905
4033552
202600
-327276
-2677105
-4743616
6575459
-1325159
564197
5646062
-14734359
-11297903
8068035
7258415
-1216503
-1545145
-9172222
-226652
13087082
-3243706
-2077415
-2929603
-3666048
8941356
6600299
-7474930
908239
-7496849
-1643763
7465184
-5803589
-2332109
13202528
-4414521
-5052780
8611830
3180944
1654020
7930245
-6844643
5965268
5002428
4481627
-3557577
-8725760
-774751
47071
1909428
9880639
-7652288
400126
1624703
-1367433
3880544
10866788
-14656436
-2023065
3434725
6893959
-8230105
6771654
-508628
-4033925
-1547305
-4304220
-12591955
2967772
6755492
-8158247
524685
2843398
4290043
-6337317
4022381
-2607859
5138303
-9175749
-9889351
-10631654
-2704553
13995695
-5150689
1387080
-1752310
-11387578
-11117520
2411119
-5141987
-7735799
-4090299
-11256898
4769543
5335956
3090610
-8029153
-181045
-1142070
2829989
-1388844
-9969692
-6268841
-7709989
7497827
-3651605
4005852
46055
543329
3376253
-7859013
1497567
3100298
-1300358
2780555
-8639194
10663951
-12682477
10354201
-1381502
1073005
-11399490
-1881831
-19313461
-14103412
-3304134
-3736885
-8207679
6062795
-5441166
-8056525
630296
6276798
5534126
-11644165
-13953230
125203
-15063359
6761237
-4694048
-938564
451063
2858835
1381625
-333802
-10079445
-3839624
-5657240
10536704
-8023775
-3597891
806225
9399652
9273881
-8838079
-2235163
10633992
-12057329
8287549
-6421550
-13106906
-764258
6998240
3313666
-11678215
-1254476
-9604829
3614143
1827052
-1991948
289652
6998715
-11866635
561585
-6339294
-11973431
1733842
-5458824
-7447748
8183569
-1127905
3169564
-16507825
9137012
6501564
4346494
-10124848
-2411092
-121447
-7333101
6557163
3875343
-13176126
-5392980
-9733068
-11705577
10367293
-3485973
-5971277
-1446836
-848565
1149379
-3715202
-4916186
-4142590
10297125
5811080
-3307078
3873639
-2294779
-7307073
-12089434
-8601235
-4719345
-1432813
-1886188
-806464
-774752
-4011462
4727608
-8725654
-2907888
-3511239
-2072051
-6425999
5105752
-1523957
5867713
-7113821
-2303034
8528325
-5292898
-979447
10091193
-8484795
-15370515
-5523425
8405885
-3936777
-8981171
1588800
-10023048
-11044230
-10451472
-6984195
-3073909
3749255
6899498
-3283865
-8430357
-8062252
1192434
2393983
-10631369
-3682063
-7622448
4743504
-4809914
5514809
-7573662
-7580165
-14163949
-1960503
-1209858
3909353
-14163055
2292551
-5024574
-13539223
-7637955
-3154913
-6393537
-1236549
9464238
3369206
5452179
-11188682
-6088537
4906064
-2184033
199674
-1754964
-6249352
6256681
3555880
11147615
-15877622
-350817
7197499
419556
991576
7659283
-9768670
-10674593
-183516
-15570325
3364636
-3690479
-1097146
7922967
-9032739
-3868709
4960265
-5976064
-13875805
11282659
-4908415
-987850
-12583862
5282404
-1568680
-630073
-1605438
-2378593
-363398
-9288478
-9106135
8788358
5022633
199420
7095325
2647114
-1342553
-12105347
-6903239
-533781
9806566
9130976
-3101012
-4949525
1272943
-1738297
-15401437
-2053026
6315594
-5576096
3793817
3223580
1720847
-3583043
404646
9680073
-8052991
-8730742
-11225758
-10908085
-285152
-6273990
-5424013
1192480
-6184072
-6579694
897798
-8483111
-1355064
-390194
-8465174
2458677
-3111528
10141652
-9732698
-1794381
552550
-12326486
-3187595
-9212612
10487043
-12552913
-11422514
-8089927
14944
-10918099
-2922329
-8849567
-4495872
1327709
2189042
-16120215
5811931
3545685
-11026630
-445112
-5056252
-2768797
-6056548
5953146
7684385
-9627947
-542307
-5689798
7746354
-15599451
-5967138
1900206
-11083465
2217595
223521
3608383
-3520250
1148743
108938
-17176153
2416237
1865379
-1656146
-4995499
6192681
9845727
10558759
3182867
-53331
-8720358
-3178189
-8042573
-11454684
-800293
-2124510
-3229711
1170405
-16046853
-6246477
-341534
-3113102
11152966
-348176
-6969301
-6055131
9018278
1657104
-7846884
3930870
2999155
-13641656
-3137897
-17463143
-11227031
-8062658
-976838
3086281
-16470264
-6392062
-8232643
2563881
2808075
-1435946
8747967
-3122129
5846489
-10014576
3913047
-9850031
5780963
952459
-10872570
-12361549
-13560071
-200365
-11795635
2877471
95941
-240080
-443087
-2949311
65632
-10818600
-166032
-4168434
896425
-2253895
5408033
5230952
-3283690
-808824
-4753983
-2315920
-7256275
-129243
-13796689
-14437455
-946410
-3618439
-1913269
6316228
4053214
3534998
5052916
6933679
-5298876
348777
-11924552
-4893424
-9160630
-4759948
5913756
6440760
776029
-13846898
968614
-12660659
-8902974
1524989
-16543339
-5768946
-646967
-1712794
-1849558
9992295
-14876437
5142336
-10332013
-1528258
-6413165
80707
-1836869
-4033793
6573564
-3102701
8372184
-1528311
-9556524
3305645
-1384016
1146758
-1164028
7079691
-1947587
-4762609
-16017415
7135936
6778710
9748103
-13729508
-716629
-9716188
-8970917
749322
-8982296
-2366304
758688
-8761593
9979757
1374938
1015030
4744963
-2775547
-498465
5592895
12839338
-4475238
4645057
-5238459
-961407
-2478459
-1246709
2128656
-18015728
-8051503
2672807
-2362819
-12480233
-1602570
3886830
10010738
-7275743
-891464
8623316
2823197
-142632
1465443
10579458
-8602048
-12761166
-2842608
-2248705
-12033860
10849002
-5077149
-4169129
2817757
-3496967
-6050811
-4788816
-12283420
-6995158
7872834
-9514496
-6778796
-5649560
-4025302
-8657456
-2215657
-8520737
-6200936
-1955417
-14543274
3958421
-2187815
5240276
-6133637
2716084
-3484550
-5402235
-273009
-1700951
-6072804
-14055771
-3188310
-5137552
-6698646
-4929205
-7873738
-5994557
4135021
558983
-5570967
2677070
7404831
894115
-868623
6101298
9788469
687820
3947370
-2455454
-6187315
2890193
-3265259
-4327974
202531
-2929075
-6287836
-5216359
-10318035
-3712913
-12349899
2179287
-775981
-350684
11824455
-10805947
8661808
-10566318
-1125931
2941034
-4618754
-4911298
-8586117
-412822
-15902576
-13757445
5562069
-7708802
3094401
5973783
5144838
-12350797
1697480
-7244425
-4477095
-9040430
1774304
-8982729
-2432249
6019567
754286
4306872
6990199
-9549081
-950733
-1676270
-6870745
6157188
-3275002
-3689805
7757229
-13137439
10875020
-13052343
-3265465
1625865
-8026599
-1702783
-865625
-2486088
-6054484
-5191314
-4937337
8219453
-4648417
-4283131
4109120
-2054495
-4064663
1569719
-8337826
-2577579
-11259913
-2009719
178243
-6413198
9093072
-4339354
-1792728
1340630
-8100671
-3341540
2359406
-4225646
3269939
5075633
7841414
7539180
-9417083
-5424923
84378
-7263140
-14462929
-11523449
1734481
-4665379
-5282366
-3449117
-1335549
-183487
-15809248
-6720983
10020178
-5552461
-326462
-8988649
-9501936
4972052
1336030
-16972939
9427703
5770600
5873793
-7036291
5006204
4035790
-11832120
10441966
-7854998
-10100188
8760428
-12734715
5877656
-10236676
-6594049
-4304346
2018912
-10709667
-10488099
5436801
3253
-7589810
-3904393
-4391547
-10621735
-5446376
11541075
9017325
4172294
6103960
-1726239
-314771
-16386221
-5963526
-1020852
4469857
5698550
-11263485
-14427750
1308690
-12541175
-8472082
-3434614
3055769
-11940624
1457183
-6813055
-11472166
2017044
-15535879
-4947491
4381375
-3689691
-10137005
-1157421
-5156249
-13456134
6403854
-1125257
-7900383
2098331
-3747111
-769768
8169789
-13657428
2651035
-2411604
2882656
-7890646
3927624
-174056
-9911949
4560987
6206054
-6562482
-1546779
-2643827
8220345
-5841195
-7693480
7468102
-6430996
-7640164
457390
-35889
3027580
-5072325
-5735520
334635
2925201
8284966
10365814
-2712035
-6243968
4713795
-6264866
-7705235
1479810
9338192
5312238
2984426
10399828
-12778408
-4974002
-7447628
-10540262
-16881213
-7687687
2095043
3730145
-12820337
145564
-14196813
-812411
-8904611
-6033362
667083
-7025051
414755
-1559058
-7606468
-3592329
-10739858
422437
-1049761
-10030745
-5864902
-8756621
1250582
862744
-3199603
6867246
1718492
-2327189
-15842937
-3464998
-7852988
8950695
-1821432
-683776
-10308463
7512475
-1991483
-8421813
-2162181
-3610422
-4853331
-3995407
2570097
-4311736
75720
-4764653
-2917551
-565680
-5221959
-2158232
-5125981
-3060382
-3706948
-4519632
-2523587
6676509
-10292572
-13603471
1827438
-8170120
3204658
5237300
-5694827
1433918
4112830
7034798
-6505908
-6496772
-3668155
8370729
3993807
8093404
-11426847
-6428021
-16439282
-4051287
-2432731
-1932630
4874391
-1127969
-4745494
-13408785
-17632089
-11664775
-9277100
-5487830
7319929
-11882287
-8364288
-9250237
-11490886
-11200285
3732929
-1038226
3362941
-3509020
-1908093
-4213108
-6028267
-3681392
-6836538
1661657
-2569607
-1322621
-7322533
-1841768
-1218375
7275010
229214
5398272
-5714325
1914293
-1397020
8813097
3331338
-8374273
-1339306
-15515793
-11447085
-9457744
2167378
-4519634
-605833
-10309831
-3616619
428020
-12353079
-698613
-7694199
-2735415
-11495581
1165561
-5955867
2523953
3353516
997925
-498909
5424115
-9990131
-2352297
2078476
-4285154
-6610625
-3453805
623303
-19670840
411339
-204217
-216517
-206940
-15507584
600123
-3780579
-5776841
-11077444
-3108140
-8764434
-1282700
-7645201
2788234
-2594207
-10821495
-3199316
-3117339
6178449
-1886715
-892148
8969894
6432691
-7715806
-5660945
-8436245
-15951326
-9686193
-1929785
-2880621
-4442398
-3727943
523711
-1834418
-3191715
-9330139
-12819632
-7241415
-12883652
167784
1074575
6931767
9918227
5313449
3647122
-6376833
365352
-7412286
8118893
8496446
1413080
670430
-8563623
10490787
-7604698
-14791990
-6492788
1224642
4459456
4453947
-2918115
-11941371
-12460776
-6531472
-2325151
-171361
6052345
7838259
-10667226
5914187
8780194
8716464
-3090395
6096950
-3861659
3404977
256144
359641
-5897261
10980961
-4465874
-68448
12405452
-8305067
-4114971
6686729
-715843
3163483
3476360
-8039092
-6323308
-4290160
-5833989
-2760571
4556347
-5813026
-4409582
6615023
4861900
3946512
5023088
-11107616
1911054
3129931
4171673
-7982462
-11351736
-2636666
3668866
-9159174
259926
-4530900
-3248440
2501493
461709
-12249264
-6710856
-20478488
4939486
-3280695
2320286
4522902
3576506
-5734706
5524968
-6610494
-543351
-1211279
8762440
-16332173
3854732
3666517
-13082060
-924360
153630
3948187
-8331351
-398381
-12774790
-748037
2173479
12093436
-8684628
-7690868
-9004216
-485357
-6261333
-18444975
-843583
-10424990
-8954883
8660511
1784182
-2817910
-5696692
10070777
9771346
-2950461
-2775034
-1513571
10776886
5343434
-12573486
-11638390
8035685
5644766
-5956742
-6483414
-4861743
-3222352
-8386208
-7491691
-9960639
3724667
1855354
-9976337
-8794521
-4076672
-12883278
9260791
3469145
407017
-3217336
-3874433
7828807
-10798920
-551300
-5140312
-3279617
-19988302
-1311345
-1429282
-6835713
-4873440
4333796
-5894067
-13233435
3902558
2848949
-5265585
2520702
-2196465
-7989265
11551541
6719356
-927018
1303393
-5043423
-15452983
3423996
-11668030
-533701
-2441872
-834034
-4298259
-3595146
1759151
-14049316
6350047
-12362689
1656516
-3793676
-1244297
-2853355
-12978144
1844644
821454
9181533
3565635
690134
-5100032
4241687
-3386896
-10624029
1823654
-8233262
2650790
-6491490
-421321
108849
-16055124
1004457
-2193989
-2158731
-2111661
-322310
1075908
-101251
-5929585
-11601735
-4491164
1963931
7430087
4870166
2057741
-8186677
-8325731
-9636962
-803331
-7188752
-510179
4841027
-3794667
-4919648
-2192272
-172081
3592930
-6177672
-7336102
2249690
-13636793
-13098880
4994014
2944125
-9495333
-6959051
9599148
-3731746
-16128678
6456007
-3995292
-3813234
1571460
1951327
-15249619
5143387
-269591
5139545
-2178915
3918070
5120607
-293205
-12991371
-15664190
-4153116
-12749706
-6706038
10277055
-2452197
-7836240
1100251
-3468706
5903366
3810390
-11852806
-1768263
6997608
-15440253
-9268998
-10240939
-433729
-5045574
-4348555
271707
2693011
-3848849
-12529222
-1510092
-1503795
1901387
1240838
7325640
-1815310
1264164
-1910903
-11596747
-8030372
-9348364
-6029845
-2085018
3005157
9234803
4978442
-7445138
-16240187
-9359716
-11172999
-10044838
-7444827
-7216074
-2393177
-159186
-2045334
-754383
-1922989
1908331
-11018648
811907
-14042450
-3527475
-1041790
-6369842
-3109012
-15299018
-7256545
6260019
-236846
-3409158
-11390044
-11716633
3957525
-5686760
2090271
8970650
574020
-1815624
1988901
5884078
-10628527
-82946
-6879054
1539233
-2056991
3510939
-2603203
1146420
-7257076
1424222
-7386568
-6734123
7032871
-9124779
-4300561
5015743
3644915
-12633040
-8622180
-3807305
-2572027
-8735918
-6260692
1282124
-9452332
1411163
-15754020
-3197681
8201659
9300784
-8683464
-12889891
-947458
286649
8724654
1507139
36805
-6291063
-12436407
-1209446
778042
333971
4850259
5975578
-11707882
-4510029
-8502769
-5143550
-3365133
-11703829
-16185996
-7437399
9030869
-4687505
1654819
-11486779
-4127396
-5277915
-190756
-4559276
11233119
-40088
-816851
-289243
5760106
-1873388
8501357
751260
1116451
10039890
3025376
4389253
-8623992
7128488
-4061328
-4919263
-8272903
2144100
-6318927
-6244431
-13677517
-2186223
-9516760
4066196
-4987849
-9747290
2962164
2511978
1224155
-15984198
-14507238
-10432483
8062793
-812244
4690742
-11220008
-3614550
3589808
-9398415
-6437188
705570
723361
4326364
-2255684
-4607075
1242664
-7191657
12612111
3285492
9227284
-5599191
-2924602
-8664958
-433172
-14445607
-651215
-9354192
3066334
-4627435
9359840
895248
-5208727
805800
-8451834
-14239288
-15476550
5597648
5410173
-10204206
-3515767
-11186302
4398393
4164387
6931482
4112476
