-4820180
-259107
-3833801
-1441813
-11439084
-12205980
1788589
346027
-3663363
-1587873
-7345488
-10356305
598884
-504428
-3248822
-1275738
-6569987
-5413831
394735
-3005029
-11001496
-1677823
-1171099
-5732904
-631253
-2416118
-299732
-2371793
-9380831
-9685260
876373
-3073437
-5902667
-1330751
-6365877
-6037742
-2895496
-1549198
-682340
-10747327
-6323721
-1215015
-2482568
-853253
-1024726
-7125757
-10300990
1027021
-8061585
-3306882
-9714877
-8982499
-1690180
-681283
-1446208
-6722551
-11243263
-3662101
1774449
-3253852
-3948360
-806125
-10909571
-8923603
825276
-7264896
-203101
-3677661
-8438568
2429694
-172648
-6828103
-8473375
-11469368
-7481071
-3578014
-1567948
-6235495
-7970721
1034378
-8578566
1414130
-11446246
-9283652
-1053290
1853649
97408
-11204469
-10917017
-11984337
-9338383
-1096958
-9797229
-10237003
-1870879
373608
2019603
-543184
-4566836
-2727484
-4432302
-6449397
57191
-6901833
-8201528
-3093093
374942
1369482
-3036860
-672996
-1065484
-10703656
26908
-9320671
-1733353
735500
-7263367
1403780
-886867
-8139345
3960272
-1450525
-2579450
-7358384
-10577695
1332704
-2602417
-250837
-268456
-3671095
-9272157
-4614127
-3295252
2377001
-2843144
229608
-9482046
583608
-8190779
-3398482
1146290
-880572
-4751703
-5284138
-10998740
7885
-3875943
-1105901
-1390276
233155
-11111760
-9795873
-1763821
2584439
1544124
903731
632068
-5029487
-5686521
-5239596
-4619134
-430924
-8596056
-10886815
-324428
-50264
-9213700
678692
-9396346
-9899322
-3414020
-10837624
-9911458
-939509
-7978642
-9259525
-9183152
-2776741
-4455008
-10179125
-3411531
-2540324
-8428994
-1621371
2544333
-1130967
-9586765
-8523154
-9893687
699196
-9496049
-4174460
-5070316
-10639132
-371180
-6801844
-11253260
-9551728
-5987501
-4576696
-543115
-6208528
491426
-7736952
-6605150
-11136382
-9935315
-5797620
-83600
-2661197
-8986120
-110590
-39759
-2636151
-6172268
-6880607
-31049
-2447333
-7960942
-609610
-6757914
-8796621
-7967080
-4200030
-7195770
-7535129
-6582835
-7212050
-7342970
-1860506
-8070152
-722309
-11455549
-8316182
-10006292
-8574639
-4172441
200168
-9056292
-144723
-9442073
-2339237
-10269232
774853
-7944009
-11045413
-1521660
-2267703
-5429874
-5352585
-7219898
-3121358
-2603713
-1457453
529866
-9454401
-10436964
-5334831
-8665623
-5734076
2409521
-2092992
-7369407
-7836494
-4160251
-1600471
2551357
-6870199
-1564300
-1488077
-2940468
-6247385
-1779569
-4433245
-2570749
377012
-7834859
-6222334
-7500277
331068
694648
2330936
-5272331
-6777681
-8096407
-1890535
-6382536
-8442068
-4972478
-9961835
1022371
-581811
-1015959
363380
-308862
-1021349
-1572072
-8872911
-2142185
1125269
-7172431
-1060961
-8027159
-3268964
-8239480
-5055427
-10015451
1505889
-4069611
-11352063
-7130309
-11490500
-2198885
-382730
-2699202
2150667
-677583
1594435
-5838094
-318390
-761670
-1926713
-6745463
-7948619
-194161
-4963744
-3306291
832418
-6832334
-8941014
-8114065
1264684
-5387969
-3861433
22449
-6826313
-4855383
-5566968
730541
-4884706
-1719584
-10041149
-5587891
1490197
-600792
-3264269
949599
-2549341
-9078893
-9130563
-5605899
-6185676
-4960654
-2019541
1458636
-8469185
-170678
-7508277
97471
-10896223
-2631693
-979107
-11509347
-5280785
5278
-10103939
525003
-4165804
-8859286
404215
-9541819
-3246931
488384
-245193
-7677928
-9578655
-822528
-7891594
-10182840
-1454218
-2553276
-365926
-904312
1308542
32354
1717958
-10423100
-590357
-350528
-3063111
-9480179
-5521486
-10582626
-10041734
-675635
-663340
-5856491
423159
-8549267
-9822087
1851464
-4012325
-3423305
-7133792
-483987
-10213940
-5494522
-5456891
-691919
-2323392
1247454
-1831357
-2333652
-2689266
-8775953
-1885296
-5145370
-7965742
231558
-6440003
-6371450
1422793
2187083
-784321
-4663436
-4515943
-466162
-7700594
-7819154
-8792006
280505
-11984750
-6260055
-1500828
-2824094
-9634811
-1710374
-1360250
-6468351
-10720821
-6248656
-7391024
-10058293
-4368654
-9037617
-2097185
-10463153
-1530544
-9540942
-8012443
-9762959
-2192109
-3524004
534681
767518
636647
-1713455
-9676865
-6301637
1371737
-4853126
1273435
-3463505
-6193562
-454076
-9020508
-2002307
-173126
-4897828
-4050248
-4907112
224052
-882299
117916
-7650550
-317211
-7734299
-3401588
1666809
-1282845
-11938618
-6869580
845303
-9185588
-1933566
-3323368
-7493953
-9349739
-5922303
-8132666
634679
-222465
-8699957
-3981883
-11613060
-8487226
-6309747
-8047751
-1318706
-6887491
42464
-3714566
-2294007
-1125819
-8670492
1511653
905142
-3815398
-8937886
-1649252
-11665820
-9894163
-7193480
-8059984
-9558029
-7241152
1793053
-3601944
-189095
-2181313
-2623362
-5074598
-10188619
46468
1196101
-9219855
687462
-687558
177003
-5994608
-9173186
-5873104
-521148
515274
-1314141
173465
-2041659
-6433851
-10863866
-2765631
-10295738
-7707978
-10341052
61160
-1718249
883890
-6097535
-6279658
724511
2146044
-167105
-1613670
-8026956
-7344609
-11378189
-1369887
-8543323
-890261
-10301103
373395
852071
-948681
-1713089
2245593
-8107210
-8829080
-3227465
-9003576
-864029
-5351375
-9985215
-10272479
-3437599
-8026012
61592
-3149407
-2708577
-6800367
-2722543
-9577988
-9127630
-8875317
-9568502
-9318080
247990
-5580029
-1897046
-624624
-1025193
-9933730
-8594474
-977838
-10964463
1898753
-933120
-2192811
1760525
-3658252
2560134
-2103047
-5330115
-9616506
-8567715
1027841
-9038999
-3739739
-6504262
-8075907
35119
-2759233
707617
-1950431
-3089922
-1199833
268129
-7875693
3043022
-1032268
-4576906
-429477
-4170432
-3473273
-96311
-9614625
-4611799
26450
-2008466
-1500888
-9577976
-10514121
-243270
-12347803
-3424046
-6740090
-9168038
-8657072
-2738343
1715488
-11676804
-7867645
-6768257
-11534122
-7709460
-5059497
36061
31342
-4261253
48931
-9105413
-7524281
-5295023
-3526255
-489561
682154
-3350942
210183
-10085020
1571057
-12376600
-2403836
1232175
208724
-8421194
-11245795
233155
-2764110
18147
-7242957
-2534592
-3491339
-3816149
110399
-327696
-9467539
-1803052
-6261983
-1217910
-7640574
-11486279
-8519116
205739
-9327421
-4339834
-9422609
-2528524
-11269485
-7490194
-11000541
1603
-3379255
-7516537
-1330170
-1775294
-3520408
-8843574
-11996652
2466817
2412339
326220
-3335087
-7929590
-458458
219927
1473908
-12268407
970865
-6559781
-1863011
-10029283
-8259424
-4758238
-7807687
-3764543
-878713
-1477089
-35974
-7343973
-1991118
-4443490
-5017177
-9377521
-9192257
-2712926
-10154925
-665001
-9924864
-709067
1210161
-6061843
-11109377
-137594
-5303513
-10880042
-773836
2036792
57761
-108200
-1838373
-7953085
-6513570
-2687249
-8234953
-2266790
-4902514
-12606486
-876313
-1499164
-10411648
-7284265
-558596
-1705158
-8157103
-8047201
-1084092
-6394961
-7015405
-9894345
711903
-8096981
-9500639
-1451704
-8022445
-941168
-6083148
-10197121
-6850201
-10701053
-8760050
-983217
293619
-381769
-7843252
-1186381
-8479665
-8314804
-31171
-10709191
-10198207
1132443
-163167
-8603929
-1298071
-10371274
-11034159
2713884
-5819402
183388
-6244529
-9358041
-9133086
-4204507
-10582380
1424695
-2011491
-10775268
-10827167
-11260160
-10972084
-2448734
-1529566
-2205624
316645
804748
-257110
-3579962
-6908924
-8091805
-4090535
-2216341
-6981198
-8357396
-10754473
-10338178
1800720
-7403173
-2735841
-1827583
-1426357
-5889328
-9401048
-2390193
415034
-3446461
-3816912
-578604
-7142126
-8616999
-108039
-10370232
-6689399
-8217367
-6374046
-7778035
406860
-5466808
-7886155
-130091
-2717495
168514
-1766093
-1828048
-3112972
-2574939
-267173
-9034512
-140209
-3307078
-436707
-2934286
-3425399
-8525713
-8845203
-4487430
-6255630
-1591475
-6920366
-3247076
-6634889
-3752776
-10280068
-12534230
-3023649
-4712752
-10500199
-2738564
-10560947
3404862
529821
-9771354
1865225
-5717662
-8071950
601423
-7748469
-9712476
-1552352
-6686576
-9925704
782099
-7960351
-4394967
552677
-9513974
-1498493
755366
-8316094
1774725
-8061111
-8188777
384442
-8847028
-497475
-4623732
851862
1291342
-4722858
174558
-6883032
-6437883
-4719202
-7945738
-7771277
-1135989
-5608780
-2640537
441150
2772511
-10844604
-10535745
-11177653
-5179856
-3750156
-6358797
1596500
-4628886
-2009955
1816148
-1416704
-1507618
-9998020
-8220377
-7739879
-7878263
110858
-6113281
-7354690
-3352179
-10815775
-8944579
-2045463
-5592630
-10296960
-5410551
-2761537
-7770106
-6269167
-9264990
-1269386
-2500374
-10221322
-8258875
-9308745
-12561736
-6900981
-10102202
-8967295
-3207989
-8788173
-9157058
-432762
-2490717
341730
-7479120
-8812797
-1730735
-852676
-1465004
-9644418
67436
-1098396
-507049
1031452
871442
2470537
-3272170
-1312517
-1078438
-10941903
-2648740
-1426935
-4480242
-9770050
-1963301
-8924391
-4802373
-7326934
1593169
-1959331
-397405
-6469299
-6396325
-3724298
-9726584
2876554
-10003846
-1326183
-3594064
-11387316
-4108759
-11900401
-1844194
-7235379
-9612477
-8680033
-2052487
-2857980
-9484018
-3208706
-161806
-10677188
-1791429
-2001260
-6065518
-7587574
-1548333
1778109
-547807
-8451794
-9807577
927533
117485
-3343713
-1136738
843450
-10011586
-11017801
-8332767
-6984837
211394
-5147134
885275
-3529523
-889161
-2493971
-3938289
-10434516
-6484410
-10301930
-2476280
762926
-1125069
1017866
-9901088
-4414029
-6071210
-7462656
-3100438
1831434
-10629891
-663828
-7803067
-1387424
-9775980
-3220061
-10504676
1900206
190406
-1172414
-9489499
-11200907
-10322588
-9227101
-5836832
-5390090
-4165898
-1034011
-8868472
-420084
-2330766
-1646032
-6041644
-4737171
-8440344
648356
-320093
-529483
-6071601
-6829655
-2485348
-958257
-10550749
-2199533
-6837203
-983674
-7062082
-130148
-11997620
-280684
-801106
-7912441
-8671823
376309
-11656403
-12646183
-6885300
-7716449
-1760087
-3489048
-8502768
-5289409
-4177281
-397694
475665
-6773078
-9397402
-6897822
-216764
-999770
-308960
-919471
-10021216
-1338876
-6084587
-11077073
-1330069
-9573341
-7619777
-4872617
-2587979
-8984801
-2679143
-4007163
960375
-1490680
-1309418
-597968
-264154
188087
-3691093
2094802
-5781603
-5004159
-11506748
-2328692
-8223311
-6644054
-754260
489277
-2869459
-5545689
-4900814
-9343946
804032
604442
-6495025
-1014643
-419600
-7002441
186798
-6890626
-1473377
-11845996
-9235011
1945993
-3559795
-8079417
-10026265
-9321990
-7442279
-863817
-1065818
1693992
-6757629
-3726663
-818971
-10616616
-1016408
-7007030
-8362521
-789991
-2935519
-11679450
102459
-3456647
-9044426
-492201
123543
-3309239
-6834637
1259048
-1150924
-5816278
-6983271
-6232972
-7064560
-815349
-9222484
-1263557
-5560797
1352861
-10978748
-1382667
-10044143
-6291180
1576330
-8224171
449972
-1323245
-9790798
-1084067
-7168180
-5904396
-694020
659931
-294207
-7877253
-3621663
-7058772
-811070
327344
-5578513
-1047730
-7077846
-8420850
-8207179
812935
-99882
-2722947
1017811
497286
-7774485
1289762
-69598
-1482711
-9767599
-10804325
64766
-1136566
-9231984
-10351899
-9221461
1343796
-767486
-8417802
-6676736
-713825
-1077787
-5831270
-9861838
-4754562
-6811686
-9015513
-318455
-3255196
-6986774
-6909294
-765384
-7879486
-8972233
-10374223
-9146953
-9216829
-8400454
-10396772
-8367907
-1951566
-5610254
264787
-10141307
-1934724
214040
623891
-3122614
-944169
-590816
-3410893
-8737476
-1494330
-9008755
602336
-3876548
-2300656
-5853349
-527485
-10783380
-8618535
-9914077
-472514
-337948
237490
-10128483
-7583482
-9136543
2441506
-9723042
-9183378
-9655080
-1185820
-10395789
-2939713
-693227
-11280617
-1526105
-9494347
856093
3456792
-4972793
-11089286
-7463356
-11203098
1033664
-7812287
-378185
-978050
-8033013
-3161420
-8213213
-10155427
-8814672
-4131167
-4428507
-9974501
-8712449
-6457367
-7445671
-7935256
-7541364
-4263634
-9653527
-6364174
-2279296
-9179868
-8648099
-11267743
-10164636
-11155131
1469399
-1369975
-7817614
-6455965
-119271
-3068208
849236
-6809182
-416560
-2169240
-13234418
-8483017
-2625081
-4528047
-9666769
-8875069
-9044677
1777897
3292747
-9969095
-7393604
-5623581
-7885299
1584993
-112824
-514142
-6840540
1307229
-6352399
-5926891
-11022330
-9975118
-12053441
757089
693663
1541082
-1590362
-8090826
-836662
-779973
1817384
-8839405
-7745060
-12082547
-846327
223046
-10701386
1747976
-3259314
-8381524
-2900142
-6790159
-319148
-11308011
-5689348
-9500332
1165222
393188
-11572916
620090
1255443
-10731443
-7634960
-9683668
-728809
-9152068
-10012069
-4228955
2476334
-368739
-4120253
310963
-8255390
-11236351
1614479
632580
-10771536
-12188963
-10211119
-10442714
-10127934
-1413192
-1656648
-10076972
-792029
-3089918
-767559
-10278723
1506630
1941321
-9850070
-1962590
-3252296
-10804632
-6126996
-9140949
-1612895
-3018646
-3751540
-8823329
-8096057
143487
-1873419
-4738141
-145246
-9571822
-73826
-661451
-848729
-5130234
-9665529
-11035857
1247501
-10044495
210178
-10809237
-7121639
-7759904
8439
-9641218
-8315810
-2256459
1544223
765929
870963
-4896942
1783555
-10148051
-9889036
-4512324
-9745983
603859
-3721301
-858769
-11443418
-2551234
-1122172
-6431896
-8268228
-1675434
-1651536
-10277091
-9746594
-11226743
731449
-8464144
334693
-454442
-1187941
-1863379
-1205241
-10538325
-9004587
-8906021
-10740787
-2445023
-904541
-11526322
-5445332
-8983934
-8118279
-4309862
-7132059
855307
-8895915
184842
-4960549
-11987613
-9190951
-1976306
-2934976
119963
-6698181
-6102873
-145779
2815979
1072638
-9957260
-634773
-1311007
657195
-9363259
-8423843
-6130742
-456757
682914
-9807668
-7255521
3298718
-7439360
-9662775
-10820708
-2355323
-8938328
487475
2218898
-6474390
2270505
-947889
-4183751
-5498867
-2211027
-8981518
-7066319
2892540
-5760495
-4346789
-508088
-581831
1545236
-3602600
-11730495
606848
-6019045
-871765
-8785369
-11450949
-7264785
1807122
-165787
-1617679
-919403
-9647273
912216
-6663878
-6847879
-6409735
-387594
-403652
-3637291
125694
1833961
-2140602
3298
-4967199
570735
-10813426
-2418835
-10580149
-10071276
-9758733
-3134706
-3421452
-8919481
-6792221
-244619
-9022911
-750034
-3702168
-3781208
-589079
-10155098
-9122939
926527
-7649590
-1621985
-2852547
-9464376
-5994511
32190
-5552472
-11930695
-1608795
-1678221
-8623919
-1354128
-3794642
-650546
2238912
-904696
-1453538
-5005228
-4019145
-9694109
-4802654
-8766982
-3855650
-368796
-12667386
-787305
-4935475
-9902784
-9644020
-7471950
-3659805
-3289592
-6318368
-29250
-1364778
-1179913
-6078506
-5108162
-8860487
-4240309
347720
-974156
-6324532
-6435459
-709673
2904845
-5895510
-2778056
-1851991
-10682530
-7285024
-2196561
8358
1559604
-5820343
-11246101
-4513239
-5699493
3398399
746012
-8400471
-543918
-11769834
-9772505
-7870549
-9002833
194382
-3632082
-5817074
-3034643
-10892742
-655854
-747244
-237275
-5435198
-3140519
-3239739
-6383881
2640048
-3798601
2260265
-4051762
1598237
612876
200291
-805057
-5508588
-3726284
400788
-4674762
-7050027
-9130597
-1196148
-2333089
1741503
-769634
-478344
-5980304
-467680
-1255920
-4610157
-11690258
-416429
-5937309
1364811
-12153271
-8038103
-8900294
-10264818
-9964224
-2258022
-8579362
2266110
-6001752
1929893
-10634870
1247285
-4444694
-891263
-3112714
-8354511
-7060611
-6691045
1564953
-8341233
-2418114
-464746
-9007613
-5554386
-1201624
-5596080
-1091989
-2427281
-10036852
-4159479
-8190644
-7691862
-3943202
-2521088
-8963530
-9591571
-5382152
-7540583
-7648165
-346397
-2100213
-9551239
1556988
-7539176
-10520242
-2411939
-6967256
-6628077
-9829644
-7788154
442305
-5265844
-8265458
-5455522
-7445794
-7885220
535352
-2464694
-7669432
-3981099
914144
-3325091
-8422054
-10336037
-6042064
-693564
-11265986
1898899
-1559634
-2444977
-1038926
-8542559
-2639356
-8039385
-1238153
-1120671
-11138967
673534
-9835572
-568629
-9385250
84731
-765540
1749084
-1817825
86831
1156258
-9072446
-7557755
-1115241
-95777
-6886826
-1313309
-3414196
-629426
-9428230
-10582699
-591518
-9261965
-8201292
-10933435
-5605042
-3796214
-6315320
763506
-403673
-9140372
-7972265
-6878784
-5974527
268684
-5069863
-2231824
-9790524
1940959
-4172601
-1908227
-5723735
-5591080
-3619510
2244780
-4797560
-1147893
-4371832
-1736486
-5555910
-4381119
-12102047
-1789440
-7844147
-612244
-1309414
-7728495
-5134859
-10523494
-9064923
-1324239
-8062715
-2208996
-737607
-2806776
404097
-3392288
-8475807
-342236
-826560
-8486
689677
-933713
1455520
451094
1889874
-46384
-6212206
-8517357
-1633467
-9365869
-5364607
-437421
-5960935
-10704207
1366592
-1498773
-5865019
-9202917
-7174932
-316746
793203
-1459512
-2060675
-225426
-2204192
-9063121
-8313564
-737487
-10482687
-11268156
-10341398
-11961137
-1565092
-851657
13069
-7224637
-6007273
-9745319
-10945674
-2185210
-5278454
-10908090
-7569340
1913822
-1784693
-2247716
-8879640
-10382502
-10119614
-379401
-7159291
-7087669
-11246712
-544285
-268552
-7186939
-4220279
411162
-11904691
-1695969
-235812
2738052
-5588922
-7354701
-4889704
-2268049
704609
-9949501
-11343395
30350
-3861471
-9680726
-8160821
-4256839
-8110965
-6305930
888810
-1459471
-8026254
-404633
1684476
-5811164
-2805334
-6646923
-563967
-5589363
-9147708
-8050654
-310889
2210822
-6119956
-7690939
-358462
-4030113
-9582058
-1698333
-491090
-9347510
2930873
-505321
-4125054
-1302042
-5811214
277810
-212233
-1273142
-10763550
394856
860251
-6692029
-8462716
-5666902
-1258929
-3266134
-11168671
354647
-1460599
21260
-11080695
-2063286
-2883017
-2936099
-10140516
-2551617
-6228942
-1335803
-3308282
2876703
-162832
-11856861
-1602108
-294016
-11191788
2656674
-303776
-555326
-8849871
-9825333
-6313542
1650082
-2521314
-4178643
-6427280
-4122275
-5011343
-9513644
-1933036
-535716
-3553991
-7456184
-1749577
-717349
-8560786
787785
-10545367
-2781781
-8887185
-178233
322497
-12051103
-1123936
-8266377
215437
1547830
-5108257
-8754810
-2180473
-816604
-177077
-9759889
-3837463
-1444157
-4510441
158760
191456
-10084596
2597745
-960824
-5135113
-694512
-9853113
58449
740873
-2852600
-207240
-5878260
-1895630
-7992314
-1227637
296827
-2983746
-3399952
1549013
-8873255
145584
-8552476
2182862
-1670893
-10017777
-1696135
-5941803
-3486042
-10642628
-11015207
-7520308
716233
-3527242
-1237377
-10983331
-7336200
-10981066
-11719626
-8419651
-12276513
-9562042
-1652804
1058160
-10990456
-2242282
-10332422
-8000132
-8777539
-6578938
-828182
-2942122
2275613
-2626356
-8677819
-5753806
-440440
-8382430
-2983003
-2156247
-10634649
-11774599
-6081279
-8274809
-11566822
805070
-5561862
692698
-11009094
-4107099
-8578632
-9507247
-1180841
-2264215
-1745138
2071708
-441807
-5152183
-7606909
-10171120
-3517801
-449417
-3877909
-4574746
1976273
-7292712
-5076728
-10418093
-1706148
-1380436
-137192
-2513949
-1343323
-11739646
-4570682
-5769077
-1355949
-1964784
-1686341
-710236
-8994564
-301563
-465343
-9502050
-11066360
-263297
-2182236
-2597772
-8182812
-9610372
-9310715
-271327
-6643129
-8272183
-4778642
-10412532
551265
-6403036
1453564
-5795020
-987684
-1182155
224606
-2339707
-8053910
-877361
-2903991
-7537742
-2118831
-5382775
-530865
-10119960
-10519007
-11322874
-3129130
615664
-5058327
207015
-2414876
-8489151
-464903
-9432487
-7910573
-227066
-6030939
-598635
-9354855
-8267644
277319
-10430309
43035
-10155467
-5910037
1339816
-2375048
-677094
-1907193
-481393
-2718737
-9133900
-6522387
-6673425
-8068331
-6880492
-7161056
-8571099
-366793
-306598
-2562412
2998595
-11743011
-180787
151607
812219
-1981402
-9564823
-589035
-1497974
-7743458
-9175382
-6081207
-10115823
-9211658
-9928358
1682999
-7449934
-10165871
-9570535
-9096064
-7757912
1104935
-473341
-315416
-6200916
-353015
-5547351
-2511543
-605601
-7294616
441659
-1576495
-1561749
-6263742
-9531706
-3435251
-710375
-8327532
-693175
-814818
-10598402
-3315005
-3267033
-1552266
-2931497
-9835228
-4205238
899823
-8370194
-7667339
-948164
-247268
718043
-231864
-9282648
-7815472
1347094
-11845495
-1951808
-1793364
-3331667
-7231011
-10040777
-6755744
-1239582
-9201231
-10556078
-11045461
-3225505
2460845
-6759942
-9946037
-1816134
-6962760
-5812906
3427551
-440593
-3571528
-9447792
-9207414
-2671228
-1117777
-1564813
-2286563
-10830985
-7847499
-5881186
-1032470
-9764807
-437378
76161
-400472
-5049635
-10435056
-10132832
-10386883
-8263479
-2834129
-446606
-7489235
-7802437
-5547329
-5040179
1275601
-6487858
-3253615
-9248676
-919448
-447269
-11468095
895273
1915529
-10265523
3466257
-5046699
800527
-8621043
-11720654
-7645327
-7327865
-10842027
-10262163
364859
-3509989
-2258247
-10387622
-4093499
-592515
-7153118
-6151611
-4098969
-10264655
-10086974
-8978524
-1540710
-8035433
-2811902
-4672022
-1730570
-1308908
-1366704
-2653794
-1618400
-6203726
-1384162
-6737871
-9413586
-9191866
-973287
-11698751
-6953297
-10577142
-202174
-5443622
-9617586
-5742431
-5562327
-4528359
-3596414
-8393866
-1472000
-288759
-444965
1644297
-935322
208795
-3196890
-10979506
-2579168
-7098239
-4350060
-7437323
-1546685
576802
-1843925
-7538791
-1700413
1359720
-9464844
-769629
-8840574
-8694096
-7739778
-10913689
-8982232
-7189400
-9543443
-1178954
-2035034
-2181790
-894652
2458887
-8467922
-11654844
-12004986
-347438
-2020185
-9233743
-9224765
-8979289
-1913825
-1457772
-134208
-8446221
-8513959
-4459131
1999815
-4278756
-11915400
-10996324
2284489
-7806747
-2046208
2643895
-11355613
120482
-9351980
-7701350
-1078620
-3310236
-10177183
-9304157
-4380848
484589
-13287168
-7885450
-2844057
-5802730
-231768
-3368462
-7180280
-4796837
-6816849
-2749013
-3759963
1274244
-2517599
-3191899
-9281387
-6451778
-8750437
-3477872
-10016309
82979
-5431134
1413225
-4282773
-2038574
-3103100
-6042184
737960
-2823019
-7809191
-1128808
-4293332
-6935468
446470
-4973326
-5305395
-11097466
-10300340
707928
-10947633
317519
-3473850
-1924400
-5385715
-9327735
-7888032
-7847930
-10249353
-10546551
-11827759
-3689818
-2990262
-654648
-243197
-3851428
-8304497
-6206070
-7725631
-6061982
-5993031
1228114
-1001374
-11549045
363314
-7672788
-4586646
-5958657
-8798337
-4767726
-338732
-7834872
-3427357
-9527371
662393
-1954159
-320833
-10067925
-9378251
-609855
-1162822
-801406
596216
-4958233
-356196
-2140967
-11121679
-9161517
1582780
-5972607
-2051101
-118674
-1267688
-7353126
933317
-2113178
-1281752
-3316240
-8836472
-880542
627583
-5031669
1270742
-11231664
-5296403
-7721002
-6532225
-5623914
-6703816
-6270326
-2258296
-11711371
52295
-8297875
-186045
-5615670
1263963
-4815546
-1144661
614275
-12201270
-7919934
410072
-2038572
-11637266
-4922500
-3411463
-7394559
-10236790
-10171895
-11756595
-8034328
-1940532
-3623506
236579
-6749307
-7971200
-1583297
-8295168
-9184574
-7543987
982833
394768
-9820349
-1745527
-9733226
-422287
-6384662
849481
934758
-7111423
-11051248
-3074595
-5574918
-2010880
-8198797
-9144815
-1275619
-7589600
-9778649
-7757572
-363128
2151530
492688
-5752799
-6835670
-6069647
1039536
-9557304
-1719877
-10376431
-12053622
-7423636
-8565473
-836881
-8862596
-6511849
-11346219
-8685102
-9515609
-11266715
-2091905
-8175442
-5436296
-1960467
2863700
-11979237
-5481893
-10909287
-6228183
-10844276
1732776
266545
-1134024
-11374258
-4751960
-8717572
-7092385
-1201601
-7221959
-4564973
1679068
-9994723
-42797
4319516
-9039604
-9166641
-7133875
301963
-10686864
-8439722
25484
-6568778
-8020945
-10186177
-975588
-11775068
-125083
-6360419
-8245401
-4287851
-3022338
-8826041
-6879057
201404
311689
-10264728
-6619606
-3814531
1947326
134491
-1996804
-6402819
-1720813
-8668374
-220530
339132
765719
-9179610
-7413871
-4900532
850392
-661860
-2492598
-6692764
-12377280
-9159925
-9222831
-9161415
-7377597
-658031
-170014
-4599755
-7074964
-5538872
-4595764
-249979
2558824
-6509974
-8394291
-947053
-10030759
369880
-5769140
-5459173
-12787550
-4824998
-11889795
-3487400
-9943807
360842
-1017171
-762984
-6978133
-11290509
-176391
-10258518
-10281479
-6627745
-7894520
-7639089
-5699317
-11094805
-5482870
-3781948
591828
-9255367
-5541444
-2729765
1666142
-5048767
-2535983
-2758741
-6353962
-1141664
374781
-4912763
-10138571
-543595
-3821846
-1530649
776557
-8957223
-10658433
-1695737
-352570
-3665671
1099287
-369970
-1557432
152153
511088
-1347141
-10239135
-3137657
1849271
-4611747
-2866245
-1450004
-9745578
-1012775
-8202464
-5076005
-5620145
-3614453
-9880398
-1432910
-2422469
-7243
-10420547
-7097618
-8144758
67108
-653181
2120470
-10680271
-2542043
-2176343
-2595574
-5503024
-1295748
-2548008
-859260
-8210507
-3705848
-1576217
-6995759
-10835465
-9143885
-831624
-2230457
-8506492
-2042577
793182
-8312367
-5520500
-10616891
584791
-7145412
-9730996
-1679114
-8925328
-8767043
-834428
190488
-5623219
-1333323
-1151355
374990
-10800307
1053885
-6327086
-4394891
-109551
-2056990
811670
-7642516
-2220980
-1345066
1631724
-6545113
-4172958
-6991193
-5200512
-7491862
-3716309
-8112662
-4969523
-7865011
-10308391
53073
-10349264
-8352781
-2000748
-239559
8195
-5714804
-582938
-11697219
1305912
-9738867
-4050914
-3399864
-167054
-2362910
-293472
2345049
-1783627
-11922325
361324
-1861398
-45783
-576385
859951
126015
-9634153
-1564525
-6173002
1026283
-532537
-4265628
-7300628
-8502071
591977
-9848039
-11320424
-10737173
-5055587
-8030434
-7923876
-5689562
-1975661
-799951
2407978
-3965919
-9496909
-9587696
-6905592
-11328922
-93379
-6127682
-10730434
-727733
-11044352
2260176
-10203715
-8728321
-7786994
-4395788
1572607
1938044
-8199645
-9624788
-2874774
-7277231
-4353180
-10557124
-6668280
-1738640
-11963
-7351528
-6127393
-10671587
-2490395
-1492260
715521
-1892266
-3851660
-8252036
-2065966
-1486280
1090956
-12638202
-5805022
-9213663
-3109630
-827202
734376
218743
614810
-10185399
-547936
-10075805
2106743
598298
-3685049
-640721
-3960974
505328
283578
1204067
-2962581
-527690
-10917194
111606
-4155410
-9883290
-9201466
-498512
-316513
2615468
-1802215
-1107941
-9757242
-9984754
268064
-10907640
-735271
-2957651
58793
-1008498
-9673093
-531171
-2604571
-676750
-8757483
-8977733
-1154091
305271
-9580836
-1901490
-7924289
852605
-12535341
-8382855
603794
-2380692
-179906
-240653
1148944
1153820
-1201416
136058
-1492983
-6355694
-11298492
279752
-11589428
-6827402
-1915790
-4895988
-2295658
-10081133
1087186
58176
-5748641
-1874978
-10155366
-3725650
-5105527
-8907444
230681
-2794417
-8280985
-1041481
-13956
-11073363
419406
-10512028
-6130986
-1097834
377802
763198
-3152502
-929379
-145738
-3577008
54047
-1107261
-10684402
-9484973
-924584
-1184065
-8399152
-1567501
-3369347
-4221558
-9124921
2282016
-7461247
-4805351
-1401417
-6683590
-1244809
-9151578
-2219185
-351898
-9109618
-10351702
2764318
-4461728
-4331226
-6725743
-2871873
-5656427
-5122695
-10721968
-6495879
-1089567
-3179936
-10205018
-7658185
-8084018
-6485846
-9153791
-7460755
-2030569
103014
220662
-10927185
-3106033
-6714726
12790
-1517536
-917217
-3236121
-4282108
-3501921
-124114
-1822376
369129
-11614061
197813
-2405673
-1222594
1138304
-5931677
-9347788
-8306861
-6925117
-4935752
115757
-5896646
-1294335
-10357477
-1664093
-8295150
929817
1873695
-6946086
-8098442
-7776133
-7731240
-578963
1385462
-9958936
-12127687
-6135425
-4204053
585242
-10263181
-620285
-1180598
-6582854
-10326361
-12297824
-2821940
312645
-10544815
-8114977
-1284920
-3607829
-1110507
-4289740
-10728085
809449
-9271537
-7641466
-1350501
-8817173
-329196
-1402640
2894164
-8758118
-8095419
-3249914
-10736263
-5505916
-7972937
-7581619
-113761
-10585380
-1543708
-2461419
-4048517
-1313548
-4033710
-10196150
-6650242
-5721700
-6430943
-7166128
-1190724
-11204680
-78792
382690
-8132416
-10359842
-1417627
-8769596
-1060887
-8145444
-6877744
-11857420
120268
-2174078
-3038593
-9386325
210005
-376032
1008885
-8310651
-2798377
-9786307
-10875907
-8528791
-317607
419444
-1413871
-398089
-8338287
1442337
-5302535
-9861701
-4452187
-3021140
661510
-966156
-245041
-8786740
-6408330
-252675
-2007188
-8933439
424179
-10174963
-1498866
388684
-6261644
-1949122
-1172133
2495965
-4143314
-2530158
-2011600
-11669862
-794530
-2461920
430004
-10311264
-3853636
-6520893
-829383
-11339195
-11240856
1856625
-1363808
-9124743
-8975559
-152617
384578
-5152760
-2506556
-10853855
-519855
96542
386035
-4516460
-7793051
-932157
-7349709
-6961400
-2722081
-1386207
-1299933
-9109005
-9266853
302797
-5478843
-10402243
-1617055
-152726
-2687769
-1393574
-2931024
-9589012
-9051670
-7694244
-3791365
-8943173
-9552928
1269420
-3309513
-7369987
-7551288
-430821
-790595
-1444902
-2961649
-11175174
-2450582
-5857289
-5212412
985188
-6665194
-8475892
-4322947
-11632054
-5918630
-1078560
-3006684
-3277558
-6503646
-1183006
-9859689
-9670277
-9904537
-218003
-10218609
113130
265897
-8884681
-8374020
-12036783
3640609
-654894
-1847931
-3619936
-6748880
-519153
-4787977
-6314304
-9869626
-9725861
-4816520
-7459178
-2164475
-2311895
-1150943
-1215126
-1464596
-1969350
-178291
-3473270
-550393
874271
637405
-10064353
-6683468
-302797
-10216058
-431635
-5356940
-9747949
173381
-6302393
-4308798
-8451875
-5226209
-1633911
-4279450
-7800817
-3524745
313822
-777124
-683750
-5750997
-1008266
-197048
-2039687
-5941556
1791054
-6320734
-1530617
-4098685
-6167331
-2128573
-8312426
612922
-11504904
-560330
753708
-11703159
-1412259
-255681
1111214
-1118869
1510767
-891281
-1782612
2053324
-4701912
-392190
-11255880
-2451984
-9503019
275144
-7156838
-8021366
3192290
-21194
-9941795
2211042
-6384232
-1890470
-557227
-630577
-8451345
-10392523
-5401285
-2829766
-3708213
-1593236
-1454218
-10670990
-6580233
-11028010
-9509161
-8342840
-1206120
-257912
-1565999
-12070134
-19427
-2586300
-2283770
-8524349
-1437017
-3328306
-861405
-1593138
-505782
-2421708
-2168679
-9262735
-884869
-6417530
1298596
-8375455
-6340288
-8753859
-6155917
-221262
-6834697
-3680630
47620
-8453033
-7513717
-2040761
-5931539
1363319
-7892449
-7373327
-47191
368745
-9184549
-6564589
-8987121
12060
-7813932
-9125962
-5734288
-1333598
-7145613
-4478321
-5529785
-8409977
-10666078
-1610110
-10178347
-547587
140606
-76705
-7530201
-5983269
-873370
-5446017
1849561
-6897272
-10336803
-6236496
-8617961
-2574973
-6772743
-3024933
-841474
-9054131
-8627006
-6228953
158373
-12099303
-7584465
-1416560
-10197095
-12495788
-4756794
-2026930
-7863019
-2589590
2114734
-138079
-9699533
-7169739
-1038923
-2471302
-7011512
-8196075
-9033604
-9580255
-4487174
-1335356
-2234142
-1718137
2023718
179845
-6025935
-11202688
-1496105
-6129919
-10100404
-714789
-10297897
-8770153
-5650097
-2777479
-8501149
-2543014
-5617082
-5407412
-7355332
-7563942
553532
-9252897
-6188101
769712
-2100011
108314
-9694424
544631
-987209
-849659
-7983003
-6254226
-8992465
-7247471
-3886856
1429789
-662114
-723373
-10828270
520054
-570184
-10795633
965458
-2414468
-8382839
-9781906
-11004486
-6620985
-9643689
2145602
-203517
-1956788
-9287498
43098
3128728
-10527801
-2501977
-5039424
-10022214
-1740892
-6671175
-6343056
1729005
-10271412
-10814854
-606943
-7267859
-158243
-1065823
-11779783
247918
-4992826
-3300427
279212
-123829
-5662652
-5353379
-3554903
-9440508
-7886536
-6669783
-4364783
433933
2222336
-5154756
-1950907
-1562982
-3843778
-2904317
-6248623
-1330374
-369864
-6980551
-9359951
-7768795
-1647071
2309619
-4980347
-1393677
-9502797
-1640751
-67582
-8232383
-6932968
-8969032
-2684238
-4018688
-907230
-12389508
-10637860
-5327356
1817624
-4698746
1053821
-9785677
1829510
-10656438
-2872262
-1933333
-3553661
-6506747
-7395247
-10628715
-6450835
-592195
-264326
-7517526
-10936038
-8628857
-1870031
-6073386
-10853208
-3766127
-7421023
-3773403
-8244599
-10675065
-2168799
463966
-3332553
-186922
-4203193
-2665380
174213
-5284328
-4730179
-3999776
-9595943
-9753504
-6659097
-1297223
45531
323518
175646
-1795030
-6722763
-6913870
-10955071
-9149828
-1168556
-1596801
-8841880
-532568
-6403582
-12050445
-1009278
-4177079
-8136939
-6853027
-11115125
-10943348
-10021653
-8107132
-5846258
-7625975
-7088791
-9721666
1039336
-7609775
-1957705
1180241
-10252495
-10968324
-8823542
-9242495
-850971
-9591162
-10397272
-6081595
-10825173
-3857534
-175371
2174637
-386825
-9991397
-7492146
73566
-4236885
-4508652
-6425262
-521140
-4709153
-1626328
-2398279
-6171284
-3834523
-2716346
-4100299
-6622664
-1405370
-109997
-1101789
-11450615
-4302819
-10375148
-7172045
-9171005
-1267707
-4397921
1233147
-199087
688797
-2087617
558291
-9892401
-507097
-8323465
-957107
-9623361
-7050722
682360
-6916567
-1247506
-1696817
1495799
647274
-7686745
-1328232
-10481273
-6438750
-233770
-133447
-2658070
-7319422
-1715366
-3318987
-2101960
-884856
-4585696
-2091281
49991
-8069962
-4603346
-11161395
-9178622
-2648473
-9058541
-6594124
-1096310
-5645952
-4787383
-5824500
-7526766
-1645112
-526078
-5125989
-2747693
-6895925
-1411196
-5281266
-4891360
-1606399
-8125270
-6231
-6979915
714347
-7975837
-264828
939454
-9038854
-851399
-11887814
-10521841
-3002603
-8427103
-7335069
-103511
-7704916
571822
1145958
-973143
-6536147
-3043674
-7537337
-4227468
-9524325
-6549374
-9053231
-1331427
511576
-303835
-9752490
-1553871
457523
-6954729
-6094207
-6868257
-10289138
-1199443
-4312881
-10974783
-6116989
-5238039
-5459906
-8096849
-6268400
-1659996
-164681
-7339452
906525
1149097
-11107298
-7508110
-899645
-5363956
-4700313
-10979861
-6441921
-8164592
-6031784
-8575992
2193694
707069
-8171301
1169068
-6251933
-2762623
-886695
-12468480
-9344192
-760742
-1329740
-3301171
-2054812
1829657
963591
-7723766
-441904
-1868388
-5107019
468742
-7090299
-2846240
190383
-9195071
-1925852
-3965251
-1544361
-12515771
24197
-10426994
-4269703
-670974
-10126550
-1008086
1425715
-2599790
-6182113
-643523
-1069807
-8057375
-2112728
-12173529
-6204209
-8358780
-4370159
-10701625
-5199340
-4621180
-4271766
-8683733
-11156414
-2257945
-1278070
-1918096
1224606
-7038670
-1607986
-1146752
-600347
-10476110
-7534264
-10617488
-7096609
-9002203
-2260055
-9142354
-8504029
-4795210
-6558961
537296
-6949222
-1805485
-10727978
-3105614
-124689
-1644982
38715
-8008422
-5767965
-641629
-6055595
-12126164
-9373107
-4274667
-9700139
-1031591
-869476
-2405223
-1480135
-4080254
-2355809
-6525569
-9978183
-8163469
-414101
-9490551
-6516970
-7359528
-1275659
856178
1397322
-9637578
-5604346
-1207928
711462
-5997032
-6522430
-2586190
-10860656
1032948
-9255482
-6045393
-2800130
-868741
-4148733
-2511074
-5108525
-10563967
-6987646
-1605053
5666
1292011
-2809938
-10475794
-6688832
147430
-10219840
-10811961
-1660163
-8231703
-1937331
-8689440
-3961202
-1661980
-6266460
1304653
-813089
-1286316
-10577436
10146
133534
-55161
-9409856
-6924792
-9636577
3228672
-8160751
-7134366
165853
-2601180
14259
-5951873
-1848232
-9939163
-2620320
-6675752
-144385
-3362332
-2675671
-10125974
-19430
-10663672
-4858760
-10820050
-1709210
-7215431
-1743882
-8052752
-157503
-8864001
530748
2743364
-7398695
855923
-10311251
-2043260
310706
-244520
-4049766
1599788
-6478928
519008
-5906376
-4242552
-9088853
525084
-3609036
-10247177
-1752001
-1373847
-9222111
-9177921
-169653
-9638949
676591
-300673
-7266026
-1862116
-1472893
2490311
-9711998
-5040694
607872
-901797
-4285565
862787
-9022822
-5809412
-5549234
-2272782
-6466992
-1910238
899979
601400
-1924407
-1311747
-6852572
780527
-3450964
-1486075
-805920
-10080068
-244411
-9201958
-60638
-151816
-9614735
-9493548
-1016970
-3253501
-362186
2105412
2487559
-2307638
1031798
-3505369
229100
-3102897
1410126
-10250346
-8710130
-10618333
-8567912
-8403655
-7973615
-1126495
-1710712
-6912625
-6761720
-9229908
-9410399
-3016212
-4438701
-281138
-1185747
830639
-233201
-7531396
-7236
-9578689
925539
-10265622
-13036916
-825270
-6408296
-7231213
-11624052
-6483095
-1784479
-9405730
2034595
-6596322
-11712855
-2188765
63658
-9036034
-1950909
-5431729
-5007941
-3044372
-400843
-5571645
-9702692
-2458279
-4281794
-116429
-5194027
1063638
-1303005
-8637900
527988
-2057850
-1052298
-98646
-191237
-10058252
-1473469
2591716
-549100
-6777477
880243
-2602388
-10971749
-5755729
-6814940
3107727
-9253407
-6980477
-818502
-1818675
-1808407
-8663460
-10267375
-2935482
-5104231
-10424539
-9424807
-3538820
-3420242
-9558300
-8264962
-728644
-5397542
-10310017
-8934534
-6121767
-3211424
-10606651
-8038863
-5183829
-4005790
-2550389
-2796724
-8416017
-9898415
1563089
-5226939
1156438
-10342665
-12291154
298423
-5288585
-8058612
-8436788
597579
-5488700
-1306408
-7805085
-9287951
1674130
-748398
-4291022
-8610289
-10457994
-3908717
849609
-3162463
-11353630
-6836561
-6010713
-521069
-10113519
-3559101
-7942334
-7343769
-4221246
-3582031
-9615715
-1203723
-11815796
-10721680
-2363659
490467
-1070796
-1066558
-1955626
-7354164
-11106286
730765
-4052580
-9725808
-8909705
-9444069
1251900
136202
-9176162
-4951221
-3373354
-561765
-5435965
-10711354
-7664298
-1313684
-2319160
-11298265
-4445926
-920504
-6561333
-6665512
-8190003
-1099671
-10017567
-9652471
1013176
-7301861
1357726
300867
-7141035
-9262660
-6902292
-8317525
2142357
-9547839
-9167101
-6047347
-9845219
-10391729
-9997312
966142
-1374230
-7479160
2022299
-3832881
551970
-10629637
-6748824
-6236167
-9398808
-8790994
403214
-6436542
-6277021
-1349433
-3097574
-3292309
-6911438
-8440078
-1744110
-1661872
105992
-379213
-4178070
-5817752
-10098486
-2752181
-5390219
-4076754
-10206401
1070433
-411613
58459
336277
-3631801
-2155357
-8462737
-4943208
-2162543
-8580126
-9883506
-2947705
-6094851
794317
-10567429
-1996475
-3852082
-11290709
-5886958
-5683592
-8718127
-4679284
-9156195
-7284673
342761
432539
-3708496
-3075037
1005582
227415
-1779991
-2884018
-2046619
-2301211
559570
-12718840
-3324017
-163989
-5752463
123054
-10403288
-2787393
-1685931
-8829900
-8863916
-5094680
-10733371
-1978883
-10466648
224912
-4136575
-4922378
-11960200
-5982891
-8198768
-10927167
-11169386
-7185470
-1782324
-1820872
-7203879
-998012
-2520883
-1254884
-27215
-3814289
-6173963
-10200425
-3189390
-4221246
918050
281214
-12030092
-7207622
362687
170163
-9869682
-404269
-9971618
109274
107856
-1823872
-8181325
-1336442
-4300328
-10822609
294763
3166
-126438
-5690561
432419
-1033479
-9325794
-6113874
-9788082
-1795930
-5335193
-8418171
-5750477
-9652600
-9652469
-10877298
-1113703
345958
-955295
-11313240
957294
-6477222
75780
-5526873
756093
-12268399
-6751513
-10136311
-584665
-6101695
-4812328
-4465059
-996358
-5003802
-4111518
-4761034
-4047085
-10322289
-4691263
-8179902
-414457
-10504744
834720
-8920638
-1371643
-8932928
-7472412
-7255194
-7235697
-470179
-3077212
706770
-7553403
-6347803
-865422
-640622
-203378
-6236783
-1717447
-9528531
-4667039
-4655547
-5629219
-2536758
-1163557
-8327340
-761947
-7029268
-11952025
-593427
-981050
665802
-6553079
-3830692
-654879
-7982142
-1722263
-111167
-2792046
-1166357
-999210
-4767646
1387493
-1433806
-11730339
-7105422
-10715814
98127
-7672395
2760954
-4297530
2269555
-9512588
-5233845
-2900951
515946
-9834101
-8405607
-6760655
1540180
-2735443
242722
-391214
-10044363
-1922804
-3787929
-9279771
-9949208
-1871021
-10270036
-10433519
-8070584
-362549
-806894
-5922626
-3130900
-7027286
-7940913
-9423632
-9727611
-1272683
-8983083
-7152505
1349815
-9225014
-9094265
37589
-6868439
-9961705
-10805123
-2993813
-10062525
323691
-4642502
-11022982
-8909042
-11554685
-9652237
809867
-733557
-847159
2544275
2276352
-6655506
1803873
-7299938
-3474204
412208
-4247584
-9544584
-7831991
-6944835
-5367732
-4612332
-10308100
-11248490
341918
-3139445
-10820335
128302
-308143
-4392785
-9800411
-8266703
-562788
-13118569
1073826
-4133885
-6726790
-865851
-2712257
2100805
-2668089
-1947275
-7199023
-1423479
21992
3052020
-1084875
-1145676
-8306296
-5018601
645698
-4234442
-8408022
-1604763
-2470362
-5680401
-1803333
-9704394
-9297495
-11387296
-8721801
-9151819
-1883964
-11255301
-8385566
2264940
-3534844
-3682288
2768287
-4866376
-894074
-2791554
-348278
-7788363
1768861
-6915015
-1370521
-5220885
-54106
-9412216
-864999
-6383650
-10761690
-7624069
992512
-4906281
-11898084
-9381921
-3038190
-8563791
-7453810
-1915801
-7078931
-4508250
-7922825
-1403553
425204
-11293794
-3124232
-2277969
-852089
-7389957
-6034634
-5684708
-6841287
-9982900
-1910134
-1320336
-7459853
20899
-189435
-1972142
-513047
-7510445
-6159120
-730810
531128
1835989
578433
-7378164
-11460753
-1350376
-186525
1927884
1229342
-5986955
-479188
1715804
-6422805
1452098
-6760004
-3600264
486099
-2568027
-753811
2518068
-11655636
-10585005
260175
-9304226
-6979815
-8484499
-2091504
-8317673
1257651
-11249530
-8286121
-2297847
-1137257
-4055595
-8339465
-4646380
63274
-6886048
-2074
25261
-1810552
-10559841
-6811505
-959013
-9929284
-1267897
-8905297
-9622422
-2209882
-11561608
-836956
-7562701
-652035
-4264103
-11796395
-1229252
-1773418
-10703726
-11439410
-4817098
-1462705
2558724
-494372
-152478
-258494
-9024557
-7708011
-817759
-1099888
-8078764
-169895
-7156785
-7848438
689822
-1225022
110012
-1666761
415882
-8425742
-5732643
-1999040
-10422150
-1259816
114297
82760
3624364
-352332
-988696
2098680
471864
-9521294
-9225707
-7316313
-617904
2213112
-10844951
-9302671
-5397258
1948258
-3471913
-5775218
326364
1490279
-10168877
-10639416
-2594285
-1520991
1112095
-803058
-4647960
-7383044
1710627
2117000
-2048582
-477985
-985095
-8371758
1033391
-2415710
1916950
-3296258
-9736869
-9778599
2712477
-4084946
2048734
-5013134
-5909079
-702778
-1518225
-7831916
-7009293
229706
-9445384
2037460
-5505265
-5637781
-8447977
-8403576
-8873944
-8826083
-5782053
-1751792
-811948
-69544
-133129
-1279543
-10200239
563622
-3749269
-2139307
1174261
-249287
-9017995
-1249346
94241
-9769644
-8556057
-219241
935883
-795432
-1764861
-1525960
-2528461
-11102962
-7342844
-10996804
-426054
-9178054
-2614466
-1156916
115081
-10438791
1988064
232488
-5721397
-578435
2241363
-2769019
-8898011
-688120
-11216865
-7867305
-682015
1106550
977803
-11054908
-8229829
-9452301
-9616109
-8244985
-5226719
-8520821
-25614
-9525560
-952910
-8818417
-4535776
-9546531
-10909026
-224414
-1127488
-11724665
-1352616
586099
-8251898
-10390816
-8588180
-4182728
-11324961
-11185068
-11218609
-578891
-379786
-8132776
1329473
-4655377
-7015929
-8131528
-572788
-9469281
-3557894
-9160807
-5130531
-4631866
-4477359
-9326177
-9147190
-810308
-8196990
2752438
-670219
-1113799
-9353623
-3530619
-154690
1119060
-9118478
-1658310
-7243133
-8611544
-8279283
2843265
-857361
-1639893
-5700702
-4357442
-1978020
-7872449
-5142507
-780492
-1000159
-8455790
-8289501
-8306217
-563136
-3785283
-67824
-10483377
-7138421
-10300906
-10930416
-3358891
-3824606
-9756808
-9420176
-1346392
-2590213
-7496092
1357199
-3786301
-6982502
-619582
-2187782
-7862509
-7754575
-9190232
-3009447
1367503
-6181159
-1618136
-9784454
-8123869
-2960597
-1349627
-2236915
-1289553
-1971565
475563
-4478313
-7415357
-595121
-10552471
211184
-1969575
-10467357
-5966668
2062259
-9624234
571670
-3457098
533548
470189
-7388072
-2005258
-8362193
-1468998
642187
-1297308
-9333295
-8453650
-11738661
-138442
-10515617
641927
-491604
-139951
1686922
978280
-5224592
1635854
248708
-61513
-6117820
-4530663
-10905012
-2101875
-5235546
1377361
-884778
-9416353
-5900723
45815
-10427879
-2947881
-3465597
-644331
-4062924
-1427771
513053
-7933555
533785
-1729853
291145
-6810214
-9834160
-188213
-544856
-11957287
1275645
-10182369
-1597732
1604754
-4562324
-388826
44055
-3292416
-5167362
-7582691
-725434
-3930516
-6527517
-7067122
-12224823
-761559
-11700304
-930553
-447283
1656204
-3692323
10088
-11748278
-6887107
-9657542
812554
-1871505
143983
-10596961
-3902302
7189
773110
-1696696
2670464
-8152691
-8483824
367591
-7422800
-10247851
-1312618
-9548054
-593243
-5761416
73250
1524952
-1513533
-10927683
-685813
-3902580
-754874
-10995746
-6797567
1172779
-1396721
-6725244
-8666740
1579937
195919
-883023
-6507006
-7887003
-7431376
-7028274
-111068
-1364789
1354662
-3360639
2528965
-9495957
-1422520
-6912456
912188
-22878
-8372667
-8631918
-10057446
-6195450
-4263355
-1796332
-1957234
-1273468
1025316
548180
-8825194
37981
-252833
-4686836
-6832854
-2431296
-617316
-10909189
-11081675
-9317662
-1621304
-5741823
-7313843
349957
-273168
-219518
-10225231
-6894043
2109322
-1862813
-401175
-6721584
1139820
-6157255
-9073738
-8660068
-11642676
-2453938
-6895356
252765
-7342434
-10901242
-2924823
-63182
-9336117
-7970989
-9876432
-11588603
2754083
-1262162
-200373
-1598166
-8239024
-10472970
-9107901
-1143497
-7919462
-2741627
1531731
-256836
-5745867
3958924
869119
-8237744
826707
-10992581
-7783788
-8895627
-6491867
304097
-1920595
-11109320
-6758872
-1641705
-7147166
1138985
-6841114
-127593
-10030897
-8012449
-7944691
843611
-8447135
-2480232
-10296701
-985901
-10327468
-4308556
-10253588
-8269855
-377000
-9598331
-3200648
-9559497
-3642050
-8178262
-5873224
-7553387
-4479254
-1733456
-8903087
-10356598
-927593
-5629162
-10258506
-5698897
-1270735
948788
-1210352
-2298143
-7190202
-1042173
-3527903
-8462430
-439815
-1159180
-9387351
-8179904
-2444220
-1343360
-5923565
-3543822
-7392350
-8948980
-2447646
-7257328
-11585973
-87439
-10088760
-3586961
-1218665
-6264869
-11398695
-2301533
2265883
-11175509
-5954270
-8210166
-3871656
-1265417
-3457598
405780
-3737041
-4324097
552905
-5496887
-1119484
-3793467
-710493
1281119
-387724
202758
-8893251
1439930
-6035342
-6739892
-9437790
-1106402
-10702801
-9033730
-7648232
-357826
-5216290
-9576246
-2411851
-1631770
2587112
1994125
-6663481
-9027315
-3036332
-4466218
-11698158
-3394259
-9856169
1479403
504014
1260754
459649
-1050608
727541
-4974512
-9765343
-678950
-8824108
275129
-2047732
-8932624
-10325265
-3364657
-508453
-2428291
-9110118
-4737713
-10719490
-8574373
-5781086
-4815921
-138115
-10471707
-6920622
-3957544
561716
-7254320
-1844158
-930525
-1476663
-5096158
-4279394
-41478
-328997
-388725
-853745
1139980
-1270158
-7439352
1484524
-443342
-6571028
-6498492
-9182600
-12987246
-162125
-8866803
-5212277
-1241120
-2205934
-4103152
2592092
-1711986
-5046557
1671118
-8572712
-5642046
-1107657
-1370669
-4163274
-4702402
-10151106
-126277
-2843650
-1141365
-8113606
-5910702
-4101308
-1515455
-11794170
-1985094
-3507770
-8602541
-11343497
-2069993
-7130090
-9806350
-1502156
-8173744
-2019356
-9682277
-11593887
2154946
-1612662
-9311824
-8830478
-537645
-8251681
-1339990
-4174545
1237101
-8391702
1562011
-2834530
-3081815
-9567790
1294808
609898
-1582436
-5319282
-798693
2648079
-8151534
-6093857
-2075545
-7892487
-1440349
-8846057
-1722750
-3137467
-752689
-12251874
1234544
-1770781
-10719897
-9385784
-2360228
-6444855
-10145512
-3204579
-12260455
2041399
-3717175
-4639704
-75376
-2418071
-11698298
-1052448
-9431679
-7775397
-5854257
-2901272
-9327678
-10242030
-2599651
-6672555
-1964073
-11104855
340569
-3196589
-1538928
-281789
2718032
-1159374
-9042371
-11490973
-9047445
-4718228
-4509613
-9553994
-8194293
2941307
-7867220
-9318502
696218
-85276
-2173548
-2334722
-10305923
-7834027
-12178037
-10653799
-1116993
-2930938
-10509400
-248000
-7544722
1086005
-6552664
-4825590
-3332645
-8726455
-1236673
-2079856
-8898873
-1216174
-648056
-2345098
-4930722
-5933501
-2268978
-270960
1466220
-789505
-2948815
-10221164
-7040756
2013569
-4973306
-11219562
-2242685
-4941699
-8015388
-5100167
-6107685
-6431717
-552142
-10012011
-5565229
-7557158
-4780751
-9397594
1902237
314251
522000
699079
-11522243
-1225721
-8633201
-3721380
-8603267
1205841
-10619924
-5627347
-1953657
-7398736
-12471808
-8170873
-7634077
-7161596
-8418663
-8118902
-8978447
-3546892
-1217452
-7695971
-8854171
1082456
-1864682
-8660435
-1117366
-8235038
-5065118
-1565639
-7951353
1724106
-6365252
-10154689
-8747099
-4951545
-6235773
-1251144
-9744662
-3478779
-2599566
-7795061
-7957516
-11603825
75999
-6489854
-5983076
-5401479
456055
-5607884
-8487880
-4990413
-2303687
-5820490
-8131199
-231301
-3771349
-11459007
-6018566
-8426541
1082784
1095290
-6170075
-9438657
-11516342
-5009608
-11341817
-8982622
-5208696
-1797550
-5823579
-1074714
-5367175
-1749335
-9031532
-7002787
-9998138
-3361103
-4616494
-9390423
-687084
308957
-238766
-1766769
-211589
-2809672
-3378665
-2276163
-6123206
-8382590
-6218781
-8405368
-553371
269496
-2121954
3163606
-191815
183595
-824978
-3671865
-2223135
-2768736
-10827748
-867149
-2667826
-7287894
-8266468
-8932979
-4422161
-11990775
-1496591
-5592599
-399200
-1827515
-11234596
-3590100
-7155139
-6328022
1123087
-8742789
-5033224
1069139
-4888695
-1321540
-8654198
-3960598
-6948059
-8650808
1808623
-7995079
-630659
-4260266
1280995
968821
-5989488
-1043739
-898479
-160236
-7749506
-6349743
-2369019
-5424327
-2363651
1336374
1379492
-3117929
583572
-8303297
-4371212
-6946260
-1044137
-724733
-8857875
-5298598
-5907510
-7334875
-8795013
15848
-2135270
-2330634
-7568919
2816237
-8651486
-1642070
2113390
-389234
-9574273
-1603245
-7530877
3718676
-1292057
-6105667
-9946596
-1495539
195981
-4391175
-4288458
-12484507
-250600
-4635621
-9814160
-2629777
-4478618
-6113394
-10166605
-585804
-4306323
-7355416
-12036458
-4244182
-361774
-677093
-11901819
-8066477
-1257448
-9514168
602948
-7458900
-5337390
-6273823
-10941347
-6226900
-830063
-8091111
-699783
-5405094
-5527955
-9324911
-7394177
-2250920
-1963199
1010097
-4253006
-8986169
1444643
-9994986
-7636136
-2338872
-7388916
-6804518
1397093
-8383509
2059923
-662478
-743605
-8414623
-8604692
-2201235
-1257095
-12198993
-12155664
-195742
-6959098
-392923
-3548660
-10289478
-2013673
-1445443
3377561
-6999156
-8712127
1468807
-11779984
2019667
-11707079
-9125166
-1754021
-1768360
-6557645
-219166
-1908406
-173626
-326721
-7008211
-1185603
-4275313
-3692314
-6058596
-8082711
836683
-6734050
-11199
1757688
-781780
-543125
703473
-2461087
-802277
-3629156
-10220640
-689577
-10109566
-5649297
-4064175
-1502427
-993618
-2186360
-6142858
1361423
826004
-11259773
-11144121
-12020062
-8715000
-1558856
-5890436
-4152330
-2276154
-3381479
-8361500
1559943
-4228856
-5409688
-7558864
-210297
-7456929
1183142
-6877757
-7994961
-6617925
-9234484
-1518791
-5468042
-1448098
-8716962
-5669859
-4497031
-9512143
-6148750
-2955098
-1192480
-10105440
-1466863
-2536782
66047
-1513763
-4697793
-784959
-10438418
-2534907
-7204197
-1461283
-4179500
-8007132
-9125805
-6469496
-9168431
1215351
-7598474
-9477488
-72935
-1586068
-4346191
-7424244
-2058238
-8052762
-6064536
-4303728
-8976811
-9766412
740760
360311
-4514191
-5242111
-3069358
-6393595
-2783735
-10317746
-445092
56386
-165465
523087
-1788779
-8179687
-11027563
-526885
2285165
-9392739
-1791362
-5011124
2841233
-9132028
-9864652
-8029857
-3315040
-1068447
-5231797
-11245855
-6702971
-964866
-1841706
-9013845
-7937184
1677365
718900
-6549722
-11199924
-1861382
-7679597
504152
-6595589
3185448
547256
2034602
1153676
-8256912
-12111297
-8050749
-10124272
-6111047
827599
354990
-9011182
2673969
-9224499
-86841
-10672747
-7939541
-7743528
2010996
-10602130
2212783
-4833059
-2246441
-10261448
-3317416
-1192710
-1135973
-387942
-5445326
-9076541
-2189011
-4050012
1011722
-11757470
-3871979
-9572968
-8788983
915200
-5697375
-1236368
-1567430
-11489782
1333879
-4834761
-3553464
-5606511
-578038
547811
-3330772
-1572890
-2137617
-1881521
-1196781
-3584244
-268572
-267109
-114247
-714152
-9620524
-9912941
1366074
-11770868
-1551295
2509169
-8220642
-9160941
38433
-6311659
1236827
-9240157
-277801
-2067874
-7555239
-9705322
-2273262
-658131
-12018894
-281154
1119264
-6715560
-9673293
-366254
-4592204
-2404857
-9516332
-348717
-1668236
-4967942
-36836
-3913897
-6739116
-3685413
-1732932
-7867194
-9264265
904835
773369
-7281520
-5587714
-11296691
-2463926
-8495289
773276
-11179970
22427
-544564
-11415291
-2670472
-655705
-6230956
-4285058
-10968655
-5830766
-7697010
284216
-6541491
-4225111
-5581822
-9590436
-12767807
-469714
-5741364
-10402444
-92444
129460
-10523344
-797358
-3913862
-2251851
-1613252
-5873648
93447
-9610708
-7081232
-9316639
-2413527
-4903261
-12184765
-10342268
-12316493
-6133418
-3065198
-5203032
-7586296
1010773
-3250241
-2137938
-10096097
-7050363
-2920152
-5441146
-8598384
-8303789
-539867
949161
-995627
-325952
-8548253
-1179313
-6861999
-11562264
-9501701
-2567616
-1277755
-9538209
-9437810
-3844967
-1106094
-1614568
573857
-7781812
-1071785
1438206
-7362877
-4107427
-8653493
-8123787
-3022570
-7934368
2312781
-5286374
-1735528
-5061894
-4700525
460239
-2713601
-3146577
-9776216
-6983736
1366131
-4177833
-10554952
-9212466
-6672013
-12064622
-351700
-7553714
-1876905
2259838
-6814617
-6201930
-490755
-8998396
-5583674
1405593
-2713611
-6596329
-5397977
-856591
-10161916
-9711857
-5055066
-7900878
1940697
-1328015
-10088261
72671
935547
2598986
-3488459
-2416476
-2646620
-7395301
-11260926
-5746540
-6123216
-8781083
-2235089
-8246275
-10753469
-8636249
-2710003
-456716
-10200830
-9363681
1776228
-9820861
-3392616
-9847614
-17575
-6484389
890577
-3439785
-5506113
-1626702
-1054058
-10567999
-8530659
-6864195
-6827929
-2487437
-9394644
-6709777
-3071006
-356338
-2742505
-4922676
2410084
-11998804
-4240752
-7776049
-5579860
-8613356
-7560388
-3041687
667159
-230074
1329846
-9650035
1441893
-12318960
151055
1881662
-2241792
-1240463
-212979
-772059
-10059952
-767583
-2660874
-8569861
374010
-2521476
-8651192
-3228593
367113
799540
-11444356
-5322736
-105192
-3738515
-2556669
-613268
-1359577
-2589345
-7952256
-7826314
-9829076
933849
-8562619
-12229534
-6344532
-4813422
-1208026
1341858
-3731219
-7511835
-7306167
-1003228
508461
-9337825
2734435
-1373235
-6192513
-10214289
-2703494
-10342415
-12137516
-10901208
1885003
-7993755
-7931871
-1438680
-3257656
-1667562
-4415858
-8950984
-7314094
-5632396
-8137735
-2191721
-283842
-823488
-5413726
-1624972
-3742230
1148513
-10001147
-5653476
-8322760
-7926071
623834
-44463
-2357810
-7542043
-10306954
-1292744
-2898637
-695928
-6972354
-7232889
-10268810
-4065122
-9427069
-230822
-1503302
1895773
-2658992
-3896604
-663292
-2715648
-9055585
-3137204
-6681702
-3217433
748644
-6359455
-2053370
2962258
-3357390
-9562989
-12232563
117838
-7438287
1999936
-7677327
-2011395
-10275644
-2247521
-11165136
-12271523
-10817825
-7201395
-2660512
-3659235
-1380313
-4342977
-1831358
-4524116
-10355270
-5551690
-4545546
-1177929
-6291448
-10135853
-3114936
1530967
-10326621
-5169972
-239420
-9946718
-996136
-7125563
-8330671
-5257446
-6699854
-9869863
511203
-7702633
-10255604
-79867
-239095
1422659
-7776812
-2187937
-9446792
-5826742
-9402608
-10711064
-8318868
-11383877
-1232052
1317292
-1567396
-1349571
359698
-2593180
-1316585
-3349118
-1439691
-9051823
1057894
2036072
-9820926
-8913480
-9737151
-11705076
-6084476
-12426327
-4256153
-4534872
-9858076
-11649291
-4911268
-12091260
-10653042
-8749033
2598933
-7826660
-6486415
-10526979
-3205186
-7466696
-4427563
-1920532
-954345
-10744828
1736038
-7271144
-341697
-14439
-12658224
-11604667
-8690322
-2027451
-8590073
-4228470
-7597264
1448271
-9089981
-6309268
-4084838
993183
46394
-7844456
-1584180
-595641
-6060007
2652442
997757
-4758450
-79270
-5571444
-12399406
-87805
-7804291
-2061567
-3796864
-3853772
-11390889
2410489
-10182092
-1077062
2507509
-7534833
-484233
-8363720
743374
-10387751
271351
-1636561
-772482
-10925285
-5216902
-9073492
1177594
-6310721
-2409144
-11313222
36653
1822044
-2162157
-10787386
-1301757
-8918550
-9919339
-6026021
-11454260
-7584781
226938
-3044794
-4734047
-1302685
-8838740
-5161801
-4333122
-4820420
-9624876
285602
-2246717
-3488035
1645678
-328472
-8761377
-6993021
-424497
-171585
-857492
-8001859
373318
-4166092
-2718729
-2467980
-1730925
-6546353
-4434927
-8192784
-3269010
-4626834
289923
-2413192
1022467
222736
-273427
-1831559
-9420059
-711085
-2398816
451317
-4790414
-8501754
-368828
-3108111
244404
-8462922
-3965521
-8990073
-3151690
-8531494
-7249906
-1395062
-174265
-2778326
-856832
-7475490
-9226957
-4586833
-5411270
-5216290
-5661270
-4054355
-12161031
-1454852
3055429
-7256161
-8682197
-938743
-8890538
-7714794
931671
-8146307
-6252783
-4064850
-6578135
-9017019
-7411094
180557
-1378959
-7814569
-1765134
-924920
-1124436
-1288102
-11190786
-7001960
-3816655
42643
-851541
-2566078
-9716580
383851
-1865802
879461
-1237467
-10840573
-11175153
29067
-1931235
-7830026
-7495427
-8987805
-6930234
892869
-1492601
-1959995
-871264
-9296945
-256815
-8976930
-977566
-1908984
-10873825
1131699
18985
-2274467
-9930792
-1091583
-5145139
-2421688
-3587634
3214382
-10457590
700066
-318380
-939273
-6528273
-7219440
-614336
-1622643
493937
-6985737
-8952801
-5432416
368117
-7492162
-1429370
-7291313
-8306797
-4589605
-9247703
502754
-3821623
-928790
-502895
-9954654
-9088713
-8512999
-394500
-1636992
-2539577
-4857216
-5753055
-10377314
1262099
-3085990
-1111442
-68350
-10192129
-5899935
-5908542
-4542784
-3041258
-8509019
-12045052
367284
-8447276
-8274533
-3598704
-8195448
66666
-9468550
-674125
-2152154
-11904122
-9826373
1251153
542292
646220
-8201663
-676720
-575012
-8990611
-1919946
-7772585
-9004107
1350724
-5560069
164907
112849
-4796840
-10904883
-6433318
-5025174
-7351256
-7777209
1341405
-10861466
-6339326
-857882
-5487459
-10557572
-1990541
-2054210
-3373767
-1362010
2821515
531777
-316652
-5656389
666100
-8022208
-7759598
-4125761
1208125
-3824262
-10839375
-7633712
-2757543
-738210
-7456314
-5762401
941597
-2898861
-277009
-6635708
-9434011
299501
-7463198
1488868
700008
-3235573
-2514614
-1187407
-3012629
-12050406
-86727
1596602
-580705
-699000
855740
2042217
-556180
-11250680
-5597385
-6016031
-1127051
993900
-2690705
-9335496
2113414
-6924773
-8334299
-9887906
-11099456
-175783
-346464
-2828929
270614
-1578462
-6277969
-1831677
-5117856
-8711907
1122279
-2607
-9370033
-1525122
-1150751
-151804
-4326127
-220941
-9302248
-5133777
-10247059
-1911021
-1337938
-9431101
-10466465
-5767694
-5991141
-6057345
-8990125
-3125510
-6069807
1683164
-7890129
-6960782
-600612
-10458600
-4783439
-8061683
-8156504
1916092
1184823
-1814384
-2050260
-9842169
-11872828
-1748426
1529432
-1941060
-5047381
1449010
-7481957
309083
-1128996
1968030
-2431306
-674677
-7524956
-2582567
-1547359
93369
-153535
-4566712
-2305649
245157
92396
-5286375
536021
-3124704
-4306585
-235739
-8252510
-162382
-9493121
-2884899
-5428606
-12455775
-10347725
-13027119
-4534546
-10639112
-11919785
-1080847
-8411902
-1633338
894176
-9521606
-10132464
-8658542
-8789545
539329
-5668241
-9090907
-1430758
533232
-6429163
-3845724
-667983
-8226704
-1262684
-8272681
-2600512
-10353081
51983
-9163927
-1944518
-371674
-8570678
181118
-6388993
-6132185
-4657131
-10968421
-1572142
-1485028
-11387716
-2704485
-5878410
-2240992
1715558
-11611058
195729
-8393043
-7978280
82892
-2559989
-6379494
-2429654
-8316062
587471
505440
-446606
-2056139
-7130610
-8047843
-4059281
-3904437
-378388
425573
357140
-825851
-7816452
-2650395
378070
-3776880
-4190756
395963
926317
-4092494
-11256125
-8607417
-4670257
-1518488
-943375
172728
-9446773
-11526165
-8191163
-5308992
-1239929
-9771666
-10400094
1638871
-1387161
205308
1839313
576535
-8890453
1723000
-6861662
-9099793
133119
-473205
47685
-2681352
-3594933
-9881609
-1481541
-8511248
-6373221
-9085393
164901
-1835506
-1131407
170588
-2561156
-4721154
-9570858
-7866402
-5424413
-9357262
-5696471
-11350187
-995477
-5048838
-3972575
856967
-2785326
-5773265
-1694891
-9456111
-11738039
-2044850
494470
-7119229
-10490404
1081018
-2037192
2037877
391409
-11912726
-7930935
-11923835
-1108149
-3566156
-1761725
-464062
3467025
-9580649
-1892975
-3073761
-6211580
-1746672
-461438
-1645067
-506409
-5827322
-6438675
3368445
-384608
817390
-8713739
-1193231
-8731079
-8411840
-8119764
-5754632
-3890868
-8864057
2737940
-6588958
-5462906
-375142
-8862595
-1826634
-6139528
645104
-10608110
246897
629553
-12783041
-9477710
-2858866
-127214
-3226183
-1719743
-6793169
-2314642
1589246
-1011902
-9766437
-10868220
-6555189
-8507020
-9486009
-8114740
-5052859
655974
-777840
-6692937
-5976063
-7283914
-8744460
-2028741
-9135888
259099
-9817926
572325
-10285890
-2826441
13626
328728
1474671
-1825195
-1179136
-7866588
-8921426
-4274248
-9026836
-10216825
-1021862
-5774746
-8331732
-7182497
-1822651
-8582561
-8727949
-11048645
-9532889
-1337221
-10344036
-376257
-478018
-9293847
-6802174
-6725275
-7130168
-9027496
-271752
-8391939
-8622160
1073522
1467444
-6160476
781090
-1321580
-2833161
834972
-9137386
509321
-4362875
1736255
-7953853
-561617
-4350499
26927
-2213917
-2189536
619455
-11702395
677100
-4558853
-3291709
1332324
-5447855
-9150053
-2111295
-5291980
-243572
-8060191
1240229
-235497
-6515934
-5768289
-3099775
-10041242
-815115
-10005496
-1090722
392920
4020
-10060460
-12702087
3017548
-4132413
1736804
-11890896
-3695221
-6856598
-10313119
-7467955
-1443984
-1808580
-5333755
-7767532
-4674698
-8731658
-4521948
-1251089
-7588387
-9233705
-10091228
-4337870
119213
-10321645
-7220202
-2011460
-10553655
-3466648
-3497998
-8385737
-8200098
-7663071
-1612596
-2146217
441387
-10123716
-70310
-2666819
-1293833
390546
-2278965
-5199740
-6913522
-10387239
-1888589
-5789411
-2072189
-9939206
-4218563
-4533218
-362020
-3211508
-9691322
-7355765
-2997695
-7635
-593292
-4745012
-2147089
-3903743
974107
-7250672
-9415788
-3716478
-698234
1357021
-54176
307628
-9297458
-6148645
-2640303
-6705731
-7117861
-6257660
-8177484
-2170201
-4907117
-4440698
-2215964
-5056004
-5955661
-8606526
-1070680
246612
994811
-6725322
-3036739
-3943859
-3019249
1183730
-112226
-2458388
-10426909
3323598
-773279
-6390463
-7021126
-9435392
-9439351
-1250195
-8747159
-9784779
-2309144
54783
214595
-5246784
-4044542
-8836349
-9318698
-1972348
-3841136
361801
-5772385
-6416923
-8329571
-7542454
-3381709
-2668398
1096169
-6635533
-3162329
-6380929
-8772465
-8361021
-4728523
-2620960
-3519314
-6232028
-527325
-8019470
-642364
-6547536
-3453895
-3069811
-92732
-6456770
-6447854
-1000204
-5344789
-1692873
405449
-1499986
-8955992
-10590429
-1585987
-10547968
-768864
-7074867
-9149991
-8548862
-9342497
-10162033
-338842
-1560499
1367382
-3014850
-8994675
-3094745
-7824175
-6963811
-8383305
-3820971
1358595
-11307059
-3104511
-404860
-9092450
-168843
-742684
-3855540
-625141
-5223543
442285
-3803829
-6576676
401530
-9116012
-8009897
-64049
-8889188
-1171908
-189510
-11036430
-4638817
-308588
-9491571
860317
-1335757
-8767014
803967
-11322092
-6034751
-1174819
-7568764
364697
-269398
-7926211
-11199638
2703212
-7470557
-9656675
377086
-9220812
355420
-2362744
-6914401
-9678667
-9505642
-9746961
-7409317
-3345834
-4286532
-6856878
481871
-6657300
-9338481
-10717586
-3430647
-3863960
-3302823
-4704092
558016
-9638504
1970957
-1616950
-3020138
423847
-8229754
-8227781
-400042
-9828489
-6756858
-4551969
-2488955
-3979097
-8551846
-9115340
49258
-1796992
-1838316
-10662292
-1800999
-10672439
-3055758
48385
2268309
-6965848
-11899937
-4785022
1214395
-7622753
-2334053
-5507676
2663696
97350
-1916861
-8144370
-1047132
-6226221
-1077337
1713819
-9213551
-4242853
-2335718
-162461
-4990681
-2576460
-9077381
-278029
-823356
-663064
-10305561
-6870304
-1182373
871702
319609
-2790324
-602690
-11179820
-2740005
-5162270
-2791222
-1351209
-520326
-10937473
-11961303
-5876796
-2609430
-10255438
1864961
1021834
-6662868
-11283541
3756884
-2042775
-8993234
-1760655
-2135098
-997664
-4841351
-9536254
-1527956
-6771713
2334720
-9562307
-564179
973370
-7389483
-9081489
-7859011
-9802975
-8835310
-4930577
-8086768
-3376909
-665799
-11024052
-5156395
-10506961
1314440
-2029643
-9339114
-7135157
-8511789
-1479694
393287
-700488
-2220622
3240558
-1613124
-4378780
-2485462
-8452229
-7614496
1690324
-2220666
-604157
-10261230
-5053768
200301
-8784974
-12163952
2325187
-12087768
-3515838
-10704134
-7221907
-103646
1431260
-5280099
-7844962
-3172114
-5240974
956505
-4493120
-1110011
-10476842
-4104984
-10107337
-6034122
-376276
-6079459
-3278820
-4807835
-3391451
-9971094
-6653652
-11865850
-10523770
477708
-274757
-2223329
-10072264
-1266024
-6689433
-8043445
2021201
-2428345
-4006051
88494
-5635082
-10747094
-2052374
-7068783
-774051
-1345153
-103941
-9538874
1927021
-1342018
-5646616
-3898275
-1303118
-6439342
-4165951
-26066
-1314727
-4262450
-3862181
-6137021
-5355605
-613959
-9830998
-5195111
-63254
1389762
-767399
-590815
-7237785
-4331563
-8332280
-4763880
-5097176
-6232845
-3086297
-3178229
-467910
-9725859
-4284738
1399000
-1574333
-1342753
-8619812
-7310588
-6311213
-258067
-7450786
47437
-3214508
-3631357
-909116
-5706000
-3481883
-7797162
-2013924
-5016701
-8710603
-8839008
-1041308
169148
-9333056
-8307512
-2542976
-5605219
-2662926
-10929649
591212
-10164428
3542103
-3118834
-10171900
-2084205
-4534886
-8619425
-8891646
1672614
-5957600
-2220592
-1712862
130892
-3317542
-914327
1989755
-10468024
-11203730
-6628731
-4928274
-11199301
-11147836
-7032449
-1164732
-9328204
-10950146
54144
-2437121
-3890093
-3276869
-24494
-7853096
-6302645
-10607406
-8253877
1295435
-4160870
-5793616
-780554
-10929899
545576
-2477102
-10706081
-9189445
633579
-1420111
-4913431
-9911933
-584798
3624541
-11162946
-5941311
-1987542
-5621608
-2155824
-8759367
-5419885
-7695184
-3191405
-1680159
-7200605
-570130
-3769137
-2635581
-3536339
-9900279
-10211877
-3878342
-989655
-3426774
-7409640
1654427
-2039687
-726510
-6720080
-9148563
-2213825
-5115223
-349746
-445487
-1793768
634830
-2106016
-3374587
-1283738
982331
-9989172
-2432257
-10309146
-461793
-721613
-11018370
-6517834
-5441661
-294086
-2875762
-145131
-11374692
1633340
84816
-9810380
-3620735
-9632790
397181
-452479
-10758744
-5655283
2605291
-8704764
-361699
-10558
-565314
2392948
-11668557
-885233
-9224740
-2478439
-10402060
-4217706
-5985659
-2836153
-2622402
-9779874
-6985995
-6796679
-994461
-5332458
-8575237
-5491590
-10634344
-1582091
-1583796
1150604
281186
-7446505
-136167
-7061598
-3238058
-10474129
-4121081
-628762
-2020390
-2913153
-4430726
-10864038
2980510
-183487
1333106
-10526790
-6570938
-3436870
389800
-146719
-1943518
-8586856
-8472737
-5355828
-9550503
187509
-7540144
-9285815
-8891211
388123
-7414237
-9525499
-1333409
-8635862
-7504826
-1613249
-9911967
-9281349
-7415146
-6560592
-541252
231987
-3613376
-2763182
-4840420
-10672494
-7902485
-5878523
-2481293
-220910
-1141350
-41818
-132089
-5413445
-899216
-2603751
-9262281
-1563231
-11386612
-273743
82008
-6789689
1001411
-11232385
-1374243
-11114921
-10620347
841578
-2116704
955792
-2230054
-3766019
-2074167
-8436625
-7802014
-4597919
-11975358
-9573669
-7901152
-1178279
-4253992
-11702403
-3627555
-2145841
-2049686
-2930159
-2290499
-3696073
-7168629
2291888
1072076
-387142
-878760
-1739976
76632
684180
-4063371
611885
-2270447
-8209736
-8320861
-9254965
-6889369
-3677902
-11805036
-2599498
-1757612
-11646201
-2064524
-3065511
322635
-727259
-1371045
-1218476
-458014
-936289
-10119859
-7630617
-9637772
-11581156
754903
-1974776
1458211
-1521035
3142559
-5021488
-2274331
918778
-8616973
5649
1415467
-10313070
-6293382
-808510
-9156527
-1425340
-9842962
-8416033
-7629007
-1083870
-776017
-250211
-1597554
-2832676
-1971691
-1217306
-6201435
-4434474
-1708583
-11410446
-3847509
234952
-5936121
-9705377
-8735541
-10399735
-11686565
-730642
-10990190
-807916
-7690846
-6400642
-8934395
-6627114
-5781581
-10222661
-9691675
1712815
-9146948
582556
-1672701
-7064606
-2603615
-6731750
-6539818
-8753688
-2148362
-7288399
-2735262
-940929
-4005045
-8117599
-4062554
-2796276
-1701993
-11279397
-8004415
-8782486
-3678437
-1931520
-9095563
1202636
-7865840
-8234536
-9628952
-4423416
-11098
-5152260
-8816390
3176476
-3660801
-591412
-1912082
969795
-8561465
-833046
-1784764
-6729674
-2562754
-1276213
1106242
-4128322
-1722146
-7221059
-7651986
-596650
-473454
-7649644
-4859018
-9349161
-317911
-8408087
-850305
-9416776
-12000413
-3974942
-4643600
-9055995
-9880726
-8463302
-6579612
-8658546
-4546603
259081
-5606880
-10559649
-485313
-2070177
-4638425
-3010241
1064504
-1968499
-7809430
-1287132
-6444991
-7154097
-5957665
-9683300
-1804123
-6805959
-3203163
-10378545
731185
-2247636
726908
-6376021
838544
-7569271
-1476479
-2467678
-1852633
-7093966
-9203175
-1948835
-1609962
-5956717
1562330
245478
-4444440
-9004849
-20944
-133960
-8785114
-1635309
-149250
-9164852
-6840364
1191889
-6271643
-12539922
-9414290
-53591
1816359
-9715287
-783184
-7707690
-1478352
-911476
-5826047
-2587176
-3924406
-6752959
-2746921
-1298210
-849125
-962127
-6946201
-3335692
793688
182775
-1420812
906968
-147520
-7564506
-8174708
-1271869
1408728
-6148166
-4288620
-1055523
-10507408
-263846
1675083
-10494557
-10479067
-8435615
-1434916
-8822774
-4668423
-11452142
-9351505
-7606501
-9135228
-1450698
-570290
-1145646
-7190847
-4790844
-2756273
-8803196
-2079894
-10520792
1482729
-5012247
1062312
-11562637
-11958363
-5388952
90502
-1483601
-4339555
559282
-1242402
1795921
444528
-8954310
194610
-8022386
-1528764
-3070717
-10219762
-9756874
123954
141432
-2201285
-4960301
-382780
-6184182
-4129238
225228
-6564863
-1948310
-199795
-8234753
-3190555
949019
-12041847
-2146086
-2588540
-405035
-10225644
3012527
-117364
-5315852
-10597216
-4517569
-7018374
-6788421
-2910424
-4141814
-8364560
-70824
-10888871
-8616552
-782929
-5900850
-7693034
-12126124
-4404156
-7647357
-8476535
-6006174
-7285765
-5887093
-9077074
-11849755
-1837620
-3071529
-5954019
-584714
-2800859
-12379664
436087
-10829313
-6702023
1415447
-10798895
-6158841
-1037389
631991
-4183370
-6000010
-8093410
735022
-9631198
2004432
-6869488
368408
-11189330
-10105359
1032941
-3492294
-6339191
-3015674
-348629
-6099114
160616
-9312827
-2467025
-969225
-801257
-49535
-3894587
-2946939
-9916419
-7298466
-8265281
1595051
-9510923
-7792807
-1224343
-11397939
349038
-10372066
-5228109
-4683723
-2514366
-6315111
-1235394
-2469806
-1270667
-10886208
-1844314
-6489262
-1215841
-6768448
-5946688
-6610213
-5093671
-4755617
-6828693
-5164173
-10598920
-1157196
-1037539
-11445903
-3678859
-2733917
656519
-6955445
-7591644
-2578862
-10731103
-7087588
-2475929
-674020
-3692035
-2789706
-5090486
-1663669
-11654959
-8608711
-7842481
-9113894
-7532223
-3451479
-7380765
-7881832
-1540307
-5896082
-5788361
-10208218
-10515831
-9305857
-3927592
-468642
-7063332
-2409814
-123582
-887398
-902505
-10473163
329525
-1304359
-491500
-1695111
-4989663
-2124925
-8278499
-9951329
-141912
-5653619
-10238488
914086
-5913062
-4595017
-7376171
-9063600
-11282507
-2240799
592892
-5839149
-229372
-1882828
-11725850
-543760
-8341704
-8673268
-3435571
-12658827
-464255
-2695766
-9805380
-1127759
-2230046
1459741
882709
-9645083
-8858693
-4531255
-6163566
-7608250
-12424306
-4279671
-287334
-1483870
-1985914
-2218927
1699461
-5888893
-461506
-2992577
-8372113
-391587
-9795656
-2954465
-720771
-10166692
-9493642
-7342674
-8750221
-7102375
-1339066
-176156
-6080306
-385108
-1660178
-10844622
-599509
-9391764
-2075193
-488794
-4585514
-1449435
1646096
296929
658951
-11567376
-9346978
-5070021
-9789302
-1584250
-1270792
227230
-11027421
-6545142
-575083
-3128570
-1075874
-2157599
-8338014
-3944495
-9305298
-8256441
-3204724
2818419
561066
-1111462
-4354297
-7719798
2433942
-1086667
-5397827
-1761630
-2776339
-11182235
-11591487
-571747
-6471757
-5369880
-9180688
-2566735
-6181815
-11251154
-1935687
-8070332
-8578076
-1825861
-1390056
-2323246
1206742
-8106505
1296219
-3352940
-4622907
-2575190
-11987229
-11193772
-11342517
-5183551
-6739876
-3135548
-8316585
-3051413
-4066550
-5485103
-2646269
-6252292
287774
-4190893
-9785562
2826824
-1224604
-8423635
-8220685
-2157645
-1487440
-3108943
-6511212
-9138596
-10495532
337851
-1261834
-2705337
1259070
-1700130
-2526345
-8769531
634522
-924841
-9865362
-8085340
-858990
-840342
-1109215
-8865567
-5958511
-5117645
-1571020
-3448835
-12120594
-1396142
-4223073
-10222136
-8985992
-58090
-7187836
-7449051
-8826335
-6084899
-4449251
-1033670
826558
1514939
-10066625
116798
-5239160
-8615945
-1280134
-6188031
-8168754
907935
-6751782
-11188640
-2392508
1319423
-8399500
-6257039
-2400079
-8930943
-7997638
-8323393
9875
-7336980
-2162447
-8430246
-2374201
-1498231
-2982302
1966615
-10327364
-3055460
-10772717
-3369510
-9218349
-4773739
-3142657
-5553748
-9960329
-9057532
2429667
-998586
-1514810
-2501562
-6948339
-1382521
1459210
-1467840
-8145292
-11554010
-8487388
-8058385
-1064528
-7066792
-10991541
-1739675
-9230283
-9177649
-9902209
-7288329
1786849
-884065
568404
2000190
-299578
1493264
-3787624
-11421042
-8664477
-11506573
681586
-4049203
-3402751
-8140621
-4161654
-10889089
-8316119
-95188
-10289870
-2944502
160317
796717
-328743
-9324395
-4267185
-7904111
-3687751
-8691400
-9670033
-4331818
-2996949
-2240374
-8874089
-4073140
-1232115
-471595
-7158933
-2173484
-2330093
-10160670
-70595
-10245194
-863243
-1827363
-7922103
-9932058
-2753106
-942013
-10329329
-9098958
-3247685
-7030527
-10443211
678891
-8538308
-3333169
-11730970
-697647
-8485656
-5771880
-7795736
-3826854
-1752949
-2695715
-4810038
-10013722
-5942348
1775875
1528513
-9777990
783871
12262
-9175499
-395301
-8799255
-11363718
1775
-6841797
668032
-181414
-11023758
-10702705
-1338208
-5614808
929977
-1379676
-10989659
-8009684
-286248
-10299787
-2914229
-1787017
-5942418
-7629063
-10391556
-1292742
-751623
-7033051
-5015992
2397305
-7908465
962255
-2038138
-5109029
-917266
-7611966
-10309229
-10054762
-23363
-4225941
2470490
-878238
-1713847
-8512289
-8871787
-563232
-2182078
686856
-8534904
-6684146
-8819059
-3926409
-3693808
-7756938
-488974
-7411356
-8521152
-4440064
-274640
1605300
1779943
-5169036
-6684056
-9730750
458513
-9454552
-979856
-9115965
-915133
-576848
-9156837
-138970
-1714893
-8052203
-9310632
614991
-8493470
-6288183
-8849439
-2936074
-6405517
-11228299
-11066548
-6619500
-8303230
-2642764
-5773191
-5796323
-1635286
-7027090
539372
-6328827
102366
-8374385
-6040973
-10212924
-11104808
-3971188
-1252293
-9356216
1945050
-9148701
-4808338
-2428383
-79066
-8691113
-3373947
-3482705
-78579
-1238877
-10597200
-1572817
962295
-871500
139409
-2277659
-7287822
-2541828
-2426080
-8454407
-8120875
631857
-5360580
-548445
-1751779
583473
-5037534
-3045168
-2695963
2563270
-11033024
-1062730
-3259456
-1908554
-1357779
-4330018
-6777481
-10666619
-10117774
-3787987
688019
-10114329
-3309668
-795225
1742469
-7634023
-9580292
-523143
-9182746
-9791535
770760
-7919235
-6132224
-7328855
-3567074
-6590742
-6441197
-6872932
-3349763
-11132830
-1588191
-10642824
-5541641
-5382564
-8853702
-3842644
-6816975
-3168274
-8650210
-9789580
903140
-6480269
-4613350
1126602
-1004827
-3282292
-8919242
-9004976
-911604
-10301758
1124257
-7712058
-1820264
-2321034
-10741658
-7841488
2976794
-6423783
-8913956
-4628224
-9328448
-356791
-6744610
-1586737
166982
-9248586
-3408261
325496
-6684152
-797172
-4267979
-681421
-3923926
-299474
353079
-2566304
-1651928
75267
-11825371
480810
-1901085
-2008933
1935270
-7565684
-8703744
-8602383
-6753994
-6270405
-58835
-1119450
-7711912
-383221
-1364697
-2387024
-1825838
-1761429
1476733
-4398795
-4980
-1868193
-12210429
-5485866
-6500906
-9550585
983992
1696988
-2069779
991908
-8200474
-9046289
-7426570
-7086011
-13378978
-7607275
-12015938
-713218
-5103782
-1830071
-1552829
361867
1487634
-6240545
-1259004
-9417064
502714
-964513
-5109099
-12011814
-9721001
-89428
-7560657
-10437522
-576527
-3625245
-10749363
-8179992
1696096
-7993331
-5342953
-821439
-611313
-963616
-8238855
-9657871
-7405362
-748869
-914233
-2131106
301817
-8476924
-466653
-9000036
-6764455
-11619638
-4757650
-1009671
335858
1217800
-4498552
-1192039
-9977816
-11466852
-7654753
-1327674
-1459155
-9599614
-11936362
-4881811
-6611140
-7381436
-1362030
-2118234
-3533906
-11219963
-901819
-1210527
-3683387
-740089
-10103634
-4431126
-9656705
-11328673
-9857295
-3488285
-1748830
-213624
-5587911
3399539
-2146524
-1508494
3041136
-941313
484038
1403716
-5677397
-2645265
-1519742
-5032176
-2491925
-248234
1492680
-1836973
-4096647
-2663285
-881918
-2123396
-2649703
-8979805
-11500599
-9978521
-7018500
-10081682
-7375809
-1273571
-7171626
492973
-4079270
-4982027
103622
1861800
-3628753
-6873402
-3274738
-7417836
-8602093
-10283445
-1535994
-2400734
-2744236
-6598857
-7949911
-5190389
-12014271
-1551329
-9768812
-9224466
-3580918
-2454327
-746677
1054799
-7087849
-7877603
-8626764
-7653240
-4100396
503847
-997034
-8904319
-193395
-276952
-3221498
-8110640
-9649928
-8074832
-1237995
-3591304
-1690931
-4180121
989710
-5718020
-5033157
-2436137
-1830657
-6756487
4207322
-757496
-9244730
-4595510
-1100993
-1590075
-10106731
-8468341
-1929981
-8339259
26907
1507735
-3493054
-8780554
-10380450
-3127949
-6053267
-8805330
-1267689
-53367
-11246063
-6126052
-11212649
-9674782
-3437848
-286040
-10048854
-7304853
-9756548
-10637810
-7788425
-10064353
301138
-5106247
-7929555
-1543905
-7768677
-1768829
-7708939
-9779021
-12699344
-8559525
-8660544
-9058479
-1595295
-12131171
-4040396
-8781053
-917832
-9624803
-8217354
-3359037
-10911238
-4098713
-318339
-1170083
-1718514
-6599305
-9847108
-4845485
-11474747
-2961106
-10172549
167511
-4334283
-6695899
-3151581
-634913
-7961330
-3581063
-10975194
-1498854
-760317
-8404645
-12409327
-5728202
483691
-4008940
-1298182
-5803470
-2812715
-9607564
-7097266
-9023173
-442144
-809843
-8987376
285034
-578314
-2015834
-1681567
-2729846
-8288537
-2084469
-4526741
-1124682
-884920
-8690905
-11299543
-12368932
-9216520
-8236259
-9716579
1769047
-3886335
567949
-7983901
86739
-5959782
-20829
-7960069
-8120694
-423548
-6175325
-3250476
710042
66168
-6335796
-10827758
-2852577
-2162743
-9846304
-8797478
595260
-7649385
-2688109
-2202221
-7220186
-1133865
-4621506
-885902
-11364738
2096963
-9330692
-9187213
-8749727
-9455273
-1130790
-10732363
-6621158
1955547
-8216222
-1378291
1190266
-11195831
-10808929
-10410097
-10191702
-2994301
899865
-6022976
-5065877
-230451
-3089945
-1230255
359991
1484511
-11182668
-2596692
1694053
-10505592
145832
-2198519
-10667040
1210088
-1853914
-9385843
-4765522
833018
-5508440
1634801
-11481456
-1676865
-2600293
-2159802
-1128175
-12083167
-1049662
-633759
-1288946
-4460534
680382
126592
-9858376
-10751998
-10944005
-4472839
-6127025
-10376024
-10443073
-10629167
2068244
-565643
1477090
-4896308
-1296826
-2148233
1579407
-1196846
-3306663
-1040367
-6057750
-12324760
-8899735
-3960859
-3063223
-757986
-286739
-11214084
-9516994
-11716062
-9008206
-4263933
-12276730
-11046071
-8100636
1808794
-8506202
-8074108
-5694199
-8958559
-12256073
-3493993
-2562407
-570004
-8250777
-2319079
-1159395
641067
-1481499
-7534976
-6394849
327310
1173852
-9657308
1593567
-536620
-4455005
-2092449
-3379388
3739900
-5071431
-1118558
-4825465
-3378528
-638500
-189473
-8494206
-1424143
-8602199
-2798562
190096
-4478520
-1483173
-7767295
-11263335
-8499266
-7140558
-10643153
-1170431
-8718179
-1030822
1985846
591484
-7117996
-1966668
-10300727
-2274990
2086412
-256736
-12096136
-3059633
-10881701
-10934076
-6835549
-8177446
1169980
-1162903
-3703108
-10032128
-7755798
1617466
-368664
-1024503
-8869906
-2299120
-6774511
-6757227
-1881170
-5159509
-6943997
-5511390
-1964364
-6220384
356066
-2390927
-8162690
-9070881
-8774710
-7051605
2968064
-10261233
-1561684
-1176187
-6446414
-611899
-4092574
-6534342
-1740374
-6430554
-4201643
-7625444
-429615
-6704656
-9797838
-1919912
1366047
-842844
-2417713
-6675211
-8819768
-507497
-6453664
-2539386
-5839693
-10059503
-2486074
-3825256
-744704
-5864513
-5116967
-4875639
-12201739
-6844656
-8825149
-3463693
-7623137
-2874781
-6940794
-7074795
171454
-11517852
393922
-6201862
-6625831
-7791290
-3193287
-8905198
3127195
-10358936
-9936772
-969931
-7093144
-4017984
-2287962
-4351983
-7138387
-4993113
-11589525
-3580469
2044228
-4188534
-136229
-9768341
-6232573
-2092704
-7330640
460243
-9428718
736816
-8868840
-7505854
-5810939
1081323
-10100504
-1044534
-4434945
-176047
-534627
-5811068
-3585813
-1270021
502178
-3391704
-2001838
-9382020
-630689
954636
-11951472
-11095892
287774
-7713726
-10129752
-8230298
-6010836
2139458
-11362830
-1953003
-5419009
-13333876
-7126494
-6462759
-343057
1214563
-73363
-9771211
-475447
-8258616
-268683
-5501116
-5666743
-1724146
-828583
-9563339
-2815251
-4932579
-6907175
-808866
-10004315
-10053281
-8910250
-10308034
-485511
-4984153
513899
-8122353
-6359229
-5403578
-4046805
-11091792
-5181417
-10076921
-2261635
2155847
165572
-9048074
-6185198
26149
-5560253
-6560275
-8454966
-1574797
-9457172
-2412955
-368394
-5014769
-7603329
-8693049
-11112073
-7236231
-4952249
-1523707
-2926552
-9474996
-9240572
-6808921
-1674440
1085938
-2643069
-7327881
-8161504
-9359877
-9476262
-2947185
-2525401
-8436951
-1767705
-3977855
-11438853
-7439487
-1295870
-8659587
-45071
-683800
-1433376
-3322814
-1436227
934037
-4288537
2072103
-811809
-141504
-10209167
-1212184
-3333126
313182
-10768569
-5574462
-196649
-11810717
-32202
2039400
-6550459
-2559171
-11702363
-7648487
-8003739
-946586
-5336409
-1356877
-2428393
-8549669
-3881961
-5530244
-7868556
-10135503
-3179192
-1310936
-6162967
673338
-9646166
-208533
-8664725
-59955
-10860690
-4236327
-298814
-9884540
126310
-9761221
-610594
-11509894
-1055064
-9066997
-8233329
-4283671
-6885670
-8950442
-3903621
-10474173
-8547963
-10674618
-2709097
1937146
-1660499
1570188
-1183724
-1857968
-116259
-5996883
-1790501
-1891108
-640040
11280
-2228870
-1119232
-5269843
-2198883
2405739
178528
-6487710
-1865844
-756048
-359745
1466478
-8920044
-7542607
783440
-10642498
-907109
-1711827
-10961032
-7444132
-8830955
-11264822
-6266966
-10096332
-6675478
-9275875
-7503659
-7665613
-8193380
-5775846
-7469082
-11242994
-948881
-5861599
-529622
-427340
-4272200
-11127537
-7288159
-7175197
2479955
-5996579
-7417279
-11271526
-7098298
-2105228
-5452712
-11269235
-3017984
-2555628
-8641837
-11222346
587665
-4695891
-8599155
-1075356
-9335869
-3786993
-748655
-6727534
-10742563
-10485175
-7083804
-4059246
-6823003
-6899804
-2456433
236644
-9655469
-12550268
-8381177
-852491
-10122011
-1072859
-9715279
-1192528
-5514250
-112455
104549
-834625
-2111635
-10522605
-10759251
-8292884
-1270098
-1353842
-6937584
-1574490
-2184792
-10683179
-6863687
184480
-941171
-5105231
-1293783
-6471218
-1352223
-1485355
-8234671
-7175449
-10997014
-6930582
45984
-8723145
-7417338
596370
-1600633
2598669
-6776795
-1785885
-11032418
-2493011
-1847154
166843
-2580641
-2131818
-8401259
-3691567
-5684114
-10584542
-929665
-11558791
1636027
227748
1395226
-8440050
-11826916
-420052
-11000530
184047
-2884522
-3234936
-8443967
-11758639
729825
-1582651
-1382726
1557416
-8373759
-1756775
-4165533
-3049359
890243
-12319265
-2943744
-11999527
-7682324
-9973229
2491738
-6097047
-3980031
-7992242
-8281112
1533246
-1794075
-9583686
-5293014
-3285216
-760440
-8101964
1930513
-5658899
-7388506
2530670
-2803007
-6470552
-9446249
-1449647
-975002
-5021116
-2370006
-4013963
-2924020
-4881595
-5364845
-9799517
-1497323
-1534526
-7459378
-7396019
-9646803
347982
888191
-665210
-9795677
-1356354
-11186849
-826072
2133555
-6027433
-11968159
-5769834
-3931883
-6021097
-7685337
-8620065
2356156
-6876203
-8511049
815368
-2442324
-91151
1317955
-8483762
-3867588
-4355656
-5563469
-2186399
-7561945
-3663583
-3357039
-10680387
-2763003
-9184731
-2744513
-7444655
-7259117
-8820778
2665893
-4156789
-10121250
-3018452
-2150558
957265
-7301520
-1836360
-4828254
-9077101
-1514241
-7780736
-6814226
126851
-6544083
-7345842
466610
-7668440
3251956
-7697975
-10823644
-6895145
-9937529
-5680390
-2248515
-101063
-1080060
-2023649
-7053704
-75823
-7137346
-844856
848540
-1074204
-5641391
-10773431
229274
-7635048
-10040252
-8885505
-771894
-9059793
-2648703
-2931300
102286
-8322402
-9943327
-9049768
474862
-9952935
-1527494
-2215764
-11246078
-1669537
-7856840
-11832595
-10101115
-8986818
-6248183
-8294000
1141329
-5823580
-9767006
-877319
616642
-8613741
-5931825
-4585222
-8496906
-3445751
-1277368
-8671968
2748954
-7789848
-5343314
-4727344
-351390
-99635
-10024085
-9616004
-7298109
670138
-3033271
-833355
-8047001
2494521
-7638584
64201
-5911297
-8231398
-10247071
-3149602
-7487716
-1154449
-9993302
-375931
-11354855
-9048164
-1603615
-5235863
-1351860
-4654802
-8850107
-294921
-2412756
-1504812
-5471837
-9249291
-448316
-9182685
-8699139
725964
2768983
-7724884
-2706360
-4616873
-9559033
-7538662
-736433
-9403918
-4591520
-10365908
-5771389
-10403558
1457591
-9539296
-6775382
558373
-6161714
-527830
-8353466
-677011
-198803
-6663986
-10575357
-8448463
1139716
-934235
-8362138
-7042157
-1737895
1036491
-8607654
-8703361
-7344219
-10077240
-6492722
-2205001
560526
571284
-8615610
-1217934
-4770319
-11265898
-12508027
-3122724
-6402333
-8035008
-1487599
-3399301
-98477
-1489691
-10158446
-1913573
-6954846
-5586290
-7824446
-8780427
-6425086
-2080253
-1605450
-9346608
-9856442
-5668263
-6915831
-10696378
-3785745
-3584956
-9484634
2075119
-3560611
1293972
329235
-7475854
-6035926
-7858885
1734107
-7319840
-1126689
-5214892
-1062828
-10108961
940413
518951
-921273
3396797
213726
-6082456
-1560004
-2118640
-3588587
-2696443
-9993680
-6999546
-10185450
611499
-4267228
-8111761
-6379217
-11210986
-3560901
-3112221
-984207
-1323527
2560168
-913155
-8003369
-4142837
-12441386
-9843730
2218412
-11646452
-8725781
-1353488
-98869
-2561364
-10779087
-7185278
-11302869
559577
-70350
1440120
-6550694
-4504921
-8633201
846117
-1116535
-2901179
412981
853183
-2201891
-5591522
1079501
168000
-8322331
-2355586
-10753988
-7289402
-10091854
-9726168
-10209773
-905361
-2106916
-1805714
-2533976
1002066
-6998871
-5270600
-10383204
-2285243
-11079885
-1056308
-568180
-6255762
-11096039
-3004597
-1234357
-1086235
-9391412
-1711074
-7594105
-9482401
-9317446
-12779204
-6866779
-2503961
-10652160
-9235631
-8115479
-3617833
-1359495
-1382168
-2164709
-3306542
-5804160
-1245233
-2388211
-723763
-2465669
-1175747
-3213959
-7017774
-9388437
-9693071
260013
-9255819
-924454
-8270980
-5362518
-3641584
-12587725
-4942803
2656007
-12173549
-8215907
-11461968
2935933
-5461973
591924
-9953585
-951967
470117
-5294814
-2147866
-1778461
-6815891
-1371617
1231438
-11652395
-12373785
860570
-1230303
-10633037
-7784129
-10313726
-429333
-182395
-1372336
-9636352
-8990435
-6117863
-801331
661333
-7506323
415013
-10499698
-9602209
-1605170
169708
-1106374
-8934510
-5560630
-1572320
-817991
886427
-9373783
-4992038
-11110647
3722477
-337378
-6932199
-7292342
753066
1453658
2487189
-340055
514500
-1542078
-1818758
1770768
-10216553
-11677930
-9497484
-39877
1488421
-8689289
-267075
3295251
-8629584
-6573103
-9729762
-4160191
-8875475
-4777227
-9980878
-9368678
-9869802
-10343479
-5893212
-3076619
-3540034
1359810
-2434121
169916
-9664615
-4775949
-6112923
-6932153
-1329243
-10987129
-408836
-9359904
-7033414
-9519504
324187
-8393885
1428354
-5766816
-1035007
-6058707
-6822825
-7091240
-3520864
-1033163
-3386224
-373700
-11610805
-9616813
-9154597
-10455732
-10270770
803269
-10580155
-7923888
-9859557
-4696783
-687545
1999614
-5842835
-989813
-2225380
-12396742
-617445
-7309802
-6133743
-9939466
-7968180
-8677934
-7669431
-333703
-12197133
-3901281
-466858
859295
-1849437
-2300358
-10426954
1967405
-6801344
1715732
1181439
-10203048
-791709
-7293816
-7838210
-10987194
-2333680
-4438119
-5132527
-10650788
-8933746
-7701276
-7612907
-2053340
-8712359
-9775112
-1978022
1851203
1955470
-4201470
-5463498
-3155366
973078
-11582997
-341179
-6740059
-1464646
-598216
-662341
-5633841
3099668
298691
-9232895
-10258576
-9446629
-1477830
-7383602
-2064985
-4215176
2198806
-980917
-10711829
-11866832
-5627763
-3832535
-7714120
-5439965
-1916478
-11685851
-2969012
-878450
-11728874
-10877823
-2390892
-1303958
-238550
-5651110
-1288102
-5896974
-8500515
-8525602
2064945
-5090197
-5373532
-7094606
-391782
-9449441
-7625812
1032525
-2872714
-4282984
-354724
-1219795
601809
372915
-1725036
-2241486
-2126898
-3597485
-10513431
-7235629
-13010763
521982
-7912233
-9108414
1350273
-4782874
214958
-7190196
-3792190
-2682958
1637536
-3880237
-1201669
-11026069
1350336
-3596801
-7008870
-11265371
-7846323
-227988
-9616243
-178516
360660
-11659595
-2689251
-7265019
-6838895
-7727477
-3758323
-905193
2995747
-2048513
1000293
-11221897
-2903623
-7848927
1122425
-8989730
-7119965
-9069909
-1642905
-6196544
-7249661
1384166
-911225
-10341209
-2406474
-6398851
-1985445
-9179522
-7271134
-318349
-1464653
594717
1783900
-5537143
585296
-9869155
-11557996
2144294
-6358916
-1069109
-3787862
-1413941
-577463
-2876397
-8020806
-4277334
-3333276
-7716937
-4004679
-5264893
-966463
-5020279
746597
-175741
-4717923
-8122618
-9197688
1353868
-5151797
2658444
-7305517
-4537493
913883
-9698428
-7139488
-7469910
217397
-4199276
-9789300
-9306959
-2690119
-258345
-1407998
-2848023
-4000650
-2031262
322948
-7610249
-8905945
287761
-3918177
-5714263
-9832448
-4565252
-2709573
-7506740
-9518438
1077474
-3122854
-6816147
-9802956
-8410206
677363
-2452684
-1782403
-1317866
-7278929
-9161761
1044271
-628231
-9707392
-8436566
-587346
-659379
-9673390
-6122138
-4299290
-108048
-5243937
-7973868
-7351089
-2531894
-8623467
-3383239
-9589174
-11581566
-5876391
-8126438
-9547611
-10568706
-7892250
-675806
-10161922
-6646331
-9015665
-6546063
1728917
-6272611
1538238
1669597
388300
-5805636
-1906504
-283260
-1040482
-8896596
-1326300
-58312
-7335159
-2920211
-7443873
-5631323
-1001119
2086811
-9640292
-6317782
-5656826
140364
-6548461
-10601899
-5313235
-4079920
-4957145
-9547945
-9489775
-11293821
-235624
-4653237
1179132
3910993
-3860839
-6138084
290112
-8436817
165875
-98278
-11353991
1399310
-3938980
-10347821
-3347508
-6136130
-1808654
-706924
-9587000
-6930548
-8351612
-5197045
-9867961
-2854001
-3602563
-10492493
-8918613
-1841106
-3040679
1772902
-647487
-938914
-377811
-8214578
-6203457
2051
-4507266
-6273040
-6820543
-2369320
278120
-677159
-3412180
-930445
-5695274
-12146019
-10456299
-1780739
-7320951
-3799174
-6161726
-10680374
-2259874
-8695956
-7060402
-1281634
-4586678
-2453898
-2487221
-7995140
-9730804
2140526
-5193835
113657
781766
-10563096
-7782255
-4649832
-4980818
-9274284
-10244034
-1877825
-12159397
-5237039
-10408970
-7077167
-3206270
-564100
2586116
-8116890
-3076641
-9783882
-9321553
-11713020
-1350579
-1991045
1339500
-10080198
-4897228
-1615732
-8895124
-2357741
-5897005
-1878088
1152557
2344304
717298
-9785205
-10598507
-2478002
-2226357
-9154477
81781
-6978095
-9418289
-8483429
-7700047
-5614323
-9575264
1906469
-4273378
1338991
-8701312
-2438552
-1498981
-10159334
-2109880
-1125121
-870060
-9985062
-10270087
-5654922
-1330694
-4909561
618862
-1100597
-9742382
-7262833
-815144
-612013
-10163411
436119
2713670
-2767968
411274
-583075
-7943225
-6289451
-580399
-888879
-2509724
-8653662
-7074922
-1416097
-1891182
-4257238
78349
-9650999
-11907735
-1646214
-3208700
-7906471
-6714698
-297127
-7633332
-7422924
-11544581
1756184
-9898115
-1729281
-1490269
-1919349
-2256628
-5573141
581558
-7377449
-6730002
-6352727
-6501301
-3295816
-961076
-611394
-4558206
2373892
-7149774
-8394280
-3136718
-7022484
883140
-792461
1007720
-890327
125294
-6617923
617630
-3974023
-7963997
1057704
-457723
-8697180
-1436996
943224
-4996772
-8360799
-2819062
-11701080
-4468081
-1442185
-5869974
-10682878
2168792
-9294241
-1432033
-8052335
-304690
1106900
2098231
-9637706
-8638244
-2193998
-1304276
-1932874
2061705
-7756321
-6173588
-1545871
-8431699
-11953133
-6731818
904623
-1464857
1784481
-7116027
259036
-5586009
-9152616
-286552
-9685510
-12322914
-5669222
-9252315
-1544137
-3545048
-657620
116001
-911049
-809970
-656237
1631819
-1046528
-551519
-9417790
-8024427
-10409706
-8926083
-4451813
-901849
-1781165
226754
-3047335
-3188260
-2592988
-10461731
-465757
-221897
68125
-4289083
-6611057
-4471503
-4448202
-8936229
-10806389
-6467711
-1639927
-6229037
-11567224
-323316
-5417149
-1725940
-5261893
1610469
-1538009
-4055209
-9474021
-729917
-10243277
-629366
-5781423
1689463
-7829348
-9880369
-65092
-2098009
-2649270
-7381258
-12378288
-5545717
-732406
-6663
-2184589
-2453394
-2912696
-1942704
-742409
-7977395
-9342098
908092
-6862754
-6294255
-12779134
-12798860
-10609138
-9970972
-2582262
1639166
-3316509
-1050397
-1567403
-3382538
-5657928
-3958163
-1407236
-5698637
-1661618
-1409318
-12548236
-4200338
-6630047
-1912167
-2246151
-9339148
-7419305
-10435235
-5255683
-4145830
1053236
-7662079
-9099340
-8045258
-4350754
-10063380
-1998799
-1871238
-11158374
-8212309
1207173
-7272511
-2772993
-708161
-5345093
-3820933
-4970934
-3591367
-6719696
-6097536
-9305713
473989
1617059
-7950990
-463821
2066713
-10000094
-9527787
-2830237
-134741
-1154820
-6730400
-8416852
722089
-271628
250042
-6887688
-2961473
-9004042
-1197608
-7020796
-5882013
-1674179
-1034094
-3609140
-6955362
710427
-9010549
-7700807
-8189783
-10042094
-6583965
-7016851
-33081
376941
-2013386
1609544
-9175941
-2388105
-2500135
-2002576
-7233649
-1222161
-9925799
588722
-10353868
-1386418
-5954596
-91508
-6075797
-6132173
-2738474
-7859008
-2850968
-671713
-2747628
-9967010
-2971797
-9592600
-638956
-35726
-4389152
-457340
-2282812
-3811024
1098688
275549
-2625661
-1875270
-1129504
-8208627
-9269150
-140065
-8859317
538055
-7831628
-10094520
-3582555
-1408748
1516150
-3214200
-3814376
-9462648
-4045074
-6645475
-10000608
467743
-2711808
-9987042
-2651197
-2868842
823823
40869
1689662
-1232961
-6007727
-308138
-98788
-6864792
-963095
22862
-7673008
-2592133
-5270795
238728
-4958326
-8409531
242778
-10576692
-1276938
-6533396
-10332971
-8859037
1488239
-8195868
-4779494
489636
-8959945
-3089251
-6427519
-6997322
-11360120
245831
-5323269
-3895252
-10962770
-5390621
942144
-1041185
-941093
-9560215
-9102149
-10553051
-7547797
2373714
-1644048
713885
1440137
-10315308
-10705418
3344842
767732
404804
-2396125
-8085744
-1820862
-11735459
-8351005
206440
-9285961
-4998174
-950675
-10549041
362142
884878
-3233731
-3661557
-163918
-9418640
-873297
-4382553
-9910097
-5949914
-9270220
-10066060
1669887
-606542
-11017312
-6473513
-7956512
45354
-108361
-2112082
-7186537
-5822415
-8521573
-357282
-6617928
-10610712
-6601545
-11061270
-9421447
-755681
-1687044
-9045235
-8332751
-4465924
-4261429
-9511338
-2276927
-2885433
-705987
927695
-6089600
53675
1822959
-1416766
419879
-11366337
1606706
300500
-9895128
-10676979
-7419252
-7648454
-7917820
-9968
-8208328
104048
-1555780
740643
-10320526
-2555977
-9434344
39423
-489901
-9884342
1107426
-8439926
-588263
-1868343
-539832
109976
1964390
-8549534
-217963
-1810336
-2435591
-6301190
-2452509
-7092194
-244860
2175508
-7505355
-1435471
-2681952
-7304793
-9154537
-11040819
-1228494
-8105268
-1746653
1453054
-11068821
-1718593
-2560768
-11227312
-6353228
-112062
-10939886
-6999501
-7140239
-6806447
-9585287
-10166879
-6738801
-598007
-7970441
-12772712
-536510
-9538246
-735365
-9399196
-3844503
271647
-3217846
472292
-2099127
-9430123
-7236036
752020
-10747280
191085
-10980408
-1129308
-5817873
-1181943
-11951600
-8360403
654162
351344
-10446017
-7257858
-3382295
531719
-3476961
-4531879
-9994567
-9626933
-1744251
-966264
-4018760
-9510781
-6885981
-7700197
-5259821
-4129604
-17447
-10988239
-8556212
-3040679
-3402572
-2139841
-7755405
552756
1621345
-9685900
-8843050
806144
-7182460
-5618304
-668868
1896429
-8470663
-1133011
-8313898
-9505091
-4372525
-930654
297071
1495053
-10591487
-8871072
-8133515
-3427466
-132069
-4236891
-5376945
-3076838
-4522780
26740
-3865035
-10360984
-388732
-7522230
-11345550
-2153897
-5835689
-7914638
-3411081
-5284932
-5581480
-2070934
37673
-7131666
-11423833
-2465995
-9722482
-8293212
-3826338
-7110881
872542
-8658281
-8675190
-7937629
-7675475
1641571
-8997547
-737293
-1229550
-4837936
-7742787
1258544
-3144732
-12452581
-2339859
-5801001
-7021890
-6483107
-852309
-7520859
-8799022
-1710221
-6221788
-5902107
-4447988
-7442535
-1247763
-10992503
-4286226
1977426
-10220226
-6724743
-5052572
1564340
-8511886
-8976640
-4102255
-5255098
-12311795
-7639520
-525317
1041634
-9463418
650388
1814095
-1854617
-6062558
-5330918
-10135713
553104
-9158034
1536776
-5721124
-523838
-3525175
1073794
-1122252
-3650468
-1213793
-9463755
-8392808
-7602011
-3481885
-8659157
-934343
-7985914
-148738
-8368098
-1631266
-5515264
-2744470
-4393918
-5203332
-1090463
-1344009
-6303328
-663663
-861672
-4124553
-1739162
-9038630
-5948883
-5713232
-7828149
-8113194
-10043181
-8411093
137982
-9433114
1547997
-1348049
-4407881
-5833901
-8450953
-6011256
-6351905
1486601
-5630315
-7626617
354146
-8763212
-7758205
-10499632
-4797017
369058
1707985
-6795709
-11847296
-2760220
-1969762
-1011900
-9958431
-8547747
-9999615
-9716059
-3373896
-9542444
-8404064
-5446177
-8398253
-3960124
-1405847
-6713075
-3778200
-11057475
-9185323
-10444372
-10482089
-1463443
-4422658
-1138908
-9937074
-2080629
-1815734
-8251875
-3262180
-546280
-10302698
-10016694
2386003
-2118224
-9075576
-7898317
-4651852
-4295635
-4329410
-4242675
-1129762
-5126499
-9903841
-895534
-328339
249645
40111
-9601940
1463880
241285
-2586322
-1480629
-3067478
-7903821
892876
-1371739
-2374557
-1841283
-7173069
-7089812
-9429672
-9160138
-4663170
-977280
-3471663
-7437620
-1454315
-1086080
-9001326
-11012209
-8186225
-10952159
-7646156
-5233203
-5596180
-4509335
-953097
-12012067
-3067541
394251
-3173506
-3631256
-2970061
-2456161
-811266
-148684
-6343840
-1368541
633915
-851078
-8003208
-1222706
-11153249
899563
1300025
-8244138
1274075
-9578218
575960
-1775811
-4842866
-8415576
-11238934
975611
-6099060
-4906703
-1951765
609995
-2501899
-617906
-4132676
-10498493
-8037550
-4313859
-2673097
278440
-7276
-272057
-2939760
3013634
-145880
-84744
-2830180
-12425661
-8375396
-4017038
-7108493
1387916
-4795798
-5438027
-733429
-733353
-5805883
-9382625
-9540439
-9092743
-1223592
-5485065
-11196964
3373712
-7409642
-8784284
-746975
-6841684
-4947784
144672
-8953271
-3489232
1111061
-8907744
-1536248
1157950
-4422411
1367154
-10656574
-1710643
-3438564
-3746184
-11212703
1464335
1121926
-7028658
-3394071
-689554
-63536
-11875649
-7634802
-10672503
-9233475
-929543
-8994853
-770646
74368
-7187684
-2661415
-10081000
-7416076
-9626728
-8547756
-174023
-770398
-8466262
-9857035
1190
-3500642
2541385
-1353761
-117584
1505816
-7283506
-349987
-3100925
-8006053
-2618963
-8668040
-4140609
-4247251
-2782881
-1168077
-7404878
-106063
797994
-2968800
-5854224
-11249907
-8230045
-8905028
-818700
-9073690
1686869
-408728
700636
-887280
-3510805
-6475091
-10040825
-6706536
-7429797
832383
-6962908
2665094
-12228159
-3687863
-7211731
-3400344
-353552
-7144828
201486
-3902026
-870640
-741058
-8710310
-8406631
-1641686
-3367417
-11789657
-9107471
-1926020
-6021027
-8930000
-11262274
-9910235
-371736
1422770
-4017298
2524126
-6003156
-1542473
-1889433
-494628
-10154201
-9721299
-4139744
-1582200
126003
-10122019
-255266
-9373864
-11179321
-3364382
-3436215
-6559797
-8890844
-2815678
-1597007
-1068152
-6655454
-7668787
-6369009
780778
-2744787
-1809633
-8450834
-2988103
-1227368
-10470144
-9489704
-8473469
234634
-6867038
-10429667
-4591760
210549
-5296605
616146
-10744307
-9904830
-2310595
-2495939
-8601239
-4567584
-4859346
-3445980
-1968517
-10374850
-4205046
-11874286
-7567801
-1511132
-5956454
-1123143
-8145906
-4060954
-12250220
-5619436
-11802449
583982
-3158144
-10129136
934176
-4269925
-2058171
-56709
-2950089
-6332191
-323196
-6494631
-4065539
-3473407
87508
-7858593
-666514
-11553345
-427335
-8100989
-540675
-3087082
655784
-11036698
-11211019
1375355
-4996858
-6265320
-10023395
-602484
-7558897
-6368698
-8735837
-9448289
-10940928
-10926598
-1992006
-4953264
-7776125
-10709600
-3729913
-8674007
-3729794
-2455295
1869890
1827154
-10909636
-6153485
-6802239
-9320034
-768555
-12801312
-5550508
-2156792
740180
-10527952
-4999393
-2353085
-1618152
113118
535042
-2816381
1243241
1001573
10325
-9915387
1380848
-9550244
-8934078
-1403274
3780947
19542
-6547935
276249
-7385163
308274
-4149038
-9287878
-325830
-4924918
998725
-10682447
-8043594
-4750698
-1311798
-1423808
-8345359
-4378874
-3779957
-7927296
-1581778
-12337993
-2424531
-11905049
-8850036
-11388748
-5093528
-5315610
1628969
-3813660
-7217893
-9103683
711539
-8526541
956707
908186
-7974090
-4724009
-1386333
-10185033
-3262828
-4189732
-12063201
-2450713
-5642221
-7847451
-9139187
-7632353
-834688
-2412863
-2358123
-7868191
-1483505
-2319671
-1406437
-1581211
-1760138
-7895929
-516730
-4410709
1208016
-4679916
-10237825
-845851
-1311910
-2275660
-7550835
-273498
-3942185
-1157210
-12154983
-7339131
-1370362
-2252464
-6833694
118923
-7706115
-3050965
-589799
1355065
-8320611
323907
-1657136
-7853740
-5920800
-1693329
-9047835
-1487
2408251
-4966983
-7752245
-4262229
-3825995
-12408656
-9270587
-5435896
-8525086
-10672887
2536483
-11275025
-830979
-4491596
-5545186
-9904229
-3358033
-12633825
-1601014
-5063525
-5916727
-5602696
123933
-8685958
-10785415
-151916
897683
-169441
-8887380
-10512284
-1749772
-10372352
-6441648
-12661085
-7853662
463939
-2458896
-8746234
-2536999
-3066531
2729778
-512200
-9766561
-2195325
-9921424
-596714
26287
342900
-5062534
-1648929
-8274692
-1924600
-7240532
-4824161
-2250898
865876
-6368482
-8071303
2433045
1343310
-1078484
-3893377
347586
-2624113
-10208203
-7668582
-552319
1234609
-488146
-543925
304907
-4142834
-2434806
-3207195
-108580
-8671971
1919288
-697433
-4615786
-202230
-8863638
-3406680
-5626652
101286
-662943
-11392735
-8000350
-1485928
-288239
-7413727
-5884227
-2083602
-7777458
-10450636
-8581868
-8762152
-5669871
-1205644
-5162070
-8456353
-10769482
843796
-744213
-9593573
-7117918
-3029963
-7867723
-9822284
-1269809
-547600
-7220154
-9802638
-11903163
-9368258
-1251043
695978
-2883570
-6458009
-5292202
1330060
-9198744
808913
-3840705
-3483251
-11329688
-87662
-5900478
-1627446
-3985481
-2534707
-95334
-1189738
-8078883
-926835
329734
678824
-2973764
-6307744
-5719911
-7401837
-2325886
1331859
-514721
-1382471
-3886781
-12568235
-7166080
-744391
-62869
-9703366
-9196328
629616
2188769
-10044272
-3144223
-4122722
-300651
-8781144
-4705272
-7171132
-1327242
-9997661
-1094457
-11682861
-10282773
-9093188
2550549
1473615
-168906
-11428901
531321
2312712
-9742853
590387
-734967
770373
-10599214
-8613504
-2317978
1843657
-2533740
-10414131
-4627657
176070
-9584634
-10696981
266947
-9054313
-487339
-1135474
-1120726
-1960821
-9484533
-13211614
383467
-6167504
-8252827
-3302639
-7776762
-7335494
-9159882
396046
-3213248
-981955
-1208713
-12532339
-3101366
1389093
110383
2047886
-9575543
3411353
-2457006
-6325488
-2713172
-9355415
-789360
-7888245
-8827100
-796823
-7255303
-10613664
-1706789
-9889791
-5783939
-11408150
1004434
-1136447
-1576444
-2409854
-48140
-1383970
-1464190
-1179631
758675
-5474312
-7136387
-8006798
-1262387
-9824864
-189676
-10680455
-2667727
-3262753
-7710200
-9063131
2305342
-7244032
-10012626
-10508703
-4255615
2204593
-2397342
-9060253
-8135211
-6181956
-9208561
-6456455
-12049879
-9589483
-2457333
-11058465
906385
-11590508
-8296004
-8546810
-2107137
-668745
-8400770
-1201934
-816586
1213412
-1766142
-7648939
-7333671
-1494116
-9863093
-11063698
1250135
-5270869
-238990
444584
-10346497
-9810510
-9439944
-2090429
-3169593
-2900949
287916
-6977656
2025299
-3482643
-7733271
-6633613
-2024701
-3944027
213322
-8147501
-954623
66115
3170743
973437
-5080694
-1627337
141672
-6098999
2012992
-4957413
-2353148
393349
-7665221
-6067921
-9030624
-4608796
-3764484
129411
-1678439
-1665719
-8601571
906037
-8343904
2072828
-7753508
-1282740
-108047
-8245705
-8418319
-10685479
-2134020
-739487
-10498718
-6992529
-1978718
-3178307
-10768518
-10042366
-12024031
-8377712
-1939264
700096
-6340445
1651273
354938
-9845365
-10561226
-4091947
-9556314
-9684497
-4160826
-8396892
-251815
-9276806
-4573723
-6702328
-7861383
-3223744
-1609814
-461561
-6842559
43240
-7375683
-8441911
-4749981
-2977313
458465
-2363022
-9921760
-5877542
-8305278
-9345263
-7458003
70367
-2450965
1250972
-9013103
-957743
-10220893
-1578259
1703467
615562
-9939349
-5502526
-9984419
-7229016
-6835051
2003246
-1046871
-1308061
-7880335
-6154211
-10344340
-2313578
-3107014
-1106364
-1836625
-2065721
1222878
-12452184
-9918353
-7284626
-4547082
-3669485
-7868371
-3144291
936936
1609567
-576940
-11037325
-554707
-8152584
-2265890
-3754060
-31690
256456
118583
1707185
1636265
-7562972
-2351039
-6454668
-6762661
-867921
-8696377
-9425676
3227368
-1234563
-7017687
1681440
-3064556
2123203
838840
-5020268
789643
-8806173
-870133
3112826
-6106038
-11005572
-2674890
-9687854
-10569452
-1707544
-6846966
1231528
-7206297
-10262198
-10281345
-8882999
-10140977
-2292538
-6916829
167808
-481672
-8394586
-8555722
-7733094
-9009246
-747035
-3475044
-4951606
-9316073
-11009181
-5997326
-9183739
-11431600
-1687437
-725458
-7230983
-9436545
-262874
-4463725
-2539279
-7674945
-6158821
184
-3410205
-722304
-1868642
-2159021
-1329961
-9189063
-8371612
-2916367
-10431910
2210991
-921050
-7793281
-6829796
-1056973
-6269660
-2529745
1886227
-5230609
-62534
-4496307
-3088687
2000173
-469306
-7945375
857286
713935
-5500757
-9363310
1968852
-4904195
-8221401
-2171439
-5128787
-11524719
2681597
1178550
1001414
-6368131
-3732637
-190235
-2401894
-9341954
-6831263
-2690292
765412
-1583834
-192916
-6605468
-2005690
-473468
-10265943
930866
1963998
-9687555
-9437880
846269
2216217
-10494295
-2170405
-9935363
-10353891
871916
-9066600
-6414476
-10967996
-3650119
-9616110
-3287667
-11530445
-1928698
-6973372
-1466059
444560
-4053199
2905440
-937184
-1032459
-2614146
-1511470
-9909661
-9359807
-610816
-11492694
-5954717
-6252982
-9692063
-8265860
-788243
-8994303
-2840865
-2945174
-2631741
243850
-789422
-854635
-390303
-3154035
-2956493
-1411743
-600886
-1046083
-8288776
1003938
3012151
-258377
-8031413
2316211
-4470750
-3503710
-8002445
17599
-643311
-7790208
-1081231
-4165147
956842
-11157881
-1425347
-2399222
-239326
-363178
-6611625
-3488440
-7513808
-2204806
-9951373
611582
-4137101
-12092300
-5668388
-370412
-7855261
-7091744
-9736825
-1870645
-6542666
-96822
-8943502
-1268618
-8235744
-8784045
1117162
654798
-9018833
-10375440
-9949934
-7955778
-10287402
-7914663
1416699
-5448034
-7869901
-7892687
-8342883
948040
-12348956
110497
-2531910
-5503079
-9878269
134452
-8344031
-1992092
-2576755
-5233624
-6978860
-4904106
455497
2163353
-646898
391253
-1914938
1083025
543600
-8755800
420150
660380
-2490539
387850
-5501638
-10376839
-1346868
-1753047
-4610420
-154377
-2246279
1724533
-139336
914970
-10090459
-7502671
-329641
-12214978
-2936816
-1229147
-1457178
-329064
-5533374
-10530243
-10192311
-7093282
-1006379
-2582681
-8482845
-9774356
-6134197
418549
167603
-5763890
-6824925
-7654349
-6755409
-5033741
-9425391
-1051620
-3157473
-3768702
-5449168
-7875447
-912598
-8570335
-4809142
-3540287
-953325
-7622090
-1249484
-11184994
831654
-5303324
1399322
-6909595
-278275
-9694574
-5531979
-7347884
637639
-6777542
-9160137
-1628175
3828818
-11065207
-3132438
-4362612
-2539636
-7900666
-868898
-1485432
-2489891
-3985859
-11044826
-6201842
-10820180
-11323030
-2003051
-7287581
-7481016
-4153667
-10024709
-4856941
-2932199
-9261299
-9675620
-881831
-34897
542269
-4365896
-6143118
-7841484
-2922065
-12477826
-906954
-2688144
-10145626
-8691032
-4781366
-960651
-10342301
-6706132
-3695880
-845924
-4392347
788540
178314
172887
-8234995
717627
-1430697
1160455
-8512652
1344814
-7510982
-7295252
1657248
717257
-939622
-7356897
-7417655
-2956493
-1981580
-2994041
-3933303
66250
-4503254
-1526403
-6426997
-4283728
-8004364
-1422236
-4242595
1085547
-6230177
1297424
-599052
211728
-1909643
-8983781
-942621
-11194147
-8947124
-8327689
1303912
-8949451
-6676135
-8682378
152367
-1836211
-371808
-11087750
-1906280
-4488931
-2538305
-5040355
-5470723
-135141
-10233631
15557
-2191276
-486954
-527050
-1848656
-8214292
-6616451
-7993432
-9599207
-5278866
-4763388
-2465609
-2640027
-10235028
-8353355
394891
-7967319
-8594068
-9139961
-3058016
-2710051
-10576196
-9837586
645088
396601
-6169830
-4793540
739857
-7216561
-6593625
-11080551
-11063660
1215668
-6376463
652309
-8279064
-9915620
-9548674
278524
-9388746
-2557900
-241779
-7902606
-3927574
-9799046
-8858476
-9143521
-1361826
-6104823
-9275653
-12113859
-9512476
-491711
-1232378
-971426
-3922561
-8986841
-7164610
-501631
-5473894
59544
1432239
-4519037
-2882400
-5430064
-1187142
-9251527
-10798651
-3363404
-8601687
-808706
-471127
282629
-10368465
-4115204
-844293
-2354397
2720754
-1508607
-9025396
-8113929
-10708893
-12733580
-7447736
-8800915
-3329186
-7339346
-777267
1737151
-3544228
2028255
1885347
-3977359
-10055644
-2117431
-10593727
264336
-9549206
-5663059
-2947695
-7001909
-1614251
-8142684
-6084455
-11524130
-10227216
-9403027
-10433706
-8704805
-6859984
-11842078
-11055470
-1598296
-7431128
-1109502
-6256868
-421431
-9417084
-5133987
-7781199
-3267454
-33580
-8422070
-9542761
-1589020
-10638737
-11126542
-5749311
1565196
-9417194
-8735010
-1073608
1225163
-7748836
-4577445
1592927
4106344
-4898788
625144
-140776
-879534
-10712233
-1705774
-3817287
-6527622
-5805528
-1964107
-6653889
1799020
-3744051
-2168604
-4693219
-13365647
-1776215
-3004582
-341115
-10415503
-7095305
-2352436
-1626922
-1473789
427399
-8852707
-6301677
-6099203
-3927110
-111516
-1211052
-1114353
-12626259
-9327895
2628403
-9461027
-4535753
-181653
-10549376
-8263675
2054763
-9110331
1594006
-749908
-12614765
-319014
1922611
-5818013
-10149337
-7287876
-8625030
-402782
680613
-15701
-419104
-7011807
-3425279
-2620679
-3440668
1686572
-5633
-5365853
-1719272
2022455
-9374932
-824882
-200547
-2914279
533928
-3032557
-768412
-7748537
-2966933
1177771
-757576
-1475408
-7191027
-1452054
-2020923
-1257266
-2543099
-4679552
-4186429
-2959084
-2810403
875637
-8309336
196605
389770
-8820356
-6254967
1711565
-473080
-2835196
-4486265
282522
-953704
-8954536
-6943629
-5049808
-5712526
1336948
-1481587
-7744816
-2602463
-3973563
-10019061
-8332005
-2222213
-52825
-7856509
-51760
-4854068
-8004993
1300095
-7246287
-66807
-108609
-7534966
-5974970
-2382956
-7932884
-11373821
-7462341
-4380917
-6269501
-1084150
738900
-4951448
-6386831
-1216239
-1197003
-8989849
-1181872
-5029963
-9612771
1096297
-4045943
-9687502
-7749068
-4521995
-1255355
-6941920
1363343
77511
-5433763
-11883490
-3646195
-6977949
-11614057
-1254792
-2393920
-9903424
-2779213
-11623134
1019328
-12729553
-1457847
-9117405
-3130899
-7737131
-3587645
32586
-11778917
-1131504
-454963
-5173536
-9768522
-8850740
964279
2248008
-7594252
-6488049
-2745114
-8733074
-1220029
-320049
-8012238
992939
1255625
-3095500
-1512823
-8429289
-1181474
-7146781
-4072975
-7103832
-10345071
1330636
497329
-1897656
-667485
-3187033
-2260085
-1769714
-9325350
-328152
-359458
-2487916
-7449523
-8247684
-10029392
-2983395
-1377195
-1923864
999140
-277994
-6058883
-355350
-2579125
-8694181
542876
-3829370
489643
-10804833
1227667
-10785796
-50937
-3340251
-13792325
3265802
-9736075
-259675
546555
-6752515
-9733728
-3830653
-8743452
1155108
-3456555
-7449378
-3752063
-8703724
-9487546
-5966822
-9795357
-6918152
-134103
2221161
-913200
-610656
-905770
-1496437
-7441433
-819393
-9535888
-680298
-4706778
-5596067
-3966300
-848501
-5666368
-131318
-11265535
-3657060
-2657114
-4846610
2030703
1681091
-3133841
-5334379
-11628914
-5447158
-110497
-893429
-9173703
-1167478
-971653
-11638980
-681013
1350694
723612
-7265739
-7211505
-5001885
-2776939
-8015154
-2042863
-3779621
-10199624
-10098572
-5009015
-1401704
-2509373
-7962004
115681
-1592135
-2707789
-2333230
-10716221
-2158715
-2172814
-9426676
-11910278
-5959589
-11087813
-6772101
-494132
-1763844
-10085775
-9677763
-721803
60007
-6432742
191175
-5330610
-7917705
-11174545
-4578047
-650219
-9000028
-10622083
-6134600
-8673093
-1558630
-6172774
-3054043
-10603947
-1269852
-3456669
-9191765
-428032
-957966
-11710568
-10515620
2916142
-6174705
-2150216
-328446
-2947932
-1216105
-2853507
-8940141
30016
-183352
-12731295
-3962413
2817853
877140
-10986709
-5197705
-8792629
-1484056
-8869645
-5996844
737211
-9105049
262259
-3598730
-6613666
705131
-11037908
-5193953
-2953782
-6542380
-10799638
-5022099
-11062054
-1915324
-11141379
-3270456
-8253507
830790
1845171
-577009
-9875456
-7754756
-5478811
-1581321
-6696200
2891532
-8539596
-12273715
377356
-3319503
-7748988
-6549762
1965639
-4292353
-9311149
-8967607
-6819908
-8192204
-8441690
-1286596
-11142059
-714853
1617791
51815
-153687
-10458854
-8103264
-10373810
513006
-7745116
482597
-10568345
1557459
-2852509
1033311
-3274999
-7379513
-5874595
-5402078
-10629584
-2025917
-2673756
-2546465
-1366472
-10130751
168182
-5268410
465718
-10838031
-829473
-12109185
-2868562
-10670968
-1897319
-3157517
-9153824
374986
-5170253
-2049409
-1325788
-10076840
-9002317
-8419084
-8594060
664150
-2055485
-916096
-10754598
-2245519
-4759629
-10705273
-5612370
-1316796
-696430
-9707198
7223
-6973433
-1538644
599131
-3855439
-1977016
-1119394
2213301
-1180397
-6879857
-6388059
-1412363
-8713424
-8347607
-8659467
-4347646
-3838493
-10774012
-2382911
-2935871
-917478
-2693947
-2145816
-11630051
2822354
-2754792
-404480
-4510529
-1630107
-608076
-10597670
-296044
-421750
-2404611
-4757588
2458120
-6631793
-7485177
1306477
-7525833
-2747464
-920664
-2332046
-2907191
1960071
-4766291
-2841389
-738712
-7049289
-11338242
-5893081
-2125328
-4137439
-6713430
-5245506
-2614772
180597
98326
349790
-1371342
-8487336
-9372356
-8719154
-2022181
-6006903
-10353243
-9618235
-1475022
-7547756
-10192535
-396430
-3124377
-1014354
-895703
-1870147
-3203464
-6536367
-8651607
-1246850
-8163138
-9250664
-6792885
-7941920
1931279
-9132363
-10349898
-9620109
-431893
-6387049
-3325515
-10448770
-959767
-1006759
1188514
-3138506
-5008945
-8383108
-11568906
-1621196
-9794352
-1484636
-587725
-844302
-9217367
-685072
-5327925
-11736250
-4271911
420942
149459
-3248043
-10459110
-4779665
-795568
-8373247
-5642331
-6188781
1175135
642645
-9755587
-6565492
-2148463
-9747573
1901594
-7477446
-380675
-2447446
-11747441
-6855712
-6463078
-5296219
200072
-6797396
-485126
-9680926
445068
-5539708
1573054
-10660251
-6648260
-2546774
-8876065
-9058270
-5506538
-6913801
-6475602
-9284224
233812
-6088625
-8973353
446716
-411735
344699
1463765
-6322563
-2082158
-3253685
192084
-6128427
-3150713
-8830778
94644
-2150611
-6966908
-3642870
-2960177
-3176824
138791
-11042296
-11042216
-11219678
-4995607
-1867585
-927033
-2512941
-9993915
-6557488
-10682542
-10165829
-2466293
676136
-5095409
-1051381
630881
-8644672
1188479
-7790839
-7734485
-7880019
-5677860
-5902787
-8988688
-2034392
-10783634
-1293836
-11960761
-9128475
1255991
-10279003
-11153353
641183
-9461698
-9561702
-1420353
-8925596
673745
-3337912
280741
-1920784
-181135
-1476283
-4365936
-6209729
-1996184
-5704315
-1170942
-2533227
-4968055
-8113800
-10237840
1123912
-2249189
-8424933
-11740083
-10335411
750825
-3315372
-9409658
-7891224
550138
-160932
-10863217
-12621732
-7257292
-3207624
-4677285
-7583373
1918636
-1032476
-3756129
-8594285
1710988
1826312
135467
613487
226310
-7281018
-562006
-10739472
-5907059
-10353985
126511
-1091633
-7754898
-4872164
2780045
-2043156
-6734111
1571645
-736065
-9184982
-1533878
-5315780
-9450415
-2986647
1703539
-788176
-1218378
-9262060
-9309983
-8980936
-7110828
-932990
-1270153
-7744577
-7307094
-7298939
-2923518
756110
1201708
-10676770
-9113535
-6967582
-10672
-631633
-4075720
285696
-2759778
-7825329
1393728
-1657754
-2350385
-639107
-899054
-8128879
-9598210
-8166210
-1894966
-1299633
-4981955
-1141066
-278318
-301270
-2549461
-12314165
-4921879
-1561751
-6686414
297409
-10899134
2738265
-227756
-6494888
-133215
-1024606
-7759869
-2986111
-2082614
1197763
4110953
-9397701
-2460883
-6135832
373607
-2955290
-10995042
716099
-1212840
-213521
-9029729
-11661711
631762
-9439833
-7960357
-1429320
-5455590
-12033959
-3085937
-7155810
-10500191
-10663023
-8049223
-8220031
1435412
2086770
-7806507
-4750409
955819
-7776364
-1848376
-957427
-5273976
-1253365
-10690285
-1101957
632095
-2238989
-9391848
-5036104
-8291371
484176
-9349155
-3184216
-2860941
-10285096
-3082159
-475899
760174
-10743261
-6895262
1042114
-5509309
-8239761
-6836771
-12687634
-7506128
-1881586
-1765687
-8536320
-10594251
-3188604
-3060822
-281048
-435623
-5197654
-4811435
-3205358
475435
-1706077
-7063190
-7928300
-6711298
-579375
182082
1112947
-5198748
-1296796
-7221418
-11018358
-7866522
-9304942
85806
-7874726
-8743764
-4107202
-7549676
648115
-11524557
-714921
-11264202
-7591194
557001
-5110935
127697
-5990651
-7151849
-8135873
-9270287
3302125
-8789284
897830
-4088152
-10716640
-9309116
-1288154
-9241007
-718788
-1300189
-1139299
542605
-11016796
-6195185
390129
-702880
-560235
-8486198
-3997484
-7365983
2200164
-7918738
-5054155
-7177032
-8461492
-2011190
-8348174
-1537067
-7451350
-11075991
-2086985
-11840741
-3322780
-378287
-8979272
411530
-6405921
-2988474
-840966
474267
-5277635
-11087061
-3163743
-679839
-1574336
-5068032
76996
-3720303
-4106783
597478
-1306799
-9011758
-9670469
-463789
-6516162
-9136435
-1121911
-4509356
1104328
-207505
-3688353
-12627490
-8563936
-8939590
-167536
-2391775
-8598945
-240702
-8711989
-814773
741147
-7195494
-60212
576660
-10446688
-6726532
-9171451
-120957
-6663035
491891
-9014186
-92351
1610248
-6437832
-5397067
-10673878
-9580401
-9975985
-8463998
-2807287
10572
-1439169
443671
-1487216
-6207878
-11691963
1375033
-3506012
-2955515
-2349243
-9955825
978180
2731863
-4303654
-6533995
-1384195
-2384278
-10154009
-2149986
-5226824
-2149163
-6217667
-10695924
-5755441
-292386
-3346888
-11360260
-11666692
2438181
-7322369
-11334115
-10958963
-4711223
-3938528
-2684790
-657296
-10598305
-5698794
-465759
-3999184
-8489558
-3433834
209901
-11040818
785479
-8575289
-8227278
-5742471
487279
-11085211
-9524091
-6346481
-542527
3137923
-4628172
-2565281
-7562435
-8483239
-7808629
-3292753
-657897
146158
-9823318
-585864
-12014248
-30954
-10930116
-6431907
-4458903
487802
-7044945
-6113406
-8685237
-9097165
1185776
-7322813
3396776
-4222
-3893293
-4836471
214744
-9606323
1436043
-10604763
-8399742
1826078
-1247133
-4865441
-7132683
1967941
103560
-3398549
-5800682
-1794792
216310
-7396496
-8267146
-1986247
-2830818
-5799621
-6596938
-9611024
-11084443
-11237153
-9774148
-1874625
91621
-3751885
975496
-11064531
-9403033
-6320618
2192807
-1189767
-8799435
-10345779
113764
46019
-3325000
-2835935
816649
-1573134
-8871328
-6627311
-4107272
-461926
430447
-505026
-9663644
-8243762
-2082069
-4386437
-1420627
-981855
-11455164
-9814021
-11979993
-275188
-8321940
-8337162
-4500315
-5909167
-9556030
-6971403
-4764051
-166330
1235575
-3937079
-7886688
2354950
-10546509
-9709559
-7567269
-1603664
-10860836
-2981905
-4954532
1671879
969181
816348
-7728727
-4658924
-11799221
-6823493
-10051610
681692
-7540452
-5878109
-9453021
914876
-5146037
-1249802
-2401088
853102
-10003365
-2012341
-7999596
-7487595
-1707777
-4765155
-7780506
-10314752
2690984
-501619
-9652222
-2572926
1773755
1207731
2273614
108325
-1620246
-7263804
-928283
-10120597
-2157796
-8806221
-6748655
-9208086
-7000690
-1662123
1609258
-7508564
815737
-3943618
-380284
-7959596
1874086
-8225828
-8634655
627167
-9445988
-40570
-493607
-2062609
-9519366
-1776774
-3807338
-5236157
-5694446
-4552057
-885943
-3129606
-4559205
-12008115
1199774
-213159
-886024
-5460638
-9953821
-12320430
-4394639
-5574897
-283022
-9516759
-1323127
577718
-3756765
411314
567852
-9926773
-8583783
641519
-397040
-793640
-9981845
-11135192
-7533591
-2697992
-11300332
515468
-778234
1682053
-8379507
-9298244
-7828769
-4376012
-6785505
-3552242
-3492899
-9987910
-7446132
-6541822
-5525737
-3372036
-626587
-1020331
903668
-11081110
-1549812
-6029050
-6702960
-1741958
-6312444
-821521
1560603
-10179587
-5627855
-416687
2589450
1071038
-10760989
-11305049
-8625599
-2588299
-415301
-7550266
-312479
59244
-2966960
2094317
-5285345
-4590158
-4700107
-4504841
-2188068
-9020149
-1080133
-12557313
-6346207
-1078713
-95939
-3765113
-9714443
3404564
-2331776
-7602161
837708
-3537914
-4165062
-5499184
-545158
169120
-4956102
-7989071
-5469360
-4014768
-6281219
-8397151
-1939759
-12263597
-3760943
-7217443
1445621
-1449276
-7917077
-4444654
-669317
-2999644
-4218702
-1480295
593556
61910
-7422047
-10043383
-5907454
-5174774
-1973503
-8145719
-3200328
-11670587
-11941377
-463351
1052601
-10603783
-1741925
2934005
-4717429
-7202434
-6610012
-8005819
-531442
-8831683
-8678772
-4157651
-10721688
-2608536
-43398
-6844323
-2019231
-9986889
-8201803
-6960019
-8392918
3775064
-3148973
-6995010
-3427355
-1732721
-7115542
-4972197
-5639812
448106
1926985
-324031
-6006138
-7711570
-1322410
1949542
-900612
-9445361
-1045537
-7538804
-519271
-1088471
-10817807
-7648025
-6623178
-2819163
-3002747
-3233355
1134949
-4030140
5768
-3384451
-3215880
88117
-757918
-5810130
-6530943
-11460659
-11775933
-5808742
-510658
-9487526
-707735
1476946
-10037672
-1109808
-9397208
-3728770
-146334
-5682492
-11823973
-5009491
388722
-1906102
2501262
714965
136777
256576
-10295852
-3474453
902172
-7002895
-9502965
-6618568
-11367094
-237517
35531
-4345626
-1732488
-168976
-10580615
-9007361
-828666
440475
-6334279
-1787452
-11536376
-2806528
-2267487
-8373925
-865079
-813199
-10424096
-3035175
2222732
-9315791
-3299736
-404612
-5392932
-2575932
-468610
641482
-5471045
-5855010
-1709276
-3372057
-2998168
-7682184
-3777486
-7127899
-205217
355404
-571068
-510079
-4848064
-5531952
-8466885
-10348968
-426146
-5452552
-7209302
-2410750
-1216306
-2204937
3470474
-9539611
-9408699
2256107
-293330
-3740731
-523561
-9897391
1128145
-1662606
-9799801
-7923267
-7260425
141401
-11591642
64316
-7158960
-380996
590949
-901945
-9626984
1726604
-1671870
-8426892
-273035
-1644288
-847384
-9160506
-9618182
1773857
-2485081
-849305
-19994
971437
-11458034
-9584116
-7456047
-3004608
-10867409
-8528235
-5815595
-10987642
-3726529
-9067046
-2924882
-285017
-3223546
-8208577
1469993
-7224646
-8149166
-113393
-2554828
-59959
-9652724
-9455664
-4544426
-8177481
-546274
-6490404
-3371265
-1931487
-7119138
-6434573
-88123
-8974861
-9849654
-7890166
-11848209
-1013472
-1939752
-1833371
-5809630
-8795709
-4614126
-8634147
1352145
384430
-4953170
-11114139
-10734555
-7461674
-10327842
762657
-961033
-2671631
734982
-8342685
502918
-6853832
-6291533
1666181
-8229859
757523
-8917210
-10013076
-661808
-9252832
-9932529
-9396472
-5361262
-10834283
-7111927
-10223982
820234
496908
-5507
-11505624
-339104
-8362708
-12126134
-5094117
-803066
-11454095
-8906209
-3184919
-5576765
-1541206
-7300974
-11085287
-11705528
-8581402
-7362233
-5101598
-8969156
-615621
2056527
-9877135
632285
1121255
-1289572
-10690984
-8196839
-8556143
3296164
-6749643
-11054955
-10375669
-61401
-10315211
-8378317
1785776
-962837
-8209259
425093
-8212647
-543849
-10369413
-7585653
-6010721
-4343207
-4089940
-3346027
-411235
-11411930
-2946560
-6286072
-7744286
-435202
-1168246
2851883
-8799265
-1685051
-1488453
231547
-180234
-9578335
-3029198
2431421
-5593750
501603
-3746709
-4626139
46074
-10871737
-5525673
-1765961
-10686579
-5574649
-3317610
-5715330
-11574976
-5833614
-159823
-2064714
-10254798
-3505668
2534915
-9630925
-3470935
-658682
248109
576255
-9778593
-39642
-907042
-6115812
1921295
-6050220
-9503725
-5532486
-303948
-84204
-6639878
-11380062
-6908721
-6475539
-5954641
131374
-3077549
-298679
-5545953
-7115881
-8573402
894228
-11067834
-782121
3506406
-6817605
-7364242
-10825405
-12228006
-10063188
-8649837
-4145107
-12754720
-5927509
-7925576
404502
-2160011
-11469636
-3585774
-4778904
-2739890
-1489980
1131055
1240626
-10076540
-3040176
-283794
1501124
-6234527
-2122660
-10008871
-5954738
-11680184
-5808992
-1557186
-8387643
82964
-8078041
-8046591
-1075125
-8346320
-1015087
-306900
2488205
-1503334
-6355353
-57568
-11833866
-1104200
-8870187
1640708
-3213888
-3294035
-5353742
-8379030
-10501375
-4849395
-989104
765960
-3893518
2676670
1051015
-6512551
-11148290
159714
-5208855
-1963662
-10821227
-8939631
-169517
-8994941
-10550046
-7942080
-3600086
186011
-7375306
-8006559
-8720288
-5314164
-2693781
-7699657
1436084
-33565
-9159036
-7895283
-7915397
-7401646
-8326141
-2050632
330313
58352
-42692
1119046
-206078
-7967463
2169571
-4299270
-4297814
-1669479
-2871309
-8407544
-8671037
-7505424
-1630632
708254
-4640748
-10574261
-2334922
-12182141
278986
200525
-24441
-8811924
-11729754
-1788496
-11472192
2628112
-3759622
-8605777
-2841654
-1622327
-5694234
2107839
-1778430
-8933279
-10048433
-379661
-8558569
-7791195
715769
-6842252
-4160293
-928897
-10907157
-7842409
-8778473
-5974863
-6759146
-6696269
-5723495
-351065
240963
-9061553
1754519
-1971573
-11599219
-6986353
-1952941
171393
-803850
-7445557
-11804493
-419621
-10533898
-9615661
-1529474
-78697
-758194
-7637064
-11279910
-9998152
-6947694
-11074485
-9004144
-6450280
317192
-2164651
-7312901
-9193841
-2640777
-118126
-1235294
-4445348
-6685834
-11728502
-8277049
-8722500
-10100155
-9191548
-9542360
-8278419
-1726378
-407714
-2889477
-9260782
1629562
-1538819
-3000939
455871
-8588190
-7877002
-5578046
-7512804
-4570795
-10303283
-125136
-8340244
-1357763
-8267205
-9418664
-2770480
-397365
-11072460
-255621
-2107331
-3428369
-1257494
-8383416
-1974126
-7101845
-1606702
1203768
-1434373
-271
-7640340
-11130760
-6412650
-5242935
-11425733
-3840847
-4700318
-1421698
-5589580
314273
-9934959
-4162752
380798
-9624157
-2361221
2212428
-9829165
1474099
-6180912
711701
-1187633
-8535141
-7841830
3463914
-11850831
2989854
-7334371
-2613049
178171
-4165939
726158
1539925
-3332636
-6170352
-4128385
-370060
-9959554
-9087178
-6381564
-9127508
-747229
-7842207
-7851940
2151518
-11001370
-10317173
-53002
-3258035
-3201409
-7950361
-1034963
504312
-10254480
1606474
-314075
-195937
-3332678
-277271
-920397
-882245
-5644345
-9027601
-6119286
-1430190
-3226271
-1756047
-6384719
-3359851
-6424302
-3279395
-2600248
155257
-8199880
-11104752
-3619757
-4165057
-9031745
-466075
-6895930
-2621988
-8684867
-9735826
-3955734
-2774499
-1239476
-4349293
-12003368
-10764976
-791558
-8504752
-9416527
-11600407
-5730673
-1210588
-5583123
1546000
-3885840
-9318362
-706106
-912944
-1972886
-6582480
-4588097
-380743
-3997671
2800058
-3389720
474630
-11258231
-10643028
-2230710
-419239
-7180412
-4237929
-6581539
-945649
1110951
-3818728
-7843677
-8855906
-7683319
-7218829
-931687
-5780285
2199168
-7258212
-9566781
287386
-6490746
-3050185
-5845210
1268071
3649351
1267470
-6584485
2356570
-3560646
-10398052
-4596303
-9697081
1067767
-2360444
860188
2870015
1928961
-6056703
-4149512
-146620
-9836025
-9498585
-10674281
-2819238
-5961949
-3487143
-50727
-9765489
-772064
1768720
-1157876
72740
-9070963
-6115569
-6564175
-3131222
-9693753
-8426037
-3580514
-2996988
-714541
-88686
-2554569
-9034266
-1795003
787657
-7934115
-9890931
-7111878
-5084021
-2975676
-1727629
-7755566
-3657082
-6951283
-1136876
-5061860
-998835
315942
-8219383
-1202349
-8746379
-2379445
-11007991
2924124
717662
-10628902
1258530
-3599776
-7614949
2385032
-6841078
-9316525
-8795042
-4775665
-4048027
-1862922
-1091252
-575970
-4322827
-2029325
-3121080
1324652
-4200205
1927041
-724368
-2075739
-7821796
-650252
-2152696
-6624765
-7249561
-3001333
-6460408
-4632534
-5181062
-8937767
-2359690
-10062432
-5779268
-20802
-7763072
815810
889947
-6571269
-6841311
-585712
-7272626
-2174811
-10399636
-1256369
-3850040
-682812
-1089997
-3321914
-1044737
-835996
415020
-2921270
-373799
-8804744
-9236555
-1768706
402777
1394003
-8064136
-7444895
-9143815
-737269
1921967
-409084
895922
-1990664
1854015
-1918813
234110
-74175
-2751948
-685087
-10772517
1503582
-3807637
1317124
-9526994
-7702401
-8540124
-6906257
-10496924
-6632553
-6285127
-3671421
-9590025
-11751370
-20772
-9994427
-9586418
-758
-11523269
-8633284
-10253220
-6865170
-2216006
-860090
465417
-4437440
-3306493
-9680791
2163307
-6595766
-8679799
-3287455
-9688649
-8894876
-7454762
-4695570
-6474020
-275853
-1185616
-6753394
-4831651
-585167
-1376136
-10501009
-7713643
-1851506
-9627304
-2424576
-8835782
-1387266
-763180
-5925009
-6591560
-8802477
-4099048
769175
-9621732
-1304160
-1231935
-3601642
-7039966
-8272980
-8207233
-11179884
-10786874
-10661351
-8690364
-7456468
-1700166
-1840271
-606592
-8279296
-10004682
637997
3348404
-5220454
-40488
-5510104
2441409
-3800394
-10839338
-3981098
-8750611
331555
-3693305
-8532524
-4398908
-9412397
-7390598
-8468256
-10173038
-6582008
1225356
-7731977
875285
-347986
-10443543
-3309069
1108860
-6842804
-4015530
-1052853
-8388907
2266043
-6271465
-10078298
-63369
-1493158
977648
-10262358
-1307239
-4580384
1158659
3298824
-9765493
-11508976
-4379957
-5520739
-2476201
-7715915
-1306991
-1477257
-9239640
-408535
-10022096
-7550129
-10664853
-12407377
-6890964
-9079800
-4115528
-6712297
-11013965
-7396817
-5077873
1900381
331757
-5746674
-7986123
-10782501
-10412798
-697476
-1705617
-4448151
199689
-9691725
-5765767
-8978212
-7971424
-12172144
505407
-9163103
-12148846
-57008
-11674453
-5705073
-5822902
1512749
-846638
-9230547
-2410169
-9233492
-8765453
-277551
-3583587
-2904595
-2159845
600146
-11438646
-10165461
1188458
-2989957
-9894257
-804389
-8573323
-8970790
-7569573
-7968666
-3007529
-8963156
1626936
524654
935239
-9513767
-8370061
-9048299
-1425892
-3411271
-4558906
-6472548
-5687942
-17705
-2493658
-5238899
-2156240
-5069743
254617
-8108678
-221796
-11633241
1333209
297245
-12908733
-6307425
-4315525
-4424120
-791369
-8320513
-11893397
-6724587
-8337387
1346954
-9503108
-1446647
-1474046
-660306
-7258499
-1710648
-10552831
-7648112
-8290671
-7432041
-1373043
-9026689
-5846011
1131248
-1170084
-7016474
-5390371
-6152077
2506612
-10482636
-6515065
-1101864
-8981369
2134526
-4901057
-9597279
-1339222
-7908092
-543449
-6141816
-734324
-7138221
-2440202
1497251
-343041
-6220756
-7380613
791418
-8036277
-2767392
-1859386
-4981868
-6113219
-923200
1292766
-7189287
-1234964
-468153
-3183752
-10089853
-304893
-8546958
-5028851
-194411
-1183339
-1143077
-7815174
-386086
-1394824
-6307002
-9293100
155749
-1063544
-7320470
-12061863
-7600644
-166049
-1187308
-10726395
-8316661
-3199666
-9278820
-10755560
-11592816
-10190846
-4588950
-238585
1400097
194621
-10102835
-7976821
-2168839
-6563703
-9464760
-7554483
-800863
-8915835
-609845
-10833054
-10038928
-8941709
248338
-1639441
-10801228
-710914
-5294139
-9086028
1009510
-11134903
1259342
-6957715
-10147401
-8822184
-4214747
-4296201
-159263
-11868301
-7156933
-8611850
-1989290
-790866
-7473135
-1328994
-12408521
-5748581
-7567000
-235551
-1013701
823710
-3418070
1270791
-341796
-3324807
-1164621
-11247229
-3830284
-7852957
-994881
271586
-1232517
-8379624
-3494657
-521112
-2361629
-1938009
1476960
-1990047
-690120
-10764875
-2080911
-12660098
-11477611
28816
79159
-6287153
-9051020
1027863
-3098453
-1577745
-4283682
673230
-9427236
-4537840
-9080839
-9605860
-232706
-2841352
-10594794
-8270969
-11651075
-5595833
-393044
-263383
-1665430
-9933671
-4751281
-4737052
-8487894
-431525
-7251381
-6482592
-8694037
-2817142
1734855
-7474376
2269988
-4573215
-8298827
957878
-10740701
894160
-6962772
-1681672
-1679125
-10599908
307230
-9334370
-3070408
-1946285
-783840
-4428049
-5626258
-3920335
-2710916
-8004422
-10733332
-2393861
-278826
-1637494
-11544759
719628
-10082988
-4663509
-10103841
-7170871
-5162229
599556
-2802686
-4183945
-9680026
2892
-5398295
-1359979
93641
-4445269
-11673407
-9111931
-10279537
-7419842
-2614168
1478346
-156970
-4557741
-1172224
-9799726
-10110427
-7064082
-7455447
2412
-792138
-4444712
-3319130
154015
-619526
-347888
1860467
-94158
-1609102
-5308639
860065
-65626
-8968451
-11020512
-9375050
-6946937
-10263043
-677806
-10321271
-5642639
-1304260
-4892895
-4262715
658720
-8569180
-5776094
-4741988
-1479077
-1361617
-1182529
-10154839
375347
-10499168
-8683887
-2299383
-10723249
-3573178
-7854226
1814944
-3287982
-2846869
-10039166
-3762618
1016848
-9059308
-733380
-11672203
-10400793
-11675141
-5376890
936911
-618215
-11545874
-2458262
-9611766
-6876809
-2923258
-7244765
-4483785
-11476349
-5834881
-9309144
-1208056
702334
372120
-10860671
-4675516
-658157
2288840
-288189
-3540957
-517105
-1814065
-9955579
-4604545
-10347455
-11237922
107578
-454480
1948170
-2102926
-1475874
-724433
3457785
-8218169
-11480208
-6543748
-6953512
-10934582
-1576777
-8547529
-1512646
-6894683
-1313259
-70755
-275806
-2656321
-11225849
-6503344
-1199146
-8987058
-8170785
-8636501
-2288507
-7278694
-7697151
-490645
-784625
-9184805
-7066886
-11558808
-10919569
-263802
-1006411
-6022982
-6723590
-6553339
-10834463
474322
-2699276
2184274
-2274424
-9234579
1551663
-9485080
-4205054
-4064104
-9071518
-3156202
976587
-7978691
-1564804
-2740718
-7253014
-9099800
-10329267
-9411206
-2915521
-9349832
-7361614
-8664926
-4422800
-5590518
-4695049
-12101070
-3932501
-9982033
-1876570
-1782815
442136
-10131567
-1817086
-4044839
-12759246
-12008400
-3599933
-7787627
-1888506
-396983
-3712990
-36910
-9959534
-10101132
-2616909
-7641845
-1044282
-7602752
-9001281
-10837553
-6133742
-3736433
587387
-1984271
-10344787
-3326816
531410
982447
-6138762
-3919305
-5857220
-8566605
1345383
-1416296
-9690482
292035
-1495744
-27617
-10116699
-5439535
-3522042
-7860962
-10819694
-2265838
-1803869
-3308072
-388548
-2387032
-1237747
-12212248
-10003726
-7218184
-1838599
-4202646
2785416
-4754747
-11464818
-1105652
-7322721
-843222
-27896
231042
-7117536
-8146019
-477494
-10102785
-2228035
-1504597
-1515691
-1019600
-13113295
-674553
-1866249
-7275174
-10412898
-6150875
-7994004
685049
-407207
-6098876
-612240
-6533837
-91603
-3581203
-3573177
-3446716
-8656155
-4845912
-9874026
-302144
295330
-10719149
898018
-1867767
8926
-870911
-7442416
-6623209
-6117537
-8273527
-6361231
-3720391
681448
965723
-2750652
-1458220
-5501882
-2572372
504342
107335
323145
1525510
-640057
-10415022
-8644621
-744529
-3936972
-1068940
2914596
-1871556
-11579485
-8236710
-12130163
-181264
-8043247
-8881198
-592276
555843
-1125089
-2168222
-5358053
2263736
-2188023
-7715737
-9688248
-8847493
-9134211
-3094293
-10089269
-1068717
-13403372
-652005
-6034090
-9946931
-8977060
-414727
-10309423
1813175
376623
-11520442
-7897036
-920322
-8035295
-1034901
-528558
-7645106
-5837950
1223554
95844
2101813
-9837714
-2824828
-1461985
1930959
159744
-6056733
-9361552
1275354
1231507
-6746396
-4227354
-11482001
-9025885
-6358961
-20847
-2526581
-281530
-5998438
-9825314
-5331304
-7778120
-9616866
-560156
-537050
1830875
-6478836
-5457502
-506213
-9313974
1281381
-9816481
-4127872
-9942632
-3336096
-8506787
-3537690
-964930
-10305075
-8571331
-7442666
-4457173
-2293228
-427772
-11827019
-7335613
-640921
-650593
-1856509
4460
-7942202
-2124940
-677675
-3077178
-10965610
-7464109
-8608402
-9816750
993592
-9624179
-1821642
407164
647388
-6377145
-377212
-702001
-9074759
1695067
-8544910
-10864082
-1332304
-4995139
121178
945138
-11896314
-9754650
153523
329764
-10384373
-130064
-1310346
567488
-7923983
-6329111
-3434247
-901763
-2119554
-7306436
-938472
-541589
-1784675
-10645103
-887704
-3054497
-7200004
-10086203
-457443
-11466368
963088
-10794247
-3204743
-6646502
-580089
-10095745
-6016214
-10974115
-3419523
-1653261
308631
-342986
-1795977
-8253989
-8063367
-4673801
-8756983
-3734468
-10605710
-3921654
-2141073
136512
-9520582
-11236549
-11006438
-8089218
-5174505
-11012888
-767736
-2249540
-1236070
-10106550
237540
-11347734
-5327777
-1828945
-4099804
-7975371
1791807
68930
-6218614
118822
-752100
-9034918
-846347
-6521696
-932590
-9299998
-7315440
-8641354
533000
-26996
-9554328
-10742905
-3580129
-2287317
-5081418
-8919715
-3857228
-8381235
530018
307826
-3665318
1662640
1283725
-981641
-897123
-9697249
-3787969
-8158128
-9079040
-9643799
-8215850
-3300553
11571
-2197871
-1501279
-1160175
-8845111
-431391
-5088945
-5255906
-1971722
-2152508
-3996962
-2004139
-10778840
-950499
-10261230
-3743047
-5543152
-9960129
-501909
-2745890
-10378828
-2145173
-7599108
-12142940
-7791149
-4093896
-7688119
-6797426
-6502264
-1400499
-1590282
-3279567
-1355840
-11254392
-993150
-10115745
-13333776
-10610123
-6312112
-6568415
-10500997
-10607082
-3175634
-44093
3316973
-4247449
-4882982
-3130026
-8760941
-4326549
-8297004
-4224760
-5448233
822193
-1778724
-11033585
281317
-1366381
348733
-9059869
-11700025
-1666007
-6718340
-11982046
-5167834
-6203138
-2864217
-1350959
-123262
-1155865
-7913666
-1410463
-5668470
-2589727
-3265899
-11143202
-157305
1949344
-8143907
329704
-8011134
-5709681
-4382439
2373590
-7998636
-2356486
-8875658
-2955030
-2603517
-1518958
-3576801
1468712
-1565834
-8615875
-2356221
699767
-929665
-8027855
-10145438
-330276
-6448092
1335525
-3889395
-11331207
-6586696
-785455
-3795440
-5404773
-9564726
-4837652
2269924
-4696550
-8708172
-1390783
-8958013
-8132866
-1436462
-2075828
-1729396
-8223839
-3011999
-1786312
1715115
76279
986292
-9748028
-7685932
-6687269
-6939897
-7278909
-6311318
-10730734
-4798450
-10676624
-136953
-9091344
-1043114
-10546535
-796224
1314022
1488052
709903
2487961
-8993932
-8657567
-6429994
700920
-2425754
-8068748
-8173877
624052
-1272028
-11929211
129778
-8022816
-12221615
-6942275
-2154579
-973265
-10297198
2533259
-1488327
-4740027
-2268433
-5938484
-11000494
-1888460
-7989956
-10444805
-5160622
-87267
-6889675
-474376
353383
631421
-276375
-9637863
-6616791
2440847
-529407
-8451102
-12307333
122772
-1838907
-5944048
-1864259
-3427244
-9557361
1027649
-9408879
-6114686
-814796
-7145760
-10924692
-3599587
571665
-8061024
-3700686
-5831936
1682961
-4313012
-1639217
-10730679
-1138553
-3392357
-8668099
-4786093
-1859220
-11702664
-10294733
-10686654
-1121996
-9703148
-2999267
-9764151
-4592735
-2676858
-2630001
-2957539
940199
-8645509
802587
-9072013
-2660172
1425435
160056
-325841
2311752
-1449607
-4146548
-5308753
-2445321
-860392
-1047157
-6686548
-1389652
-7499829
178080
-9624383
-7027524
-2681714
-1737491
-12046451
-6496784
-8417816
-1713896
-3527183
-290820
468360
1503249
511734
-2151350
-2423465
530813
-7971436
-3196090
-9683932
-9351706
-10107026
-702273
-7184739
-196838
-1913757
-1815281
-9049949
910248
-700118
914053
-949673
-10959074
865084
-31826
-69137
43929
-2163854
-5774815
-5842098
-1506077
-86721
-11802564
687666
-1453783
-185856
2106578
705964
-2105455
-607328
-10120670
-5284386
-6973475
183451
-2729166
-1831845
-1302278
-7560095
-710482
-1846026
-9403082
-11183215
-1702475
-9727031
-8373393
-10662646
2602235
397789
-9194087
770402
-2567927
-1239160
-8372557
-92817
-1766313
-1210222
-586701
-768683
-269298
-11517232
1967879
-2077345
-11728159
-1612757
-9296845
-867155
-7153037
-10052877
1671150
-5923131
1004697
-3321262
-8682216
-422972
-335773
-3770326
-2513958
-8081794
-11540167
-2577059
-365119
-1791872
1544171
-838173
302210
-1188415
-9096573
-7260357
2001034
-6451864
-944055
-7998683
-8964339
-7635515
-3160639
-7996975
-8909419
-2853895
-6643955
-3069342
-1109200
-4324573
-2290866
-3850537
-7580081
-11217745
-9022395
-2086487
-5544970
-2291825
-10174550
-538954
-2207231
589965
-218293
-7654123
-8061881
-2408404
-4090405
-6131126
-2738931
-5124220
-945864
-1610012
-5470365
-1525748
-2169574
-278759
-462845
-1736744
-4102243
-8577975
-2468345
-9133562
-7629481
378682
-550217
398601
-1346140
-8230213
-7676420
1427869
-1449426
-1360882
-2778059
-125503
-8763857
-5635225
3241570
-3055177
-10835368
-4913179
1619087
-9963797
-1129559
-11320925
-10438233
195097
-7496930
-2932563
-463140
-2949479
-10124714
47134
-7855491
-10478352
-9231182
230794
-7477714
-1324834
-454372
-325154
-7015597
-4050656
1638510
-9749646
-8325411
-3247704
-8417001
-6362448
-1734271
-1584764
-8681597
264911
-8763380
-8374590
-2638182
-8396138
-2452803
-10680899
-3128909
-10848632
-3012905
-60144
-10189869
-1618205
223791
-7980187
2723838
-4265678
-8852825
-6949278
-8191366
-7688399
-4444295
-4014013
-1994479
-666798
-7731986
-10479835
-932340
-1724708
1345544
-74800
-11380718
-81395
772376
2739195
-8519887
191132
-4403298
-7613309
-8971610
-2631540
-1504251
334934
-1254780
-4066759
-6417585
-8755078
-6452290
-8696559
-5598090
-12459568
-7168840
1328441
-599422
-9327018
-782534
671243
2557931
-9515429
-6618384
-929792
-9529055
1317231
-5495091
-1467223
-1184648
-7536018
-9800640
-10238261
179466
-1166665
-2571491
-7202835
-2135440
-9798692
-1449992
-3449682
-3196612
-10029974
-10957852
-7670865
-10969747
-5078112
-4836364
-1784923
-10119370
159872
-363698
-6661540
-10281104
-7488313
-9179994
-1788440
846007
-9664616
-8884528
-9004994
-5163869
-1352406
-10589558
-1456638
-8226622
2473120
-6204119
-5696530
-2129016
-327211
-8059912
-8634553
-5938635
-8895804
-10421938
1532973
-10058962
-7036508
-9623585
-6405277
109949
-3083055
-25383
-5525842
103590
-9990209
-10750212
576919
-1640947
-4661820
-7696944
-9984267
-2438907
-825135
-11593780
-5546333
-4721594
-5412331
-9151995
-6953631
-1574684
-7138981
1050462
-7694964
600748
-1534288
345119
406957
-8812063
-675968
-5123499
-6615221
-5035111
-7235183
-9536954
-7875751
-10799693
63752
-3810877
-7841102
-4036350
-567043
-8750570
-86259
-6809124
-230388
-6699046
-8424730
-3617858
1573178
-12043116
-10158301
-8303777
-9488349
-11021664
-9376446
-537592
-1620831
-2293779
-7146087
-9226013
-6544210
-2483607
-9649783
-9296569
-3987534
-4837929
-8427211
-1276596
-10835907
-4268661
664054
-13119941
-7644200
988815
-8156469
-9650102
110938
-6768025
-1688274
2408980
-316402
-3909392
-3802695
243205
1322833
2183323
869902
-8389811
-880671
1921289
1602455
-5988327
-9043174
-1812962
-11921582
-10294568
-213834
-452165
-1758944
878076
-10425694
-1259243
-7308753
-1263454
-4740362
363956
-6427040
-3186931
1262334
-8948444
-1295528
-5301734
-1998081
-7528718
-1961115
-10873031
-9567004
676532
-11765364
-2512469
-308095
-2102387
-1619124
-7349580
-992094
-9365346
-3785741
78482
-2166596
986309
-2034507
-12056099
-1759755
-5969786
-5317740
3906237
205549
1778276
-11921884
-6591377
-1570876
-10124190
-9487540
-6499690
-9155005
-10224211
-8851871
-1033754
-7134123
-1746297
-3027622
-4189203
-6397151
-6495874
1045452
-480429
-1626970
-295871
-4160117
-8618232
-1240537
890386
-7995454
-1487657
-478386
-7411201
-10028921
-6180717
-8585835
-1283529
277292
-566525
-9103131
572687
432608
-193149
-11234405
-62711
-2722823
-8100619
-550993
-8839435
-10346106
-2516142
1011683
-10369714
-3175874
1736303
-3302286
-4305121
566698
-297654
-1893273
-10968182
-7463845
-457160
-5975359
-2032918
1767554
-5999700
-323737
-9822653
-4689705
-555276
-385652
142609
-779181
-3567638
-6785067
-7177864
-6476614
-5178000
-4545267
-8551743
-5659900
-1870744
-1065633
-914319
677976
-1127749
-7871302
-10877986
286719
-7995079
1870525
-1729501
-5080062
-3363826
-2003849
-9080092
-6379818
-8136698
-9370337
-904962
2236477
1634830
-3931897
-9547033
1292383
-3981238
-2191699
-1917038
-3590250
-11280647
-4722333
-1212466
2507945
-9352473
-6533170
-8386801
-7280412
-9422484
-209460
-11240992
184555
-9919126
-10113949
-133704
353688
-1604413
-7094480
724415
-8355977
-591230
-3601212
-10559082
-2924392
-8154999
-444294
-7630406
11119
-5299761
1152085
-167859
-3750574
-1255878
244925
-5877114
-10906399
-7932337
-3038483
-1668190
-3234736
-3117233
-795408
-592286
-1463635
-556233
-2368171
-9081708
-1437952
-2974962
-11011843
-10308046
-11140802
-2072164
-10483981
-6611967
1025055
-10653113
-3013219
-441802
-10525142
-4691904
698730
-7474951
1309479
2466446
-6283722
-11582540
-2678130
-11518179
-2153609
-7713896
-3415187
-1925547
-271621
-6933708
392899
-3069764
2729313
1029577
670243
-12129604
-7439128
-9988113
-506677
-10183787
2418753
-6669251
-6964802
-11136580
-6190619
-6985929
-8292142
-7360899
-1338675
-1299025
-3145001
-1783382
-9246934
160754
-75600
-1866830
-2006499
-5577219
1416745
-2614254
35825
-10421786
-1562031
-7572923
2032418
-7588420
-6726037
-8621354
-10252813
-10177851
-1504627
315901
913084
-4343773
-2396450
-8020639
-1439349
2167503
-2452647
-1356224
1274141
-8329383
-1978705
-3627822
-617329
-6908258
-8197738
-11002583
-1147679
-4555607
-370298
1081241
-10144634
-9442068
-1931978
-11772831
-4023560
-3145718
918098
770517
466659
-10758670
-713071
-304315
-10483230
-10512509
1264759
-1403810
-3924184
-7799607
-7854068
1046855
-5304911
-1913945
-1016101
-7807330
-448265
-4743510
-1104832
-11393880
-4632787
-4211619
2426729
-6383211
-6102393
-6534284
-6124220
-10126325
-2028535
-3447583
-9884023
-391143
-7121811
-256413
-550679
2011205
-442519
2189943
-11941965
-4492151
1718671
-2539049
-4553053
-3636659
-2627277
-644364
-9338171
-1401202
-216712
-9815656
-308418
-6643946
-7681328
-191257
1229089
-10762686
-10076194
-6017915
-3237570
-2716709
-4998314
-1407072
-3486771
-10093245
-2131068
-9957290
-9775264
-1261192
-10732012
-6669041
-2513169
-6287800
-164793
-1788039
-260291
2503271
-12632485
802900
-11055481
-9044375
-4666490
-9163434
-1192053
-2260545
42067
-7238715
-9250843
-7069715
-1617189
-3104617
-40036
-8847876
-279575
-546544
-4957720
1012797
-981393
-10123032
-3875624
-11128732
-5473090
-3243293
-1882470
-2929873
-5761871
-1935918
-3265787
-2235647
2964188
-7844199
-8918937
-9530363
-10554468
-11377639
-5474375
-591189
-7392503
-9424583
1536264
-8618301
2948923
117215
1042531
-4634004
-6918928
-1814760
-7951704
-5928217
-959972
-8021320
-8991346
605939
-4458195
-4613973
-6840220
-12770707
-4723124
-319455
-2811074
-6264711
-6256465
-11307801
-6938429
-1232642
1897009
-6661541
2922883
-8370133
-8614397
-848165
-6721792
-5357970
-1060552
-7745336
-2905937
-635992
-10102292
-638069
1186813
-11235887
-3961371
1568621
-6606237
-1625320
59728
-2217499
-4894554
-3564637
-10331025
-6257788
-10778852
-9529609
-4172653
-3092710
2904648
-10725669
1115223
-6588336
-9113677
-7951218
-7847764
-8336120
-1401593
-6993631
-6164993
-6047850
-2719492
-1134157
-12129291
-6021825
-4476498
-9055768
-12465918
-205991
-970491
849448
-2798707
-1074254
-3384826
-9629062
54061
-8781319
-7115467
-9839236
-11671234
-829409
-1918048
-10229914
-4885014
-1924848
-6356273
-396269
-1554306
-9054873
-10415256
-9156222
-9511151
-10039656
-551087
1698981
-1021608
-4514412
-692789
-9590984
-1990902
-5658561
-9555688
-7057239
-463511
-1751912
-5332755
-3734078
-1168437
-1875636
-5055156
-7591111
-6066407
-8630393
-11506468
1888249
-2191239
-10349775
-9900692
-10037746
-7314211
-3567631
-284942
-8290847
-8112891
-1101171
-9769051
1032946
-6226862
-11154581
-6183304
-4127499
-99200
408571
-9788327
-6282501
-5881025
-2018239
-8119285
-305548
-732619
1576624
-501895
-4265545
-2497035
2417673
-7535243
-10831553
-2382325
-1543086
-7940917
-10060976
-9489328
-1625182
2708035
251457
-4925700
-838624
-5165470
-10882924
-1231613
156211
-5375774
390213
-5828385
-852156
-6304199
-124778
2224897
-7503715
-3005428
-12941899
-4010782
548707
-8210693
-10046536
-7858866
-7166505
-8273850
-7112652
-2712268
-667455
2760257
1002238
-1796949
-1428694
-7106502
-533115
-6884274
-9593507
-11551277
-843587
-10781668
-2931387
377971
674193
1218115
-179541
-10104210
-10555048
-10407279
-6852815
-534120
800220
508492
-1162516
-8759138
-10578309
-780633
-1482786
-7548165
-5397471
-5226905
-7455974
405531
-5491248
1038786
1805442
127680
562585
108140
-10592043
-8354417
-3666101
-9288186
-10969568
-3230935
-8149081
-7425035
-221379
-503327
-329884
-2796883
805447
-1836518
558889
-1726970
-9663071
1708777
-8170203
-1581763
-2004750
-5682805
-3144392
552442
-5112624
-10576513
-10057711
-9992012
-9849137
726239
-2034431
-4363420
-30156
-2329317
-7799592
-2871561
-12753419
-2625307
-4806725
-6211839
-11552291
253430
-6124065
-8115057
603828
1566232
-5617585
978276
-4648209
-6397670
-2893063
-6771740
-313187
-1125947
-9968924
-5366874
-648786
-10036891
-2769738
-9543037
290464
-8737906
-6750265
-1434473
-6988781
-10508529
-1504070
-1457599
107550
-2754406
-11174805
-8996985
-2657179
-3997320
-5719061
-6628780
-1679166
-2775673
-9060628
-1046993
-2846808
-1370879
-5442266
519894
615507
-2813610
706338
-6432994
-1561417
1843633
-6079213
-2035551
-125186
2966584
-11009243
-2433128
-4104896
1540154
-1136293
-6847157
22226
-5258849
-989739
-8999240
-10593012
-10927718
-6443729
-9777057
527900
-1601765
1975492
-9284769
-1750230
-2211037
-7265449
-1722554
-4638518
-8660316
-5244571
-726348
-1496690
-8783936
-12027784
-9490541
-205701
-2432974
-2731185
-10574992
-11113487
-8426805
-3251985
-6941392
-2588158
-7707758
-9889572
-6457419
-9710542
-3702302
-1054619
-3914885
-5331714
-7569989
3844257
-513120
-5786563
2284713
-451113
-9502902
-9108963
-197
90599
-1237483
-707542
-499437
-895791
-3662066
-8340240
-5058308
-3624416
-3731303
-1407279
-10772636
-1293541
-10691907
-6361887
-9025732
-1855573
-1874446
549061
305656
1441334
635101
-8062040
-6287233
1032903
-2690104
-1974634
-1267801
-6619860
-5350526
-6163672
-628988
864860
-5529505
-4410449
-2025383
1500128
-7073865
-10412592
-5661492
-107619
-4481702
-1008918
641668
-8618059
-10468074
-8213548
-10259699
-6672648
-10605027
639785
-3500018
-7017994
-3018090
-9599561
-5876780
-2447224
-3526457
-11449175
1321264
-767774
-515416
-4488448
-3196168
826225
-9895072
-10043948
-5083248
-9873853
-2966702
-6216056
-10819474
-3397035
-7674990
-10372865
-5189848
-6957967
-11278059
-6922776
-4651011
-5890781
-9257848
-3733484
-573117
24255
1504828
-6475772
33828
-6042156
-9250172
-12109293
-1191339
5742
-7835578
-1567546
-7296541
-8103000
-5413552
885406
-10529622
-5046347
-7653791
-6913586
-682306
-1458299
33227
-2558776
-3664294
1482596
-11730242
-595647
-2063430
-450252
-9547876
-237401
-6160170
1066975
-7403518
127227
-5006048
-10325820
-8146772
-4776490
-9936809
-7461020
1250244
-2169018
-8935817
-168251
-1544928
-8943622
-7646802
-10402814
-9096882
-1208182
1019882
-1479321
-5272555
-5308750
-7641228
520582
-1294948
-5917959
-2719609
1672811
358408
-2650488
-1434776
-8104445
-3428797
1956471
3025720
-7423993
-7721263
-11221910
-8893850
-8471518
1314194
86597
2519527
-7331160
726156
-5333144
-8215544
-11719251
447922
-583250
1279665
672932
-6736502
-7101225
-3968680
-6356337
-1281400
699040
12742
-2917706
-3673889
679953
-10084867
-9354073
-10052336
3290796
749596
-7092754
-7752234
-9215765
-2077609
-150548
-4854538
-9605794
-7872431
-4343065
-718203
-3419359
-133070
-1715329
-5099100
-6958210
-8687917
-10005466
-4942056
1463051
429044
-2256108
341992
-629405
-11436759
-5919121
-5559852
-1631263
-9109334
1279294
1430984
878216
-1458450
-2335852
-7546821
2396881
-2566287
-555831
-10636401
-11018336
-5992255
-3615760
104206
-1490606
-9127953
-1103658
294927
-8268326
-3658088
-8485666
1925342
-8111151
-8978138
-6947611
-846277
-9387413
-8691113
1198001
374783
-2652895
-6049315
-2395934
-8991390
-997313
-1778359
-3895748
-3313973
-5008140
-5696142
-1127741
-1274913
-9608120
-2792536
-499181
-2161784
-10673490
-4319719
-3352277
-9580525
-1961868
-9861615
128599
-7702559
-4626854
-10422090
154082
242768
-5643211
-3664371
-8727846
490066
-8112750
-2620198
-9177875
-1907735
-3041398
-917400
-480227
-9003102
551306
-2190650
-453055
-2914955
-9354979
-8947924
-2370271
-2399553
-390616
-7954318
-3694471
-10888632
-5207997
-5403616
-8327365
1277205
-7045148
-9839351
-1571151
566327
-403160
-4438114
-1592964
1057171
2868025
1057306
812534
2934279
-4847252
-10398139
-915800
-9693054
-2319110
-757362
-8445788
-10614599
-11071512
-6120794
-11871554
-9182002
-933428
-11885993
-10102565
1630068
2705889
377526
-2941364
-1551225
-2034507
-9283287
-1299121
-8041373
-1757664
-5601555
-480184
-9722158
-6042656
-10626608
-1074239
-748564
-1289916
-4500036
2670247
-5999226
-6212409
-4825207
-11231911
-10705418
-1855019
-734187
-8984477
-3929015
-2050818
104727
-2483344
-4522799
-299453
-7236737
1588475
-1839622
-8189076
-11950091
3391006
-7560872
-3120598
820184
-950587
-5220780
-178238
208511
-4819740
-451978
-7503883
1508842
-3913299
-6460561
1258384
-2288760
588122
-11282394
-1801647
1326916
-1408696
-5617217
-1812285
1247862
-1775877
-10836543
-1735306
441556
-7287613
712673
-1280432
-4411136
-5879203
-8895801
-7544321
-1950071
-1107585
-11080039
-11667818
-219162
-5130867
-4067103
-10940684
-8299696
-1731501
-8454835
402125
-3020264
-11538873
-7225531
-11545401
-8921004
-7908084
-12526430
-5498311
-6795725
-8753314
-497669
342343
1679240
-3007907
-195705
-1634702
674105
-7509914
-8346490
-5366076
-1392005
-8833908
-2309119
-6775184
-2216442
-9404638
-3071558
1351112
-215807
2490750
-6396142
-1149572
-5079008
-794894
-768633
-1211521
-7785073
-7476817
-10110720
-294685
-1701312
-717669
-81170
-5764393
-1923481
-4123777
484306
-8365850
-6633869
-1458872
-10430338
1645884
-11502865
-333553
-66688
-1362004
-7652510
-524873
-118459
-5628948
-7122274
-11591165
102757
-1182925
-6396900
-2923019
-726152
-1635181
-10259557
-11378716
-1890069
1447466
-7811008
-6813143
-8475451
812852
1422497
-3434476
90063
-1713988
-4950118
-3277163
-9247923
-6761484
1055204
-8067507
-7874448
-5414864
-2290925
1060685
-2600867
-7283283
-976513
-1388812
-8130763
-7797991
-790991
394200
-10585026
-2828157
1599838
-7898517
-4907457
-8987704
1831370
1820024
-6586287
-1247053
203142
-2391062
-9495709
-10805525
2018131
-8606737
1665713
974744
-4802823
2063216
2318802
608266
550179
-1098608
-879646
2347719
-2504083
-7610894
-10226827
-6535267
2047786
-4820266
-231417
-4706467
-10163183
-1275712
-2455988
-2130626
-9934799
-3847384
-882859
-10725367
-10945429
-7412036
-2280820
-3709976
-1233934
-8626577
-7113451
695930
1001929
-5373668
1697258
1852469
549290
-4548669
-7624300
-10453119
1635452
-6588876
-4771299
-9602741
-1856090
-9984736
-1366671
222363
-7976264
-1729109
-5513360
-9228706
-811945
2236957
-12089417
-10492280
-1936995
-1634440
-2302315
-2109375
-10194482
-1105736
1016977
-6825997
-250240
319910
-1801299
-6698023
-9548697
-2181406
-7891041
617613
-6009406
344466
-9165490
58774
-4873601
-8807407
-8488899
1173903
-8812398
-10488870
-7601072
-5880641
-7055536
-10666259
148917
-10716515
-6749831
-9092366
955819
-3197715
-7546366
-5690012
936135
1850633
-10062187
-1738904
683005
-11123128
249042
-2724179
-6855032
-8384209
-821909
826089
-8821365
1391119
-9782581
-861904
-1193600
-2914452
-10491663
-1003134
-11823197
1022860
-9636225
-8459405
2068399
-11185509
-5149482
-8001506
504938
-1559933
-796889
-7711477
-211660
-22583
-10571650
-7330366
542560
761764
1145371
-6032941
-7178631
-4659271
-10589486
-5767997
-12124702
-1327708
-3076872
-2805125
-4425402
-2252331
-8254488
-2241997
-10896177
1299225
-25039
-8136978
-8076539
-881619
1627182
-9933310
128331
-5077776
-9691610
2153612
-5583049
-2026607
-7165945
-9767187
2972112
-4967892
-923823
-1919927
-2127132
-308175
-5622552
-9852872
-8213357
-1385007
104636
-1795907
-8142751
-999748
-2784653
-1387135
-9703106
-5174529
-5322263
-3680955
-76467
-6957064
-8797483
-2596054
-8181668
-3709340
-788130
-12419981
-8624767
-10488809
-3094205
-7449838
-6776219
-5103826
-8678755
-1001151
-9678327
-10156826
-9711901
-1486567
-2768988
-7058183
-5339266
-8126311
-1125472
-8112991
1327550
391901
-11830479
-9458443
-10905525
-6220259
1498893
-9548877
1762010
-288154
-8684603
-8735583
-1766869
-4077448
-11659961
-9477114
52286
-92798
-1770063
2248070
-3387056
-3648179
208140
-11209980
-1344285
-8936444
-11093009
2715655
-10021275
1749405
-9421639
-8842893
1584566
-275227
-8402008
-5344273
-1162246
-595323
-10056989
1638324
-2896183
-2767657
-7452279
-4283932
-11847035
-831343
-6834301
-2305952
-6590730
-10566285
-6967224
-10677679
-11017250
1048399
-2474725
381412
-1883272
-2696190
2508796
-3600449
-668690
-5932297
-3819488
743001
-164509
-4311120
-1559071
-8957795
-5880607
-2509064
-484459
-1765229
-9550189
3408941
-4495746
-1160477
117120
177895
-32567
-870752
-7431303
-11479959
-7758825
-7981487
-10606342
-890657
-9003437
-4674345
-7809945
-2379360
830975
-10826233
-537883
-2906616
-5549983
304304
-5072623
-9910703
-3001277
-1978381
-7118182
2129872
-9280018
-1072576
-1554251
-6211058
-4649751
-3104177
1809129
2948400
-2334089
-1919239
1551579
-8301059
-4197137
-6513740
-3547042
-276940
-10818050
-3882928
-3261812
-4542606
-7689572
-2217960
-27048
-9395842
-9271677
-3058320
1915046
-1049179
348330
-6892740
-2023996
-10142308
-2398740
404477
-5075738
-4853341
-2065117
-5998180
-3472331
-7063247
-9403792
-1028889
-9505100
-1918592
-6504396
-10202468
-481518
-2095959
-1049343
-10401988
-7459049
-8114302
-2171875
-7217268
-9717777
-1572705
1913802
-8446004
760717
246767
-6225036
-4311843
-10209918
-6382879
-7495377
-28434
-10164241
-8024214
-2842441
-5492350
-604763
-2918909
-4556376
-6829196
-8134904
-6507745
-9729905
-1067595
-2123037
-7029805
-2956736
-747139
-6100629
322620
-6726519
-8954440
-589123
-1305763
-8319603
-7127340
-1068971
-10215445
976335
-10219498
-8486504
-1649154
-6355682
745359
-12976522
-5434141
-12122959
-759342
-10420683
-9884679
-5048029
1432114
302245
-4394404
251874
-11474409
-7579323
3882355
-9083846
-161543
-589382
-964852
523472
-8624426
-306008
-7895167
-6135030
-8878476
-7624314
-11651724
-3207530
-9654943
-7862759
-755441
-9647249
43328
-7184539
-3058219
-7841936
-4730197
-10647734
-422641
111423
-1207699
-7415240
-8862142
-1066538
-209872
-2258793
-6551297
-546213
225466
-11226531
-9773966
-184478
-7309830
-1612364
-4003186
-8785951
-1390935
-2870470
1478941
-2000160
-8583293
1775991
-9922404
-11343925
-11994324
776942
1986025
-7485421
-9002241
-11270670
-3134927
-9685237
-6996373
-2273991
-7804082
-9415239
-12289367
-7294576
-10193664
-9450072
-6330924
1202900
-1939945
-2200912
-585738
-10826608
-6370735
-4210644
-3261646
-2743948
541528
-6869939
-674755
-10591462
402433
-1196479
-10570993
-8160110
-1994134
738077
-11411511
-8170777
-4326256
-5944152
-335425
15108
-462868
-1281635
2246560
-1655863
-812037
2789244
-1430364
409560
-7883856
-3097368
-9570253
-4336316
-9020315
-10568189
-11557866
-1126196
-4661890
-10385231
-7797959
34733
-7587250
-616072
-3912098
-7369222
-10987005
-1048394
-2678451
-173208
1265401
-4361318
-8065905
-4105045
-10049263
-651145
-3880284
-287677
-1201669
-12232855
-9600740
1708363
-2477014
-2261849
-11134932
-502921
-3642203
-1673631
886624
2691619
983428
-10940203
-1736685
-4964453
4204298
2848515
504174
-1683211
-1450511
-3493593
-844579
-11108356
-7591381
-6583128
1466711
-6398626
-4808254
-155499
-4082219
-3880701
-5444701
-6705921
254490
-9456752
-9948113
-2206546
-8833080
-2307182
-1786648
-11618743
-7963107
-10416592
-3337493
-9144730
-2812044
-9939119
-9270600
-9809533
-8687311
-9462069
-8551904
1599747
-8180395
-401060
-1154608
-47254
-10686496
-11245783
-7600456
-3125958
-3025302
-5881516
-7202238
-1377353
-11439519
-11521232
-4035836
-3130183
-4213404
-8314904
722113
-8221475
-10073747
87042
-8631254
-5542660
825157
-6722298
-12355328
-9010216
-3343440
-8384499
-746950
2680709
-6737657
-8085096
-11632549
-6248161
-10629990
-2494435
-10921029
601980
2779494
-1540765
-327862
-10100224
-4408819
-801782
-1345286
-2588954
71610
-7860133
-173122
-8875794
719821
697245
-2708510
3376761
-1298832
-6751755
-2959476
-6142792
-7372202
-8701276
-8357693
-9228880
-9387518
-9981685
721970
-2494523
-13220447
-7332370
1228962
-890284
-3312329
-8465754
-5067707
-4850141
-6197816
-6180598
-1090411
1811030
-8633913
-8382548
-2843434
-5555419
-7503037
-7105074
499023
-210255
-10052090
-1138637
-8089173
-3112510
-267376
-8848364
306684
-9521151
-8033341
1266663
-8796363
-5291001
-3670553
-10191507
3148033
1020652
-10991462
-734541
-6523977
-6510675
1710666
-2846479
-11753231
942013
-2460603
-6735340
170442
-10509249
-4449881
-4986121
-3830690
-9383226
-7880012
-10543089
105120
-319445
-5784124
-8899785
-2029166
-2839437
-2290623
-8054573
-7639188
-1027386
-141443
-879829
-10701158
-1764420
-10779767
-10418034
-6243226
-9135119
460531
151641
-2171188
-3922696
-7232132
-6851604
-9912793
-6697477
-8905888
-6472038
-3780556
-2826872
-8308337
-5769027
-6738955
-8009323
-4871370
1162322
710304
833102
-8531379
-2299239
1883789
-2974666
-7548827
-230160
-873263
-1517719
-1037401
-182542
-2654323
422119
-1867108
1586653
-640396
-838138
-5892990
-8165584
-1380108
-1474183
-6981676
-7736439
-249676
-967804
2400014
-4071444
-7014870
-9067036
-4051841
-2499415
-3392908
-6663186
-207614
-4286748
707248
-4708054
-1882540
1553973
-3448760
-9089402
-4654539
-5045620
-3888709
-8544392
-1635701
-9350830
-11276011
-3315146
-4031923
150879
-8837122
-6611606
-11542710
512983
-7426317
-8811907
-1547334
-2623992
-8547907
1524966
-5533476
-2213911
742921
165624
-9575851
-3157953
-9475408
-9823818
-5647934
-11432959
-7023787
-6559893
539196
-8550285
-804802
-2985040
-5438127
-3094730
-102103
-1559366
-1824279
-510802
1696367
-7813690
-2681772
411502
-232766
240057
-10064095
-1743470
729353
-9634328
1201371
-4819367
-1786945
-2958840
-4174827
1918144
-11448837
-1117215
-2672577
-1439400
262469
-2998553
-2364867
1577866
-10083415
-4962684
-9823131
-2463556
-5760760
-7500103
-3657940
-9620778
-6094984
207688
-8235062
-577699
-8648701
-6638430
-2109435
-10183248
-4793827
-2797352
-4613189
-4357105
-2918267
441864
988987
-6722515
1699901
-10198547
-3663478
2193172
-6224340
853806
-8723935
-3089216
-8581445
-1556489
-6807662
1988704
341190
-9016585
-9684208
-10382130
-1526751
-6928376
-11468715
-8324696
-8840038
-1483217
721643
-7727628
-8511178
2867811
-6491408
-4873424
-10796811
-3470977
-3098555
-1117920
-5451983
2812387
-1600257
-6851442
-10311720
1354675
1315961
-9675378
-8641757
516640
-5224255
-1872771
-5834092
-5494491
-10125872
-3123222
1159947
-783324
-2129484
-5099587
-7390061
-1302787
-7294613
-9189293
-5885361
-679477
-10769745
-7734741
-5910619
550906
-10657321
-1114982
656723
-4134975
-9825906
-5811676
-9017664
-9090997
-959068
-8335915
2264451
-4203010
-7588577
-11938035
-6070134
-7172288
-8790194
-2733963
794838
232317
-9011085
-4287419
2835504
-943250
-4872892
-9591177
-9638564
-10309200
-5756783
-9059967
-6580438
-8184142
-1041603
-3625814
-578183
-8021942
-2839271
591855
-7034521
-10813247
-7784432
-288761
-9252406
-8678919
-6070344
-2112721
-1236043
-9478812
-376843
-6603924
-6532328
-1784727
-348000
-6693876
-1709475
-6380556
-9667127
779925
1505082
-585663
-6753240
-1904167
-4260727
2900247
140221
-10383211
-431578
-10238317
-452252
-1475167
-3149902
2180367
-8908692
911483
-935865
-7178656
-5875767
-27082
-9825837
-5135707
1464114
-5727173
-9687534
-10870468
-111923
744156
-7006522
-8176547
-5169806
-9771704
1019523
-1272554
2118984
-800544
-5810644
-5709323
-6895416
-10215861
1197610
-8578477
1137716
-10052866
-436319
836738
-1304952
-4298553
208269
-1000235
3231432
-507558
-4534873
-8750920
-10056539
-3987247
-1772073
-3822508
-1618111
-6162052
-1775099
-6125685
-4826447
-6514195
-6463453
451692
-186418
-6043547
-3652244
-10146845
1023593
1564587
-1447403
-8993159
-8795607
-3798587
-7973641
-1736654
-8525883
-10707025
-1633333
224467
982859
-8882477
-1057055
-5865207
-949525
-4772426
-7792033
-8137407
-7506665
104139
2207333
-4824994
-170114
-5771534
-3288442
-6365692
-7021506
-1068339
-4389763
-8504501
-7856732
-9329044
-7911963
-2406504
-9676579
-2176237
-328481
-2026313
-7842674
-7329580
-996320
-9243997
-8243639
-8946353
-5538469
-769060
-6244279
-176970
-9760115
810705
-11198967
-7308649
-8495889
148988
-38349
-10060266
-10141294
-123757
-8656331
-5950343
4243
-1898164
-1703821
-3679785
-9270038
-7913054
-10301320
-1916667
2307441
-456459
-978672
-2756710
-1325576
2397486
-12177834
-1565736
-496219
-5826744
296408
-11382009
-1143297
-3334292
-8543550
-7667771
-2199028
-8944866
-4549724
1438084
-9252750
620332
-4158551
-7597923
-1880712
-7086196
135351
-3479283
-4401946
-11957064
-6047494
-10561112
-10005142
-8224422
-3302835
-7097710
-2941683
-2596695
-6493573
-945567
-1698698
-10623205
-8903185
-3767498
-1912501
228009
-8234763
-9294948
-2529655
-4482715
512583
1537640
-4611621
1005370
-7070499
-4742245
-2301877
-10169488
-1621401
-10009994
-9907760
19726
-6986451
-11799405
-7506339
-2911739
-9367085
-7103921
-477882
-7831385
-2257834
-5031890
565978
-314573
-9149139
-2281300
-721846
-962269
-6739136
-2283307
-10357944
-8878234
1408831
176114
-6308538
494190
1909670
-9897164
537260
-5582884
-8165071
-6233057
-6056192
-359905
-432370
1907753
-500810
-8083364
-4604323
-7016255
-10875090
-2842554
-301705
-2676543
-299882
-4651345
-2376831
-8697768
-1504561
-2823513
-1450287
-10240051
-2460547
-4598767
-10114302
-8423541
-249474
-590080
-3058619
-7955957
-11183705
-9466636
-8772592
-1513031
-7587045
-7466669
-11549386
-2504059
96950
-2965837
-11049849
-4641810
-9636233
-10426874
-424473
962087
-2616638
-8336075
-559389
-9076400
-8381541
2196934
-6725510
-10800037
-10048030
-11006425
-8313190
-861932
-10487303
-12352690
-8433778
578141
-5921563
-8921514
-11971817
-9710361
-2363012
-7651122
17379
1483685
-8881707
-1409262
-8905552
269317
-3082957
-1315705
-1498167
-3219572
-3435160
-962692
-8344916
-6028760
-9452889
-1221275
-408739
-10762538
-1291895
-8728487
-7346307
-9842946
2336359
-9813863
-3083757
1071494
-2396944
-5083163
-9130742
-10142453
-5672288
-8639867
-9964324
-763352
-8706678
-10906923
-1147787
-381164
-8013172
-1044304
1204471
-9929326
1750112
-433838
-10812952
-7835829
-11368389
-8504819
-3351630
-1667089
-10087962
-10377930
147942
-3668979
-269937
-180193
-8517339
-166352
-861793
-9092262
-9564474
-11226011
-2717380
3311618
-3130279
-5772400
-1167750
-6876879
-10110626
-11505112
-5007147
-9142452
-406400
-6727685
-12620764
-408771
-952957
493429
-2192726
-2759592
-9714199
-7881647
-3223039
2299982
-5576494
-1491836
-7896066
-9405443
-389707
-10424056
338926
-3343971
243301
-412752
-6460126
-2052010
2102681
225351
-11122078
-3686308
-938077
-4742843
-4970209
274362
-11895110
3408216
-770703
-403176
-11206488
-950083
-4198922
-6482398
-751601
-799858
-9423890
-4304454
-8063428
-6677056
1471658
-8199075
548184
-3078963
-1405335
1944631
-9338672
1051326
-117309
-2195575
-2516070
-4628675
141330
-9133813
-1338091
-3447798
-2998815
-789998
-2873466
-910766
-1391937
-2770856
-8423676
-4059751
-7839843
-5385798
-2831972
-8092612
-1329786
-311206
-1417857
1825726
-10247527
1463335
-1334327
-2725730
-1353705
-1406426
-6909411
-39141
419378
-6986379
-3301666
-5151882
-11391493
-167269
117056
-3808093
-4200352
-908779
184249
-8208968
-10523537
-8770434
-8897862
-2014284
-44593
-12504768
-3628404
456248
-5126446
-9224107
-7265796
1511454
-2684547
-12135975
-2219891
-3139654
-7622420
-1585323
-5722216
-945289
-10861916
-5877350
-8258799
-5329717
-1276451
-8672331
-7439416
-9052039
-6152190
-805677
438992
-8118518
-8141814
-8275419
-582445
-608353
-506111
-7789596
-4977598
-8223412
206273
-4377539
-7233086
-9069053
-1135900
-949534
407499
-9095408
-1230475
-4146721
-8175496
89183
-1987518
-10124585
-9801822
-6953081
-10236808
1963251
-8287280
-10414358
-3119475
-921483
-22502
2026738
-670748
-10166348
-9119190
-2965150
-2403760
-1513226
-738408
-7710378
-6689502
-1597294
-1764363
-6411206
-4550594
-1178943
-9327041
-12117327
-1025527
-201962
-9752716
-3565164
-5432126
-11090091
-6472760
-6913503
-5116027
-5806116
-10024488
-1346345
-10238907
-6494063
-4451009
-8764762
-573377
-11873500
-3062369
-120880
-8086113
-7772959
-8304257
-11381956
233999
-9626543
-145566
-7475817
-3623129
952834
-1805818
136235
-9705635
131078
-6516132
-6444755
-5577978
-1143877
628674
-537747
-9625922
-1963386
-9241910
-10907408
-7168796
1983234
-12152679
-710667
-10592444
-6791051
-10124323
-1813235
-7945313
-7083317
784976
-909866
620351
-5078873
-9709249
-3529186
-923593
-2656141
2358213
-79554
-65987
-3009774
-9081557
-1632778
-6861059
-7817948
-1180083
445052
-10591103
-10956354
-88430
-2993374
-2463107
-1118167
-6126613
-8666513
-5760314
-3832225
-2053369
-8904159
-7891396
1676569
-11658203
-6943425
-8751611
-11228137
1131967
-12084831
937961
-2066878
-8552963
-10019893
-11860808
-8217207
-2125124
-624201
-6723999
-198760
-10109021
-4695956
1122073
1011738
-5534390
-6418418
1254617
417327
-2323774
-9431684
-9195135
-1487555
-4770767
-11373446
-11417053
-7945845
-7645755
-3938938
-8466327
-7876889
-9029887
1324324
-7237636
-2252283
-1188110
-1644603
812879
-1741628
-8387670
-6252829
-8655933
-1772013
-266770
-2650341
994784
-1406655
323756
-5246153
-4253093
-9921520
-7903616
-928819
-642254
-12035608
-7747244
2470510
-2098141
-3000705
-8232930
-3046181
-2960750
-4988934
-2265328
-8297460
-2547412
-8703905
-8071494
356606
-3953119
-1750435
-1018119
-1283807
-8550091
-7124480
106172
953458
-1513713
-1487026
-925702
916045
-2569775
2167033
-5456030
-10200222
220271
-4644253
-4746118
-6190547
1791227
-9742129
-10476357
1850005
-5785414
-2427056
-5225356
2616291
-8701560
-2746565
-11802170
-7053536
-5926909
-2571504
1958889
-11776934
-2354369
-7690458
-11419853
815196
-7476617
-293292
-2719160
-5248255
-7409716
-580470
-7245556
-279960
-1953305
375000
-10394990
-2920950
-3183923
-1597558
-3009603
-5932128
-1948796
-8301038
295668
-2569254
-6254592
-388384
-7193979
-7539515
-4461253
-9935289
200745
-1100432
-7350688
-2165508
-8176200
-143863
-8859714
783077
-11278081
66701
-3861761
-668603
-4205078
-8823064
-12638586
343825
-2000391
-212251
-11279981
-10080679
-2671889
-9442503
-653715
-9208050
-9797855
-7847083
-12337353
-9880347
-8277625
-617278
-6074952
-6131175
-8950992
-6834339
-6822547
-8395389
-472262
-6852156
-1534049
-4467388
-3447899
-2603529
-1889417
456820
-10315064
-9012166
-3819811
-752916
-6280717
-9843673
-2278238
-9453580
-9044886
-5246664
-7592264
-10293112
-2895646
-1959512
-2275354
-82369
-6459385
-4008177
-8872033
-7730415
-7681658
-578000
1624957
-8277364
-2763838
-9210340
-4298798
-5369159
-7720303
-511322
2565753
-5862110
-12060676
-4894973
-8540871
439507
-10786958
-1842004
-6665309
1040511
-1788422
-5490076
-8247316
-9433097
-8493458
-6726154
-6911645
490847
977894
-3643239
-4788590
-1482299
-9610209
-5314253
-4030883
-828941
-3045397
-7830239
1588958
-1482447
-4838311
-11298457
-1698378
-2467326
2613395
-8136112
-9789815
-6989280
-10020213
-7849412
1289746
-5738936
-3348845
-8650845
-10749700
-2737968
-10503123
-7938606
638929
-7028527
-890257
-457155
-3189547
-5467513
-12713002
-4337473
-1498389
-104513
-4063566
3034363
-5740053
-10318645
-2319620
-11292676
-9933109
-1501819
-7250384
-5589446
-10161587
-7311089
884562
-9722717
-5571080
-8146267
-11157628
-11016256
-6167715
-1000503
-4853107
-133123
-8071670
-9744802
-10442680
-6058612
-9827468
-4851962
-3593839
-7808904
-1167120
-4828193
-8534693
-1804867
-5928674
-1150014
-9083480
-8310735
222017
-9891909
-6227218
-8913691
-2196643
-3070443
-4974424
-8449752
-3914334
-8195059
695950
-3303728
-9582640
-11040525
-1225556
-947912
1557891
-12662492
-9721454
-1200154
532660
-7657825
-6723833
-9054570
-2285768
-7276999
-3998869
-7116185
-10884564
-12506966
-11453832
876394
-434599
-3678457
-5158891
-1596799
-6348003
-9091194
-9354730
-2756101
-3778784
1250674
-11575454
-3862460
-2033526
-3878525
-8366902
-7943912
-517696
-461823
-3344767
-6652657
-11390
-7677584
1518292
1110223
-4441096
-9586240
-11175702
651657
-6718972
-3103165
-7240271
2135506
-12268987
-11479248
-2280775
-10080261
-12310134
-3202337
-1110081
-3933620
-1360462
-12816730
1108101
1507288
219317
1992626
-3564810
-269800
-944486
-3183989
560757
-8319633
-9875028
-5417000
-4965076
-7128200
-10902231
-8653430
-10041726
-8860165
-3552547
-9915399
173820
-1666127
-9768928
-9003945
-9788270
-595637
-8001442
-7846009
-6619690
-7456506
-2952207
-7188301
-1377017
-7196138
-11331222
-3950383
-9466001
-2812855
275628
-7827398
-8127694
-10201204
-4063501
-8547887
-1663013
-2300678
222644
-7791932
70138
406999
-6718466
-719837
863401
2752981
-992835
-4217163
-609819
-4545036
-462803
1902756
-7600141
-4476720
-10616706
-11554609
-912544
-2438406
-415678
-5667870
-7361960
170987
-6533784
-10729462
-1042766
141811
-698561
-252849
-2161093
-6924698
-7687342
-9879017
-2393385
-6320664
-930489
-8424885
1448739
-6305831
-8244158
-6870009
-5696495
-11729772
2879434
50943
-14576
-499054
-7210002
-2795904
-1162175
-10527963
-6676563
-4343301
-6279697
-11675112
-91252
-1271828
-7558722
-9849648
-7130880
-994525
-8601597
-217909
-8639766
-8707812
-794053
-7542091
-10071612
-3268090
-3092843
-8957220
-6147796
-4939714
-1990586
-5292895
-1921478
243351
-9488984
-8325611
-4990400
-5836618
-3792245
-7796672
-1014029
-11204715
-1498644
-10388722
1524180
-2154273
1246986
-185390
-1103987
-3298848
-9675911
-2688528
-10749821
-8048599
-4041821
-7288337
979659
2177390
298623
-3496556
-555564
-1214078
-12013310
198450
-5279838
1079112
-8216283
-8790423
-9755484
-11646508
-4228533
-10467198
-9230103
2457947
-8827959
-2974771
-7986745
-7234958
-1802486
-6337103
-4524464
-11100273
2081383
-1368973
-7736165
-5246389
-3098257
-2250250
-6131480
204692
-3286893
-6377095
-662998
-1431040
-8497353
-1577053
-3502713
-1443509
-3427766
-2872741
173828
-4922672
2065033
2793356
-9255634
-10205191
1032152
-5415582
-1776866
-4040708
-2077158
-5714956
2209208
-6797112
-8496595
-9899074
-7680017
-8594923
-152600
1075305
-6488902
-5465798
867305
-7501174
-10283547
-7388779
-11462574
1298905
-2008813
-518287
-9369909
-8639257
2884882
-11634188
-6585211
-9600552
-9568100
-10545985
-3085562
-8412790
-1371719
-987462
-1549631
-3643149
-507929
-3518519
-3663863
-10154170
1757702
2356609
-6067881
-10116375
-8532135
-7439044
-3212148
-9350647
-7983860
-442128
-2820527
-61848
-8153896
-9226813
1533090
-9495699
-2361111
-2128279
212759
-4885217
1012448
-9610862
-10796356
-7181016
-4467055
-1584402
-5609086
244762
-4929651
3136098
-1245272
636809
-3125264
1576324
-6148868
-1788929
-5620259
-3241860
-7070951
-5026900
-6771919
-3598190
-7879017
-7878663
-1277154
-8063413
-1316212
-958641
-7645076
-3863946
-11420210
-553135
-4313863
-10218682
-8352854
146080
-9292855
-7647631
-2382216
2311997
-736722
-11020580
-4027536
-9292799
-9205748
-7934022
-7289489
-6475802
-10312790
67885
-1029168
-2714918
-1960401
-6303845
2126338
-1267973
-7095520
-5739326
-11577023
-9893669
-783245
1333069
-9117516
-7294085
-9410305
-7026478
-1620805
-9429659
-2871775
536958
1199768
-1753449
-4937147
-1128612
222123
-83323
-11957127
-9662838
-361736
-5598442
-2495008
-3634704
-418582
1739445
-8382782
-4718217
801905
-5617559
-721894
-1445442
-1564488
604220
35908
-1840049
-6045099
-6924891
-6854634
-4568294
-7544438
-1244734
-4718789
-10038711
-12702401
-11554782
-1718805
-9701002
-768408
-8282372
-6477342
-1910525
-5655177
-3341841
1138609
-6714617
-1063929
-9948201
-1073808
-7167613
-2643351
-2878836
-9030580
2115030
-7503647
-10051613
-9059332
-7687394
2208270
-7560198
-3408268
-11528236
-6973726
-10219994
-8791457
-7388789
-1169245
1310005
-2770262
526581
-9654157
-286784
3342249
-6068250
-720187
-4974910
-9305229
-3628277
-1554123
-271111
-3750499
-8638512
-9602375
-7422246
-9749895
-6861459
-2257091
-2080110
-3942960
-1946573
-5320518
-11754755
-5922833
-2913731
1257761
2020060
-11314048
-9635823
-9215373
-11522889
-12275576
4085838
1761225
-10905983
-2888384
-10866988
-8321011
2394600
-9865238
-1142398
-7141576
120181
3145816
-4323477
-295191
-8175925
-1313397
-4156663
-7116520
-727636
-9818796
-6804274
-9428480
-7638646
235827
-1274011
-3580799
-7408563
-6720485
-4695992
-9883206
-10898135
-137356
-12191380
-1812832
66570
-1320078
2211428
1752365
-9858302
-8129329
448185
-12361405
-5939598
-6158404
-10164073
-5404667
-8839760
-6092722
826177
-1062840
795299
-10703847
-10303851
-7932576
-3402468
-4230019
-9852270
-2292226
-8739363
-10364228
-1399619
-9508689
-4258812
-8704247
-3293025
-9338904
-548982
-6768301
-8712248
-9637451
-412739
-2011060
-9219460
-5705890
-709713
-816333
-5379557
228147
-83316
-1580988
-2555793
-2286139
-9657741
-8150933
-7414025
-9883411
1356530
-1446155
-7045046
-8919666
-11872544
1082696
-6003387
768007
-2865776
-2121494
-4341367
-9845984
-5574554
-4004758
-3904760
-4376804
-6888128
-492456
-8543859
-8142696
-9296959
-2101486
-9963286
-10546841
-5049512
-11010622
-2195960
-11477432
-5085316
-6444090
-10095682
412947
-889187
-3808681
-326321
-10676537
-26243
-8201013
-2415774
-7931612
-7771460
-5138511
-1693691
-11074540
-7784101
-4302353
-5467548
-489859
-7283840
-6490163
-5422186
-941950
-623835
-7349375
-4393840
-6964644
-9613708
-7396343
94197
-4093780
-8019540
-6808331
-8137430
-582155
-6411924
-8717693
-5893968
-651920
-4527082
-11531042
-1036024
1154749
-11097772
-1445439
2322459
-9919017
-7974191
-7406898
-10958488
-6387094
-10937212
-5003622
-1221887
-10762251
-899021
-11082471
-5955688
-396965
-2825937
-9982537
-1805699
-6528802
-438780
-11841732
-3118359
-8152793
-1670400
-7139775
76076
-8447576
-7330614
-11029876
-2078894
-12708089
2017177
-857940
-8133783
-978674
-1113673
-11014096
-10353645
-7322850
-1705209
-778365
-10099122
-2833614
-1569751
-8461057
108100
-736868
-12161678
-7473360
-9506557
-12880185
-11397317
-12326481
-1968876
-1656260
-124869
-9532003
-8526171
-2057247
-87592
1170994
1715190
-8053943
-1039301
-3891589
-3840950
-1165321
-7230895
-698546
-8013482
-367239
-8939566
-1225883
-4399615
-3482229
-6441441
-8901793
-9663951
-9217250
-1600527
-71767
-8647322
442019
-5860185
-951434
-11902832
-4614486
-3595278
-6305217
-5842498
-2541205
-503569
2547914
-8644498
-6187013
-11636915
-5606055
-6602444
-785850
-11657143
1276375
-277633
-1877301
-2600479
-9512996
-7063496
-11442841
-2299990
-846021
-9313860
661517
391136
-2250662
-10225801
-9741268
-8274174
-5241512
-1064295
-8507976
-4580222
-9775933
-613393
190569
-278621
3715242
-10889949
-8651149
-8087138
-9113327
-7597353
-5179681
709776
-8714517
1404608
-5821440
-571805
-2256042
-2063451
-9779511
-12102671
-790910
451500
-2002005
810215
-2011389
-10838483
-1190239
-7137614
-1949658
-5654138
-9530771
-7191399
655959
215966
-4120801
-7639247
-599026
-7530764
-7157978
-7803628
-5629490
-10515411
-2210028
-3177752
-7150373
-9526358
-11169307
-2263003
-9357510
-11706358
-164430
2697915
-4560678
-2156048
-3385427
-332847
-11141745
-9885365
-9369235
-1744910
-10618759
-10199993
-2938999
-2984476
1553471
-6729562
-2743164
-546541
150887
-7302266
-8483146
-7274288
-8240308
-11921865
-500258
191343
-90497
-6603626
-5649402
-6210378
-1804283
-4207299
-532791
-5237268
679520
118195
-3705641
-8705898
1896275
-4673594
-1584031
-7669465
-5956269
-3468487
-8954360
-3176238
-439437
-7607195
-10053395
-5104038
-7763950
-12217798
-11540640
-2212396
-663315
90179
-1753784
-9544624
-1061488
-1638359
-1719392
-8563792
-1962505
1123214
-10693228
-1173398
-8277024
-1567406
-2786688
-8108199
-3161467
-11790422
-3227625
-8274222
-8364691
-9164599
-9778329
-11404890
355800
-1870867
-3941414
-10924631
-2417091
-2466099
-1652256
-5952823
-5325025
-10254970
-1043867
-6110545
-9816732
1845391
310551
-1700851
-2066597
777492
-8913070
-9392544
-12225491
-4626803
-463151
-2542731
1903322
-5468617
-11150102
-10027359
-405614
-11330014
-11483237
-6726942
-6255837
-610146
2937091
44345
-1854117
918554
-670560
-12254118
-1739752
2758605
-10466050
-113702
-6612059
-12137921
-5849750
-1027207
-7710092
797580
1647362
-10804542
-408010
-801687
121048
-1113065
-7075210
-9681118
-7957907
-587820
-8914369
-5332731
653057
-857333
1704863
-2075541
-57836
2477209
-5248077
-3023221
-643970
1286177
-7593464
-2801580
-10201977
-1129169
-1762762
-2269723
-13271080
-1525309
-3993601
-2155803
-9827898
-419908
2532974
-708752
1093636
-1438687
-1877082
-1063208
-8649602
-5811856
905988
-4387059
10252
-2749650
-7369394
-4333632
-5998930
-9428581
-5718824
-1634613
-10553683
-6034536
-7876543
-3644561
-7224505
-7968860
-2617102
717286
-8281907
-4488249
-7838208
2108641
-5067190
-8755618
-671851
-5351706
2361522
-3187075
-1573519
-4702975
-9561386
-10987199
3221373
-4100837
-5602401
-3236226
-8089750
-9091747
-10702893
-686036
-9850987
-2070776
-9590559
-943980
-13342753
-5849140
-6816214
295606
-12535962
-9674376
-8747766
-8427014
-5255960
-7135931
2160030
1022521
-3033583
-1482971
-10606426
-2096514
-5462475
-6185843
-6829016
-4987950
-10599608
-11607145
-10044568
1636259
-9660423
-6447043
-7955729
-483769
-8458646
-11608287
-1132988
-9993021
-4113862
-4984265
92196
-3147073
-6197122
1920177
-8729820
115730
-3372626
-9486728
-11095796
478674
-1405591
-9757537
-10655769
-8802547
1417121
-160006
-11224417
350829
-5545905
-6110414
1814632
797382
-11298126
-10928055
-10966537
-5549640
-3669280
-8120713
-50785
1229617
-10348426
-3189361
-7451526
-8712903
-1030419
-592854
-7193849
-6487350
541917
-7510186
-3450118
198334
-6528679
1044246
619721
-4378010
-9347771
-6925369
-8443994
-10011988
-6746190
-5204636
-2465179
-7651011
-8662412
-6664602
-10264969
250483
-825022
-7201106
-6964220
-1828811
-10060189
405863
-4344701
-4061895
-7895389
-10608458
-3902040
-7964612
-192940
44977
-10049286
-823756
-5926558
-7838754
2804134
-2556147
-7316624
-2675557
282871
-9592141
918673
-10344418
-6282019
-2935973
-11198450
-3377096
-7272679
-399203
-1456336
-1451638
-9536335
-2258792
-13402305
139327
-2236921
1996020
-7961601
94772
-4851727
-10709251
-1549394
-10427417
-5002992
-11373567
-7258319
-181780
-11026560
1347962
-1731985
-9459772
-933741
-2086814
-85424
-4411108
3317652
-8749329
-9615834
-9345472
-9338448
-6029067
-3857575
-9046557
-10129201
-6150738
992936
-898391
-7674380
935729
-4734525
-3768563
1506032
-11328775
-2696279
-11682832
-7477304
-5641138
-1067859
-4456717
-282273
-3013705
-10319399
-1676947
-4735644
-5053748
-1758847
1412481
-7820384
-4500586
1858617
-3786032
-5208363
-7780872
658862
1862083
1620458
-2039848
-2746447
-4756257
-1346579
6265
-7039474
-729893
-5998610
-1679516
1318601
-148342
-11631257
-11869350
1340957
-890640
1393726
2515615
-3578160
-11252072
331024
-7467648
-277311
-10346346
-3217912
-3873958
-10061503
-8840858
-4852287
-5854522
-10208868
139610
445193
-1086609
-8423077
-3657657
-2073000
-590376
-661607
-9764944
-8857840
-3872021
-356524
-9995013
709983
-11322414
933747
-8773030
-9051183
282150
-4605988
-643631
-8361518
-4012543
-4897975
-9180326
-4570909
-1554174
1914482
728903
155278
-7671363
-12410466
-940830
785554
-4370585
-8106519
-8987245
-11613306
-7674999
-1378090
-9904341
135646
-4390859
-326744
-276033
1372791
-346366
-5610662
-2163331
-12932103
-5074139
-11239861
-6883697
-4418720
-755247
-6400396
-9432605
1268332
-8392349
-5048995
-7275619
1728189
-11854061
-3869383
-2467993
450788
-1403190
-8009925
-2970053
-3896412
-3651161
-10889033
-10315345
-4239919
-9827124
-1620803
-4509843
-2985621
-2850052
-9284872
-6947659
-1232394
-3766470
3093136
-8761321
1270599
621739
-4406109
-2106726
-11006414
-197817
-2216435
74912
-5660184
-2395462
-8159564
-2563152
-3681756
510696
-7251633
-6859731
-7361076
1506027
-132658
-8437946
1786468
-1244559
312353
420048
-9321448
-2558311
-982607
-1258586
-3039738
-1531778
1944569
1647331
-6250697
418610
-5441069
-7908440
-445016
-5888859
-7465143
-375951
3771040
-8787982
1085297
-5460802
-11665230
-5650307
1931803
-11406598
751974
-10628763
-8146839
-3611640
-3693390
-3368365
-7530996
-288691
-12046966
-848970
-9215329
-5160855
-1923534
-1584224
-7927850
-677567
-11418987
-5198595
-973040
-101729
-7440687
1670513
-739596
2777977
259075
-3846008
-738413
-6808255
-2435504
-1049211
-5701757
-3107359
-6213330
-4343421
-1247808
-720309
418724
-213139
-1864171
1010042
-2935345
-5326409
-8856266
-759297
-9974325
-5339032
1826054
-9758016
-11257839
1089902
-10831583
-12450769
-8795755
384842
-336787
-6987402
-10657391
-8427626
-4844396
-731819
-1055459
2163503
-6911184
59497
-6466899
-8911482
-9740440
-3006483
-5333134
-669157
-760389
-7089638
-511686
-1127177
-1378715
-306040
-2958909
-8308574
-6937362
-443477
-9586734
-3717696
-1384939
-296214
-7322771
-7821284
1371751
-11684470
-10845502
-8353215
-5148988
-8839271
-1621549
-3951564
-5038526
-8011581
419369
-8991784
-3711570
-3923355
71481
-9393090
-7859169
-6641178
-10246103
-8641505
-7271376
-89124
-9231775
-6881892
926457
1556555
-1487013
-10297118
2581173
-6966937
-5875578
-472585
920532
-12253657
-2437381
-12105835
-3401237
-7485920
-2369222
394937
-9135569
-5757461
-2470406
-4001701
-10430332
-10084374
-11018584
-9042946
-4257397
-10724924
-3129313
-5173423
-3843337
-7987773
-5456095
-8668766
-6941986
-10798200
-2943557
-8904307
-5073624
-5873867
-6835927
-8807186
-927943
319353
-1800077
-6836874
-6508168
1140818
1148279
-3347142
99501
-5988097
1181527
-117667
-9347046
-9421496
-10243113
-1882100
819483
1758445
1503543
-7299576
-4598038
-9943108
-8044681
-999033
-533501
-9551402
-2467037
-8736666
-2245008
608076
-5715031
-9037846
-11196208
-187248
14436
-11126221
-707769
-2122657
-2304006
-1266419
-7024765
-2953430
-1181532
-8455517
-11249404
-9104749
-908030
-2748654
-8835940
-8654047
-34869
-6788885
-6915320
-10009591
-3291810
-238971
-9262984
-9418398
1428902
173195
-12065237
-6103062
-7005745
-2649346
1215133
-6069428
-10477952
-6972024
-12009392
-5279653
-7127947
179757
-10580691
2234451
-1115461
-6227415
-10084612
-3336725
-8035624
-3352122
-4960834
-7281215
-8904143
-12170124
-8913211
-1422961
-2018527
-2290216
2224623
-10622997
-4601333
-7276256
-10887989
914553
-7482196
-11038784
-723597
-236499
-4473564
-7259731
825949
-1675330
-10288711
-1722892
-4178964
-9727019
-2217119
943575
-7171881
-10707609
-10519552
-7964052
-9236717
-6803816
-10577213
-1816606
-6395311
-8201432
-577837
-1211353
2388645
-105171
-9519120
-2162084
-8207319
1049097
-10574598
-925201
-7872862
-7862234
3015030
174085
-11096197
-10392404
-688579
-4847103
1375206
-7531564
-6707065
-10742003
-10947730
172135
-1055570
-9174583
-3011137
-1637044
-11587951
1092339
-335588
-573357
-5904017
-9646524
-2150306
-10238802
-2380169
-2294842
-6268617
-8940554
-12124336
-7374641
-1556936
-3481861
-9438034
-6977803
-8897420
-2722126
1211814
-9966256
-3391529
-3858321
-11853715
-7213664
-6145004
-7217901
-10971344
-7979304
65193
957784
-10461636
-9220174
-7831766
-8299452
458448
927767
-4168362
1063346
992008
1019604
689942
1297191
-9329301
649384
-1662432
-9371339
-1520015
-7582055
-1485887
3833985
-8681891
-8893984
-283283
-11901760
-9008445
-7856521
-7106762
-9644848
-8869400
-8678664
-1692049
-8985006
-1713408
-9215961
-11099534
-2470798
-1110758
57000
-3499877
-2125708
-1613569
-10250358
-6370310
-3757043
-907244
-8322612
1784420
-7128949
-8779614
-7679697
-10683747
1435024
-867912
-3784811
276487
-5060359
-8230177
-10273668
-2091569
287676
-10430932
1655886
-4980318
-3043556
-1780917
-2073641
-8749421
-9703016
470834
-1464112
-6606332
-11254925
1608087
-5912709
-3180314
2253554
-4626151
-2205219
-10218276
-7004
-626201
-11248619
-4125024
-3683712
-6827066
-472992
-6950058
-8315711
55498
-6391121
-6504675
-9082807
368419
-3035267
-6762308
830329
-3571935
-9833937
-1674029
-1816723
-9649453
-8339535
-6913111
2116259
-1304734
-8151374
-12139105
-2140654
-10248915
-9878767
-7333918
-6009282
-8603259
-7216988
-8453293
-10213306
200789
-8957695
-11313038
2049818
-3180814
-6111171
-6553381
-2037838
-6205303
-400142
431200
2430207
-7703647
-8405589
-10206061
-2931327
-418313
-3386703
-9032988
835034
-1105201
68782
-596040
2626955
-9033097
37424
-3874800
1916579
-1082684
-10985560
-101924
-11259475
1996205
-10347434
-10229876
-8382743
-771762
-7499832
-803905
-9776530
-1963152
-10327448
-1884945
-9035111
-2821762
-9049095
-6391039
-7410374
-10596186
-9210274
-11509404
-6884491
-115791
-6255822
-1436532
-5289472
418268
1486382
-11780890
-6097723
1683451
-10195707
-8515999
-1636699
-3471762
-9455928
-3233195
-150717
234504
-9781389
217100
-1302769
-9892027
-9653683
-5095459
-7989171
-1273809
-4855668
-1373856
-1193774
-8202512
-7824086
-5173906
-6181421
-4679577
547132
-3143815
-7666988
-10449354
-4494860
-624937
-112189
-10718029
-8645356
-6278847
-9570037
-10868041
1177423
-9754502
884377
-9410376
-9233435
-9921208
-9801309
-1004193
-8467376
-1529506
-7051652
-5661290
-7979651
-3234646
-5468506
-2025250
558049
-2677237
-4081859
-7574597
-385068
-6271532
-6257195
-2152124
-11501556
1388573
-1592649
-4831849
-5464083
-1525523
-8535283
-7492003
-10840890
-11799795
-7506994
-4164992
-11486984
-309709
198056
603721
-9289754
-497663
-9019378
1017265
-1466637
-1740475
-379862
-2959765
267577
-10316073
-6625556
-11122775
-2972966
-7109234
-3479749
418808
44585
-1584791
-8267877
-8310622
-9864399
-2575630
-2960587
-8840775
1483465
-2262628
-7590235
-4109548
-6432170
2715555
665036
-6302044
-4558227
-51154
-6679489
-8062702
-1596838
-3420349
-7997450
-2944343
2226076
-11501336
-4429915
1088546
-2937434
-85521
456695
2522959
-9978559
-9894021
-1387463
-8841570
-4021798
-2064183
-3039376
-557284
793551
-10747720
112770
-3386876
-8898425
-2065051
-11889733
2891235
-8228398
-2661217
-5016997
1604177
-7719736
465468
-11375238
1313778
-6045149
-6256909
-4402935
-7948397
-10712058
-4632011
-3098655
-2966931
2804282
-4694130
-2872819
-1881659
-2214208
801363
6782
-1637431
-173120
-9775695
-3989383
-3427074
-4346033
-5666183
-1084495
-1167523
-8172860
-1546122
-10131369
426659
1551589
-1030895
31749
557743
-8416590
-8531603
-1348681
-706937
-6836238
-3656412
-705236
-10230897
-3466449
-7735836
-3883425
1139965
-5885300
-1064607
-9492221
644963
-6154538
266254
-654257
721257
-8673535
-7602385
-201702
-1071872
-10921666
-3720704
-8527473
2898315
-7699095
-1673969
-5147717
-1099922
-10967659
-5101192
-4945838
-2527670
-5068422
-6893358
-1143664
-8370703
-10869308
-6216566
1938001
-3895739
-5734219
261523
-6818749
-3992514
-9941741
-3078638
-2903725
-4849181
-610535
-7782710
309828
-7249149
-7824385
-12431121
-710454
-5951957
-9669489
-2019250
1176015
434833
202166
-11372045
-5809147
-6133767
-6272637
-6954289
-4100979
-1097352
-5848667
-343896
-4124393
-8691762
2877266
-11465972
-2236199
-3719741
-2109084
-7481023
-2027078
-3492477
-4725272
756405
-7670061
-6449817
3264
-3710170
893039
-3559639
701539
-1510087
-10190920
-2070614
1277575
-8371360
-3400582
10612
131006
-4279775
-5513041
-8337036
-62135
-10338332
-7719732
-6948943
-6087344
-10985649
-8439644
-8949664
-10375779
-2458401
-766580
-9016394
-1522421
237859
-11549913
-1933677
-638869
-12740340
-9461757
978097
-9030318
-2579615
-62992
-87593
1228712
-6104804
-8808868
-4925284
-2042735
-1826652
-684970
645591
-4219633
-3426306
-8789709
-8461189
-8292042
-1287923
-3459373
-846197
3677337
-5896072
-950314
-9380387
-8692541
-149414
-8089984
-2762634
-10583247
-2599170
-2400470
634675
-8618359
-540510
1404026
3740596
-2321238
-12321173
-5451721
-11764527
-11167113
-8895758
-7705418
-234132
-9481240
-6036162
-1296012
-11893346
-11733294
-2124337
-7691386
-11686787
-2742036
-6846075
-3921380
-11591328
-10410719
-6910746
-212530
-947908
1233205
1123246
-6068665
-1228711
-7848194
-10371281
-991633
-11831621
-1577174
-7813411
1800952
-1844736
-2991940
81730
-5615646
-7744340
-3637224
-746640
-1298992
-1779993
-3521147
-8782459
-2564646
-7896606
-8253678
-8972541
-2894978
-6371262
-3092501
-10898839
307496
-4940061
490268
-8322958
2014877
2456505
1711826
2093774
-5173644
-3886404
-9895673
-3120839
-7076123
-5258136
-61432
382424
-11129502
-1611254
1247763
-1588963
-2364742
-2436012
-663961
-7899244
696191
-2785031
-8747195
-319526
-2034866
-7652445
-7009476
-7998346
-8202182
-1151448
-1331880
-5675340
-457557
1567961
-2028956
-6832394
-10528538
-337741
1803410
-863514
-5948968
-1210215
3577751
-321603
-5083191
-1768241
-8101729
-587624
-10092099
-1473190
-43020
-9061676
-10606753
1012280
-7255879
-11604633
-6117439
-11202361
-8523082
1572107
-7903547
-777203
-9291039
-10361710
625263
-5619960
58396
-7715172
-299106
-1348449
-10154863
-58249
-4518770
-871154
-11087031
-6734709
-569577
-8644958
-2331048
-3025142
-6744381
-1314255
44344
2679257
-2642214
-5352037
-3616036
1347881
-1307883
-8817352
-72742
-3091675
-6078841
-8077449
936835
-1120586
-9603679
1665002
-9627937
-2406643
-8857040
63556
-8013155
-9025256
-5335346
208084
2917695
-8366303
-2536908
-7331882
-11225806
-10822118
-539269
-7276140
2187693
-1471877
321152
-4839906
137511
-6934198
-10876924
540409
-8027384
-3718414
-936162
-9323273
828382
-59259
381461
983211
-8535734
-3630298
-1482618
3024892
-12706086
-11240863
-1595215
-8729912
-11057938
-6391946
-2854624
-9304841
-4905994
-11334298
2200179
-1445709
323703
-4752653
-10988704
-827131
1022082
-7157502
-12818473
-7679989
-8219937
-3899759
-3281813
-224787
-8708731
924830
-346966
-2673361
-2455485
2854362
-799303
-9058115
-6989
-6906914
-1656550
-63473
2061866
-7147918
-5425253
-8266085
-3840698
-7411233
-497545
-9658996
-1188365
-6449106
-9346837
-4382120
-8116540
-6840584
-2780825
-5673650
-7094456
-7585161
-9292256
-10600577
253049
-8692619
-10793605
-7305541
-6735155
-8201863
1427024
-308982
-2111699
-4367322
-636249
-7964463
-7148960
-7183856
-1606211
-1689589
1044254
1594643
-11455237
-7970930
-4950401
-1189758
-8940712
-10073294
-2801178
-6644466
726128
-6381071
-10633389
-7882310
-8408822
-5673348
-1601040
-9753156
-10216010
-10469348
-9842829
-2313125
2072718
-13086533
-4797905
-329016
-2459269
-3113971
-6322012
-1072652
-8399073
-9977691
-4039516
-8463813
-8848142
-3401745
-4285269
-1104814
-8378575
-2780987
-4657443
1843779
-4527613
-2900386
-1601555
-8831745
348021
-5113850
-6636805
-1315346
-4290271
-8771206
-8672742
-2990524
-3900188
-6883168
-6330948
-10407081
-6736601
-5013021
-5371847
-8430019
-9081826
-2212009
-6049808
-7554187
-1395865
2490266
-2582194
-819263
-11794324
-251142
-1116042
-3345255
318426
-4328551
-5566596
-3615496
-865563
-9132303
-4191789
-8131782
-3658114
-2558492
-3180081
-977896
-8154521
-2702763
-881175
1517760
-4900074
-851613
-11621378
-3639881
2151560
1583940
-11516368
-1939863
-736307
-2061571
1321933
-9554034
487445
-5271288
676388
-2038950
664033
-9739025
-335017
-9869415
-8714717
-3723495
737250
-444784
-2525226
-6763904
-8058857
562646
2240657
-7418920
-6011674
-10601542
-3254855
-9263666
-8250051
-10301033
-6854749
-7351893
-4450017
-3857290
-3403449
-3506510
-8929450
-3754029
-1625420
-7942659
360367
-2497433
29684
-9167275
-8344555
-8095745
-9503429
-7795826
-4913813
1787099
-10971996
-2405702
-4233030
-133343
-281229
1031866
-1181721
-5603874
-7714571
-9087699
-7669037
-867402
-2150147
1614799
-3299156
-8404701
-2566823
-5677093
-4646761
-395313
-946683
-6509202
-3842146
-10308126
-2434313
-10137542
-701777
-9987868
-10791349
-7372168
-7848729
-2653751
-3878611
-11064675
-4978187
-9159812
-8187852
256466
-8691208
368910
-6109954
-8713643
-5075189
-1086091
-10731585
-5918459
641965
-1187908
-3241484
-8742714
-6663474
-8217734
-10083250
-5601215
-10629974
1661630
-9050777
-4172784
-1320955
-10412630
-8160629
-7268855
-5910565
-492904
-7743540
-11148285
-9585772
-9478869
-231105
460873
-1353979
-1713598
-2201691
1409162
-1588752
-6768489
-9494815
-9477825
-2598142
-7826618
-342308
-1611133
-8345402
-9636241
-1758922
-1149076
-804332
-8540639
-2749468
-6525405
761993
-604200
-6997389
-1436954
-3928838
-136978
2993066
-1398479
-721102
-8462433
487613
-9330675
-7224138
-5703838
-8545614
-6797308
-409739
-1044661
-8411136
-9810774
-10274780
-2302698
-637420
-3550771
-11646507
-8572562
-10418688
-4356930
-2199436
-1222262
-11426846
-357567
-8863445
-7084660
-1379162
-5230903
-6873770
-2729775
-12275205
-11551639
-325668
-174728
-7175043
-10012627
-11814333
-5848766
-284813
620611
-6755959
-652765
-1509860
-10949524
-4544891
-3958310
-5278281
-1383950
-430503
-971847
-399000
-1618280
1557809
-3218850
-1854572
-9001543
-6994162
-7168417
-3605388
-9803837
-9538512
-1351565
-1462156
-8156731
-8349446
-12052084
-1079822
2002620
-6550730
-2675483
655419
-9452365
1216223
-6227218
-1589200
-5964585
-10766021
-3718242
1077215
-9889192
-412503
-11450506
-1351878
-9914132
-4405553
-7393855
-4769040
-1995852
-6914776
-617013
-1542574
-9892552
-4495275
-2596017
-3764821
-227693
-9056898
-9304820
-8872682
-6214932
-9846771
-82589
2600258
-3603043
203565
-5384366
2864035
-2681483
511663
-116667
-10784548
-7844835
2063146
-49800
-10902022
550244
-7116964
-8167919
-7533401
-7156466
-8182901
1271960
-9263417
-5760470
-2484437
-809909
-11300603
-4900424
-11361777
1334969
-531416
-12006661
-9452987
602809
-4862331
1849801
-8893742
-2620005
3054463
-9211274
-6997264
-8725981
-6889166
-435051
-1049585
-11124789
-8246596
-10572910
-1199442
7009
-1159587
-11885617
601834
-6573410
1730984
-7404529
-12659107
-1706794
-3776823
325097
-7470056
-1601091
-10096355
-201980
-6506721
-1063219
2324138
-5187983
-6929798
-5691841
-6674826
-3985722
-2395768
-9203771
-273402
3248844
-506002
-1910921
-699896
-7664383
-3995251
-1749222
-3451579
-11067232
-1929678
-906158
-9231368
-1125878
-7571938
-9080522
-11549602
-5539033
-8869811
-1242177
-9331479
-7198021
-823085
671944
-4131892
443834
-9006335
-7438126
-4427692
-11850193
-5933842
-9145356
-9683193
-5908841
-5416209
-10483414
-10440012
-7765346
-3853302
99075
-955024
-52352
-3245851
-11652885
124940
-583993
-6647805
-3975323
-5367517
-9386295
1075020
-4249162
-1845236
-7877053
921635
-1654022
-10716917
-6366162
-2255791
-11433288
-1808715
-198216
180178
-800668
-1668894
-8322760
-1513295
950089
-126650
-8556140
-670722
-4330278
-12496129
-6538411
168761
-8352304
-7650821
-6581891
-8835094
2953006
-1684227
212394
-3015967
280588
-4467653
-3223303
-1944227
-11513249
723847
-12329704
-10341156
-3413389
20264
248439
-6144764
-9771374
-10505775
945578
-8052386
-4128270
-9128741
-10322663
-4324045
677397
-11921119
-5379576
-5017132
-5730559
-8604250
-8757911
-697014
-8495930
-299518
-5518478
-9593910
-280753
-8567042
-289855
-11225645
1756608
-7416248
1745363
-10363186
-6023705
-1685837
-6857358
-6747172
-11455599
-8506193
1469189
-2040265
-3346616
475156
-9687237
-1496854
-8520139
-693217
-2325459
-265877
-2926322
-1811694
-3327253
-1195974
1513731
555011
-2486349
-3474161
-2932462
-9203284
295841
-5433830
-8383437
-5486658
-7166282
-2180419
-1188258
-3251423
-9210646
-8987529
-428649
-3898395
-2182576
67006
-8827518
-1561479
-8926481
-4690588
-3999985
-4912953
-3782279
-9834721
-5510026
-783327
-1459611
-6228564
-11482418
-10649162
-6962949
-9463414
-2551903
-5326385
-1633334
734028
-3601409
-3023663
-7088256
-863793
-8963290
-419696
-17842
-5989066
-12112419
-8122295
-9503563
-7317744
-1398837
-4079395
-10840848
-5392244
-3030923
-715293
-11611712
-10824599
-9870653
-5816675
280658
-8100083
2776869
1989714
-8963801
-4990641
-9501066
-139728
-6620209
2426169
-57838
-4202768
-5221480
-5617023
-3523715
2910333
-1644520
-1602143
-3723851
-11317360
-687131
-5213616
-3257849
-2833550
-3176886
514730
-6710154
-9980284
-9637525
-3143749
-7320541
-4450858
-5978856
-7575293
41551
-819447
-6429336
-2116769
-2814459
-12627123
-8934780
-4055642
-218948
-6102600
-1348966
1151158
-7352285
571002
-10964384
-9182894
-2994776
-3761093
-5571552
2229701
-5468417
218971
-4433252
-4276500
-744407
-12114876
-3018504
-1366451
-10786000
-6088751
-1073745
-2361104
-3343153
-7807010
-182203
-10798214
-10325866
842913
-6793126
-6236745
-409982
1209570
-6725371
-12505846
1267858
-9086348
7819
-2040352
-1725199
-7460485
-1766136
-6462030
-9972647
-1974770
-11121765
-8895426
-10146075
-180434
-8471409
-178096
-2003468
-11257111
-8629071
-6820110
-627396
-3575352
-1041292
-10083947
-7646597
-5923613
3276721
1003273
-10542715
-11318779
-10182317
-2468534
-7263268
3144584
-5549960
-10040597
1822528
-3572115
-3030906
-473263
-9894583
-4097689
-1255320
-2462442
-4516072
-9936001
-6511658
-3073619
435632
-8472727
-1016465
-6704078
-7538625
-432864
-9609083
-249486
-10175548
352783
-12093
-10832176
1905767
-5706872
-6740284
-8884545
-3469413
-9223256
-1646207
-1993163
-1638184
744688
-8496390
-9444317
-1546009
-1137817
-2349123
-3019334
-660148
-7093429
-9489918
111214
-1154542
-8189254
-9541078
-1026288
-7487634
-2035672
-3056935
1276700
-2951545
-11006794
-1010449
-6589504
-7067207
-8960298
-1346603
-4139209
-7862836
66234
-5312288
-6238032
-770823
-2361661
-4282133
-443031
-6089170
-262868
-10306194
-2235205
-2368228
1438417
-9592367
421642
-4740189
-11400495
-6715815
638538
-2873712
-5490274
-5812948
-4228260
-6026422
-8807546
-5722246
-3265404
-7707326
-127426
888431
1282575
2643155
-7295602
-6238160
-2893346
-10601290
-9067950
-6771514
3678
-72412
-6440094
-11525507
-9819440
-4300936
-1567873
-2601171
-4510336
-1700021
-3519143
-1912097
-4667052
-4462622
-12247505
-9266335
-5908093
2577742
-904256
-9550050
-6397394
-249452
1648614
-7187496
1258056
-9457977
-2779296
-12045746
-2468805
-5096576
-2195687
-11614997
-9299260
-2210040
-2800013
-8993519
-9378077
-2605047
-8673380
-8620239
-5541111
-11525112
-8729370
-7170149
-7269888
-523293
-5636704
-64540
-7120167
1646859
-4094894
-5902726
-9171158
-5046304
-1209353
-2054976
-10520918
-4656401
925536
-499681
-353995
-3183822
716245
22283
-1681691
-802574
-3226980
-402417
-1519678
-5192822
-6886781
-4641362
-8958954
-8073250
-3546173
-6753387
-10069302
-37122
1539414
-923626
-1251959
-11983508
-543730
-2502401
-1234200
1150439
-7994221
-3656853
-6865407
1460405
-4548002
-6598527
-614971
1061526
-3568112
-6567730
-7492248
1222365
-1138642
-9525647
-1991967
-2374335
-5721937
-1937923
-7906826
-130948
-1542136
-1397636
-6663992
-5688816
-10770484
-267364
-936284
-579730
-10112067
-7483932
-8757098
-9820197
-3187716
423145
-8962580
483593
-6267462
1906328
1516116
-5065305
-2977752
-1326992
1071080
-3228776
-8819058
-7423869
1306997
-3756472
-9811499
1927379
2724984
-9534100
684386
321740
-8865967
2510256
-9226302
-2992682
-7415402
-446881
-9501314
2811504
-9831574
-8898954
-6968914
-1576773
-5703383
-309868
-9235857
-7194025
-6939961
-8746742
-2963459
174218
25985
-9845476
-10443780
-7893964
-7956464
-2819059
-7656051
-8625493
2201934
-6565620
-7640636
-7268284
-6440918
-9738612
-7070262
-10413531
2035103
-431852
-10021546
-4575701
-11211407
-4059229
-3464461
49926
-182356
-7435283
-12000497
-9647613
-11270896
-11307632
-5697875
-8727253
1631257
-9657128
-12557158
1397184
-5072938
-2810087
1670740
-2244513
116221
-4944528
-1853086
-8991469
-8878831
-9637440
-3710144
-9678712
-7012536
-7430574
701396
-8369698
-1208872
-10249117
-642182
2870553
-11518481
-10773338
-6973673
-6885985
-10619902
-6523039
-3150181
-4886000
-5536750
911446
-6695667
-2196911
-3643756
-11719279
-10194969
-12383430
-4546005
-8114883
-4662509
-1213993
-9541769
-11517694
-2374514
-8503876
-2839785
-7163491
-285354
-1915046
-2592821
40303
-7632046
-9110310
543159
-3319719
-7310752
-3489452
-2478059
-398586
567394
2206470
-9232078
-7529833
-7472451
-1002102
1290588
-2234995
-7017210
-4934128
675948
-10879670
-7553314
-4144581
-926080
74739
-2140894
-3036797
-6462743
-5331690
-210554
-427939
425154
-589418
1770688
-12002217
-4534929
-4987504
1957453
-4183830
-506445
-2896709
-10157934
-5843987
-8484101
-185170
-4816750
-7634116
514753
-1247504
-1861787
67249
-6591918
-278531
-2970350
-747374
-2928642
218938
-906424
-9257456
-4885046
1287529
28372
-2434386
-7542657
-10072207
-7953619
479507
-70698
367134
1614819
-10696644
-7673675
-9259060
-8810914
-1646573
583543
-8963998
-6301176
-7364237
-4876068
-7304773
-6025575
-474579
-1900022
-11796752
-335375
-7989852
-7793250
-5590030
-8689554
-3136034
233421
-9360008
-665302
648422
-7699270
-3810331
-618857
-2548125
-9084807
-11141732
-95920
-7688732
-6726064
-12449529
-8387097
-12353332
-1167577
-4340485
-10083954
-9573439
-549041
-6464004
-226300
134397
-1817031
-4718728
434113
-8273968
1294979
167337
562741
-8266166
-10929649
-6084624
-10709430
-2328316
-10788628
-7622722
-7919545
-713356
-6001518
-275108
-8121971
-2102016
-741341
-6596225
-8048994
-7289883
-496098
-4011618
678922
-3915185
-9927092
-1819818
-557524
496389
-8507694
734813
300937
-7752417
-2007228
-2435077
-1281379
-6566752
-1142241
2735094
-2218709
-1361808
-9484339
-5639444
-6993231
-1608948
-11068277
-8288550
-3283624
-2766839
-5952329
-7348459
-12013876
-7492087
-6996505
-1112698
-319105
-435030
324844
1922847
3043943
1605297
-3863941
-3491480
-10280007
-3131503
-6574785
-8651596
-8485005
-9936934
-12750262
-9267393
-8504748
-9260847
356880
-3318237
-7903902
1665475
-1977469
-225278
1073832
-7879527
613720
-10738832
-12261141
-1000876
-6121338
-1167461
-627178
29753
-2772444
-8687755
1176166
-1654259
-2945299
310513
-10311661
-1253742
-9937270
-2572194
189730
-450075
-11349210
-11822250
-8489555
280918
549808
-8734265
-10949647
-1905190
-5132043
-5786341
1431008
-5732496
235335
2243947
414994
-7552417
-157729
-7291533
-8744232
-9949185
1810239
-115307
-7489569
-193467
-976284
-392173
517849
70206
-7663690
-3652053
-388871
-7731592
-9612286
-663573
-5040186
824408
-7919711
-649773
-1586924
-8104375
-9983077
-10082368
-6964115
3223
-9637219
-8906743
-3047563
-11657387
487592
-6151367
-6254055
-117969
-6701102
-6927760
-5433284
-7277731
-2011127
-6806527
-4881335
-7152981
-677747
-8322672
-9894560
-5205278
-13175675
-347467
-2166122
-4186589
-6763087
-10137342
1299088
-1741458
-3285519
-6331834
-3364408
-1324384
350924
-2867039
-9126437
-4061810
-2049104
-9961516
-9692112
-2020823
-6168782
-7033726
-1194441
807360
-3811439
-2117490
-8812812
-5294765
186016
1665548
-10326350
-232174
-9912061
-9331951
-9549473
599862
-2268663
-4418463
-39432
-7103119
-4841190
-6129427
-1432558
-1622419
-3574537
-3583858
-1684122
-5740815
-10320188
-11749970
-5940842
-3390881
1504643
1799186
-10765203
-8495828
-11021445
997164
-4086071
-7736818
-5712418
-10442849
-9942401
-1576709
-6526379
1019107
-416574
-8314403
-1836686
-1017813
-1871204
-6071611
-4762689
-11791477
-11192615
-11456137
-10331959
1486206
-8514273
-2702250
-3401430
-8651870
-3968483
-2506971
-10923212
300912
-2626530
-5486656
-63986
-9557139
-2281380
-9080729
-5310727
-8521381
-9042665
-265836
-897774
-9743066
-5053117
-7742324
-4158814
-12836498
-3906709
-10248519
-11812741
2119235
-9806722
-1097903
-3664702
-9876021
-10152926
-3380806
-10958743
-7991142
294762
-1632685
-2384138
-2292044
-3322456
-8397440
-8920656
-9221751
-62970
-2888555
-9894985
-4153868
-11247146
-1676765
-1953249
-5582106
107084
-6432749
-10817583
-7536552
-11386003
-376641
-9383423
-11448320
-4996076
-9477691
-3737074
-11253916
-9150718
235403
717213
-7892502
-10501346
-5027495
1436745
-777766
-7024298
-6806846
-5987405
-11002309
-1872922
-8187747
1795648
-736851
-11374412
1237676
-914213
-5715124
-8232450
-9791138
-1997713
-11267536
-2421579
-26921
-9585765
-7192424
-11414881
-1377080
-4422083
492654
-6504914
-592686
-405261
-9830384
-9502591
252578
-7344858
-5574299
-3634965
-9342178
-8571748
-6323564
-1819867
-2323109
-2365181
-9828959
-10816909
-8031445
-11637371
-5357494
-9567020
-10107275
912581
-9123817
-6068346
-3020803
-3093748
-84466
-6930673
-1647489
-11422353
-1381670
-10035944
1565025
-10324816
-8096335
-1212179
1103267
-3552503
-6706164
-2864140
403377
-6170789
-428858
-9580228
-9133112
247624
-8834808
-10208007
-9164912
-7493228
-3052582
-5416046
-3370521
-8988419
-8021861
-8064550
-6620146
-9395225
-1300557
-1369212
-10119617
171923
-4053971
-6557803
-9040020
-734091
-5086938
-75281
1190824
-1320605
-10011634
-8193749
-4134792
1635971
-8670265
-8154062
-8409083
845083
-4286612
-5824421
-7441776
-2678584
-4882462
-10147031
-5379649
-3816634
98847
-2182888
-1722520
-6908875
-12046277
-8599737
-247592
-5488426
-7835022
-2406009
-10437833
-8614793
-10481276
-1380396
-11176343
-10963138
-10527716
-8961040
-3918228
1283319
-1158460
963015
-12324031
-506566
537621
-3549834
-6176176
-3672334
-287044
-775907
-7257170
-9368630
-3930510
-9043810
-3088325
-9379843
-6460965
-11507831
-8291741
-6348359
295054
318976
-3295420
-12260
3045311
-8570470
-3391924
-708479
-7050504
-3613410
-10166544
-10247981
-10279593
-10246134
-5495611
-7081396
-1638646
73019
502776
-225250
-379190
-8462322
-364498
-8068954
628103
-10980629
-6136255
-8952079
-3984880
-7813309
-552424
-1067280
1024892
-486151
-9238418
-12818119
-9294720
-8729051
972800
-11598707
759389
-11086928
-3480767
-10842732
220480
-7781351
-8704732
912717
-10814242
-3997665
-7793599
-10754101
-10270131
422904
-1953731
-8184415
-6819647
-3529527
-1981022
-9749386
-7905837
-3675007
-181248
-3689225
-9929232
-4457052
-1191439
-5355294
-915884
-11614296
-1145757
-7209799
-10391607
-8956295
-519278
-1685238
-7517422
-9081751
995408
-8808119
-3053892
-1298201
-220020
341789
-11459504
1367467
-5581199
-5173513
-1376995
1732888
-198961
-9660158
-267478
-2059552
-2218718
-457332
-5001697
-1971493
-7212783
-6452476
-6330778
-1486681
-7730977
-2926289
-11020434
-1462820
1329598
-2801929
-7063898
-1326604
715672
-8501040
-1619825
-5757
3038237
2170661
-2178495
-3461776
-5909172
-12408664
-5489215
-1569745
-8833193
-5043616
-9901629
-9936332
-10517072
482549
-7431241
-1948647
-1247971
-10205857
-8367092
-8711797
-9567657
-13818954
-2728507
-1901045
-6991094
3536312
-2123090
-1312367
-5018236
-12310643
-6081295
-1518098
-9318830
-263768
226909
-1388325
-2930246
-9484770
-642400
-1210920
-6750508
-897312
1753507
425275
-9359687
-3977291
-11515943
-8056401
-4056830
-1740467
-11078647
-6045674
-8896526
-10059036
-7756942
1025632
20217
164451
-2868751
-6745006
385136
2293020
-520917
-8903740
-4786196
-5384223
-2151249
-1637947
-1584889
-936480
-4282948
-11325722
-1338027
-8844730
1903738
-8961639
-8270933
-450115
-5925687
-3854554
1305567
2133942
-942057
-9785952
-5764957
-3274798
-6235069
1995002
-7899481
-1382463
-1626897
-1682724
-2051945
-763137
-8206776
-1030769
-7574198
-5985038
-4572053
-12316235
-2338657
-7240202
927252
2806238
-8821549
-58388
-3608040
-8858692
-11274198
-10190633
1841983
1698801
-8862979
-8074273
-11838847
-509077
-8315301
-742828
-2646608
304984
-2503787
-1132990
-11716693
-255994
-63535
28828
-8026586
-10171130
-5562223
119975
-11260702
-196510
-2679656
-7650433
-11274898
295438
-2556817
2009249
-583994
1628875
3431695
-1718366
-2365805
-7719332
-6772001
-3835894
-4930405
-6827010
-6098040
-8013286
-2978587
-1478349
-8326090
-11906066
-1451340
-648283
820907
-2358510
-2116928
-2435041
-9221334
-1558481
-7933564
-5050377
124722
-7054325
-483333
-10523594
-5600857
-982172
-9629452
2187601
-673595
-4468
-9248136
-693351
-4085816
-9037584
-6228648
-8419071
-3254833
-1189025
-8577061
-10854734
-9752508
-9317324
-87202
-10534352
-2257046
-47783
-1557271
-1354992
889358
-1468710
-750631
-3216423
1942168
-2146320
-1249789
792478
-9304943
444098
-323175
-10980423
943608
1108450
-6826742
-11729823
2845248
-8390765
-2294424
-7888581
-7821701
-946251
-8951079
-810098
511085
-8988955
-3795478
-236099
-1198168
-524620
-6902052
705
-1286009
-4935793
757841
-12342096
-5633477
-2520139
-5873793
-2738190
-350212
-10081636
2745031
-851872
-11396025
-2975385
2684614
-967399
-4209310
-10301952
-558564
-7854066
-8487062
-4370473
-1208948
-6994088
-6863659
-10073588
22899
-10645430
99722
-3081444
-8931196
-9650152
-1170883
-1673584
-8970723
1985661
-4731000
-5267652
-629987
-1754571
1416584
630487
-7320828
-646839
-1308573
-7265687
241109
-2546337
904048
-1412177
-8541054
-8587758
-1666671
-3147287
-1167381
941588
707557
-232526
-5018537
-7889179
-3482146
-8340409
-8851963
-9482253
-9015483
-9974903
-3309701
-1801219
1169073
987722
807111
-8818931
-9508864
1614057
651768
-7212668
-1694324
-6669325
-1447065
1249100
-480001
-7006949
2538798
-3494486
344052
-7964001
-7800290
-881306
-10732406
-10909140
-5551013
-6701219
-2538953
-4166513
1367267
-8049684
-8821872
-10474715
-9095982
-948391
-6196448
-124667
-11266303
-9495722
-4501183
-2253222
3215403
-9561834
1846135
-3517982
-8284974
-1968890
-11498018
-2202510
1830851
-9878628
839957
-1645998
-10932636
-6573531
-60181
-9556357
282043
-2303969
-3561152
-10189059
-1104513
-113350
66591
-1845814
-3655666
138329
-9439447
-4849981
-444688
-681427
-8297744
-1663466
-198444
-9747316
-8755076
-10015666
-6497628
-2946898
-989836
-2449432
-7412953
-3638883
-557398
-8285301
925079
-2827241
-9141091
-10070574
209928
-7955016
-1602712
-9585232
-8528020
-1007848
-8543455
687840
-6266411
865270
-9805576
2250047
-52265
-8695503
-6177400
-8348852
-716799
-12327947
-9258724
-11073469
-5294814
-10733409
-6398851
-1417270
-7119811
-1575325
-12176161
-10949361
-2072515
-4628699
-1581515
1047090
-3541860
-5487233
-1751997
-6100464
-1058806
1243196
-749047
-1824776
-6124393
-6471627
-1717907
-556512
1921586
-695359
-387086
-11375184
-3820812
185680
26413
-2517377
-2229158
-1046899
-6218220
-3198350
-10063657
-6011791
-6106650
-8617736
-9593093
-2715589
-701566
-5414122
-9691008
-9155849
-5967764
-3094252
-1636312
-1533355
-777587
-8532638
-12294642
-2652125
-8757572
154022
-1063615
-6518342
-8878515
-4790813
-3529982
-1633877
1060840
-7209903
-303415
-2358324
-4580619
-11169140
2147195
-12612106
-7361007
-3462752
-7540315
-11447727
-4988284
-9193344
1143352
-6445642
786042
-7743577
-9060132
-8787238
-10782019
-4253825
107558
-2770258
-4001722
-2123295
-1679886
-245795
-642284
-8844914
-9936863
-3186980
542517
-10074992
-4064298
-9027677
-4243701
-2745727
-10196230
540814
-5224687
-6759650
1298487
-2379458
617845
-4950189
-3294627
-6235735
-11417771
-4093383
-919483
2415306
-5693877
-5241936
1484091
-3990251
-9232592
-2133611
88374
-8381755
-9242184
-777079
-6165665
414183
-2727006
-1534708
-10664333
351817
-6759807
-10717005
-10411676
-1263304
-9044253
-776841
996568
-1846319
-328355
-2143937
-9376942
-7403827
-8672396
-10052888
-9344959
-8497577
-7642464
-361389
-7506595
-5303473
-8747748
-10392791
-8495700
-10125918
668722
2641964
-7301008
651650
-6356
-10034661
-2973116
-9374389
-1657276
-1145215
706268
-11206515
-2297732
-9508794
-6161515
-8634778
-11393796
-4563320
-1130279
-9595341
-6416952
-10849950
-8096928
2760374
-10580878
-13487125
-6192693
-3068187
-2531763
-245727
15545
-3763417
-1772034
-1592601
-13114807
-1867049
-10874602
-9580972
-10878051
-834561
-6928511
-5618526
517668
-1649726
-928265
-7692678
1259317
-6800503
-1764077
571787
-172120
-11368965
-10070112
-8465420
-9977621
-5896007
-11240428
-9565371
462613
-10236603
-1851538
-4320450
-5061538
-1442580
-9828234
-2362544
-8495108
-3642209
-6671042
335813
-7570221
-4851826
-5370227
-8315146
-6928962
-2594318
-9722206
931324
-9417431
-8650925
-3109885
-10619715
-9307334
605828
-8170576
-9678554
-5385330
-5162021
-7631284
-10637900
-10756225
-1789429
-10183674
71193
-10587713
716573
-10701672
-5209586
-1121644
-839916
140980
-7691701
488943
270970
-8219319
-8411237
-8361668
-5619020
-1114033
89168
-6728006
-241505
4551
-5697055
-3784917
-2417209
-9985834
-8270487
-2107422
-4062752
-7381886
-8356335
-571739
16860
-7289289
-4401003
-2077838
-4128511
-9251158
-1124219
-5571815
312009
-3360343
-317597
-6847259
-6151091
-3572828
-5999004
-6458794
-6927402
-606184
-6470414
-1210305
-558178
-1511181
-9594424
-7493245
-10417763
1315952
-311025
-889260
-8538825
-2934803
1039069
-10691808
-7296707
474225
-1574405
-7650055
-1519700
-816000
-6689970
-9619954
-7273583
-5139442
-9642769
-11832248
-8439255
203174
-1106845
-12250189
1479205
-2354786
-3311287
-9694225
-10129203
-2698447
33661
552893
-3845048
2467884
-4130519
-854984
-2635141
-9098490
1137100
1047127
-8172301
-475600
1721474
-3059846
-2535224
-11382115
200467
-9429872
-2032554
-5582030
810150
-7503509
-8409127
-644657
-11401046
-1678813
-3118921
-9112179
-10128869
-669650
-872365
-721598
437267
1225149
-1262125
-2076954
-8574802
-6234393
-10095682
-8860876
-9133092
-5032800
-3366429
-1518172
-3358637
-1056882
-649286
-2754192
-6019438
-9904084
-115638
-9255150
-371806
-9328575
-2622887
-4002094
-2914887
-2615520
-8359164
-2709512
-564459
704171
-9965932
-8747524
-6647856
-6492258
-5678889
-1798349
-2611401
-8212867
-9144399
-8230758
1280911
-1226646
-5801421
-4958756
-3075651
-9371448
-6826634
-8869327
-2462316
-577167
-1819638
-1962844
-364145
-8576477
866767
-6983834
-2541640
-8571237
-1384220
-1872261
660753
-2246757
-813641
-2913913
-3470906
-7035396
-4593538
-11348915
694722
-6503992
-2672018
-6687663
-3913178
-3122502
-7412092
-11363199
-6089963
-1108758
-1586131
-3337064
-7458039
-6896350
-9127928
605816
-7970639
-2396124
-2617629
-11098725
-987799
34568
-1445790
-2947008
-2430565
-325187
-10232735
-8224771
-1307724
676364
-1132966
-951082
-139070
-10596447
-1896660
-12545556
-9679149
-1455330
-1427215
-5678936
-7500712
-8592969
-522417
-10860374
1352703
-8451439
-1438318
1635229
-1672225
3402449
-6745723
-10979016
-3997074
-3887541
-3596484
-537831
177063
1007261
-2940062
-8411814
-850642
-188546
-2903281
-1224359
-3157035
-8667315
902489
-11038880
-9926440
-4312160
-8542473
-4593643
-8120954
-1160649
-9870958
-3935425
-8597520
-9306957
174663
-10419499
-5452777
-9521152
1008359
2191402
-8105364
71242
1049421
-967833
-7554492
-4901508
-7333663
-585731
-4530924
-2322054
-9742790
-2176484
-8137907
-8628002
-10073419
2797719
1598113
-3174004
-10008650
366251
-542961
-3824801
-5691460
-986250
878608
880783
-10481513
-2207443
-7752234
-2594099
-2892139
-8476606
-5992228
-1145795
-431980
-4469211
-4355119
-1151986
-12177078
326104
-2811652
-2986871
-4533256
-10405849
-7373062
-1706950
202429
-2076329
840847
-7335264
941925
40899
-2281725
-9945999
-801117
853501
-856092
-5222459
-2283720
-10599564
-284664
-1709506
-1262338
-10445269
-2039721
-5444630
-1031373
-9532247
-9011905
-4727709
-492556
-381787
1308082
-761046
-11942796
-8144235
-6454716
-1627515
439262
-1817313
-138266
-5089694
2911396
-6315834
-5835302
2341949
-474097
-11589935
1778432
-5692455
-1441254
-8082108
106446
-9683910
-1194941
-2534254
-1985183
-6859717
-721139
105477
-9729466
-11375153
-10517689
-3603420
-10080997
-4459784
-4419313
-1080458
-1083044
-7746913
1339559
-2899433
-11498209
-6753977
-7433028
-3913965
-4350476
-5147438
-8088925
-7031261
-1331572
-9686124
-5859552
-162640
-2655655
1327743
-8528095
-4683836
-1551800
-664469
-809719
-7613966
-5711919
-8997877
-8992338
1509501
-8986259
-1842638
-8493144
-4810284
-10698724
-8788084
-1958987
-9698173
-242686
-6899161
-5678285
-1758048
-3573426
366875
-9827372
-8139807
2813037
-547702
-8174025
-10093400
-2056472
-10136185
2647403
621722
1386917
-1655658
-5783375
-8450823
-6798737
-6908120
-1008906
-6118029
-593124
711875
305840
-8297637
-8705753
-5583540
-691954
-2075523
-3631355
-1292195
-7641314
-11244065
-1819640
1271285
-463029
-10604073
-1523528
-1201038
-11506094
-1149607
-11095181
-2319685
-2463174
-5761342
-3750876
-10458242
957986
-1028269
-6922207
-3539418
-9661391
-174994
-9908979
-2567370
-3668262
142637
-2798912
-1011942
-648459
-850720
-4096495
-2621822
-1146562
1856599
-3418076
-10688769
-8725554
-764392
-10237051
70054
-47739
-7952095
-4729973
1894674
-450645
-1645967
-8694870
-8256159
265612
-10179322
-2783283
-5299344
-3950990
-1305074
-10931808
1572246
-10519005
-9016634
-11322660
-4704957
-9973947
-1253371
-7268774
-4880872
-9130326
-4154687
-3648761
-1565950
-1200227
-135078
11657
-2861666
-8197779
-1553161
-2312883
-372988
-9392016
-1668288
2330123
227558
-4939997
-9115798
-668406
-4716051
-11709413
-8418032
-5383537
-5136546
-369429
171303
925164
-2925757
-6032944
945900
-191314
-5975497
-10484115
-5816658
2155557
-9249673
-8539252
-3313188
-7260580
-8606596
-3594840
872012
-6473469
1107215
-9726513
-7833158
-388422
-1973600
-132876
-9430977
-363773
-9880158
-2844973
-1791557
-6436599
-10842134
-5531764
687575
-2696763
-8513606
-1614191
269246
-7118894
-420007
-9509157
-7648296
-5648329
-10824358
-11130809
239340
-611512
-8430834
-11050259
-1508530
3241648
-1373928
-737438
-11148526
-5510829
-4302077
261360
-2195159
-5043758
-8374222
-11507650
-3249321
-7239067
-2960935
-638311
-3051221
-3796839
2265399
-11413162
-6720266
-3837074
-1822903
-602259
2040691
-8309631
-7975044
-7682758
-652466
1262305
-8981190
-1204630
-464553
741631
-864896
-8806426
821220
-7752506
-8246811
-8904961
-5475006
1002275
-294180
-10779190
-653867
-11827155
-616839
-319334
-185102
-6936865
-1961803
1845408
-1450424
-6061358
-5077995
-10297941
-2129040
-4106
-10139567
-470087
-11012480
-12661971
348476
-47790
-8729897
-6202905
-5728347
-10263148
-5279815
-517772
-315608
-10560132
-8146564
-3285886
-7839404
-890908
-583063
-10966294
-1854303
-2604382
-8118103
-7896870
-3485992
127372
-1997627
-136255
-5914350
-2658871
-7603222
-6364479
-7000692
-8568002
-907852
-1906685
-11719181
-477387
-979415
-1822197
-3109786
-37093
-3270018
-11095088
-3883264
-8626301
2426428
-5624757
-10132433
-3151852
-12220400
1949245
-6115568
1087662
-12545356
370327
-7607343
1817857
-1061385
914273
-3275567
-11155326
-2688829
-3456360
2041337
-9608961
264256
-7715421
-9880225
-3169764
-10077943
-10462384
-6817101
-395305
-8892515
-4859562
-10319488
-4498425
-10786420
-8529348
-9865978
-1156824
-669937
-2526946
102192
-10358095
-11873899
-6465450
-6736137
-4065719
-331538
-6066308
-1537926
-6465413
-2265586
-2812221
322664
-1451473
-1454537
-4824022
-1105774
65089
-517985
-4977460
-2077716
-2699068
-259335
-2501572
-5607931
-8296128
-3777654
-8117068
-1294955
228020
-742426
-1858584
-7638729
-1735202
-8682784
-4160487
-4734459
-6785135
-396696
-3850388
1687327
814648
-5962283
-1517157
-5434330
-11378909
-6256328
-10896698
-5012405
443123
-1278649
-9793096
-9666204
-8749376
-6281287
-1950130
1872005
-5183861
986063
-12049525
-9203450
-8371914
-1777933
-2105255
-1007297
-9519402
-7988900
-9821970
-2567582
771600
-4264371
-9999259
-6643013
-12483891
-1460400
-5390020
2031045
-398462
-426758
-6522541
-1087307
-2935247
-4231348
1182035
2840991
-1353876
-3623747
-3785315
-86823
-3369703
-12553964
939425
-2812034
-2143252
-2809965
-2710227
-5194086
-7399768
-120719
1768781
-824903
-10764806
-3154644
-9721186
394735
-1893353
-1828361
-5230828
-6401297
-4235053
-9108821
-6647728
-10161320
-1845763
-311685
349808
-3663439
-9236926
-8973867
-1250663
-8937244
781514
-5602205
693783
1244196
-10129287
-3417144
2450684
1489700
-1030901
-21035
-3138432
-519514
-701619
-512704
-2836935
1799911
-4666175
-4196050
-11472087
-6795415
-10249154
368843
-8814540
-5937443
-830044
-9975944
-1687899
-789731
-9893285
-11407070
-766812
-7870308
-1727990
-4075664
-654783
-2292867
-11235344
-3750668
-9931660
-1393600
-2609231
-878742
-11665788
-8563397
-9267881
-8103899
-11026638
-1141438
-2231652
67309
-5126232
-10855988
-5686087
-7932538
-8561509
-11823090
-8180077
-3489990
-8057940
-6961262
-3088485
-1105692
-4434929
71359
-1695585
-1380690
-9704974
-2884109
-1691457
-2683266
-1608464
-6445091
-12248941
-5439968
-3327973
-1332568
-266531
-2713660
-8411014
439790
-10757617
-443153
-540948
-7635035
-3013532
-3147937
-6758154
-3545728
-3271978
-10562079
-5131670
-2161749
-10111087
3166722
-966306
1887543
-1430333
-6222163
-1641318
1015903
-6708294
-10810847
-10675332
-7320918
-4287107
-6446426
-10665257
-8953798
-81913
-909675
-11908215
-477736
-5819903
187464
-2912059
-9105942
-2694720
-319602
-10306596
-1718679
-12226812
-7278322
1630011
-7232979
-5060217
-3300872
-985892
-7940258
400995
-7980087
891181
-4135971
946674
-2739842
-2703249
-5729646
150532
-7273255
-1625454
3122423
-4155338
363213
-699554
3616980
-6247103
-1349852
-10838785
-713345
-5875585
-113099
-4087980
-1771210
-7662393
399680
-4975111
-3578212
-1606095
-7330387
-5610027
-10118690
-462131
-1052865
1943829
2257180
-8654956
71246
-1220540
1280587
336802
-1760594
-5802278
2083568
-7346251
-5430702
-445328
-6852898
1104727
-3251979
-919354
-8916039
-1845168
-1194900
2308903
-1767074
-10596094
-540161
1780831
-47164
-8938347
-2559274
-70599
-5269660
-9171052
-4516432
-9109907
-10804806
-1363499
-8429576
-5027290
799375
-712643
1623272
-6696962
-4676504
-10846124
-10249092
-7580255
-5559817
-1067664
-11050695
-3510016
-7063829
-12880311
-5285585
-87570
-725850
-10248414
-288283
-4604610
-6500693
1520072
236075
-9452581
-10389844
-412314
-9707818
-7467071
-697547
-8937116
2002275
-9721909
-10164179
-3099343
-1868348
-8596461
-4865147
-6681536
3131497
-5193857
-6437577
-721343
-7344865
-7034709
-1171437
-11726021
-242132
-855221
-937922
433630
-6626939
-450844
-675867
-5699755
-5981122
68257
-8323390
-599052
-1835795
-772738
709419
242626
1434928
-9089586
-10745383
111301
-429519
-10779165
-5151920
446368
-6721939
-2041649
-447441
-9858732
-10670030
-2936321
-6736165
868622
-1092077
-2598133
2314612
-3365228
-6049416
-7507879
-3460080
-1807943
-125479
2006264
-150445
1978703
-3015538
-619308
-11787199
-1948570
-1702721
-10920019
-5285477
293546
1852505
-3982345
-1782338
2014145
-4585369
-2508323
-7059006
-4982633
27285
-196808
874673
-5341951
-11216529
-11942249
1072844
-5642479
-4534187
1712808
-426165
-9084556
-2939378
-1570579
-9634982
-1037751
-11144598
-10444817
32833
-11537533
-8150388
-5801667
-11178434
-7825451
-9767691
-11625884
-12509115
-4244913
-6608062
1492933
-1185371
-8002077
-6031932
-5072326
-5968
-1487470
-1202969
-4841317
2657175
179103
-9145480
-7569543
-6115754
-1247540
-8305013
-1059484
-5791017
1519695
-1325423
-11872460
-2795942
581586
-8498864
-11350161
-7143888
-5245768
-1865868
-3105525
-3333018
-5990133
1684964
-11176617
-1864098
-2564732
-11439696
-7196393
-9546455
-5925651
-2333034
-1041159
102532
-2441336
-1972553
-10616258
662889
-1903327
-5294758
-12055209
-2809531
-10454862
-3906838
-232169
-7022330
-1733149
-6491471
-10492855
-1241690
-10326140
-9659540
-546475
-8072700
-215639
-9412630
3130852
-5101368
-2953873
-9346356
-6199787
-12397385
-4339999
2006387
2144780
1854809
-9571132
-11043508
-10427074
-1019080
-11692287
-5050123
-11807132
-2294326
-6351761
-8204383
-3652175
-1149965
-2306812
-5931234
-4608405
-113221
-2241715
-4794601
1854804
-1014957
-2470095
-11427454
-8890493
-8119816
-1678836
-10231884
-4425946
-5513267
-222250
-4261907
930821
-6412917
2435848
-10718937
-4705677
803145
1260489
-6149252
-6459574
-7997199
-7505920
-8129738
-2558204
2493352
-8464038
-2502445
-576254
-5812488
-9229157
-770506
405906
-1642743
-835438
1751717
-6586753
-2111753
1715222
2490805
-1128091
-11301922
-669879
-462513
-283707
-7208640
1602689
-797358
-3407743
-8589085
-5389445
-9137688
-1946285
-9289084
-6052845
-1968188
-11512872
-782599
91500
-10546923
-11370717
-5104294
-9392648
-10194451
-10766903
-4727669
-4020231
-6791153
991780
-12362184
-8613881
-10220349
-12174926
677710
-7888839
-1212887
-11276035
-5564359
-12849642
-9570657
-919381
-6210670
-721006
-625938
-10869171
-2361313
-7579376
-7039860
-3328936
-4341443
-1765903
-8632216
191137
-830156
-9603521
-1125437
1165318
-2404951
-9023593
-7992925
777971
-6471863
-7767212
-9345586
762869
-2173438
593143
-9352828
-326686
-9562650
-864012
-271442
-11298168
-8499973
-398213
3152599
1967033
-8874438
-5457414
-1434566
-6030344
-7981840
-10522853
-6297762
-1062794
-2045511
-939933
147469
-8841111
-5732377
-479278
-4630376
-8368990
-10989071
26071
-1831523
-324049
-6540062
-7239021
495230
2022148
-696599
-1056079
1370540
-2280864
-7614248
-2719934
2810416
-116313
368430
-8133666
-1886853
-5068218
-9888405
-3835078
-8439069
423402
917222
118915
835688
733722
1121178
-346024
-11195092
-9434896
-5960667
-6252164
-2726682
-4613041
-1240444
362075
1269044
-7072728
-5262931
-12541857
-1463320
-2506244
703608
-9892907
-9618014
-7254446
-2345872
-130227
-8480154
-268195
-4185041
-4025179
-3100586
461382
119001
-9866613
-669773
-405788
-6804293
-2748398
2219633
-9318401
-1400649
1798397
-11032073
-5063158
-3599980
-6438015
497752
-9292406
-1561501
-5914689
-530162
1092581
-3281009
480826
-1360550
-6080657
-696267
-2085909
-209736
-1178502
-355832
-9020705
-11157884
-2640184
-4138714
-4141757
-10278557
-143339
-9824187
124866
-3461504
-617484
-1892088
-5126736
-502802
225857
971165
-11275430
-10514815
-3328398
-3340843
-6361316
-3054680
-9207102
-7685117
-9632196
-992004
-1291112
2711701
-9498462
-3144598
-2831168
-3127624
1642806
-1993434
-2102719
-4946645
-12232697
-6465686
-2924848
-12863111
-3220248
-10428166
-12454213
-7311426
-1476817
-1972430
-11140031
122114
-2498860
-7569115
-6227204
-1937720
-7791238
-8591166
-5347231
-11491617
-10678614
-2293430
-2001254
-6894146
-5118742
-8419530
-5564359
1460754
-9371159
-7505973
-1097541
-1415624
-10524466
865121
-291298
2272921
-795439
-8395193
-7024781
350902
-8545454
-7542112
-5538474
-1759598
-1655256
-10284753
-3153157
-1203247
863340
-9392035
330434
-1334478
-12397879
-8301355
-609697
-1847988
-5436141
-10185428
346576
-4790474
-862241
330054
379931
-2317848
-4200540
-2482808
-8002178
123329
-10663734
-4900206
-4830410
-2021134
-1838258
-11019182
-9878563
-8247661
894946
-10514851
-286068
-7444286
-9432667
-852178
-8818783
-3645302
-8717239
-1119941
-8793439
-7532553
-5655372
-747320
-10060920
823904
-3276412
-3912262
-829013
-6870269
-9173129
1477271
-10514598
-9563171
-4956903
-7864160
-9162300
649570
-2388959
-2894278
-5044874
-6884885
-1708504
-488842
-7116966
-1320241
-913457
-4385120
-4063829
-3112351
-2491627
-4778640
-113049
509928
-3899933
-824296
-4309177
-2023962
-4141681
-1318845
-11170181
-3196973
-1054405
-4296132
-6041511
-3263341
-534003
-10921089
-799417
-8521217
-1193265
2042564
-579585
986782
-6629797
-1466856
1606151
-6018148
-5357340
-4348019
595893
-577169
2314224
-9283629
405848
-7608138
-9990154
-3714610
-10144693
2121655
-1963713
-1224800
-9063543
-7597493
-4958182
-9405056
-8097636
-7709630
-1717212
284478
-1132311
-5865166
-5838859
-2813996
-7856453
-6192907
198587
-8997112
-3748809
-9220350
-2187533
-2614506
-5899968
-8737796
-4784610
-8902193
144122
15480
-2328545
-1548889
-4065636
-11174366
-2453807
-9006095
-285788
-9147230
2467136
-8678218
-3549454
1061096
-2941681
-6966999
-1126668
163743
-969541
567432
-1899223
-46659
1775572
1253744
1305556
-3804188
-7452565
-437139
-562145
-6097274
-6670255
-2001843
-3312676
-1625858
-1339609
-8308014
-5943691
745329
-103258
-1588829
-11568516
-2355306
-8200541
-9375135
-1747059
-756398
-422193
-8554457
-411722
-6482555
-1036139
664795
-7607341
-2427008
-2553006
-9553953
-6053990
-8588791
-8116292
-5151592
-7905705
1808365
-5553441
-4509675
-4662281
-10556060
-5393043
-784975
843689
-3462236
-2053280
-11009281
-5518539
-6641947
867466
239192
1606167
1103856
292817
1636324
-1375220
-5947677
30040
2275754
-100871
29603
-1376928
-9773503
-8620698
-3308308
460598
-11711158
-3387748
-2394279
740551
935027
-8376468
-3118590
644571
-11220391
-7535557
-5630211
-5050447
-5841393
-2100212
-9889361
-11638147
-8073332
-6622529
-10843218
-9051805
-3587734
-1703056
152200
-3230051
-9553921
-2365840
-6674891
-4862205
-6849174
-1631210
-6700695
-10217754
-5820866
-10659491
-2653454
1949646
-8974506
-4061129
-8305869
-561011
-6437311
-2701338
-7785274
-1016450
1458680
-10320124
-458561
-6578730
398557
-7557235
-10121448
-11131415
-12271970
-1190987
-5731982
-5602019
-3926587
-1415370
-8640536
-2096148
-3694445
708839
-3861218
-9808596
-5201868
-1465743
-12549810
-3783192
-179684
6976
-483217
819308
-11527403
-7733017
-10359383
396543
1919113
1184401
-2712583
-947725
-5332263
-3476292
-1611718
-8470490
-1751577
-1556333
-4106058
-7712516
-1426008
-7853629
-11071131
-1364226
-1829501
-10161334
-9213977
-1109756
-1099923
2905888
-3204310
-32848
-1269017
-11359366
-1955182
-6923338
-8613859
-8223358
-3852557
-9173190
-8806290
-5616128
-9758464
-9726703
861043
2656392
-11735487
-6404858
-8908369
-359556
-5609582
-9113703
-8573961
-2521169
-2467048
-10311613
-8521563
-10415647
-7612097
-313376
-4915131
-8909513
-5771827
2558504
-704964
-8387277
-577710
-8500019
-10856523
-4726844
-930941
-9471186
-5021858
1198613
-1389801
-9196468
-2192918
-1700706
-6792930
-5257614
-3690814
385371
-8362393
-10594142
668212
-9393876
1880244
-1915670
-4592677
-5229365
-3908791
-10561428
1450258
-5608614
-7379498
114820
-10733854
-8386973
-7137369
-10252710
-12411386
-7140332
1086187
-6020712
-11511304
342125
-1612868
-4061552
-4759047
-7106898
-7411682
-10746491
1577875
-10203229
800125
1735578
-10462811
-1089583
-9901610
496645
-5486198
983142
-7168266
170540
-9481365
50610
-1752320
-10327924
-2981664
-4689736
-1079356
1847305
-9294905
-5875980
515565
-11076880
-9509379
-11416050
-3060688
-9135857
-11453397
-4406947
-6192369
-7668248
-9670766
-6327040
-11778383
-8886678
732576
-8085526
892188
-5927895
-5967830
-8250070
-10185761
547780
2121818
-7155146
-4368974
-5869371
-78800
-6882417
679873
-10634505
-2166461
-1959861
-1687393
-116008
-515020
-1315555
-8656416
-9263314
-2964204
213687
-7428825
-977264
-10178446
-10486063
-729225
2087942
-1517281
-3952941
-10956269
-190397
140311
-9787101
-7482325
-667136
-8959406
-8826408
-3575390
-647599
137574
1223547
-11977871
-10966147
-4445005
-1324434
-8355963
2380178
-3967915
-10362212
-8109242
1761709
-9553543
-11267693
1886319
-4757970
-2403872
-9874896
-6647922
1164946
-5774875
640161
-7976991
-8037796
-5980637
1881699
-8894867
1731787
-9784085
-8139302
-4552107
-3773769
-1602232
-11443841
-8064713
-763022
-7905724
-5166177
72487
-3156448
-8116792
-9200730
-2825933
-2706835
-12059719
-10224583
-1282693
-11022212
-4536216
1685909
-649525
1367416
-7318349
-9523511
-1697977
-2515876
-4977363
1781797
-11106686
-7797988
-39690
-6919793
-6262328
-7776343
-844997
-10772153
-9518151
-5978423
-8610253
-10813753
756230
-615524
-11178674
-10256659
-1043859
-9055112
-8933032
-5684880
-1200083
-8025765
78626
-10042192
500023
-9137411
-7167328
-215057
-9240904
1110841
-226540
-10204548
-468988
-1045168
-6530320
-5686911
-9776856
-2889230
-11672048
-8758289
-8415577
-1496105
-570489
-2343501
-4007231
-2487997
-5463169
1614308
-10190635
-8722691
-8198515
-3081315
-9791699
-7117128
-7028691
-327902
-2162275
-468673
954946
253198
-7247041
-9197706
-3346669
-10309953
-9154549
-3521453
-8044511
860303
-12530573
704835
-2730111
-6329485
-6637400
-7234109
-205922
-9645240
-7679423
-6511900
-7388845
-6443301
1642868
-2104493
-11769106
-1448818
-7496832
-4074314
-2894081
-8499530
205046
321017
-2214572
-10410917
-8174230
-6895380
-8806795
-6406455
-10752302
694807
-4674490
1255042
318809
-247800
-5497724
-9988583
-8551517
602487
625802
-802839
-6067617
-6890845
494366
-5945021
-5699246
-10419585
-7885824
85363
2305069
-10637961
-11314747
-4107853
-1801092
-10541260
-7257407
-8904258
-7876517
-7536791
-9002977
-8384
1675133
-2102533
1355507
-1619533
2532294
-81707
-10625679
-6984314
-4806764
-991202
-329771
1435117
-1007989
-9828976
-5005722
-1748374
-7561331
-11192087
1923884
-5662435
-7752631
-2195252
-8712528
-6658867
507263
-1016985
-6714515
-6780309
-2770452
-8398839
-2997178
-10869053
1618967
-5767895
-749844
-591413
1128191
-8548531
-4213599
-1132852
-3694479
-4578880
-3044707
88933
-6250373
-2140634
-1155897
-3054772
-9268585
-7893097
-10360771
-2425120
-2430973
1126790
-1018848
-3745075
-8570403
-10284467
816118
-5941181
-2391673
-11550232
-695210
-2151596
165292
-2621427
131699
-10919126
-11309628
-8055916
-11136413
-10066111
-7640655
-6584765
-7199287
-8984649
-9749158
-71972
-3189705
-5882367
386521
-7130523
-6204266
-3844459
-7727882
-4090123
-46324
-6353405
-2529898
-5029458
-10254648
1578568
-1448976
1031137
-10584902
-1107446
-9584115
-11997258
-5984736
-1464084
-2847224
-399919
-1621853
-3996462
1262630
-9155773
-10017369
-3621112
-10173230
1976261
940814
963598
-12030302
-11558380
-1190773
-1251034
-2057204
-2954083
-8168169
-4477837
1181991
-934340
-2771338
-5581082
-7365394
-4568626
-9357678
-9485496
-1862729
1846216
-7957872
-2086748
-1804017
-1606451
-9435089
-7581052
482758
-5702161
241323
-5013137
200991
-1838790
-2130248
-998560
-11190613
-1653433
-746052
-4068605
-1304142
-334996
-1121365
-10321748
-4280600
-1086860
-1186717
-8166711
-12195545
-1423017
-6876497
-4825066
-8791857
-1980081
-7373131
1093134
-6606781
-2982261
-1603284
561404
-8581049
589461
-109327
-2995352
-7028668
-1180834
-638828
-5652045
-4667741
-2528736
-1406538
-8869055
-10019524
1373569
187524
-3270251
-11109595
-5454155
124486
-9804953
-1243788
621314
1240065
-581727
-539420
-9591161
-12664562
-8980703
-2718329
-10186542
898440
-8003064
1793681
-7088289
-2780044
-6191443
-571087
-7245820
-5252156
-952804
-1244838
242730
1768929
-7874286
-11280631
-9663856
-337585
-1733062
-11190672
-3370118
-10749351
-7672491
-2812067
-4584422
1770415
-9743390
1650423
-2669453
-1307848
-8029404
-7367551
-2611797
-5062510
-10591841
803827
1622954
1025882
-3438778
-1226601
573750
-844937
1612814
-7942143
-10273818
-11306192
-11207839
-9722976
-10241215
-8742638
-8111019
-1230710
-3248170
-8305978
-11754080
-634000
-8172837
-9944690
-1623078
365838
-643746
-6528520
-10880827
-2636938
1954388
-8012178
285375
392428
-4164888
2807689
-5713425
-6721157
-5581620
-6946798
-10986631
-3530811
-11224866
-3004636
397771
-1311519
-8198663
1426655
-370671
-3402353
-1292614
-653326
-9922212
-4446396
-10974120
-8232505
2105879
-3652121
-8130038
-11017213
-5566599
-1964721
-9325557
-7449334
-5019489
183845
143115
-10243470
-947928
-9200386
-5443170
-7517008
843277
-5397180
-1698460
-3070047
-9254282
-8286962
-1836105
-6391388
-6659300
-9642677
219892
-3591285
424170
-7427092
2180
-8003388
-1012730
-7318760
-5745141
-5129638
-1484284
537847
-9964368
-4133674
-9054392
-4314452
-9891783
-3168513
-10687439
-8622557
-3727019
-12574913
-239187
823597
-9618797
-11809294
-4298612
-309181
-7826619
-11224490
-5355744
-1989683
-8138221
-2972506
38407
-6672107
-5520146
-1914864
-9860952
-8576759
-3547195
-1247857
-12240471
-7737964
459388
-10519789
494568
-1829785
-861953
-10728279
1816431
-6815276
-232880
-3047697
-10012220
-10771514
-191346
552263
-3592104
-7300920
-6037749
754768
-4437635
-4094206
-6642829
724017
-11666739
-2828131
-11399325
1627274
-9712483
-577794
-2593680
19958
-5161566
156231
-7583565
-9806980
-549467
-3504851
-1006857
-2727548
-2246610
-2171734
-439644
-4658677
-4760963
2066543
-8144261
-265195
-4268677
-6899249
3267438
-7367633
-3381522
-4774990
-10764615
-9219645
808327
-1286486
-9729536
1392360
874658
-738248
674305
-3780125
-4727497
-12023273
-7751779
-12061658
-3532070
-7821767
-5267844
1687545
-1937721
-876591
-9460735
-5354722
1124425
-9749115
-4656265
-1782436
-365170
-2888847
-151077
146184
-8228443
-656931
-7749580
-5486733
-9199050
-956010
-8161620
-1524792
-8414846
-1276788
449274
-6696644
-1974723
-9603818
-423779
1069531
499241
-3773954
-1644383
-8247096
598157
-8247092
-2137858
-2746376
175641
-11133802
-1872136
-10473549
-8958560
-5294665
-10594579
824734
-8704303
-4921037
-10207208
-843169
-1973076
-8409529
-5549320
-6443571
-8208187
-6752479
-11133894
-9991167
-6983914
-1264026
2050531
-8703836
746230
-9074278
-8204407
578320
-4122540
-7876069
-7798149
-10421909
-598406
-5516966
-3944109
-10966795
-6623642
-618478
-1861439
-9241120
-7072726
-1994355
79682
-9678542
-263015
-7127055
-10328861
1422822
-1672157
-125026
-6929317
-9272449
-11149664
-11336077
-8293137
-487666
-2026718
-1240396
-9311475
-5498747
-70627
1273754
-7368853
-3527259
1393557
1873524
2019677
-3467584
-9862550
-832567
-9917226
-8542573
-7664752
-9693789
-5367820
-8266115
1921500
-9726759
-3815990
-3571745
1506682
307729
-11373370
647256
-6246664
-2872845
-10525379
-11124626
444435
-365301
-2881063
-2026001
-6354928
-934221
-2716117
-799012
-3032820
-5373214
-3826161
-10728236
-398896
1063449
-3530439
3658597
-11575784
-1897289
-89145
-1133288
-10318929
-4610788
-404267
866509
-8535184
-191330
-4045593
-8926308
483625
-10802642
-7186582
253312
-5228592
-1347138
-10911127
-11371968
1322594
-1554745
-7685090
-6434495
-1253789
-8552716
-12309176
194093
-8644097
-4577390
-11501653
-12118771
-738246
-13586876
-11653314
362734
577936
-12283092
-10986464
1414431
-2142339
-10516842
233618
-6326545
-7317215
-8612879
-2072687
-10168858
-7977146
-8535064
-1130578
1234452
-4522443
1929065
-1224036
-8613516
-9051615
1041267
-6197474
-8821983
283105
-10343227
-6203098
-3451248
-5753375
-6690611
-7903191
1334964
-8739048
-1199145
-5723586
454144
-1139190
-1030390
574877
-1417251
-5433521
673009
-5351392
1221767
-7536729
-5749221
-1251202
-10949604
-422311
-1050221
-531508
1468948
-10966653
-1314797
-6199244
-10068269
-10299333
1764567
-7822342
-4288132
-6887103
-6557608
-8224058
-6443797
-1303
-9639336
-8979029
-10667200
-1886184
-3837480
1710066
-78037
-648360
473611
-4456571
-7098683
-7587836
-6912221
-3901548
-1905022
-8634290
247578
-5447677
2508328
-6252819
-3924793
-2317753
-7437235
2322935
-7893780
1061782
-422843
-9708081
-12567425
464085
-2593058
-6430384
-3115706
34733
-8127000
-6775914
-4274506
-6148444
-9179183
-8555915
-338951
-218212
367932
1929692
-953755
-2441130
-11289
-1372727
-4285570
-2700183
480936
-479064
-7034778
-8223230
-8773264
-7318473
-6643423
-11138337
1905395
-4364848
-878084
-9280628
-1783010
-1667752
-7717938
-7723954
-1183532
-4237265
-4477379
-3208097
-1091998
-1715847
-8844058
2415637
-1489303
-873416
-8107029
-9948156
1242663
-6120386
276600
-2640262
-5632192
-761920
-11230153
308411
-3378698
-185340
1020650
-9967243
-5966326
-336758
-1005222
-5446716
-6292891
-3367936
-6714169
-9596361
-8156856
-3362022
-6959715
669044
-2767594
-5891638
-4762724
-9133584
1458213
-1989106
-11009366
-2310524
-9258241
-4431350
-6376238
-8257110
-6820288
-9925462
-11195328
-9360278
-9565962
-940332
500470
-2196390
-1847581
-2537224
434920
-10568181
-10514883
-8282165
-828237
-2044212
-2358154
-6507205
-6681548
-1032933
-6690723
-332849
-137684
-5934419
-5065239
-2414475
1067485
-2742555
2061984
803998
-531603
-1180066
-1104788
-8539109
-10592538
-1034696
-7757283
-8076158
-543928
2610301
3029000
-7939356
-10986388
-2030111
-8073114
2644123
-7390176
-7197280
1381406
-4900847
-8685021
-5409165
-3029752
-6602471
-3513105
-9912874
-6389115
48147
-5882331
-9810453
-10201144
-1846858
-10604843
127865
-2264735
203871
-6057802
-6923450
-3646725
-6824597
-1534501
-6210502
670134
-9962107
2027882
-3487214
-4560667
351570
-37350
-5621871
-10743373
-9478072
-1652147
334951
681809
-3733159
-10750124
-6318830
74978
-2616824
-5974545
-5578695
-5218495
-4268015
-10289447
-12444949
-3407165
-3249189
-1210851
-7576348
-3482771
-3217665
447743
-6724342
-1473675
-8578068
-2169213
1913912
225099
-7971071
1867798
-5139879
-8876925
-6599966
-2411614
-9288428
-9329056
2409751
-8138206
-1702526
746641
-7843323
288019
-7353969
3690
-7638600
-10209640
-1160987
-3783313
-1275326
-1482900
-1080875
-9319918
-1761412
-11053216
-301230
-3397186
-4836905
-9339409
-1167630
-10175020
-1136217
-611769
-10734534
-1927754
-5419979
150637
-470913
-2261732
-5700988
-8247325
-4457147
-12885827
483987
1153808
-3946868
2996817
-7955967
-20731
1224374
-10389953
-743664
-1278820
-1090144
-10952160
-2473779
2642247
-624474
-8604063
-5581444
-1382833
-9783629
-4434926
1348434
-4718288
-1507488
-8216050
-6094361
2565101
-7217816
-1778304
2296926
-11146299
-1505132
976592
4159923
-10072311
-9023063
-4405535
-1636502
-8894105
-11109045
1522094
2214849
-3645474
-2053071
839522
-2690944
-850722
-850688
-5107448
377017
-149295
546010
491961
-2827649
-7919664
-6730219
-987182
-7334339
-7679349
-3770813
-11652762
-5865022
-1483493
-2924446
-6312850
-10144109
-8422935
-1749178
-4541356
-7688535
-3159631
-10932069
-6590230
-96214
-1831466
-1414040
1731068
-10968722
985997
-1537415
401038
1660640
-4896524
861532
-1438391
-6771570
-6348973
-7424921
2798386
480084
-8958833
-8184807
-1281632
-8295017
-10111130
-2908549
-168143
-10982429
-2515337
723752
181387
626842
-2841639
-306038
-849950
-10360092
-7486977
-9161035
146103
-10200700
-8079902
-11877265
-1827443
-5884449
-7595866
-10412123
-10890146
-8376665
17163
-11641446
-5619960
-10060064
-3440383
285702
-8226859
-863158
645866
1011959
-9221468
-8649759
-8679331
-9852953
617289
-8629435
-8038774
-10399064
-6757045
-8373826
-738082
-3198581
-5211948
238412
-3246534
-12951569
-8633047
-8652396
-794921
-3348270
-3218544
-8700515
-6453237
-636031
-3235600
2141348
-244778
-7531152
-7839075
747870
-3666114
2219756
-8368797
2902377
182583
-2908797
-8692424
-6699548
-9924504
-6019454
-10465529
1116096
-9214752
-7392996
-12306880
235936
-10724515
-7450675
-2480401
-4841767
216591
-273962
-1134765
-8244970
-3056926
-205513
-11319126
-497848
-7039876
-10216375
-6640667
-1526600
-1041689
-7080876
-10212758
-2382013
-1782126
-11135838
3494037
-100708
-998089
-12437767
-80246
-1166046
-6797479
-10057529
-10629147
-8500970
1220109
76253
-5337625
-465224
1814991
-5178885
-8948552
-9141103
-323998
1984229
1432183
-11460227
-9742840
-65660
751506
-1714469
336226
-758151
-789083
1151339
-6543210
-1993780
557277
-7991696
-9652589
-11942172
-11231260
-2111896
-10706639
-7010248
-9415912
-8521466
-1206662
-6177600
925740
-10886815
-1232515
1442887
-359474
-13328
-7679469
-11383529
-2205108
-6002474
1677028
-7284358
-2012777
-8535633
-9055234
-8565172
2038018
-2949013
-169876
-8936148
-10030409
-1331546
-2414028
-7906327
-5547409
-6764692
-9026912
-1932696
-8370104
-12526060
-1251721
-5682365
-5038418
-370841
-393173
1574631
-4406179
-3691863
-12519830
1704182
-7959859
-6213319
-577240
1607641
498866
-10620168
1074276
-4360961
-1360501
-3658659
-8263377
-3868518
-10967107
-9271443
-2895792
-11199364
-6977939
-8405871
-12472294
-7404244
761397
-4029768
-9703693
-9184895
-3335686
-8718216
-3013285
937021
-8590996
-4546808
-10896432
-2143780
-3019732
30766
-6229157
-6166078
-8539081
-10652379
549924
-8745510
-23591
-11057226
-8848317
214355
-5769434
-423276
-1914116
-1384357
-7347955
1028276
-8694259
-154754
-11726277
-3287098
-2805181
-358437
-414935
-11564249
-7791260
-1676042
-5030789
2057363
-8644080
-1287624
1394095
-11187305
-1619194
-1421056
-1957535
-11286817
-10993191
-1938865
-6230212
-8678907
-2359157
-6434860
-3667593
-841196
-7869412
-10262403
-709054
-8839385
-8479778
-4657846
-2831681
-12234816
-6948902
-4109418
2778459
-2045174
-763120
-3414902
-642037
-1033343
-6495283
-1416511
-3334456
-728915
-4488115
-8645140
-1159167
-6143513
-9032252
-10255286
-1718585
-10252968
-8490304
-2268989
-7027846
-9455919
-241306
-208497
-8042472
-1661115
769697
-1559810
-6388467
-8802220
170914
-12519904
428759
-138922
-11393641
-8585378
-235912
-5863853
-1379816
-6733450
-2045456
-1681180
2106448
-5470737
2313239
-10703930
-8361197
-6377351
-3211431
2326793
-3643395
-1316642
-5824430
-6779605
420087
-6245142
-10228004
-1811373
-9297418
-8001013
-933686
-4137151
-6133968
-6770154
-4011039
-8984071
-1943287
-7947805
-811438
310721
-5504107
-716018
812792
-358277
-7421175
-7647002
-389925
-533713
-2675056
19773
-3675272
-3809827
257325
-10073295
-4900021
-10393556
-4418499
681276
-8256411
-6373270
-1029789
-9258548
1455033
-11886136
-94712
-3889731
-6745364
-7704056
-10306162
760805
-9081409
389561
-7500516
-2853158
-11576148
-5844962
-7397048
-10367480
-5409055
368668
-7010301
152964
-10069284
-1110290
-9557046
-1843306
-4017936
-10746554
-6055867
-8556138
-2277424
-1258397
-10555713
-1542949
1838
-7342899
-10125107
-9927862
2978252
-2758923
-2913627
-10094417
-2931832
-238619
-7615600
1507275
-9881805
-8631794
-12460799
-9748491
-10910827
-10376238
-10665812
-2269672
-9071738
-10086037
290532
-11705417
-1129279
-11339147
-2824218
-10050628
-907452
-8296518
-2381765
-5610774
-1859303
-1062974
-11274930
-9100781
-7261334
-4418109
-3976941
154057
-10552352
-7104528
-5258690
505765
-2787303
-852704
-9819127
-8774149
-11281069
-10141928
-1173476
-1092999
-1869753
-11133029
-3689582
-10666111
-2897111
-10692254
-7865663
-906591
-4344380
-8553905
-7545285
605792
-5751034
-93284
3077262
-1941725
-596689
1420337
238547
-4555792
-11408340
-11597162
-3833924
-8583718
2944575
-2115956
418321
-4284774
-8180903
-7962363
2570553
-2486441
-11114208
-6972449
1607294
560256
-1843545
-8100318
-9578256
-2786167
-11170269
2572661
-3871565
-3474868
-6345941
-2991810
-10458578
-4840818
-8795239
-9904646
1006569
-6229506
1656376
1844100
-5204031
-1459058
-8590228
942859
685934
-1274300
-842748
-2587093
-4812028
3987341
-9829638
-10141088
-850339
-2059001
-2960219
-192824
-5134283
-1704083
-8651870
-5467094
-3988241
-5813447
-9982596
-866988
-1332666
-3689484
-8454779
-3715302
-8173302
-220614
-7168087
1226655
-837493
-1448713
-4263281
-4027895
-1399901
-10079774
-739313
-10897756
-3784998
-1708066
-10461948
105054
-4217859
-515767
171450
-10750416
-109632
-9466916
-2730571
-896222
-8364997
-8221562
744804
-454258
1324648
-5608283
-1296808
-9924828
-7556479
-4133951
-8647161
-401324
403890
-9809631
-8956283
-9259130
107069
-403440
-9165762
-2819769
271653
1194365
-6358089
1181633
-11978029
-7584587
-7433491
-7111152
-6586414
398248
-1005357
1565593
1759902
-9866805
1804444
-599713
1392712
825570
-8308867
-2774401
-7399066
-9201603
2612906
-8814579
-9420058
-3826905
-8056592
669833
-6829217
-7672951
-5596803
-8057956
3553970
-734465
-1163311
-5523344
-5835830
2425073
-1209360
-7905302
-11410701
-8764099
-975190
-1113948
-1024614
-3939864
-10686952
-7785280
-410084
-5535095
-7133245
-12840190
1713439
-1625153
-1853161
-236136
-7605302
-10923258
-1861715
867967
-3991586
-4882559
687020
516486
-6941721
-4092959
-602484
2249544
-6009809
1122220
-5460065
-7503408
-5975115
-9623125
-6513857
-9963780
-11582099
-2638258
-2207705
-1707119
-9167200
-5083795
-8961456
-4533203
-7456517
-877532
-5650432
-2256115
-311388
-10023464
-1035334
-4724548
-869736
-7320065
-5752886
935687
338959
-10174411
-2036224
-9459876
-1673673
-7972341
-1349159
-3031343
-6572289
-5044327
-2577379
-5558348
-10481689
280572
-331695
-2349972
-865180
-3132872
-1631702
204893
-12782678
-9702098
-5456888
-9417550
-2091388
-3874588
-8388431
-3875020
-4299961
-1683755
-1311038
-4473521
-10853941
-1149188
-6258858
-8478911
-683706
-7427572
-8387008
893703
-1492159
-4956493
-9624347
-11167975
-12516346
-8444970
-5745485
-5071472
-1609705
-235896
-4752606
-9020037
-5273335
-10570001
-227459
-7801026
-8649472
-6788889
-205639
-1770841
-5568976
-820397
-7827489
-9289870
-10132168
1153003
-5412109
-10938986
-998027
-361921
-10156784
4290699
-1261799
-9051227
-5423888
-3251155
-11909421
-5521900
-2530222
-1288607
-2990800
-10741316
-9418743
-49467
348582
-12095364
-373678
-2025754
-5005860
-1000136
-5386398
-11256870
-7632805
-862272
-31965
-11886408
-7821159
-8304040
-28280
-8863557
1256149
1482742
-10350679
882446
-462594
-10668169
-1960634
1820309
-8306689
-6944646
-1013166
-9270651
-11947315
-9888686
-285324
-4311060
-11188540
-3776307
793379
1145957
-3682324
-5710510
-11009638
-228531
-2055055
-6205090
-1044141
81772
-6770283
-1089208
-7203499
-7580240
-1782370
-10427970
-9156695
-10221741
-618663
-3009117
-9798781
-10367210
223973
-7585341
-115707
1901534
-7616127
-10105355
265519
-8400850
-46150
1705604
-3873076
614776
479811
-9973121
-7274946
-8039822
-11254136
91093
624564
269057
-3395839
-10301305
-735228
1392642
-2356820
-10314640
-2965643
-6988485
-1935023
-9879359
-9822165
-9476619
-6124051
-8006751
-6693745
1008321
-5606385
-200382
-8778359
701170
1099816
-11704285
-5625821
-928185
2522910
-11713574
-2960078
-8988180
-3170985
-7068244
-9124173
-11677725
-1429425
-9888797
-7315878
-9780897
-8083861
-11743068
-3709495
-5452625
-8844156
1028169
-4320874
-5610522
-11016949
-5398528
1208843
-8815686
2412253
3195515
-10608015
-12248227
-9232864
-3963763
-559170
930038
-13048977
-5267398
-6272422
-10969404
-2806190
-2972226
-9131567
2942011
-11031892
-3716870
-8815405
-4143117
-1097135
-41903
-558825
-8135784
-5508815
-4277548
-3615368
130219
-2288177
-6419608
-902076
-4416333
-6362938
1384575
-4092926
1450036
-3044533
-12319728
-831803
-920474
-425357
1460771
-7024869
-9727243
-3761802
-6835680
-10121939
-669681
-7165137
-10186795
-7438948
-12187147
-7284409
-8101989
-7654439
-529933
-8600599
1491773
-1215292
-673059
-7891011
-4289893
-6955003
-9725007
-6649405
-479986
-1197675
-8297317
-9503538
105192
-10367924
-9198494
-8307689
-1555665
-8446735
-2719134
-4350419
1124766
-7141855
-9427088
-7661955
-8698079
53323
-10891542
-10168102
-6166188
-7471606
346106
-1248333
-6231520
-9294640
-1665584
-2335512
-8575322
608194
-10612497
-10728247
630587
-5146051
-2039829
-1470066
-9286071
1681415
-9551654
-7856750
177937
59575
-7094239
-8076931
-7300903
1032096
-810868
-1401143
-3471396
-267264
-5873715
-1259165
-3937900
-4944154
-6669694
-10632519
111375
-6199034
-3376458
-5542203
-10624082
-7814154
-2411821
-9700757
-7979975
-6408779
-12066624
1233565
-11416432
-890848
-6748855
-4470650
-7589176
-317043
-10139748
-8797012
-7471192
-376041
-6490526
-9652542
-6952149
-11730388
-8764228
-4014156
-1073008
-4289389
-129933
-9422826
-8411261
-9337587
-4013032
1140656
-8783549
-8628208
452350
-1511745
-9742249
-2492577
-7947220
-2090946
-7974500
-9396957
-3887287
-9672639
-8335921
-809484
-4807717
-11196681
-5421759
-10719042
-1650643
885351
-7316445
-8364002
-589475
-746541
-11265093
-712459
-10754231
-5565744
-8731343
-8487217
-10715713
-10802276
179209
-812791
-10270731
-10190173
-8293735
-11084536
-11991088
-11273596
-8036803
-7910480
1436252
-12468188
-3781039
1221591
-5826310
-9459943
-7632529
-4167173
-1151714
-826257
2738605
1656832
-7594070
-313612
-678861
613483
-1437326
1532357
-7938774
708761
157318
-1347672
-3831358
1241817
-7949921
-7556648
-11079221
-1226663
-10456009
-7317162
-8634942
-1864305
211772
-1280249
-7673215
2497984
-6334101
-2005408
-1541951
-7161624
-6455211
-7112906
-6684973
399062
-2357163
-3124459
-4397269
-11354820
-382522
-9586937
-3732243
-1025747
-8789733
-1871038
-610549
473648
1361807
-2281818
1220124
-9259891
1542747
-745037
-5884632
-2161485
-1491496
-5711319
-1738324
-5671370
-3368438
-1895629
1208548
-2918189
-9592942
-8151956
729599
-11501622
-1149585
1229124
-3608351
-2124044
-3448315
-523879
2779891
-7694290
-8308805
-6058451
2070671
-9945351
-1609393
-12609830
-3369174
-7161794
-3028203
-8275487
-11295277
-6239964
-2231736
-9196556
-9405950
-6195009
-10017387
-7395412
-10520384
-2382945
718550
-4728854
-23303
-1597716
-2259544
-1802831
-8175144
-1300273
-116509
-10322159
-852762
-566897
-1426723
-4320720
-8139983
-3500067
831305
-12006480
-639765
-3416781
-322853
-2646600
-5303163
48912
-734784
-8911415
-10641802
-6871567
-964673
-1224187
-2207120
-434814
566275
-11327677
-9417820
-11399405
-6699446
-1060380
-4437096
1082192
-10572951
-10034341
-317539
-7526819
-8833607
-8468495
-9409630
-685589
-929305
-1340682
-11043771
-8342638
-748520
327339
-8456876
2203141
-1838904
-8856014
-2691882
-2071696
-1245539
-523037
-2145805
-10796887
-1717410
-8425253
-1296895
-3883286
1042060
-9725032
-2703146
-5954809
-4037311
-9941917
142672
2396148
-11845055
-531203
-2466238
-1247928
244599
2969772
3124557
-2033576
-615862
-1708642
-8101522
-12345244
-399541
-11050535
-8330850
-4621283
-5543372
22388
-11644615
-6957340
-10730397
-1175811
-7657667
-5057772
-7692194
-9864477
-1148545
-11051242
-1261114
-1798676
-8703448
-3759786
-6058266
-3966503
-5424991
-191628
757215
-921642
476460
449045
-6226259
727554
-9235881
1607043
-9437599
-1551402
-6996605
-1727194
556349
-3280027
-6479190
-7179201
-12228924
-8290757
-1021258
-11496710
-9759854
-7058658
-4189332
-9301164
-177554
-2954179
-306678
-10825210
-833889
-10409549
-1984211
2078490
-2893138
-6887159
2271625
1148282
-6780144
-1158432
-3598446
-12019506
-4955223
-3052515
-7940755
-6217564
-8202193
-8864676
-7531726
277019
-5762184
-4212363
-1177633
-5320208
-1587338
165635
-881388
-699497
-282180
-10575914
-9728618
-5042
-3052819
-4609500
-11391554
-7445867
-9443772
-3546575
-6442036
-927317
-3225613
-4752761
-7417396
-8245537
-7332424
-5257079
728661
-5711597
-106681
-4914527
242101
-5889410
1178623
-11404858
-5682655
-8219196
-1333572
-6976575
-9688114
-689642
200688
-697644
-475838
-9414381
-8382712
-3462233
-6792505
-3994488
-1335005
-139901
-11245036
-7704254
-3775394
-6779569
-2694262
-9009035
-9876127
-4827761
-807653
-8308427
-6365326
-11065817
-2524368
-1425649
-2407096
-10258067
-3833480
1070008
-3634997
-1594968
-8997494
-2454948
-1428941
1367415
-1677626
-5479173
-10109289
-8832248
1142777
-7530689
-9856751
-4325250
-9061598
-4729182
-981458
-8439539
-11577146
-469348
-5672672
-4740941
-4363577
-1107926
-4604422
-5186245
-9685114
659733
-3729729
2454161
-935289
-2176420
-10803609
-2121399
-3963374
-2950111
-10106253
2541840
-2298917
-1438110
1187675
-7247905
-1970054
-5511369
-1332451
-10049965
623383
-10345298
-4127041
-733074
1186487
-1423681
1501326
-8413407
4089432
-5238143
-9367443
-3096417
-10537665
-9083719
-8892288
-6608983
-548516
-10527948
-8312352
-9219219
-4950247
-7713751
-3366213
-8889806
4186
198318
-7099158
-2509194
-245293
-8020686
2830480
-2601291
-2699609
-6521296
-9741534
-5784248
-9384633
-2999925
-2474897
137699
-7007958
750962
-6835327
-10628290
-8565708
-10161920
-4667447
1773077
-4102643
-5851935
-1596615
-508994
-901411
-9690021
-2442309
-9907702
-6409837
-7597100
1830721
-10193957
1073855
-546575
-9919626
-9111644
-633239
-6598037
-5504262
-8561614
-8405215
-1538552
-7797643
-6062571
-1629688
-8593959
-10550284
-9786160
528571
-904622
-11512469
-12437661
-87570
-6598727
-10517567
88469
-444311
-2192608
-7855541
-7484867
-11806192
2767506
-7871248
1792704
-3275529
-12531829
-622758
-7258574
-7206998
-9467476
2622205
-2406187
-6603510
-7137709
-9799075
-3052969
-37197
-57921
857015
-7037105
169126
-1574346
-526586
-507492
1554719
-70593
-1472166
-7072128
-1975057
-3726180
-6487315
-749738
-9318558
-3241934
-3504292
-6795919
28178
-6824727
-6639924
-6606735
-9049177
-9160654
-8793989
-1086531
-1451995
-1020649
-1504893
-3073982
-11671029
-7147173
-3857428
-11336801
-6696722
-4212395
-8762782
-8842101
-6333753
-6887276
-6318386
-2918728
-3077202
-2176707
-1127851
-2861971
-918340
-7947510
-6896851
-4038949
2965840
-1153974
-2044796
-2875745
-7361045
-5751783
-1206912
-3661573
-8851737
-1176772
-5521770
-6764895
-8633995
-2831179
673113
-1683086
791116
955364
-7002415
1159494
-11027345
-10418229
138727
-4557159
-1955089
301882
-11033244
-9718998
-6654076
-2244223
-9711691
-9123490
-6092664
-8625013
171537
-4967304
-1378490
-8992998
-7558404
-9110117
-6445368
-3743807
-809736
-12339340
-2081467
-803784
-7447116
-90164
-3074438
-10484944
-906703
-43562
-1472250
-7595978
-1038304
-609844
-5329368
-2789370
-4809716
-10451855
-889151
-6388021
-4995811
-8559283
-10773441
-6363590
-4935288
-7902196
-558604
-2607255
-7714527
-4868804
-752503
-6444518
-8238164
-9769017
-6342494
-5220993
-1241877
-264981
-1224914
-2894907
-6246412
-2465842
-1293395
-3273090
-9954792
90886
-10740263
-5606011
-224409
-10134858
-1441923
-7959761
-1519740
1133348
-10237258
-1856992
-4266645
-1706452
-10564497
-4763332
-1390691
-9552632
48514
-2067213
-750165
-10675301
-7082702
-7334764
-4032226
-5792708
-3538301
-4300083
483080
-721669
-4811275
1527197
-1760315
-5531776
-10846228
-10961564
-9084490
-226728
-1699566
-10454329
-9555169
1994471
-7364432
-6320758
-1245517
2184914
-8282985
1904387
-10726607
-3538026
1336235
-1093361
-1249915
-9372961
-10131286
-1590843
-283500
-5821442
-5968445
-8349103
-3278926
-8175954
-5556073
145957
2283677
-8693717
-1823681
-7042085
-7617055
-9715469
-7206543
-8409462
-8591463
-9251695
-10961977
-9485289
-6692070
-3377755
-11068459
-4195293
-12959924
774310
-9953407
-3024395
263338
-832410
-5945464
-1536638
-7191490
-9351298
-2203655
-6247526
-8839807
-5717053
-5329347
-2419670
-6155222
-3500782
-1231016
-2420588
-5981490
-5462344
-3041855
-12148178
-10433449
86784
10628
933730
-11357916
-4769608
-8515701
-2812853
-4728585
-2357025
-9358901
-1504659
2102679
-1278689
-8986756
-1501097
-2679119
-10175617
-10614510
-8255062
-256909
-1395700
-1456970
-6419673
-10322502
-9616765
-10819515
1537126
-5438923
-5802214
1917023
-4799248
-9176930
-393778
168838
-5743799
-5744881
-1135627
-3117705
-8304842
-6262439
-2835944
-10555888
-10607204
-8197371
1536493
-8734418
-6130888
-835958
1175512
24808
-679758
2648839
338324
-6864560
-7365978
-9431785
-10949956
-1760138
-10279022
-6750245
-326471
-6040532
145271
-10464172
-5073008
1725009
-10781167
279791
-10331845
-988849
-7983680
-5077589
-1326764
-10714765
-4056062
-8034919
-7330530
-5246756
677417
-10924479
-909873
-3901220
-4607516
-5455500
-1838716
-8482342
700748
-1450208
-10671044
90417
1161828
-11739797
-4106438
288107
-3048239
-3456382
-6491374
-9545308
790199
1037610
-3093634
-1342664
-9730742
-2244427
-7960992
14651
659500
-3361469
-5085338
-2087703
-4954201
3858511
-11129252
2779108
-8595507
-1789377
103327
-10369306
-9323998
-1357177
-5296902
-9641982
-6154461
-8964271
-7112715
-3800937
-8928880
-8572518
-11000974
-2946795
-7602175
-4721659
-3040891
-1670071
-2410832
-686352
-557585
-5000289
-439208
-4999224
-8181609
-1231921
-5552887
-269672
-12510674
-3238232
-4577280
269565
-2970267
-8573388
-8460835
-3493129
-2329610
-3178386
-5515047
-8169787
-3227189
-10059412
-3340726
1017882
-8437850
-12531866
-7331786
-4798257
-7017562
-724130
-9242570
-11460361
-2909353
-928461
-6069927
-8651108
-10826160
2113770
448851
-2668687
-10008457
-2078913
260257
-1587060
-3117264
1358680
-263576
-928993
-2383443
-451014
-690448
-9203582
-1695503
-9210842
-1047644
-4637941
-10573781
-6764564
-3051700
-7625035
-11508172
-7209991
625162
-9932464
-996207
-652303
-10762607
-6972060
-1601102
1098256
-3147831
208698
-11121072
-11194985
1351603
-5034666
-1706953
-666681
1280425
-903339
-3466979
-2039523
-1755162
3755598
-4463006
-870322
-418076
202668
-10447243
-12285085
-3879604
-12173066
-2987405
-12307999
-2344673
-10344181
353862
-12148011
-10551868
-2349865
-5555182
1031577
-719230
-2150861
-6885688
-4428666
-12058596
-3117996
-753733
-898715
-10070141
-10949728
-175629
-3112170
-11234092
-1554484
-3524997
-10001304
-2368551
-2648134
-3450180
1152525
-3985421
81121
-4820911
-6556159
-1469595
464205
-12315158
-2888765
-3948510
-6201218
1190548
-5587867
3248916
-260843
-7794137
-5913133
1759175
-11313184
1583149
1146453
-6199473
-749767
-2949765
-9219295
-10583149
-6939130
-2538973
-3323808
-3820357
-9180213
-479550
558934
-7996468
-8122837
-1247736
-2519727
-7232499
-1656491
-588168
-11254366
-6500450
-10265409
-9094584
-3123099
-9965399
-1643206
-9221562
-9046301
-4200426
-103847
-1333218
-2966692
55157
-4011431
-531233
-4533893
-1309159
-8652916
-9121875
-742645
-1667917
-4941430
-2408660
-8256472
-10633339
-885819
-10151565
-7770556
-2674685
-1585931
-6822883
1407376
-1456745
-10550978
-16025
-2921604
-7810959
-5236889
2077602
-181973
-10964797
55133
-7203205
605028
-3180870
-9302144
-995369
336306
-9401882
-10966370
-9237415
2763237
-2023738
-8481010
702866
-10162249
-9026488
-1356263
-2454119
-4035973
146868
-3764849
-6134423
-5201973
-9302740
-2164412
-11898660
978662
-10359784
1669797
-4494179
-4433265
-3622188
-1093004
-8474201
570126
-8478214
-8935870
-3153945
-6740791
-1818832
-1602882
-597290
-1098139
-9909238
-6582078
-7011586
-1869753
-8017130
-8251977
-242251
-605491
-3080645
-10753553
-2436891
81457
-2447170
-7856037
-10244568
-10479026
-1079224
-3269743
1840479
-7666706
-10140607
-2908534
-10525388
453074
-1504515
2321143
-12272831
-8149865
-4694889
-10341557
-10269650
-4906142
-11611690
325484
-1486903
-6858276
-8891945
-1269615
-2188164
1186219
-2477555
113139
-6491331
-4907365
1704493
-708339
-7859049
1293876
-1596161
-11757383
-9441521
-5519983
-10207507
-1136941
-7728732
-1073467
-949862
2543416
-608643
-8828625
-4338284
-4648680
-2278269
566542
-1758212
-5590668
-2532141
-4062346
-9409063
310499
-2138939
-272116
-956989
-6528295
-7637588
-4388331
-1524785
-1550386
-6190552
-541517
-11929731
-3458248
178552
-2189534
-1391055
-9769179
-274791
-9794829
-6829431
-3324546
-6254342
1005144
-6476676
-3218722
-2261822
-446894
-4994686
-2270284
-4225775
-8135110
899221
-397105
-7894042
-9646672
-11872132
-9112354
1359843
-658880
3091956
-1814080
-3839685
2256071
-7339384
-7941934
-7123099
-8613993
-685389
-2488026
-7512252
-2070939
-3811042
305008
-9181619
-3508434
-2161385
-2807458
-11244672
-8217010
601827
-2974600
-99300
-458864
-7829321
-4240388
-3820942
-290811
-10009900
-705494
-2263977
1635748
383305
-8426139
-178416
868546
-7186975
-8432974
-10365920
-4354312
-625576
-1538247
381130
-3387133
-7908481
-2288413
-1223190
-584116
-356211
-7966324
-4373713
-2913993
1627174
-8219577
744099
-837299
-10050619
-2184448
-9145295
-5021292
1407756
-2487949
-2983185
-9016308
-6883345
-10576184
-886236
-9801317
-2420996
-5680337
-5582579
-9387119
-3537061
-1200519
-402868
-5704224
4088645
-1213264
-5882778
-11216222
-992790
-8479642
-3407555
1424093
-5236155
-413826
-1976142
-3756182
-9181804
-8209694
-3531139
1441274
-7817603
-5772748
-9366550
-8678322
-7976031
-8073301
-151379
-4380517
-8449796
-1788304
2584335
-7250592
-1486873
-932009
-12624797
-8236215
-7925734
-8669165
-4453931
-2785549
-9805180
793798
-7915956
-9220772
-206484
-7755089
-7632956
-8904265
-4546113
-10223161
-4292581
-4869036
-2421951
-1420602
-178392
-9900756
-8844217
-7970702
-4935146
-1209076
-9832164
-9189194
-13129
-11155642
603163
-2996689
-3609497
-6157
-7919190
-3959186
780459
647079
-7523904
-7551205
-529094
-7594074
-2819582
-8435516
-9339316
-9639924
-1637981
-8417133
-9451766
-9725500
902772
1954525
-1057212
-331636
-8453296
-10299648
-1269145
-9368951
423986
-9202063
-1796748
-1594100
1240809
654659
-2604500
-1759673
-10436566
-8251024
-8968476
2448814
335948
-1145954
-5656916
-2601554
224606
87065
-656157
903724
-140060
-3001694
-9072303
-4381384
-710264
-9175170
-5257859
2541572
-4944933
-6254125
475222
-177076
-10065825
-829211
-3509928
-5495791
434210
-5602556
-9252563
-7900
-9033181
-7529903
1319249
-9837941
-468880
-6641973
-8445140
-10345511
392093
-3947065
-7753394
-6688240
-10577234
-6826642
-2972226
-1885408
-4192195
-8076401
33490
-3167812
-12080178
838416
-8765577
-8344448
-6779312
-3251330
732410
-5973106
-1919883
-10472958
-1845209
-521480
-11876138
3171167
-8235590
-4767352
-3800979
-1317718
-11102951
-6852700
-1130591
-2184734
-834171
-7417734
-871623
-9241453
-920546
-196645
-394709
-3473057
-9716200
-1306475
539453
-7052061
169312
248330
621983
-6443899
-4086563
-10308805
-2722090
-924596
642193
-405722
637065
-3782867
-2816214
-3251618
-1619113
-1897810
-3233521
-9707606
-4543773
-6480091
-5414367
-10064343
-8034434
-190132
-2881114
-2918106
-3182122
845241
-9870323
-2314287
-1114759
-2312014
-1509532
-2144337
2010942
-1145838
-2420800
-897155
-2790790
-8604314
-3853544
-9849055
-5944710
-1791368
-573187
-3457819
2035482
-1327895
-5209421
-1103722
-9718063
-12413312
-7977782
1131450
-3647759
-7497988
37436
-7108275
-3105639
-8295422
-633405
2727611
-10341489
-6709553
39845
-6963529
-6120433
-4989614
-8604222
-1588353
-7184656
-11178590
1101781
-17057
-11671091
-8905415
-121623
-2025433
-2771396
-851961
-289544
-10107608
-10820072
-5972862
2439265
-9142750
-1502872
-7101545
-1790040
-2058013
-8106750
-11340131
-3973918
-7882467
-1874148
-11510994
-2432012
-5979953
-11115460
-3193576
-729329
-9480938
-955050
-273046
-8655897
-6751467
-2457403
-7207486
-3744017
-2181609
-5955925
-8988389
-7120457
-11302986
-6495306
-2232466
-5960846
-1759033
-1988444
-8878766
-2210291
-8215443
-7920365
-10930242
-9308248
-8107325
800364
-8948928
-9725299
-8342392
989562
-5743076
-10739488
-2606368
-8581068
-4019254
-3287871
488847
-760210
-9249084
-1557503
-10411127
-1132383
-4320248
-10584843
-1376908
-1215057
-6111396
817506
-4869385
-1803625
-6953366
-16214
97396
-59447
-5078580
-6133682
-1232001
-2406843
-2298926
-4087098
-3673802
-1068183
571732
-2430683
897832
-7729057
-304815
-8858744
-7463499
-3587913
-1121218
-8126889
-1548753
832567
962910
-1310876
-1286919
-94179
1994900
1696434
-2243286
-8068522
-2849323
-2765143
718709
-11405899
-3146100
85225
-8928585
525207
-7634692
-4950593
-655985
-11105825
-9189991
-9561222
-6292764
-3890108
-1027160
-3656329
-1355433
-354797
-10347816
-882929
-3193374
-6586515
-3676238
-7445914
-1384804
-10279072
-5723830
-7096089
-2686553
-8230628
-800269
-2140413
1275797
-12092327
-5007084
-7240596
-7173060
-2513453
-10421862
-3521730
1352721
-3041364
-8123215
-4953308
-7079259
-3230951
-6143666
-1941691
986115
-8591185
-8464403
-120516
-11924215
-4901500
-7384185
-8484243
-8851779
-5920244
-3896827
-1708871
-165122
-11641164
-1013876
-713176
-4050950
-6240344
-6222203
-6984759
704930
-12373137
197528
-11102603
-8719753
-7229585
-10856316
-1242152
-6582230
1525198
-3570670
-2572751
-5121623
-1738939
-908679
-5418973
649717
-3677017
-105656
-2683824
-7824363
-389872
-6305210
-2076307
-8318037
-1529011
-21031
-776106
-361268
-10751293
-5994549
-4279843
-7197665
1408496
-8583072
2620287
-1227120
-5884126
-864729
-9725558
-6310912
-7391404
-2578060
-437758
-4519073
-1251603
-3544608
-11596394
-5558240
-1510382
-12325661
45495
2184470
-9694039
882311
24765
718806
-8934266
-10917341
-11304066
728619
-3958480
-227959
-6500621
-744102
-9926035
-9976187
918937
-80698
864101
29590
-7061339
-4681373
1481799
2799083
-9142367
-9995091
-10940979
-7020515
246219
990891
-8608679
2856163
-2730415
2949191
1876851
-9724015
1446730
1359207
-2091326
-5693226
-2337287
-10632287
-9030851
-10089599
1317615
-6643859
-1025131
152679
-2996956
-1681914
1069231
487308
-7955927
-9336534
2165709
-1932127
-1303737
-1660633
25088
-9990279
679649
-7897859
-971759
-657550
-8209704
-11270609
-3346424
-5896350
-3525635
-2970283
-5390170
-4686525
-8309181
-2788920
-1619293
-3864205
-6101336
-7155242
-9314827
-3875516
-2224044
-7525580
-9532059
-1025644
-1653349
-1156243
-3269570
-6138861
-9167970
-6754669
-1450055
-5039360
-9841305
-1267505
-9497507
-2067853
-2153017
-2004773
-6389707
-5597104
-1198662
-10233214
-5791242
173104
-2255073
-8989745
-4580122
-12781455
-8508144
-4524499
-2385002
-5028634
-262269
1955494
-10629527
-4892148
-2006991
574573
-10564703
-304762
-955218
-10079434
-1235376
70936
-445414
736124
-2339509
-6237545
-10253285
-11181812
-3708692
28771
2426284
-1809185
-6001791
-6836417
-6848196
2028892
-2605588
-888110
-6951355
-6797624
-5369903
-10394267
-521148
1010451
-8225834
-8855192
-2846884
-3523784
-722367
-10346240
-9935221
-9118490
-1381002
-3999751
-10387413
-10297828
-9446443
-5847968
-7506082
-4197779
220084
-10073461
-4778677
1945766
2023804
1937902
-3644596
-10943948
-8895669
-11180675
-3921105
-5863569
1672362
-3982866
-8150331
-7976053
1841075
-4186114
1459839
-11077008
-1295542
-1727194
-283956
-8825332
-8860941
-3693545
-7285571
-8085222
-8716358
-5892404
-6428939
681129
-7413
-10728373
-3060807
980922
-11809220
-11083001
-595828
-11890452
-7550352
-8854343
-2665867
-11458403
-6977106
-1058552
-1195021
-9942969
-6433181
-112217
-734560
-150833
569077
-1098344
-10100082
-10597817
-6453545
-1290691
-9145882
-8137753
-8935321
-11229800
-9930892
-2300796
-7100974
-6937500
-1529700
-5020292
-4525832
-6831606
-5841543
-3305745
-8084062
-4893384
-10156280
-5566587
-8786837
-8472622
-8354669
-6185415
-4139144
-5923710
-3188118
-8312665
-6160068
621472
-7421071
-7635994
-8811484
-8632790
-2540509
-5589177
1036094
-6324468
-11956533
-3471276
-11560842
-8432311
-7434031
-3779307
-8254835
-3902695
-4466218
-1195096
-7249226
-7289441
-9226421
-6037108
-7109395
-2007486
-4119135
-9181908
-891572
-6182804
-5871706
788502
-12481667
-2840244
-8529432
3171028
-1277316
-5983279
-3465057
-1114798
-2069014
1069644
-198037
-7907202
-1682790
-7078115
-3895322
-1076489
394035
2064089
-753465
2669044
-8794340
-5998527
-7792591
-34277
-2999203
-3668532
-8708137
-3457636
-10019825
-980013
-1241170
-10086012
-3948679
-1169341
-2088372
-10399162
-10779037
-9752215
-9520341
-2562461
262557
-589068
-9234434
-3509685
-233128
-1382753
-6766721
-1177016
72355
-1342768
-3028435
-1802633
-1073771
-11154621
-12101705
-10042285
-1419111
-8489590
-10979695
-2102880
110581
-9449700
-5229999
-3731323
-2075363
-6260323
-188653
-4776174
-2309580
-9088022
657185
-9439375
-6218934
-8026909
-9481210
-8320236
-9367293
-3384463
-7844568
1099904
-6860533
-5900579
-6838498
-2745242
-9400171
-5683547
-2067297
421565
-461791
-4645450
-448177
-11991713
-6553250
271855
-970633
-2317150
110435
-8147376
-9069962
-3030610
-4566465
546680
901259
-395251
-1357342
-253152
-7265848
-6966613
248488
-7268736
3558009
-1868042
-1417010
-3594036
-507040
-785073
1292768
-11322221
-1602072
-1041652
-7951551
-6436587
382845
-10047090
-8424793
-3499065
371331
-6562855
-8094165
-5672699
-4869325
-540696
-324542
-524360
-8308251
-12127295
-5383123
795455
-3308685
-9139115
-5110266
2222841
-9098195
-3892004
-912480
-5101542
-6309655
-8969268
-10675435
-11019838
-5442938
-2032033
770524
-2237532
-12108132
-5895173
591848
-1339097
605536
608650
-2099912
-8293195
-1206751
-9067578
-6102815
-1366201
-6148321
599676
-4826559
-1191652
-5391957
-6916007
-361162
-1439027
-8879203
166180
-1220085
-966657
-3476313
-6097598
-1094192
-4090796
-8007455
657927
-5778165
-7851611
-8082998
-644556
-4170495
-5442331
-2115095
-1525901
581136
-667521
-5472989
1636934
-953512
-6244213
-766535
-9459694
-1679068
1836339
-1098305
1847777
-3149773
-7479589
-9525814
-5920456
3887069
-9309782
-884839
-9990840
1365229
1011402
-4044609
-3426570
-2246468
-9784531
-10458559
-1162151
-2657651
-9496678
356263
718232
1853640
-9019249
-6312113
-730981
-9303503
-3201984
-7287079
-5541503
-8530790
213312
-3706669
1447791
-479309
-3401878
-6972176
-4812154
-8761183
-278606
280784
-9033227
-8423863
-1449076
-2477845
-2062560
-5028347
-7319911
-10526841
-4410526
-3015854
-7268600
-3794239
-10986821
-7176860
-2465147
-1194988
-3151840
-1872221
-11915276
-11871920
-7134470
-8950593
750929
-10725470
-7684238
-7291784
-1038290
-6691448
-843128
1027946
-9588689
1524129
-8410387
-1878032
-1384973
-8583050
-11059176
-711481
-6748016
-10615799
-3420575
-5778951
-5822698
-7842073
-6916481
-1295135
-8381854
-6471427
-1192755
369984
-1281925
-8898140
-9632825
-9152958
-1480208
-4516344
-11312856
-6849219
-1612020
-2183071
-5041149
-6026342
281423
-9338953
-9649087
1536366
-600109
-8255492
1501668
66254
-3986344
-10910254
-8281697
-12551622
-577068
737326
2915191
-2540455
-809096
-4305156
-1962810
-5211830
-9989230
-6830317
-10116193
-8507958
-382932
-44088
-9161514
-10643177
-7984336
-112458
-4562791
-4903874
-8903837
1427275
-10830921
-7381584
-2469422
-10977121
-1964584
-10431406
-1462304
-1445821
-11188366
-10886410
-5653778
1969014
-10397576
61278
-1985347
-12023720
-5490098
-7379079
-9779908
433028
303869
-2124571
-91964
-2370766
-7284570
-8176801
-9760118
-4248840
-411081
-5244759
-3204697
-4926531
-2726578
529763
-3446046
-8650354
-1937484
-1370125
854727
-905326
1517682
-9017210
-8052116
137181
-2027195
-8295726
-11646567
-6545973
-5346483
-2611795
-10240047
-10453832
1502345
-8722347
-5050056
894129
-9391056
-10024330
-9753081
-1207617
-6092316
-11224397
-5414086
-2347919
628046
-1412114
2286799
-11805255
-858227
-2417352
-6792527
-7104795
771722
-2776979
-9867294
686556
-6875363
-3762049
-7973118
-10983718
-1256922
-9948560
2064122
-5245976
-10009122
824461
-987750
-73982
150465
-1079626
-13168692
-10249094
-2391963
1545631
-7147010
1229892
-11112858
-9161758
-853892
-2218733
-7902503
-3932269
-5554210
-1708947
-5905919
-953583
-2034337
-3761538
-246429
1691461
-6408393
-2121365
-1601785
-1549523
-9330378
-4295122
-8137159
-668190
-7518528
-8403872
-2408184
-8873780
307738
-522174
-8622810
-9725500
-4162886
-12654214
-8951259
-10243822
-11434046
68326
-8611670
1115053
-3048620
1119429
-7274127
-1599379
-10110327
-1143774
1521886
-7711277
1180598
-853575
-4123439
-9792313
-6480590
1430935
-6233650
-7252753
-14406
-4028601
-2222882
-648584
-9824663
-5945923
-4774170
-1780994
83224
-8575481
-12612070
-261733
59041
-6938431
-7966533
-1944507
-8765409
1901547
-10576013
539491
-1964561
-5067434
-4319739
-4205964
1494846
-2289857
-6158989
-10461531
-8220250
-1285779
-9553699
-9330404
-8981575
-2615168
-2094704
-11039106
-11115731
-4483326
-7412761
-10095622
67190
853848
-96329
-9484392
-6413602
-9577872
-3626638
-9888208
-3610614
1748608
-2551652
-859380
-8253003
-9431925
-843271
718284
-4914703
-11396747
-1830667
-6819931
-4305904
-8632543
-6764830
-5806792
-2650734
-10035121
-2807075
-638907
-11609043
-153595
-614188
-8792570
-3916626
-1851161
1229835
-7681354
-7924172
-1773642
-10442634
345838
-4717700
-12471372
-1528598
-11206369
-1462371
1363273
-2729964
574467
-142814
-7354291
-6865224
2773464
-1753848
-754721
-10936790
-7994177
-9888659
-2049715
-1208453
-8560757
1806665
-270876
-2108527
-726567
-768124
-9670755
-5908079
-690730
1795435
43021
-9645732
-11213539
-7532778
-2653166
-11056654
-4026568
-1793578
-9615305
-5033016
-3532627
-12646593
-1481160
-3456561
2591472
-1595714
3001813
-217210
-1664419
-294376
-943382
-1599308
1079476
-1044398
-10195631
-11643936
-8696195
-1966005
-7648545
-2252148
-16756
-1722176
-3753732
-8348871
-3060738
1043764
-1088410
-3453803
-8502542
-10049817
1378658
1310285
-10579516
-1928716
-7556720
-9063735
-2554644
-759160
-2367453
-948934
-403027
-10545243
868855
1422988
311442
-8168662
-12092182
-2143120
-11500839
1026880
-156273
-4456439
-3496289
-2367392
-1085809
-186420
-11073626
-541101
-2054503
2194069
-2396856
-118720
-1304780
-8822040
-1033483
935169
-7164904
570993
-3459190
-8421680
-5527990
-6912728
591884
-8321414
-4631607
2290820
-8139429
-6685980
-3632150
-12114185
-11012549
-4186557
1746292
-9088980
-10284611
-7783952
1283256
-12132532
-6321678
-8769297
-54512
-474463
-8001259
3604171
-9922727
-8860168
-12786405
-3314463
-2574554
-8382445
1346985
-7929209
-8058578
-7176346
-440765
-3664099
-7632341
-9643342
-7514641
-7637722
-3087405
-3045503
-5476057
-8938276
-8967133
-10940787
-9811394
-7966533
-5291114
-1212701
-8155641
-8947018
-2134872
-7261169
1236814
-12010939
-10963609
-9227111
-2725821
-777688
-4548978
-6990399
-5522799
-11117221
2408273
-263789
-9332888
-2203876
-1419728
-8949791
-3941740
-1523727
-5321017
-6207095
-3286222
-10332840
-3201300
-11240788
-2735755
-4556481
-10399712
-1296671
191292
-1766653
-3889927
-1367386
-8553333
-6119492
-9507784
-7345571
-6352517
1778725
-6025429
-489942
-3701762
-1588132
-5403659
-8853895
-4955805
-7506557
-11865193
-9295706
2064018
-1933894
-3532469
-7436179
-302331
-10212132
-1668860
-1585607
-4776661
-1110088
-9110649
-2144994
1371900
1044128
-2731357
-9277286
-10304237
-8737529
-3503390
-10390667
-9227318
-10276693
-9779626
-10131039
3350717
-2474802
-9140010
-6031676
1786049
-8397676
-9421159
-1699233
-940615
-1386726
1129959
-819905
-3006972
291266
-8294980
1584604
-10339151
-3747235
200156
-2762698
-5101893
-666349
-11264476
-230771
-2813217
-6810674
-5933011
-7497458
-2268961
-1779120
221357
817284
-4392684
-9487043
-9644145
-11502229
-4093222
587615
-1472697
686360
-9906161
-1142055
-4617574
-2086523
-9609946
-5318986
171346
-11374125
-4466976
-10111912
600473
786289
-10960433
1538434
-7926860
-2823147
481795
1287043
-1731188
-2378249
-10318554
-12221839
-2553107
-853988
-7200740
-9817677
-8968141
286464
-5507059
-3394874
-726734
-9800162
-6599949
-9216181
-3909887
82499
299659
712162
641360
-1020044
-215446
-8215892
-3768698
-1687344
-8193394
-4499611
-1769012
-7310885
-8106115
1140575
-10915003
-2896401
-1721481
-9736769
-4301716
693744
-2144749
988594
1497011
640931
-8888024
1570333
-301250
-6049385
-1348452
-9892389
-6615259
-8872774
-7279400
-5120514
-3679548
-1897516
-9785077
-11575532
-1704534
350259
-2739238
-5443082
-2909580
-1825489
-8725816
-8979578
-11513694
-2693808
-2563282
-1943859
-8278108
-8770476
-12123525
-6841426
-2418531
-85892
-4865080
-6067744
148577
-515609
-4297990
-7254173
1666395
979286
-2825247
860479
-5557790
-389727
-2764633
-7394937
-5456315
-11647528
-9322909
-2450261
-8033971
-7852835
-3067527
-217869
-1860287
-557551
-2735874
-444496
-10015436
1862034
-611895
3077570
-4159920
528792
-1735873
-455936
471715
-1481438
-2280115
796716
-3689831
-824475
2366381
-7955664
-7659898
1809444
-9199143
-9937601
-331661
-6674544
-9022612
583748
2400480
-12045415
-5714250
2840046
1463616
-8215992
-10778702
-93229
-9727821
-1732019
-289375
-2036301
-3832761
-6335558
-1879163
-1610521
-900355
1487314
-179631
-329532
-1448896
-1623043
-11337048
-2473590
1121232
-4267095
-9643192
-9261404
-9660839
-3640184
-361593
-1618395
1456731
-9257248
-2162516
-3216271
-4071211
-6818352
-7548626
-1797610
-146935
-9957715
2487041
-7040282
-7611408
-11148528
-1326932
-7645637
-9712142
100391
-8750098
-1024981
-9137680
2043695
-1771228
-7085474
-7491813
-6112970
-7738941
-8525063
-8818418
923293
-8931363
-8483515
-7197907
-4784076
-11948621
190591
-4456207
-3465432
-1552779
-1087523
-4599900
-8028105
-7105469
-8758315
-6829085
-3050365
-6717947
-9025637
180829
-11401572
-7065639
-8365577
-512725
120946
-6188452
2919382
-8303727
-565926
-2055759
-1142171
2649988
692099
-9348527
-7934285
-4752621
-9288082
-11909184
-11451059
401018
-7464294
-10614952
-8290878
2106972
987488
-10923176
642679
-8958428
-10060704
-7286543
2784641
1463912
-1789042
4281715
-2486623
-11641874
-5118047
-8400766
-500031
-5579037
-8506083
-2293959
-5484292
-10564021
-5702584
-5823848
141921
-11613978
-7173669
-5506793
466198
-3107547
-9985992
1376034
-2496667
-1396180
-1262583
-2872953
-7143795
-5887604
-399752
-321386
-1262798
-7970754
2913086
-6303323
-139427
-996914
-5420477
-8745922
-388985
-7580853
-614153
-12003520
-6034801
-946514
-2885047
-3467306
-7540679
-8268693
-4779173
-7166394
-2921054
-10562824
-3671695
-2048070
-2947454
-837644
-2246253
-2563278
-5783099
-2135561
-814752
-9852307
-6216866
-6674936
-2937390
-2237436
-3031316
-5497918
-6057116
-9910702
-840603
-9565814
-8190358
-6329970
-8785787
-1610801
-5908184
-497819
-778815
-11261268
-2071216
387081
-2721309
-893789
-5404604
-9309110
-764699
-2452621
-8720119
-5288346
-2022968
-7748821
-114682
-10460619
-10380051
-8480435
-10902363
-4930121
-1024240
-6192346
-9171603
-630736
-160023
-9029087
-4521150
-6044417
-10956394
-965375
-585306
-2791747
-345403
-1245678
-924518
-9522199
-9218715
-7560735
1132492
-1180813
-8161355
-8963615
-355687
-11387653
-1937021
-2101644
-11379369
-2697057
-3455624
-5486047
-10616769
1718670
-1080432
-7010899
-2038563
-2551878
-1855074
-11233978
-1233575
-10897249
-10027708
-6565717
1059106
1694569
-5267378
180847
-392433
-9357318
-2412554
-1058693
-96849
1255284
-2168518
-5573200
-7749439
-4102302
-1629737
-7556798
1548940
-848294
-3204849
-6000908
-306870
-761206
-10242525
-1460829
-465866
-994657
-11443018
160230
1290928
-2953018
661896
24896
-9196494
61946
-829637
-10825689
-5526417
-9225460
273344
-781882
576547
-6104141
-482036
-1395102
-2360259
-7766986
284875
419361
-3844777
-342810
-10746344
-3517697
-2749623
-544554
-11183004
-6847372
-10510442
-3870254
-2886119
1013779
-12291098
57765
2078843
70500
-11556380
-4646095
-5482155
-8553591
-1618695
-9968087
-5067803
-8187246
-8315665
-10815031
-7685466
1032830
-8385138
-5779660
-3378585
-3203274
-12122495
711300
-11462785
-6004605
-3784482
1162555
-10625935
-10068858
-6199279
1221336
-10039628
-796742
-8172589
-7380915
-7755277
-746137
-2553156
-875492
-5453175
-5028011
-3221404
-9902803
-1768527
-196732
826525
-1436629
-481983
217304
2085542
-7707702
-2658962
-2459215
-155489
-268758
-7503909
-10182772
-731345
-4941755
-1030784
-5534577
-4303810
-7039446
-10065262
285277
-7049474
-634384
-8197923
-6663984
-3136820
-3334747
-2639976
-9430550
-10305676
580469
-146584
-7453635
-214702
-4857889
-6406338
-9628871
-5499657
-3100894
-5648707
1880305
1969916
-5045562
1617920
-10700750
1446971
-6970412
-6182972
-7855285
-3971794
-6405216
-10598386
-6721789
1589224
-4517337
-2902907
-10741722
-6952336
-1321691
-1432337
-8024939
955790
-3321479
-6577618
-10489084
-10934837
1683139
-6895961
-1083195
-2870021
-3734000
-11387918
-1066939
-11384028
-1914158
-5199874
-1615283
-590537
-2451730
727989
-3748936
-6392673
-475591
-132334
-11705471
-2480801
-3681351
-5474691
-9510647
-2215978
-2361921
-10148095
-11160994
-6542730
-6964884
-90282
2486159
-557826
-7183375
2757449
-4679035
-6929669
-7474431
-2825524
-2136954
-6541202
-9696534
-3597117
-946722
-650907
-9183374
-10507007
-5105257
4206785
3140355
-9709357
-8214674
-4639392
106518
-8534738
-1202809
-2263905
-156109
1694339
-7600935
626664
1783357
-11743172
-1273266
167162
-9391235
-8342121
-9458171
-10838331
893565
-6580379
-4283991
-823640
1315576
-7374027
-6154248
-9445558
-2279388
-10663917
-2907742
-1311210
-2114453
-10893512
-6200355
-3113806
245776
-12111266
-6773861
-1364927
896739
-12910609
-3622643
-10233343
-822478
-1914643
716383
-1728644
3105661
-2465053
-10636675
-11432774
30058
-9254417
-4515458
-10969716
-11296429
-1609587
-6295157
-8683947
-2078311
-3081352
-9561001
2203187
-38464
-3096541
-8500463
-5346017
-6682820
-6940852
-2825746
-2456975
-774037
-3748418
-8647192
823157
-6044335
-9731191
-807084
-7835868
-417745
-1256013
-7273660
-1081584
-1687621
-2030812
-3992390
-6303363
-6250294
-849907
-3869239
-6477251
-10790820
-10367876
-4706711
-6878882
-2025196
-7131710
-2748072
-857191
-3434373
-4920389
-103823
-7186927
-6278057
2431955
-457155
-9750435
-2583965
-2101976
-2729187
-532656
-12789866
-1409303
-9563995
1077514
-6180996
-93450
-9383762
-28123
-2765079
-4333861
-6939789
-10528104
2689764
-9976267
-1122691
-4345176
-9088618
-4732714
-742789
1054095
-2455494
-9253668
-1235402
-10291953
-8606493
-7357307
875234
-5276928
-9918793
-1323543
-2518801
-4002054
-8656921
-8349555
-5331089
-91615
-6234547
-9801831
1212939
2315793
1194285
-10758282
-9583781
-1349614
-9272889
1503820
450781
1743374
50240
-8094604
-4352293
-6075812
-3293246
947300
-7980187
-10737337
-10874696
973197
-591965
-8721758
3462450
-7119666
718985
-6115626
-1459075
-1337212
-9921972
-8707081
-8089973
-11166597
-1029463
-11230132
-5762746
-8880074
-12390520
-2560803
-2470122
-2015888
-1283480
-10476997
-10382857
-297032
-6402247
-8180709
-2560423
-9681884
44838
-8285565
-1264861
-5473407
149100
-2170316
-8353747
-1320706
318439
-9789449
-8519589
-2487684
-4978184
6034
-4284528
-8002433
-2000425
-7908610
47144
-11772412
1333109
-9053726
-503735
-1420324
-1564928
-804371
-2282666
-7622430
3254509
-10201153
-10626861
-3202544
-9885800
-3663034
-11090630
-12814951
-7185911
-1020157
-7746017
-7769777
-3818512
-6872857
-4784663
515990
1809004
-9228157
-1329738
-7446866
-6973852
-3753696
-1094254
-4763221
-10214908
2459397
-9443966
2719360
-1757730
-5303995
-337663
3339447
-5290974
-1280397
-9582868
-8894945
-1498461
-29947
-7148546
-2240033
1957063
-9779638
-6244236
-10323454
-11921486
1680499
-706049
168242
-9566279
-2166652
567941
3275570
-2282949
507300
-734126
412152
-8222881
-9393114
725299
-1030529
-4689599
-6085546
-10136220
145087
-11443056
-12273029
-2538257
-5231889
-5046767
-8368928
-8084809
-8991631
625455
-4259572
-1549329
-1964899
-1779270
-11739718
-5457737
3399528
-10032155
-7387093
-51183
2947060
-10468620
-12358755
-989422
534201
1086511
145770
-3395089
-8400160
-12157151
-124129
153576
-2699246
-1871956
590894
511375
-3718079
-2236991
-11683615
-5277225
1324727
-4751244
-10642364
-567832
442740
-939865
-2446654
-11516632
-7163983
-1064762
-9185823
1416482
1400545
-2935337
-3205943
-6847769
-1426332
-4828364
-4397425
-2037006
-7344891
-11849608
-8198909
1495370
-2085030
-2932722
-4723760
-11054540
-2360954
-969834
-8248904
-4801003
-134936
1540730
-10521438
-3041483
-7397005
134056
-8235013
-1307384
-4815823
-3602701
4996
-2329902
-742139
-3460897
-8781081
77390
-7158935
-6929815
-10002845
2425566
-7292317
-9713125
-9251693
-8755474
-8746354
-7705888
1817433
-7881211
1427730
-8992309
-6125798
416720
-2021938
-689254
71171
-9939769
-1902561
-6762980
-10361087
-5686427
-1542715
-6606063
1123314
-3353923
-3298731
418515
898377
-5750287
2595357
-2986296
2919194
-10553725
-9425936
-9186059
501613
1022684
-6792121
-2855923
1509765
-2290718
425252
-8458147
-1524279
-10846105
-6964210
-11200078
-2196806
-9010581
-1093395
-12357967
-10953519
-10256397
-10958923
-196753
-3243803
-1656269
-2490155
-179384
918155
-11520834
-6160798
-293335
1297770
433805
-9140114
1871272
-618829
-607646
-8267916
-4920739
120140
-7715281
-3030685
-8538293
366161
-6077837
-9993687
-2133710
-10336354
-6592098
-1159270
-174638
-11707930
-4428138
1647306
-8077607
265195
-3304809
-10778276
-9276574
2455953
1167806
-66889
-5663545
-11756370
-9234524
-275046
-7162274
-6845305
-5172793
-8368144
691797
-2865786
-9931703
-1019033
643499
-4916069
-9718094
-39211
803800
-7774675
-6698566
-10132117
-6184231
2025272
-10843211
-227188
-7795386
350665
-6261908
-4406715
-6958355
-2173699
-8673417
2345236
-7989139
-2206177
-8077426
-2559951
-1184691
-10052427
-52659
-515367
-8008564
-7667833
-3276406
-953544
-6806063
-9568597
-4845434
-2339651
-749584
206059
-5827260
-4929617
-2191852
-1770402
-11346877
-7461002
-2820839
-11544340
-8675061
-1508546
-9031663
-9012803
-12606915
-7163005
-6551225
-3901438
-8035497
533839
-9202604
-921197
-4896825
-6164363
-2609476
-1314395
-7887509
-1290275
-396878
-10236370
-5169994
-9136608
-8694565
-5781120
-9412109
-649740
830670
-6412525
1580471
-4981935
-5482769
424280
-9430521
-224902
-8830207
-230152
-8250684
-8356583
-497836
-2834370
-10235416
-5706302
-6441947
559945
-11219717
-2989885
-4815555
-7722428
-9866053
-7235946
-8192811
2238504
-10842864
1409704
926794
551419
-3137389
-9801673
-12357800
-5890394
1909538
404469
-12606677
-11476254
-8386291
-5306793
-6351431
-10053961
1505541
-2094525
-8066216
-9273144
-1275667
1302261
1478321
-4394262
-11016259
-10421631
-5794640
-9212967
-4446990
-2041376
-10383910
-12139355
-13713
-1454678
-7999820
-8614115
100423
-8961714
-6460883
-9081139
-11123151
1404369
-8150182
-6953082
-8476738
-236878
-947525
-9920669
-2748222
-4223802
-8377698
-10034835
-9733114
-5403853
-8460303
-6079359
-11927046
-11424156
1815873
-9129146
3402464
-6450718
-238765
-301114
1197941
-12517745
1315576
-10268808
-976432
-9460855
-7102955
-2531051
-9357193
-2303641
-1296666
-57970
-1666506
-1133527
1175784
1388655
-2871335
-1672754
-9376776
-8058246
-12196610
-186232
2960987
-624616
-9353474
-5417288
-4573947
-1905779
323475
-9657889
-6055246
-1599174
-6805298
-98269
-2830392
-3936859
1392208
-1947751
-1563773
-3175084
-10310453
-4612071
-9494342
-5668542
-279074
332805
-4668592
-8955351
625143
-1892674
-9585425
-590894
-1602315
471615
-7929533
-5874871
-11705287
325056
-2075755
-10939677
2132574
2085122
-3752329
-8772186
312174
-5000445
-7177720
-6914052
-9507715
1620027
3279427
-1157392
-8073257
-10042387
-9512130
-6668789
-1570925
1077843
-5574865
-8754977
-2272981
598088
754110
-9899647
-11824664
-11537550
-2374027
-12406498
-2205556
-7923529
1128065
-10683183
1159412
-595212
-7626618
-1784807
-11016141
-13164626
888747
-8772144
-3617198
-8345745
-9309146
-5273249
-7196854
-7488039
-8366336
-8624847
-9896083
-10863659
-7560611
-9905969
-10136003
-7799514
-6372432
-6659979
-7053605
-470428
-595138
-7312932
-7831872
-11993505
-4086732
-1357245
-4739882
-1201877
-1144027
-6514533
-3360618
-10732261
-2991954
-4526478
1778042
-1834248
-627101
-7789192
-5787291
-1537556
-3318249
-10951245
-11279488
-6255970
-600989
-2697874
-9618247
-8566969
-2714018
809656
-9168179
-9818175
-994333
-9980387
298650
-11381914
-3515993
-2102628
-482073
625399
2465101
1191051
-8416070
-8938728
-192358
-9468203
-10161508
1744083
-1230000
-7108498
-4275240
-552437
-7525669
-8189798
-2433286
1343875
2283306
-2023889
-11221480
-8447486
-2216277
-1082792
-6010621
-2428093
-843692
-733317
-11712394
-11048523
-6184488
-3940475
-920250
503699
-10423183
-1071004
-1326253
-170767
-9278426
-6661459
-8293415
590704
-7621796
-3746756
-10022
-6523107
1189831
-4896147
-3456657
669253
-777952
-7362943
-9316295
-162933
-11507683
-323256
-8321274
-7099838
-1173147
-8275332
-1084396
-10544874
-9921544
-1882567
-4997669
-6845299
704238
-4216819
-11023641
-10650940
-3803778
-9662453
-7328628
-6851264
-7495674
-9801644
-7668357
304273
2001146
-7238509
-8808839
-209070
-3025902
1862909
2253978
-7434514
-180461
2026013
-11658186
-1702874
-5611179
-4805583
-4298477
-3416213
-766600
-163121
-1166094
-8575989
-4402074
1179118
-2404321
-1934288
-5811913
-2535905
-12480272
-8428002
-3039504
-2888124
-2576383
-2638844
-48946
-9703237
-1597291
-4313774
-2221950
1528911
-9979279
3445491
1653776
-12074158
-9343423
1747070
-9597052
1683668
-8459825
-8367458
-2108606
666387
-7572001
-5624237
-7079870
-12234749
1649084
-8634036
-4319
-646221
-2479883
-11700064
-11109224
1778543
-1011973
-1483075
-8926211
-1721339
-1365766
-8989125
-10429068
-10102907
-2879634
560361
-10756082
-5267
-10183229
-192559
-2586110
-3418395
-4152902
-2000879
-100166
-9621790
-85929
-4442645
-1054081
-5749403
-3292179
-7253594
-232529
-6628458
-7822637
-1008810
-8244167
-1195691
-8714465
2755959
-11845560
-9330306
-8957588
141602
-344595
72251
-495815
553153
-8533129
-10664137
-11162063
1188381
-2235557
-10270814
-6417425
-9912209
-6204381
-7204810
-359436
-8319660
-7075716
-3533421
-721547
-6784202
-11373250
-5707988
-9654307
-11921339
-82541
-6427230
150831
-566356
-7748646
1044842
779979
-11234242
-624272
-8638600
-745827
-705761
-2845419
-6177961
-7317041
-12061394
-5767415
-1146044
-2150521
-9256036
-3645824
-2299043
-9619822
-1593975
-2151779
1415871
-1742073
-298041
-1098380
-1323121
-7761693
-11834663
-124222
-2236285
-1879877
-5092961
-6350803
-277828
-759073
-6032692
624200
-7838356
-1404104
-7482857
-7263720
-2276533
-3936427
-10786349
-9590020
-7890899
-9835164
-9421142
-8369177
-7577307
-2206513
-803228
1045285
1636593
-7302754
-2244994
56595
-5133656
-3519534
-9952955
-1524734
212926
-1315219
-10808866
-8768479
-8247679
-5671794
2420529
-715202
-1044746
-848798
-384813
-2038000
-7044814
-2900978
-5307889
-677012
-4268466
-6964918
1657480
-10601385
-10306697
-192066
-6930226
352503
1971552
-5957370
-11034441
-482864
-9094989
-8434806
-5623401
-2072641
3364559
-8257108
-898668
-4376295
-3636721
100008
854708
-3496089
-11323319
-833749
-2359770
-8460943
-6289031
-1350106
-4156641
590145
-8824672
-7258420
-6668824
-2844134
-1169066
-6782535
452149
-4361802
-4442664
-1061629
-9575444
-4720340
-8483070
198407
-3591632
-9335208
-8547650
-10749242
-7547603
-149674
-10136459
-9413946
-9903589
-1178235
-4555075
-7742030
-7518624
-6887364
-2542300
1171912
200190
-10214255
-11016986
-1863937
-2912247
-132140
-1879444
1211079
-8993408
-5093062
399091
-1204616
-5854938
-9444028
2301788
-1814773
-8275727
-7078868
-5774510
-2212714
-1733121
-2735294
-7152462
-11466992
-5321744
3580439
2588013
-1893241
-8009739
-10002863
-7235225
-6418290
-8137038
-10994792
-11919739
-7499701
997738
-10290740
2111
-1536273
-7884921
-4566999
-4699141
-1025565
-2579386
386313
-2093717
-2058593
-4559800
-8902529
-8369729
-1697139
-5586551
-133822
-2981802
-7802176
-4084641
-6836154
-10046445
-9510221
-10007029
694931
-4647298
-693346
1229802
-7507983
-9380229
-1255783
-6649091
-10357864
-5039696
-8646183
-3944657
-10152215
-835602
2027065
-8091803
-7547914
2077790
-1572831
-10803931
699684
-7889222
-5349585
-1677987
379360
1406632
-9971320
-8981423
43806
-975193
-940035
-1593202
-981693
-7115594
-1380112
-6401006
-8716864
-1177653
870135
-3471988
1318481
-5815624
-6578444
-11541988
-11197787
-1259560
-4835823
-812542
1718329
-10772616
-7172552
-8758413
-9958969
-8618167
2208209
-1308105
-5559570
-7054463
3076287
217350
-8736333
-3031093
-9220980
-1644432
-3170411
-6443741
-476735
-6419613
2597524
-8006002
-8146171
451673
-9197204
-472729
-2006775
-8861551
921008
-8572
-2064198
-4550213
-6278106
-9306855
-974186
-9433153
-1598350
-5829844
-2223206
-10461716
-10361976
-1682806
-589466
-8322883
-9286331
-2261144
-8926230
-2690190
-9452130
-3570002
488805
-10172325
-11846912
-1568545
844829
-10546791
-2450652
-2160544
-3802636
-4491694
-1276374
-5047922
-10175662
954960
-5202765
-396279
-1984941
-11109417
-3586393
-6703418
-8218021
-2060628
-907937
-5567558
-10400953
-9096737
-5612445
-1973428
-2547118
202574
101883
-11144566
-4807409
-539142
-9090407
-3657056
-5548933
-2178337
-11120878
567681
-5210180
-8816680
-9387706
-1870356
-7116863
-3496406
-3362256
-2100492
2427775
1409047
1864904
-2790277
-9641870
-1712090
-7227849
-7261209
-10886445
-1682221
-5848341
-2994291
-1242803
-11077192
-2415734
-3051960
-467985
-5733280
-10289808
454964
-3939454
-8464933
-6152298
765317
-4513620
1244219
-10010655
-11748914
-1632396
-1695053
-11124597
-6668791
-9809902
-1175999
-632581
-1051067
-936821
213396
-8841835
-8341599
-9158778
-10355767
-12459
1699641
-10949615
-4132488
-2691755
-5838114
-1287982
-9997321
-1979880
-9116379
-8280046
-10074592
-1351344
-7932768
-5655437
-10438830
-7841060
-4780609
1022805
-739655
109883
-9001007
-2863000
-1407253
157602
-1553193
-5416943
-1147648
206430
-782744
1845616
-2413814
-2628583
-3570023
-10549219
-8814954
-3197633
-11094703
831524
-8482080
-7463745
-9222563
-11777554
1243175
-8883345
-10412435
-1957533
-8021792
150582
28627
284746
-8578141
-6789277
-11772825
-314955
-876497
1535843
-6785362
-7387400
-7708467
-478148
-4000446
2664893
-4206968
-11482270
-10926632
-429870
-3994372
-4206012
-10088007
2826882
-11831555
-183748
-6707760
-7970369
-6892334
-11175896
-6124749
-999907
-10537520
-3760394
-10337708
-1719319
-9091434
-8259342
2289119
-8520438
-9225589
-399530
1990539
-635714
-8153288
-6944015
-6275222
-5694887
-10832275
-1577481
-468687
-2155814
-1091561
3291214
-515250
-7637191
-10051271
-5382762
-5375414
-731557
-2665394
-5269405
1946652
-1936855
-2122149
932596
-5678670
-1869627
-8679793
-6733696
-3460629
2040753
-540160
-394426
-2338591
-924702
799908
-10946495
1771776
-4840631
-4230765
-1544744
698167
-744612
-8737863
-8488092
-6922592
-3766949
-8481850
-12147208
-5410746
-6607083
-293277
-1879492
-8839891
-6749164
-2405510
-10543008
-7095326
-12045179
-8262455
-8444731
-3876789
-3559328
-8948612
-1441607
-4683315
-9990978
-9254031
-1511496
-1118729
-9735209
-10883474
246005
-2260451
-8690375
-3558056
-890537
508799
-3462671
-4751521
-2619965
771952
1082128
-1071076
-1904680
-7380405
41572
-1203602
-3331277
1241035
-8156919
-7648971
503828
-823612
-1626701
-8172066
-12629745
-7519493
-356210
860769
1593517
412736
-8233819
-3124187
-8474296
-7054188
-9442253
1398890
-103232
-522963
2531436
-10586349
-9729537
-2637266
-9522518
-3913372
341567
1284526
-2200599
-1990930
-8027561
-1732025
1174055
1731875
-483215
-10983032
-6221834
1377227
-3656232
3267655
-10177905
2450454
-7741659
-781414
1327347
-687127
-9632270
-9802834
-8767257
-10290331
-10054084
-2810149
-10223399
2007034
-656426
-106031
-5351106
-1181234
-948220
-1169277
-5787879
-163656
371703
-5333865
-1190802
1462775
-3012651
-8022194
-9678367
-9299334
-7847432
-7167878
714845
-7842684
815744
1396293
-164173
-2647575
798472
-2456552
-6110014
-3925781
711841
204698
-2943677
-7175025
-10778830
-16309
854672
861231
1487419
246042
-3935723
-10425083
547428
-1876839
-342958
-1574100
-5653464
1727118
-11981731
-267318
-1389922
-2082227
-6653259
-2765671
-4303895
-4052075
880404
-213275
-9601157
-824676
-2225734
-6810708
-1570136
2456837
-3710918
-10121237
-6467955
-10818309
-6005087
-11016295
-3141595
-968685
-6512039
-2566867
-2244873
-9566691
-7559489
-1232400
-8131898
-2753663
203648
-9338808
-1866667
-6056319
-5025416
-1438914
-8214347
-1708953
-5186261
-5944081
1820554
-10998397
404317
-4580380
-374230
-7470257
1728633
-8775819
-12983721
851013
-12228550
-2267140
-675165
-7573466
-5962491
-624034
-2802372
-7178417
-321422
-4764967
1417188
-1774860
-9006747
-3194840
160685
-10036650
-10687073
-577016
-7536368
-7126956
399042
-3410221
-9040925
142312
-8028873
-5234738
-5789508
-1344296
-1155281
-1839202
-8344227
-1191039
1330467
-10963615
-791344
-1281562
-8337922
-4410753
-2510582
687654
-838610
-9871536
-265675
-8990885
-1331453
659845
-9522610
-2892108
-3700446
-1004643
435041
-11328532
-2800791
-3940778
-1548376
-4094162
-8028491
-3409704
-9715532
-1706581
-3809677
-593599
-7899934
-1130490
1021242
-7692023
-8930312
1551335
-7227261
-403943
-7543684
-11339429
585257
-799347
-8239957
-1082935
-4462574
1334252
-4417661
-4519364
1095821
-2205446
-12896879
-6985605
-3288077
-2567039
-9577709
-11734226
-7962325
-2917394
3152079
121083
-4336112
1670741
540991
-3133595
-2187148
-8643269
-10240736
-4059475
-3902090
1171943
-8374332
-264644
-9215181
661334
-9005991
-11831815
-8891525
-4131084
-3124390
-4542412
-11257159
-10606444
-51335
-12427700
-10535662
-6576484
-1822891
-10026934
-3680435
-3073475
-9653663
-2724881
-2673522
-7545678
-65460
-6384372
-7818934
-9516846
-12097302
872079
-7358980
-2883789
-5112401
-8760761
-4854866
1458622
-10626326
-8786460
-4047537
683212
925598
-1885795
101053
-6175912
807221
594793
-1132752
-7488983
25268
-7089987
-9476684
-6304201
-3748583
-7286508
699037
-7818094
935965
-3288097
603345
-1954880
789161
-2290466
-9339651
-1087568
-3925294
-10981914
-772980
-7039130
-6015290
-10078490
-7316373
1465749
-5577670
260341
-9911632
187216
-9293539
-11075417
-6013518
-5893405
819445
-2995858
-10019230
1214471
-6208702
-9025398
-4154640
-3069020
-261847
-1594704
-6495337
-1188328
-7375617
-470039
-7268174
-8785234
-8028109
-11107192
-1386470
808654
-11683255
1111602
-5785637
1309826
-6096528
-6906412
138262
-12718100
-8894248
-2239634
-2402215
-8770819
-6669633
-9579555
653459
-5936413
-10264509
-7743009
-956496
1813629
-7323963
-471312
-11585327
2545734
-11093785
-35456
-1101805
-9113930
-6801660
1328137
-1193135
-3120649
105202
2830507
-1546173
-451112
-8464918
-11453
-2741006
-1626424
-8309046
-7332097
1025052
920281
-2313340
-8756501
1582762
-8581821
-5502
-11627998
-7793372
-2481239
-2964629
-2880001
-10809781
-1282032
-6898753
-2114802
-4103678
-6254463
-8372853
-6920241
3435406
-4267329
-2999778
60026
-10402065
-548149
-6195873
-6711427
-9392306
-2138261
-333087
128370
-5889558
-1663584
-9987120
-1245858
-6529540
-5345556
-7255579
-4373471
-11033347
-7324254
-3322978
-1712042
-8411569
-8272258
1078014
-3422946
-1168599
879053
718120
-8796475
-8889203
-3301945
-4797473
-2326371
