-995177
-1255426
-391877
246352
95897
314405
2259913
-520993
426214
-548778
-1208256
738142
-982262
-707649
2508749
-797307
1183407
-577746
265951
-152349
2718185
-1882789
-1666570
-566529
-1558791
-684432
-811091
1188132
487531
-1266918
267841
745331
-1752549
1534880
2708261
-1124397
-255297
593441
943761
-112084
-407336
725991
-1509266
-1297119
-133190
767748
-125126
724782
1575699
-1897013
-815147
-32286
2294903
508014
44064
-848552
1024677
277314
74551
145141
-902059
779614
650121
-1194040
209169
743044
-71101
2318150
-683720
-437593
63183
-1711433
168998
802234
175450
1086842
-492542
1527231
960967
-1560844
-1290322
-113817
569676
-617621
1687683
749422
-486634
-1605833
-1624238
-576423
-64118
146767
-609505
-88027
-1196091
-557642
-1830698
116564
151886
-154768
-777623
606188
-1050567
-486002
1181392
2494925
646363
-572522
955649
1034104
-1050915
1746510
510333
578827
-1498596
-728345
2177831
1153722
2433274
1159086
-486850
1244436
-711015
860228
-277117
614383
-1625656
-805999
917366
-964310
-966182
228563
-1148009
1197786
-164751
-365667
-49403
1140720
-228165
165119
215662
1107199
-678925
-126445
-1006479
-100861
541443
623678
215999
325695
42864
1325492
1470394
-307436
186421
-358790
-205885
814116
768735
2135062
-16506
2387560
369959
-1131450
27633
-725804
2277501
-1651750
338231
-727052
1832767
-265325
-1126228
2074902
1895583
1527678
604088
-1274235
1076756
93402
1046694
-526904
1709937
31824
369164
-945033
-1015200
-516795
-462222
-1598287
-782691
1932638
-569901
570086
79661
783682
-336717
447594
98900
-35382
825831
555282
69773
-191163
623481
69729
-276660
840873
-1650779
-1704481
1025549
177249
-220168
-244877
585391
-852722
1597485
62491
362683
605289
504304
-57964
-134040
-671638
8766
-1809528
-1115854
500590
531388
-348394
1396673
1754885
-1074612
-685466
-444267
1421596
-118621
-150712
1210622
-406235
1408216
824780
2062127
49500
626722
-1311612
-1314868
-1030809
2085367
-155129
1258092
-1337572
676625
2031106
356176
480815
-560069
-472087
1328102
-298525
-838895
349027
612329
-230815
-479930
-1348116
-452435
-153034
-694929
259781
-19749
571392
1617311
-742218
-898517
-566387
13738
218400
17477
1687710
588765
1630254
765986
2059244
-1077871
366792
1442143
-105436
202308
-51110
-101096
627781
942305
-909140
-42884
-896782
702987
1511270
-78244
502965
1327173
649971
-1845004
2355392
-762272
-143210
2245593
439236
-256865
588071
336743
-293069
-899072
430287
489260
-373527
-693018
-1790249
995247
784160
1130938
306318
-312943
305034
-493723
-1174306
920092
-526308
-712191
-522006
-1180233
-602551
83706
-417030
-432577
19829
22699
-1359290
867144
-1792837
579253
-79656
-55773
-128984
-379365
1248090
237581
251574
-112311
89837
-244260
14745
-1078886
2814589
-844796
216847
-766870
-1167367
-181672
526737
-1227402
1123348
1544178
190165
-1519855
1281875
2455767
-110568
957355
820104
-2339961
-656341
1840175
833758
1685646
2346196
-998924
-771059
-1041974
-732657
1568942
-1065787
746864
-1466537
1323867
679572
-1135445
-529391
431488
363207
547089
-1179801
-861515
-524382
-599400
2544710
1054701
-575927
-281556
-803083
-462341
-778855
28870
-117356
-88770
2423692
1363865
-1021039
378190
434835
-230298
-808830
1137469
-1075595
28076
1392496
-1972130
826443
-1980138
-1061807
1486083
457522
398990
-637370
-1087330
724845
1525496
207778
962372
1089869
1453307
105704
-1288113
1397018
1478845
152117
-570010
1205322
-511028
-1148171
-1082744
692596
1996488
1923244
-881366
-720942
-1011055
1842682
264255
181474
481029
-324815
96472
582529
-357487
-213216
1394526
-1633334
-1323301
-1551950
30512
-1515222
316957
-268001
-54642
1203656
-812043
-796336
1746391
-1700474
-3808
-557385
-934587
-431512
-1857928
-321801
-69716
-769983
-795134
-326045
-945022
-972019
355175
1077695
492587
-1849189
-133873
-275018
129218
-178694
1973983
-123411
71783
-574052
-445027
1752990
676572
-475242
-392201
-444040
-1821369
716053
-905915
-274512
308247
1028752
40248
425537
38617
1036234
200027
514080
-1275728
1074619
472386
733648
-86403
506486
-932390
1300347
5401
-564387
-295653
477265
-876056
-203296
-428635
-237596
1052722
593033
1164105
-425300
-295529
-620255
-287292
429187
665707
102451
-1600537
865219
-1315711
511630
-314495
-787569
-280530
-1235302
-783636
-674919
275914
950016
-649250
2053440
747780
653924
1450539
-859649
169308
1971208
-1173177
2315031
161363
-1440722
-39821
-78032
490610
-645349
-1377810
-482216
-389444
-959158
442916
222008
1128779
709802
-1163131
-73571
-176299
-125890
-1152009
184607
-23077
-1418333
1278674
1715515
547212
-1747359
-448767
1450981
360955
-530433
-311864
-2105166
-1333301
501362
221359
-216245
1183251
-918441
456487
690097
1701636
860519
597226
-1446667
-461519
625619
389013
156710
-224081
495244
1322209
74789
-315571
-1000761
90824
247208
23504
-32984
-45209
584918
-477541
-1890830
273934
-363422
71243
-158692
-1043573
878693
-117796
668829
-178628
-1175307
1178036
326199
-648432
-986664
-92806
502575
720516
1859474
-457460
869322
-1421760
-440226
-640385
-754490
-17852
2206459
175915
-458720
-1347464
-118986
-1455967
-1565352
-250103
34538
-609861
321954
29327
20922
-1428165
2066830
137460
-1614253
-648544
-973352
162367
-591762
106808
338345
456030
928397
314337
236363
-850555
946394
1518033
1091960
-340485
-102470
-855549
1319798
-41828
1209914
-676960
129501
-596785
-182621
10236
-406666
-1037960
948889
-657889
-686987
-1420595
2037592
1070063
-126805
-76194
250713
808303
-1292387
875883
859966
-954048
-72870
-1234066
91290
1642155
-1168055
831695
1035285
1312773
974236
-809304
596046
-80509
-350022
-1561494
22278
-102086
-193270
2205560
-425875
-1040945
497819
-1131092
-219565
582607
-359268
122366
95686
1262089
1501468
-2038504
-1094718
336174
-60529
1486542
1629075
311843
-88350
-205638
546561
21592
1803645
-297876
-1327783
-154015
233315
393219
308146
-112312
714514
792676
-837969
1342982
-1054808
-231117
-443081
-1887513
1571673
1916137
-2129290
186829
-338545
-125946
-1048270
-460383
1027801
-553673
605501
1204395
-919058
1620210
-460900
-607493
45828
-1544879
-1561063
-1077466
213266
-317627
538216
-406703
379279
-616935
-784676
-218218
-496290
521545
-206864
667250
880857
-1310290
-245648
1057839
-1034162
1148343
-116067
531609
-531678
533804
756861
-1150022
-352041
-373531
772291
-267188
-459747
2363092
1265575
667419
926140
2477362
-1159609
-445611
-172747
-941100
277959
791229
53291
1012973
1325165
-757635
-1071300
418481
-667312
-1074422
1779392
-523326
544641
-660692
-1613522
564907
1087087
-1091825
981108
1379325
-355384
-841855
987466
-1591851
456868
414062
-704849
-3743
584289
687312
224859
-990522
-1118021
822122
-728996
1792939
-555723
383787
-433568
-93029
1228798
41302
-202317
-776861
362529
-1293689
-211253
-564760
1474918
-983506
12578
-1281240
-1511744
-240661
-215669
-945119
1007879
-1151673
2770803
-945901
-516709
-606791
-43360
-184965
1758206
-1234988
727176
787193
-142606
-526394
-178079
-211747
-505696
513281
-287951
-251262
168535
865618
113695
980328
-494177
425039
-1644541
-501198
237175
-686243
135449
2360722
-750374
1590097
1035726
367157
259259
148170
271321
-345879
-676798
-1553875
-402505
1804443
-239275
1073404
842864
190967
1233609
-374013
112485
182711
340327
-98473
-628228
-1416024
496104
-1328678
-246582
137219
302872
-25139
698567
-173516
-78300
-160122
-571908
636144
61445
49024
887525
-1449736
1153926
1912906
499728
-928406
1031490
2092606
-820573
1557039
-1187685
1374252
-501992
1310310
1617991
439203
730809
311717
1290157
341484
-934308
2221424
-928021
1830998
1024745
1936650
108450
643070
-1021525
-547166
115164
-546136
144649
498316
420239
-1120084
-807708
-1434148
-391067
1576065
584120
-1616500
-783505
1108823
-568112
-1491752
89820
1273842
-1106212
680152
208644
666822
-881937
-2163780
-917757
543872
-181527
178883
825287
-549748
-134
1541730
-260235
-682483
-17946
417731
-940337
-301154
-231532
428332
-285547
657273
-365695
-821362
42122
514038
876267
-363011
619203
-1549568
-612068
-418335
1317810
1044290
-461240
-850027
-971282
5553
1684197
928282
-2088103
1345682
264103
1360300
-350710
848782
20263
-337771
2128137
-846656
-59519
-246845
597505
984709
1019398
1223332
832476
-1049651
-1125932
2070569
-116470
1595446
-959132
-497546
745128
2006867
181674
-917416
-610693
-386634
300751
176864
266347
1066815
341937
1459423
1522348
-604845
-1561891
-1193224
545470
-849998
-258314
603511
-812426
-1793650
1375193
-1871305
1805010
-602402
151981
1590322
-203246
80750
140919
513535
582334
-1191811
-269327
-1210333
634273
265624
-1584404
-447384
-612813
-572110
550515
-9391
336307
958485
2209526
405054
1021535
-1216593
1463253
1102015
182966
1991595
544399
-428794
-766655
332512
2236755
169312
1683157
-990300
-353887
549797
-1034368
791925
-234453
-2052612
-160422
-1234444
1498024
468818
-19182
-304782
-1794949
-311997
-1166455
754874
-695187
-2293066
370824
1560443
534946
-433036
-657395
253242
-342275
-552653
-773274
3036669
1444466
-401359
272920
-229688
-298817
377959
-330513
-684261
1916186
-1996786
-1123495
-172083
-672359
62517
-985192
462928
1302591
-1208494
-2032184
323383
-598784
-230434
347521
-1329998
639105
636557
-1253370
383906
378841
254594
-838568
756201
1044627
-340242
928095
75304
814194
-749131
-637390
1303784
198026
-505321
4503
914626
390433
-330616
122312
905154
-350056
143723
-766369
-404797
-544684
669411
1161352
-286544
687541
85538
-1665941
-1703586
-871513
310692
-896281
-264883
377450
1269489
472657
-526502
-319283
848575
156608
-981159
2752652
-1032863
-657234
1129645
-1087828
-920760
779524
922479
-62226
14176
518691
-166751
-633391
371586
17477
594193
82235
-150395
391440
-1427798
-325190
1012817
893450
794817
91686
-552971
-30959
-1183562
56016
-237799
628184
-246473
-678084
-967387
653028
-2061379
-909055
1993023
471826
815883
158129
784513
257859
414312
-592403
-766471
-941617
1858849
1997377
-512638
571879
-1237044
-60942
-1622069
1276265
-561009
-649145
1294943
258412
-219133
1301470
1402953
1921653
1639035
41216
414712
197383
6094
1203585
1223555
-221276
297612
60253
902005
202323
-503475
148085
62736
-1067028
605705
1671288
560108
-519538
2671649
321646
-653512
296424
163057
-421717
675547
924605
-224706
-973063
-300951
685241
-1117652
1787970
594250
254459
-598378
199283
2240399
715582
-645077
-5181
-281696
-82915
-1247006
-700697
676115
93902
-128601
-778502
446479
-310025
1355064
-41595
378360
84575
-1702260
-1061696
783133
484032
1211173
-885013
708435
666768
1373413
-745290
-358476
1574273
471808
-866998
-226644
734968
940823
-593333
-151126
891108
-756345
-307145
-1674029
-19404
-2149301
270633
-640520
566749
-361319
719473
157968
425586
1432606
-741395
-344607
644107
-1270346
2147379
837300
-1047354
-4660
-643724
82907
467582
469187
1192841
1033351
461469
-925507
1563684
1058199
307707
16589
-236633
338412
-40170
-451246
-766990
217145
-24435
-1266252
825765
639066
1324456
2351874
1297336
-1090027
589732
218530
631409
2101617
-194231
873009
1024932
77582
-403783
-359670
1304478
355345
220458
2319884
-781349
581032
-916163
1900304
423140
398743
18845
-474828
-208040
547492
1698902
-913357
971805
1012965
657393
-328327
653031
955248
431567
-231895
-1408603
-426477
1417419
843481
454526
780286
582132
297297
782783
548005
426995
-806338
1695301
-334718
112590
733453
-603940
115555
1754133
-1053925
1999112
-1496328
1131532
773154
331174
1984005
298381
-1276021
-158973
1266297
-695675
-1244602
-775135
-1722892
-38445
-849240
1360693
1090757
-104125
245249
-995231
257993
412547
959465
976805
-502120
-1823917
1452526
-999663
1290066
-84849
263049
652842
-223322
-948806
-431692
-154084
139340
1071284
2512659
-1236784
-841333
-793229
1303096
-1176513
1022158
-728020
588190
-1328083
-20173
707771
1000960
-509993
19716
-1279966
358027
-154129
-392122
-498223
602545
-383548
508016
268296
-328849
2021867
-527734
-1089906
38572
-1712738
454478
-63733
1032897
-1399091
-472712
-743190
824446
-304509
358443
65132
-710640
886708
-365189
-1208361
962887
227213
944965
-716519
-48690
1229365
-1060088
-771306
-296753
2514575
205019
-359773
-891549
608452
195048
-401700
2218242
120628
-1651291
-811043
-391712
-443541
233824
1646720
992494
448030
-968078
205138
-696221
1751170
1105327
1448335
-172144
-892059
2831935
-1774241
-314744
-287067
83540
1903245
-804137
-97757
-1282377
38759
-441120
-485443
-1018079
-55948
18765
-358472
2434618
596743
-208084
36757
-1410168
414123
-156380
841082
656128
1891538
1595746
-938793
-804344
-1243206
1432698
1031029
1104868
-392889
-647918
1139192
2169787
-953710
-507453
-35581
2089958
1588731
-1171958
-254255
1230691
-204317
1883804
-431660
-1018375
-616554
536680
222615
122385
389473
1067133
-471167
-1007177
2162486
-828847
76367
736279
231230
-323069
-342559
1489750
12294
50368
-258836
460572
-1311340
661258
-389644
1002944
2738637
408336
-590206
1163699
2182717
-411257
-191385
617194
1179519
324041
-5916
163661
676185
-317291
-1437847
940874
-1463551
-100443
2110765
1725401
-946993
312831
-372661
821645
-241197
-15925
-1072259
1079531
998303
-589196
-1209750
87303
-560723
352601
744665
-2066542
605752
-1005978
1103312
655800
318167
1077945
-24642
517995
409120
696968
990822
-5989
1621841
-664566
-1611431
-994080
-118161
86641
1243
1781486
-349870
2354525
-2215398
643124
-706536
-457465
-425523
-1614229
-494439
593486
-97342
-641187
152378
540589
972163
-1159494
-380675
617557
-762784
1123441
1988543
-205954
-358538
-208751
-1336396
2859974
417188
-495885
-27075
-839415
-675619
292790
-194488
1203356
-57485
92144
-434580
-220810
-1009757
-423227
-553299
312684
182194
-686059
-20635
962861
-571420
468426
-464645
1237
-22395
-1480110
760342
-460137
-509358
1020108
-300683
-765763
-994879
1410528
-395067
-117553
282827
125243
-1033189
-456157
-614035
-519229
784613
1424539
171868
-1512134
-990373
439213
425503
-233504
-75722
-236264
1669363
539629
121026
125868
1744583
1162567
-402586
1235579
591393
-47440
289648
-1059031
444721
-357439
-406975
2313792
-213732
884269
-871358
1928481
522257
1391713
-470692
-1007284
956121
-387186
1520434
619019
-636756
600162
-2149692
-1071357
-1406950
2292260
809968
336598
555257
-25902
-1067054
-209075
234809
-903085
82184
1490228
589199
1659619
2467876
-44191
-573959
-587276
162720
-1467849
-1005487
484315
940057
1644693
-631821
858169
234715
1183290
-436990
646429
-1385216
1424731
56760
-438939
-703213
1362426
43538
-132387
45415
-603483
1098292
1062660
-1039022
-524777
-282283
1158311
912238
1654758
-304580
-15106
-569678
408826
1289945
1038856
2016626
-1451488
3205
1968866
750744
957681
-254996
-1717573
2036420
175722
276612
790309
250462
-692061
1758176
-119737
-1088151
318145
-899306
-721599
874315
-257914
448625
-1286231
462553
1834974
-546806
-224158
1604535
-1761788
450173
62600
379789
-123167
-766088
-1028807
118109
-342331
34846
-306217
1353728
933946
587612
586888
65006
-132741
75908
894401
-869951
-7223
-69851
1370308
-247427
107692
-500411
675853
665533
1323436
307399
1480197
-1453600
-227888
1789859
255979
1687840
76683
-913273
-1222155
1222592
1061382
-652359
-573305
2919792
93705
-29637
835492
1013406
948577
2274687
-1447938
-192269
-1575005
-725881
16909
-272786
-1879905
164543
-1059477
248007
-803461
782010
-403152
1382347
814180
874444
200708
-950327
724626
-768900
374409
-840318
-211430
1806427
2921793
1169784
-1056823
596013
471107
1286425
98382
-1164269
1200479
-354035
382981
-467023
627312
105612
313943
-276316
943707
238569
341234
-1193665
-1058811
380347
-41297
-977560
-801035
-1429366
-1872379
2442707
-832375
1528370
563431
935503
327984
893784
-1411979
1159375
-135584
-1028198
1170511
-352116
864771
1223533
186794
-279268
-667149
-138001
-91780
258544
-891545
74027
-329328
2371240
1670252
-861827
108574
1307831
-716250
1043408
-701360
155705
349850
2340319
1050592
-1664478
242464
1186504
-32286
1362452
1847718
794334
-356541
610070
-99470
46705
-1565379
-4691
594840
270380
-10160
-1704492
-63103
-328636
-364719
-318227
-838353
2003503
-653022
551411
-529199
-450405
2265095
1660116
-1330826
2062042
-974961
-338646
157892
326444
445758
873178
653633
-522509
-281570
953663
-1121295
1377747
604745
-683929
-281888
667368
1187139
-474021
145371
-1237772
339427
-138691
320473
-100418
-889659
-539021
459766
803946
272752
715063
-1678396
417694
-412434
-301304
2139750
995028
308679
1151125
-1341311
-523747
1209966
-949442
420320
-1166071
-187919
1974112
-248181
-1245103
179037
1760133
-63831
516382
82691
999954
-325517
-795844
-570647
557910
-2073919
159549
936091
234843
127813
1031351
-339824
232287
157091
499083
-17093
-401341
-106891
-531777
-325786
1255607
305642
-269431
912822
-440317
-296927
862601
296724
1161749
-758429
-1631837
-306942
60242
186804
1076750
-315712
172200
-295688
1429138
-891821
-504487
-388784
-1003405
1709091
144731
-79097
-983136
322532
-461013
-896194
-762960
2180761
-1128309
-1253945
456419
-185
757779
-271247
2457595
627558
1570745
2063104
-467405
946554
-850045
923510
-1261039
-137125
-136006
-229019
488912
624313
344439
1737163
1028439
186115
-910957
-736968
-1199091
1404571
1095786
1062445
-1531495
786305
-1061765
421685
2420417
953204
-291327
-1203842
-1251505
-650419
-788867
970979
-1079662
181408
-117096
742402
-63757
-1388953
632497
881215
-98326
666322
579662
1106205
456926
1893736
-649606
299073
1060935
1926254
-843981
-143155
-154285
-140822
-702885
-916428
1196007
-1703258
1002242
-1201408
1230250
-2205346
632739
-1056794
1140055
1802476
339138
73156
-1233650
227481
-1114331
-866314
-1248286
-977317
-698069
-22121
1538464
2429769
-975681
1356658
841881
404810
-1115524
335447
-594991
-840183
4028
1348221
-1809339
-1018679
165429
-828643
-324870
-774366
445702
-1114871
146461
-358265
-155014
814
479937
1696363
1323418
201335
-41038
-1033547
-472190
-553081
-823669
-462260
1223985
-909006
446608
-1355512
2161134
-175089
-732558
-741385
-1376046
-3514
-1385189
819621
344954
1182832
-1368038
-334958
-539601
167360
2640944
85406
-37312
517242
2167525
937603
-1084701
1318805
-613648
761787
-776286
-767760
302674
-1400073
1459207
-114214
423380
-2049
-23785
149061
216239
1855719
-767347
508571
103620
1498952
1795755
51326
-471646
1818451
-364966
1816949
-1631747
582458
-1308827
205578
-768552
66810
961839
774575
-839800
-859522
528824
911952
145813
-153393
-1064527
-483904
1897833
1036498
568266
909407
-898245
1961265
-171044
-461739
594202
26569
1555215
573735
932989
456843
-244639
262657
564378
2884584
629776
533593
-382542
236557
-527115
166571
1080483
-1478298
304977
-218342
126113
75669
740343
863223
20302
-940139
1092499
1947462
1697694
-403351
-672970
-732527
-484210
-463002
577149
-134478
1334273
-69845
262631
-714121
-136076
694916
426450
-239601
610215
661201
-1522360
253091
-330081
40710
114610
768572
139940
162370
-438760
538273
947067
918231
-1058116
-905322
1237197
943634
-1181658
690627
-766034
483949
-655647
862434
108661
418963
-904572
266103
1410481
-530898
7441
646965
-492062
1033745
2482131
-625056
1117843
1220103
68214
-1270218
2624794
-493296
1171445
-1467883
-560284
451330
-514951
-37311
-1382614
-1006221
287950
-309070
-787587
-536772
831624
-101542
-833664
616542
-776088
-602331
2539472
2168064
1137237
-1056357
-629800
1009883
1974112
4875
1598170
1337733
996659
633507
610472
-194110
866192
-1195851
-270227
-1134397
1871939
1851913
-1155634
-15736
-1473057
372937
-425028
-239329
792717
91372
-1024926
672395
-1146353
-181226
-152771
-350825
-440046
956984
925444
-514298
-1202481
878342
-604549
775604
-34601
-1047353
-174138
575682
282261
691178
-470146
679553
2443130
-501415
-7209
973878
-517574
1495166
227018
4991
-51891
-521849
-218618
10924
-801504
-172271
2709142
633623
1230751
595734
-410067
159787
171553
-73494
300629
330844
-1028972
-590769
1625194
741715
-617540
-735219
-193028
-914387
1635424
1913884
634322
-1025490
222812
-498711
-513177
464289
-216692
749761
1026098
-611290
-636176
131346
-755257
-881012
-329444
1215514
1394634
-457164
-59001
-1080676
44153
1574784
-479944
2271896
2134740
-1107634
306810
548111
1536389
-778412
-327583
-154164
622817
-983979
-1114623
337104
-548023
909374
817992
-2251024
-1544862
-755972
32473
859703
-545313
-396806
794296
-442646
2384394
-3431
157792
-1249953
-286473
2063216
1887431
916492
-1308213
203024
-657181
-883080
-233906
47366
-554977
2390685
68386
2176822
-1012033
276717
1077725
813468
387132
244141
-999789
-1162171
-174122
193582
435836
944043
-439337
425493
2055030
-902439
560012
931036
-676292
-12130
392313
-306533
1370603
520181
-496979
1179958
128337
-110035
273475
636749
774243
-1328277
-599660
618463
-153753
234294
-456119
382485
2363343
1200749
1929782
1203780
114285
-1098962
-60449
-331183
1269159
-1406940
-737862
-684952
-2065591
-785051
767967
-1071352
-160644
931896
1737180
-184461
-352094
-1922267
-1383773
-175804
1305348
34349
1217980
-606024
206449
1190439
-1487610
415440
185851
-644413
-1051221
-788929
-1406319
2247013
-709130
-119560
756125
-642717
-1391939
1698917
-164229
1282171
-561030
476656
-847354
1594190
-1981179
1729405
829993
-1159574
1545086
760929
56956
625483
-1219164
441218
785779
-666644
-1949170
148133
-1548711
-238516
-168884
178731
56515
1061268
-1697690
-1651800
964866
577585
943799
2110366
1235738
1404230
414461
1519369
-348547
-42372
146282
650204
40430
-104014
488262
-225962
380297
147710
876898
2550226
446352
-1035873
-594642
44384
102998
344056
-140832
118952
-695819
397528
-78154
-369571
450034
-582645
2669336
-1779627
610072
-1065867
794775
82413
1846135
-449819
-1431465
-105752
-624564
160288
-537714
-1261237
124677
237369
810507
-210417
1248345
1155310
-626688
-1000039
35943
-288486
195903
-287967
-340578
-1237611
389952
991613
-496443
92170
-25885
1118236
-111235
1843563
583529
-1656279
-144730
102975
3012687
-308948
529561
1437110
-764903
-652813
773855
95589
543310
1502139
-529739
-525312
128524
2435562
-291999
-1017442
219631
111234
1496816
-630714
-1182052
984546
-1122560
-637212
55655
360967
-755898
-1011603
344782
-73287
2221284
965412
-4529
1129265
-523879
-644742
313943
2547920
791423
119466
150591
-452385
1806774
2308542
-1029202
216979
623118
-449578
-1263924
-961465
-1356668
494430
994373
305170
842404
-1143815
175131
-931994
1423215
774325
-511671
239225
-905866
-1031781
-1581988
-1042703
-732527
-141446
-47030
-933006
-1268374
202126
74574
510827
-524424
-1328276
1842134
-224347
955402
357651
985081
546865
2339021
83195
-389064
201133
1309803
849944
1205505
597826
-1113992
311325
-441162
-998516
439621
1007435
-902477
147744
-563240
-704294
466414
-489434
1301633
1639409
-58064
700537
-549805
2227599
539708
1395221
496810
844191
-1108625
1046733
-944513
-517831
1314502
218623
968253
1266067
409547
77908
327192
-807010
674455
1437802
1257031
-533147
471631
1241221
20145
455608
-537566
-357949
1237080
1546607
-554209
-729700
203545
-509552
-119149
-2945
2468570
-414529
152949
-1492849
1200804
-384159
-696296
-233533
-1244432
160910
-75927
1252514
-217402
386947
224473
-287415
210245
-281065
-402851
1009972
-1096537
-687619
1120588
-545696
314653
-495043
-327401
354347
-911195
780168
112831
-142187
-879491
-313947
1003107
1403371
990071
2499759
2305247
-1050906
88152
-378968
1320822
-1377614
1511474
-708766
-708358
663021
-835741
-605580
175475
725934
369372
846326
2311923
-586237
-1290947
-1069096
759535
-754860
-386274
2023022
1494058
1149281
-401701
1912640
-211978
-768329
3107638
436289
-230817
-65119
973233
-1414079
-311198
-511888
693602
498961
-10312
402157
-1436948
-385490
1407335
440508
-188404
211557
-39028
-392631
-606500
584811
969549
952720
-321671
-513334
908502
396484
-337404
1382225
-557089
1616596
417146
870661
1353953
185028
676677
492036
327777
-629071
-242496
1136254
-232863
-63197
-100915
-888574
-1589367
-954999
-1164967
869685
198534
-392211
403631
324134
-1558161
1500587
-338771
-1504051
491695
1670421
1594761
777512
1622668
-1201349
1352344
163535
427117
-184213
-243747
753081
1588989
-20595
740853
-250658
-1106262
-331058
1196043
123872
1059818
-1231309
260399
784182
579294
167941
-235315
-894079
-260036
-658435
1277974
-1233
1627717
292833
-462480
228530
382325
88820
69775
-348390
1049385
-85581
139979
-800374
877376
-260281
-93845
-83301
1194670
998864
776519
1488188
1128838
1062969
-1072807
-1618350
267042
774718
-274239
-1693068
593054
710527
779262
-31052
1359527
-315006
-1014683
219065
-259070
79206
-1418249
-826596
220842
224513
-526053
117542
1514401
491523
-921979
-393595
-156758
2084401
-1757916
561986
116001
948713
-301851
-1089537
1424827
1274782
-1266394
161392
-439218
-1150930
368450
-1052200
-869672
18249
1042432
-24380
-736015
-1034997
-903898
418697
2115122
-563162
-628683
-129491
-738209
213869
465998
-880878
-1433870
-1979089
1423971
1145988
-594317
-40918
-175544
1644042
-1108935
559916
1504378
-680103
1524076
179886
-660026
1033167
-1380001
1724745
1992998
-209552
1353803
-755231
-605213
277705
-629288
-852323
-56613
1254539
-1245014
-1574489
303913
1559410
-1658688
184283
-287017
578101
-1688145
1381870
-2003632
621064
1101437
1104868
-6399
1481476
-1243407
1940633
-249381
-218471
2443048
328086
373250
-2004857
-1371814
-479966
-1159863
-1178282
-910066
1730318
-1376535
463363
1572839
-279243
1423017
-490305
1139268
1021329
1512046
-327733
-582671
-317477
-464426
-375823
-1361839
-798294
-1074625
804480
-1033713
-1394573
-505715
-1284551
-680556
-1180488
-672301
828740
-41851
-347204
-241588
-2209015
-576995
1735951
373094
74346
-721832
239380
1031170
-244682
-745290
-1162082
-204361
-661715
824742
-244554
-327568
-670091
-1405962
447608
197362
324770
2396790
-415660
-1241762
-960376
-699044
-593991
340462
1188286
1599279
-153294
-117882
474242
909736
-367506
982914
-524293
612562
1742787
845985
121084
1115185
340571
2284673
879250
1513038
-367904
-1141675
-1034383
389211
-192069
-194324
1845739
-920549
-1279323
442999
-258488
286107
499674
1301434
-951872
-994619
-173595
945333
-815807
227473
1178119
1225932
2220503
153051
93982
1559036
-1273981
-1191543
-923355
-1034534
110581
-583515
2137194
1620618
92841
940943
-2015484
919130
-81230
890380
1706421
1351799
-463476
-525928
-1050097
-990404
-119297
-841437
1510074
-1150420
-405341
403094
1347257
-659859
1075986
-1280721
895331
-191625
-799024
298217
447672
362862
1209466
-1429797
-589967
2144862
1808520
-16759
1391467
1093624
629439
-1342715
875804
-1346108
215394
1117208
-371246
-387106
1531986
4929
619699
884364
-168883
-638655
1498233
-1047071
82012
-912876
-879606
-1127245
684365
994998
863054
33904
295713
-330113
2315295
337426
95902
-331170
-449080
2338072
-1852652
133667
401502
-680090
393911
-260187
902877
156289
-40538
987084
-931780
2206373
1440375
-599911
1658666
1599183
-1024485
-318618
-545037
1528333
1605119
130690
520340
-703440
-26673
225546
220356
-1395102
904705
-368115
1141930
213733
119204
940080
-942599
13528
-539769
714049
667838
479426
-842794
-294283
-1768840
810263
-2104106
-809050
576398
-1007858
321363
159055
597144
111031
-47857
466893
123143
-844063
-346761
1406677
348731
318060
801022
1125198
-648922
-601298
1697546
41728
54638
1066841
598270
33362
-80920
1788303
-14162
-1679130
306443
811604
-689906
646201
-486470
-1061214
-136644
496338
-532761
1221902
-103007
56743
-645554
191058
758460
727647
-551383
-1191208
-25490
-215388
-124847
-352812
261720
339812
-786104
-20510
457165
41137
1380890
1569666
-497065
464466
320898
-788839
1462816
2164780
-51141
-226527
1978988
331631
-394578
802874
707121
782936
864019
-917747
153877
-847616
-481091
-295851
-327612
1327697
-486480
737939
115886
-269330
-942730
-962383
-893748
-161968
-884955
333178
-360855
1030945
-2246036
218936
-1632701
-1594105
-1015182
58080
-489372
345829
-13120
-1016295
-1647933
-670003
-700661
119307
1930326
-390241
2466438
-79012
-327068
2188513
-347160
1129552
257410
1768571
790621
-94392
1732012
-273752
1148967
982138
-190836
-784189
-1310809
-654744
-1422172
-216210
810465
-354850
467044
1216389
1315181
-762898
1561261
334614
-152825
1357051
1224341
-621844
-583771
798296
701178
-265132
1354645
1659861
-513276
-1417136
837088
2470293
-1502794
55059
1294397
849820
973996
1132137
70830
-179049
1292253
-761939
-147649
2637627
-342695
-90590
-1924209
1860358
653485
169634
1337031
569358
-1918146
-194329
-100713
-1174440
607310
336993
1024699
-961358
-319982
1500587
801919
-519235
1150718
-230089
665092
1736662
1028723
352666
-1704625
320909
-509360
101775
1374028
-2042509
279034
-942667
-570041
-183369
-263588
-361216
-1087797
-330348
-268879
201959
408252
-609730
102480
-2272437
-1715285
444921
523509
-1064540
2473181
163695
-938120
-757639
-1101476
1683066
-950338
-260524
-702447
-1565743
-972491
-474341
533199
37103
-994151
-1355283
-743573
1937246
-61652
-247543
-256808
-826649
-1247677
-490400
205916
-385948
495855
298571
-659117
675324
174875
75707
1563436
-1467204
-594397
1387439
-1055517
57603
-541225
-1014958
-699030
1132837
350214
782481
699290
648646
-1491265
1021266
2039832
-1383559
-675122
-453014
-826601
-425851
2473021
74470
-684824
2047432
417298
-261797
2081389
-1555647
-176863
382313
-1336937
-1321058
1528457
932446
1437357
2220534
1033913
-973726
-193166
-604449
825058
-1165566
231992
1063114
-465261
-198511
-1778059
1024063
-455941
-1099834
-563539
814249
24934
333763
263752
25910
-405789
36594
-406184
-1039563
-892456
676553
455190
78202
-1236323
-634387
-1038621
538724
-1486608
1119240
-1287520
-157310
143952
227004
237094
-1890580
-2225106
1242856
1371590
1713245
101873
1540365
-48838
673021
-982464
-423704
2430789
-1416706
-1620168
446479
512999
1525462
1024824
-684359
373922
-115300
2316554
653609
-542145
66230
1129494
626570
-337781
1903855
-161183
-808284
-1368922
-451813
-576681
-1056161
-1035319
178035
-868811
897777
-762573
75061
-1663156
51481
-377720
1147503
-352284
248812
-393591
-837137
462916
164256
-216922
776900
-573829
-246162
245142
-168356
841142
120825
2300985
600599
-204558
-855611
519170
1526011
1586905
1565747
-67022
2137690
684811
1024311
-688881
2201092
-1640589
775703
751873
-300387
244405
722333
291451
-873967
2860918
-300459
-254303
-1172139
412573
483974
-31600
-48107
-1302759
-1369617
416572
-823516
287786
987364
-1613414
412229
-336409
-594463
346419
29095
427190
-248399
-184475
217138
2109018
49664
-378938
-313119
-762860
1622335
268032
-1931344
-220345
-195543
164979
658436
1024375
-257911
1069804
-584802
470209
1798229
-1435130
-11639
-252500
-865979
601509
383673
73658
-256254
-1263401
192447
-370039
-277358
-326406
687972
-1335366
-60865
-978318
-467218
749441
816874
-142473
-406010
-785073
-1070406
119934
526614
1252949
-152547
-288284
126836
1541283
-34328
-531575
-574833
70930
-103510
180366
-320082
-977070
-350998
885183
-669017
-455394
-1638885
1089672
-1394116
1550578
858451
671856
-490147
-1034685
1550475
1560055
1311104
-1484956
54792
143704
2418466
315223
581841
536028
-516256
-353042
-382523
-114237
2183648
-31316
-303450
518003
141177
161338
-513111
-607835
-1633397
347909
501646
690269
-1215809
636559
-1744922
-319557
2741303
623656
-587065
1046938
1514679
-478451
1152069
618567
718497
1154388
-534838
-408283
-993152
23388
-744439
-74816
-550694
-32940
-1015390
931261
2705970
359269
-340718
35251
-444158
926952
-62146
-781313
1058335
-1480146
274561
112187
596954
38562
-1126022
881052
-268598
763014
1094817
1141741
-1560191
2632623
1652643
-1271025
186897
-2085966
-1741268
-1400071
530668
354505
1258656
271887
-1635455
572812
-1075031
295448
1169916
650233
-1344947
-61405
265273
1424115
1126784
871524
505493
-759976
1020702
1024748
-647231
-1749643
-1201269
-1596590
1014634
859136
1016669
842613
641324
-472289
1178421
974462
-419228
-1667935
1973456
-508529
-264678
512760
80240
-976410
397918
-143863
-583784
2090763
1218204
405477
1458060
121756
-263440
-252226
1043691
14672
-8681
-968538
1188670
-788541
933629
-401038
1769528
810043
673065
-373318
-194595
1060000
113316
-1040458
613611
66695
829759
535390
-358378
-1564529
913178
-282772
-84168
573690
275215
60282
-718890
244838
662119
1372251
935326
1232143
-569916
243606
-758150
-1256590
2451342
-335391
2124897
2278722
1520094
722334
2117386
-39204
1039056
-416360
1119234
315531
-254152
968872
-464928
112930
607370
-943860
-754182
1018999
-1034323
-98287
-75993
-510851
1431993
-864510
436363
-160868
1460334
-763460
-507768
-417378
-276098
-1049652
1781766
-598176
-871181
-270019
1291612
429272
-718162
-812356
14280
-741787
-562472
1155455
2678682
266440
805827
526673
-783720
319269
-1741317
727156
2228381
-713958
-479903
1201868
-781237
468340
-514616
-314948
536651
401363
435453
321535
-1246081
1859098
-1008888
-261242
403444
773199
-889957
-670517
909402
-490979
1692981
252261
859814
1266257
1268072
-321831
-444591
-607909
1820898
769556
-300940
-627344
-281087
-330108
643271
1483383
-353997
-372447
-174018
-859196
-888234
-407838
-54635
303699
-17377
-785143
380461
1691746
-642089
29156
1258261
553547
-419195
-172961
247517
-858055
-148012
-1153588
-643776
-850913
-538411
36115
-1229687
1184016
1600357
997993
1112721
1386407
-497384
-51223
285901
500061
-337295
1020087
-416122
261533
1365030
884781
-678605
508633
2460443
1266081
2272404
-490485
-158675
-852932
-842877
1345003
-474770
551679
413788
1360654
-200640
332045
-366975
-769075
809488
-1311545
-364646
-1597981
-1134122
-117391
1214967
-1403645
-586652
74219
923696
991597
321555
676398
2125579
-424826
-1293925
290481
-208984
856380
391826
2293032
1489375
-833545
1100266
-703100
348452
228451
-1613542
-216808
-2081381
-1059334
215926
-272638
957772
1125308
-1074590
-1364082
1710217
2130825
1737018
-123106
2227112
-1201783
552033
988647
-417257
-978823
190232
1285321
-150335
-96157
-702757
-1038061
165616
-311253
229070
38141
306645
-26852
411215
2263778
-20943
2300727
1497863
-224276
-652161
2415016
-746374
-58550
1410437
89729
341417
-538234
-320348
-377212
287620
1750857
485457
771733
-382725
1212652
1259179
-641636
208138
-1321314
2122764
630096
1221003
773256
-155461
1278083
-99353
-1062545
828332
-291483
-262866
-151280
743118
237318
-935635
1019832
1488464
-1167312
-924648
256747
1745215
82928
757818
-1557244
56913
-391313
729550
-427054
1430811
-388736
453057
651732
11726
-1355222
-1126023
-394484
-523011
929315
92246
429327
804535
1900593
123970
395762
-1247264
-276079
-526120
1629987
-220122
2151326
1353339
-245937
243772
73687
-18016
-1135674
645610
-149303
-706771
-1579627
934407
1018801
45145
69076
-2177015
-1352580
1389469
-1079508
-295197
2260144
-322975
603856
-1510215
13618
428732
178384
1082336
566151
-913141
-586977
238901
-831031
-177244
401077
-38957
931605
-513735
101318
2120679
1392777
-57448
1374332
446991
349282
808357
604532
10159
-1125853
-117243
1341698
-729194
12228
-592186
-914427
-464177
636412
-1005739
-950374
2298633
-130055
831393
38844
-689350
865317
-534509
-1197658
872600
-485922
545155
525030
-123663
-537521
-917292
148788
-108088
-299483
-646662
706207
176189
240670
80641
-1407461
2561888
-766607
584352
-1376119
-639525
670945
908281
1390473
-47196
168817
-207896
-1356344
714866
245301
-62330
-727595
6230
-245148
-458897
-337111
-614548
-359220
-788233
2571810
256721
769414
273963
-913555
76804
709850
-414465
-171137
383737
-555533
2766438
-762491
-399034
-145516
-682413
-933213
-45016
-42013
-48369
281345
144728
-602890
409009
2177760
159086
-2284381
-341856
-658574
-65920
1311571
-541103
-244359
383571
-502682
905156
697427
1068684
1185473
1462102
252634
798760
1452354
-695558
-412384
1846496
2427765
535785
73904
621012
149167
-776948
-1349531
-695214
-627153
834966
-957400
-435336
-222517
-391068
500724
673310
-616482
149630
720778
-206734
-859505
54323
-728218
-129495
-273028
-36009
955688
1159134
-324977
-181993
-297173
-517522
-497447
-780526
1244799
374461
-896838
-1230567
405113
1768373
-1200973
1151892
-148397
-302105
-441101
-20864
532489
-1186689
415746
496770
-540078
-702764
-803792
352566
-626662
-119852
-1712007
-1132629
1089975
103800
1270643
-34312
-217899
-334450
571970
177649
-453249
-27982
-1462902
-643159
908373
126983
611071
50969
-244784
-746188
318181
-43092
-242253
-126168
-583235
-976295
-1588126
650627
-1261680
853428
-123001
513362
-337648
147026
-1372619
539319
399573
506153
-382174
-1273116
1523715
14733
-493201
92197
-847338
-598148
-77603
-1749331
810796
-858947
777690
1213068
569327
348269
1423033
-1364070
586283
-476296
-409645
714225
-67213
2175319
194570
-381173
150283
-801556
-703127
-268373
1009708
-938877
210364
-195552
223600
-1853253
-292592
-421281
-612547
-1089071
423997
324860
-781616
200073
-1411519
-456348
275411
-38258
-1082064
817479
-475074
47745
1659975
748126
295318
-1003879
576805
-283990
143578
-649377
-1239823
-662480
-236414
-197217
247213
1492143
1497348
1459263
2085917
260911
2897
-518038
-142448
941846
456491
791098
-536776
-349495
603351
469776
431630
1646135
-338522
-564867
155720
-309190
673975
875719
-97940
-42738
91714
1298758
-1340271
-91387
1011408
548126
1542299
-156452
-1469113
-1472462
297744
1427383
-819193
-1785141
257254
377164
-1406591
122766
-575198
885792
1830401
-133222
-3622
2099519
681202
-1449272
-1303900
1212207
456279
1052364
392465
1204729
2768399
-791635
-925058
1018509
1532309
216981
-356931
-419498
1091793
295191
458392
834042
-707275
404326
432790
809857
661430
-589391
1836970
1145416
-514094
-1611666
-443407
286495
-283465
762767
1835639
703244
1839171
416571
2067801
-691750
2747987
2218528
-1306135
901344
-950939
-189133
81971
356504
-68312
128586
-1173586
-717338
831148
-9067
-453169
1612241
903527
-730867
-1838457
926949
-1447804
53274
-979823
403960
-1269304
-755243
-546218
-143578
-819433
-646175
378540
-383346
2354572
-727030
477678
27938
214076
-605921
154971
1814760
-587190
-103841
603011
-464464
-1219794
362434
-584718
-385425
1469806
1162629
-1175661
-260252
-660006
-728365
554389
45776
335466
2291324
1058468
-292529
964055
1213916
-915348
1269484
1752562
-159740
-245892
-154658
-82060
1063632
-77534
-108457
-2024891
-1966066
-211560
-338490
-810157
915430
1601530
1405061
-694976
-1153990
758403
607193
-182340
-349210
-236409
-35279
-523961
1210417
-108271
-1439903
-86682
174513
-2194156
-835412
-760418
2151
923608
344743
-847586
567214
-244891
-809758
-1722075
139158
590589
-1512945
1540604
24060
-381432
-454359
-122042
399968
409880
1126104
-696277
-267439
389722
271651
1540854
1550298
-839169
-537245
-1291194
2373238
-1127731
-1242088
-880421
-610331
-722261
29804
-643134
2077749
-1973478
1638496
-1960521
-114395
-805471
2259271
963924
263578
-65235
947348
175963
2397535
1002152
68301
-388906
740061
-419225
812853
-212068
982544
-885208
894586
248624
539218
-786395
952381
883162
-463358
-67842
-413777
851441
-318535
-380932
69266
-69441
-28730
-900659
-629358
-1333405
472893
30111
-253845
-413873
-1315289
-900767
-762637
-224992
-1004778
2633452
753215
1067312
713594
-105851
2604375
326298
712735
438184
-676105
-555839
604207
1487147
952010
-413693
231346
163288
-470737
-169237
607248
-62820
-640528
438742
-1133657
-1031318
-42730
-733051
-361915
-253070
-692944
-274689
-623592
727769
1752202
1616977
-205566
-1481899
1632509
-214967
-1250299
61471
-602784
-1079648
-908435
-808123
476692
719350
1134561
-235128
-101592
1693405
-212306
1060275
602297
594049
-708071
-1365663
362936
145889
529613
-1534059
-1484797
1301644
469143
-591974
616939
229412
-1942148
-1614824
-11395
1382353
1246831
-570713
2698715
-555421
173705
997400
-550338
-657334
403376
1078077
1235667
135566
115318
-939553
84373
452414
-90186
267402
118935
-903268
-743861
-31697
361986
1556444
48464
-48795
1192159
-171107
-679828
426057
722365
2225889
-735816
728719
789319
-877707
-662600
-521794
-724956
-608490
309308
257310
-1105001
-177736
307733
683420
101227
608460
919202
-547885
194862
1945826
1030161
907522
1670793
67687
686879
-21002
1272243
-1351469
-549486
-351096
469126
-698122
-1256293
257219
113108
940438
1122586
356571
1588370
205303
-125293
-395702
671603
238742
-1284167
-1184755
-1685866
952580
941634
326582
-162665
-381018
-104532
143653
110889
-304116
-1301714
-917865
-876646
683114
1069046
63672
-762318
4764
178849
-593261
675192
-84859
-1458192
118698
334433
790765
1407718
-710429
-888514
183698
-265970
-1602939
967016
619997
-1499840
-167961
-78225
-745783
1325720
-889972
372904
-656084
-105324
1516743
2083706
454109
-320147
-905666
1140816
1259770
-651728
-347687
2780446
-190078
762504
106264
-568729
-326642
1815466
1140008
-396354
740349
-1214362
564417
-245762
890704
542904
35858
1056566
689110
726461
-934368
468431
-440675
781347
231976
-325208
-1470788
164869
-417462
-601671
-914830
-92836
-120094
1850769
193656
-94583
-1316433
-133267
2371411
880894
-975119
-260151
1580242
1667992
-785534
-347338
62329
657345
129506
6997
170286
2586923
-944163
171007
452535
-293437
1195107
1362972
-140496
-797118
186207
128547
-431518
943318
371956
-607307
-12930
-15926
282818
2286149
85915
-280655
40202
954398
268247
-264961
511628
-285902
-1099796
-771718
-126463
29285
-971727
1582779
-707113
-1918348
-530558
-822085
492127
-631303
-172637
-672544
1625086
519958
1586858
652173
-2032329
-602113
886346
-76445
-582821
-1343006
209077
-569005
-922711
611898
538379
-192601
-18963
-739730
969622
150286
600612
-1470700
2252787
-414973
-1576332
-433535
788966
1070307
-1325613
576480
1514801
344987
1410328
77557
-898422
244539
288459
-120667
-559403
422479
-273613
1337161
1668821
429154
-911718
2672911
-329165
-1903998
2162291
-769937
-458294
-1885936
-542368
-234878
603102
969895
233776
2126301
-1530814
-484961
-614382
-375269
516051
58818
-1187080
263128
-939244
452615
2358361
2217993
678943
74152
-1025697
524824
-507009
-532095
-1218885
474138
-481135
-352738
256708
68717
-1032049
844573
-418541
1355983
-1036153
2111169
-328607
42994
-464939
-1165573
-1052401
-1023201
471031
509958
374662
441575
37194
853204
47771
848293
549030
1759574
-1382326
160035
1102297
313470
1193080
904204
-993863
-91885
727919
982871
859035
-160082
772742
1486893
-449287
14711
-237331
-61262
313258
-227010
-1108558
-961856
32689
-471795
-721829
-418358
349017
50082
1090224
1096150
609752
536387
-1360019
701743
-1708201
-994513
-232224
1416992
1560485
-507083
392066
1295425
1617719
-206872
1076422
-738968
1504922
1713954
-138531
-274939
1893496
-520731
2977132
1638457
-30190
-245909
749348
42218
-402787
623885
-914791
281524
636560
149568
233315
561580
-285114
217474
553788
423379
-1164221
-358550
124724
-1585928
-1928362
-64195
15347
-1485045
-456243
-1214160
-1223343
-799928
248682
-966589
1604308
593373
-927036
-556680
495763
813611
-1029211
958200
-344821
1668147
1365958
-1616013
-1827817
210630
-515912
1004179
-562158
1553077
-631806
111031
-867961
-55579
1053023
276067
-447592
-35645
-296379
1096645
293651
565001
-1231249
-1142226
-1153739
409292
-83370
496268
-849714
-756669
-836006
-263091
-183616
-264394
-1544583
2015173
-813921
971742
-393450
-634506
-1106207
410953
240228
855767
-350403
1712251
-916200
-250933
-398726
-189923
-1806163
-803632
556072
-593173
323083
1264896
-152073
-399031
-1587999
-1940189
260584
-614096
1529550
1407861
-1561636
543986
-216518
2797220
133399
-292157
778672
-1246540
-1829482
570353
1201656
-1963934
-394112
-600019
-218355
-824915
-358555
-1182790
-417085
-182537
739162
-1374883
28220
-103663
2008025
-476929
1292533
647590
-809177
254248
568313
-597791
-635566
260458
1065471
942052
934897
-829076
1242010
-306998
48815
-589480
-775313
1634737
597692
1701504
-1537727
-452049
-646798
823579
939918
-659117
127722
-414544
-1875866
-90517
-106464
-34897
1596633
-526236
-239694
-1385313
-829278
-1068561
-93099
738564
49652
193527
-1406109
347328
-480936
497135
346577
-241977
-922586
910724
-837288
-475571
-585716
6717
1331743
-1406367
23302
1101256
126627
-1666092
540732
-392686
837952
14539
-635226
-1660563
606353
-1325060
2190870
-761389
-783742
-581435
-112410
-1195288
-1241250
714404
-31458
143758
772269
593068
-542046
336942
164566
-390054
866805
-179451
460322
-967173
1896661
-289425
-226739
531400
-1088307
1249779
-1176665
-342566
1786181
-1390221
1702488
1220932
-1083724
-214899
69062
174926
-1211626
61040
62056
-2000378
1437511
618886
-436373
-269494
-118006
1303440
-1750014
-995974
2745007
110473
1223140
1539645
578348
-561627
-588981
1780183
-80015
-1099675
-769924
1771294
367026
-1458216
156441
749003
-4142
138736
-1669050
-166041
1151351
88533
-572372
-634526
1089980
373545
-347675
1198524
-823294
343333
-900305
1384796
891610
-287162
-1022616
-372624
-187345
353837
-7819
-161976
91881
697879
570133
-531342
966292
1721473
313847
19
-88770
-241147
-507132
-981298
2064376
172543
632435
-930758
445626
-408101
1026731
1157685
612002
-524794
684085
-636894
723025
1980165
417443
-252498
-774777
733460
1109353
-683757
-745550
605988
217668
533193
-706421
1406557
275528
186084
693485
-179101
752534
86846
-941304
521012
275121
-156677
-529116
-795965
2691529
1143434
-383721
-1167920
-567212
-1538863
-117341
208397
2466169
750319
444112
-739757
712717
-1360542
-613692
647243
95486
-770809
1003664
-262437
1222311
-154881
-408302
153624
-177222
-600573
-341177
478340
1322555
411356
-340596
964192
-184444
810912
-1410829
-677188
-816981
-557106
322108
1138420
-1353305
-760962
-33752
2072330
1551763
-48428
-776174
-574851
1340580
940214
823963
-716484
-1568196
-765064
-576888
-571246
-747234
1988505
961474
269648
-2021503
565007
562428
-39956
50283
-355972
22346
-1862425
2587975
419514
610839
20093
455546
615294
-8419
835444
-915931
-1410174
557548
-289379
-632958
-1295609
-465139
-701658
476166
-135815
1157523
708349
-817397
290407
-800255
1006398
-1657559
-1571527
-1303320
145505
627671
18104
14024
-1397044
-90351
798142
-1289221
-1283189
1608200
-727450
242548
119069
77736
-646998
1403379
808912
2380753
704489
-46555
570670
745117
1167445
598545
32281
-304127
1976872
2032165
-45981
644704
-1783575
-259034
1154545
177140
-358593
2471158
-1790942
-26271
851387
-94687
-243659
-126939
8076
-147879
-1052604
-1306892
-37712
-864856
1041930
1263314
-482553
-83673
2439500
29690
-653801
186820
-266035
-701925
-1225953
208222
105457
-156288
279507
81210
-561857
147373
35794
136573
-617966
764840
1016235
-765803
426559
-517777
153400
-633304
274769
68453
-1530620
-595752
-707922
984348
244637
1299417
1461235
-812367
-645978
-56676
1028813
242173
896873
-515933
-349855
369883
2286625
1382405
650876
-747814
-613968
86478
195616
-537721
636094
880691
2039782
-868404
63848
463338
-436871
-452158
1684545
137787
2077760
-1617478
-286180
1540326
-32038
385833
-1020517
-1084342
-613954
476994
-726826
1866207
-1238764
-379112
-932332
-1162587
-603346
259506
338791
1447584
-1085905
847134
-769697
359246
877410
1331304
-674986
1516224
-282338
529229
-139608
-145427
-509221
535241
-100887
-104335
1149386
2158487
-120164
-453134
-705176
-886210
-467763
2473211
1174097
425797
846983
1197551
1585527
1906728
2900984
267781
816657
475406
-884635
844172
-31987
891430
-556339
-403816
-478130
-638830
-1146651
474154
-234080
-1660928
-191905
-608514
-72899
204723
69411
-807826
-284982
1352689
-1182646
339895
-18680
662838
481953
2632
-1255704
-335768
-338107
71110
-1515672
-132160
732688
-54820
-217119
-264370
827447
402435
-491287
-1445164
-111316
81153
1791619
288351
-134944
-58379
281048
-878471
-1753102
331081
-562459
-408264
1142931
-1098508
-703249
-724539
-216243
1699541
-566371
1549708
-1845523
1340995
595624
1031873
-1193981
1885889
1047265
-345851
777828
451291
-31381
1142077
301960
-953730
-572725
-1581247
962354
852448
-452201
175087
-510485
-1336268
-1241868
123638
-424246
129045
-1110741
2631330
-451392
-1069053
2911330
708912
-1035935
-219287
808612
-386226
241573
1496346
200015
-411672
-637344
1162940
319810
-722488
-1603221
2121763
-240295
-1364939
106802
1093821
-48434
-259311
-563413
95029
-1490140
-536172
-92737
-1058679
-168105
1486106
-1724145
-901571
-313588
491509
537291
410588
-38291
-598574
142120
542171
-1313786
-214768
-29147
-208129
1767283
391871
270483
397400
1480392
460511
-693394
374914
1679853
-639491
2987038
-1586068
-391393
671985
1963070
868264
-858443
96232
-650409
908291
96527
-122533
-64851
2084891
2679562
-1332978
-374484
-574271
758505
910664
1079292
1580491
41159
-570956
-226728
1294897
59886
-1625696
110564
903884
-181272
-53234
265992
-973465
404210
42125
-1263869
1460944
264263
1022743
-1418719
222284
-928867
-1142042
728028
562606
327287
-160394
818972
455083
278729
-471642
1431823
2553441
-138097
-51134
1554619
-206906
-652305
-1176726
194833
479498
-1196836
-157086
810504
-294720
1099791
195036
145800
69883
2155688
573328
-42456
-41352
776011
-869393
86850
29606
-519026
-886465
-444356
1445889
-378925
-724557
-1405911
-279151
-42135
125878
-1086418
859660
-1209481
-1562801
1631064
928234
2025934
1337629
685384
-487695
589457
-705248
-727574
153596
-781928
-42470
926036
612090
199974
1917135
-1042473
-152632
-277689
-2186673
-698808
1383320
-1043848
534998
360847
844915
-327083
-779321
303912
-252648
-384426
-431432
-65595
-147431
-104275
207856
-84862
-402001
477017
-466835
1076192
-854835
642363
35707
-88749
-1341208
-245097
-291384
-344867
1108204
-6849
286190
463479
-211611
1139524
-127091
-427980
436053
-500941
-1133080
1442421
1210922
220345
1280447
2025391
-850645
861856
-253181
959064
-856477
88725
-418392
-1599834
95201
-470418
1514882
-714521
-719751
-699976
964654
534625
-908516
869275
-322520
721974
494436
-84207
682518
-590369
511913
611217
146036
-1443222
1030806
-273776
-79982
671598
-1511532
76406
-1051576
122995
-15721
503955
3726
719948
-702829
-367458
1671731
1185743
735759
1900752
-871753
-1108756
476194
400175
-905979
-627921
-649463
1971104
2356747
-140059
-307757
473706
1162435
1114805
1782830
2132943
-1152494
1101029
814921
-232352
-738242
-248963
-1728242
-1264340
835900
1032952
-54346
-1165840
1698248
-1815794
504582
-848882
1687128
-637625
-382004
-820952
90867
1510251
-708004
-619005
-1091829
-1381702
-2083922
-1027720
1057061
-995301
-153901
2186850
472451
-1133036
2792260
-1310428
691037
-417632
-399309
1260435
629231
-190582
-1242852
954037
-710376
-702219
-579567
-607881
-554529
-752209
1093512
-238549
-89196
-423108
-1126886
-712553
360302
798019
-269321
462440
-1195958
-1206447
1363768
1440015
1375764
258131
588722
-592971
1074476
-217458
-27586
-473187
528367
1480210
777792
-399962
203338
-1018584
-762078
-1397727
998571
239726
-351693
442551
-594101
-178980
808239
2229297
903466
-214865
-1152390
1035820
880119
-1024401
-1115995
-315108
-1422095
677970
905235
-1110827
-10064
-1294313
-1273973
245818
-681784
-1304339
451052
505374
-138706
1081284
-403280
-712018
1679343
-675434
1537878
-354529
-181859
1080538
203702
-649681
129618
1111503
1287737
1610010
390123
903600
-920740
-135393
-428322
27542
-898426
1108904
-265961
-216158
-110122
673785
1966609
-1147790
886260
-389892
-1140011
-132957
725430
-275673
-854926
-181525
-135429
-45982
745004
470177
-836057
-1457400
-1593468
-172730
-834668
-561011
-962182
-1194776
80851
-2294965
1008080
-425747
-1007924
-303709
924863
384168
-64448
-729755
1037824
1024558
-226417
-1510343
-36749
519539
2235139
-1064808
967131
-848051
648450
752011
86949
2694074
-335451
631688
-763557
492142
1378634
895866
1683843
-99601
-51212
-94355
545021
1058623
-601497
-188252
1093783
-23730
-372386
-1192227
1894042
152059
-122669
45105
-1609035
2084776
-422836
-541019
149409
289019
-463001
1031566
-342044
-1140078
-120956
-239753
2368263
1231546
1705934
113636
15494
-249968
-29072
1014907
802529
-132121
213372
-231415
-1387772
-1653046
629460
-665623
223329
1244806
-467454
825458
-540549
1089794
320705
-74013
554993
538978
-462800
-391969
-9930
-329488
-436156
-331927
1754408
-388238
84022
688186
237436
-836579
-565550
-770824
1890266
531399
62356
-146363
272921
-735509
-907991
2256179
-1181569
-708040
1173474
1042295
-814675
981050
526180
990677
217813
1501948
24531
2228
2607331
2995401
1818331
2832249
260857
-650323
1272127
949798
619268
-751670
-600005
8535
-252709
442106
-1889984
176917
-2274545
-88329
-305386
1351268
-924955
50764
-678241
-1317579
-1472046
312795
1715642
-1059432
735322
-781155
-153601
-1000134
589139
-684794
2826984
-799592
-61882
741478
-365764
246067
4839
-98467
570
21864
-10600
530236
-429525
-140262
2598707
-1128090
-1138715
-1197861
388984
-545673
47176
401260
1000049
768010
-1582819
1505001
1412885
2429882
-273620
-1839796
573167
1580548
449118
1746077
982768
-1076063
-127096
135349
2079539
1097942
1112223
728498
1250433
-270371
909518
422831
-1448307
-20283
-1222297
1358816
120557
-20967
829401
-1171135
760936
-752721
486904
614953
-120673
363710
-346624
2420284
-552071
-1108209
-439984
-779600
481870
-323928
573008
111265
-464123
2341878
2646722
-1821910
768375
-461064
489159
558922
1488172
-727534
648933
-41490
-984725
1043267
644840
244786
397836
-47045
294911
-357230
-217665
-651264
1101572
-607111
1145733
-1039188
2529566
-381680
991835
132217
203332
-333152
304585
-396143
-669895
-560213
44672
-717591
-55320
324976
912853
422842
-1377525
470284
695070
1469546
1730561
185178
-587200
-1087898
-353252
-175691
-1034244
-728166
220346
523457
-319407
-309118
-253250
1518226
800493
-295752
103248
875312
1503002
-19230
289063
-1144692
-1064629
1344842
1642012
-200394
2650723
1683807
290860
40421
231981
-65040
-83814
-368518
569112
-1681805
-292765
-177100
-255613
877553
550328
-1121883
-522116
1356888
2237536
-621765
1194887
-169133
-684782
-2157501
-1412145
953792
823299
-1510490
-2201918
2667167
1589745
1029777
2145736
174287
-327597
170060
225263
309080
-184382
507085
1044992
-437294
-360534
-1086696
-298243
1749815
915208
-365160
510239
-1278116
1031004
-1429709
-629483
-201388
504453
-418433
-522586
748146
207796
-1268636
1149193
-1206347
-69199
539423
189394
-70697
-356667
111832
153366
1604990
2530233
422890
778123
-1011501
-232418
671169
-757161
55177
-147287
-2110451
1214405
1091363
1281265
17428
-1137176
640730
-1209463
-949274
-584811
-868290
-438011
47303
1412995
-204220
775864
-621868
1346935
713027
-819714
762100
78295
866541
493356
-940164
24168
-1012967
-840067
-519472
-197795
885843
-160092
-240906
-1426296
177280
-1572589
1655389
-146931
726301
-8604
-457814
689469
-241926
-1046001
-262936
-496645
-64405
-153432
-467476
-663124
707628
670988
414170
808592
-1101554
361815
-1495387
1640464
-276198
-891578
-860301
-1883091
-440266
896806
844214
1754649
2670396
-63481
-1643743
1769849
-911694
2184425
2490907
537106
-1068379
-1606272
-551673
225650
-2229224
-944798
33675
-370367
1136981
-65445
-480024
1127444
135839
-163742
1554793
1059841
658418
117041
-2097509
2129966
69564
517814
1281068
622853
-923693
-1362559
-150268
151635
2340418
1538794
917425
67206
-19221
584900
-937090
69772
584084
1711203
201265
141958
626020
-326209
431232
799908
2208896
-467915
755526
-366152
2688460
945516
284828
-215054
232685
-1388225
789033
-358355
-1023132
818569
164849
-1332757
-674488
2087885
-499402
-1576353
-517311
602217
1776946
-801702
-929391
-645498
-544715
1033505
-1003920
1244890
610385
-53343
-1409352
600134
794404
637315
-250246
1818599
-1532085
-1517665
-534956
-1041801
137446
2761001
1100997
-161715
-519451
377798
352051
-1197146
259563
33849
139716
574394
1295372
1144677
1802135
-204725
-657458
412249
1901325
1452330
-1782598
-1931536
594393
2593626
2027444
-523359
1098948
1558961
-282957
693187
1092205
2620823
-1263203
-1005845
128374
-328551
203300
-2284050
-373399
-1133890
-783553
513916
-1405314
-376090
1055406
687691
-150159
-709767
1825908
1732267
-625807
382322
954524
76004
-589799
-1532641
985768
179877
671660
-625993
-34100
460820
2364745
85323
191222
670497
143051
-1142678
-1135492
-932573
1109819
364956
-1392569
-2048659
44603
-516792
-662361
-1393026
-444330
444209
-858422
1389439
1350741
-1668986
-527177
290005
427890
1380411
308575
-1504778
1729584
-650393
30185
264758
442919
1307832
1484273
284453
477219
-800332
473644
926392
33972
-142527
-84767
-561704
546840
1429842
469900
684861
729947
1278974
-1249409
-1788114
693896
1866609
356085
394042
-138705
2098176
-2283313
-1276407
69972
1059117
363680
-865505
-1477179
7605
1854617
461098
1031552
-25038
-616764
2120999
70140
539720
-976792
435993
910372
232063
23584
-547294
-928268
206151
957501
255094
-639019
-164511
202514
-532257
-636464
1055085
-59177
-1122216
-60729
-292647
2261300
303801
2088
-1355715
-139337
1323902
-444410
499855
-1845041
1137518
907111
-533465
-1555894
1133925
1478752
-361916
-203604
-344497
355790
803019
-186465
-316281
-405689
-473788
-574497
546693
-242595
690871
-660350
-756025
1774807
-115295
-801166
304937
-198096
166658
2027292
-545749
1085921
-224535
2468327
701639
-39566
1154944
780038
117157
-440760
-512482
-844671
630898
570117
860942
-43930
-255263
-626361
-1431509
-683707
1034278
361923
-907444
-693668
219693
801441
-346525
287514
-986388
496504
-423390
-334250
-94805
907005
459275
811946
-814428
546223
-1352150
-518646
63991
-577249
2081846
776883
783191
1498960
372676
-1366186
876613
97634
1477373
1006789
970893
643042
100066
744665
36932
-1802222
-163117
-579258
40871
455960
-244693
21440
595099
-241779
939109
-1390615
-960094
-288737
-280271
1680295
-286997
-521363
67129
456095
840671
-383480
-175059
-295032
-12375
695007
112665
488700
-66705
-6207
976186
-282488
-47127
99253
67111
640958
-429953
775451
-327612
-346332
-924692
802927
1490246
509158
-293765
-425396
-854582
80824
-398204
-299306
603167
712822
200655
902749
-903558
-1619888
2443930
-1198323
514704
279491
725228
-469603
195811
2276569
741548
-338691
1425843
2480281
-761129
1029382
30373
-100571
-248076
-242913
1571862
-847471
-316306
-1219113
945773
528865
-140081
1699339
350735
38199
1457201
-589107
1711255
-1577108
179995
-854959
1608866
-1454767
55546
2455808
278957
-581433
-910630
-1277687
-1410948
190194
883110
-414651
-101762
-520167
305294
-351329
-156132
-41260
-1019716
-937089
2046984
1352164
1900324
-210137
84224
768503
-598393
169702
-1530264
1221275
-583021
1704123
280563
435874
572436
11474
-290705
-336104
-312464
1239694
-925026
2109681
-702552
622381
-835207
709553
2162987
105788
383341
-421337
542660
808213
1407730
130599
-11448
-1350753
-243221
2217500
500863
1329027
86853
40255
1182908
678192
459587
-25929
-714514
-330359
972940
-322543
-525965
354225
-1500603
-818165
-1453334
-164157
-128917
-1181008
2057051
203663
25964
-1105508
-2817
649053
-803336
693243
-7166
770645
827431
-406983
2679086
163601
1565315
446247
-9942
-949261
-858795
-1431326
-175220
-624257
-643880
1249067
1546908
-1257540
-1672409
-234567
750919
925608
-375241
539132
-660084
-620375
140505
379915
-791411
-1498648
460487
-2687
-1711667
-894722
-722469
386187
-297648
-135682
-335899
-2402123
430176
2529930
2009
-882757
850307
294200
574610
-1447688
-1001747
-1144978
795863
-500456
1448690
-856291
-1514882
108517
1056797
-1018288
-782033
1306919
-1212774
-1427634
210164
109158
231903
112205
-879642
1246190
-871598
816776
685408
626977
-760713
-1390780
-1373242
531451
1131873
111540
-908149
-393294
1107713
788219
-966720
223275
-2268158
-472817
380303
-739450
-364103
-16672
801903
-558853
2583031
-606789
-115210
-701837
562224
995595
1503808
480365
-1655132
-72406
-189281
-1071816
306237
1084212
-900843
-540489
285530
-166367
158297
533721
-750376
164754
-1358261
169406
-714572
105175
-178352
-288279
-136292
1423061
130907
-707436
1342006
254287
-792770
538274
-504123
-50875
-1011927
-727004
929072
-510272
-84144
2010781
-1412291
241008
1629020
-347795
1793359
-1213891
-55596
114846
-1059359
444407
1131638
148881
1312070
-1569472
189807
-465996
483746
23768
-726763
2067286
-867207
572505
-1452395
-231066
-954227
2431684
583247
-313007
2287
1156748
587786
-1809633
-1176632
202492
-594131
876581
297227
-937902
-513334
1264076
917463
-720648
-1324628
-408700
-686361
-272203
-1219909
-691391
2259660
-595279
-861759
-551023
899733
415719
-1023259
-390317
514103
-716433
-320005
-170071
-820353
276916
410881
934694
-1338638
-478057
-88000
1637505
-713218
-904707
482775
-628066
-656483
959431
1079994
164484
-458892
-141606
-43976
270392
603907
1122754
739432
-397936
-52836
-1247681
-404644
-370827
199569
225341
1225516
971778
-295463
-530217
484207
-292430
1826714
1752325
-727925
-60981
-698547
-690762
997231
212888
2552896
1549473
-835311
-445030
-824183
747196
-311220
1019235
324162
-943145
-533461
1092041
-526202
383312
1199603
-1571213
597906
-299553
-1121672
1574
629604
333986
-940935
-1471186
684399
779512
-346610
321157
881074
2014477
26535
-403516
-1784954
637159
162944
-291564
-235269
-1081905
-838575
-414959
-1070037
-320480
-293280
-293342
791401
-178376
1425185
-941096
1757872
1575174
476900
-893164
-536909
1380832
-162159
339136
-527434
532540
-696501
1117557
-855759
-1131486
-82796
2192655
-853337
-966659
1134117
1153470
-669343
2007571
-1305159
-769413
424577
-373977
352386
-351715
1095316
-262111
1569005
695745
1229691
-1349367
-23948
525985
-741160
854187
-378146
467827
-1579954
-577454
1047362
-370912
2023749
-1265577
2102691
263908
929199
151421
-1002881
-138123
102038
1057548
-200896
-113115
-491042
588080
-108316
162974
2052221
76867
486275
138382
1020874
270016
2787351
-1912324
-238635
-691520
716442
954857
-1394412
-674863
325995
-167520
1218464
-1208115
-350569
1263397
-116260
1629572
-413452
914932
2313645
498699
452314
-782378
-798098
-645835
2241171
304551
-1154501
1441
712493
1042523
709659
-1274723
1174307
-404514
358489
1072188
-619239
1617248
24669
-482121
-167305
806747
70007
1055121
126445
-165945
-352735
-152747
-100935
404811
105857
1358609
417734
311557
1087890
-347809
-1115693
233429
1781491
-785020
480166
-997505
-368714
-1045533
-1198711
-162752
-251449
-478383
155621
-78470
947206
746864
40273
-661760
-204442
749673
174260
629386
-1364609
809600
1133063
2545846
-90115
-1189670
-69100
1624398
-153894
-487190
984490
-457281
-521624
-997197
807000
889722
57873
-532323
3186534
-700633
-1797274
1090407
544148
512403
-178009
-365312
89071
699209
315902
-725344
790766
625176
1174173
347284
-397694
2111395
-771855
-72810
-1322355
-767819
330797
847856
586127
-621049
2472347
-596905
-583144
263447
-379602
1249711
388972
-766635
-1466091
49592
844352
-322746
295557
-1153104
-449864
663346
-1223940
139839
-1357530
127185
179877
-1033784
-737185
-1286471
-180670
2514677
225061
-355413
-564132
1837883
641843
306688
-183752
-292636
-1129083
-763178
707427
-59322
708037
-623048
-595428
670554
235000
1967373
-586176
-647105
1198591
286340
2112377
-8419
633564
-89624
-171637
-832222
359068
719712
2121590
-1258151
-568015
293891
842582
386515
-485725
-338771
-797643
1136487
535516
867269
-753238
1236542
-1087338
1620633
595107
839737
438261
905579
1476386
455189
-320447
-775252
674709
1143141
-370393
-554657
350825
786590
-1341621
1146459
-1809495
-10933
-775593
-1637155
514336
-341511
359442
567933
-623750
729354
195626
-217082
-44860
416921
-1458633
604643
-1121501
614827
1587347
2224276
-129834
-1343348
-753541
-1380069
403578
-253880
-242021
318343
678823
-1088589
-1013165
493650
2474250
-708534
-1724821
-904673
-1241504
291203
1292266
-1136755
-51451
196897
247442
996673
-1093657
828843
-99591
-1482566
-254501
-781142
-936398
29692
418634
-1138890
568838
-297734
386105
2478445
2145949
-92815
241487
796904
-1150636
-1384964
-1010578
370480
-654078
-544704
895826
1873489
498914
-843755
-787032
2436902
1352730
-450602
1555046
743227
1257902
46478
-462489
-265283
-233048
-473736
-27691
1261076
237987
-391804
-766551
-30098
348249
1513224
269920
-72175
6581
2237842
869498
1341872
21211
-393089
-1118337
986891
-1206383
417121
131054
-673663
351499
-162602
-448311
-359858
-1676867
2081367
85616
-1226485
251158
352985
792019
27668
-522187
-188276
-1224946
1002443
2656563
-344595
883867
-550028
547074
-286679
-790580
-1393445
-1001908
-430105
-13204
-25172
360681
-1287939
-1162650
-1139248
-240388
-645175
370779
-1893171
9281
772085
1782762
-360440
-748474
-676953
982429
-927987
-1285722
549623
472893
384464
2438556
553403
-1896061
2313145
613385
-1223458
-473543
551288
2326139
-96966
648505
1142982
-188237
409732
-1118875
-1183338
444580
-1244305
752112
-397688
344173
100970
2084845
-28035
-683320
1356471
-387485
-2066238
-891780
689461
1016874
-1351727
-107152
-827243
-293132
-242558
537240
996606
2189092
865620
404021
-130231
584836
2176349
1968249
663023
1742575
1180042
-908327
389179
1306020
-759576
-433578
-1704448
681343
835884
358891
583788
756205
-1332843
271154
-28975
30284
-67983
255570
-170922
490190
1661463
-219992
-1397276
-1129723
-432851
-182015
-1302150
-133813
-854615
1080823
1043267
-420063
-790761
-423001
-840510
1103278
-1551617
-433854
106972
-623796
-400212
-894023
1112417
1002329
128903
-723152
1223529
484906
-209508
110505
1343150
-122312
339033
1628788
1322038
380413
-1055490
-1318989
1625195
508218
-836051
-73558
796268
-206793
-1284663
2508817
-620352
-422831
115161
1128693
126399
484855
-918110
261512
-1199479
-819483
376844
-810514
929564
-538254
815845
-594564
1440445
478973
-1596918
-515016
-261014
-411787
409273
440609
726836
1119477
-578246
211684
-1545295
333148
-589344
136469
-466528
-1251003
-1487499
1561385
1439400
-340844
1742173
1570401
580167
-78790
-576295
387164
-1262272
-274984
956435
1190739
-486834
-330483
1101513
-1378977
920454
-149714
429330
-458061
8498
619134
-936720
-372247
269545
-493725
2319790
679170
-540557
1367918
-488675
670727
-1755443
-398651
-374078
6824
-1851889
-1033162
-504141
188376
-1466270
-6000
496921
-108822
-722712
-312769
-285274
-1939781
565201
-1194927
2023886
-1680461
510111
-13063
770355
740042
341588
1167505
2552828
-224471
971234
1636018
676755
-48780
2262725
564982
-252260
-1368289
-587572
-1676227
1981635
1968827
1984032
-235975
-1214731
-673321
-102748
2395520
-473083
823018
-688782
-334893
1476226
1032354
-353774
2005105
-487928
-845716
1326455
-831115
1719928
644695
-516751
-758083
301814
-997870
-377699
196875
378647
-535939
-500635
-779621
-660520
211436
934097
584417
2565066
889158
-340054
-131937
1655379
-305625
2464939
82624
-770284
1848179
-716837
1025237
-694097
-316302
-106331
1368551
-1610665
-1669661
-1090743
729176
588688
-331438
938402
-105185
23885
-973817
-101290
358899
233495
1024335
439353
1012854
807537
-1394902
-56081
1266584
-669243
-165410
192551
551253
308719
-511766
-1118222
767994
2048885
-1618507
1412310
-428055
389151
-451227
565568
-726773
-11451
970238
-29212
301484
-196612
-1356958
-981792
735814
1195297
724969
234287
-944250
528555
-1436961
46719
295040
-232698
134818
2390439
-614111
-766690
1545077
-27171
1418988
-505703
-175764
-1065848
-453510
493483
1681559
2936082
-1423552
-679186
-108481
149231
-413601
46018
-765167
-142886
206985
1494450
249243
-894878
-1260080
-15203
-979871
-385117
680546
1702458
83749
1691244
-173068
925969
-666064
-1314886
763690
-871795
-579936
-340021
-1003999
229802
-101477
-370003
-47189
-1258604
161657
-29633
1815991
-1178097
-26632
1548374
-261287
1199462
773061
-427767
1242777
-920394
-471918
-172693
491883
-242750
525979
-1256352
1714257
104113
11033
494752
2180575
-1032506
-1816060
775309
-46355
2113317
-707632
-684569
1163410
379545
-1122767
101721
-9579
-1024111
145917
-852394
406626
-261205
1316996
-290373
1191611
-864895
-977760
-2176355
-1420097
-1428007
524142
504561
-739314
384917
1650843
2237574
414418
557376
-420787
914206
-75210
471036
-614782
-1461830
-78198
804982
2215964
440938
1167101
-1743264
1372421
1388811
918590
140485
-1296154
227626
1944904
-529103
1727251
1074186
-164649
621918
2788968
-890989
1185726
-1300860
755611
466375
300532
-1957837
568837
379082
49568
-217509
-873798
-705540
-158631
-472047
1250278
-291212
500353
-1107876
-905973
1006002
-339742
402491
-954993
-66594
1418235
-1261684
-238178
152192
-1236506
82183
-267356
502320
1697013
-3337
1137649
606356
1096697
1327232
-1582477
417591
1756641
1221595
-1168080
1246209
33773
-1054712
1416494
2312728
244662
614859
-741912
24385
-670320
-399304
-1897295
-68742
794640
608191
-1140468
-1073963
121271
-985076
1799721
-1625031
414476
-565434
-626624
-808742
-318001
-429717
552047
-1050163
-364970
-253143
1490797
766967
-25591
43548
707102
792479
486125
385637
1694065
-216497
808014
-130489
966394
-1713244
-1097189
186858
-186813
1509707
940937
342205
-731587
1246678
499567
-186157
2096708
1012543
-2096440
718276
-840550
-1490829
-788826
-1173279
304612
-130181
-1421352
970593
-396077
-155424
-1106467
904706
-115190
-77670
-1099479
-445155
1234637
-5212
2302838
-1471426
1785176
922748
210268
-306650
-104241
-912689
20830
-329892
-1416051
1138295
400790
1371334
-656096
741724
451284
-269346
-731797
202505
1320151
-560060
-1126971
202674
-292120
966451
1503822
-938093
329150
666927
1169324
132677
-317702
637803
95658
-765493
881662
-254112
965324
-189389
65843
552932
-105522
180791
1079267
-160330
167151
647032
608197
24540
1181710
603587
-1672430
557839
-16482
431033
199163
640474
-113597
844069
-64451
683047
-548998
1179772
-12632
1454969
-106351
-507671
-873653
1536452
-1067941
1921200
639666
-320272
-8866
-1219261
-110083
2339622
-6637
-1681378
311460
36099
1413049
-855267
-37845
312533
588097
1113223
2366147
-886800
955530
1250660
-1481254
-1214048
-676515
140387
-1559543
8613
-1673564
1823599
1242875
1252331
938162
1490367
-969994
549337
1741380
-783745
645136
-131553
1286023
2075446
553338
148712
-972342
-147793
-1351782
-1159499
1162746
-1643242
909623
548232
7852
-164335
332670
-903534
-707928
667741
-1397428
1425325
246684
-393886
90986
-1751861
-524876
-364412
-157324
198794
394571
-387967
-1458373
-324896
-206123
1275705
2135847
295330
111017
736083
573743
-217172
-1763518
-146391
92314
1726379
994641
27249
-480838
1096081
2621309
2251110
-417948
1060917
963017
-996146
-66323
-218979
347033
415545
-581611
-191445
83980
-239060
54724
660583
-1270812
-418519
-195033
-679076
499925
128832
-1481497
603346
306822
777989
-1684572
-614373
1617472
-1241448
557038
106369
68807
-246595
1171671
-885460
-338689
-349592
774222
-341294
332763
-500449
-302759
2630874
-353528
455911
-593156
539967
632402
1171516
961671
588161
1357908
-415163
-833439
-872985
-394087
1531658
-375977
687786
-1294550
2482953
558718
-831420
134300
-597473
-1377400
-1590874
770357
749056
481446
-1065403
-98872
-1528092
2523185
84813
67109
-146541
228808
-664695
614022
-482911
-101530
-403443
-655745
1161039
2231355
1363725
-378687
1166120
222928
142807
-750307
-89516
-466800
1051481
1367188
-78039
102609
-338049
1075478
731310
-100330
511349
1271049
596807
-377305
-898409
-519727
-129881
53393
-673141
-1207524
-1496667
1386716
2252309
-259354
2431177
-30269
108571
93580
-370061
-49343
494622
-80894
-1707899
519151
1436145
-761765
1046122
1135187
-1689220
-678431
-568956
-120008
-861556
-1502249
53204
1625425
19108
-1031991
413368
-474037
565673
125621
227767
-678358
1100446
562740
-1226325
1185737
1105970
-495257
-1318616
-859306
-251563
-1356778
592861
1510166
847738
905323
-379140
350763
-157304
1520601
-118204
1573152
-1220401
1430896
-430819
788229
-195935
-17912
232048
-483364
327916
-991833
1261833
667189
543983
-360189
462156
-925496
-339962
1261547
-961788
562740
-1014379
307616
79755
-1555728
1588989
-395548
-247379
767130
10005
80525
716976
65401
1338686
1176
3098152
19016
-743213
915501
-346842
-288051
942443
639683
-756944
861288
553694
-686189
-550128
327890
-962416
-813438
361129
-1735080
-296057
-415731
-360886
-1812493
308744
292054
-58087
665228
510883
-513456
591946
605400
2037542
992006
-688949
-366165
-930244
-485094
411775
574881
-320408
184009
67296
1954928
727480
-43551
1824054
369188
-1373408
-137340
-750910
-1184744
2230456
1017114
-451138
554209
181230
-748249
241734
571140
-106952
1473555
1200221
1962755
195639
-25620
-1900135
299870
1714415
-896610
-1183080
-2180309
-91303
1590168
-118935
496489
1332023
-24158
-588838
-917240
-1249142
-168550
341605
-245918
-447413
933056
-1018476
-1075372
-734170
472823
-229751
128077
1716442
704646
997382
-149696
-1909706
877690
-98411
-410668
865367
524739
49989
833440
1438317
576465
2297990
-417923
-180167
1132796
-69417
2158275
171679
-564037
904883
1059072
594162
764545
908407
876906
195445
-33841
-5806
-662073
284882
2100797
661619
-690226
-1305529
176073
-831645
-222104
490087
-49223
1148383
-1462269
-610658
848527
268166
625866
1089844
592151
-159151
406504
408593
-1300485
-278964
451872
983958
-926469
764966
-864929
2140242
-144996
799250
73440
-73669
1100943
533398
-611745
-240933
-480696
-416316
-1377089
1424980
-120731
1299775
-126005
1186077
199532
-1350739
151900
708293
1271092
1861085
-889313
1530431
152297
-233655
578633
1742264
469124
-210748
471384
2685282
-334778
48994
1359557
1300615
-1855599
-85301
-848485
-1009626
-872645
1172968
-838509
533609
-998958
264666
-1104443
-171713
933302
259923
195039
1737834
1475306
1975656
-1140776
644495
2091700
230288
604998
-1609098
542038
-1464120
2234545
-887869
-536998
306282
140175
153588
-1041101
-1215492
-325511
246568
-893423
-1404357
1401331
546044
798876
889376
2889
-1616038
-1307914
-1443624
983441
-676468
-1428
-1305499
-657825
112891
7716
626381
763266
851149
132164
-1146438
-999409
433232
465194
422162
44387
862833
1384599
2428472
501284
-821868
-811535
-414139
202936
665523
281264
2202418
-298264
235150
-204648
25016
524969
-221828
26433
130820
165072
948300
1148635
2045284
516919
-129515
2758810
-338398
-119545
-389498
935416
-1141088
-2203079
-522896
1732372
16218
-1650858
-91617
-381785
-882452
-1295399
722145
1518062
30158
980504
-295472
-490362
969396
200218
876627
-351420
1194121
910856
13235
-80785
1116106
656713
360800
2516993
-1649931
-1009760
1187555
-1346212
1932655
312118
-136012
2314284
-1383262
-6635
927676
-169658
727309
-95784
480871
694532
-641690
-777144
-236794
-1429638
-537452
-603922
-1069900
-377397
976589
912707
190275
-684240
-1458489
-348035
1053553
1487169
330713
-132912
527353
96801
-988584
-1113613
-419837
764100
-468887
-18928
110429
-474228
-580848
409935
1316505
986124
-1248027
-22105
925407
157114
1169814
-445228
-117460
-53041
679661
-632249
352047
-1026398
445534
-550550
-28329
684639
-170198
1044971
1217345
475189
899434
800334
-1106527
-1007993
-494379
-347372
-233358
-534586
-402175
-1105492
1062170
-861131
-192495
-511331
188315
32695
76984
181053
26419
-118171
-766985
-196743
47002
-1495160
-365707
373307
628029
-64153
530652
639743
-433645
-789540
-179498
-764418
-180316
-880206
-765484
-180670
2297546
-1140425
489754
-22599
1674474
-73904
132640
-694477
-358450
-77159
-1406743
-319916
1318263
286065
638692
-836040
-881865
812585
-65587
1534963
597407
720973
-758080
192199
184370
-510806
-347372
-637264
-1073375
2295870
-823339
-826242
-812839
279203
-1051819
863100
502582
321497
-1238374
910913
-362158
-1134082
-736466
-208970
929176
69836
-483904
981224
-773881
548250
400314
643140
397536
-657809
-390963
-3363
-1240247
-140606
-139165
398348
883950
-1765089
23276
545079
655620
-413038
223830
2668037
547943
89481
965552
1259458
-1030845
-1038760
672245
-692488
-201596
-736675
1622693
-1771097
-348869
-454096
523434
254179
807390
1689905
-30084
-13930
-504664
22017
981544
112299
-1256259
280592
2041679
2395527
563022
-1331813
-1387315
582339
-680072
22312
1638930
-236757
208467
1161694
-790540
316329
30774
50566
-138956
1447473
-410610
556690
-143883
1471120
282851
2512261
-581123
2041010
1136117
-1715047
1668987
676358
1654117
151886
1738663
-393973
-768547
-690299
-289815
435976
-564657
924339
294354
944861
1810808
897207
1176733
1646405
98322
-1316865
-266218
256160
1218634
-929880
848573
-1129206
1369192
-1643456
-937216
454271
1214338
1385863
-42192
247559
-671492
-284656
574254
239439
569673
-709535
235877
-60603
-96755
311364
-182509
-861709
-16296
-289193
1668114
-719347
-1205134
1000600
606145
640231
-1033991
-318523
980832
-859694
-846984
1165080
1608988
-399450
-691999
726227
357378
-1098455
1714208
1118543
-20121
891048
1052399
813298
83023
643271
2858452
-108036
-1697739
-828847
-1305224
151137
777561
-97246
919051
-761254
1229151
1628775
-1641251
998513
545262
839374
-410359
-636402
1453984
383564
-1566698
753097
1062835
919154
-657465
-1316123
-789217
58858
570414
-1482397
-1010613
379106
915467
140127
328583
-950654
342630
1316277
836084
2226366
92658
-295970
359785
-888037
1896888
856671
-884575
-519059
-1124138
181654
-872509
-454580
-1237442
1026203
-375029
177158
-519047
-225928
407096
1204946
-1654442
-249816
1190342
1254950
297883
973332
2189769
434145
505907
1883281
67474
-1478883
-855554
-274447
1635377
810773
-308769
486423
-111705
2212604
-315859
91164
178169
-890050
-90389
-278440
2043945
-1141904
-49787
743892
543729
966156
92524
636227
836589
-813785
-32940
1916095
511630
-1461404
655994
-884097
-688697
252529
1103469
67507
170055
-61152
1494400
-462092
-588251
-328482
1294458
-990416
485748
-1504928
270232
172581
-531146
-649037
1243961
493583
-927063
-564785
-637683
863630
527642
-1572853
80454
778087
-39984
2421597
-109330
95617
-106382
-687027
-731035
1773397
1707823
-672730
-447900
-180700
-1414137
-250045
2122245
648956
126345
-241300
1402243
339915
-320093
173602
216184
-327659
-188100
1148501
824978
-1833806
-255011
552036
-1189619
99753
297209
1688167
-372398
-883919
915216
-447205
13140
1002081
-1681703
1713950
-323583
-2257423
-1522021
-1273152
-239534
-638868
-705697
-1849734
2348494
-1129638
1363779
240719
641863
1860231
-757567
465579
1415076
57664
1919420
145601
809756
441131
-497321
82360
-11324
-905364
-318713
89888
-894685
1541788
1071759
-757043
444903
-143819
1133554
-1289474
1957171
881469
344216
-87104
-78659
1038613
-1502443
280045
-350189
1653898
2276886
-20957
994864
-884996
24191
246333
-73244
1798034
823615
-675895
823861
-1405521
-58028
865245
690218
-314953
1441513
805684
549709
65708
-1107253
39688
628734
-2201374
-654411
101393
-798219
1212565
-486973
-207567
1381776
-110618
-1116642
1925522
-1099834
-778196
935609
-440776
-3486
-550199
1722318
-202842
1788882
1901770
758685
-1758135
60079
443825
-76352
-535293
400748
-557849
-932730
-439627
876817
-1679658
-1555197
-233141
625514
1213837
-1409128
-300032
15458
728033
159572
-493555
-1106526
537651
1748294
-825170
370904
1487055
-232641
1392127
-1100188
-956986
-718051
763171
-53861
-159185
259718
-498736
-400350
-324442
-688862
-769723
-637009
-1515632
-889462
-530887
17513
1095
1091905
-1034513
-1687182
177183
-233899
-334127
1708913
978918
673742
736207
959745
50682
121357
208951
-123959
-332042
-365821
267140
859837
608688
441040
489445
144888
-961213
135809
416951
-343800
-403810
1353151
296425
330224
-1583467
-718625
-860876
977418
229019
76015
218377
1116295
-881893
-230501
-1293534
-842946
-19591
-210845
59748
-1513977
-574007
1036212
1099682
-6928
1681735
669149
-2189423
-668855
-1175301
-802672
236526
-641008
301366
504670
1225644
472110
4470
-218420
-323098
937492
-220087
-597652
709636
1173265
672872
1368408
1959730
31677
1103606
-941411
-625708
647137
-1824528
-427960
664368
-927225
-1292827
867928
-538778
-331022
585452
-885925
-801045
321902
-405069
1523400
-293265
671219
-508857
-191260
-223335
-687550
462185
351743
257384
985053
-919504
840898
1014746
457921
-505511
646479
2395045
-962277
70101
1244922
269491
-204931
-838585
192316
-636838
1393781
-795049
-446923
938840
2197235
1218618
-453223
1006660
87414
165730
-127687
-1191355
977034
591294
-1160152
-926471
971964
778881
-217087
509458
-1931367
708619
115996
-1285531
1694713
1191689
838610
-651158
-1469067
-884669
2174415
1051095
-838673
-745388
1292607
-454255
611316
637167
116949
-899638
282341
-8876
2171325
-28000
-373002
-789959
1043919
-701293
336325
861719
267274
49693
-20765
-2359097
-552648
-581245
-1232034
1123906
-468702
-957357
226250
-354374
877081
316864
-763811
1139677
140903
550713
1126961
91061
-665440
-1070808
-589046
121319
1682601
1413274
1754811
2164806
-1461578
-1001281
-836825
391705
2205545
-1777614
786678
-180021
-219822
-294063
-861349
869619
697241
17869
14710
-853834
884230
-121067
-1169449
106101
363837
-861374
-279801
-1450672
-859032
-652792
1458751
923356
186710
1704562
-213929
997273
191878
-972469
521954
2647133
-211335
462741
70187
-110026
-340997
337469
-1180781
-97055
-220826
1450126
-453517
242186
-821581
-125363
-90053
-256639
-536464
-289247
917530
-27330
-294593
-135225
1748133
1760195
1032458
283047
-799851
-1137018
-601050
166014
-1521147
-550917
-338634
-559223
-156559
1260842
94677
-375505
2398165
836264
663985
803373
294668
-504498
-1088909
-306850
1620154
-811065
-430602
1479177
178915
-145992
732001
2173461
182620
2533215
-792036
-457432
-461600
1930380
146514
-245284
-956618
-901559
662695
-271726
1743210
-56244
985042
2447731
567976
198405
-643628
-751777
-286339
32703
968786
116364
389614
2392258
-714203
-89660
2553898
496294
401673
-1321852
1039626
391040
-576731
794125
-300945
891277
-752275
-515870
-1374287
-191656
-680199
1880951
1797659
449455
957421
-79023
1288747
852391
-853794
-209354
-1271845
-84569
-1306655
307549
1450787
983
-216228
-118616
190598
-91056
16881
794
26943
25413
548335
681573
209820
861091
656787
1113618
520792
1332867
209119
2313128
-282326
-534233
329144
-782598
-287266
372414
1101111
1107586
-1411273
-606684
-1081541
242133
-35782
-198792
-934846
681432
669058
368794
1201614
-1345668
133617
-495280
1127257
16988
214129
963962
1668229
-297015
561657
321681
-537710
-1265982
-454082
379020
-1645820
-1200998
689484
307591
1188823
-1171068
-580385
-392646
515322
788587
728814
-5742
-597415
1416925
-1150940
1270333
-401376
1092514
1904752
182641
927282
-232041
-115269
177150
1151975
176321
-630671
357695
751002
-105100
-606399
1250824
-2606
387113
-1269416
-580605
549403
993615
788526
528306
1372525
1998126
1161922
1203292
782682
-833755
1349240
-22925
52903
31601
35364
-199340
1840284
-464781
103690
977040
-85084
351035
601214
1112454
9928
-448486
875575
976970
919852
-6675
-1228045
-414598
382379
1695050
1493551
1298195
-1079625
-647240
-317404
-412995
1502383
-958211
290196
-218232
1437541
-467309
546217
-942534
542526
-595978
-920257
-588346
1485961
1222483
959184
-1282847
-100801
-930011
511656
988438
-1441524
-2081553
1012259
1387616
365181
722823
-842287
1134822
-567716
408365
-272081
-527419
-2424
-69874
-253275
92782
-966130
112085
-470575
3109844
462174
-258377
-1607970
-552714
642518
788822
-529399
-842106
230305
-250961
1223902
-1482810
-1320340
-254695
-1026395
2237897
716468
-708308
228714
222876
1288827
514647
-642691
-848532
2174894
-77499
-622347
556515
569078
-814117
-1079486
-381677
-315601
30074
1467035
547477
370469
-530229
-1177878
2777336
-585327
2232755
413382
-712230
359120
472652
1169773
-1122027
294725
213127
48742
28922
-164301
177874
2307665
-198447
-911464
144320
332727
819104
1378308
-1827049
-137274
593017
-481774
806804
904837
-649469
750424
260002
-856878
357635
630132
836506
-330337
-150725
1061538
676167
376834
500934
-571232
-740600
-553917
411023
-441964
139156
1468312
397410
-257547
129433
1671140
-386252
-611678
1258235
-171715
2392916
-552524
-571641
-757428
55281
-6355
-1653620
-106531
770888
-1165027
-246070
-711705
-351584
-581939
396721
-1419221
102253
211584
1250463
306226
-268615
408393
1461056
399769
-1359324
-1571510
1817107
315703
299119
715614
-854841
-597930
107372
216708
586968
-111877
-1501159
395393
1504748
-65076
-239861
-1247906
878185
985
-495310
191762
799711
-562061
423635
820538
804400
-166009
-137026
7447
602316
736861
-212868
1962200
205198
-442025
-799755
-618076
-366899
1082342
1787107
-458077
502315
-257593
-834044
-74360
624808
1821911
462791
1000746
941810
-176448
-545974
153055
1255492
-778138
413720
1262612
-480051
-261990
334788
514194
-1107669
-189480
-896257
1048447
-769637
1040794
-1315794
265372
219822
-1313044
336083
-616507
1121615
2662
-601918
-267835
-1488552
2919139
-560174
-764311
-1041862
110417
976908
-1531199
385727
855112
1211659
574726
-1371500
379691
1715662
384821
-18215
-859667
-726766
399287
-497298
-203886
-1094980
2572227
430176
1668077
298206
912622
67879
-855712
386066
263251
-1104475
-882488
1173976
-2350088
1126813
1791378
-472709
593866
-562215
-699146
285231
-659939
1932804
-327756
85477
-1062560
-262174
1646314
288984
323149
996648
-863148
-1721541
2251317
1252676
880392
-564580
-255400
784899
1518288
-551815
900140
-373273
117548
-15285
126986
547556
40999
10661
286986
-110714
42892
-221747
-1047299
536306
2805515
1213490
-350879
-318095
270417
526368
-980418
-838626
945129
428633
-1017633
-445220
962802
-1298695
-491770
1738044
998572
791488
-753624
1451517
-1140350
815720
432826
-289513
-99284
1075213
-1115747
-300151
-138424
541864
-1812854
-322007
231051
1978579
1207667
-557672
-740306
183376
1976202
1760976
-275444
454667
2116667
-189174
163242
109377
733264
389019
441601
-153811
364804
903179
-2038966
19179
-89247
269783
-269280
1313730
-1476173
-1088410
-501289
-605518
873009
260508
-1379574
-331081
-638041
506020
-308389
2186158
-475533
1555191
-120005
-239279
489915
-779321
1987245
-752406
-337188
-860109
-3995
-12249
1806170
1409071
130376
-955208
1962225
-198979
-299614
-1403552
59623
-421714
-224032
-169805
-134941
160573
-444704
501766
590599
585153
279595
56698
32883
1164487
-808806
-683813
-979579
404146
-118789
461845
-63604
779053
-151950
838412
-1090055
918196
4120
105868
672596
-1421307
-506803
1020845
-595161
178316
-107467
-710186
189092
698827
-329347
2932
-794026
-785632
1062512
379698
-488473
1341026
-1062227
1123980
773007
-355727
247147
-1091253
2045915
-1254527
61857
287196
189077
-568734
996767
-202067
1276612
198596
130443
-418882
-436750
-325386
-39629
-1947099
-4964
363711
1431892
124350
-589521
-417187
-393636
-872543
905997
-319006
1946329
-494303
-36370
-1867406
-13860
-836376
146753
-1193698
1028987
1378406
1188
-1047512
-607496
341489
1933324
3160830
532783
-185075
693269
1578647
-919784
1034994
-1305756
488499
-1118584
-720822
204403
418937
-321287
749722
-1175171
2055547
-896580
-520969
-29945
-181359
-1181291
-10665
-807827
1146401
-730892
502621
-484354
-106785
1404779
-310772
-1124449
664836
33679
495059
1664035
-182547
2094324
1078026
-361762
2306984
-679027
135584
-248180
284351
1776162
-419144
-118939
-913217
-245789
107693
-2438
-757928
1369289
237049
-636167
-1388059
-1370175
-872718
42373
94779
1631248
-382986
382502
-1563360
860075
-707917
-463102
-1636717
-216569
-819010
-741245
721863
1479873
1680045
173041
1195314
-544262
969787
1158067
1318586
-501768
314821
108394
-1686684
-1084818
2804446
1555237
-1186352
652103
-236448
256376
818815
-207104
-168317
-753061
841317
1261946
-1542192
-650204
1871710
1097834
1452212
75653
2352879
-1051141
197572
175620
771042
200836
-1321081
523328
-588346
-69774
-467750
-395086
1648726
-274268
-240676
-615894
-53432
1218765
1213145
-172659
1027860
1082594
876882
379468
609977
187592
-643657
778451
-310464
-1454229
-316132
594895
-792596
-1184214
-1253061
1444929
1382245
522512
-857027
-639527
-245322
1200450
913044
286620
-79447
-737813
462784
616658
-717528
1208132
-221008
-404392
-1053605
-1732035
62006
2026490
-559956
424755
396971
1055153
-419696
-1727575
-1260462
192562
449089
16672
1684624
307428
468682
21102
471498
-827455
-15871
-1333531
810001
827491
-147939
498127
-825568
-969896
877091
179220
98905
-1138695
-69881
283948
-1060473
-157135
1177425
3084391
282774
-42549
-1122400
-551965
648958
371841
-866187
-1465733
-914413
-62847
1693160
-472007
540681
1891291
-236355
45121
-586487
-954427
-94770
1092430
356507
-352297
1793826
-1087372
-626109
-810568
1198802
-881373
-93843
474520
-508990
-312723
361101
-167371
1472254
-769519
-503666
78124
2180903
-433672
1824872
-492379
129181
683356
477420
451330
649895
1205367
-838357
206198
255456
-1312685
-9641
1901055
2381685
-1126310
-422334
43090
-735433
-325629
68703
-1506846
-1531038
-202787
1605800
-1375732
1363492
-95736
-1357682
-289156
11454
1172631
456964
262794
-197800
733077
-207051
-627883
83656
-1548207
82481
-549073
2914576
182199
-516685
962035
2930212
-617346
2738673
-1741682
-513057
1603355
1522376
1616684
1793678
1163681
-1696620
592149
-143036
-1451198
-749324
-2443872
747378
-90051
-36291
1297485
-18508
331855
-903701
-742241
1205205
866181
1450030
-430738
-480483
409786
-134273
2661231
-286956
197312
-147370
320431
-1634456
1042080
40779
1356729
26706
929411
914670
-1853813
-292850
-435715
167277
199286
-97868
-934489
-500433
75520
-449593
287674
-1424457
694322
959821
-359746
109699
528029
387263
-1375859
-644421
-350164
-800595
272891
-152282
588012
-984601
41715
982182
279909
270577
1900877
368525
388080
725926
750533
-1770172
5110
-1077405
-781251
-462566
349654
201445
-1226955
345859
275664
550313
1043017
491546
1147417
-229049
1890042
-59909
533977
117698
-733700
266469
-850294
677438
1195086
-359430
301496
-41689
441711
69262
182043
-1616637
-13440
1625884
898875
785616
773713
575725
-245278
80264
-708362
1261506
1301158
-726460
319922
182632
1049380
-752612
232188
-941550
-131131
734416
-860375
-824984
2353087
1513890
-1218318
-493112
-372835
1074133
-289937
-448501
820071
747988
-249723
257806
1408890
825736
-65554
-567406
647585
192139
1323421
1247548
638941
-680887
-77867
-705523
-167673
-1387713
-217765
-253529
607098
461973
-43085
76537
1493988
175035
-151546
968606
-1062436
-879722
-792428
197464
34718
-882790
595644
-991225
-1136615
-143057
238743
-855640
400359
-407501
-832629
-1670962
-1328050
-588419
-588421
1108509
1556146
-530558
1881934
636109
-2317316
565769
610655
1187463
863577
260923
-64179
-138154
200185
2894258
175810
1368467
-429684
-14129
1201455
1018048
-647133
328089
-303397
-355481
443912
124348
1274827
-319186
1206793
-1347998
434948
1955121
1490894
1607001
-164925
-267528
111342
1065629
897141
-1555172
342921
680628
1178445
1582019
-290654
270464
-1048823
204330
-526191
-473582
1214967
2856090
-473503
-564531
266701
-432729
-904941
2095142
-1602402
1681879
834285
2501187
1071960
872441
-263737
-45910
-799528
1238735
-50090
-450876
1674699
-492540
247899
230097
233711
234670
105771
-27994
1037910
143153
-259907
794746
57331
541555
-2106236
739234
1051461
177847
573675
-538114
-109574
-127963
1161787
798902
66330
1069206
1241231
-1369910
1399401
1722599
400527
978763
863361
796343
721371
-896673
-316675
-455424
-195577
-1093448
664365
988210
776842
329677
-62103
285537
-1055188
1258065
1181344
107429
1097189
-330153
-429084
1127350
905069
-374385
-502501
225259
273635
-287504
-219100
-422357
805863
-1034096
1254816
2297215
-242315
1391250
1265203
756992
-1153860
-1798576
-104919
923690
1132366
-664013
-633649
1604252
-796751
-966113
-969268
-874895
-665980
428039
2246734
64078
-8571
288114
512326
-1141339
-669983
-1245460
45965
1146466
-1111529
-452894
135653
-443528
173506
673861
-364460
-401095
-1074315
239549
574257
-364766
-475617
-761755
-1261357
-741880
-582568
756298
-1073799
-1654603
776558
-209552
195539
2664974
-1826928
2124345
1447162
645939
244009
1838145
-3622
-794265
371510
-172255
22871
132879
510364
-591452
-1426668
157150
418664
1910512
1745105
313522
-518887
627845
-573935
239613
-360152
29711
90631
72705
234004
-838704
640542
1537187
784572
-2211737
138439
713217
1338618
-796923
-758501
-975606
967162
-1694901
85523
-935762
1130320
-561458
249225
393305
-40086
36602
1465018
-431361
-2126118
151526
-949855
-6847
1191559
-143315
737253
1309924
-1874747
-1646778
-354175
-197016
1463700
536393
918726
206639
1220356
-7664
496851
-831432
-80544
626182
-145202
-10091
2274497
181827
803705
-682545
334441
1204860
-87997
530462
-922248
472195
-402971
-2028529
-1608956
95286
-828832
-1166645
259311
-588215
-224243
-1957589
188246
-101354
-105053
2417
-800834
-1517847
1225635
676045
-185472
-485391
-14803
846272
334123
564379
-106727
-690632
-911451
-868537
-710996
-307086
723078
335553
-89177
342396
110521
-96815
1206356
709694
-50091
-1028128
-504000
-12406
1006178
917650
-269134
2253572
44408
-579411
1040263
1810362
-1834395
1508626
33777
1203801
-722046
-883148
-142900
1649581
-754696
1204878
-250927
-753158
850036
1653476
-1097831
110774
-115642
-194363
-529193
-680769
939717
-227098
-452925
1036453
-226992
69368
-293007
-56137
119459
-1452251
499768
-957609
-416782
1213825
-1285951
-899532
-454940
-1007492
-223237
133339
-1095763
-185703
-126631
-1336249
-884623
226553
-406914
506182
47264
-185597
889114
1346563
-1727060
341214
-1419870
-747211
2705884
926304
2431209
256266
1557538
-466695
415143
306101
-898186
171758
1792198
-300503
60845
1403024
-303952
414
179549
-103864
1713085
706696
483306
187491
-792539
325198
230558
827817
833147
240654
37680
-47235
-244610
119285
-328405
1717308
-583426
408119
1371599
288090
-1140518
-216616
1274014
105727
365986
796133
-501314
788696
235762
-580112
-513665
-169451
238846
957268
314448
-2222089
-425163
-1567794
776427
853156
383260
-213976
-486671
550755
1569986
-843142
-794256
708845
1805065
479901
-690453
-1167070
762844
-134066
-9178
-1221476
42744
598993
56048
49073
-275453
-428086
-529390
-289772
-990827
1479308
-441912
474383
966041
908235
-666826
-261778
-199210
-437651
-187847
587260
1175107
-424932
-1160629
1916804
-697424
-980575
-1096292
1487664
-1184357
689497
701970
44369
-615692
416681
485413
-493133
639229
510492
-1925761
-1535496
-458770
1336760
1619335
-304195
820702
-940039
151361
-357472
945487
864237
655976
-1082409
-340862
263882
251952
-424344
1187079
758270
1054267
485063
517989
1094624
-1684608
2634042
-381176
107249
-994874
-691537
1311608
1139548
753698
833988
-47628
-328257
1789460
769639
-1027005
-1813723
-1435636
-628237
-1101913
657112
-217650
-591709
-266052
772297
-829958
1908962
52017
-700577
-296050
-2148665
-690376
-537759
1353333
340180
-327271
-739123
-2061503
351933
-939476
427028
-604297
-328775
312849
1306712
1345642
-386973
-1046104
531444
1000848
9220
542841
-241814
-48168
5636
452560
906452
-1182264
-2387418
1906451
-1534477
2030642
-613203
351772
-285515
-1005978
-613964
2343249
-33345
207924
94263
1128779
2533469
-1615051
-1257001
-1371457
1306792
-472649
752862
707024
-987792
1693864
-1802649
-159374
111249
1703755
-200717
-464802
-494572
269621
-91453
841565
1159495
-46258
946758
-591658
-246459
54548
1679203
144298
438295
-748246
1873846
1951331
-247111
-227587
1154778
-46067
318305
687714
-1183769
-387523
306269
511475
51006
203391
-848626
-534692
-602020
536952
312895
1115332
-1562241
1273226
-717562
535389
585680
1409779
873062
83927
-234040
706081
-179093
-1491815
2070568
-141770
888069
-519508
-1328743
581531
-1759682
388974
-1179797
1498282
-557118
-738104
390046
-510892
-134541
-767633
-41150
593038
-979101
-1442718
-71259
66140
-252420
-1785601
-424610
-659357
319018
-919128
-367110
300970
1662267
1745708
59067
-456897
-259840
-304334
-950281
25995
-437900
585050
-92734
443639
-1481742
1033175
-984928
-146174
296357
-1696521
-1374881
42039
93967
-925373
-295840
-339086
746784
2281021
451051
-130217
-376123
-676350
1485624
163345
1331413
-227822
-1152563
2521756
-1582534
-855002
794585
787921
-460782
-473511
-1065451
155973
-745728
-970392
-804906
-64413
1754557
-139319
761641
684258
-351390
-976220
1753490
202845
1759998
-458589
1018955
361697
-185819
537999
372715
-40557
1432504
-100452
737565
-1350046
17747
280828
111276
787621
129311
737945
-286000
2132744
662967
133525
-71680
960166
198320
-1133027
-1298216
-495238
-1093186
634792
2106394
-229872
-218643
822989
496011
-155282
-40197
-625934
-1350962
85035
13619
292398
254753
-206056
1112768
1038970
949066
-762556
-1632110
482828
2294886
-616722
1214190
1468395
339064
-779843
1310840
748291
1198766
157154
802012
-1350672
145088
-1710659
582293
189040
-140799
1233386
-229325
-245007
-482130
27397
463088
-91757
259688
286691
-478082
-174030
447343
-120165
-26287
1492287
-216418
1237927
1097791
-1350332
1686078
-81623
-914384
127787
-25824
1749049
-583817
531104
116716
845818
132201
386327
778467
739653
685308
-338157
-447376
-478561
-900389
445759
255402
-853813
648531
-356294
-756505
-825831
1736622
-698682
1335006
981110
162902
828874
-559161
124751
-728266
-113202
409551
-533990
457073
1076400
547779
-611976
-991669
1238874
238684
-479556
-1033955
-62538
214176
1228192
1073315
-1144867
-623590
-21818
146453
-74259
1381583
-887371
-11615
1425635
-783170
-968205
-852033
351444
1826343
-1724802
-233078
-395925
1434201
57908
-643232
-198963
-625936
327699
202197
1992352
857115
-1439607
-192275
987933
-127173
20527
523997
-1357764
-1036766
-384242
-191708
1429166
-555444
16228
-406154
-1450793
-1501578
-879374
-999583
-798557
-50213
740158
-760404
-169463
-601
191920
-1142322
815330
2168641
-41443
243684
1054779
-1512971
-1044392
-343894
-952934
459341
-509878
-140855
354299
-145345
-203095
-51612
1809394
-398009
-963677
143759
1112228
544449
-841992
-1486509
-1676960
54823
8183
126622
-205072
-861417
265740
-63974
-598973
931119
-86526
1161459
1081758
246550
1104301
-164267
-2047937
1430392
-415715
-541095
970151
175374
-184407
288585
941945
1612345
-478714
190787
76351
-567064
538013
-1696450
-1272618
819809
-325983
-1320860
1989853
-117950
2373168
-290793
-928473
-221172
1837984
142190
1304963
267508
-278088
1309699
1003480
1683176
-85305
580012
-323485
-608151
254594
-22316
-1200909
-117236
-1080450
159654
235688
2596564
-1275947
949384
602995
-107510
-649622
-412682
-405079
-1715006
878163
287003
-1281726
609168
-998599
634557
51671
2228692
843370
404812
878761
2506792
1592933
1117406
42691
465569
69692
1046441
1012227
144071
-411271
-193114
-443262
1988954
995044
552587
632983
395659
797817
2792200
483708
-1027293
-103447
-60724
-1309907
494581
1197474
94565
-654328
-277567
-773986
154728
1828970
-711055
1819243
1243823
-160448
1657086
-38332
1720417
1013658
-832827
216375
78414
-21110
1018544
-650847
-836988
-646561
-791953
286441
486940
-517705
262136
-1656682
-708093
674664
-1542999
1438783
-369590
1184021
987412
680210
317648
-1171869
768753
84074
-506313
-135983
-360901
1722591
748115
423360
-596019
-1712237
1123808
-65803
-578109
516266
-680878
-176648
229388
-1632113
936927
-408530
28918
2723147
2456128
700257
157059
110297
448729
167471
-1198027
661701
1320537
-547925
-1155907
2101467
-86264
709340
-153967
100621
410143
-27922
375188
1474567
77436
-87229
-401997
-694381
-993263
916777
645168
-902944
143467
118279
-426594
-434903
-999878
-866731
-216488
-749162
-703113
-76115
1055131
-1108465
284163
-1314912
819139
-1224851
271216
-122088
607256
787368
-561362
-378691
-923207
1071002
63341
-479473
-1651870
-1063307
-850200
-1419818
-269508
2784736
953289
-234399
977903
-54267
-24080
-571950
328607
213322
-1043049
-267661
179948
-407643
426766
802431
493125
-257866
801206
1000974
118950
1722397
-432010
454153
-1408245
1094664
-257032
-1164415
239293
450131
-225845
974905
-925836
161755
1417368
207180
450275
11185
-280808
570634
624322
1992348
326836
-161026
-470639
-454936
192252
369437
855773
215342
-1038128
-774257
-215472
1950694
535389
300189
-1168077
488802
152513
2677648
504340
676758
997293
-328282
1382943
1203445
-85179
1456709
338589
544652
1197753
2255088
191472
-594682
-1075626
312257
-195288
1600324
1056197
215755
-684160
194868
-1433072
-256924
818108
-802370
-2205864
564581
-686072
-449992
-1796173
-467506
1036998
1210118
119083
1937968
-1134817
-834646
-1122906
-950833
382429
-278965
-511863
72937
158373
1298464
-316664
241999
2249158
1113525
36228
329709
-1635251
-1127602
-501902
4277
-438293
1060893
1729882
2452409
-1333590
154196
-321227
-1167883
-566945
972615
564993
343809
-338944
-1095266
534995
-828165
-74296
542362
382749
-198688
177468
-942030
-380852
1104940
1274263
-85715
-92532
710812
877851
1382594
557699
638048
-285089
1448832
-392495
308115
1755984
-6056
848096
36504
1263405
-13816
523535
-808096
67197
103971
930621
520341
959514
-1059384
-131879
-241662
-1166269
13772
-1692436
-1060243
-1293091
-84588
-356490
-1195066
453885
-409402
524706
-10120
2061882
-608194
1564146
568080
-687181
-427401
-212399
-762315
-402000
738999
327992
-173429
-808436
-725602
-12108
-60678
-543388
-600461
1568419
-876918
-1115272
-460263
106241
-591685
355924
-28486
-209708
863847
835911
169014
323452
1126682
401510
-713000
-964017
-693705
1148443
-1208572
-1169576
828332
1958234
200134
-1761716
317550
-96747
718126
-488881
-294701
393305
238163
-2004561
-250457
-1365755
141524
26622
694650
1892202
-773720
718123
-941127
542005
-54457
-654330
-220602
-972501
-96651
-1366031
542558
720049
501840
-634438
-50578
-410696
1833791
-657867
-1515743
1111118
-274623
-532370
687370
1328312
-220471
-660440
-1519409
-316617
596968
624278
586333
621171
1478665
134752
50656
459651
693980
-1620885
-1576162
-624732
1567727
779923
-1444966
139468
1866225
-251156
-548475
1685153
71440
876228
592514
-107438
1144909
35004
-628272
1409461
-1447821
722522
-1444558
-1107422
1026367
-1602466
-1222628
1460294
615982
895731
776251
639892
330043
-25118
439969
829402
318487
-909972
-128348
-392479
1073354
-649844
-22513
90457
223329
-58026
473907
-1001571
890996
1081511
-1460499
245017
5688
-566745
-450276
714747
1176156
-36726
27962
572088
-549231
337091
-1378701
-344941
-687765
1491154
-986030
648613
-1201738
641
1178924
-1854850
-656603
-77732
-240034
-27998
482964
-1129505
-414881
-1072501
-986611
-1292083
1571520
292882
-633146
-71787
-1670026
352363
229789
-18160
-255295
1613407
-635319
530503
1565613
738925
527062
-717096
-720911
279907
-120154
1018171
-670047
-365504
-424483
-35518
1220307
1000955
22589
289699
1238595
1772361
313924
1449315
-408208
1330899
2397083
-1246729
-1679054
261480
1357271
-324334
-885529
-283127
209552
114275
-965539
-940035
-611240
331351
503039
956656
-1604591
-54244
-878223
1493461
698764
-561961
90864
-441663
-535840
1150364
1060475
279257
1661240
-976293
552392
-809158
-36990
-1338325
757742
231090
-74554
769818
514445
-990455
-641900
1168481
-1148328
-11746
1297065
-175305
2420884
-1054339
330020
-419442
1270699
48203
-685526
-960664
64911
46171
1091719
-918716
30046
-369959
-945409
892064
999493
346340
1051127
-192394
1270748
1053876
118118
372173
685780
1347501
180339
551440
298085
953066
-38946
731658
-626193
-473054
292646
-291912
-274304
-206088
30175
-1187921
-1594280
-1283072
2836091
357692
425962
561174
-1235876
-1289532
2792377
1808458
-1593996
-1219548
2269143
1858413
-309090
-426042
498283
520952
-850132
198968
-1241502
-924895
1147661
1693257
152717
2536086
225318
1860130
-377675
257793
-787520
701828
398413
533666
1550473
-352707
684798
136448
692889
711060
2014743
-992945
-316744
959828
591993
1265779
-281827
-1581580
-440865
1922010
1506398
-224727
-275591
-326998
276995
-955542
696651
39731
148575
-1261452
57453
6872
784964
-155141
138242
-1009881
398024
27183
1338163
2649733
615374
1160767
940324
-522344
1580824
311501
1668594
-900244
2905991
-887216
-44731
-146669
1791837
469146
-249553
-680014
1288182
200598
2566766
759990
1850541
233486
489414
-1783526
-346909
940606
17005
809565
-21609
-523295
839407
-437408
-1310694
915983
-1348075
-1157413
-401424
222534
149564
-224336
-135883
-259719
174022
6821
-666683
-1803098
375174
617580
1623472
-110530
-263642
-1201658
-473198
435736
233835
-1068826
-963594
-425632
293052
-1320191
-456401
1480223
-663371
477513
889320
213997
-398184
-1558737
-1075354
-684310
-498477
-629588
-1063110
-139427
-591678
1609497
-301969
77166
95838
417505
-174475
-336497
-700088
-617209
1412412
-266562
376377
640364
-1038198
197878
-256579
1956455
169861
1121374
-205134
-209937
262948
-982734
2079411
234652
668360
-352006
1239440
703627
-748342
235911
-1012795
664679
1370120
130272
606433
687180
-1291973
416599
-1027101
-409943
-113393
-1264759
-444603
-857542
335243
134497
1035890
-2024330
-23456
1363080
1694240
-105674
934556
728182
-1529912
-1340261
-1256049
2114882
812779
-141458
-728824
973950
-869795
735498
1263311
-275664
1237188
-1967820
-400145
1193553
1982543
-1141987
-869679
623500
44085
731035
-334652
892609
-281339
99220
2713664
-489116
878697
-128686
-362428
-359727
353066
-555693
-684888
204072
851668
414134
-1481320
57776
152851
-484904
-1487464
-1118278
-842337
847121
786526
-49976
1288817
943059
1512311
565123
1049705
-1590308
132090
2427478
-907277
-22873
-1188082
1585098
-516171
615998
-775086
-570941
-615653
592236
-451816
-78968
-1457005
-1375421
-631333
73375
726771
758588
711576
607022
-623832
296993
1131198
967305
-393567
594421
-955997
-469207
364609
627860
471974
247266
-986310
-474457
-440805
-15878
1876349
-776845
-1483458
-301987
17303
1522891
-822969
1236266
831334
118226
-177644
1974131
-1220459
-836612
-1240700
-73593
-757470
-481323
709612
-659547
637929
-395607
-41389
800148
125508
-1075599
-778936
553669
55824
-1860471
-288123
1874827
-757340
-1203004
474908
-182812
-414476
1180114
-564537
288372
1040473
85003
1580205
-198341
87434
72898
-88195
1173070
-223911
-508526
398778
571250
1204331
996429
-149881
-80306
614298
590735
575313
-989609
-1125606
-873952
906710
-299882
474006
44972
341815
-421819
108471
304487
-531581
750194
-1158772
-1265978
929442
-608809
-694334
1373550
-1153086
1513762
2322908
-25528
-756758
143550
-520140
-277567
589180
924470
716034
-1068051
-344601
665557
112172
-779059
-122831
-519621
-768689
923735
818064
1362477
-853797
79633
-528355
856271
243534
2060516
-263259
538452
212672
-1190435
2278950
-1271461
2379658
1654163
718104
113464
1716891
182104
-339867
1072795
-803348
2269833
1424618
529424
-639817
-1611126
523810
-553553
-536704
-975932
1155791
1444655
1148316
1232158
-1673507
-33755
670465
-106507
308293
-549507
-948953
480246
-1181403
-115829
2440522
1615398
-237004
1721336
122297
773615
-1108713
-208079
-572065
-718318
-174672
2011195
563435
2542262
-92697
1563396
-39188
897210
-964327
972807
-1850013
-302802
1345003
560001
-550199
-738249
-166722
-666376
120826
-1125145
-178314
-295066
-2111449
879042
-779401
-212384
137072
76263
-1586857
320629
-778132
-646602
571112
-274965
896483
-385938
376785
1078016
1452804
-408108
1253992
715376
1443063
-873348
1581302
498515
1318350
456007
832415
1473632
-769688
-929259
-924538
1588462
213215
649325
-327937
-966511
450887
-888645
2385765
-265998
799251
255699
105572
-719208
1321827
-57143
-855566
-267508
805380
641579
133927
157028
-13279
202734
-1393968
956398
-593782
-544525
178252
-635837
717586
1350607
-230154
-652702
150153
1264414
-570184
1369950
116695
210058
383290
115433
-101012
742301
-879323
245195
7605
-952451
-220042
-941961
108141
12238
-1000679
-504332
663811
1920663
-1829215
79560
119605
1298704
382119
827474
-1029779
712106
838229
352158
-609602
-107620
199733
207432
103032
-727272
-966147
-759484
471617
-875650
-654834
241289
1449208
-848205
794859
-433506
904203
1032602
-1351021
1055079
2472472
505383
1094495
2107307
865912
699905
232004
-1205047
-1303188
-2087210
2004473
-194777
-1358
-1285086
977130
-444787
-410426
-486170
-688783
-757903
967676
-1916328
-710021
-8068
-544497
-419144
723877
271956
897016
-826855
1510217
-1678727
-232164
-557166
841095
-1625063
766557
-1122731
-1035009
-1008317
269834
317942
-251546
69071
-67363
976040
473927
-205768
1741709
1126640
148179
1126937
-278650
1553070
454504
708846
-421852
1095581
1788991
-932548
-686739
-291065
-751533
-761211
263311
-1341438
2138447
-9370
499345
-47547
1019857
80933
-693153
1003912
188830
-260912
-33199
663355
847084
-427215
-36780
741042
-294758
-129908
-623765
864751
-550430
1165425
-1795496
150080
1288147
-990872
-911570
-602061
-375991
-410217
2716124
-169919
548903
2897435
-606910
-1231079
461624
460146
-1903599
100909
-370951
-1273918
528201
489007
-753110
896716
-223480
1289921
-136787
406577
-149703
-1162820
-1032309
-284242
165247
241095
-577088
-115569
230025
-391404
-353486
667599
-837786
-976689
-723567
-336707
-224480
615029
-756902
-196909
1417916
97918
2159593
229202
-273131
1045448
611744
-826566
1570795
104579
476228
-326874
1000441
-463293
-829019
-239018
2012708
69970
767428
190510
-496362
-184972
-228457
14464
1022835
394959
436157
398351
-241814
661109
-1346042
1188453
-1067065
-77109
-896776
1289524
-1450212
393364
-486917
768611
-653600
387124
2066747
1438921
-1075911
681762
91164
-209602
752490
374712
-1007761
2031768
-799620
883008
-540752
-48434
1352086
-341043
1591757
1424135
-1250796
-464752
2104893
-414485
-263337
-756900
265999
939951
-1028326
-3236
2163360
1383614
-1165755
1033
494118
283187
-809035
1589931
1452778
-487797
112530
623206
-1070404
527039
753432
648145
-186722
-1049546
-409028
-943506
-253570
-991472
-201952
-779315
-514479
718149
283085
-1267760
2237741
1218910
870215
1256040
-75276
496430
811946
703797
-440802
-1542802
23187
544990
102161
1409913
-1180920
524595
340294
1383480
482493
940769
236496
947197
457623
-529015
-1071219
-1663908
64272
1417511
-946520
359794
1227505
863936
719883
1364782
-97129
359096
-1270648
682737
865009
-1447765
-800626
542385
-7828
-600092
-381942
-307797
-325219
-563671
-1532192
1093846
365920
-1203773
-339639
1471084
130605
-28480
981624
-747523
-450081
458213
-21361
1160781
112152
1160915
1822409
-1734989
339387
-1131444
-1526774
-156985
-164588
-696228
1976657
-1673270
-854038
-218917
-990868
-1142543
-819261
197835
-1644925
-763441
-1174671
-700863
-1226761
766029
1053629
999640
1019316
43000
-1582267
444352
1063096
-477230
-580475
479939
-573757
274328
278548
-716552
896967
475652
-992572
-155483
-729668
608697
-653800
1315413
-890995
1570031
754680
874870
-284363
567367
-354645
-1737934
-351830
-839351
387265
1232573
-2082542
-11199
576460
-595293
539298
754745
-592663
1421794
518240
-1363230
-990683
-447289
162004
-583113
1741475
498744
457839
502942
357934
-612869
469038
-333552
1209762
625478
641373
130588
2077749
1308811
-895578
1024390
978188
-292895
-569416
101254
-1168320
-905742
-169721
117358
2208808
3386
-197003
102345
-1772343
-523141
642220
-33405
2091989
-341169
536568
815889
223317
-83027
1818116
-918410
897299
530521
255816
-984900
778724
-1187519
-605836
-908584
545795
-339054
628455
-48620
-164384
1659692
783558
-83550
498710
585981
498746
650914
-641946
1423491
-360864
1261400
-1025236
1079115
106170
693220
-1477272
-159942
1050197
-24468
1085269
-809360
-175452
150093
2200551
366007
-713577
-671921
-218096
199395
841387
-105297
-322767
802801
-784015
-400341
-1641568
-242112
-1473474
-88089
-936935
938224
-234147
-738543
1024675
-671344
220055
1489065
-113859
-1254412
-1684403
-634387
-931102
-30761
589981
-2343957
562951
396554
1023238
543139
-36229
-809212
870136
-1047708
395716
2165680
-2007333
752516
12050
-2004096
793595
1108676
2203074
25736
1449126
-695791
216694
1210879
-329162
1464959
1108034
1224151
-759571
-1056312
-884841
1126296
-229144
-24324
1509105
1527603
-521095
-1036183
1057958
-159084
-271998
2034287
384076
-520446
460511
-11689
936474
-110767
806612
-888576
-264256
-726034
-1258478
566032
-1376194
-837024
1107510
889001
597551
889131
986500
2258643
-1050588
544354
-159119
770833
1090915
357847
516172
1710977
870489
618893
-152372
-85154
23010
-797108
407314
195571
805921
1324773
-595835
2627047
1584737
-374430
-1855364
-230314
-1007368
-560823
1017695
-525250
-121838
-1177560
132989
112318
1593411
1564400
-114202
-1562
879261
66070
217368
1257137
-279628
-482343
-1078288
558482
945538
-7825
764482
-3515
438247
-385782
2188033
-600249
2138169
-458639
176675
166412
-99459
-734762
810990
525378
-52372
474426
583822
248417
267749
-410365
428077
882851
522243
-185202
126724
145188
390040
-162286
178601
853534
270951
250896
-535435
2645057
441322
64633
-1889642
986072
798726
-511756
-952299
1610454
-253481
688188
8815
-955459
-366414
-710321
-84290
1519158
568619
-309364
-339984
-1110342
-469472
360865
128963
-164999
-1412338
-435519
-1251689
-1245989
-1090785
-901361
1779778
-59473
1306322
239356
2210435
986523
38269
-231350
2432995
-502117
1106174
964180
-953617
-223486
-1682372
-249448
203531
349038
-1518141
760960
328405
-652029
-411432
1526153
-350762
-561858
555809
134893
-850895
63813
43372
-1267013
791916
-795902
1484751
2516174
911259
1479781
894389
-513648
393332
-63393
-669532
2022304
-22657
537148
339103
-623439
-2087616
1489838
-349748
-1774060
-825022
-287411
-296572
423083
254688
91417
-826939
700230
-179525
-926988
-179302
1125621
920574
-565614
-14569
-909630
-305609
174171
-911571
1188470
-1553026
115289
1202435
-725245
611360
-259900
-25907
1166088
-124802
-967494
358651
348504
1350162
215825
687716
-471619
-691736
773129
127911
1015409
-375938
-92126
-222708
38460
-731387
241724
-663966
161605
1159809
-107280
-471999
-947124
284533
-1348178
1255491
1294263
-763303
-1096153
-859176
-293717
935317
-1996093
-58733
677116
-1135210
-1758527
185914
-1327973
1684184
1487437
125822
484443
31659
-1008588
-292256
1547633
-191069
1482600
-184290
1677459
-1872261
-1120406
-966990
-1007683
-1101487
242099
-672850
-706814
639957
-1172499
1956567
1814963
1537958
2168311
-465644
-25578
-311247
-33148
-41368
628740
-1099974
926519
-857351
621122
579538
-84660
-992439
-281127
467873
-1004577
-735302
1442597
-1015472
8351
850852
-326417
-423154
742077
954658
196201
-1330748
718474
-1212654
-1261338
-298523
-1499225
-471154
777313
23722
105350
-506227
-425291
-638037
82490
2071
357321
895845
-500430
593247
1603634
1989912
-1534578
119069
-139816
855883
137428
560679
-475630
-231476
-78341
336572
600794
1939555
1678889
-1396626
517645
324537
-776945
-415346
-1749340
-45510
391064
-1123276
-109946
992888
277971
1253781
-337950
-152921
908123
-309195
762410
-1321167
519353
-1044344
1941820
-934295
-91124
563665
2254253
2353673
198800
-296196
-883994
2105842
2485060
25299
958607
737551
-654123
-443047
331675
22449
-337935
986098
-66109
964810
-765811
-966958
149290
-358156
221294
-971570
1664311
-53921
-222159
1911724
-445277
-583213
-394794
1582019
2436949
43867
521080
558827
-754445
1711561
87918
-638446
344693
-1671358
79038
833082
140102
968402
-1102113
593843
576203
-963166
432702
870462
2026247
421105
-474656
-486086
352836
-570663
-330201
-284347
-88600
-167938
580491
-742906
368086
-113943
321570
-1153035
216827
2425761
-1409156
-2131264
631125
489594
-973533
-869610
1676816
317239
972863
1566533
-1449551
417348
-1336805
2178050
2203966
294838
357201
451131
603201
254138
1100161
183274
1069102
-934373
-641206
350740
-34909
-478713
-1088409
-753205
-1581553
2681817
1340671
331497
426572
344720
-1338689
1674667
1768663
822
571231
-708964
-719167
713845
830394
1263730
-529953
-349344
-832088
-481599
-859882
-76792
1876617
-408025
-309719
-204334
380644
-630865
-46888
366305
-295309
-1091600
-767842
-437863
-605123
-34707
-585442
1286131
-596588
904622
955785
-453837
530599
359648
625748
115124
-505997
288825
387419
1209024
15715
-70409
-117492
436540
-4619
1749814
-1795352
-426681
-788800
996004
-1783646
-661089
1505623
1622557
54671
629445
1545358
-1185820
-505769
255385
1289460
-1184484
-348392
-643710
-1572794
-593777
-198742
903203
-1276642
229243
1711123
1163462
1205615
692845
347682
1054078
927129
795769
149678
-125825
-844135
-204599
481758
-736984
37872
-238142
1545126
-122570
59257
1323918
684744
1160337
769782
-304704
-579410
-1490602
-540782
690873
1132250
910240
1553110
945445
358643
-10455
-202126
-1532017
1492455
848508
290693
105930
-592832
617818
127681
-302734
1253688
-1026126
890072
-630703
1536034
-1616083
532889
-250297
2075389
-290138
346835
458630
-178686
39375
1271271
-1992323
-573441
826590
104773
908388
871513
1763769
1094980
-608884
1795875
-1450095
-2142918
-318285
1595057
-169919
188890
-268219
-516955
-997682
978850
-602303
-356074
-115789
-1483596
-1193848
822678
1676743
-855293
-914443
-237753
-809933
-1426288
1108760
-873528
-522755
-339266
668200
-1184569
143741
438149
-228285
-418597
-403690
-686313
1589942
2378590
-210808
564290
1347590
-400694
1349981
1229987
-991821
-199505
-1183086
-557547
146185
714685
-805539
2541971
-288682
-459089
699644
554549
1225825
-399108
1136563
-19749
-795717
220681
-328130
99854
-231111
1104030
-365196
277480
25957
1378771
1349975
-75317
1275511
-426949
450818
737268
1268776
-269081
-962359
661428
-326320
-43652
275880
394737
1230137
-1733569
-1779746
-517684
1204175
-630289
-518425
-484519
-237574
1945680
2675322
645340
623208
-561101
124909
1176943
505156
994145
137306
350087
-9889
590521
415058
511261
-755905
-196920
-536001
816412
651297
-290672
2284773
495774
-720381
876579
-975958
-1616146
-394509
466166
36693
-84790
254806
36838
1924762
-734873
718162
-1285727
170848
-495818
-390446
197823
1472057
974833
-336003
1534840
-710106
78995
-794059
958162
2123217
-315959
-620648
-1285968
501170
-341933
42903
-780146
-1193356
-114661
-655062
-1540524
23919
584461
53062
869868
-1497787
552500
-96278
-775092
-287298
2080870
983267
1120602
-379351
357096
1364452
1465320
669077
-1169174
206468
-837947
-521221
-75108
-1262837
-1565923
-350893
2072556
-423719
271513
-1445817
599500
1356424
-706397
-907886
-1797457
-1699977
59360
1245672
207491
-1201093
-360938
1092559
1415172
297818
-1086762
259198
-710779
1809645
804918
-852335
-122558
187114
827646
988050
853713
-1994844
528236
-478433
1010010
490255
507437
818287
-1056713
144441
-722470
-633310
2522416
-232973
271679
128906
-962678
127082
644848
-787412
553851
1250159
-1352499
1042806
-995107
2355284
395584
-968722
-223690
-572042
720512
-570813
-538802
426101
-387162
309737
-718882
-1681634
492856
-985054
383653
-359576
435218
-1282191
-752985
174238
990900
705494
1324566
-1929633
-1080283
-1273275
-190829
-926705
5691
-499983
51166
-215106
-1053244
-1044425
-35385
-606756
173110
-1967944
-961936
666810
869113
-554990
540679
-1116975
225234
765314
908226
380503
245089
-1123298
598960
-296314
-1228622
-551973
-631971
892088
429751
684392
-1679098
-205878
2823979
1171406
645069
-108033
-664865
-590227
-1465522
-1381623
-288640
502392
-689080
-11874
473331
215112
-127185
1530481
-450479
-808684
-1074727
-317402
-1576398
726402
2255269
-562145
-686012
-132541
127017
-1251471
-7377
1255084
1138220
171765
-822948
-370469
743081
797481
995827
75152
31211
863822
-27245
-506624
634419
818647
3113448
-70963
456936
32354
2107767
239168
601313
484939
2121658
-1151667
-1524857
1338801
1224987
-585194
562845
1321622
504682
-1562578
560711
-75081
-1634159
1894781
774895
-414745
-898146
1207214
132729
-490879
-680723
465966
871033
-756272
-281303
1171710
-1441106
-714433
2417222
718375
1965695
775316
544622
1178239
105926
655047
1151042
-822172
-126508
400358
836912
1561542
-203364
-1743860
417159
1152508
-1372837
-600363
1099773
944514
24424
1202975
1027671
-376204
317392
-310364
-444476
707836
-1376189
514550
-717724
-2136534
1639002
1665718
550762
-158576
297817
-1364560
-212092
1482436
-156674
498841
144446
1802138
-1550783
1441202
-266616
1388711
899152
566990
2431983
1327625
984975
1047444
7497
210787
-506251
164570
-1036590
-593865
-1562539
-530054
-823074
-170476
-85535
1375849
-316416
-1238719
282967
-1185980
-1153518
722033
194646
-1370591
-1517882
-411058
-915897
-209295
828585
451835
-556456
1083979
-1036897
-410682
-571737
-795590
2275505
-73637
-502432
1847105
869426
857527
2143749
177707
392063
288256
-1053074
-410541
-171771
1364372
-428038
1608884
640412
510665
-2037070
864410
585891
340535
733476
-953728
-864391
-922202
788122
1077195
741195
-110264
86940
-1243060
308896
177335
1538972
1022984
-605947
12965
-560484
389971
79882
2378380
1029188
-47979
-742045
-1971339
-409123
-523176
800964
1766249
1282232
23381
1036142
1427135
-139588
65790
1093059
1115932
-1615608
-1069134
2022111
935457
1185447
-1501092
1583318
1085713
900334
457720
1644176
523629
1619837
1771888
-759003
499720
-383960
-835204
-671139
-598158
1883549
-608539
-8876
-1457222
-1079888
1136290
2012968
-854648
589658
-1574808
901593
330823
-1134589
-429216
-1322606
-470083
838718
464029
-491185
754334
-1682945
-413690
-158206
-830843
-577190
-1383320
20856
678138
502423
-977802
-851664
-367608
9346
-146313
1683394
-138944
-158257
-282999
-197306
-2063761
156675
1940182
-328132
566212
-965012
-1446317
415501
-147605
1386042
175305
-206903
152104
572142
1142757
896374
223754
1383506
-602835
520119
-711422
-713803
9258
537573
1153548
9956
-1718707
173700
259886
1487077
-548293
-503683
763387
2779775
771623
1393377
-22761
1258642
-399757
1072762
-461644
2187417
232018
475512
-625673
6936
270775
-140637
1083828
330434
-2049562
-372802
464791
-599384
190598
476850
195162
-851483
-15404
-811525
-411075
830176
710540
505089
-934194
2193588
-178358
-263858
153500
371733
503900
26659
257047
393477
123170
-847585
-554597
1622255
295236
1715223
2241127
-586590
-1800052
1061956
547890
-1056766
1484239
1970850
-708118
1092497
64132
184971
612269
534331
262673
-382800
679661
187004
-1027179
-721969
-185691
889443
758296
1248383
-1356958
407513
-542647
628535
-226971
930322
-200254
-229202
-1287510
-1491446
-478272
887137
1428008
582904
455201
-1393424
169929
-341758
-1549108
-1385081
-620677
-306074
62200
-368068
-1006506
379562
-327358
-1061492
379468
-162802
263221
2917078
763986
641418
-313975
1223822
-1092646
-755782
-639760
2795373
982952
-256255
-264237
126525
953368
-910032
-418067
1245488
441603
19566
2923070
-917232
1718701
714104
-1198814
-939676
-482051
999178
-1108568
260724
930707
-226458
254680
-615955
-1760579
-448707
650290
-31304
-659311
-517841
1121944
-294046
461311
397508
1758296
31231
1716343
-1168772
2287100
-83025
-415683
-1563174
-15740
-1255106
-1120188
-1431080
-858666
-2201896
-214880
-165996
-696121
265916
122065
-275340
-628590
-677834
449337
916146
-578542
473413
-682488
75355
331294
-1670729
-690377
1059562
50095
-1287283
554177
-42041
279410
16551
-341304
-359960
-1934619
-1252096
1340030
180746
601996
-601394
1111058
-430397
2493785
518531
703850
397616
-445773
-12547
215058
-739662
1111699
-589273
844741
1115073
245940
-1408998
-122886
-38811
2029899
-228995
-637904
-510772
-1926650
-1100172
-588006
-707532
992268
-218830
-1161921
232165
381740
-721879
953053
2905021
331937
1893474
1618541
-478817
30860
239577
-345977
1806044
1174937
283415
-97111
21061
-13078
-1035614
163886
2499289
1399849
-635666
-456913
1524420
744694
743474
-65024
-1827330
689101
-685826
2507242
227910
544993
856042
-490295
-241036
-1004114
264562
674542
-438779
-726168
-212192
-1227008
678178
972409
-424953
-374297
-142563
-1318907
1508791
-815750
180762
1269922
-571950
-625267
757027
243713
673394
-273214
-488319
46488
-202104
364614
59796
1453877
707604
281302
248473
-839513
-187348
-982289
-241926
-559748
-276009
1489597
945644
-97467
-509746
-285237
-583046
1440220
-199285
960007
-294303
1287999
71296
1136732
-496583
-1542577
-817153
245624
-1155002
987975
2209264
-854980
2148645
706680
322803
1196514
28339
2487911
818210
591133
380467
-332187
883614
537040
-800303
729121
-721841
-419104
-1329162
-753192
-997665
-850246
-1877369
20165
-186572
-242737
2382356
-463260
142494
-425844
577195
-1505422
-291617
-763870
-265953
-506179
69978
-40134
-1377700
948104
-1514251
85432
-78410
480263
-199005
-812240
-72982
-240721
-1186465
-197665
-692746
-758788
-1707328
-451067
-940002
-123675
-717197
-716991
-1028166
-364617
2636985
588589
934457
319329
-1465060
-79577
452321
190946
1065432
-142352
1595258
792950
-347818
792718
-1151996
2167085
307586
234252
388743
485307
-1062366
-728266
732195
2419138
1542579
777312
107350
717672
-22242
-852934
-184139
-1507312
1676971
1755066
437614
1499402
-1677472
-1620866
86434
204595
-1355512
969709
312240
2738076
102685
-29574
-499424
228878
-77662
2056072
-188001
-651415
583073
2105338
1897172
-766069
-1374761
1097293
-1332102
911046
-150268
182746
702015
1339556
-95781
332065
252344
999116
878958
34124
1131133
-10491
344008
-593687
-688494
-1153577
-1073473
542633
-121835
390178
1090354
-903685
783311
-674030
134900
462547
344514
645506
-299949
-755968
1111501
-799596
1096835
992541
702763
1277429
1243706
413271
-210079
-262965
1215193
469726
8897
1175053
-285608
-624488
961345
-593845
-442389
802567
2265906
-1224883
172809
2229418
417316
1062331
-502460
-1839654
-1450088
-1427068
-624442
962879
44474
806164
136589
1058253
-756844
-463608
436121
-661303
469712
2109355
744893
2493758
-113250
2098358
-269633
54325
1318419
1678585
769551
-578186
-1754924
2354620
1096694
-46584
835884
-1552135
496895
35896
461064
-1623852
-179458
190876
431958
-45707
-1548207
307088
333009
-316358
458359
2159827
426388
1162430
-771178
2016569
-138514
381381
540903
-403766
378058
159516
700579
1539132
-588217
699491
145671
-521536
1024476
-573186
-1015832
-769839
-318268
-758939
1132753
114203
1854676
-1278070
-577608
-1261993
222375
1145924
25286
617253
1167673
195788
569134
1050389
-858989
1044709
-607086
1020383
92423
93223
-365704
-342841
2241446
270966
2364110
673586
1000600
-240454
939711
143798
615116
-1039
-410791
612126
369179
-1037526
-483860
441914
38114
23044
74690
161334
-127774
1832799
729110
557701
876126
257270
585075
291891
-1359384
857721
-826272
-774490
1285811
-427199
1907429
1660463
248459
-96642
379420
-333857
1711906
128274
-801311
-163253
-1189756
1837352
-1687752
-1504486
-73914
-218040
-872523
-1137794
609996
-1023209
93229
411392
-65932
461296
2666608
-1455752
1610124
1458659
953221
2352238
-492993
-465310
1088203
245035
542874
-404405
388460
-718862
-339867
756216
939505
188749
-892825
-915340
486563
-675106
187243
1142920
-622199
-1491808
379054
-405593
-786212
777890
947779
-1478913
50781
1022879
240714
-293236
-785761
151299
484473
398301
336650
-1466625
-143489
697199
939114
874919
-1169601
1353203
-1816343
33814
-490558
-1916003
-467329
-331706
-495018
245098
972290
610521
20311
-615869
-33031
674844
-99356
-695013
206684
272405
-287602
-706962
-18383
626808
-890001
1076657
-893221
-206888
1054867
150720
-17462
-507382
-201457
-231394
-1155957
884352
-848687
-137365
-1222943
548463
-807452
1568973
204388
-41928
-556079
463273
181887
889081
-805928
878697
367876
2196241
-404366
711095
643562
-1955170
-41270
-728341
975683
-217707
1593875
-679230
511746
-382143
44312
-376997
-205131
1258594
156703
62875
-1274294
370449
1371228
413414
287894
-1096601
79252
124093
311732
1666862
210776
-869486
-1557141
685902
-277718
-550363
2541335
432177
750519
-818894
-738769
-606790
-9946
828667
-450670
-632789
2153783
1583524
2413004
-309735
2064263
-1266446
-614167
-68266
238212
-907240
-2061537
473624
-296473
-183409
-753370
325318
704530
1155860
723167
-873473
2080759
-331633
887384
1649736
-1345675
692566
2301253
243251
-188728
1198038
218399
-1421539
1736558
275805
-1608186
-1118134
-243502
2192237
-339376
464778
170700
-52211
-787702
-1171753
-119574
1501079
36109
-169295
1248053
-576380
421904
-1407908
951382
1151325
-893331
-789851
752374
-1083841
-427441
905928
2021211
1671265
-1794828
207943
405095
1749099
1059941
-1821037
-633503
1098310
624819
-177215
-1287313
1476045
1253418
-75442
1250684
1231730
-1167203
789809
-628439
815382
-483250
-1074221
-28320
1841
636457
-1262596
-291316
-859608
-1363191
1184062
496917
-240454
-907893
738620
-723744
1179263
-93829
84642
2783885
178406
-794117
-1838092
-937659
1681883
-527377
1355050
217983
-1541569
798858
129845
-497777
347252
-991454
-127688
691580
-827495
2498
-516350
-660704
174297
-228068
-1051042
127750
-1414895
-1662321
262811
-289238
1490662
1280640
-588927
-433315
-1010617
281682
18249
366161
-51620
-1036537
-988457
205628
6970
581233
668107
799598
-520487
-1138912
-1051206
-180172
-149155
1067375
903071
-358175
-525996
993881
-96121
-1077600
1392440
-109832
1085248
138150
-239218
-1062251
-831129
91080
488552
-465546
1376328
282916
-645956
359575
575431
1205794
-1077743
1902996
1599966
1496646
-242545
-1340147
-781941
810373
536229
-75650
390297
-303818
-830278
990866
545374
863862
-312318
-16776
404645
-363483
-73040
2152122
1332895
414786
-922645
1029114
613896
915460
-361566
1386724
798005
-672780
968607
-208343
-453876
724310
1581444
933196
1418964
2695045
85320
215035
-83211
1065946
-546647
1338289
822850
-214013
1049376
-412974
393985
-283459
532504
277932
2742075
-484769
-1181424
1014093
-1363707
-462971
-1329481
-324847
-952784
-868480
-1099869
1105425
2427096
331282
4720
-233362
658734
-213279
647344
1380192
1404030
462869
2000741
378629
-542072
30408
-1083167
-1674383
-1623913
701444
-1193546
-653090
-631074
-27425
-1150893
1216575
-959402
-558435
1327128
641880
-156651
-877824
353226
150959
1672281
-668922
116686
-720002
-290001
-1507530
713876
655507
-574787
-838676
-614118
-390415
-663781
795209
1372562
595888
-1104776
-674424
-1588772
163053
-409167
-652967
-1191942
771517
-336472
236664
-429421
930201
-1732338
499341
76044
-1052460
1444509
-658270
1895725
907926
-1186633
1436977
-399286
1156423
-596396
551623
177436
609393
-843265
-1107366
644815
1053312
-668119
684305
762465
-757250
-131381
-1682086
452221
571435
254550
-1136991
721278
-370633
120417
1249380
-665681
-794967
1006504
-341430
182172
1058333
-610335
-1382049
928072
1842124
566606
-1400728
933222
-1561561
-916402
-830341
589918
-99661
-884095
2366177
433651
1054620
339168
399332
252770
123274
449265
-531374
-106534
-320293
1154783
478989
-506552
-699147
-114261
-280064
-912026
-684618
-922421
1241120
-414843
2969189
-680064
-1308669
160160
-540558
-1396335
1057372
-1370778
1158289
210449
1013526
931624
-971017
1345513
-501868
-154574
-547436
-349904
-187534
272891
1898655
-171358
-169989
-860981
-127308
887026
-211751
-799821
231328
989036
-296717
2235009
-759433
1075189
887123
497619
-409671
-1583692
-82091
642796
-1168718
-1076261
-482106
-280256
-373043
-1093906
3061188
-1226052
1023843
-278690
-212985
216181
-1460544
2361526
-593049
-209235
-1717269
694269
44404
-436389
-433928
1050785
-753760
-382
-756519
283024
1110262
-553878
-1707445
541567
2473645
1229366
691532
-1087356
-629476
-712645
1320274
1411288
560372
1087468
-464637
-866604
-1160644
-408680
-589682
-138784
-183421
934291
446831
-500505
-1456379
-1899239
-99741
67263
1160016
169431
-2581809
-958551
-608493
-86035
654913
-2026126
-990578
1416848
1571465
-495420
-152236
-165027
-371193
-70679
219629
-2099423
2091020
-12412
-1002629
-797901
-356796
655057
1153926
78112
584901
571186
168101
2157388
698340
213030
411930
-121196
-723140
-265688
387459
-291326
-537449
-1318325
90375
587073
866030
1822928
1735390
-517462
551574
-552826
-611431
-76364
-614959
-115332
-939644
1185259
-971814
-972502
-96317
181730
654094
1151333
58743
2464692
218547
-147170
468837
-547952
-671015
-1120700
-321611
-238293
-1007777
-10421
-1020386
661091
-693494
234097
-959776
-163843
126648
1345138
715549
-99994
-672168
-300902
-882993
-787984
-584483
776395
-1859292
500445
1032712
-755464
-161927
460240
-996723
-714583
378280
370598
-495068
43158
578119
191108
622484
452574
311965
295634
2490224
-89714
51608
1334236
-1479021
838815
907926
15619
52861
214264
404346
-181476
-820984
-628835
-60421
48896
102365
-298801
282584
1167845
-279304
-1356135
77426
176179
-1278599
-286283
-1473999
571268
-224279
-195740
129694
-272384
-1171304
523356
-333368
-429484
-655892
143301
121463
-440059
-755330
1039136
1039550
1177805
259671
1406587
-1222253
800036
-673254
-178636
318993
-916615
-243023
1355282
85507
1127965
-214986
-1649760
519021
311981
-247978
413864
-508559
1013803
-64221
963044
1612629
-65293
-115723
-362167
852595
-154538
161535
-793196
252965
1574860
1534584
210722
979831
385220
-962556
-565219
854524
-1215890
1305887
1209417
334266
-352839
-1622409
-1299370
-26163
12882
25969
-265123
2410518
-1176501
295620
762867
-559991
668645
-500135
1786273
-699658
-230963
977725
978109
-3845
-899907
-1031494
1377528
-401555
1875608
-458730
-912733
-1439245
-147991
1122019
-885004
-339700
703832
-38365
-948434
2458498
2276197
-767401
-767934
-469399
-71113
114270
-1668393
-1018424
2090305
194562
1040085
581173
-767780
2202737
-734339
280364
-1049790
-522836
-1195956
999257
-476911
431646
-207357
-316185
535763
-327809
326232
1074283
-305886
-626909
450466
242072
1461076
-391563
1385705
103591
116989
101132
-53972
694459
1241107
1925735
-751603
-1221355
-466970
-1684455
189496
345011
-180455
-973612
1029978
803325
-1181040
1062336
6320
638313
-1230160
258978
-1364504
7394
1366380
198322
1332486
416117
1979042
-103785
14322
-350475
1066303
-257846
587946
-535475
807225
2486401
-452770
-280334
-584169
-1108502
711798
-704035
1469566
-843788
169940
-988557
423084
753103
1315508
-1115794
1868183
-1733586
-129138
235468
1452382
1070610
-368319
259624
-1555304
-839432
2699703
255500
-1600737
-84067
-352522
192734
409995
-387214
357436
-915140
-1041088
-421579
-1296300
2027032
226481
169555
503729
737173
903248
671671
345226
76340
1465590
-804921
638136
-1713645
893390
-302992
-510028
1233835
489201
643610
1176397
-657412
49470
1177099
-739555
206764
333106
120117
-210716
-1522856
698397
-490508
303210
504949
-344697
334263
-419306
743966
1081617
-451283
-917227
-159397
-305252
-1313594
35847
-484217
563525
520234
-966429
1047024
309253
579611
-1645274
-80532
-1024192
-605591
502140
-236031
-890936
-599331
2255864
-1294489
-985226
-1421592
-1327122
247851
1584950
-36152
303580
-945163
990754
617795
490342
292531
285449
364998
-1655235
-31391
362210
-728686
-326224
466464
-1251937
-1169004
1718523
-533647
1940401
877849
1587793
1787148
334452
678781
-590720
1185657
97252
523087
1375094
281749
2288857
-748616
-652792
-1378017
1411434
-744966
-576258
-775159
1149721
521248
-834537
-808494
-1371198
1097189
701363
-149590
193602
92405
1512699
2003906
-1389922
-69039
2232113
1803116
-507531
-843366
478654
845804
-90915
-341137
2026019
138400
-377784
401401
701066
898377
-756511
-1191823
-1338048
1953116
1074667
-189639
-834372
51601
-981653
623834
-246544
592905
-1348118
899610
-1068758
239172
577002
188533
-753842
-1190175
-968449
120182
-660087
-687610
67256
-1784833
852978
-44588
-969197
55831
747861
134191
-485679
1256429
-78003
-70858
-668283
-1018022
943710
81026
-380612
-1583185
1043085
1583788
-1448018
-898622
-606755
75515
-878868
863276
-488554
-295833
551173
309189
52919
111159
370606
-754479
1885878
757798
-645866
71392
634049
1123957
-1308668
-587731
219514
-61314
-261370
-372484
-1269731
-137101
-780099
389761
-391762
-932428
-443430
-389343
140488
-397231
239352
-468701
38650
-352998
24805
1451502
1111664
964636
-924468
-1314301
-1423989
109195
-627032
922130
878602
269897
-408821
1855742
961336
8042
1460010
1756064
-861995
-853806
937880
761534
2243599
-448767
-205788
-1003682
-557633
1036973
-608832
260911
400822
2344780
2746932
-1029158
-76011
-591534
115786
1086669
76065
-680219
222454
161788
-818664
1834320
-963251
188841
835582
829075
-377070
896556
109788
-1720735
-711576
634238
-327303
2601284
-1384075
325023
-1468882
-91073
75846
-1206091
-1348676
257107
963384
-104176
-513249
2218736
-787147
-189385
472603
-982117
996012
-447293
226908
-1044488
513318
1407761
332613
242591
-361624
1123887
353375
-849777
67335
1244609
1101533
1251593
952907
561852
1199222
360770
-1308891
232915
1756210
-393045
-468733
187860
-734659
1012166
-1330724
-1742735
579358
1072058
232667
-1457370
497794
-21564
885620
-88108
-180244
1622960
77784
631404
-373145
-1382942
-119602
98000
521718
372220
879311
-1054786
-326766
-207411
-317693
-686823
-1740331
1519567
-272666
983306
1818037
-569060
1030735
59273
-904480
1325115
-269760
-1140710
935853
2628151
-876672
-217291
90219
-949597
-175805
1771710
27760
-520624
2484422
1104768
-477606
-1023221
-1448482
1016317
191858
-172078
-61007
-357587
-2145807
327223
562475
-1380026
-1777210
552718
-638105
649660
-135100
-587400
-455411
-253547
-199660
-1343565
-694801
905204
-1741673
1960395
43388
-488163
686425
-1477481
35140
-31483
516609
-442997
-455487
1110709
-435999
-286219
-1762395
-492054
-792635
-894809
200729
387319
288448
-204129
-763515
-887504
-1559020
1033834
-448012
-507553
933451
1163553
-736900
435377
-61321
549215
715628
-502728
-1203645
-895354
465644
1113007
-500550
365375
-816808
562313
-7655
2458689
-1580489
-501168
575384
-311868
-595296
-457407
866414
-1331537
1644763
2916323
-466287
71311
-187209
479065
-152088
-696428
492072
-550489
2568608
71604
-551141
92340
147370
-438946
-1235429
229376
437802
958876
-348046
1299205
-1542004
580772
134656
14458
492638
-315950
85123
1552265
-628539
-102455
435907
-546975
1349175
298394
-517689
1745466
-349291
-1560783
1079595
-841911
-295119
-674168
-983901
1348784
198253
69257
1296303
-909235
1602225
589207
-596805
-1074470
-1030837
16913
551530
490358
-1060377
1348577
-635533
2236156
48012
-417741
-849549
-426789
-1063370
-276303
744311
-1504022
1293256
81555
709012
236798
690613
879950
-17343
-1289356
-1236631
588705
503514
776585
1503152
-1552016
655549
228853
-1200916
-37452
1975512
-848983
-543285
788346
142345
-96635
261990
11281
-698061
-1348895
576366
-434195
-814453
494919
58603
1830151
1591969
392208
-59439
1775779
437400
529166
-165306
-360519
362901
246305
-309648
-1503595
21298
-879748
68193
27302
1368753
-204653
26193
74828
729069
-619458
-1056956
-139669
1021765
-307143
1186302
-243029
214147
-662581
-227108
222647
308293
421553
-595696
1888119
-487459
2238104
-831415
-996287
-596909
1327646
518687
43837
-27713
953798
-346428
-92738
261445
-307082
-213969
1123418
13332
1086111
-61334
-287623
334109
315821
1059163
416723
2144008
63556
-233338
-661271
847691
760727
-47709
-90787
-645633
-418550
674669
-993839
1765040
-1200458
318759
-1292694
-15728
-298255
704629
85389
1044781
1446821
-516384
2347124
-270142
1513881
-1170158
-420946
-709567
-81871
94171
349887
-97830
-196697
-1715969
1747762
-100869
-331234
-340922
244514
-1084820
749737
1264795
-406826
-898725
70592
-600500
-94315
1400800
1263038
698210
-434894
387660
2332118
312039
1963363
-627161
1478123
-93465
-123721
642833
336993
1616550
-581997
1489692
-339018
16815
2420354
328941
-840540
-1052308
966909
-582326
211622
-612413
30096
-611480
-659252
264158
-527570
1394647
-318567
1302611
1219735
222060
834949
-686705
-191018
273159
2575480
-829138
-519436
-224242
-1033610
610702
1786224
352684
-587668
-937212
-505214
1135832
-1611799
197643
-699080
252779
1057447
2034580
-210007
923713
1548479
-620233
-220519
1346304
-339368
381389
-179802
387129
1542745
-1410146
175681
672853
-231455
1152387
-534037
-1152864
-943010
1474835
-243279
-579409
-1627705
-407637
2390806
190875
-1178943
957916
-210539
837862
234534
39476
-964269
486824
1821832
442981
-133341
-857990
220469
-872
432586
330716
-85345
1822144
-1046070
-385942
-818340
1487444
2424946
182303
-758434
-400542
-198583
-656117
1334009
-25230
-655540
1357250
1176567
269919
854485
834877
-710409
706973
221846
708967
-582541
-224834
719354
-571160
-486694
118803
671439
1625130
-540312
-99073
505752
-149977
-438701
-766901
1855391
279115
-521166
503113
715970
713895
442320
1028907
-667407
-1081262
-1918758
866872
1007951
-1333419
-417641
-722975
353058
-831795
2028052
-164988
-123133
-694299
1120751
-292593
-311682
679077
-803051
2022202
1146805
-1108647
-1291939
1616085
-1863964
-571928
-447057
-119770
-357939
-1488608
-178408
292650
641278
210738
935226
-364972
-193392
-148575
-278144
1234367
-370602
-152526
834162
1158795
-420273
-1077458
353691
541520
840487
2288511
-465731
-321298
1159122
218734
464534
769692
23381
-778989
-1071255
742720
-764288
1971109
727641
2541971
1166200
-296148
257741
651922
-277293
-1120053
-501318
-9350
3223
-589953
20814
-914120
522524
67427
242175
-768454
840974
-512277
1045659
476574
-808115
-1740933
1414170
-661303
286107
32392
-554813
-528978
-2086742
475336
-531633
1625218
49470
-90737
-231773
-868812
689102
1065898
359707
-1338277
-395625
74136
39118
408904
-136719
1772821
-1071604
2067114
1882958
481757
2542464
-566576
-200805
-636788
-679613
524123
763460
-488724
45536
-506746
-313574
-728585
-1790915
399587
1381156
413321
-996226
-779181
-233798
-695182
739303
-95988
336936
-1040569
-2140432
-558673
-241234
143077
600494
2876235
204416
-502537
1245969
-117289
-187982
-1886
1678594
-44611
1059564
-1058205
147309
659728
-411949
902170
-30125
-1430436
589506
-609293
-1182018
-547229
-1503543
-662627
-240639
158717
1189426
-355158
1203780
-1866460
439057
-302235
-23284
-1265183
504471
359819
182313
896853
-447844
-406048
299271
1505512
766900
-186131
-520510
413788
-287667
-825909
-671743
-1075652
466545
-156806
-30552
-48522
1632619
-1221266
-702271
-315279
2751206
2041581
341820
-447760
-301102
1975413
506779
815879
-590496
-932829
1576595
801987
786905
123209
-556876
-851976
944511
113175
-677911
-445822
1472028
-658085
1641893
-942972
-836008
632767
-1003358
-917597
-859573
634021
-239415
-285943
-90189
-287613
-1130637
732474
32617
1075080
1278598
1734114
-72242
785007
-796401
509441
-369618
56635
-2093464
25911
-916888
207244
-325326
-1200425
754732
640525
-404180
-697451
-322936
-13035
-54946
-1066972
-1462634
772880
203383
2171133
-1064857
170574
-510606
868235
99503
274092
100066
423420
-947921
51067
975045
-554494
-67745
581615
433449
480910
-78245
474877
-932710
-1344621
-279122
-130445
1209072
-974200
-2142967
387025
-1448995
-275190
-301549
-943404
-1856943
-916910
745477
69680
47153
1075890
639119
-543345
2497001
-366742
-588307
527591
1114073
260042
-698682
115233
-1464312
-566162
237803
956264
-658029
433557
58274
259810
1247726
1677283
925420
-1162854
613491
2681818
-1371654
1428136
42463
-438712
377360
888623
1249750
-485556
547151
277330
258082
2163624
983463
533249
667974
-927859
2048949
-1041004
243019
1066266
-294179
1618312
-1648862
582314
-961146
-39938
212776
-547665
534477
127432
1091052
-371154
880269
-99167
1620362
488231
2119328
1053342
-642837
1487893
956603
-465723
-1108739
1368387
658633
-289989
545657
507647
-292608
-1981246
-324440
595939
-571330
-1310255
-1259654
-1086784
-1012055
-659863
-58927
927572
-214728
411497
1186504
-1394521
-1104604
-1182394
-807930
322583
-714319
-14607
-1114509
491071
-820504
-309738
-1414479
-1457556
-75854
-269147
247142
412106
-542311
769910
-81664
1823993
809837
-1248893
-638930
-1106316
431905
241773
-513478
1278195
82691
-1238703
-999252
908656
-237601
1238179
165649
20315
-254705
-21945
952726
-206432
1348746
-912278
2093272
331548
-1271575
360509
792893
-565793
599062
-1541029
-96969
-247822
1407598
17948
362162
1411436
-118570
-1260887
-240496
-139853
-385697
-386113
-764276
-601116
-468471
881791
1309544
-1509597
13030
-991095
-1007707
775227
-434107
-1053725
774181
478412
-199600
-839592
772921
12336
291838
-279555
393582
-247320
-650841
-1460958
394065
1203033
599925
2861310
-154185
-87785
-542271
-901248
-321512
1383172
-542992
-910093
295048
-87207
779046
661087
-1236858
-648962
-1514216
-593984
-1416550
2388518
790122
976747
1237481
286091
-797330
-418740
-665038
-152109
1485134
1095588
2689449
524457
1031093
-261661
-361459
64152
757308
1246592
185851
478556
1118100
1626426
-1173094
-1658380
1101466
2016889
-855299
-619624
-712448
156138
-787922
-128318
691902
734817
-340401
-355131
-16528
1445751
656063
137614
-317482
322699
-1524897
2348158
-416690
-647728
-301444
-339635
500026
74386
-676500
-224361
-12602
1180218
-278684
798402
-427647
-2162845
246246
244351
-547704
-1003237
915068
667550
272090
103628
967756
-958482
-1471112
581589
-908677
-453144
-637193
957928
1069034
376237
1789329
-691214
1957579
435878
946806
-641192
-1617686
203647
-1284860
-1044428
213506
-1875891
-780300
661005
196713
199694
1916087
546388
-908795
762062
1860783
-88454
-161376
-1146066
610716
-1044764
-1191947
-1207695
581536
117730
-435977
1733888
1035610
277087
170763
-393048
-536664
-58159
574821
827187
-1156423
1088652
855069
37832
4448
33206
635675
-1765676
-24366
133835
-598523
1028096
-75434
202964
256271
-322929
47869
-742738
-708183
2032550
-3360
1155036
-223999
401348
1132146
540262
-425505
413025
124265
727289
59098
-1437014
991963
515465
-436326
73722
793307
-646153
96126
785485
557426
1219506
-278742
-1227808
-55525
-262408
-142603
-602524
-1380703
1563051
1397633
616093
127560
-1316848
1370840
1891063
-1273883
54158
512951
-363510
633725
361664
841651
1776289
396425
-832840
1617731
-39577
-1193429
-911996
1065265
-1024368
-680238
-476005
-1054933
1138189
-1517930
-53687
-471001
170730
347297
842445
1105923
-1319163
520034
125091
-489279
892155
781238
-944233
-1388205
1837033
-1737618
2707922
792396
-195612
-423057
1767218
1147300
837499
377451
-1021678
-1592750
1421888
-642188
611881
-299888
-611353
272511
-620673
452464
-70997
482476
1070760
-423056
-903538
1333476
1530522
1700443
2072085
-750643
1491317
184299
1241806
233009
-232820
-368354
469946
-752420
-839169
-32248
269728
-1760849
-318993
1721975
-297660
-872631
-1614086
-19258
608394
101286
175786
2078808
-616945
-1253749
867206
-1734734
1199434
-1016939
371896
-851414
1462333
-1373262
-1081809
578869
-1488855
196456
65730
-127420
746773
-99769
-405301
-1610255
-1298426
-916937
319386
970667
582068
-78115
-1150594
1281756
751398
-67622
2155004
-828956
-597425
413148
216550
-448307
-397882
431460
101822
-560674
184304
-220344
-133520
413440
-1011588
-669456
-872057
498903
448639
-5086
1194843
1189426
143382
-1255805
-673754
-298801
65321
-683870
869113
1025800
76838
-914048
-593089
-210369
785673
-111234
-697645
1583610
-481904
-460245
2229727
679651
-22239
-652721
12884
378840
-1076790
136585
173420
1103931
-462057
-308145
918155
-661669
228742
-203495
824321
1310366
-113300
367288
-231694
-941564
-663266
-481406
2161767
-221503
801125
11457
-1527981
-456439
261858
1395000
317016
669783
851350
1022709
-102575
41991
-1539775
-341934
308403
640854
354783
1023266
685482
91912
143723
378021
458662
383682
-178362
75169
-880194
-47444
2626013
688463
449334
-378494
630694
960955
967053
-48107
344858
-455595
228955
1398394
-145164
-792769
-1235970
-342576
-257438
2070975
52034
1009245
-418592
-839166
-208869
-678159
-247037
260100
1088687
-153751
1017826
-376008
2202858
-550186
388010
208945
-809878
314890
537787
-226376
734834
-146283
1227260
1797133
-973026
498679
-28082
1424594
-83784
233789
1187147
-241406
1192565
47732
1549467
-267799
-1177263
764929
-244842
10951
440679
1014893
442566
1195430
551949
-351587
-556893
-1927810
1289210
-1267715
374442
803025
-1160522
402000
-1099612
2263414
-640776
908501
835582
-583562
-829655
-183404
78941
441682
-1072353
260134
510308
-343137
-434238
1549615
496363
-242250
958050
-463588
-336561
499627
144211
-905351
117409
-90996
1024221
-352404
862391
1838752
-407710
-662250
2617779
-119044
1264478
886766
1167515
-694220
-263614
-3664
646717
-1777961
-256782
1561956
-122029
470162
-629038
-887196
973163
833236
-606859
-134920
464321
1441316
-1740670
-638412
331245
265613
1099175
-1772897
-472196
-466691
76819
923807
1291969
-618261
-191951
1078316
-1098461
1688240
-732782
1799002
-1709123
-113526
868030
1763365
-1042828
722459
-915522
1016105
966867
1192402
-580503
-98684
507607
2059232
863580
477815
-588575
-478470
192824
3155371
510173
-962972
-381173
455713
-42078
263271
1796193
-1043120
-36129
-189096
-299302
314053
-361388
-2228
1118208
240428
-531360
310766
1144626
-118464
-842113
1446067
-690393
-82142
494351
-268844
-2060056
-499704
-154632
2093694
1214277
-1073535
996447
-823710
-59357
467273
958162
267281
404748
644082
1961060
14429
1165781
1996437
1136912
167219
-1628793
104160
-153852
-624910
-410527
709594
-152098
2144831
-578577
-1694214
83634
-1500571
-203131
-1265838
-267093
743540
1249893
-946562
753930
-1011060
-560768
1627856
-1195473
-673820
477704
-666164
-829251
213590
461839
1001992
-1015557
-1031710
-1296188
-1004778
1004345
2877424
2329785
-992969
-499653
-567265
-14247
994648
1705995
66944
1468325
-618766
-113879
1295257
-117498
281469
-1106254
-929725
-771370
1213614
-229977
-235385
1310546
771342
1636709
323487
-1147439
348827
678178
187908
208211
1224852
-912513
-905962
-220201
-986837
-529269
-86151
147217
-905390
101820
-240942
838352
-810043
-574759
-491561
150796
1832680
-1263891
147559
-553440
614497
-312704
-22415
576907
-737262
172279
51829
-570740
28456
1046311
475500
-199045
-461763
-1690644
1485454
2199825
2184122
-461925
-132024
212499
-1563543
-941215
1716
44800
-924548
441058
1382656
-46550
364219
-1079372
1958093
21010
159023
1038876
1841252
-6917
52252
171276
573995
-784500
-461700
-263990
419844
997270
-318060
-226308
-316399
634904
-92127
-8048
-1782146
-847237
-786290
-1057628
675248
-711016
48890
2301780
1008995
1223835
543897
-303672
-1370215
1434709
-615717
-717549
1267112
616588
2275265
625841
1227480
91379
610946
138315
1821518
620881
353091
1311652
-278471
353210
1033883
314902
191256
-150086
2244421
1463715
553106
-333844
2691409
-734215
-1277654
-722059
-42602
-396872
-182548
-108642
-554685
562729
-96171
1830806
1716061
-668973
436647
-269423
-60257
-84932
-1903784
-1203195
-668615
1940574
3021418
445547
-1587736
858267
-181613
-750651
90723
757228
966547
164285
1274223
-393017
723360
-1097679
-1246633
299280
1209984
-590984
1483967
916816
33975
1226192
-286397
1946754
-41003
-1060342
1697325
1253249
1747323
156749
1098479
136793
866994
-368968
-783200
-1539586
1162264
-64122
-529729
-1216422
232435
91655
-1715294
-774241
1114280
2968140
1738892
-1083756
-1280530
1643807
-49780
-469655
452939
640002
902798
7269
-1206402
904806
2144654
667501
433797
139899
-218193
-99736
-202616
1953600
2495970
293210
-315780
-343728
-180759
-1319293
-962857
-224589
-627871
497421
2138222
519435
-370266
-1043780
114285
84511
20801
2196479
-661798
1207050
-120719
460912
-77722
-60794
434265
1204886
79349
374068
1096827
844518
33716
1067444
965103
-1704392
-917892
1784926
-1047205
-929036
162785
1421677
-942472
-25657
357630
594179
278050
314163
386092
50757
1995289
-43837
-238063
-176752
-186675
-45587
1037356
552182
63269
-712022
484737
124321
764503
7904
286833
7531
-121530
-863538
-434850
2075565
-155778
6682
-95582
1300554
2067064
1358883
560478
-491032
-990578
-333742
256449
-126106
-1309797
1470504
-58081
-671669
220459
-837943
-174028
148427
1609123
36203
2905482
-1163967
-314875
207913
507485
-495528
-1254968
-506476
1886970
-710948
561994
3069368
-523063
127646
624449
1554114
1668512
-888466
1889701
-109204
-247457
107444
714276
75643
851423
-624442
-144966
-863018
-653016
-2164454
1118901
2472721
-187942
-4127
-1204536
564947
-620365
-277650
-457182
1765688
903107
822864
-1065430
679440
-775668
-97275
-1151527
757884
810549
7338
567860
-1455138
-1413890
-2911
882358
-1463757
540971
-1138995
-293360
1775036
-15590
2365138
405443
-835188
1069702
100941
-212316
1137569
1629758
-250603
1319961
-160201
-59051
-1461625
1419578
2350789
2200373
1077622
343727
-1411623
137225
-345346
-53849
1227365
-340768
-603022
337529
-208029
-446985
-476733
1439740
812773
215926
466070
-1540619
-125666
-608387
-116550
665140
1991196
597991
1349878
432113
-353495
-555081
73028
-1146563
-1287960
-121343
1229017
46063
-448369
-524063
628601
1342430
-371489
-1803823
1066306
495941
451135
1053404
364101
752911
1180249
1297960
-95435
1587791
3202761
-1504495
714616
1308007
851561
29995
-1071638
746398
-750925
-43429
-502148
477966
2177886
543794
380162
-80178
673414
-164919
-841658
-8755
-1434666
1936956
59757
1455956
741983
1443222
-555622
1862296
37451
361430
935398
584280
324969
-1319953
-1166876
64427
1001154
-897849
511564
-602639
1494029
-156156
-350749
1250673
1604676
857350
1177075
-1121386
154129
585714
-1093481
704700
586287
-84814
-1626092
-961667
-1065179
316953
130387
741655
-1425813
397911
1220451
-262889
1791027
103237
-451128
-1269708
-987707
1011907
559914
-393925
-1240685
2050983
160604
-109010
1028656
501489
708118
1033374
-1005370
-1378630
-1079999
490517
-750674
1758449
571137
1143782
1437615
157036
-822282
-842717
-1748371
45169
-459844
-513531
-44224
117707
674166
1840422
187845
1095465
-1881793
-706597
-14733
69150
-1010756
-387695
-837296
446809
-1288310
-844959
515655
-81929
522269
-325460
200079
-319057
1111172
783562
22825
220604
894418
-139324
824631
969087
-1403444
-169651
205497
228296
-591947
1556981
-1320976
-67578
-193366
-1846563
-400750
-962840
-537656
-984507
-622219
551181
-471327
294560
-643371
848768
101492
-155500
589458
1031174
177483
1299611
-1225301
-1065646
773317
-981298
709384
-1091337
-233911
79776
192689
-481822
230187
-491123
1221178
166334
208346
-88429
-1645800
470982
-1778998
-1595612
-342378
181920
1406730
1923077
63887
1363194
-1173094
-584991
1158231
887286
-274473
-639320
1595057
-214534
-423683
756941
-655783
459004
266765
520899
1290363
160144
381485
547368
401692
-435050
-183102
388091
41401
-778508
-603135
-479879
-239804
275833
503478
101364
247854
1391340
1209833
-117807
3095051
-1347124
1693718
-964158
-870249
464722
-256944
-1380273
1121113
-837088
-28955
82946
530338
-203386
1991409
400752
905333
-83747
249502
-2202084
-1728158
-57391
-52394
530843
-87186
118777
-534081
658364
-600459
-52567
873602
1875599
473486
-1382619
450689
95840
-23477
-1681
133222
-327378
453496
-1217452
626470
-896
1040561
57090
-53128
1781483
597227
242482
-1919282
289720
-1119446
-116287
328753
390035
-1436540
-1077899
1173813
987009
1716154
50004
281936
339095
715520
-248308
-409461
400394
-60365
277488
611316
-169681
-160712
-1429791
-222904
-783766
-137132
1200722
-215780
245280
227054
-1436157
-472029
-1330055
-778022
-2087063
235851
-157378
-215624
-693257
528948
-1671040
808549
-1272209
-926150
194094
247344
404519
186789
-174263
-523429
350561
224957
-1451869
-455387
474203
519562
605248
-877339
-517173
1555910
497222
1257775
340628
448763
-931699
152674
986919
816364
274477
-345426
-369188
-997751
-1804097
3001787
-1039292
426035
928325
57535
-23227
495741
-1025721
-1885349
744369
-954634
-474679
153453
-268228
-83298
658221
219153
569803
2543358
2455995
-64933
1094879
69511
-185543
1721050
1795841
-462597
-1541640
-696363
-397697
1207624
250170
314135
646339
1447652
-843353
-1445497
-943363
-510682
-1047673
-36679
1320112
299451
2757951
642186
1201755
-150849
329878
1371317
435497
981760
897215
1146365
292001
-438257
-794543
-17846
55707
1459557
-573218
26691
1592066
-704904
222166
-343671
-612154
-87423
-54047
1617321
-1411098
-593805
-397465
-1090393
-1982226
242562
217981
-1458298
406247
-504050
-805347
163555
-1403154
-197564
865391
2249674
640529
252243
1730074
1250545
169963
875753
-1865955
1299938
-1199181
405943
1271918
717145
21126
-755222
-408863
525393
1129888
2996219
225265
347767
-211610
446662
-784706
884811
-102352
622884
-327632
-256692
451986
193582
-1047298
164273
232523
-147997
646348
279152
1602491
2115938
618644
67236
-1901460
-810558
-1262088
-284568
-743859
345055
958591
614176
-365140
1182047
-796578
-733479
-629900
1490195
530265
601099
-450167
877119
841290
-422631
-391181
-1728561
-444715
1396808
-236183
762863
-749614
593595
237562
-607736
2729840
345107
1251915
-47313
-732483
-715760
1596091
-310062
-389279
-173395
-402117
-691710
-30536
-825708
-410010
-1676810
-875143
-1258771
-252550
-1545605
640476
1132009
86362
1836454
854674
89880
-1577582
1199486
132645
119575
412404
1499374
1163042
1664088
-141077
765898
242399
-653625
-1411358
357395
715072
-36028
2193758
846254
-782304
274154
-923201
-516919
-1620765
-976052
-24052
197233
-901497
-1475455
-1331786
-256360
-10734
-1102862
-397517
444996
-1182853
96298
613072
-553650
402266
173393
-180467
1294375
-1702462
-622142
861204
-94607
-115777
355833
-717950
526618
-1444190
315869
-263580
2034462
-1459238
-127352
-1887012
547122
1070972
-1100666
46715
130757
317788
-1243572
-216904
809759
67723
1181648
1775123
-47303
-1545749
512073
982674
-966159
-1028736
-1272707
-212225
667109
-633754
165412
154964
-1406928
-542461
-234599
504620
-847272
-1157543
-1198571
1003412
282467
2058236
45747
-367169
1399639
294258
-810897
1239576
616025
-328706
-522433
971718
-914326
169543
1285543
675473
1300438
-152463
820585
380250
-252403
-731950
-328467
-576821
1331950
-246114
1011102
1045027
447073
1636876
244109
-592840
-528281
559827
-4042
-644521
70292
-393709
514449
-218561
-1060783
1088354
-675701
-536643
-519209
457761
1668764
293995
-1092162
903765
-925965
-339606
-45734
333622
247035
-153323
527846
-508782
-636873
783645
-35368
-251503
-681971
191102
2175483
2356229
-235383
117992
356538
339028
792703
-104107
-780976
-898858
665747
357597
-774633
886817
490009
1414904
-888576
-1144528
908535
180310
1608338
47739
-342609
1373375
-585230
98146
-164101
-993718
452737
-841022
-907397
1345939
-345814
-782121
766307
403404
-2717
913712
-188407
-179589
-1676601
-1731447
-363796
75811
-763559
-201854
-1212886
-343279
1504866
-175558
252235
240811
891473
-94283
-1741584
-646410
-1307824
829343
-655413
527819
550184
-1462632
1216436
71691
527405
1947824
-1795615
822820
-524766
-1311396
490030
-403467
-503681
2187004
947000
-211836
-257335
-918126
-839198
58209
1219143
1942539
1143970
864410
-327564
-845099
1318328
-367486
978466
678533
519738
-283868
-389091
179865
-104559
811275
-1651820
-143733
1555284
-1051888
-341043
-771831
1917614
-607850
-285798
857445
64098
182270
1132484
183775
647896
476955
-17092
-1231415
908374
-365308
837975
2532939
-529119
-1412668
-221188
-1903334
188896
1569564
-142634
2255624
302169
14272
-911355
-390127
1855115
-135998
63558
-1566234
-841487
-470624
-520944
2763900
-243481
-1283159
-76058
-197846
1404378
2326264
1098021
-1203304
823883
-1408784
-1214895
1182735
-295506
-123495
-809682
621106
-406552
409181
1422285
1968340
1230352
-45456
839144
382562
-224985
-30288
-1245176
2036046
64392
-8966
381512
-375702
895255
2070994
761800
-856866
-563157
873783
133600
392270
18235
1171170
728148
-139335
-283517
-1626373
-842451
-1130919
-518034
242171
569116
2660809
2584323
897005
2029653
-1513256
873894
-1102847
1184924
886059
-215757
-935798
185164
-385091
-2100554
-320998
-201367
4291
959157
-410883
460502
-1036522
1019081
760489
-83097
100169
931440
-1422566
-487677
723232
605338
-940181
98023
-515034
-681066
-544777
272720
-1223149
-547291
-176239
2696314
929847
-3133
-211059
-236026
1250777
1189692
-706460
-1073317
-1612299
372513
-1036363
-1784328
885495
-553369
831543
-832464
889386
-820652
2341773
800560
607189
2123106
1303205
-641311
-67332
38227
-477716
83082
895833
1485003
-85492
1336288
1767333
-471482
-469750
112158
1580484
860814
825237
-1201798
1552171
1166008
-791782
74852
2021254
1083614
-230273
-853456
2747549
542450
105986
242838
1275820
-45804
-381343
-1309747
530073
-30120
223888
-21996
-882985
433351
985597
-428135
228789
-842665
307114
-1588578
841199
1675769
-277609
-413847
-449357
575659
1060568
-145074
291172
911760
-71274
-1113935
1308244
-90645
-904773
865916
-1230524
-1008522
828327
-119905
-911002
147996
674525
961507
-864278
465316
712751
23614
-338434
-757602
1821012
918764
397653
-436855
321989
623115
-171517
228468
-985785
-1645310
2002961
435514
348110
252216
152270
-653029
-100384
1799073
442406
-1138280
-1251347
-887696
-369405
-1255586
1361577
242838
197189
-188989
-668476
-828164
394712
-783708
190198
-1141232
62898
1249243
-42824
505327
-341867
310839
439348
1477589
-650742
650406
-184332
456912
971878
-1846390
1925039
285727
-90973
-1201407
621426
1528792
73383
1146263
-1006238
1124119
480121
547598
132754
53226
-879848
603049
531735
393067
591808
2642543
-236434
152853
-542353
506647
-392369
-658221
-354191
167014
-87531
476519
213494
1158378
1367813
145944
-1049367
45556
-1149697
-769123
-276189
1503095
-505000
2014683
-68040
1373198
1225052
527606
-46580
511815
787056
844416
426111
-652103
-897949
-1767681
-1198082
735508
-69722
-443543
868540
458140
-236353
-655904
389011
1412489
499593
1395945
-279625
980033
732406
515110
829688
-1187131
-251241
-974077
-460742
-484633
-363267
-359108
521295
774946
1741037
211835
6173
-224811
372408
-163072
244669
6807
1007053
2021507
-94585
1454654
790401
359706
-153679
527968
175365
901806
-68009
-1131327
1250052
-688194
454697
-121919
-291235
-544151
-891125
-805712
-227208
-110278
-773381
837799
2104213
225598
-677607
-1437742
1593731
1982449
1104149
-1582215
188512
250058
-96285
-924748
264053
-1272003
-853305
-426398
-1725449
-1330435
386879
121728
-192422
882961
-293725
1219134
-766960
-66012
379643
507792
943077
291421
-141069
1999710
1908477
-247820
1352615
-535387
501829
-546997
1989706
-604896
266854
1274092
679991
278945
-70394
285101
-3636
471561
-329545
258635
-92077
-298704
-330506
935130
107709
-215597
2517937
-674295
-147843
-301614
-411780
471036
461482
-1045522
530229
-710740
-494609
212385
-702862
1655375
-491242
2085568
222401
-683007
-786862
1234636
-205628
-1034726
1932729
-1015475
404242
-195679
-179234
351828
-741199
450446
-1014990
1771345
-1347390
-1166869
-608646
-1343486
303765
-129246
743334
-643358
-992326
350522
366621
2336025
-348090
-212255
-1143035
-238746
91466
568331
533769
-50155
-934275
113311
-4871
1160499
260999
209855
-848192
-432697
170372
-796674
220566
946440
1796193
-517743
-1035015
-776899
-1725146
-105526
523982
2260347
-589981
-164406
1163582
722487
-616559
616547
-424188
401564
2128833
245659
1213206
1376186
2084128
241236
230655
69339
458061
-71929
-913004
-1933427
-57849
-580385
-57117
-162306
861960
-1515534
2040238
1388463
-309648
1133459
1057714
-756979
-801162
1092457
2499449
-1685362
415581
1319583
599492
-113768
-153094
-219761
-657204
-1170716
-372334
-357444
691718
-162984
109549
923075
-1420940
2259605
606580
1771477
1031696
-225480
515458
-436464
21166
-400701
1930839
10505
997338
-837677
526195
-900023
373205
-1859787
-845431
-544664
-683006
-764203
1466474
1062873
1364153
1672426
96213
-1607290
626379
314569
-6723
657862
89306
1241806
-676484
-462890
-797788
1464810
-948690
2658628
-203341
1198835
1393871
474597
1245199
1014622
1953072
1237184
313973
-657479
274837
-537397
510610
250330
-1949820
996950
-156876
712764
495349
672939
222999
-1253578
-374351
2260183
1601137
514940
-1297821
-398952
-1339975
-863898
712716
-37921
-496920
-328650
279343
2123242
202068
404273
1987880
-380772
1353783
-1664946
851478
1155969
-191509
-385075
-427929
891043
571901
-1307422
808267
1091906
231739
1295036
-118807
-215874
-821132
-874494
280568
968483
546737
-1795092
25936
336321
936346
-1025037
-1156542
1574728
-436678
789817
-995469
720680
398378
183170
430029
487666
-808206
602205
-1280351
-377164
762123
-379561
-1172088
100113
-825495
177512
33088
-174448
-2283716
122800
-441264
1091220
-696625
1284258
-940475
879575
201074
371405
1512958
-88494
1445568
1295931
160377
299709
1454853
-1214742
275840
2142712
-472129
167103
-501276
-61267
-28462
22523
442077
166678
-474079
829081
367926
2175623
1351369
-104184
-641706
521812
589671
-1491654
1069229
-859916
-320779
-418344
816016
-934537
-1467684
-124138
-517442
-807021
291336
226668
-342693
631054
7543
-790092
-698863
1360452
-1085534
-1355432
552680
132888
675117
879463
2016125
891224
1238113
-1632217
-404549
153283
-624877
257805
-728256
-779385
235192
-814663
-22052
-850630
914258
-575634
1687630
-103933
-302156
2166974
247461
100291
1701267
-1230797
-992185
1224236
-546785
-1237342
537172
-638300
-580520
-496250
235225
1009955
989792
2292720
-1120703
-137037
1142088
-686413
-271157
1747026
-199571
61822
-1559219
-332282
538329
992736
-840753
814969
1118671
435225
334301
179091
635702
740849
-990755
585577
412989
-992075
262444
-1771815
-35172
646083
976455
586016
-255379
-2059769
-454977
203727
718968
443873
-432153
-788782
102231
480426
-1340556
410265
158204
-283592
-202420
1290627
-96468
-341824
-508550
812284
191997
646818
508845
24147
-1342570
619285
-908384
2645688
2539406
-733707
-136341
225579
1737797
377790
758789
2462270
-311205
86219
-1826352
843312
-795307
36654
1249218
-1814488
-135068
-968799
-1090895
-1367448
-1502338
-1068482
563045
419385
1349905
392516
545911
-526789
-635176
-545410
-321522
50578
-1061975
740453
-1496032
132389
769186
-887229
1983445
-1239451
1108728
-1187572
775713
-1246468
738016
-775894
-428506
-600676
1529930
-657694
-426297
-487326
-225148
-361871
1943787
967552
-29114
-385566
-1116814
-85519
469660
-811031
-1143130
-533349
965909
-508576
301366
-1150280
-1145684
366176
1260337
-82158
-1592553
970850
-958934
40390
1227460
1536515
-210273
100261
-459816
-422768
-1952300
-205339
768415
1352571
-1090460
-180360
-452331
-8495
1242712
999688
-1615723
-92559
2020439
-695646
539318
-709101
-241645
616981
920483
1026520
-78051
-322490
-1486438
-908307
-1728856
-1435258
1056542
758224
1064035
-68627
-877776
-23540
-797736
178751
438996
104388
-164963
785150
-133791
802290
-1135748
139422
1037380
673569
-431385
-865327
1777755
-60862
1239926
-283369
8793
-1100692
102217
67212
3185387
-656428
852498
-1271026
1309377
-353593
-1613683
178724
664734
1227850
-442381
-1620372
1674576
1165202
166410
312904
-838556
-546484
2864396
-490881
-453782
1671208
-1763488
-66321
497565
1574677
1419170
-467695
169416
1110187
882101
1111300
-613513
129180
1051813
1656759
-891106
775538
833232
1627224
449111
-345220
-518192
343222
-882676
1834248
-182221
274691
-1469761
482118
918349
2426058
-30566
-7307
127797
306563
-1418428
-611026
1315782
1053439
2169012
-1999552
-1146895
94118
341839
-923518
793186
1034996
-560900
1791752
374728
724507
-710426
126130
-1211383
506814
438334
1819325
304748
-720275
798277
2565510
-789916
594319
-264305
-313877
-397385
505653
-1510693
-81246
12847
-296817
864946
-1135974
-526555
1220533
41876
-264436
628320
-1727168
560463
261024
910475
-1139431
95546
835849
-1339867
-1323810
-1446730
-819383
574479
-851193
-781658
1010232
-501265
-1587393
-328282
559334
1561759
872491
-873809
203174
1781449
384975
-637031
-569787
-304244
-418254
2218451
-1261318
508268
158865
519025
389784
48655
1362277
-835959
1581769
171902
-924654
279094
570734
1846647
1151629
-53138
-511803
349836
52579
-516742
1472169
-199856
-328435
-1360548
-568767
728879
19585
-292048
50950
-86981
-685697
528126
1315269
938671
1125902
-732075
-543329
694304
1119028
715353
731989
430919
861509
815667
-831415
1832830
-77348
1286040
-439315
988525
98707
611019
-575163
-1078778
-930918
452424
626463
903005
-261859
-480160
-1629744
-1108114
314777
514639
788054
269030
209715
1227323
1113544
-1570115
-81312
-714550
-1508900
-1445996
-456719
261953
118594
1327489
-1414761
111711
-61656
-958039
-118302
-357877
389034
219228
-441626
1237
-109819
-382495
35731
579493
-372475
832134
60063
-658034
-71307
-643573
-1633140
-994078
-994350
-218739
234668
180495
-1091030
-57
-692389
650150
562926
312476
1362217
308866
-421349
251731
2406912
1453926
-216801
1359143
1398196
-2055698
-83447
-304814
364498
718853
458675
52745
-1520998
-421357
161232
-130117
1568851
-642315
441307
787479
311576
-1024456
-763141
233355
-955799
-898683
-781145
426082
510252
-821989
-571645
-692947
21534
-38195
1655499
-70304
-1208008
-942087
-342233
676675
-640950
1120125
-18371
194120
38696
1632396
948041
1314958
1550462
-346487
2120663
988863
-1296018
-1477429
529713
551102
609624
-862788
1260132
-1020047
352600
-98930
1239607
-2345182
293528
-674663
962749
159187
822817
310964
339238
843535
1760432
-1496755
2736944
-674070
119274
406341
-168710
-141772
-171917
-931416
55897
-100786
-259931
431053
2284883
586348
295572
-558440
131121
1048081
613548
2787541
-1005459
-527168
-223750
1142066
1823439
16489
47237
497380
-1090594
786514
-69799
1922767
1446936
1175720
-1258717
655867
-309605
534549
1021765
104552
-58981
425105
-491536
-171188
731771
-1104833
633805
1135732
-90391
178870
250397
268514
48422
-268315
-1575
-339184
-1065375
136930
-141837
-1005202
2139268
-323159
-484973
12304
-144127
-141090
-135872
56310
-89372
-939929
1047323
1286398
80503
1353794
-344771
-709807
-1466302
-1327280
-1132939
-1462235
338624
-952591
-768950
1489733
-42935
-181492
194100
-527409
513559
-75466
1096750
2538573
-237322
381399
-424213
796164
168032
1998406
685550
-369570
110152
646735
513377
536980
6426
-269449
174291
-500794
-392155
-947677
-476663
215893
-1132082
-104674
-1444870
-76219
375932
954215
-1516262
805430
254618
-364135
244588
143189
-26414
2854840
-311813
549174
331212
-606690
-1182923
907382
-812725
-272941
582940
-803532
867527
-11975
418687
322944
-769534
-182332
1225461
-728772
708006
138567
1036957
-752052
62437
1030371
-142376
471357
-392945
506130
-49768
-626173
446046
970547
206273
-694463
-1110382
1289124
138664
1931041
40824
217904
271306
-374675
-1669590
-785788
-147509
-246080
-778573
1690786
-1568973
-399538
781956
-540493
-511024
-442422
-1120094
-348305
327075
134055
1437706
-418119
182463
-578327
1578862
-878941
680482
610705
-586215
1615296
283088
996978
-71746
98919
-374904
1249905
456318
233297
181526
1253441
-1350785
-467277
-582151
71372
-379742
945498
-527542
-282361
238092
1359074
1586611
391482
50840
-846453
38902
-19624
714492
143205
2205279
-127695
-311157
32608
-2320061
-722470
135207
739441
-869771
180480
-173307
-519997
770470
550517
887843
-1256486
-572154
48140
-758106
-800420
-1811373
792726
753571
2517187
2160718
792817
-1646758
986184
847710
1114569
791753
-162293
411293
451892
-848830
-1177480
-660150
-893978
-545476
-72105
-14449
-586492
2573029
-1010875
892490
-1365268
-436159
135288
963195
-524605
199709
2258423
-921630
876796
2719747
-1199301
-373757
-774483
801054
183871
83210
-1279047
18452
-197553
942253
-492430
421021
47107
-264334
-215519
514037
1269106
448088
-1083545
186975
851083
-559265
757896
-277068
967459
-486348
-397152
-706961
1021246
438457
-119854
347528
20407
927343
591871
-1219345
2553719
1813754
1078323
-26717
378410
428551
-353976
-946089
674988
587151
-115959
355803
297629
-25171
-982302
103667
-348277
-476350
1203375
-1887723
-261200
202834
-662432
-74977
229801
-1576852
-862740
223256
1306579
-306826
-390652
-309983
302807
-279379
694067
-384510
-475228
915035
-142228
1724414
2747350
-716757
201412
655143
-916049
-1409270
498767
-912121
1078509
-782051
773142
2226734
-570772
-405945
577116
207048
-1382903
1787642
124669
-1219565
-848754
518569
44189
-241018
191495
1977639
602142
-132897
1167265
-83732
519706
1249066
132200
1928995
648490
505890
-730648
-706105
-267085
115447
341725
-946937
1244876
509777
628861
-562728
317665
559527
-125614
469144
430781
904675
-887503
-353145
-176211
1143007
612532
-272312
267690
870813
-169531
-736859
-274297
-968141
355952
-1344416
-1187053
1337110
-1156787
-585865
-239032
-828076
1082047
516563
603223
577495
-345374
-673139
845790
-692206
-1237611
-169154
864901
-153433
1187475
-7012
178198
-227241
-708424
96971
-77603
-379417
-604490
168637
1648973
-1331961
188587
-2820
-1933334
722466
-430602
-2054645
106091
1102921
2165266
-542400
-311197
-264243
3733
239112
1615416
-1547230
-247775
-714682
375995
790862
-391832
213059
-65955
-85075
-458087
1653412
-1058975
228789
476552
1110826
514265
1153413
-1085231
1132248
-1260878
-343064
511642
1562780
486523
-577828
119374
635458
64980
317325
-146310
-1092917
231499
-1591552
537411
-373992
-77226
1250541
-1304668
960237
-354037
-762236
2159827
41658
-759288
-1373000
-501795
6910
-339164
355813
-497106
1948526
-360373
-448003
-411327
552560
2319267
-905249
-1252806
-1460933
318725
-218675
1322846
193132
-1022753
1052480
533443
569470
-1007454
234549
-893079
184434
1380292
378685
-41135
713782
-581027
388238
-515540
940011
-612716
-1177269
-98107
992810
-610992
-618443
-92139
1545307
194201
-55278
65673
-1298650
1353442
656495
289209
2367816
581926
-254222
1330647
743894
966756
59132
-363758
-1232945
172436
46456
115212
517866
-248282
1286684
1746298
1573602
1298390
5383
-458224
355444
-636595
884483
121433
-980211
404031
-392395
141137
321177
934998
266049
-615526
345868
605072
-1156613
2603795
-432465
-554369
27076
602175
-67670
1986724
-936732
670270
1070238
-539351
970980
730570
-1317790
1415617
352418
999739
701393
2087354
578280
341944
84329
-1078034
-952309
423500
874959
61121
584585
174652
408378
828906
-1539099
-1068042
962855
-1753248
-1001045
641225
1095513
481389
78751
-1150131
-173230
-67059
1798541
-257590
-135685
1196094
874040
79482
1571989
-1379894
116079
-200964
1269515
-1348653
-49026
-400299
674512
-833192
-386322
2383297
-188818
-890476
-374632
938493
-417936
1763054
-857661
106610
1257428
705079
-648615
474783
79748
38426
111593
1991110
-344515
-536596
-848277
-890200
-575052
-13284
-225297
-102613
1538608
401635
2313101
966364
343682
691742
402893
-109179
-1097685
-871279
1912492
-186432
-1016496
139023
681745
-763702
-615975
169800
1552213
-250986
-442873
313044
46347
277311
1038180
-838434
195807
662113
-176226
689381
-329018
2312068
289546
-409327
-719883
-516513
-680069
68076
-62031
-763679
518141
376400
-1296368
34700
509976
429302
5894
-166128
1632290
1662388
1094666
-12832
-418210
-855997
-192087
720534
1221277
208401
-1473965
1349585
-217869
36157
-765797
-611279
1707472
412116
277013
-61550
112461
-787132
915476
-475922
1133708
1316790
1475939
514059
1087866
638156
-606368
-389395
142859
1092162
1527121
11529
-479533
1374775
484574
314381
-1584772
1915244
-983170
-280707
395981
-841109
882685
-638674
1519256
-697800
-261310
-654345
215081
-499543
-956500
-104530
-157074
982722
-816148
-983223
708605
-698961
1624469
631650
-502908
552841
-2348756
-1645653
1011770
109227
495160
-1727449
20109
639380
980547
-119682
889450
-559038
-1617137
73640
-567823
473608
-1322720
681192
-1434581
-435863
188075
929436
-1728857
364893
-1540835
-280839
-380955
-225679
-366032
743800
-563538
630741
1184640
1213016
-178517
473588
479656
705559
-402327
1439300
849208
1899570
1653191
-234436
-1314239
-423320
-368432
-1464503
183057
745492
-673312
-819640
-8408
-342001
-37542
-1241579
172481
601340
-525577
370442
-799999
-185178
-1710032
339385
468457
2395054
-515066
970234
72560
-1279510
1801671
1346346
-237697
-385894
290536
-453587
-267837
910250
119707
-867419
317552
-62746
2852993
-165481
2178308
-652747
-1072661
-1276403
1182114
-524345
111989
-591682
564363
-370384
-1343070
-502202
2138316
1814345
364110
-1076953
-1003979
437526
2455062
-78680
1517058
-311452
633051
1097220
1554572
373427
-1162786
1069886
771806
-400023
-604556
-393078
-197884
576888
271398
-843696
429628
471734
-534173
485131
-528791
215873
632302
229199
225265
473326
2987064
686125
-565835
834254
1555612
1211204
175431
-871194
1078880
486840
1083013
-1311167
-603207
-314061
-1245382
533113
397440
-388295
-524494
236571
801487
-555873
-32024
1999405
-457296
-1025634
411539
-838983
-106311
393027
1779380
-722224
154118
-1126934
1700934
2199864
63084
-348238
520743
-48863
-915808
-910201
-1020581
274013
-152950
-1549607
2542376
-590732
-1359545
898437
-381808
868048
-1229139
-816615
-325671
949847
710483
1152863
453283
1063432
-763800
-1196871
-636983
745590
-526838
-163939
-322851
2073705
448266
-1460870
553153
-734804
-1706871
-2278853
-294855
-397023
1173457
-167705
1289853
21277
-2004720
273235
-324949
-436498
614838
-929896
970924
105127
1989535
221731
206205
2694858
1882113
-756671
-592763
-377244
536089
409962
-802538
-1136526
-742906
-86372
1699442
-818646
-734570
589583
-95769
-200011
-1354247
209543
-459344
445937
-518128
-1104077
718696
-978638
-537085
1124498
81587
278336
768918
1882944
27274
-427267
-580957
-494276
-755490
1186709
-721745
1247391
-67217
480615
288059
655928
-294545
392356
765702
699449
-585142
-474373
1344079
60147
76306
-742660
1014363
-637158
1408571
-340407
1780083
-708158
450245
298489
1036834
1732400
794722
822701
-102758
613776
-1020960
1223031
-809255
36581
1301070
1264308
-303969
-15528
-1406188
-878503
2073752
469359
877829
441526
832765
-609987
438341
-181485
687546
-412087
519133
-796667
318272
2929009
-1414871
539598
143555
-496021
1123707
289183
1368228
59557
-83455
187123
-7602
300866
-551380
444233
483023
23447
810189
442173
-1097846
-99078
80070
-744457
2537747
-879359
-612427
-1339813
541409
1357979
606783
2088214
-99279
339274
241787
221117
562050
1237883
984635
-9103
114601
355519
529627
182968
2122220
1034424
-359534
-110117
751176
459380
-211668
644757
400901
-1279833
414034
-438961
349523
503651
277820
1554939
-116095
-161932
-613342
-1005133
-1456104
-316224
-962670
978142
1810806
2014805
823274
2554584
-1057125
612255
-865613
-964204
354985
-140045
-375282
2400423
-811509
873797
-1749305
-173596
-1640323
-151067
-368554
2182808
297726
-311993
-675348
758419
-1116162
344059
1170227
-1347448
1627594
1181413
628510
473334
577181
-9643
-515440
-1303047
127867
-293994
-591732
-192190
1423047
1448283
598700
87040
345024
270801
2081751
-373925
965679
-570328
831796
1092834
2669582
428005
778135
1053015
-442010
-658508
-431558
134270
810049
81581
-1269289
-515711
1004145
195569
603905
1221342
-406610
2019513
94864
-1232013
-396785
-332911
468031
-126702
631499
535801
118896
-157039
487154
162552
174299
-302176
-1214060
918679
-302036
1184054
205225
24145
1081698
-389520
-170485
298364
-882618
-27261
-1600865
-762238
1587562
-1016
-722704
1035161
-1690629
-473732
457600
-257807
111819
2532892
-1352125
21222
704488
-933892
19935
318486
801986
1791556
742987
1151606
2330729
-1883476
-1562854
-234730
228511
-555099
-2082096
-1245732
-292345
-348513
254004
209281
-94226
-1532335
203186
-1185937
695597
-391255
-245591
-446996
-815016
2417833
1229916
567296
-704092
-287842
398524
824527
-934003
-178432
741553
1155398
1233147
911819
579582
174309
-108254
-8016
2096646
-680445
424941
-767274
-784059
-447381
893589
-15474
250430
-53568
-1868825
870994
-1668202
-1078422
335776
-28519
-796269
-2046675
-790988
751905
1459088
1828230
-1042853
1184181
-469436
164032
1461809
-381344
1574273
626015
1553802
-1921393
-1671110
-1652894
493297
-920236
-863897
-865483
-165497
415472
-398812
-912805
-667294
-223277
604677
421869
1977712
-1009174
1993642
-274235
684001
163695
1372990
889486
-1812768
652011
-410691
2082262
-1011641
-62771
-1245480
-385433
-690627
709039
-180680
1686877
422438
1215570
-39232
1075278
-1055791
-535347
520291
185377
162184
-2044673
-37943
395907
-1242911
-1762682
2561176
-1070512
143099
-1245647
-717022
2232235
-192372
-88088
-434099
-647249
1157737
-1239006
-202806
775039
-149449
-1124371
1036704
-1005549
-1578287
910679
135241
575926
746626
1007729
-1494883
1127629
2129539
94378
157765
-557059
180240
1791902
605972
-915325
-41183
-1869266
979976
-768702
-211850
-348869
736807
-2409637
-351323
-372074
-710090
-401962
-1154231
-458211
139659
1308960
-514434
278084
169471
-416343
736153
218428
584724
3019
414046
728724
-1202203
560543
-1625241
415536
804888
-1219067
168806
132862
-484128
2413893
346493
380703
458207
-1174538
493830
525174
-86524
236879
-1408251
141797
2346270
-1424468
-801055
-726652
-1510403
667614
-197880
-837586
-2213180
284366
64589
-59983
2370267
941946
-378360
730554
774092
296395
-1472769
-346295
180976
-512013
1593163
608832
2227339
-981215
1067420
743987
-343735
548670
1740621
-1034640
-1125724
1631585
180622
-151872
333000
-1103260
1046860
-10079
181472
163767
-326614
-945690
-362028
-585746
-334283
2123359
421828
-941528
-872256
1292254
424035
224266
207206
-353121
2953025
-466175
583125
219734
2242836
-249186
64732
-218541
-719092
481403
-597110
75674
791304
-503610
1407979
-1368675
401844
52200
1623920
2154807
-1154718
1174891
-1069969
-1617320
-613169
-1646794
-1208197
1343100
1306028
-191321
-1439998
92635
709588
774035
476807
-1247490
-172618
-1282645
1808593
-749840
-349315
-16016
-1721491
11375
-408549
121926
-1116887
-516469
1370308
-1292908
-302367
-590500
2057344
-1077087
68023
1065547
1185958
-1275734
960954
93718
143687
103543
-1351912
-278517
1116280
337970
-979013
-160371
1604630
-492734
860264
463757
-429570
-1130656
-659662
112954
-118204
-220108
766273
280816
399056
1120143
-312358
-893604
1136720
658313
-14424
-595650
1197899
6533
913024
648640
-946513
302789
197724
63061
90580
218942
-1172176
519735
860069
1850280
788862
2676660
357901
-47508
-529270
698410
406698
-1177188
-1303040
-790591
847545
672108
6244
-63338
-1064243
295091
145831
92879
467629
302574
131663
824458
731661
422679
-392830
2149622
-1033475
1165935
341700
2461853
-1000825
680958
117173
-387580
940805
-1988178
-482637
348415
-556508
-1454161
1996524
903768
403332
1342500
806180
39346
1269389
-643485
-1053279
228592
-1215677
-1147792
-827920
409304
-1660498
1101959
537283
44198
397541
24000
398078
-705686
404395
447488
-649881
161780
-1145615
180454
-667941
1717362
-480578
780653
-168200
287379
-308013
449515
400465
-694807
-414946
1114179
-531920
-177495
868626
-427938
-1005388
-1535033
693649
-722547
-482243
-1649450
1160830
150153
-372929
964164
-192283
2188362
585972
-718485
280491
590058
-613323
-293721
1360113
-34228
-126163
-1018769
572687
945079
724271
408128
717445
-586260
202107
710029
772986
702055
-466334
-519938
-1018550
-755167
676868
-459750
526764
-1322984
1250277
654369
-42352
998796
890630
505297
-1823558
-1307965
848370
291237
-362404
2209269
1297877
-688493
1008883
300139
1036169
-502991
325968
32035
-656360
743103
-1273028
-258557
-294972
-1677793
444357
86150
2058383
872052
-941864
1500939
-460100
-773710
1972760
207643
-1921057
1052731
734957
111440
-644092
381324
-337281
1475419
1114715
1541447
1021336
67044
1009146
1131741
-1580793
-496010
684402
344750
-67551
2573990
-186848
-770640
834419
-335473
783581
881874
-953834
-446710
27584
-441103
1495329
962936
-516673
-450000
181538
2098447
562261
67181
597843
841473
786228
531987
1485246
385665
749230
-15763
-576713
-721899
2260078
-637309
-356855
-1370507
800978
-1347369
444333
386771
1947835
798400
-201436
166589
981214
-144940
-462561
1215488
-1457865
1475390
-1524776
34504
-366177
-46294
-501159
95326
-982151
-927571
-509691
-853366
-148236
-1099066
747647
-510879
1526066
-148146
-1553572
600167
-1089857
404182
396614
735391
-1103818
-1119161
-742221
-1629899
-1009136
-1323663
-373468
1168823
1786332
-1721710
83585
-274721
1695157
-831313
1239855
-231453
-220684
-1082249
1325039
1143241
1367357
1575912
-788175
-108278
663519
875393
-323987
1510227
260203
3102771
979869
1325397
396317
-1307803
-949463
-1931212
755209
-628899
433868
456273
-475652
713017
-782830
-537840
1007750
166080
919718
15196
-813985
-257510
1191114
-448207
-639028
117422
470220
440285
1042491
198995
-99943
538722
-295517
-146420
-1377353
664758
1769780
555390
656819
1393680
101178
632244
-50771
-1043629
294628
21193
235615
-165410
1188265
675375
607030
-1659571
-275820
-757483
479077
2116738
-1082698
13478
1802563
2094806
-659767
-202815
2511678
516099
-1993855
-237832
1224298
46831
1174846
5757
369358
400889
-753545
-446521
-413478
-48692
1776131
-464316
544861
1753368
-496257
845815
209337
-1403349
-252692
2648583
-387324
2319923
1106890
-683319
-987825
2807302
-985471
-8689
2174705
2810886
2097278
-1090473
450131
-18072
835078
504040
-650833
-616243
-1414241
-1219847
606712
-520359
94734
-202840
-506277
-990665
-739662
379809
1016437
-1408317
663281
275075
277388
1170641
823895
-786082
-788907
-47822
482869
284453
1780159
500265
-1478911
705173
570885
2410722
1176934
-379904
1094533
-596111
-491704
946239
-1645614
1109727
75878
369422
-736438
-1185644
1275745
1896669
522798
2312047
-75018
227447
293153
-631869
248017
-421021
1828643
-341867
1116983
741092
-189577
398514
210226
-1265539
-1063633
-162501
2692521
1461543
633009
-1001455
880467
102221
-517448
-1380909
-1294421
-674509
272500
817245
819799
-277559
1353091
1054871
-230303
-187885
1117432
161506
1809227
-1147748
-1805044
387371
-915130
-417005
-141225
1148533
-1106912
-855695
1474880
989414
783966
931249
-461327
-805999
-1315922
525795
1722543
-781448
773293
1650981
-161215
-1198736
-558904
-1311792
2614412
1283293
-201246
-1256125
472713
676225
1151685
-537271
-600386
1132709
141002
340436
1561454
1625964
-1399509
-696636
25060
-324123
2540223
1665278
-178985
1750406
-1190242
-1195599
2339634
-1174423
-997637
-998633
513352
-1277561
1451168
1906954
262098
365927
459540
-640685
180198
-906904
-803108
117145
411140
-992352
-1723336
-86130
-605934
-1892920
-358868
65154
279158
171383
-873432
-809579
-245648
510977
204514
1052906
-82977
7994
-34788
-56873
-223443
22019
338825
-727445
576438
2031454
155130
382728
520377
-1108170
756671
747543
-421471
21711
1021421
201683
899092
182731
-768057
1313772
2338343
1447926
638626
203823
955910
-90583
636337
-105735
1391041
-1512436
-680279
789765
-1500509
1157085
889662
-458055
-329401
-1769
-893588
119504
314617
-85130
-269465
705538
-997224
-62636
2436642
-324313
-560401
2192990
729841
-285537
339806
234668
-92914
1656965
-1073961
805969
623464
-453845
-1214959
-268478
814552
149600
1306530
129048
1043486
1227536
1095851
-229894
-449401
-1773606
121893
-668458
-1659090
-658504
-1086822
2156158
-315987
-349440
3503
-159338
1085096
-525773
-354758
-111669
-1647536
755505
2355679
-1030215
279022
-953259
-191850
2722499
-581406
-1511291
-625829
426072
-1243045
93315
156162
654363
454445
-1880716
-988670
1405461
768262
-51260
1138965
-602147
-445758
-741883
-1068291
704921
289958
2687505
-1147906
133125
919467
93348
-438534
-946895
388968
477014
1249335
897873
1175300
862399
-374032
-787773
-553663
2130872
24207
1513881
-664126
467695
-629832
299460
264715
50515
-784643
-40031
-82904
-253642
-507929
120838
-64120
-123847
2371342
-1932062
988973
-1264295
-1308112
-564487
-651331
-552368
307031
-108695
483330
-756205
1786800
89324
-2271620
-276199
-999767
340745
697705
-745825
1999181
20776
1014825
1156902
-563140
1137723
748552
-278339
750873
-419048
153416
1093787
-860723
2278276
1168134
-512994
-1184195
-700506
-97966
-294038
2638111
2281835
-864037
-1336110
-341878
1338374
-88804
-923649
204322
-1370017
-546094
-786548
-516284
-412689
69075
1105223
417870
1691431
1566654
-161443
-50568
323458
231430
513482
318986
934303
-1106271
-997783
-5088
-1677328
453446
-35926
483880
-475749
222427
-364181
-1459533
1944045
1601622
1084037
2022786
-440041
15314
2374387
-237947
2358518
-1046643
1032681
3052989
921678
-784702
-177601
546756
1931094
-516826
1016001
229306
-799553
661421
732275
145901
1397664
-554221
-474012
892375
-1252027
-599849
-36201
161822
-478822
-161368
-503023
-1617689
641934
-786342
-165815
239579
-1227681
511971
99942
60646
-1521762
15674
520466
1371137
556433
2092207
1319
256784
-209675
568851
-280192
1599296
731947
1042894
179699
374718
1535011
645184
-80935
-209065
560786
-997619
767820
478024
-1622702
2212364
377751
510440
1933512
228714
-610795
2693169
1353753
-480130
-24637
-1484473
2418949
413069
-991086
-1434970
553547
817993
-443410
-1292787
737663
112943
-287913
459447
599755
37935
-792470
-1649141
256684
-936812
873716
235670
678705
2092801
-913525
-402873
-2055407
1646716
1643233
208052
1395219
-50995
735106
795225
150139
403413
-1293966
-1438209
1645883
-499051
-1140162
247359
-1232432
-177830
1090836
289863
29759
645060
-1039003
1286999
-208719
-898635
-447941
1059745
-1171866
-1716398
1548013
1007967
1353505
-506571
-494890
-864884
1715710
394188
1692
-192943
2278716
145825
124847
97023
-1351737
1329651
-55486
701424
165335
379361
-726770
-821974
-837027
874830
2302307
-352916
-194461
-1665903
182482
-1599884
1043520
-907054
-1922124
137838
583872
1187901
676375
-1457184
1506269
209730
334357
191994
-202687
843481
-1222186
1331281
320603
2330272
289562
-360618
1939945
-519933
738451
-1419790
-393849
-791123
388671
-243847
-101252
1107918
-469915
1196588
758765
-1405494
783091
193523
3006769
-52373
126129
-1174249
-1064786
164527
2267547
131385
256873
1194385
824778
-1194272
-986810
175496
814067
-300552
242967
-521791
-658327
99332
-631498
1142697
-570856
-628689
-848503
-805635
681112
1311397
585876
437512
112645
-133709
375180
-1147296
-1127223
-933576
632367
1473735
1264514
-91693
-952418
-1078629
-491205
1571813
896913
541196
1097094
582244
97865
577604
7130
-1551030
-499006
1230633
-1249055
1189874
189108
-212173
1718787
99834
-468653
1201787
1096941
843409
665683
-116484
148874
-791703
-10037
1966
553122
187270
690617
348418
-337129
597785
483961
1386868
429576
-238944
-1062376
1329843
-1968450
1309064
-849333
-1938763
215033
596384
-444716
923074
-1075733
-838238
-950901
-614952
-118297
-1289441
2282969
-41555
1221267
683442
-1070891
1011403
1503815
650122
-458387
-912360
1422425
479409
226455
137480
332016
1610382
-375688
82066
1252071
221483
-1093828
57889
872479
211524
962570
1382438
-1444558
1318850
1558351
1088990
1452651
-72533
-1271968
-1133393
2381411
-167631
-756598
1172845
-1252402
687210
-766352
115025
-638035
812871
-337084
652067
-151023
123117
1433048
249698
21870
774732
203952
-566783
188783
160839
-1809493
46274
-129075
-165787
-7297
-229622
557523
399153
755370
1218124
376984
-962698
615547
72083
-1441117
755875
1056059
313135
1223176
429650
800832
-969234
435581
-1069056
-145806
-1083971
1264258
288150
-194431
1615734
-1424809
928493
-788646
317150
158854
-1363116
996010
-1023647
32602
1413200
-108138
170135
133458
347112
1049062
-516422
1380957
156781
265964
901333
616535
-1100662
-910098
898950
924133
805698
-1383973
1005131
-496910
1026047
-1138487
1892641
574691
-881590
-1514128
1005765
-640926
-363519
-853124
-1028954
2122390
509850
-889941
162418
283729
-286500
-706106
-863194
57443
-700473
2199523
-756383
603015
-661637
785017
-1784422
1989768
545789
-1261072
936902
396291
847699
-1416409
-9547
-1376176
-537678
-1138580
1928674
-391839
-1331448
-1275979
494972
-17230
493708
-434313
-1427850
-878438
-98447
665933
-606316
-385245
366463
1520116
-922007
917989
324740
2238086
660966
2048928
-380494
-132648
494049
-447981
-998276
-1138391
-19549
-216347
-1182223
2108340
143148
1031235
366407
-356768
1603214
-816245
914103
-190684
-650499
-530700
-1016087
32475
-180339
-666322
-658295
919523
1712001
963194
391014
-187993
-387617
593028
1704089
264303
-821836
1258223
-736358
399815
480811
432017
-681682
698998
-461322
-277581
544640
2305532
923099
240715
392871
-502511
1029407
1484875
1741419
-1111617
1418209
1499426
-244757
212763
645189
511758
507152
1151802
482187
-152813
-1022944
545526
-1279633
1679179
1264681
-401767
-549250
911603
1028373
-605331
-753523
-352707
-270015
2565227
-440713
309740
-728937
-941891
465221
-1278667
-321025
11750
-951981
-227010
2246556
-556487
1937296
-1557815
1380796
-769038
988590
1458449
583868
-409200
-783862
387754
-188892
1741419
-325705
2329119
989236
101238
-998822
494149
1105093
-818434
-415689
-619709
119625
-32896
-512895
589073
-81082
452833
335653
-1150822
-169354
-278387
1683077
-918835
61740
-228982
-426228
1622282
106293
-716090
1104580
-660042
275685
-732558
2717764
-112760
-73925
-1198195
221871
-215289
710566
1973373
1095750
486940
807042
1216176
-278295
-38223
1829138
1102959
1459600
-1820149
-1030813
1196296
-1009506
-416481
-385102
-1000501
-183014
-434812
-307637
-566286
455097
1196617
2010963
53831
1090076
480082
428886
-164893
-1290617
-19534
164568
-595922
139045
1112206
755041
-686888
-865231
-1268509
-434643
-343727
-1347603
271991
1088464
459875
-40349
-241060
-1742860
-2014629
-1927069
138042
1532321
622608
928829
-255464
-287422
2152
2065139
-359383
-588383
-240449
-427186
609156
-177302
-179384
878584
-861099
483755
439233
1356673
-1267365
-469961
-287174
288433
-709958
-322604
759560
-823776
2274103
248409
2826592
-261744
272771
-2149257
-1304650
-549587
-869456
678500
524235
-821654
-150384
828275
2542019
1609775
-154746
-255076
-19652
673228
1049657
-355738
165392
-72795
-295535
-1366250
-41770
1535962
-31456
681844
1698956
-136426
659149
470747
1020392
1000148
54723
142158
1280265
1956294
-576024
-163886
-212821
1430263
-292387
-70104
296016
229316
1450570
1160805
950724
443729
-130145
472529
-636444
-1300738
691236
-472045
-1453578
64426
567794
-439978
1314717
3095
1766091
-879966
-468096
-160247
1421186
257213
1876446
-230655
446758
-1162049
-1424346
62060
1777168
2531434
2096731
-633205
-130811
-745401
-398666
454597
1541263
117413
184794
-492860
-1916746
-273622
96231
-793633
1559062
508648
1445649
149705
-345787
-815593
1210701
506885
-972604
-1140603
-630006
-1252719
20890
1038144
956167
-458653
353695
-1068312
1272970
-230406
3010649
-535492
-351461
-687166
43230
-440421
-833204
-542103
-36700
1715902
-173915
-160948
-950691
564321
-1454964
950121
62945
-777375
364011
265713
-381508
1176170
-1163255
266209
-1603500
-1110075
-2115004
-292638
147370
374887
2425965
392289
230214
59265
203
-517318
914539
729112
-487478
-300933
2462350
659898
384859
1270512
-1704426
487651
-452277
-1158871
-1036563
244342
354397
-120337
-914831
742354
-1045114
-521000
-189149
2201229
-659241
531355
-351430
-432443
-1780564
305281
-208625
1582274
1127961
1778656
-181049
264361
-1009823
-2278840
-453227
2129518
178469
-161965
90823
948632
854576
395515
1892050
-665794
518091
-794949
-1032907
-100005
-1782942
-647326
-326048
-458436
-664234
205306
262348
454562
974083
-995856
1369305
-814889
118486
375224
-300572
-629751
-922481
-330007
-230000
-285684
-489847
961071
-146673
-367054
-1061412
-302664
51481
-1492000
-441224
-1406121
-31626
570111
383493
662485
-399051
260136
446058
867107
351931
-981195
-919205
-287235
1245614
23993
-916787
-1851654
-952734
-1630305
-1106979
-703451
228987
-663974
-677809
-1120939
26181
-695637
1177765
-1624999
-437199
-732537
-1288709
1164158
-633669
403965
-917152
196578
1595330
-1139539
1392637
140544
2029837
1627002
1108430
-335765
1850103
-672260
1192597
1059886
-745863
-1435763
-1455674
1144191
1672469
-1142025
-151551
-1247490
2694627
-417734
720160
-396222
1132135
1970657
-1108416
-178907
-507842
-982410
-231840
1993186
218400
896784
-1002046
-1050048
-803903
237728
-22985
94630
1716020
1559012
1853352
86358
-1761410
-610298
68662
-259539
-1672640
-431034
-896569
-1491142
-547847
-1341132
-592641
-420826
274443
-529062
653887
2078857
499241
1801448
450130
-232351
411823
2148251
246769
-370726
1522360
-579501
580663
-4207
198725
-69549
669685
1275187
1040194
-337634
-805567
1158768
1321422
16421
488647
-432565
-2217410
1479636
-228788
327132
1395511
1239862
-136647
-780956
1135124
-222718
18756
753539
-899611
-854993
6740
-13507
283219
-573260
-36778
1109897
1758867
-779541
1779776
-100898
420807
864150
340467
643051
198358
1803560
305712
-690369
677436
1430293
1250912
2230786
1755118
1235965
446357
-548164
1458499
-394617
-926671
-505568
351674
-424586
833694
276505
1359450
2102906
-1481512
186638
-1696538
258488
-2196785
1588292
137660
-317866
1122183
491124
719687
356504
-1790258
-1146959
-714243
-449558
-496814
230843
175347
-465454
416098
-130497
-197510
-1078650
-408426
-970911
-1269731
2131816
-37633
-335571
12953
457977
54619
-260591
-301102
-122224
847728
-53275
-205174
216993
-961387
-513324
2238545
1904783
-968703
972674
2499626
552662
-604335
2161103
792445
-137814
-797337
-262261
95936
-853431
-404078
65064
978819
1660461
670828
757392
207008
147427
1653137
1179269
197567
424722
363197
-535062
586767
1567333
-457308
-443131
-1343638
31866
-916430
-186525
-187627
-839037
-324231
-221837
913150
-1369282
-1192842
855977
-548538
-59213
-464945
1454453
465320
-768867
-1244923
-935763
-1541217
-527974
-714878
-539193
482665
1375110
-950470
178107
192228
162759
1963442
1155471
783608
-1097589
651493
-892253
-1389137
-1013836
-107417
-709443
546206
594503
60241
-360954
971366
-249822
-249521
432553
573552
-1064891
155143
532986
83872
-582580
-1092897
1712333
-742610
-1346404
-962825
-1040805
-398039
2889883
-2153429
917246
849499
1863884
-436300
251956
608736
445703
-664566
-500070
-1057335
-649204
522568
672446
862487
1328481
-24346
-996797
605470
1846797
986337
138010
1750790
-72065
902704
-1403136
-737636
2676873
417400
-1270678
-583430
-283799
-184561
-1629105
1144814
418492
920139
914505
366855
-280276
717197
1095588
557730
764675
346559
633385
-209542
762944
-47962
479459
607577
-149482
-199877
-20922
2205919
1102994
75417
-803727
1716997
24841
-322608
908816
14610
141440
1104237
-617334
-686551
-1503993
1129481
-1035853
-592700
1021259
-839785
235299
-789598
-394245
-1082578
272984
-769171
-89463
1204515
-519770
93223
-1246520
-562112
-419276
-1084609
1224420
572234
-1008911
1453741
582105
-448653
-95902
-1645998
743719
76110
-1993336
-366255
-772589
-583614
181140
1096589
1803000
-325386
-45423
112339
1100598
-587244
34778
137963
1244034
1041601
2119014
1169961
-507779
239431
-132048
-426479
595565
621873
2595086
1365979
395948
593168
585835
1160199
-40435
1170916
238225
-196518
-1075476
-551442
-1300802
-642565
-22069
-1805616
487443
1221574
-1199212
-135264
-258354
1369171
-465222
810511
2214262
1233453
-11673
2997614
491802
-92178
1176338
205581
-493443
137034
-974296
428034
103717
-625708
1173166
42444
279533
18978
-1311808
-591064
-732671
278578
-286134
2093697
2400
-5946
-238218
-1458891
-1682659
-123433
379516
-581991
1500895
-1230997
-450829
1213963
-1177730
-287235
-461551
-1213064
-1774238
196983
2584268
109550
-1419824
-430650
-1538488
-73700
371617
-1523412
636525
35537
2434848
1764445
-124805
-50081
2136239
1230528
105682
914076
-688405
-1083715
253963
-45916
-133061
-581955
410041
58414
226668
-206127
-1554260
-522060
-839715
1353357
-571451
-115036
-132456
1699354
453018
-947230
-351351
548230
-1477562
1806413
-305928
2355720
-808681
1763054
-1427334
-901016
-738701
49409
-36258
91591
-391430
-469119
-685441
-256628
-1795299
-873704
-311961
933023
-1285359
787052
-223657
-1239019
-847144
900483
522235
1376598
936633
-580576
-893296
2039682
-9869
1004416
-88815
-542832
404225
1095132
-214052
438335
858629
1174354
860686
356305
-372974
352811
996868
925585
433559
-1818970
-47459
1603373
-951367
1019543
-13737
-12410
241022
-1875093
-1581721
-49562
2143155
1255148
1242980
1249426
213957
615950
-1929637
492385
1231174
-612232
783439
-297018
-811068
1140155
191916
1766885
-1434019
1468
-320874
198025
-9366
-694642
683607
1610524
-1190651
-529154
-1467561
352806
260803
-756975
-1250164
-926621
432407
878566
1494144
753399
-1100943
-1130481
395093
1462083
1275926
921424
-117301
522670
1270126
-242738
-587640
-100301
131913
-522945
-338458
-1303708
2731876
323069
118469
284080
22329
1111085
-525150
-985712
791415
-438203
-704264
-518485
1118020
-384949
-172877
94250
395567
-1037719
-197331
306618
-940462
-958973
-582503
-297621
-1105029
-764899
-1543616
-1138743
-1261651
-354953
392761
-359352
2846871
246314
407070
75714
-936672
65887
-124136
6173
738988
419791
8209
-753393
467763
405872
1315158
-936588
1432537
-743148
996683
-94547
-1011275
-488177
-348683
2490702
458395
-1394326
-689533
261890
7020
-692533
1189912
-1094383
-498424
495473
-936270
-352597
525272
1928593
2028694
-1582205
1225607
-1408777
486061
308644
1499808
-273200
1218032
30035
-1054159
584661
-1179079
-273884
-132813
1102381
-1640396
1844692
-1183344
-57257
1207587
-803717
196688
-333917
1429933
-1157539
-1007159
-480140
-697209
-1231875
-873896
-1455298
-224055
-1511533
1079786
-978919
-840791
-1331715
-243081
-819009
1483335
865715
1909076
181101
404871
-362100
1652009
738698
-1245721
1253396
510075
620494
-1417062
127643
755834
-1090336
-193677
337533
661012
-476199
-1273141
1582180
-1522737
-439511
83441
-449631
1022391
11935
114623
-1011837
-305949
-349036
-615678
323340
888910
499480
-223245
-89053
-628779
216981
-511228
-395819
2314344
1401367
-1865342
-115850
1143278
-44060
735765
959041
-1381026
742073
2421390
210534
-672693
-2236777
138177
232207
1139820
623692
2154859
1807534
-1003555
713463
-282123
-887860
1861561
696857
-1295780
871371
1244909
-243027
849772
-249204
133631
124313
314462
621875
40348
1637891
2593429
-40680
173404
147369
314242
-509324
-18286
16586
941272
-228149
305224
922465
1091034
-215335
129783
185851
1607669
-426944
1941766
-902481
-1292383
-36908
724467
-874671
-750097
-423608
-640973
-1218153
-501929
126718
-1054953
-155665
361220
1170633
711595
-202408
496912
-1809781
152115
-500723
-438110
-1324600
267829
438720
2295871
2082985
691858
-2433033
1634562
-752147
-623866
-201614
103573
-1034167
1923904
-1196513
2446874
614567
1634221
1581423
155249
469621
334265
-526145
-1605447
-559078
-40019
896421
150836
33886
-27515
14602
1210459
663376
1286438
-558589
-1611582
-1403009
923291
-275118
-1210805
999272
469983
-908584
1168798
-846578
-157731
-626900
346491
-450250
2486335
232507
956112
-790381
-1151926
462426
-614028
-204587
-799593
-1032852
-1079180
-314600
432374
1796958
1163961
402232
996164
635796
981661
1376280
-1845401
1295612
-11484
-167365
-981533
2140691
4530
2416439
-1453500
-585516
361686
-492870
1859330
597183
-603500
121395
289946
741990
-369319
-302464
-573135
715330
2398381
506779
-418957
576996
-25278
571006
-642890
-1069561
929902
-504731
-443623
-602802
1026495
-648641
315739
-1901137
1018514
608736
978006
-1033883
-58987
-1402206
-1373527
1903859
1534504
367872
499613
1034424
-593005
-572098
933854
-23795
290043
-505511
-1484446
1863140
201074
971707
1242937
-683461
-519333
-1118180
-928570
868722
1864845
-1862118
1224352
1596551
32438
-1081442
-609809
-1707219
-805841
1742608
-307034
1402601
2030853
632970
88633
-1217775
198814
454587
213355
1268451
571113
1632636
327576
2053075
923087
-895576
-936618
-282943
-143837
-688938
11137
1543893
-405611
680151
-239471
-387406
295026
-1362177
-374410
146311
-2134951
903601
1418408
-162310
-455632
1094358
-58794
-1024435
1055704
-336890
93999
-1047208
885511
-1037098
-42281
-274699
2531794
-1379512
255288
-200615
170205
-1183172
-734786
-800146
284382
1263585
-537333
1357890
98062
53224
-1048110
1117725
-93879
534609
-442781
614169
-227251
-168375
1485134
-197219
-590531
-586872
1555337
108562
-317992
475716
2878560
1418866
1024345
-161111
-1342391
-798789
713735
135465
285927
-317355
768803
-815700
643265
485132
-207775
1399299
-40426
-215761
437498
1181456
-1033311
393566
-1752037
208742
362816
427818
-245796
-800618
2055916
-787321
-1167383
-647035
-768771
-393636
720942
-859885
-332987
1497056
-1715338
213293
690610
-1292872
1504681
671952
1815678
595612
603364
52455
1753308
53708
143280
410180
1368190
-956858
715277
2001380
-72438
-725885
-168137
1933034
191205
-523992
635941
469410
68037
1531805
-835263
110543
1074955
-1087336
1031897
-500337
-131044
58169
-351079
-1759662
-1196272
717201
715372
-255220
185445
-461133
-467252
-764381
-276464
-1080714
1220114
142444
165667
17987
-341991
-430591
-765265
437217
-320113
-530714
-1700824
-1326349
-183743
-702813
932154
-326337
-549732
-454846
-142075
348832
-205087
620484
-255669
911196
1348919
573068
-1296260
1348250
-296045
-1203708
242795
-190031
-298967
885778
763006
281654
-575254
437530
268729
-433295
-424627
820711
-1391400
605198
-1641414
384498
158720
-69441
-79643
-301130
258103
-1792111
1107854
683224
-1124710
-149233
176960
1694619
-250232
-665145
1649114
-2299958
1839316
851143
-766618
451070
-421598
278424
-1018608
-966579
-179115
-485384
-751453
1405169
1690784
410253
745217
-1525173
846261
204619
-1560669
-1141847
-346354
-880753
-177926
-227296
-551717
-1031950
838348
47775
1738758
-842652
256862
-2157548
-407308
-930272
-98252
-547510
969950
1217107
-669203
-38210
-583874
-765628
-180604
-475762
-813079
1563759
-288946
52914
209885
167902
254879
67629
986151
-389599
-1274540
-1530235
-1316328
1648944
-117234
1830595
-65082
1268849
2027584
231033
274428
-955068
-1220434
747231
-127970
338347
1131570
166398
2228257
324986
-1120775
-1187666
-146994
16150
-188321
-403560
695485
-83155
1776369
2207768
-500865
-240488
382600
-90178
-530708
861472
454784
-319651
52922
723687
642875
-774058
-119485
429485
-761295
1021685
-623417
-558659
278249
-351198
-1314386
692799
2398715
-1163121
-600639
153220
621358
2159453
-72082
859545
837837
691718
-270084
437244
-1129252
1111124
-764528
1464754
570405
436847
906282
-1352570
1105650
289626
1324117
656446
490439
131742
-254281
602820
-1524628
-113155
488965
933358
-56876
208896
411810
767521
197137
-574504
1310368
-1705507
-856703
-504118
1082224
-104721
25066
314689
380734
-769184
-1258670
1028174
120962
667675
-1725211
-1341950
2443964
-223458
1180544
-331770
1220727
586382
-178483
1930373
1449292
-542639
654063
250324
1118035
33962
-275570
857350
-8356
-812370
979705
97574
2391896
834432
374763
-1811943
300039
-486217
381223
91998
1467788
-1128822
463510
594617
-392848
1971266
122888
359689
-497229
624798
-1237703
261400
-1041831
-717994
-50185
473687
-194827
417830
-453208
-234675
14112
-141945
-263368
95093
-1276544
1868244
323918
1290885
775329
-128133
880978
-82570
864090
-878866
1058149
-1152774
-341254
1163807
-1033010
437130
-366900
-872423
-1062320
-1680822
-262071
547417
-461671
-218075
-859024
315490
1825237
261209
1022399
556454
-465311
244367
-34772
68110
65976
919414
461278
-86515
-1333058
1713974
1061852
1605656
68426
-261614
-245289
-739849
404017
-343843
1705762
321370
-961207
-1615271
368931
169446
1168317
801639
411150
-522551
-364330
1786215
-285578
-1242828
1110050
513783
533257
1115546
522299
562570
500809
-757156
424815
124352
1129354
1075613
299721
-490224
582874
455771
-192512
2046836
493402
38180
251333
-1662
-603421
956711
-25147
-613224
-1574382
59313
-416165
965942
-595623
-678284
998631
-97368
1196506
845178
866439
-1577299
738703
-1345060
-1358074
-793799
-1902637
-295799
-52027
230846
535037
49393
393178
2329832
-768184
-185797
2401218
-290782
-581215
-1118123
356456
-348162
2026571
-291444
1985500
-136921
183380
141581
-1028469
-1113878
37598
146648
372272
-1823293
577695
-634703
252406
538471
1294563
773091
-219164
38239
-126651
-433110
1267786
434412
78159
-430148
625209
-2201125
1008344
68627
795103
446575
1074592
-208911
-814782
-584780
-1434293
-300238
182995
-1049768
-1011041
-145233
-1421214
2570465
25697
2454994
1771347
768381
1652730
52040
2443580
1060300
193102
172606
-1017701
-1216690
253140
-95023
1241448
-1180484
-690292
75138
-36501
230543
-373142
-575252
424151
671882
-1721506
-175584
-815670
754104
-184816
-449431
1218393
2284923
1040973
654636
716131
2042012
408766
1807041
344302
961587
-116042
-81179
-603703
-296936
2230268
1781919
-267724
174248
2188080
-243747
-228677
688118
851810
806221
191944
-323359
-1338019
845169
752336
-631765
-233472
820826
2062006
-484385
432291
516591
1375019
249505
-329043
-847028
-827714
1076004
-560291
1906507
-682095
1230281
1963998
-507968
2018900
-977760
218260
1299070
-30154
-220536
357499
-198940
395085
1990525
729485
-306516
553967
-371147
2155455
628962
-87856
-488896
465068
1087345
759339
-1266657
992183
-493507
802625
-37275
1050352
-987962
-366361
792657
-289159
1405558
-1198316
314364
794758
139022
-618018
-490562
-73114
45951
-528859
1983172
813761
1083712
1705372
749648
-304423
1155447
-105963
-316468
-999673
-843708
707881
16419
-572754
691354
-1620397
11394
1589347
-96410
-515137
214822
-1049503
175434
194638
681054
201891
655245
-1541866
632449
-834080
-890189
-36303
-159610
997626
892763
1051314
578955
72416
1795889
-1289820
2126687
-117189
2351404
-292902
-847136
-129173
571252
-1506442
803079
870970
-537736
366169
-299358
-6935
1511135
-803843
-240903
-285274
858093
459517
-1751319
438312
848136
203937
40188
-903939
-847553
342071
-864473
-269306
201417
-235927
-111694
1178484
-891545
-1485067
604038
866310
683877
-1752672
32877
958419
1223738
607041
352684
-407779
525354
-485193
-6771
-814555
-1955721
1745829
879048
-192117
-334908
339754
-68770
-51773
226000
1028919
-1563527
-767082
-1048711
506867
1088313
-156883
1887926
-1230680
163689
47979
-972418
-419940
-577692
1170064
416629
1222531
661938
445807
-1132681
23287
1121084
-338621
2662098
384298
-205886
-1600786
-384164
-55964
-329463
-407488
241452
-796260
694415
-128801
1089887
-886739
706214
404693
-221128
-386713
-106182
87028
1227512
34040
-159004
-1166424
-1335626
-443633
1317086
1227186
-390893
-742592
346540
83111
-847091
95939
-875503
-1218044
-631242
-544933
-502915
-481535
-511918
114765
1078091
821226
655218
-362423
673753
-1061997
-62016
-882571
1317919
351738
1276892
-783090
-130555
-168188
-364728
-1772114
147018
1697179
-410588
-440359
952560
1283366
210167
-1705133
2580452
200388
1314052
-251565
-1521481
1417356
-174834
1013261
-188580
2030893
379129
-482765
734423
1460248
567315
834789
105335
-102911
846108
-102764
2794750
-897730
613557
-589817
854835
-1408707
1366838
185602
-413757
-623335
-630416
-817548
-308241
-258076
-992469
1137411
1022317
664203
-538588
2007219
2891339
-746520
-159993
-745326
-379041
-1388032
283756
1589745
789449
-165084
559067
-1089310
-525773
1057876
-55698
-59077
1878548
1801415
413479
-316124
27632
2267562
-1916322
-61758
2137168
34673
215381
-643194
-1038423
249359
-700779
1541708
-1473229
1002750
-782751
959821
1429753
-286631
-345152
-8702
-509274
-172282
-1009248
57136
1206273
-1313425
771308
874518
2581833
892750
164789
-351192
-137827
-1107255
574045
-698930
620585
-2180632
-373597
1226609
-816659
-349402
837028
-545396
736091
-659630
-392710
651476
-121772
672794
550040
-341965
-758907
792652
-327070
-1863345
-122464
2229251
474061
1472605
-1285209
299003
-585575
-546299
360836
-1655224
-1456045
1275359
354745
-1279482
-1244358
-75611
-703912
1367267
665891
-1074701
-1819716
-115126
-1131486
1405094
391122
101664
997190
515068
-1179910
-1262533
1933055
-208859
1147666
-280007
386529
1446054
-539156
1007905
-450117
-387917
33618
-1635049
1952832
-1195514
370649
-146625
-1306437
611509
1014295
1043465
50102
393030
280827
54984
462242
993201
593886
-646608
-838917
685808
-158718
-980558
-167145
-404886
-953971
-917610
-524675
654362
-137728
332817
206670
1604090
1272100
1622846
404348
-601062
-763325
1080056
-749245
-783061
-66171
92237
206985
-552000
1406549
473308
402939
1256335
137621
480767
-697571
-292151
-929614
-253047
1128218
1132486
-639645
535088
404443
-1289469
404878
1032225
-578250
65285
68943
77208
-1710546
655772
-157201
-193621
630426
1021284
-42798
328121
-913929
461069
470647
964085
364011
1813654
33279
-484957
-98547
909410
1846496
419788
-1297181
182143
-570889
-1443030
363926
796790
1344654
-63329
1278528
-639424
1776068
-1532298
390396
-744297
695872
-53019
1355999
-526889
-44306
-1257939
561002
2356172
681464
-127969
-216202
-1685727
-1405829
1093567
1913836
1269000
1972534
1057390
-609273
-393769
-696845
-218506
-312615
157209
-119534
-1996401
-545902
337793
-1918462
-69254
-1489837
677163
-985908
-709475
27062
-962968
-880209
-988511
1387712
515551
587112
-120510
2149402
33953
-251237
-526905
-199223
105758
-10976
-1286814
115395
-1141541
560844
137307
286594
52743
-816932
1019927
769795
54238
497
58044
121304
-618415
-218203
710634
82024
-521320
-1417037
-738582
-851474
1168789
386667
-385849
708835
-1411167
2601764
-358256
-235781
-1030338
-204699
767927
193078
-290255
167375
67776
-503120
-946271
-392059
-1660819
1013322
-120467
989681
932008
258924
55214
-651582
-153557
905607
-2005531
-217753
-1809306
-1671713
-22854
304574
229751
-110370
1648386
782147
2538076
486117
601937
658915
469517
1101291
183035
-830463
-949495
1357150
-196899
398174
-245836
-1220616
-71207
-964380
404869
-1472420
-20280
46074
-1325825
101767
-654107
-351214
202723
-1165892
-56528
33825
812437
-1794809
2020573
331028
454110
-47740
-779077
626961
37744
621988
-1504296
451790
-1631372
108348
743536
-129809
98828
-256765
-749128
-485429
-1246215
-339408
1345745
-1404724
-729764
-251451
-450894
698861
1174935
-1010849
-1071084
-346314
479843
943050
-722383
778977
461861
-983661
-434946
-49692
91187
648221
-803425
-623299
-103336
-447750
-1046608
-476904
-565897
-395034
-1036233
-112283
-618745
-7150
1777402
-932567
-226403
-688626
-212062
897848
2281554
-299297
1489593
-73196
1155628
440824
539997
123219
-241859
-843293
-510338
-71190
1974112
927636
-731029
807099
660025
240209
-885354
-1636395
-758873
77295
534717
1256634
11383
-202414
120688
21805
-265484
1065883
9191
-52916
1263401
-772244
385827
2166524
435509
-89092
-273790
-699026
-369362
-1083750
-1364416
2760150
685024
-4700
-891575
-1619641
-964256
562198
-1274713
645594
-587446
-138411
-278719
-1019940
1025131
940947
162230
-937167
1194153
1608788
383997
-1617001
591295
1101095
47851
-23513
102184
747544
-721088
-360480
896299
-1032313
676145
-669863
-721521
665607
-149730
704577
-206916
1398008
-338217
1743609
852746
-299044
-105174
-1316706
1047595
-494314
1207252
-477776
248410
1544510
1077284
-1152382
-506753
793081
-1245371
-1470889
-687219
1089466
-137927
-289259
-519303
-240183
1390145
-769293
-337765
-1225059
2096823
-267796
-528074
546112
367970
989774
1558300
-1470870
-197015
341891
-3032
-1628310
846363
482573
-849258
-225476
659887
-60197
355603
-1275425
-302541
-611109
204581
-536553
1669935
-672919
521454
2013975
-698467
2072147
621313
363051
-641853
-253266
-924153
1563270
195005
-344586
1319285
19641
-130791
-116547
225585
-743704
-913314
-1100937
664739
219300
-1528483
1006066
-137145
2215727
-505761
-1224091
1429400
-647775
486054
1584626
-872192
-476924
495089
2642680
1582149
-132526
150551
-114282
1478857
-619391
-686651
-413352
-1319990
-785632
473421
-387645
-63205
152464
707724
-687407
855695
-303408
-682384
-1107197
-1309867
-1234863
-556581
-279977
877126
426966
-899410
202834
-864786
1794406
36323
-1817890
-996523
526197
-490406
1820283
481075
-316623
624348
-1589108
1150597
1065597
-1982713
607442
123495
-866471
1048517
-1554830
152536
-190652
163133
-123360
-1034247
111092
-269585
-110204
-731866
-823493
-1335638
-1542775
-161480
326485
-1149771
254356
2209511
1011179
-161272
1374993
-616456
-1070447
2398532
208817
-938775
1007421
1032727
979996
-1141723
-1203894
490608
954223
-202056
740396
-850842
202500
259160
924617
1253544
98547
-1211158
1736603
-608465
-487588
-1394097
-1328
-942700
235805
-296339
1533859
2739292
579962
254209
-52707
274685
-1248020
-326814
-432460
-194756
-590149
1344985
426300
774376
115681
-1248380
-252365
-403276
244186
345194
821962
542463
1863015
1718633
-151868
212002
978481
-939809
315735
-1461340
434756
-1375958
600753
2952800
598940
1937137
1177534
734196
-1147708
-720423
410068
-286432
-102010
16250
-333935
120799
-1031807
107747
-35400
1037397
-696453
1039210
391163
1554772
-1452600
353163
344310
302094
1202315
-990868
904326
-969697
745508
-897759
-672225
618683
1035346
-508751
-108374
-726980
-449346
-69745
-582062
-1203517
1714785
1175329
1369264
92089
-664377
1106588
-253876
-684541
-37122
199216
-23361
-943088
1323428
1686292
2012938
-1071740
-620731
-999727
-1326654
515458
-1343001
1921300
-315183
-97239
-29957
-444977
-175813
855908
286601
-1135890
-460276
-607549
1764767
-960817
-304067
-485615
-927910
1074772
623288
2033904
-30278
291421
999153
2679564
-979624
-1176676
-452578
186406
-445457
-676378
-1162324
915359
-764692
-199136
739083
1785
332334
172587
1663025
596622
869725
927665
875149
1072380
128303
37567
-1074941
512031
648021
290160
-910089
64350
1391034
-1219311
-497788
-1618853
970040
-164082
1373437
-845079
789817
968423
593874
1790821
-396816
-789029
578372
162607
354886
2855040
163784
-291716
291519
-1072515
2133210
-283835
-357266
228343
1732007
757128
-540787
-185209
-34609
55854
-1655857
-1919693
-366435
-553564
-220254
2273510
313026
-1119761
-2264839
-664495
536865
-24580
-1402557
405259
166690
-888957
-45166
369754
92829
-404138
2330093
470255
1294104
45830
-1219940
-599656
-909712
583570
348788
-643122
1631784
463592
-1218168
2187845
109733
878129
855414
2267299
-1464244
346311
-80916
-100439
-400618
-291033
385111
-740257
949675
-258286
2404786
-1262564
195579
-891439
-2111349
348923
369653
2062050
879359
41198
2111893
-1549999
1077352
341251
1865741
-281917
-1270723
-335772
-245118
987329
-735893
-1086115
1125285
326047
496504
1358914
460407
-9510
1106389
482107
1314841
-225642
-250765
-1835847
688860
477799
-632634
-1720675
570953
-362450
453100
-708164
87761
-194532
340589
1657996
1107354
-909900
-323342
-612251
376318
-1503801
401918
-42377
82535
-156402
332323
1844151
-1432276
287575
-668772
1388670
148975
1194667
161236
-426064
464309
-16713
-394883
-1350502
1766833
-935145
-874145
-548846
2063314
968030
579296
-1730714
-456512
-561909
-793905
2177090
-772284
604344
71768
-823438
569598
-650184
596581
-148975
-514198
255664
-370893
341695
1217883
857278
721916
-205880
964412
-1190366
-310080
1225826
-83390
599870
115264
611138
-696508
-273942
-672291
-1105837
192242
561521
-1626772
-386401
-1115371
760058
225196
332002
1549378
-1029517
1492931
215032
-541097
-35683
-520969
626257
-506954
781638
734874
34088
-606828
-1001429
818487
-362289
-1308872
165471
-61606
1217180
862361
-1272415
100769
2324199
-247202
2397737
-372017
-1187040
-1336783
1822635
-6133
-21389
-44865
-737387
29882
-3682
-270958
-1499417
1610107
-1032908
-1115767
-532567
-748853
2085301
-943353
6766
-1102954
-659716
-371987
2750809
-536203
-1206713
1968388
2764768
1534241
-715291
-210802
-679096
-75864
-787
-72111
26822
2135015
-491555
-68119
-219769
-599201
-577133
1127370
-354954
-76675
1092880
434727
-2268633
-880495
-841169
-337302
-739159
-343323
2155920
1056180
1326553
-1436218
145690
336759
325884
-328078
641634
175047
187496
-917731
1974022
-911169
-82423
-654503
-649238
861387
867265
-821204
1161231
382662
705674
-147668
-839121
-762594
-89260
441962
71130
1016990
143251
-427733
-412601
317592
-332316
227500
-495813
159884
-458673
-1480604
84314
638376
-562767
-873707
-27654
-1409223
-676069
686803
144848
167958
-384180
307337
615097
858910
-339760
-1224956
-92569
-579353
193479
329568
181113
1679793
-786899
-616198
-947248
90237
14007
635246
983665
-863815
306370
836765
1320762
-325383
1085915
1540585
-1825485
912800
66141
-378978
7020
2397268
-431831
-660973
557182
1418500
948104
1034422
812826
712294
-208676
1100418
-772551
-803339
2416928
640506
349876
107089
-1360043
248076
1472574
-962252
-461682
709569
-1306442
365729
590989
1758373
287504
303209
-187116
-452439
1987680
1723543
-192106
-1523535
-959212
311527
-528177
743240
-736571
45668
-941898
-927502
1242072
-633358
1864374
-177834
2071454
-645195
802530
-373677
-1012621
240620
436953
-1005092
-1450438
-1361000
261942
157491
803849
-834442
82354
-583140
843134
2701915
671146
-1001192
78544
196029
-157845
-411216
191419
102601
-1000583
618921
-122418
-1463173
-2277168
684709
-321930
-766742
-618302
-1637731
692208
-936442
1570005
1061463
-78006
17178
-1383728
-1416578
-55980
-1309933
-588930
1058645
106376
-166256
19573
662739
2095039
-913755
-1232713
-472580
769600
-733108
-677105
-2004532
-406823
2333537
169510
639904
417373
376137
-284011
1068271
-79512
-48021
-85899
-300297
664268
709363
1581386
-1310357
-1755884
-9441
-2054034
184028
674367
939056
188394
-551031
1554516
-1034934
-37727
318724
-235564
-1353402
21841
338808
-2015530
-275647
541943
-530504
-175307
455106
273036
-82593
1990966
223302
-321077
-193576
640518
-194868
-272217
78242
1899074
921876
-102669
-898421
342448
421055
-1634996
1112690
-851781
509977
-1182383
737199
-102276
-1704708
-596841
-818931
-70855
-244406
-380934
2861
1634881
-409224
-817167
509341
673946
839938
-14118
637187
750109
-452794
-817656
-1219739
911464
-232368
-332380
-301184
-749200
-1533450
-192967
-1574175
1566908
2261342
457006
-872378
406414
585717
1424869
273315
-1089528
-567322
73553
357755
-668623
-1858703
-1142748
852818
-1611770
25952
805050
-1670916
2205754
-739173
-1332619
341619
1102163
266301
-676387
-1015534
409764
907567
-1104721
-250098
-990082
-397816
2198651
327929
422092
50769
-1291091
380840
-22233
-502653
-240650
3079188
607578
1405013
-20903
-834875
527486
790874
462737
193811
482443
-742599
178020
217193
-808623
208672
-1546530
943557
-388316
-17721
988793
-1020152
-479127
923185
2758324
383360
407088
1999181
-269238
409079
-1153486
-1163428
-873779
3002645
-508615
911341
1149428
449036
-237004
959273
1444605
758302
-837744
-324234
-222922
67545
-151029
-1139814
-572023
5249
1260340
-139853
-575965
238151
-97746
-1084892
-1916130
730632
2571665
434243
-1244502
745641
-761932
545774
347471
1106979
677319
-696447
1465715
-1205734
-976765
-136715
-576143
-372002
231371
-227062
-456851
-1440454
546987
-1205995
-193648
50525
-1104407
-1195027
-1174994
-559349
1403047
-1046800
586900
-298246
1609228
-279782
328481
753299
22894
484647
149284
2508889
208736
-386256
612033
-434360
-411371
206520
-153522
352223
-54046
101268
-1347615
-336493
694688
588361
-433702
-738428
1438533
1074767
717350
-623638
-1544384
-613772
-299589
-191007
-116814
931509
268376
-1658058
31303
766575
-815029
-963473
95189
866429
-1003765
-496646
-640043
-594687
2330062
284969
-525137
-1069826
1455743
190271
144395
-583122
287423
421647
67139
-1119365
-300302
-357042
-1717363
208996
-285114
-1319626
-838199
515236
1500344
1356280
1594763
-1890733
-1683081
-65207
673799
-616527
-512433
123460
-353303
-865759
-167076
1695801
-944640
-13359
-195166
-454684
-930843
84870
-302438
-1172921
1831309
2242499
-2225268
2151586
1552247
2515867
908719
404757
-503410
-987033
725212
-1519497
774330
1144645
-599200
31648
-164938
-213744
1041204
100184
-922067
5808
-583136
-318391
-778018
-190466
-340822
497178
1498316
-147502
-466583
1418139
446862
772620
-462876
-935962
1685127
-467003
-95797
-115221
938059
720794
-4186
-361354
724751
585268
-654326
2267227
2463024
269914
124789
-171607
-245367
-1383354
227028
-200513
-364619
86719
153604
1109291
-14941
840622
-1386907
82547
2416359
-545149
1288186
622210
-1019634
-328794
-19599
-761210
465176
1900439
2267231
2236153
-402934
-1077695
1623010
196447
-543986
-1238396
-229227
-89137
1519135
987292
-472657
605812
-611873
423829
573427
-617504
322384
-845981
96059
166671
974193
1497546
176449
-565939
-1360063
-188114
-184495
-266593
1452710
1121719
249529
-1031054
294620
-38342
-477251
-400631
-122584
237824
235545
215562
-839152
-523737
-1275563
664932
-467418
-96055
562961
740762
-862130
673974
881597
-682969
68985
1167714
-588939
-30159
-29290
541337
59444
467178
-1059720
-119406
933522
-719298
1731890
492272
-124891
1020048
2226007
197744
-107549
1221188
-367612
-151962
1112375
-1191026
745630
1150614
940292
1888575
-122832
-379997
1017761
-1236659
-751471
-97506
2257646
738130
1664811
2115275
388906
146073
2104842
-257365
2147610
456825
-95855
-622013
-188785
586075
81653
1378743
1361060
2266125
395484
-1327383
420184
1720740
-122600
-734784
-1901522
-49001
383496
59123
365818
-335368
465877
974233
77951
-1101839
1060289
-498099
586448
9768
173824
269469
646924
-354433
321300
-236357
-1064997
396195
-749140
576587
-1450523
-704973
2693624
906081
-657814
-675518
484571
-1094834
-1128896
193051
-389816
1316618
131616
-199837
-1067343
-570208
276051
-66268
-755792
-1319909
-326463
-1186219
1492781
-305358
-12759
1027051
844163
1590016
-894803
814829
361287
160620
948842
-59082
648512
-521490
-1023474
1944899
-828373
1859014
-212979
-1539488
636901
-1790610
-1329980
2634158
87900
-1552003
-171076
194309
677669
-757891
-619481
-880099
994754
-586750
-168077
-1298767
51901
328321
1895344
72004
122515
-1222191
1060523
8077
1389036
-264089
-351585
997502
370496
735543
-378551
110349
1774500
16459
79423
750784
719336
1467239
17675
-590030
-594362
-17904
-282304
-324519
-339340
-205982
1106896
-167847
2109664
-591856
1700300
1111375
-860695
-860996
266981
580104
-613204
-260298
2963860
-715573
-1138333
-1076392
-185087
1715449
849809
-64412
-111714
186848
-119832
331505
784972
-1190481
-35459
482020
977345
16956
-1008156
1743485
2098892
-1326186
-1877280
1974143
-1241803
23708
-480435
-325055
-858273
-358568
1269440
1467334
-341775
-728278
426544
-160969
-568591
-963684
1108399
-1232775
825427
-15362
274512
-462603
2963147
-889152
617458
538679
-203687
755343
1490257
1609094
876554
1156352
467997
-864781
468502
-1470677
-73342
1194097
-1185699
-459711
-551247
131980
-1291435
-356576
500076
2251024
-781460
709834
129280
874951
-1497922
-1839155
673981
778138
271306
516596
-2149627
-500454
1040747
-1020034
120779
226578
-1343704
577943
1723250
-782786
888569
1023002
-643519
2014268
440666
694723
-710935
224512
480726
474245
-1129832
-964205
-1573268
-839715
200837
697393
1129836
439792
-2261413
259975
-413415
395262
298570
1032177
-197585
-76529
1403885
-50414
-429673
-569964
-61369
693834
1273852
-489557
-17313
96557
1000643
414563
121740
-1015446
-126233
651867
1100888
1387177
200781
-745986
-125231
239456
1221012
-346812
-366789
1174617
-36923
394993
-475514
-77287
324558
425464
-164180
-1020997
-18856
-482231
-36842
-1078022
2255038
-433410
958162
-12184
737653
2127451
-186307
-223580
-1171475
-461663
1675081
375481
751249
1400825
303632
-1016186
-1734577
710211
1019701
-736821
654829
-577715
-802067
-338048
-1090899
-1152788
1763830
1620622
858338
-1108392
45800
210753
1567992
-1621352
-345666
320382
741273
-237024
341749
-738941
-1447484
-7723
12945
1328514
108902
-469542
-900272
-160239
1352620
61802
705931
574099
954304
323789
1756673
120717
-729269
-1464775
2130371
-14314
-706545
89508
255722
638472
300312
1002909
556050
1288582
1420077
-600964
-703196
-480448
-1675544
-1869914
-1264793
-433821
2234037
73403
2444185
-149411
573977
1490144
-165642
-741078
122810
257954
1053882
-102721
2321009
-541018
48192
-769075
686312
1143634
-703866
1530708
303922
-1007849
-1046232
-1428545
-284376
-491061
-1974129
1634052
2404632
-1332084
252781
526878
-1153310
-535191
-221975
306972
840215
-216974
-54770
930710
-61076
-777740
-1062103
233331
36564
-677937
906786
231770
-1258812
-1438518
2097626
309726
-311192
1781587
444418
-395601
-818776
-434209
442535
186179
-1639969
2007015
141578
562896
-1300757
757107
-262500
816473
-596016
1170118
1217620
-390932
725593
415703
81815
1637553
-729040
-348219
-438955
737295
-1073024
-332679
-557893
381508
1436913
-498799
1022622
-135002
297877
-1060627
-9159
393832
-1398158
300068
1220349
-336670
-9650
-665381
595446
-341933
1399328
-1235394
1749979
1029462
-219435
646989
1650647
-1023042
44326
331424
-1301837
1735483
-445882
344916
1340772
1532677
-549515
614970
1523799
300705
-814276
-623353
630668
-221002
975731
-389913
-763008
528583
64836
-819991
-430282
1278221
795287
1462342
1465536
1946844
2147228
588588
261594
1997528
1857891
274537
-253484
-684707
-858253
243970
-1216303
-115786
2342072
768415
786127
-1042122
430142
817990
413814
-359025
-201736
-16543
1714114
-1001825
-1361283
230912
-763925
412852
855376
-963729
324880
-49433
-467673
24478
1340098
228879
-75516
1239399
-596617
-333957
106728
-41232
1411127
237332
513560
-705027
-94049
-102395
490182
1109394
-385119
1918547
-55271
68956
1210443
619704
-619459
1226011
-644732
261129
1388102
1036160
126152
-1533031
-1516917
-49440
-1103265
1154906
-393338
-300332
-377949
472056
555389
-55006
466545
386734
-1731166
4033
500056
-143779
-89199
-1224474
-1344963
-991187
-1484646
-837060
745918
1553334
-1186288
1921712
1170269
-915070
432778
375027
609499
1341988
636015
101967
-822597
444965
-105110
1191494
1563722
-635296
94203
146848
463260
-842538
-1044429
-89662
962183
571252
-1500620
-880921
-681750
614186
-864864
87441
565953
-225363
398760
1525263
-765436
1153579
-1049781
-392940
-42473
208832
-494576
-607431
-170361
1064771
-656601
526468
-1284692
1502642
800801
352177
-252702
164475
2111891
859048
1099841
101624
1930479
827080
-680545
-832439
-364701
435448
-390853
-812711
668991
1891092
59341
-316339
972512
443814
95670
2291732
1611849
-441581
-1026366
595327
-303246
429036
-37917
1200233
1025798
795053
116365
778784
-1963980
-770839
1598562
-251788
-117672
2139334
1904026
-402329
942381
-386781
-1387452
-798931
730718
-1671003
1212406
-1292111
-830395
-718012
-76610
1592119
10700
5908
645876
3658
1271794
1880278
-40633
-66615
-660970
116624
1199670
65773
-1483741
-492167
-230947
-58576
-90014
-169344
-599629
681101
-546555
-679150
156484
1768692
-993115
-552857
-513613
-658608
-294659
-1359568
652671
984269
307076
904711
481749
-677787
1487827
-806203
-311851
643892
-179564
108735
528437
-1690377
791538
-347493
648060
41149
1018892
-417207
419965
-323254
-569056
-36830
1395029
-872483
253909
-680073
-538595
376803
627771
1140053
340332
-374214
6033
-817748
-738936
942413
-230212
169169
-631253
445674
161336
-394617
-1026692
120103
-550217
146227
-332071
698681
-1080583
-1029141
67957
-494116
436901
-1108795
1313030
-389366
288699
1941382
1443166
-1288412
-477603
151571
-430941
557408
-1138121
416297
605351
640884
607811
1263734
-225266
26237
764702
278210
-1416633
1186717
-988746
1039046
2593157
500448
-688364
-809604
54996
-275077
-1162785
835456
-901160
-1422490
-379601
332772
2007431
-444585
-741644
-467222
2679433
506562
-1597354
465854
135450
-1758308
1077162
82016
-384535
-560564
2325822
-676276
-318963
929583
-1416203
-1573022
-1812459
-908650
-1931847
-1208139
-1142925
-229123
503961
-898846
-151066
-775
234228
-815661
935752
922554
-1019150
2198822
-1339065
-748165
2244466
-898860
-1551459
-430350
473469
81230
743493
163209
749754
2142228
-197437
-342319
-77769
-389994
-1470984
-291053
-1028864
-862847
-1116348
-1041118
2127839
1092928
-1533004
-959013
-633042
1519135
-1044773
-1179193
701447
1306611
-195136
-381052
1852772
-125233
-787767
339767
2198603
-750482
-1698611
235018
856428
550205
282191
-736529
-1345436
691647
467686
-982159
-893233
833349
990123
402310
1322273
208650
266171
762838
-1397844
-1316812
525171
269057
-408155
-194359
-637906
1173473
-532976
-589500
-1176827
-258707
-994077
-151775
956801
-90975
1169669
333919
-513607
720783
-2406793
1030882
1188105
726470
113548
1066558
971341
1680123
483581
1151768
-137451
24252
-1662853
381923
-642472
-1168658
-19773
801620
-710290
1116109
342673
-239269
-698394
318735
-2334151
-1216834
-289715
384830
-98139
-1198697
2185347
-752002
-159021
1273816
229933
483354
147454
647014
322659
-662337
679351
-582372
422812
-136264
1378965
2272265
-701392
65154
-141322
658995
356793
1192397
118353
483086
32540
-736773
-1145320
913699
620820
-831909
119891
831616
1661507
-284080
2547855
-1270898
533848
504473
1195346
554239
460802
-509207
-1031205
-1495432
105309
-535294
239537
681470
634996
1295254
-531194
260461
19050
277978
-1300821
237697
423760
248475
773171
2040034
1404952
434460
-1256284
-1612083
1015127
1429644
123672
-162587
1556533
-989551
751380
-516789
628178
1578958
115914
1662938
-270991
425278
981530
55337
-610868
-17086
-56209
595075
1562185
619999
494236
-1787140
-325853
1552309
2564071
-1451270
1015299
-58003
-520432
2394675
353583
806026
-403953
1497270
1576415
1359634
1546205
1246896
-163252
-29907
359303
65262
759656
-405393
-1297005
1282903
497621
74233
444556
619290
377181
1460270
793617
-504688
-876277
-111052
1288210
1537395
1266456
2323144
28392
1515651
1354504
-852127
339059
-314443
1366991
-224024
-790062
829030
-74761
-977449
-1013424
-1336046
631216
-1234671
82635
-1020288
1699190
1073777
2238046
1006925
-2100357
-1151047
419876
-425359
-457531
-271726
1996467
-666434
-660612
1838777
-97033
-156250
-577007
-610762
-811658
-392421
-715182
1098263
-287318
233187
-261907
836776
432136
387232
1074429
-217631
-768618
721172
160247
1995684
605394
-801394
-632925
69592
-34294
823771
-1235300
-93879
990843
-1332458
557274
-415375
7767
-406775
2483337
464946
-185459
-1019998
1380990
158593
733580
637778
-867236
-535414
937024
-1377308
-305768
2036793
-181016
-645487
172011
505305
-341471
79995
2369761
2730
783599
686584
-781276
148901
1054465
-830107
92618
-781323
232715
342860
1407201
1862059
-409834
1163157
717007
114174
715903
-421995
332234
101006
-1049297
112236
-771313
318771
554536
276838
897246
-1305564
47044
-326946
1470323
-794263
-1266915
1221664
-422529
-41591
631576
-720144
-1034633
249115
-1870015
193672
8559
-881860
-752659
2032395
-457467
4258
1789746
533823
67979
275137
-231267
1011353
23887
-1352503
889271
271638
810250
-1007492
104858
1040586
1041846
731011
236155
-779551
-95140
2099470
-560697
1032818
235906
-444353
666793
-63332
-749765
-1854494
-1003939
-212809
738996
83341
20761
-745181
-882583
-1248141
-384337
-1148386
-827588
611142
152819
916780
1327636
-322309
584328
-986019
-526584
-1457097
196469
1576973
1168120
509189
534339
-600580
-1129538
-40426
830316
1889079
-1229686
1042536
761596
-1346549
183057
2633620
-43471
-694064
371928
317239
909364
664641
-262444
-664357
-589680
456805
231099
-540572
348439
701052
-1260013
-1837292
-30326
-946185
1282539
-535326
1357125
304152
-758662
89792
1185438
647450
847077
1900011
411751
96480
-346372
-418999
1862564
943235
2350046
-1156906
2075443
-1624394
-164202
74468
-644782
2089456
-1569468
-305607
-952113
320509
-1496320
109295
70274
280732
325564
-625457
-104489
597414
529018
1399730
785939
-733881
425626
1364062
798756
-384308
125059
815801
15965
-259450
-601594
-1539412
-85919
25561
1380880
2183717
-551019
-3986
2522890
-6461
-559179
152183
-300259
493954
1111841
123762
1349948
-259440
304681
32066
-972286
-90553
461233
-653937
-765532
952766
611931
-743935
-135145
-711278
10624
634217
479550
-147547
-77819
-430903
331656
-428916
22267
-697987
859014
-540040
598254
873459
-1820827
-495462
1781206
376155
-44378
1418188
233597
679473
-1764420
-120489
2803574
2435610
1025488
-161523
1268405
378381
-645195
648907
-229680
-774109
-488394
1623294
-409533
1156811
-1264039
204307
-882269
-319040
-802961
-665775
-30211
-375604
-1986256
1586133
601374
-757096
1287398
-941951
1000345
-28580
1690952
-991002
1171589
-314396
60955
-89329
