4700627
10048973
14343271
-1306203
12666897
4243910
663012
9101895
-674890
3552657
10234672
14310116
-594758
-2176638
14359721
9971121
10619077
-4424621
568147
4051982
136125
13944263
15964981
3308494
4011676
11592248
9940818
5088593
780477
11809846
2470380
12756609
-102879
835540
2140166
11640410
3039195
-1298955
16532714
-2574053
9081720
-355193
8191616
2059589
11363189
1867245
12422866
14846250
886801
707107
-613359
706907
14503795
379949
12806299
12688485
13277671
7790096
11541186
9743595
-2958272
3191031
-1354062
4306920
10621153
9256165
7662571
13317210
7444137
-991319
15062300
8168135
10711754
9448892
6661197
12420732
11507922
2664638
-627942
12957358
1017938
9543924
3957952
-1903025
11779944
1142913
8791607
16481275
13015703
12665529
-487728
11438949
9381647
-4629167
12764817
-421383
731040
582565
-560191
-235669
-840397
-1558614
7854006
7997358
1775691
5764992
17330575
7757977
8515695
11787025
6913499
6389565
-709857
2034617
-1350734
9061630
5841797
13088892
8803522
1611508
1372463
-800067
3882155
14502333
11164306
12091280
3078768
11923864
15190878
13302731
-1675099
4053904
10710856
9448674
652203
13453732
14302384
11592146
72616
3281488
9827457
6004966
14379326
11362532
447243
12275448
8879780
-4181687
11660153
1834061
-1884624
1489009
2552679
1375761
-241135
15543316
-3214930
11696536
10177631
11192892
11447253
2017930
-1542842
10484207
-922057
1213379
2497433
999092
3723863
13738885
10705784
-1491002
13194052
12270266
-2034404
15783639
-221124
-1649883
-1815833
11521807
10699787
6234949
2052478
12952060
2598950
-1463492
14379294
7118528
14908483
9325330
11960784
11771165
9006211
12387522
-697285
14354776
1313340
938333
529976
13875848
3073463
1033419
4449955
9072814
1484602
2892374
3998966
2517630
1021818
1419370
10241827
11153439
10989893
-91635
4041537
10834604
7027850
2009781
11366050
-550630
-2090986
-1436657
4716685
-889007
-91945
4726478
11697556
14022211
-921251
8034865
-2523673
1122445
-1240005
589122
13376146
11815717
-2047469
3004997
9373105
-1128941
333452
8417711
-4002723
4064377
1265775
9914823
6812729
3173141
9857099
688964
-5686749
-3753727
14800526
10205326
-1713252
10901345
1146675
8839782
1897881
16068076
-1913402
11658189
8938712
2097982
5703143
6328990
14541259
3641877
-773039
-886238
1659961
15345923
1928311
13452212
2997135
-1146578
4177730
16026239
-1180250
1697484
7029100
11486840
7438625
-63061
633974
3969526
37241
214016
-4608037
3014406
12505584
-93556
8902963
14267691
3050035
908346
5731755
4349262
7455445
7792545
104201
-4329634
11570948
-1647393
15377742
12471195
2899253
-3905254
833783
-316865
1184774
-216512
10616773
-4385994
13579184
2728819
85133
3754028
-261170
2268467
8745860
3619444
2225444
-3246862
11203930
4075411
10934696
12380336
10977159
2267031
-2311069
1531592
15774787
8341008
14082800
11019470
-301664
7211531
6933855
5508738
11639748
14757762
11122121
6021032
2403822
1268437
9463922
340890
7286708
11074347
2975674
5238511
-534721
10485615
11640703
11386798
2287605
628579
-1871981
1074724
2204575
376171
16240432
3806338
10840143
1676167
2312641
1223198
2317438
11764055
1575438
-4134112
-1505941
12298840
11504538
12507106
11456003
3268027
1190029
11093110
-1342604
178576
8750459
4635342
1883416
11695099
-1283566
-2105119
7737451
-396637
1869477
-1037129
10175880
13775372
3730987
4329641
8583717
2684166
13202656
8592297
1702440
2143750
3330749
-984231
2223871
1402985
1727281
-7563736
13881908
-2240686
240156
8983761
10969035
6574261
873138
-199318
-3577479
12101785
5793772
12398855
9578064
10884707
15397197
13645691
2384484
13527230
2325126
6351228
2817280
10373270
3638310
5326889
1715488
2996322
3388942
-1872341
423334
2438440
4816507
-2955904
144601
4042201
7341052
707084
5334814
4431018
9717904
10343026
178799
9581444
-1069999
12267309
10667482
2454205
-2191841
1384114
1616212
5709331
1864608
9092032
9283667
-4068751
8221270
14289703
1852993
4761559
-1971282
-1406461
83719
1757160
12260610
8372931
-2800746
15024984
493389
4458492
-202712
14340209
10130706
10772349
14416411
7712229
9982323
9604349
7231062
1508408
11913038
-4388628
9512099
11756395
-388725
-1324823
1361815
679338
483443
2116824
-3410998
5762306
-4471389
14382194
10682349
11942063
2976505
8138689
1231204
12857240
7104171
7387593
13666780
12537692
1599248
3819843
-2751317
10531731
14709665
10258127
4593335
10153221
-2237567
7475982
12074483
6328036
-702878
238145
-992087
8738181
250833
3642593
1586340
-73050
-3506851
12905543
11889082
-392671
10501734
12583273
2598513
7146971
1299122
7738805
5189561
12460594
665637
2578905
11939050
5973854
-2527329
2210591
6173965
13879264
-3861760
7661086
19038
4516008
12201080
7120793
812932
-4307996
1032744
-543885
6836899
11000313
2148665
9848108
889143
-4166638
2556434
16015486
287377
13947360
13293176
-4562879
10134794
10042351
16086086
-699062
2739672
-4517643
9098671
12938453
-2191550
9136528
-132618
-939928
12010480
2595241
2611980
-1138562
3658119
4867135
-1753261
10402273
7818133
6819512
14885749
2567449
-1018113
-2541335
5525565
2999093
4560563
12878074
1462657
3808453
2557290
6142786
6869195
-404829
12453908
4836469
14886144
10453281
-1749410
7848091
-292082
11416280
4214437
3038182
10252362
-5952828
12296098
10917944
142309
10106775
13321716
-1340318
11635939
10017054
-4284501
8956905
10434415
9719054
567640
9335409
12665214
15603006
11611855
1267375
148616
1162902
8582985
2425480
-2647310
-722151
15037511
3047189
3174822
9902824
12740184
765860
4173723
2206815
4214262
8872566
6318192
12240374
-1270126
14147197
1403014
-39702
-428069
-4946901
8992303
1437492
11478545
9468775
553995
-334908
9345287
-2548398
6189524
1509038
-347321
5729301
7275293
-1599052
6102472
1403618
1015633
1271262
10059612
9598629
7340124
5430817
4014427
-819052
1905339
14623148
3819244
10975371
-443371
13426506
10356880
1985220
779793
2225495
-973984
-3627462
12160095
7609695
14689976
5528443
-2780996
3486968
3211915
10099399
3602979
12899225
12153707
-611670
9707224
1494725
2084932
-3441898
14803149
125755
12197886
8100088
-3076119
942425
-485526
10729625
17672042
17550006
1353836
11994738
9044175
-1534787
1205130
5586385
9327609
8672587
1494341
-6433532
10205391
-519655
4474016
4047032
-983699
1547286
-552413
13557843
9601990
12990843
10055669
7730739
1884715
528294
13199181
11959045
1872107
4653049
5534381
11462717
-886985
2699146
-436795
13034979
-2146319
9560778
234852
2928743
2913464
3027552
7484473
4320586
12417991
5380431
-5033918
2537825
1630629
-627657
-550732
819185
3302210
8652304
9747078
1279360
3805913
-4072245
13208770
14325936
12220123
2687161
9144621
2284839
3338099
10430221
12201252
-3244163
11763447
15566205
9598082
3350161
9028549
9860849
218013
-1898503
6249972
16707449
5623521
140090
8992877
9077574
663232
6862677
-5949745
-1322957
-1108568
192902
-3760937
9728549
11593783
12613705
6479404
11430366
9049708
13229417
-1942586
5822965
12452356
10970892
2150743
10702116
11201945
4617418
13195376
610317
13519437
-2765659
11908731
7727505
-1050350
2234175
-2851775
3933687
5051646
11806533
12107218
6001866
11290569
4748275
10757275
11829645
11739865
15841214
-1593964
-3539156
1693807
9586500
4992309
5178062
3586834
-5080642
2036920
9735637
868285
5663823
5874683
2513943
-6227988
7106974
4597397
15449825
2187475
1378823
10704071
8240180
3545444
11779443
4164605
-496700
-58270
-898030
-2935900
11815438
2727140
13723531
8847049
14324069
131376
-4849682
6504379
-569851
5817975
13384117
9329898
-2383975
1182351
14860978
12638898
9002728
4063554
14032038
11318429
11221820
1527636
12025672
-5108009
2261009
15356514
-5666788
3736925
4329690
9833300
14759351
13484374
-1339030
8475544
384125
12869087
3569927
8563295
-2925643
8292610
6146483
15277645
12065888
120949
11701802
7528714
8282725
12174776
12396589
2207817
8965543
576348
4116062
-115616
-4445994
8796094
12441072
10288085
3697496
11399072
1883760
4989702
11561070
9451533
6815755
11887890
6650919
2921668
4074264
95781
4265915
5209463
2473796
16937643
3854961
10792543
13350208
4728540
15763262
12981855
-2814707
8114489
9029600
1142194
8154268
-504276
9450235
7210496
10924582
2029992
11705039
-2013878
6473056
-1010849
8806146
523240
9282598
1567267
-1591539
10922955
10037832
1649974
4663730
-4445088
5001692
2577897
1990973
3197953
-4173227
13044072
869009
2163680
7901519
1496292
-573616
556923
5303981
1487423
6937998
12028067
10461784
1282725
4822094
9938622
10910399
6616810
11377646
-2282947
-3742070
2311114
-4737967
10456754
16202380
16107736
12890252
4080366
5824377
14013758
642628
5690642
12653335
12994869
8193599
-5186740
3883618
-2140617
-3555645
10739799
4026800
2710196
-715564
2145767
87202
13067621
9789133
15875285
3181634
9947513
12976384
10110815
11582170
8134718
1361197
7339146
7231907
13880622
10054043
1677328
2331025
-1712465
7778872
2783979
8846808
3412417
5233167
10899409
7838373
4329861
553542
10967471
-2574274
9576902
1355477
10201467
2697468
1660423
7711393
618996
2673415
2058383
13181819
11810404
-213055
13051868
14452587
2694593
10491768
-1022629
4796489
13566203
11459244
3497799
7690034
11242375
15041520
2475762
9501078
8325088
4740676
-106188
-4326510
2952464
-804685
-1031765
-3902491
13268255
14633078
13484755
12109576
3238820
3190603
13393353
1147293
8559119
-706091
4543537
11429071
5780142
2291431
3685049
2425820
3802371
11035277
4584915
12895742
5446622
-3680151
14807976
-1808353
12273530
6445731
13691049
-201971
10502957
11619297
1651499
10595699
12522320
11521043
8667761
-644040
5825693
13216640
-582976
879402
11823739
7334568
11506159
-2527558
10665672
1543079
11400653
13175932
-1059195
2878151
1370616
13350692
200464
14366442
12181054
9649747
13634090
11601055
-3099652
4217739
2922316
7895906
-2238441
-2522869
11797193
5982594
14316536
-2664877
14896722
7354059
14252412
9702423
1447967
11844840
1464372
1781091
12751674
10571821
2325357
10854624
13087000
8725316
-295134
955595
9983809
1981744
380666
6194689
3169596
5247445
11616138
13623026
9180773
-1500886
672528
8569893
-3192077
-526272
3443163
2942083
-937880
14104799
3373144
7438933
13487038
5509708
8343020
3184221
1083516
11723298
-733003
-2947839
14345869
-244444
7595708
5510446
-663008
1995500
-1905679
-3889110
13125285
43139
1891131
6003747
12513959
2511685
1655020
11726488
-3980644
5035415
1584730
12818226
7396102
9610027
-500441
10474120
11350735
3122659
11953446
-1159235
5405388
5303343
15549691
12005588
9632625
2832434
12261041
-931642
8642461
11678357
3687060
8099352
9341154
10185438
10900140
13839340
13051394
11481225
6704134
-1204354
2808555
-138721
4859024
11813036
14132158
16366745
186554
12088649
15810488
8542612
12088796
11311169
1691683
-2175933
895411
-941838
12986443
12187084
-5922835
12166298
3882362
-4632635
10026197
4614222
8379170
15593783
-999390
8607107
3261498
1075763
12065431
11038048
4117049
1153089
10084585
12471511
5014274
11060042
13604872
11759690
9906871
-5453694
9976950
11170519
2351630
1330028
6426096
-902386
9071696
1097161
13736835
1436718
-2224025
10469411
4946952
-1550311
7713454
3121422
7862939
-1042931
2341601
13806169
2828257
1977389
10299262
651389
-258821
6705916
-2621130
-2149042
2089379
-2218951
7353334
12308506
343841
11056014
10214607
11547051
-4107660
13224231
2414365
12289602
3269891
10795664
408414
245920
-3175932
9054234
10430716
8847708
11983730
305571
245353
15107740
1663577
9082284
11036783
832711
596216
2500789
8894026
13924063
15949740
12087455
2772995
3519566
-1168550
1885702
9509124
10203062
-4784401
-102196
-4009064
-838967
11387074
1386854
6195538
-325719
9885472
-213124
11672292
7170136
5344129
-1102342
-509728
196685
9811027
1507245
13182230
8720514
17827686
1966343
13001091
-1829675
8088160
12761294
5124030
2861776
12773944
4680838
8499623
-1205706
15141119
-2280573
735894
820324
-3768941
10999015
-978222
11278561
3494148
-2345400
807060
-4055910
11945618
-509035
15763722
-2980889
9457342
2561872
1996858
1433603
10870950
-1588131
9903268
-817579
14358402
6434888
6838051
12777014
1788274
-1650567
-687099
14347618
11621543
12484962
-1900658
4066755
5523702
-753509
14782483
9636547
9397170
8974552
-3230368
5258024
12492633
2903815
11423758
-13572
10365138
1376126
3744851
-748446
15612079
10197085
7902100
-225604
6809677
3733871
11852828
7592373
648729
12685012
-1362877
11470777
-2462053
1043673
11987675
272997
8364087
11278733
13635727
9811238
-369243
-489797
1239396
13395652
15204682
11928214
11138549
-4627536
14112698
7772641
9017953
13281618
10452116
7853898
5914386
739399
8893771
7811490
990454
1239790
-3072770
-3039826
57301
-132262
3057810
12519833
15120918
-171116
1122073
-505115
12617103
-846424
11485632
12994946
14505694
1756035
9211665
12736185
-594466
-977855
2757043
12361298
-2567016
-872830
1062947
11955236
4727181
-4429616
3589756
13329607
14150606
-2917701
-2467733
12579266
5354619
3038903
567437
-601195
424584
15351812
722654
13453416
7336478
1090039
10928460
10947324
1115375
-3613354
5965282
-2227331
-1579104
12689526
9778299
3148424
14422631
11967808
14878291
8161112
11601244
2246554
1339695
-2335680
865182
7811389
4191647
7587967
8769099
13221789
1019906
-721590
1546197
-1442369
4692786
5921708
3895368
13421072
-3413567
-390592
13330428
8934869
13963745
11382980
10970135
11526852
2647468
2217724
12223952
2835967
-705738
1530629
16485050
-86007
-113781
8744956
642218
4208194
2593909
-211807
1394381
327610
13338173
-1175826
-125824
-365262
5393874
236604
-1560913
2314119
7325387
2516969
5658971
14508274
6035471
84874
-1127825
260508
12639017
-4818466
-71956
-2223049
5160112
12785066
2292304
10710512
4132948
7789784
5874497
13233322
781838
13166165
11489874
-422778
-1711090
-5874815
-1250371
1517244
487064
10317484
1470589
-2659498
84847
-4128112
1413225
12586181
7716745
5865095
12879247
-3330050
12554862
1034774
14103780
12648376
6286212
8782207
-353195
4110851
5485714
3660883
11558996
7795871
5846198
1354610
-30447
-593414
11991541
9230041
12425438
2865960
3466965
-798316
10069478
12679920
1871176
-1389141
1566955
555583
11455226
15396607
3401530
13300059
902266
4645973
-166520
-1433728
1185976
11286253
12219369
11859504
-1904007
4091743
-2494039
8237020
2008985
12968884
9938642
-1345705
4012839
1846224
2754010
13503612
2169800
-1475693
15058323
11589389
8344427
225438
12688552
10797819
12467866
1341958
995826
-1856449
3914428
12623830
9233446
12106184
-1735712
9396026
1111021
10894764
-104940
256996
6202847
3728034
15880907
7789799
7843964
-3475640
-1987995
7832876
2092669
14237176
10294324
-3671540
118254
12138063
9925513
8784379
8130240
-2248606
13972931
11231758
-3825537
-3068420
2587924
12096457
7702786
10525752
-1048670
8329290
1921760
-1514672
11601496
5635676
4777569
1243950
1058404
14788238
11351402
1323321
12020620
896470
4671862
2615896
1100271
-880324
-3245390
2427079
8585906
817888
11050425
1586699
8498831
-3932946
415680
598220
13471656
8889019
-1906453
494798
4099880
11383270
14224512
557515
4200043
10040360
-1077152
10273487
10886452
-320855
323094
7089145
-1131311
17222117
459886
978999
2018436
13757816
-4384719
13422096
896001
2448313
10382602
1894922
3943868
320511
3558348
12778263
-4064383
1380880
2688252
2949365
-2527278
73201
5130297
-937606
2286883
-1159631
9525020
11597846
746246
-1248791
2621510
-705890
-4191059
-2746976
13588546
323726
3159873
-3193190
1568138
1129353
10319693
6920016
12468023
-3247933
-213479
-2598045
1808721
12581348
838537
11105783
-2107893
14224148
7558393
12085224
7350608
3663445
13138992
13738447
-670438
3361551
6809102
6543998
665168
11531934
4432552
11898315
4341041
16427529
177516
12048774
2767063
10277665
-156913
8969690
-3060647
15397736
2661294
13569208
2099037
-1253510
10838497
11755272
-734606
-4072863
2291615
-314717
7243938
7407237
14657574
7897992
-937531
1089518
1777845
-45052
3325915
-1348769
11980357
9189694
3651707
-5724685
-1615774
4457679
-180743
-343847
13450725
6635309
3711273
12659475
-1063861
-2735838
11049212
7616950
15229133
1932760
-2270687
2096370
1036444
8066134
14212669
7313740
-2337821
4896415
13742813
9883126
1355844
10460680
470092
-593312
721626
9210578
-3193147
9511543
11816239
5149485
10008540
13720625
9757027
6496804
207769
10362658
13682857
8162868
1049158
8179153
2338919
1965003
2184773
-1558124
2621811
-20915
1520865
6240773
11238024
1161448
8899342
11965152
278074
9454734
11006
1773102
-2666449
10644716
11985043
-491286
12157471
2763140
2242229
10659794
-368909
-326669
-4747234
11671716
11364478
-3660947
11380470
15636774
15584279
-2214135
3544437
2052097
6472217
7426993
3889531
-2877302
-1865721
7430882
261416
4134367
922715
7605510
2559902
-2375716
-405996
517040
187320
5093150
11205691
10771220
12644265
-13744
1313115
10416112
3244940
1021953
13374427
2596443
1652881
7492166
1674104
-516156
2590181
4896566
753742
12349865
-296527
3206920
8208405
11711853
-345035
17641439
9744366
-366809
11563593
-2464954
4236972
13588892
5894707
2374020
13592265
2346627
15074922
11568261
-3556227
-3089930
11934311
-490375
-1343187
-1008292
4213752
1949620
2937993
12918772
2214666
3674846
11709138
-1305288
8281453
9771696
613564
1000188
-3150068
8181743
-3836135
7201400
-490609
-2828749
784373
-2107135
13507253
660877
13921357
10821259
-511554
-1633581
13695341
14646768
6329322
9657513
3274922
-210458
12125678
-156296
-553561
86976
2052676
12594483
10310212
7724665
12001653
-312535
4283830
477302
1662952
274027
8850584
3397313
8852222
10977132
10662850
14910641
11340332
8443486
11501622
-1386727
7320065
6702799
12234873
-1635405
60291
-4500208
13644839
13012447
-1193281
11017338
-111351
10567669
1772606
-164841
-195396
3168208
10299238
12686465
7749585
12711646
14514453
13016133
-956062
9421272
-25184
375761
15560908
15462185
83285
4360917
1900292
1597736
482978
9458870
15050161
10011979
-508429
8245826
11980980
12658789
-1547175
166372
8122302
2205728
3869
3706854
13663550
3069182
12616211
-2773602
12335634
10046828
7597443
2816009
14243814
7219056
9876716
13156425
-95914
-970102
1995199
11865284
6275989
6748176
1290130
-3511367
12476672
4313373
3098405
8801551
306126
2460554
783696
10170895
1605159
12683410
4234853
6694270
4591149
12577935
-7119625
646622
9089114
-3172624
3607047
12871393
2462583
-793341
1212490
-149842
14708628
6024354
13731239
6388854
1524923
-3942301
11831998
9577931
13227897
9626777
4393853
-829859
14121052
9523989
-4951474
13619561
8596257
-5318917
-3244318
11828242
13421740
-126832
11361637
14430106
888444
2666551
7950164
9608101
11295639
9738831
2899143
8890666
-4527942
468589
5938651
3999840
3955164
10498369
-560783
8954718
11892790
7108854
16024648
-1694771
12312534
5675451
-516817
12355632
-631289
7486627
10895517
10270719
-4919348
821187
11040175
-376411
2135629
6648219
-2471670
236035
15003346
-2775052
-384969
15188395
-4979381
8198293
-1327942
13002855
1029170
-3446497
4828809
4053945
3102168
11781676
13897505
1062456
-3132648
17244467
-229956
6038422
-3754126
-168910
-2333225
-5216893
861533
10127456
3328204
4214674
-1056683
-4276196
420735
-1730121
6424414
14477405
10718136
3422184
-716362
12349093
8761355
415780
4272725
452575
667626
8664901
9700850
-4693639
-3595308
4449682
10814372
2112309
2862759
6935498
11621966
9616077
1506267
-5029197
10312990
7419261
11001649
9962577
-63953
5123108
3263247
12274873
5290403
1682136
8478771
-1580557
3537187
11776792
-2830516
13144653
635953
-1557711
13280882
-2015861
2841019
2740877
-237440
6856116
165899
787829
8552273
1532289
-4739137
-5205724
2818313
3324361
1821980
7118892
6117381
12547249
14578921
16497176
167734
3901479
1284937
-39665
7578739
3534230
13727259
3329625
3412062
2707352
5723300
12008871
345878
1916332
5999576
-4207370
4622379
12512797
9273865
13721061
-1000130
-973873
3848902
11376281
649274
6017800
9852578
7012937
2164286
10290506
10119068
11526505
11618479
8957412
11753424
15837857
-271154
12139276
13137450
5826848
11734120
7819078
9699885
-4750458
-2087184
-327454
3298635
-624736
11048556
10772369
4599524
5211047
1977592
9827938
-4818664
2254958
2787178
-2595653
4670002
12561204
8787996
1187773
1465300
-278327
4148252
-977358
3471066
10507611
14550655
1276981
5049286
-1148096
2379341
-1695749
-155902
12878764
13850949
2908796
5882125
7791766
15730108
2535708
11449513
5790013
6162901
-3615352
-1166928
10959587
5877978
-3042847
5035702
109703
14251527
8699838
11356793
3479681
9077307
-1509794
373176
12455056
9818335
6250083
1580234
13414811
1849285
11816931
-3638718
1637614
12465411
2383813
9165378
3163076
4427996
1713704
1015971
-386053
-893254
13372672
13169742
3485483
1934339
-4727992
11390761
10690223
3037058
8653041
-811513
5656580
11733320
5214396
-1622938
-935955
3907928
8365477
2333737
2541049
2672139
5898920
13091260
977067
4449768
-761401
10445373
7186543
3418692
-1324041
-563067
325952
12408096
11844370
10525077
9912790
13079760
3416503
12077750
5972788
-1742004
490104
1549834
16372803
-410889
-2052377
15994527
11976581
-1926263
458563
-2644659
11027455
-740715
5254559
2941131
-3642575
11695526
5163230
13205907
10066346
-4356758
516631
-4743204
1851117
13556187
14114097
10228050
3403445
-3954457
-1324177
1422884
13527203
-4369474
12630272
-2182475
1328666
464206
16519593
-1797232
1890324
9814065
-3014693
11023294
-995517
11399115
1073687
14125
-1070466
2985708
5146815
-58490
9545105
-480208
11326925
11641716
2399857
607021
9807637
14148196
3694976
12706207
9942216
10877060
3359018
2707254
1868875
13238318
-3574554
-2795653
-2502649
16088283
14045981
9833743
3490820
-3503263
887225
12389813
8322851
-4264709
2492053
1252332
7603670
16413370
13919637
918895
-2419947
602437
-4078754
11897881
-5814479
-3960085
8565376
5595312
10453787
15396644
9554705
6604083
-3234444
113262
8203590
16848309
990004
-2545923
308111
-4498629
4726520
12972751
11198928
14346037
310615
13091054
9914314
3265834
12080234
9239015
10107887
4131852
12333141
17118720
-1014537
11398774
15712480
13459142
13614755
9902581
11576738
823737
10469755
-1559159
1133486
7749894
-629390
3974105
11432343
7461995
12217152
3462664
1385047
-3815547
16555740
1623419
13205244
11479899
12414348
4683156
-4434714
14071564
-4308077
12630925
1744879
1107269
7721578
10212335
8207598
-4468141
8250453
-283660
11528190
2836498
2977725
12439590
3210566
12881052
-930322
11096050
472990
9685052
14127000
1701032
4215997
-3778359
4465801
3823766
2630786
-994967
2022481
1854572
1629031
11888449
2036061
6454283
-5020686
-1863262
7062233
13506675
-1219120
7695700
9897335
3498447
1415421
350075
9319449
4340889
-2429569
5634075
7417070
7575381
-5405576
-1548446
-1230957
10854885
14660671
925178
1356352
-465643
4614823
14990307
13348693
11068207
835760
11699681
11097292
8917318
728572
-3168243
2563913
1466051
11635372
854504
-318493
3348658
12099145
2007794
6777416
2872878
4634669
10999127
5476116
-1919092
11108486
5542315
-4972441
-1518922
8649568
693702
3026902
-4243065
11478091
-1913031
-181135
4654587
14622686
1531025
1436000
4259959
9362147
2992513
5755141
5869957
-1735567
872844
5497346
13297715
11457155
-163431
3340868
-5279599
10605252
1481935
12801176
356880
2847447
15368544
-3395977
2345670
-1398213
-776474
12006718
-1326546
-4143147
-3059091
3315451
13224285
-293640
1705423
2266360
11272853
2693813
3659860
-3781497
13524663
15826691
11444051
10110865
100352
-4877940
-2023021
8736173
-205931
-1242821
8666764
2364143
7526818
-571892
14219087
9307286
1185372
-2241212
-4099155
985421
-5069474
10308961
11962072
12331622
5957769
9321857
9860630
2267312
6841679
12777117
909704
8324780
7863810
5344551
-1546081
-1831815
-2461001
5006034
-5579513
-5207
12235888
-604557
3783231
81068
1842166
4824182
13333986
-420170
6291780
-586696
-1601565
-408288
10071736
-218630
10467510
-325903
-1827636
6696109
11771493
2164687
-2305767
12497467
751628
3074636
-2221351
708113
-2277908
2348414
12355255
-2823875
8049176
677531
-3818100
1671510
2675918
8260085
1352716
354286
5787057
1306272
-4166303
1263225
8120069
233390
4425156
4645394
2919161
12055285
-1173180
3001113
7000594
-715471
1396619
4784517
1591641
1204021
5443782
-4672925
5622593
3254761
14253503
5895313
12932263
12310311
289567
233245
-1366595
9541494
4141783
9278841
-1761482
12863754
6684676
2742876
-745972
10897711
13465277
2727868
13714667
10250042
-1174981
16392267
1187442
10121056
7433811
13643242
8070875
-584314
2213013
-773814
5059945
1225163
12825392
2549364
1621561
-1506870
11034616
1418149
1922460
4311116
125898
2506416
14530851
2124314
12628225
9987003
3493399
6124484
4240624
7158435
8765524
7722211
7099385
17660906
-508111
-2022071
327662
-1594236
4736005
3157938
-479133
889388
12811785
9391711
3274200
11829060
2117421
9598995
6745784
3386383
-892944
16032491
13517029
-414383
10422646
147473
9253467
11219118
11659605
12028186
8214127
-855681
319739
-3460661
357992
10182013
4658836
-1361059
1932177
1700130
-2610292
5548503
8310493
9457499
-4854379
8499926
5705528
1640486
9266049
16526671
10518722
4380165
1976971
9466835
1352559
8446704
7557142
-1951735
-2106338
62995
-589417
5205164
-173512
14632431
2423435
-1167435
2066669
11357082
4991849
3373524
-644358
3643043
12544407
10577269
8592314
6875719
7820295
14373473
-57069
15434908
11897506
10198013
2830025
6686409
2732908
9095431
-366851
13450592
1301343
10403656
5916672
15198428
12722902
4668420
9029138
15338935
-2717431
7817087
16690084
2201293
8717686
4151010
8291329
7526267
1823207
3778032
9732081
4500834
-220309
-1750679
1110979
7057436
513091
9426437
11395765
16375374
-5005221
-2621261
-208652
12867782
11425650
9120660
11206597
11889240
1612778
14362028
1606929
-109385
-476902
9962063
12049269
-5418747
13162605
3236217
220492
3969061
-2544443
10818851
-2076417
698998
13601115
1752847
6695710
3897808
1285888
16879227
1443294
11886134
-4617861
11392440
14318361
13373376
2645094
11588816
-2601643
12080402
1544448
2374681
12668210
5524073
-805365
-2002385
1502570
11324382
8317591
8528700
9123560
2805340
2847794
9230998
13286399
-136067
10190336
3369960
8948668
9624451
-3639781
9606695
3796760
14978326
-2413455
5840640
1136713
2908107
1308441
9027126
2908878
1529731
3188111
2426298
-499981
-4030435
732258
797894
-360517
13572013
4109040
11071550
915810
12165916
3578238
-242852
-1015538
10317289
8220183
-3922326
-159170
231412
6424419
-4379894
10209831
1611427
6597357
11250554
12330553
13079462
2595510
4867340
6769332
7610044
9348352
12987981
755800
374045
7884331
3330632
9155993
2723312
-1366578
12394143
5583390
1649819
-125239
16603213
567415
763058
2905333
-1849621
1970457
-553375
9247639
4148945
3073026
12546518
4373724
16627444
4256532
-4073804
1253357
-2948943
10787879
23719
4895129
7329286
15825781
12886012
11469624
11482032
6386808
10165387
11425535
10404159
7850902
-1215176
14626175
2330987
-1032919
11796124
-3495219
8358303
11906310
5711191
279697
9431862
-98977
4299227
11234158
-1882690
12588846
-2176563
12982817
6121313
12579506
10135083
11043903
11743672
-799236
618560
6000086
2912845
1740467
-1321478
63158
496227
9429856
4022074
6029656
2459733
3259502
2571636
5738299
-1083498
4060010
7411204
13330672
12262170
7712365
1102216
9456691
7321947
12114237
7842236
15247474
116359
10928953
604742
-997283
-3106665
8454393
13502504
10731380
-1583629
13184215
-1556898
39054
11447671
9113704
11964938
-4874235
10878273
12011000
-3635864
8869387
13929476
-2762477
287780
-2755410
11250769
5447741
2457129
-2548338
3707424
-98716
5427319
15721202
10408534
-840148
10278414
10351773
1523733
8767344
10594481
-1122326
3850731
10201244
968716
-4028605
9284029
5636611
394617
17780611
-4552727
9661237
12182273
16311263
1646023
-290519
8304798
-2083142
7527797
3066086
12173393
2393572
500055
13444724
8590142
-874694
350322
9158146
14024189
12025568
4026858
2229627
1242783
9792732
1132410
-3814921
1185541
4930311
-4201767
-450064
-3303165
1405064
2138167
-2123040
-33910
1093229
-30243
-4882878
1771743
2049279
8277428
7640872
-3229974
1627725
3531000
9300495
9198575
-1697544
-3968982
11664812
7915267
1742677
4645027
12481231
4191430
-2323324
7991362
14533022
11750037
11500642
3175182
9460096
7793354
1009818
6235278
14236252
12666562
8756493
2109475
12228790
16009950
13257428
8298583
9857908
-5857479
1913508
8310813
10026892
11521181
-842047
13034704
4386387
10264853
-451001
11172885
-812553
14891266
4696895
987066
9993417
15219956
2731912
806939
1945640
1705853
-1743108
-3575407
-1981653
767479
9308850
15284140
-876544
14563479
-4455712
9941224
-899610
7140056
2209417
4498947
8234554
6397948
11461503
6176665
-861325
-708954
10475213
2512849
8083908
-2843582
-1567996
5446734
12328166
9399279
11776005
10537162
4452293
2811169
-1813527
635478
1681421
6542131
857842
13750784
-851375
-3340385
559
14473626
10254962
13117343
12164814
-2718546
14380284
8684019
13097870
-2701811
-2728712
10055897
-486939
-3817471
4710932
-264192
128370
-162663
11530178
3162700
11553150
12813053
1058498
-1812418
11776412
6185894
8654889
12971298
-531091
4048557
1478279
3645863
-451023
-762495
13964828
10747260
9065459
771840
13220757
-1019859
12243476
-1174402
12435896
12972761
-304882
17317358
2035868
10616904
9974597
2306403
3140877
10704816
13666395
6113990
6253124
12612936
14657956
-1167425
-3041652
12175304
126244
2650673
-713172
-739232
10570636
8913889
3677962
15298406
3887078
-711608
9757223
-192434
8245350
956008
11716795
-693565
-4653731
4752885
-170971
1918290
-2086690
-2101470
-1635800
11376403
7190943
2767636
405260
12179483
13078963
-315988
65452
10886367
9315028
7380628
-2547292
12877139
917927
-270086
6080758
-374378
-66782
-1702235
-521681
14646059
-692923
-25048
13962127
6165066
-2994648
8154101
12160662
12043999
-871691
4403814
2698939
10925086
12573947
-4719537
2208793
9159407
373901
9353200
11886659
-203068
9574189
6526115
-1062294
2621260
4950436
6975880
11532084
1997314
705371
11739765
9774755
10329350
1056896
726071
9094570
9848
13627593
8143607
-1022463
7544575
10792417
-739877
8777238
14251864
275856
-92735
5702200
-995130
13050104
12475324
12041313
2515681
-2944820
2246168
12896651
12418236
12381202
95334
3859701
10340380
1583413
1229122
2670951
2551112
11349396
7459373
-1147442
3657963
8929719
17154915
2515445
5969597
7941325
13672330
11797331
9974945
1556481
5482025
-990493
7621314
8006933
-68297
-4591244
142377
7253536
-3022392
1129918
14540533
11900510
12594794
2751524
10071813
-864934
4110831
717380
4996867
-36586
-682978
-4663030
687257
13766302
719513
11435480
-1247255
-1884213
10254883
679092
2571652
3914152
11687152
3544556
10089900
9798543
85632
7086887
13871743
2948731
13542646
1013646
2412153
5981908
4233725
-960794
4606806
10882913
1255758
6320977
2613836
10890280
8793778
-2600994
10588921
2361790
-6781155
12422645
-433546
-1113849
619740
4838799
13540587
13506980
-5222148
2636343
1543718
-1285332
13107816
13994917
11748154
10447769
1228173
6775704
9809843
308369
11630664
7126443
-48554
7952378
-4090834
-3269147
4894949
615521
13668246
13033440
-1446629
10819706
3448996
141185
9834443
2440626
2575559
3426645
11016105
5004611
16218413
11900141
3334962
6181845
-1638422
-473820
-3366329
-838664
-1659072
10455134
18553515
3399748
-2431556
12691113
10464288
12651038
-3551289
-869094
2333563
8055748
11286164
50744
173018
-78692
-3792714
12752482
12319778
-1402437
-4650058
-2145343
-602945
-2881769
2880217
-282582
-5625489
12438043
2305787
5145220
5452143
13865449
-757297
1929076
-3048929
263559
-533186
4074658
2723128
9375014
6838739
15105031
-1389377
3273365
-5575340
-3740008
287491
4769585
3348512
10972603
15039242
10015083
-296436
-2690043
12522250
-802513
-3241795
1156832
11767276
-953082
14052054
14184364
362122
2555075
-989243
4004445
11761138
9546819
10077050
9619172
-4241964
9396199
14819685
990699
10911240
-1268785
9962231
2383067
16657201
1464259
-1608578
15735642
-4990245
6798350
15083773
2969847
2072576
13462130
-1160339
10448929
9915622
-3221475
-470717
-376245
9440607
1986527
14968634
474705
-567699
3109524
4255351
1577298
-682693
7935560
12730096
195330
-757213
1328613
15694028
2575449
493856
13029383
-6398211
4242620
12243043
-1660549
885778
13455234
3863793
9902077
11542875
9309349
9309564
12219437
2399249
965944
1407753
13387551
11546926
873644
290481
12097584
12172422
6182815
18197
12383713
-3513398
387632
1195677
15653410
9453972
2078718
-814503
-3574197
5155424
-3771252
123838
11915994
10918445
-4349012
15632301
762245
-1928395
12327008
-2127334
743917
712836
1044898
1357400
10897033
1110323
1688006
4154301
2942079
12119711
841499
294296
15127459
9407618
11324594
7869659
-2487437
9851826
1285150
9291308
7210586
5703802
2090310
-403795
8271357
17001055
9596550
11089089
-475980
3387985
5872503
387058
-874223
9646992
341697
12888298
13112482
1185796
2457792
3541781
4344744
-2243085
704196
2374563
9094509
-507492
11157569
13240053
4696176
13811988
-2394745
8578408
5171600
11562331
5671402
10524784
-5013390
10768462
5954821
10363908
-71810
10822686
11038671
-382826
11092918
9474277
-443582
7119651
480996
2542921
5458284
6934066
1537032
6159069
3924186
3799623
-1738992
9913691
10755356
10545734
1034396
7252005
3130058
-1014251
2799697
-580257
4378331
10920689
13975128
8517954
771201
15098185
-3955450
484258
13132640
11256647
1774187
12171340
10838394
14132200
15970869
3527937
9036319
13084926
-1687137
-6317563
7002362
6799667
-333125
8651917
-1151716
2362964
415136
-3046757
690128
7015413
13424426
10286217
8798822
1909274
15648390
10671300
14770668
320557
-3337167
-1180560
12899778
7918665
1653133
-337650
8873204
3474785
10440466
-339172
-4952976
9784127
811867
218923
5348283
7856510
-4703272
5713374
-575383
14858169
14546481
9879609
1966968
13385909
11315886
-2033967
14111655
7851628
10620512
-424534
10702135
2661262
187873
14408998
-442717
12238388
15987652
14206715
9079261
12930052
1029796
13703125
12353170
-457253
9958214
9979208
-642340
782034
11360254
9054632
-686409
9074638
2765959
6863413
-105816
1343505
537942
-1994061
1324637
672525
9329557
1743144
8257244
14229038
-148073
14242684
12758515
942425
1181391
-2612702
-122462
-1347535
9959357
8265046
-2221620
-5845324
-184999
11098215
971481
13459588
527364
9255226
8175891
2245400
11623214
9441610
8656624
793864
9954643
-4438443
15399639
-3861146
-228416
9742686
3092691
1363520
10991809
3077286
3138299
1598326
-519301
-830898
10838747
10655349
14648226
3117983
-1037603
2036618
-89469
-2212554
11057580
-170071
15086189
3261378
-2305886
10529592
688146
11887475
5821672
2352335
-2605622
414273
2376487
11369924
12970102
-783063
11670295
-659925
3193212
12901806
3087083
-1850631
8791794
3090006
639615
-3285106
11865341
3383742
10423296
4188814
6701837
1193903
-4259082
-417007
9956338
1255347
9857623
11870043
-1662541
2844876
3050086
9255663
5765478
11421606
13018290
4577180
8439223
3354521
8765958
2959093
-4315986
10556131
-1094797
10436427
8918901
60477
11600370
-6374168
3456445
11197902
496628
-1228517
11056092
12085039
7993716
3434869
3155572
3847845
-720942
10064975
3706937
-1922907
379893
-892684
4796665
4083744
6609700
-1137590
12892062
5380240
1770789
-1823896
584947
4707061
13153122
10870349
10831705
-5159213
-757480
14479931
149536
3333813
12914873
8499214
-1533113
10441187
8034431
14653081
1154385
1485734
-1029229
15476124
775476
2023985
11349574
-3440716
4085847
3249646
622004
6270394
790366
12635774
8379023
16391009
8909143
-1054841
10906779
10104878
11394819
12268790
2726464
1301936
2312217
3583917
-1359181
7882245
8222556
2696908
14825495
-2206063
4328314
3135347
3348435
7757761
9473462
11629200
1040095
807533
7402384
-3709010
4042497
-250170
-1902127
10224856
11661025
1889731
11111499
5433902
-3752004
9135884
9895390
11476470
1256728
3527247
-1857406
-463487
-870946
7304796
502886
-4103878
12665168
-2569294
2615621
2799741
-547774
5703390
10060904
8623340
2270437
14952774
7036782
4562420
6406980
15369810
1594888
2202199
4412791
8351027
3351805
3081911
12161176
1580693
7458598
2153422
494999
15944611
104616
893630
14938583
7484820
12816229
105393
4576478
14754670
8110843
1867318
8822398
-394377
2418288
-775294
4619740
331954
-1194540
-3067613
14872970
11828330
-2427627
194197
11897124
2056940
8757228
12830086
12882860
-4200944
1257379
470409
13142424
170306
14119670
13133496
12546695
2729610
9400740
223260
-95855
12804108
-974415
11814384
10868833
10468737
4049265
-1105364
-535444
7906879
12131905
7199199
35249
12289917
1209343
1411184
-5631349
549434
6373367
2316290
3952984
11433899
1651936
1520379
13870907
-704899
3017221
3166351
10419905
7790419
12368940
1090843
9643889
7926305
9597268
-989919
11860737
6006528
1530855
2402279
-704300
15239147
-4025993
4203594
9274492
13379302
7609112
4214400
-607125
615438
240407
426818
-355455
4262284
12461192
4072395
10776420
-93954
8559441
12448640
-1537688
5501850
-4051462
9780909
-4764765
-196263
5530526
-109332
9781931
13452121
12173488
-4740
-5029326
518876
12173744
7789060
7302
12233890
4613873
-3227495
-814865
868441
1099289
2938017
3598842
11390754
9725225
3892765
7651832
-1860470
10588734
-2883174
3556367
9888708
7810203
11866631
1571641
9247115
14700869
10285208
-3667748
421957
-894511
12484325
10084047
8998013
2323786
-509453
223636
-1257352
3847701
780484
10071975
7814149
11690180
9976841
4503872
-56809
4928902
13290110
-52096
12729818
11125844
1280245
3644299
-3328974
-3051723
7717019
8401565
-3772256
-4347449
2590092
4916811
7921129
-5097822
-2117188
499293
3948326
16028711
1081539
-2089455
6377910
14060929
3699188
10475577
-502890
14327678
3252003
12987504
-2962963
2444028
2757180
8774333
-2626229
-2755207
351351
3223311
2389384
-576259
7304319
8924083
-4829756
-109632
10248786
2687873
9012854
8940037
9672975
4338931
13801362
9213300
74717
264032
12926874
7479807
5329293
7379846
1287737
11447827
11867572
-1388441
9612149
4669885
-2850062
12327452
7050276
-141432
7603563
668190
-3188759
9494119
2435147
-145021
12434772
-2431464
1139128
12831633
2031400
1681233
11801956
3563767
4417518
12169214
4119823
3066669
404448
1077689
3057244
1777723
2534595
7189527
16407889
13899899
756357
606552
11995423
2980849
2093933
3791547
-1297440
-2152798
4626184
8420617
3796013
-3010949
-481581
2283367
14293520
-4940266
1751599
2774790
1104821
13021628
11710302
13930525
214103
-3434448
10558943
1796051
7332958
15005905
985996
175232
15580974
9531634
13699829
-1065868
-4184236
3540602
6017338
3759960
10270596
2434639
7469431
3970155
286060
11809751
10905278
-300767
541929
10743084
634672
12376633
2054321
16299818
13216820
9412864
3050550
11434208
-2771556
-1700267
1267006
6809366
11853780
-1293147
6207165
3087124
-1286230
8337976
15839700
-459859
9253661
482938
-5981780
13647144
-596872
-1141141
3386062
-1400726
9078649
-226651
11418381
-238689
3020909
1189227
3399769
-2292252
8119794
5000788
-5269298
8464612
-4765732
3797658
-2444759
8452140
-3386918
-1849855
5916777
2117100
12641760
-164360
14008462
2192911
-1703156
14897985
2249118
5814214
1682554
8091335
-296503
6420697
-5212824
123096
-512659
4618188
12441169
10316270
14899127
12814874
4463712
13694768
8619935
-4777736
4462937
1304645
-2330486
11903786
159035
-2699645
3350276
12514070
1796074
-979797
8963040
-3182399
-582761
4667479
11994078
10543641
6326429
2200039
12647247
11977789
11541236
9196112
-384581
2308154
137434
11613091
10271704
14698101
10453197
1731044
2093241
-650706
10862773
-542949
12732621
10270468
1841194
2253651
-2381617
65147
17122668
6127447
13287274
11116983
8319597
-1637165
810812
8903094
12383212
-3328357
14867453
3653639
-1332393
6706072
2663638
1430415
268649
2611765
8388108
1071150
12633025
-1626840
2261265
9015247
11265244
8560010
3232391
1720803
6362758
1877267
-2783747
12510710
-1310666
-3016549
-4495827
10039400
-695521
10974875
11927867
-939399
1361598
12679908
-144647
14666066
10302504
2999552
11344955
10901975
1062992
13305786
10337116
-782423
-1224449
4375786
5469577
15370607
-4871311
8459155
11882771
2820745
-3243944
-663308
3085847
16493484
160948
14744301
-795734
9895590
4500160
9230349
-2161700
278363
5009215
3315048
-1471867
3634529
-180228
2066622
14723325
-703139
7551181
758166
4967343
2351557
-506128
9692908
-3884016
11499579
1213985
14073610
1905962
-3433282
4213894
2053931
1720474
2557390
13509201
13930511
-8005022
2115197
8195690
-3713793
8600199
6738973
3516156
9659596
5293455
-447462
9710821
-5352592
61673
12195914
-3933861
2799652
10283169
2395950
7422315
11721714
-529979
-788966
10157702
4430914
-4248353
1428011
-3797835
-333735
3339541
-1261401
2184644
2571453
-1938607
14345159
14235132
-829764
1200022
12154980
1557827
10800514
1515413
1557695
2585923
-2887987
11115345
4823314
2668088
-531697
1757120
600924
433736
10360019
-1438831
11354369
-4371996
9883665
-5843849
-810284
-127558
6527739
9920342
5035056
3499520
-1457209
-5651608
13173878
4916307
2276759
3643460
6005966
15134065
11664574
1138327
3160205
1037883
3460272
-1683476
12871879
15847877
14575686
4278340
8508498
12420046
11325512
91862
-79672
11610303
3639402
1290080
4843712
-729456
3808561
-43337
354694
-90674
6319907
-751713
2739915
11601005
54246
10459895
-112271
4389733
-4365069
-1541776
11557576
14659119
3863894
-58820
3139824
10823927
-1579526
-461922
11745880
576774
-1684416
-791626
14120923
2379508
8307280
3547385
12363575
-6170848
3622209
-4731700
9905622
9554218
6553930
8087889
12973930
13475260
8746447
6853637
-1142221
2318567
-540308
12408135
9532443
-2032140
13134289
-4412445
14408254
7784768
627818
3441625
-2195662
-1777781
11485829
12422880
-965406
5280171
756916
10109840
-1156458
1035136
4381841
5408622
13744962
1223700
1601076
1587640
10086308
3839262
-2527259
10927093
3425983
11078910
11575966
3610358
2364049
-1655613
9675466
11164603
4729462
582160
1910082
314636
2407109
10268194
12549975
3892571
4311546
-710845
11037788
166173
529246
8345379
-785919
-4494684
12833138
1311902
14880920
-1710875
13126464
12379074
1531498
18219065
8285046
6196480
15429298
11943215
12580281
4913626
2611558
9789217
13465796
1905207
6165884
10181232
11694254
46624
8574863
-105311
9234021
-4708932
8390060
9133744
9257972
10960850
10492273
12555782
5754531
5142794
12187830
9776067
18101
-3720876
242849
10373763
6246436
12134763
829263
1441707
13579447
3485728
8812888
1783805
12539389
-2276536
1189034
-1561751
4217053
9439999
-3220823
3772459
10593172
14366226
2210029
1376377
2257471
1157069
13004489
-716126
576940
6126858
9609050
13149624
15464363
-2355844
2548215
8260656
439656
-1376394
-2900057
185346
11841150
5499196
3102464
10654172
10162698
-895836
-1893884
980954
7656157
8941414
8723257
-1472471
9525249
12321100
1872012
1108342
12718478
4394813
-4357312
2616540
10619747
3561540
1571178
-701710
-3982610
1708252
11418484
2598759
665581
1626857
13656588
11248801
-1722391
2140597
-2489017
12603450
2252807
-4036353
-142903
109713
4445589
1152491
11290715
16162325
13495461
609499
-862931
-1595679
11311068
283647
682886
-5397524
7300061
-2513434
10037011
2964260
9028331
-1896858
11055384
-1160186
17200909
650819
5333711
15286765
2634517
10269708
7927332
1471385
98645
-4004360
10280824
5157792
8096163
195308
9824754
10342110
12303991
12430176
80365
1742829
11720489
2533562
3955809
12028728
11102090
-538477
12041473
4795904
13800003
8909005
8004859
3528720
13756693
5350746
2782380
11578901
14621953
2201773
2453525
1992006
16148346
979149
2380963
9523869
-695298
-1730786
-2781163
-4246392
11911615
4016623
6811713
9676894
12181642
1929617
-3799563
-2473680
7698716
15087367
3530542
1214645
10711332
-755213
7631417
818227
11844469
15117288
11920309
3891444
11007293
9143923
13626130
-6352374
-3406113
-77091
9614242
-4296688
-1793173
683138
267122
15499577
-3866063
2117396
12791736
-2132409
5459924
529152
-3849838
-58862
7168461
8136189
11586775
11778551
8587437
11877062
7869233
9451606
9100355
2595980
-477254
707242
-2666728
10741590
-67863
11323049
10991795
8816563
1434038
6084059
4167731
1521612
2301343
11054655
5457504
10005138
-2183335
-2394578
2779984
3451222
8851631
-1921449
-925647
-617892
886703
-1230325
5597791
12334448
6328072
12478592
3503163
2921831
3343399
13658295
1873982
9999928
-2444360
181011
6076016
-1562658
2229455
11634276
101787
6304763
5238048
8749061
-5986928
968306
4455588
10147501
9314628
12003034
1745113
-333972
1531826
10140211
-3988005
1946587
-2348370
12374034
3738936
-1894634
11249999
13106843
-936301
12024778
692862
3102696
5965401
788463
12530582
-2748799
8920072
8907219
6419579
11548569
12941756
2585312
16037724
-4263233
15460373
879884
15819236
11506921
9513516
12008952
11853007
7080069
-416303
-4274779
2168872
2110548
17410631
12530569
3632077
5035905
14093342
-705390
-1462307
2350442
10628622
30254
10987047
-2480372
1927120
11259308
4694318
11354382
-1753382
225480
6192772
2214911
10244264
12763553
2043777
4118161
13934369
14212127
-1262887
-845161
13007103
5497567
-740191
-699823
191374
-316022
1899481
-703499
13586273
1317853
107563
3974359
14233649
-636178
11874072
16795677
-1084123
8284239
-2660166
9882168
12723374
930174
11153686
25820
-3068724
-4972727
-4171247
7099481
3661105
5017019
9531706
16072377
3261816
7475832
9084549
13557591
8226215
8418007
9725212
-3015386
1259576
-3454844
3049424
-3828723
-907111
10739327
913370
10967950
13918160
4065668
12263108
-917431
-4795537
6890137
8887173
-1529264
10128089
14618845
5869265
12360969
11426532
2568726
13228789
-2565237
1232874
10292368
2066730
1413748
1395750
13334152
-1330730
-771306
805081
-1178082
689912
-1855191
3816052
10911061
8879132
12140062
430153
2439290
8355384
1157514
12760416
8540050
1011748
238883
3290772
-5273851
-974324
5537026
1514776
4139293
12401175
8627888
3706021
-1978285
10763027
5393440
3698138
11585021
-1894373
-4977728
8895314
348583
-3259432
6803885
5157197
-520198
-5242593
-1922892
4392839
13130867
2254748
-3729273
9499413
4040444
11253147
-2667726
1921306
1567289
2778344
24124
1601767
10962663
-5160531
12554806
-4261079
17036992
-4597376
11935292
805357
-1057845
11538569
-4022439
15126562
-1334006
13934927
418671
7986750
1829763
1035171
-1062774
7067131
14232990
-894987
1102628
-4157277
14556996
284771
10609238
12624893
5773992
13272513
3762756
7744657
1710696
17485894
4820374
8279401
9570498
7654860
5635572
12593643
5451420
9118684
14671
10436700
3328342
-1222387
-1839903
-4460046
15098685
15958884
3913844
15761268
9773501
13106222
-2744186
6001149
12995504
13883978
15811167
-2244165
13765118
210142
10922056
-4129827
8904044
472476
226053
6353913
2415528
2595176
948738
7908527
1098522
483894
7384765
13868544
-5085582
128073
-1856373
13924874
-5107298
-576473
4836764
12167064
6448258
2695034
11286978
-2154305
11011383
4503110
349492
3236316
11610462
11378522
1520798
3362335
787332
1107944
587006
6731204
16917788
11797181
10469547
12404934
11453288
5925998
-1304737
9005439
641440
4473816
-23012
10738544
6217242
-145744
9399179
-1934076
5960284
1063264
1370324
11247660
4639277
-4077250
1347835
-1667536
5093242
-10629
1361484
-876194
12119493
15348389
840423
-2687391
11765479
3255485
-544174
2474116
11348410
-922489
6782294
-2548204
-1758083
5677806
2275672
3926402
1983578
14077453
5794963
-731912
-1462480
12535018
-813278
-4105959
10706306
4177362
-7115223
-1489375
9085057
12532087
8146433
12433655
1163629
-2048634
11078665
-4838493
10286655
15538965
2510106
10652273
8217388
12517150
8799859
-832999
12689204
1733328
3418409
-1690962
10539426
2902871
4442451
-2574364
11532556
13220574
-4128589
9635950
2810699
10859417
1566618
13446600
-4875540
9538232
-2634999
-3538633
-3444911
12227659
15509650
12387905
10525851
9365289
7703545
11410287
3273195
-2504719
15004567
8757148
-905406
7699687
6355465
9906
-3467855
407609
2056357
10037531
11970105
-5198211
-2124665
12538520
4839754
-3814959
8208758
11777947
2551842
-2965122
2946583
164255
-1632405
-495088
10356069
-4418195
-5170387
14704742
10073506
-504179
10704682
1259943
-3496794
-590674
10572603
9980727
8488697
598176
10411570
-981082
1495499
-354165
3597275
277719
5116951
-67692
15743729
3428331
-1020006
787278
3164551
1551874
8957102
12634550
14915810
-2342162
-75
147565
12433745
2258330
-826863
2566486
1148201
13315423
9853622
-3637742
13077516
2815660
221035
9661896
-3834424
-1871560
6988830
6517526
62069
15985539
2919451
394887
-3492593
12301502
11017575
10256711
-584703
2976474
-47958
3960463
3217086
-45501
12261745
-1550094
636178
11260176
-5193622
-2684003
-1777432
1907832
11747917
2896651
11686124
2104029
1227239
1234673
-928652
10262206
-79646
6747033
12981963
10777978
5118768
5841401
9052731
11993617
145802
9793649
9679334
13609923
14345940
7416943
-403093
1988036
311838
2368095
-438523
5746477
5265281
9565799
425449
-249462
13123578
9886440
12695009
1105515
-1255021
1314162
10420911
11286284
2410001
12592205
9281426
3282511
7123328
9356991
702887
-5211545
1776458
9335152
6848658
3491089
3353010
6159449
-4963506
13985273
12656608
8746141
-42366
12080601
3291672
75643
7114600
12860765
226691
-4126251
-481512
13262158
2369332
-1487149
15649297
3660131
14174609
12077016
1893429
4178156
-1515636
1236548
13162401
-432980
6173695
10557208
9747035
-95903
8107271
-434979
4185691
-3144906
822738
993421
370162
813963
11774467
561677
181211
738534
2197444
-1293337
11565639
15213775
-995372
-2444603
5732793
809011
959871
3006847
10753685
5375956
12930240
15619746
-5082613
-2821318
2735216
7985015
9727938
1555630
2048843
-2422387
8410381
3131694
11651105
2044913
8888535
-101793
-2023461
-1090809
1422877
949777
12003704
12262158
-2863595
4436967
6513823
1706524
14450057
11453406
12415303
-1908079
6579375
-1683216
8261102
1866686
1154580
324019
-501268
-4420416
2912912
10763560
7110421
-1834687
-754006
314856
428661
4676565
-908730
12710214
8353541
11168203
2306880
590042
1220284
5564549
803122
-941120
8856974
3568182
1518802
15319199
8804412
-219252
5629365
5997378
495089
2417555
2615815
4056306
1523966
-675622
11487284
2960280
1500439
1311389
1291995
15200605
631465
11187859
14528060
9335666
16145048
9932837
15605323
1575569
513552
10708919
4374353
15354844
-7679502
-1210809
580788
-759854
2096098
3125747
5516211
12168523
13842462
12161580
8867396
-1254262
3162768
10267620
10837431
6963353
8239075
12408402
15738290
1985306
86878
14914168
1930827
1505567
409871
3158990
10086560
844087
8891972
5156230
12754285
-960470
3406811
8993083
10703699
10888677
185098
-711952
13442746
4496443
15272535
8624986
13918795
7909374
8361336
3316429
1153681
-1866350
8870067
8665080
7414921
-3814683
1211117
-5438571
228952
9877244
14148734
9290957
1179181
14363740
-485055
6331431
-1137497
2881972
12422330
2648370
-4096682
10460582
13085839
14024035
16241543
10325119
10883868
135344
3457759
-4647792
-931180
4601226
4923317
1515756
-890344
15290896
11722268
-1685348
2235317
2649323
-865608
1819433
484039
3101008
3530300
9822398
5313245
13882830
3436896
5148911
-436622
10762511
16102848
1061963
14191252
-2804871
13223479
12814252
-2656072
470689
1951442
-999661
-453132
2742191
5337966
2731677
4178911
-3231626
13835063
13921739
14234710
9793584
-896767
-910037
13675060
12562690
333766
7582483
3763106
14846691
14149081
2123488
1056792
15242201
11848030
6581049
14601124
1347183
-2330901
196654
-880530
9206012
-162795
-30913
-3615637
12435920
26623
-1021826
15086180
3262732
-438656
-179086
-1384231
4001842
2920861
-4025953
12058833
473296
-72402
-3968951
-2286657
8278403
10859108
8713272
7017486
-2100828
12544334
1413648
9835742
-355534
4410104
10382443
11903660
12984765
9544140
13209502
3668148
-1630781
10651618
-4637914
7320411
413405
-273907
14620320
-1301590
-3300089
15439362
8075555
12522471
12308863
3041194
2056676
12676909
11214036
-22096
12858276
-2032217
-491193
13960859
5644117
13717652
3224718
1351066
3190446
28897
783616
12226108
1713247
-5699133
8604858
11374749
-5370918
11685067
11014781
11503365
13778616
1396282
4662334
16257554
13080293
9307631
-1052467
4961881
-4205523
7703093
-76588
12109205
12628218
11893954
15387330
-649572
3511624
9867260
-50807
-271009
5615021
-2516696
-2984116
-5462398
-3474384
6576834
304230
995908
2387379
8097854
-334538
1296219
-1349007
3273530
-5726780
12692248
-745496
5390834
10986528
8608874
2614070
10347678
7045003
-4296955
4620578
7669466
4620690
-1417593
10158898
2821594
1735683
2215104
8426220
-2945146
773240
3587285
-1434356
3653831
12751283
10307170
10216340
-3391140
9943958
-64642
2792272
12406116
14981166
8233004
948222
9883230
7513459
10842619
-5204729
603542
10757923
-777652
13292364
-723311
14650921
10690599
12651668
-5449709
-2128831
9149777
212046
5228777
4978691
9282954
-4253875
-1002384
681834
1101668
5554640
12741223
9017917
215752
13287552
846940
-3590410
4235519
7353321
-2121805
1878454
1547548
-4791856
3338542
10710997
7459131
9026615
566096
4722969
-1695831
12437453
-2515653
11411577
8240133
14675720
3949144
8159286
3087238
8775823
1081587
11216805
-3445354
-519739
4336735
-3713397
8759632
8497546
4712003
-1462754
-154651
12348890
13018163
-1730485
207990
9588240
6267399
8513449
-1602233
85983
9968134
20074
-534505
4537145
-4052690
2403585
-5175461
6872627
8554874
-2468853
-3436313
-938452
1430723
2205590
-498071
-4683702
396063
10284177
3512569
3381691
7043117
1168304
6800908
304453
3509585
10144967
13188066
4208642
2815477
1581968
10463972
3991640
10415923
-887077
484100
1109763
4326189
-2832767
-1575783
6872036
4878150
11818172
13195007
5689521
429675
7108746
-1011844
2651820
-4344767
13412143
-1628367
9997227
14412075
7124541
148478
15281597
5744183
6663078
1037812
-299484
-2173786
3390036
-1073600
-412582
14529622
6038171
-1198282
14791253
-840072
12937176
11145379
176650
2057386
-1609824
8175217
10235195
9981879
11255755
-2769691
10974140
-105521
2941848
-130816
14217201
-894880
-1364745
4970420
91596
12322427
13085726
1745277
3252057
1776351
15683401
6750822
4797714
3218778
12204617
2224288
15155352
10146723
10999154
-434002
10344159
13049280
638408
1955992
2633147
11716582
-1980453
810503
10310296
2506884
-960045
-629396
2213432
9171090
-702789
3205557
10595329
66739
-2241401
-4830237
15691082
2152503
14200001
9078454
3799389
263704
3120985
1469698
12338665
13142324
9426574
-4575258
10219545
13451840
9873215
-992764
-1745400
11643906
16361497
-2705213
13696540
15850075
2578284
820042
-2713084
1719469
9985960
1761555
13688850
3220901
-246198
8174157
649151
-5996883
-4978814
11553264
11100075
3518622
9367156
11034484
-1817865
14041477
12134727
7843876
2804020
3937645
-353909
-2191072
2620322
10908888
2280369
-303901
-703589
5878421
6254021
12105282
764369
3998475
-1526047
10888705
12531542
11855782
-2190095
10863354
2149141
-1287602
619673
3725214
11850281
-3514351
3110899
-4417167
13430097
9018641
10205674
7141623
6854979
11970375
9525325
10229437
10279345
14982109
11504178
1476201
6170830
12676292
1531589
11629789
3322629
10725375
2452041
7444396
5730714
-172644
12683463
10237389
1073305
5531817
11194548
1363479
1546996
6317663
5405179
416594
12626263
11995713
6723051
-172036
13655620
12233963
853836
112694
-4085559
-2229755
1510418
3257456
12808896
-2782568
11880296
15560359
-252013
1398485
9774422
-253011
12490268
12466993
12174016
2405059
-1728180
1527516
917640
-2013897
9600702
4546776
-805878
344554
1142466
13042091
5466322
42016
6865234
8006609
3461101
4704188
3559335
531326
9291306
-1612291
10277725
1813806
4555912
2492709
3701636
10979427
-3228458
4009850
10644351
-287422
2278208
4054280
5255541
10026283
5013385
-85634
8931906
12582025
401764
1762691
-949267
812777
-812327
-1625657
12999583
811125
10619299
11457216
3591555
1524938
10903428
14028146
3523982
149186
16006274
10019243
5957889
-2051845
-728751
787957
2093903
3373360
-404047
883729
2785250
11176808
12474690
7855814
-1053268
14297785
-4458684
-486132
-1828039
1904736
5363674
15296265
11323383
13844725
-1477243
4873393
3847895
876717
4445622
13789221
-302359
4105837
5481350
12271434
218390
2376816
-1583019
7202909
-1398522
-886935
-565839
1094350
11944830
7622011
11337977
2760299
-657226
9645848
15106109
720397
12067843
-71725
-1992043
14839407
11050396
10237897
1565740
1375837
10084588
11094026
3247764
1977295
16060759
2880412
13611066
13038917
13115160
9406616
9772083
4132249
14241834
10203735
-895867
-2313502
8122895
-2657746
11212706
971150
-243687
-1997265
-3638
-4745639
16916224
7932744
10770775
12282280
824442
11034660
5117336
2376594
-2173656
-298746
-407113
1610283
11663248
2108437
-599729
11679623
358263
1911251
-2136163
-4957791
2931970
-1219183
833159
8171524
-2110535
11859908
2216081
598249
9859472
-97961
2249259
2457534
778094
-662256
4499883
12749256
5784451
11024073
13717012
9344663
10809849
-235725
7182933
6651983
-803865
1340374
13233095
-4123382
478934
379581
-3005740
3174061
-47839
6850424
-2954515
-1216257
-788314
1086529
367391
-66765
2114600
6430339
-2637959
6673503
-3947095
3703839
1334861
-661738
-1354391
15234135
11145288
-3929620
-19992
-2693041
5149787
58412
10515377
-2628484
-2120372
10226867
10368447
4438120
-1952476
5766231
12041141
8934702
8294959
64333
10017037
3307841
12253896
989843
1108108
4622851
14997893
-469187
3775530
12548239
8244894
709659
472737
3184740
-5259643
10225014
4930917
10191088
2244423
-1665885
-143639
-1475421
10581451
4079825
446557
11142621
393444
10435796
-3141338
5500678
11185696
-25655
11169066
-2559780
-4179681
-660198
11753426
1724758
14407692
-1079081
1128201
-561778
1494744
5251868
1257227
11078874
12254127
10071407
5186494
285891
-106926
3711754
7717180
2112424
2106911
7163089
466732
5407491
11318653
9257916
16238570
4745143
8611293
-15345
-2608353
2423844
946373
6552842
-1018127
5424528
556393
5853972
3013941
12904466
11169552
12579617
1380569
9047625
1110384
9762355
11260245
12052514
3024066
12145441
3552617
4580286
-3085312
15597398
-5646270
6239638
12579295
2390308
8066091
-1652824
582666
2886736
11279547
9864572
11186522
12328378
5427076
3087949
10923302
-132562
4493086
11770027
10922236
-4566789
8273433
5499103
14129235
11828018
7141013
11869817
8483157
2079726
12203813
12236787
9742482
6330020
3873703
-1385160
5062860
11960881
12534387
5262465
14026900
680129
7974087
-2638477
-1590911
-1543939
14341047
9441256
-845371
1272800
-1281169
865112
1273828
-5139297
-5908960
9976716
-645145
1220897
9880446
8244167
7494665
-477828
-41272
13724963
4798588
4970783
2358754
815249
11365721
9567601
-3747255
14016142
9268451
1261124
-231263
6128558
10442630
187240
1813620
10165056
12567772
382579
-437240
11063427
8681711
4594638
194651
-148447
3631259
9003197
2219190
4370018
13822583
1982372
9440262
-2795199
-4106935
808982
6193853
8991212
4243400
-4750609
12206600
4366688
-1331727
2927413
15620831
8760201
1257250
10198373
-2534482
1961187
-1159731
790455
6909505
-1336552
13025972
2584674
12299603
3366264
10518010
9921924
12005782
3503822
5258290
-3555516
4018353
-324710
4001230
15913121
12790112
11647572
5190752
11827489
-5245764
7288617
2592789
12980495
10305571
6050209
13752772
3559080
2510088
12136664
-3994391
-1970910
-766095
9620576
4992561
2267473
3759940
11709294
3334460
-4803846
9554587
5644235
4294587
11220600
14433680
6423977
743313
4833275
13511270
10371144
12098053
2747932
12057079
3550209
13379710
10087837
9142216
-3625424
12624062
4590843
11378409
9973934
8639492
1334901
5908149
11961345
2340
7968119
-1506002
6113845
851805
2435724
3846267
-1329119
14975343
-3976233
13063355
-4401277
4433173
-955398
15351493
1874162
9512639
11222128
6403602
373231
-2528507
1129257
3038071
779680
14175910
852305
12250283
-2773890
-4640443
9714057
6292165
3054370
-2031348
6816418
7016706
6931817
4849026
11308555
102573
5896334
973717
-2278873
1043272
6073130
1940862
2917371
3296063
177602
5334315
-459097
-2078425
987629
-2789602
14954739
-4332696
8049389
-163455
9013746
1094637
2012611
15629112
11844936
-727719
1641138
6765181
12787194
-937481
3631833
285603
-1192696
4014671
-2999885
-99220
11295068
13091538
8229893
5815807
-873
-2131590
5857721
6701130
202520
267155
9054219
-1263399
4326010
11744090
16218298
4762980
-2125614
5655438
11977041
11489798
-1102546
-1006689
-2056380
3088836
-3880992
13019629
-278770
1897378
11325348
-1309630
12775437
-414181
-2219133
11498284
-1778139
4481539
16311795
1700395
6460980
1421799
-568523
474610
7607088
-2402601
1578962
3598613
1544109
378513
6397281
1591860
-1195432
6754324
9616957
14680822
-176773
-484464
-1111479
2029412
273169
11673588
8588084
4623444
8103873
9851442
11846764
2836437
-911578
5433224
-2380867
-89863
-170124
-3507433
14283529
752115
1903853
11851692
-392482
9085725
-228658
2948027
1372646
8883956
669126
8010516
1566768
13564451
473934
-906190
3234247
9244737
-1436570
-288294
13278851
12132914
125383
-3846136
10428072
227430
8839084
8868893
3867683
1851542
-3388830
14247723
3751319
1290614
4096027
-1472340
12311623
1337068
1311164
-3800507
13907992
-2483418
6641879
2107534
2259863
10388217
1517197
12400856
531838
8933095
-5001623
-967386
1179053
10262177
11756834
12916662
10042588
14558327
-237869
4479976
-494039
10219125
7852988
15767978
12822572
12718932
12941360
1146703
4214758
646728
-168071
2042077
12103208
16766976
4551537
4014087
12630945
6176046
13833598
6863886
6354817
7577951
1661395
340075
1784744
-2898994
-787797
5517856
13870445
11669157
14426298
5326474
12057365
1385240
3442325
2071585
7383421
7575135
-4782149
11261563
1843342
1575365
14540822
110866
3352622
-1442849
9347982
-3417004
4797051
3909864
10767811
13388580
10978873
276887
12246009
9077397
12937170
-1814583
-2291090
3133367
520315
15190787
-1598684
4180547
9294284
5876841
-1177339
1682436
-1802698
10062426
2519837
-1589773
9982
12442124
-2710279
10271855
11665450
4253853
1386659
12666948
-2436790
8826513
10652185
-4186531
4372415
-399173
-1468522
1013585
12094311
1333804
3278522
-315360
13194492
961692
14424755
10909522
933156
3313415
2291357
8955576
29966
8741468
10824213
639218
-3110798
-3089451
1996988
2277749
96805
5112694
-1598565
-2365416
-1364894
-364145
11922922
-772735
3454542
4041696
12570407
12736766
9798173
1549113
7706882
13382777
6688981
404748
3421743
-262483
-1837169
8390022
3387816
2338381
7422420
6522408
11681580
2684509
13361685
323019
3242938
9953180
14530109
14979013
16596431
8292634
-4895354
6323978
3305035
10082161
4764847
1917433
10608173
7233388
10304462
385249
-1142971
-4954136
-205032
23285
-7014956
-2826880
12392014
16752635
3899458
543414
14183925
2542570
12331775
-1857908
11598115
9469440
12410866
6056586
1205807
11848720
-514098
-2101353
-2753370
-2946705
-831881
2645019
1153628
12797452
18339317
-902918
3586432
12846232
10661316
5732125
-112013
-510210
10460370
411232
10293685
15401204
11612503
12766922
278594
4386269
8801950
-528743
353299
2455589
-5396449
10402716
4180044
9166621
1226272
1878636
11482168
12362274
2795585
-1332393
1798017
-1414903
10816131
-1134738
5203259
6212098
-649478
-79452
12577630
1050295
11372349
10241758
2760838
412401
-271595
2348710
11640520
-17235
39815
11534443
9447062
15165194
13394325
6004284
10990173
11703303
10075970
10217300
10763575
5042760
719818
6961522
463976
3701846
10317317
2208324
2510535
833109
10832866
-1877064
-483315
4175656
-442714
-2413222
10103679
7602
11213300
11967302
579464
3994947
12516596
1234589
2276408
-2311167
15468154
5909102
9724359
12332917
3772468
-522449
9657451
1880755
-5462456
5185219
10293391
11326163
3064960
12777463
2801558
-3874704
1904123
-4767773
12521897
13505448
9544876
-1909935
2771452
-2099741
11144348
-3964361
2459291
502133
12039402
13235611
4853786
14091349
2386039
4856275
266446
3746016
15541938
3900082
13859574
-276356
7642234
12900976
11315573
13195880
1747635
4642347
950116
10801688
11015728
3209967
2098280
12420631
3766822
12056687
3154010
2056262
13290064
8909466
11677190
1710238
13016033
7654359
12405873
624266
4356317
1247653
-2555333
10131757
13626
466315
-5282756
-3097862
5004881
12637439
11684887
6191484
11973927
13651433
7922646
-621555
5940983
5939550
1133811
12853941
10419343
1819349
2181355
12272782
217509
10586946
-4386178
5451911
2696522
1313892
-5388510
12793084
11116055
11230564
6964029
9379168
5500266
326990
5132574
8662365
8651849
2489477
8720571
-2045948
10119569
4039499
14058106
749062
6662330
9804637
13207063
-1379648
12885106
7723713
-1063477
5956052
1651569
6479701
-4352153
3773078
1402439
-1804629
1355738
8041136
1753354
-811971
11557899
10587617
11893230
12803285
-1727025
-3619824
-156669
642590
12343659
-3330259
186506
3244645
1485240
-6209403
476762
11529373
10781237
4099661
15969432
11887529
-9806
4195575
12758207
5355985
11789513
-521458
2091640
-3857601
7984447
1762981
4839233
-3943109
6386650
-850813
13605477
10712464
3061633
9971904
1901363
-141930
10364486
1452250
8178465
-2623245
-1392473
-534826
-814974
4255882
-2015831
3111918
-453459
6846987
-843763
-3003755
-1114407
9022097
-2413211
9568323
11843892
11680335
1310945
-564450
12908575
16639811
-1525500
13432129
9218886
13609733
-40052
10530545
1071714
859661
7815314
2742696
-48828
-4412770
92049
4294903
12825413
12552118
11813485
2562810
12441457
9783003
2504538
2128104
10329048
-3811421
3961213
2541632
4668936
-2867617
1652861
952267
-254584
9670704
-282141
16702540
3451082
11677872
4206942
-777636
-2017942
16316452
13381354
15685495
10313605
-1308446
1953196
15050652
-1500500
4476879
8369478
-4409102
-498516
7823237
8302809
15872465
11908038
-3561450
5745106
1978911
3650090
-376660
-1945809
11734056
13985832
11298268
-1301512
2158439
8231627
7401553
6991826
-678173
-664164
3588971
-2052826
3883609
1581467
-594837
1161459
10372911
1360066
3655477
-310020
11838954
15256319
-4660237
-4083441
13151108
8388735
14003375
3485813
-4112822
3629682
9469952
-151230
3477544
9162057
1728256
-335322
8294103
5243662
-434247
10183322
2786263
962380
3569127
3925277
576367
-635836
4483792
-2472365
2997485
-2410427
4060418
5398044
5372124
1130828
8119353
14021562
-125721
1472217
1405220
-119507
-1083309
5587570
4177702
7486530
10122646
11128522
495083
-1310019
10987835
3882574
148351
14245068
-3606698
14307482
5927511
-609519
11985602
-1946472
4776250
4976233
8590542
8613496
-982926
7116571
1056517
-1205031
4979548
2232673
-161942
14186291
1826473
2592600
2071892
441847
9149561
-683899
13991130
7675833
12377107
-989469
4550189
-5054984
12007281
3099699
5404135
12366666
385100
-3070909
2210850
-2182891
-581534
7208511
2889652
1013140
-1063455
12545041
785443
-4555577
-2034803
16401257
-1080405
9523994
1136144
4818025
3385844
-203962
9620828
1399858
11550428
10703264
1650951
3088785
10507572
64650
198749
6286280
13414100
12048955
3498543
631604
15371753
13154886
2743591
-1142413
-2136938
6513595
2849687
-1365082
839429
7452999
18925192
-4745939
13791505
175843
-797418
56607
-790223
1615774
-819832
4246616
11281391
-3424546
1056479
6756509
3320046
10862811
1069119
16530896
7499270
2700449
6982703
601063
-5120531
-223199
1673391
719590
466829
2159254
2438237
8679092
7711723
9434378
6941436
10310059
8686297
91419
2567500
3698311
1672510
11011090
910665
1137960
12974797
-1173781
5501712
4639946
12709504
-2117863
-2969703
7035345
11499629
14883418
-4612774
4235617
10265800
4206426
5984530
-2896737
1335115
15065565
356145
6890367
8880807
1366233
605034
3034736
6913322
10106388
6774949
9720593
-1854117
1085415
10424779
-924309
6521807
4513076
625157
3382719
-298250
2967640
2078946
2842470
3507249
-458307
10322789
11895935
10909905
3840043
-394828
4617948
2718450
15762486
4392810
-2818877
10324929
4402345
3500014
7468127
13124643
11746846
1881063
1279662
7411448
10525037
3596562
-1429575
1350082
-827329
8933676
5884447
8306399
1058963
12220911
600401
-783494
15063329
-1142678
-2939010
-3330297
473281
140555
-3661128
-405471
679829
997813
2029683
4972568
4048930
39823
-1049998
1044258
-344224
-5305354
2644835
-69592
12107402
-4273808
5210170
1696160
-1773455
6426993
14139111
-4095817
-722250
11658770
12525087
8123492
12981769
1611849
-2507615
3485521
4530481
8733155
6237772
14904858
-1071419
4093082
-341428
3844025
-501804
7147789
7394891
-3056292
-306072
1061851
5796444
12184152
-5809776
10228990
2463579
1891185
-452694
9289206
-1630865
-1119174
-2089521
1360091
9017360
4292967
8389743
1780819
3844321
-1299592
15186113
2415317
11036101
-6298613
2980732
1834890
3002116
2393366
-1512203
14342024
3754995
3001737
12707529
1679232
-165716
1325227
262237
300420
-2036876
3056975
12374656
11212644
-2189603
-2596884
2267118
15734120
14126320
14084378
7080343
3432336
9502032
11297752
8092043
1005819
195035
1048640
-3300809
-2538948
12832989
6573073
-69023
10470455
807806
-1637254
666179
3267202
2146281
2141994
3075247
2657482
4105917
11875643
-313449
2586097
11477900
301635
1596989
4601749
2316897
2184476
1037440
15067908
-2277796
500426
-2584019
7555451
6267970
9047654
4797582
3300561
10135330
1964461
11440318
12983296
1815444
15185470
996136
14067661
-3359343
-1282449
-1240690
1221418
13842536
14387735
887655
-4606052
12650038
2704426
5859245
12310118
-3631212
7761596
2350256
10947226
10076706
1496810
10994728
12310032
2548014
3828280
3252199
1507534
10606228
18869272
15463756
-768542
-190500
3734408
35707
12391864
11933373
9588097
10150360
10112446
15050010
7853231
11109500
13018120
13005887
10558233
10115721
648297
-3169879
18755377
244905
1452157
16077877
11290670
10411885
11902150
13603623
11348474
4424647
8867878
11140048
72801
9469653
12374383
-2779055
2502594
1959936
14915397
926260
10942259
3447672
6884221
3361696
9578058
10871454
-105963
-1202166
7495008
14614517
13252908
10802752
2429210
2512871
13627901
1737500
9355955
-2572042
-1220859
-2154021
10424253
-1560726
9027392
3749281
9063871
-225926
5624694
13185573
11347176
6905080
-217819
-574270
-1324891
8596037
10319979
10041824
12095475
1003647
3966936
3051849
-1153325
12214504
4025241
18540224
1223776
1884278
-3404718
8337499
12096752
10632040
10887558
6376425
12465709
8701991
381970
12481337
-138923
-1899151
7288939
11867396
10703057
8037627
7795736
1833368
-661293
10792492
3689079
12884857
-3552673
-321179
13054764
11449600
10908629
2174364
-2530848
1287570
-1363330
5932020
1208338
-617008
-1079398
1349227
6653292
-3181810
7453596
12270061
-3964222
13181867
14383984
6344103
5912747
616702
10808149
5215115
15118186
13321981
6671344
186212
15145239
10849807
-864474
-334675
10406922
-3895592
2867026
155843
12781694
13691590
8677133
1683909
9817993
13742020
-775648
1457533
16024334
4753313
696136
14044282
11197718
321725
-114398
8590636
4771087
8767685
13952993
-114671
2697871
8927147
-3643520
10361526
12047853
-3527878
10496456
-733353
12374219
13636720
-1836206
-331157
1806956
5364853
11785197
978501
1537783
11720923
8981256
775054
3897479
5079223
12710341
-730865
-2258744
8705626
7302658
9418756
6050936
4594481
2231090
615526
13205242
7468702
13852949
11672596
7137516
11095523
965699
11928863
5752377
-2927097
-1402341
583255
9253219
3733689
-151933
10131647
12146730
3316885
10135081
5150463
234706
14811828
5129309
3161700
64954
11790336
7203926
-3400168
2348010
37519
7392963
-915776
-813551
52065
11218581
15548636
459024
1751754
-93116
10476111
305071
4575906
3402028
-166555
-145093
-2869028
12091976
614030
7241819
-1815701
1594357
2591787
50047
11229192
2007950
4264661
378550
10074952
-5097417
3783129
4251600
-4928491
2855705
11234872
-299053
10701815
10605943
13092586
12587216
3502483
9281160
-852233
-2176322
5311116
9476382
2128893
4318654
-4017432
13376907
-3461628
8398879
61470
-94462
146813
12998028
7313430
5452443
-657057
1578946
3421186
54519
-1913227
971387
5253506
8550730
7464275
11809792
8311242
420855
10081873
5606045
2757533
6517924
-4416931
3768278
6813624
11138830
9617100
5629508
6523354
10429968
9891278
-177407
11773325
652351
210494
190989
11098059
15084950
-84933
817162
-2968243
9724766
-1977790
11581937
8895823
-2172429
2913106
13619337
-4196149
-4896689
-1210061
9060425
8985453
-626225
11701185
14829742
1948417
1695948
10757677
2803998
7371618
-135917
-2777155
5657813
-1926448
15221684
3769800
9555484
4646260
2118453
232458
-7204726
13382132
-1076630
-393630
2241695
15992514
8094714
6975324
11474102
8838555
10430347
14381982
12479991
10598753
3367990
1286609
-2058377
-2539591
11658190
399008
15972039
9089321
12974619
-2668464
11828300
779453
10514609
9312819
11210347
1513696
-1625920
11444192
1481884
3078091
1680707
12806767
-985126
1250349
10458326
11316752
1307263
-354112
10241482
2085201
-4703734
12438346
-841967
9049802
8538585
9269716
1092480
166568
-765923
9067577
-280819
8967180
13041999
13661650
8931890
6999766
5154756
3223301
570728
2622132
14795854
14273842
12465326
4458399
4030362
-582306
13448634
-830835
3112966
33862
5445405
14063181
2592916
12781460
-1598024
10648577
12910168
1079718
2054856
3331385
10480946
-1115884
3441198
2334979
-708095
17160623
13346566
235711
10436068
3132150
12280724
8396760
-2218072
6878292
9513474
-549579
-3630338
8084621
11156426
1554387
11965665
-593764
13703476
7464287
11763978
14280003
10396655
2250210
12592194
-1631344
550492
1459081
33693
938304
-1023508
12890719
-829235
1058824
1019968
15670040
5914981
352063
1089869
684123
14782423
1607731
12222050
12626885
10202561
-1217078
979160
13344668
13374111
440157
10799533
1469317
3906599
11598093
12911680
9440148
9208200
920235
23383
3750287
10229104
13036440
15442215
444996
11390136
7344763
5271134
3050200
-199996
3988311
-1269899
2480348
9871511
2339316
3655108
3421901
-324365
-926381
-4223708
-1827809
12409749
13428594
-4123315
9082510
-1178602
7611973
12879905
9054831
1578703
14567355
13363912
15131608
10660138
-5506856
2997491
12284864
4394039
10456512
7611493
9516572
-4515329
556728
9723638
7702615
-3886541
1971172
1380882
14455773
-1149809
-1750948
-3017184
3206775
10505028
1418290
703271
11946007
4341425
-914128
2692984
-5009159
1803386
8148782
10825481
-1089509
11494909
11874581
-2481874
14834006
12516910
9351378
1009360
3805733
12808336
-1659977
16078418
4727295
-5250039
2752955
-1403595
-2856814
740409
176327
2330091
10200503
1698208
4804935
1242691
12437483
13052247
-185770
-290754
10756372
811894
1350837
1521172
11452728
1421539
-923703
-3806671
14619107
9248931
-587481
-3151366
11813869
4487451
2739287
-612635
8538191
5980684
635837
1063150
12445088
12358318
12486343
3947234
12634277
7540494
-700658
5982782
8117335
2491126
6580812
-1634237
3513775
7780959
-2988927
10440049
-5614511
-2006062
5666178
-5694801
10007665
9427199
8756363
-317
-481851
-633514
10770991
517931
1511434
-650654
10681522
7490983
3587701
7535050
11421121
7657933
-1909194
4477569
11419353
3145752
746832
-49137
13490979
11481029
-3294931
9272516
1613433
-76981
2205348
14641007
-6004315
9800403
4978699
-1441282
1400118
-4363654
-184474
2545123
7827144
2178583
7195317
7193575
8093955
11960393
-74580
1819757
585359
12460421
12994003
-1409414
-6141488
5887102
-436334
54669
3663051
3620402
-1377141
144334
8503985
1020155
3497213
11708675
-2552977
11137928
-4706359
-2241438
3632399
10674023
11584960
13202738
-4254950
11267791
-1729259
13843970
2483200
-1625956
945326
4454620
2467718
-961975
11878621
11160299
14716851
-458408
11902359
-4096435
2651385
-1032110
2885511
9972849
631202
5933870
12725813
5454969
14016089
8629833
13249349
8621006
547574
4194664
15475607
4170776
-5092405
5618043
-1041615
7338970
11977454
9979208
14781288
6441644
690232
-398947
110459
11218343
-475200
-1933565
1961946
-4109293
11905358
2904845
-247791
-9578
2076003
-1132949
5531187
13487698
15196985
1679341
8777944
9511283
4565132
1599872
4764534
11001330
3298147
17771876
14696423
-2658293
9692175
8852005
11130149
8743168
13092250
-753409
8391205
9474709
-2048558
-2542093
12336510
11991445
1892796
620943
9033406
14409994
2383714
13083430
2637430
10183193
14796325
8241525
6541270
2589527
1733953
10997460
1702548
9670566
6003100
-3310888
144247
12349274
8446021
10813003
15457684
3709725
14450895
1750721
12754529
10917063
-109399
626756
11662826
581796
712279
9910401
-4967622
12530582
11997720
9948330
2035879
-83961
2266278
2018041
11786746
-874801
11160590
6310389
813762
-5144347
3670477
-1457860
-1386544
3718322
1258472
-589857
3745135
2105186
-3598388
4583648
3824426
6043076
10121112
83504
7578985
5316197
10962447
5686411
179808
8214269
9890944
1793026
-303808
12196505
9701900
2085527
12272081
6774288
2017142
1894209
-762256
-387236
9133278
-83843
10569564
1845649
12056152
-1855401
7636620
11071395
2334215
2207181
3444788
2440311
9172809
838496
-902172
3520787
6780225
12373642
15556810
1427678
1844728
11519311
13099741
13975209
11652968
-2174855
4722307
-1239633
-578132
-2398361
-434941
14447166
3524206
5071172
9748633
3781040
-1812481
-4264989
-3398622
1043083
13013642
9149759
10188488
-1517161
3918843
7360567
-1533553
14434045
12228781
-160022
13708525
816600
3088508
14961537
12370969
12434741
2357060
-1967779
1480030
5515285
9042710
-3148610
673289
9900507
12980128
5348728
4244505
2617386
11158850
11841766
9132047
7321601
10100475
6790287
8262226
13491615
9675023
2072341
12441863
3448550
-1708493
12454642
11310043
12069508
9920823
3023565
-1194160
6534366
2447270
-1139144
11079589
13479333
-1816452
-273043
12390414
15268
3991085
4208477
15792763
6809304
6696861
4572956
5624457
5536723
-2763674
7797917
-949229
1037623
5966888
7523030
2450540
-1394973
8022063
-1360825
12394882
-524717
-609378
9324878
9714775
146878
-735881
-1100349
-1387366
-3684781
2664336
8829813
-5881091
1785347
1608051
-4059256
61589
695010
9324773
8653203
2744762
-3325376
1256515
-1145140
11978131
2912247
17493111
4437412
4297082
-2495518
-3181421
-4046187
11663645
13781975
659215
300025
-1353
10275352
11921619
623210
13908777
10931444
15546021
3501203
5871229
8603841
9611565
-358154
823313
9018701
919059
12612265
10404786
916747
10915747
9335319
12150379
10393478
3622829
3123020
5567200
12518820
9007291
9917480
550549
1351522
974236
-2384440
839420
1358235
6897118
2976809
12129671
10587952
12419751
-1474395
12943148
5476202
6865047
10083941
15024177
10233113
892895
4074032
11749676
2387059
11263533
14291866
-1992707
11477172
-810879
11751160
2776914
-4403741
4661786
2122264
1585414
2983270
4669966
-370267
11451724
14572660
11756716
128660
9007668
3880418
-345719
699296
1388972
9924671
11592894
8931437
2726409
4911105
2689265
4742093
12277428
14197199
-428692
10030290
8801160
1920136
-504123
-1223298
10555534
12978684
-4438581
9253901
14833792
1296603
2480921
-7085
11598490
3962902
10369937
17039144
8856986
156364
509341
12003287
11690887
1561907
13132832
5818864
10001869
5268636
4284219
-1111617
13264150
419170
8609610
-3930095
3329490
-3549302
7281849
16556695
-673613
13008598
213830
3488163
9588669
13334809
5152
2098620
12914435
-852105
5000727
1155478
12244801
7180073
9612387
6617485
14844939
12944864
-1444023
4577387
9302901
87763
-412805
622318
14183366
9547966
-652516
11295174
-4114684
-4735825
558682
484850
12515886
10258629
-741424
16949371
7940027
9014005
3563347
13058070
2473662
10605465
11673384
3649018
9028611
5729426
3481365
-2181664
346271
-1370039
3611263
-281809
3504355
6860394
13835158
1307937
-1305108
3454226
-1397119
9103553
-3734701
5653715
-3632506
3892000
-1175754
6819835
8227823
13121453
4470949
2009818
3283412
15292562
10744901
7627498
3949844
-964862
995860
5666882
1681999
13833498
432071
7259409
202775
12448250
12213220
1377552
9130267
5487881
8468528
543495
2466726
-1254565
7696604
13078126
581416
-3520415
2935957
-348623
13261963
6788601
275203
11720924
11283077
2029232
11362096
1069424
-2083559
10740389
8282373
9209612
7998809
329596
3556683
13161738
-60336
12296817
12254794
1311163
6244330
7473122
-1480992
9338556
352594
673020
-796430
-876799
8077020
14971474
1321378
10469727
10181951
8817332
5027468
11635740
-589400
15606839
13015544
-185488
-51306
3902284
9930654
12523578
-684083
3187065
10705143
3542260
12557882
11905027
5080800
1216507
4530876
4045414
6003604
-4890271
3756945
611302
3859613
630227
-690294
1290664
112860
-4522910
11458002
-4533229
10651538
714530
2724579
5145075
-3033022
13368376
2758307
3754208
13452903
7530486
2507791
6940447
306684
2681679
8191278
5132588
795739
15329692
-386152
15450846
3257150
4514158
14049248
9422497
6724548
-2885961
639868
937704
-1189698
12882426
-4744526
454951
6507427
-2623664
-827224
-612863
5046595
78002
6415169
9492343
10346449
2711884
226629
-1707536
12558823
-2649936
931960
8798094
1029622
3987615
-361821
5905491
848643
-18077
-612249
-102166
-1324423
12573718
69426
14239387
6513786
4499080
-2216848
-1159589
1431681
8922949
11585067
383643
2243358
-823175
14438723
14161868
-48217
1884130
14948039
3007350
-367169
15131868
8588787
13092499
-358200
11256561
-4715994
7839741
8427635
2597363
284605
4100529
-641663
13256636
5944190
14460719
-1622700
1936507
12173176
-3354718
-1443792
-5666096
1487255
9674871
-2205794
2890693
11693453
1088145
13753950
1366472
8363252
7685981
5871604
-717294
-1383244
1078118
-809488
431570
11688084
15276075
8246294
12778038
11019185
4483772
-1577099
1192051
-1320054
14395182
14696886
12994112
14376276
1255415
-1129444
16755895
-4629815
4128481
10517872
6772618
11028146
7162645
-4805995
4833468
5930343
4569552
8122557
10751023
3865025
-276782
1991435
-395983
11784549
4869344
-5001136
-183909
12898626
-4417420
11689504
3929346
3519372
11643913
2818962
1374556
2921100
4396214
12175847
10492
3873719
-166343
13692114
1142279
1111195
-246629
400283
13126359
1992161
2814180
8537997
14041421
9104171
-315525
9038312
-254385
-5548041
572561
-86863
-4638552
13969148
6617919
9028455
1340875
14192117
5519806
15210247
900042
5169092
711050
4010585
12168722
11051781
-4411949
4219168
-2403521
14554804
10482960
2831913
13337234
14908429
15698998
220034
973339
8568543
6775755
3250598
361804
12833944
12981850
16393051
2833790
2157313
9258914
1894576
-5893191
-2053122
2267249
764229
10144573
11291343
-613027
-1050424
-2106932
11304254
194246
2212041
11948503
-718905
2132274
11908923
-344870
13921505
281669
2088780
6981567
282447
3069609
12561003
2730246
7486981
8746791
2917052
3099657
3132146
6247177
5992362
-68006
10499282
3895594
7332803
9931231
3849704
-2095031
10982012
12338776
810655
5070225
13787853
471620
-4512278
8482301
5537282
6151365
11618415
16716951
911113
-3229044
-2724713
1097531
14330925
8620185
11582246
13617525
13887673
-2479584
-329196
1497337
8175937
4763617
11310431
-1509450
977635
7580785
2210969
-2454160
-703738
-2413455
-30340
-2847754
9036143
13069607
11680220
1031127
13300694
9586455
13702077
968628
9612063
4592893
13141467
12602481
3039147
-4109182
2041896
7776793
16631437
12076543
1159865
3385455
-4133558
12748337
9510113
10062104
3984727
-887121
3453578
4483393
-2617308
11794935
766317
10926412
17429155
10913879
12345131
11219688
12095528
8741017
-1950845
-1025427
-770012
12516923
3416974
1729648
889870
260178
638308
12240507
6280402
12620638
9519252
3946328
12093908
1707924
10901742
11466991
12022366
6281471
11384462
761679
3467033
1688627
229892
1408055
12398472
8888022
-60362
9229610
-4520534
1026466
12839581
9595648
14516184
2473655
6588010
792271
1824761
1111796
12094414
5863077
8164040
5300724
-4373301
12308345
3729837
54897
12201206
-522920
6261057
11191493
10988766
11379116
1152281
8821226
6146096
14121206
2284597
7292000
11760757
11164083
13292217
4480282
10754053
3599171
14973233
7528648
11960219
6263436
13033885
852875
10585759
1752798
12964091
10422660
4543026
11015808
14798533
1739341
10827261
-3553244
9814257
7687182
13032613
5080542
11027504
8456372
805072
1635136
2556536
4113117
1928587
-2869742
3945848
1062341
3299252
1131776
8469738
2545009
4150796
2877668
11290235
-469263
1742825
8069353
2422469
7650200
460489
3968143
7232446
4375218
13069913
4115552
11994875
435684
-2289894
1891327
-594908
15563161
-2428788
13642843
-1789139
3050253
10039652
-2198210
12236205
-574182
-3152999
-3161393
2675609
2410791
11583500
1970431
4549586
-780916
13607642
4921071
1606122
11859292
8470356
13104508
510837
8234270
694891
6854706
1575251
4371732
-4062255
10316056
-3939748
12286980
-267969
577854
13790346
6884006
-1800742
8066741
7738778
12784503
3557269
301767
3960476
-1168986
1450033
-1165927
846197
13608855
11824909
-404292
1636547
12622554
-5085408
-1196538
11497015
4783417
3588362
-4149257
11297973
2895983
9487021
6188676
12952000
2339894
-1898644
-395184
16038739
-3152825
-2907119
7239479
1941845
5848905
5240263
1667305
12888633
11306296
9718485
15175859
8648802
4426672
-6273806
331634
12630303
5328787
425166
-489364
11967064
-1451065
4200322
12586419
2595863
7596231
-381160
1389894
4605235
-1230991
3884288
5015000
3614262
11113560
806499
-1590446
8202418
1151391
3547929
5955536
12776134
-2406591
4166570
85156
-2695028
-5542
8710920
4132046
-123909
8171914
7063197
5255089
13730489
10438526
11399325
16238097
9697549
9453586
2360319
11058142
10357601
9269636
-560226
3540773
9908763
-623951
1595194
8340336
8542639
11863986
14036201
-3169621
2534073
10594838
2164325
8045097
2540150
5277865
-880190
-1130455
11119825
12318294
7651126
1268816
2092350
7526169
13631939
1164025
14982931
1385694
3052836
16152464
10069337
140454
15503590
14193175
11991310
-3678355
3769501
10915296
-1377621
11421433
6148910
-898533
1682188
12928475
3501504
-441628
-4517062
13007758
9106120
851866
12524411
402310
12051313
13584524
1668821
7921301
-3868300
1275690
-590459
5237832
126690
1611630
76289
13807273
2117058
-73898
-2732362
1654379
395236
12577562
6622888
14471339
-4048300
12869646
2892585
1690408
11728752
1909020
-1224462
3256962
1969254
9923723
10950686
3796709
10407230
643535
-511861
-3861880
13163365
-233937
-4551221
-257607
2394870
6830762
5313175
13562059
8466418
2241880
1792158
-1703301
-1635920
12665706
13678250
15104365
10468919
1892835
2473252
3521510
-1267267
3133655
-1697414
10904665
-362570
2322014
4500122
1662600
9094112
13200396
11695348
5140945
15518999
2497442
218042
3711045
11172513
4442543
1114781
-3952568
11933959
13992762
8182826
-1254222
2617105
-946885
9088237
1200320
520318
3937075
-3205783
12049185
2809642
-1314662
-3694191
10411692
3473338
1093974
-422236
6892149
-1748222
12043333
7333712
7498159
-766882
291411
-644845
12289911
-720023
13112502
4328579
9784206
3631245
8545327
9049370
985268
11664633
2267184
17146294
-2105858
9899241
3954225
12496952
11463939
-2583946
412638
3449555
-1225504
10848968
12193334
9521852
-4296792
2417351
3445461
-1346807
993391
9319969
-3702802
311946
2995316
465510
12588477
-2054097
2765551
15332685
6032581
3550694
7853513
6467404
9595747
95552
-1239918
5780753
12103614
11956442
12651964
-16569
4868966
7036849
13481477
7947871
12494135
-85825
1026435
2935167
737757
1853824
11994989
10272171
-616892
2756214
7492732
-3971
12044544
1120476
4660845
164203
12611329
11695509
-3045800
-2420146
1397066
5936161
-178141
13402029
2709206
-4925210
10981154
3765640
12184653
801783
9108963
-5571198
10225670
11928395
-4427936
11456701
5404481
6268081
-519654
10837465
12116231
13774990
-2006065
8107017
8599152
-1919239
-101930
13756027
10365120
11715852
-142394
2516717
3585367
11681131
8979755
4300499
3092397
8436765
-80838
-700196
-4663622
208370
10715966
-296102
179544
-3547880
6882400
14248771
-1889201
-1338170
3139899
11968211
5169065
3107351
13327807
2466745
2038499
-270702
11293821
2619748
15721271
4814740
12124668
11759985
7236309
8358492
639181
12628546
13222045
3800178
11191235
968944
7099830
-1202732
-2467179
12688250
-656645
1575553
9126595
12619625
10627492
13887243
10701613
12314105
2005423
611583
-1033522
11044779
5131343
12927111
13448902
3229834
-22274
-3494673
10889499
-1820386
-588794
13623749
-67355
283992
726439
2794222
12796776
8042773
8705172
15458837
1166102
8236217
11037070
778714
10562575
9404561
11202738
-2117607
-3586557
-2133451
1367204
9418836
-652500
-3638296
9362745
14355028
8629543
4535552
622482
9126416
13230558
2287609
6631953
-1517688
8090568
9195541
-2928547
13314142
5719764
-133283
-628534
11652783
12272063
-1867085
679151
587948
12940349
1414444
13065644
4234196
1924128
-2036690
5831074
2921625
2122357
-480339
9901287
7856297
-800906
8624465
8607441
1940444
12148739
-2817694
3761873
8274918
2647059
2926805
613909
-5628601
16028842
11737689
-4052535
9623517
11043947
9239645
-4323212
-959045
-3993485
1317792
3787370
1179936
-647986
8165042
-580835
1107070
-4437221
10121049
437311
831602
417662
10265825
-4380690
883710
1469780
9929737
5517073
2524546
-1922568
11773318
3761527
-639960
-3169151
2105488
11274316
-914583
11096595
9520905
-1406481
4089627
3741894
15542242
13342329
-1352873
12446708
2812551
1559571
907242
11895975
-1559463
1415928
13313511
4850718
11965431
-1550465
18631
11153685
11540565
2588326
9804017
2383217
1938131
3391314
-3700839
10083850
607367
-1623093
1661078
8561695
3938265
-3796384
1197302
855852
2280102
-1125278
3998156
12462535
2603030
14725057
2362512
5235981
7587505
1392256
3604091
10241453
1807563
-2336300
13857264
10266662
-914794
-343323
-2369117
5072837
-2858929
8911343
8842875
-3836129
-84332
101658
11018870
1316431
14328087
1261494
9515424
4374019
6362673
9172114
14435152
-646194
13153985
460229
-2027816
-344550
-3660278
7986872
192748
13101516
611379
1298809
-1228951
2037121
216625
13656300
14054342
2416596
-2424830
14977634
7324350
12161861
8685918
-1224709
6700690
7554825
-786426
-1083529
10762544
8178168
8595406
-2395682
-3005399
1065754
219807
11237638
6826253
8325916
2393373
13888551
3555061
15748693
-2064781
-1691718
13458129
1224213
999651
915642
10375668
11927920
13222382
667841
-790024
11400376
1264885
-3979861
11578048
-1118497
6647278
87204
-853080
945106
-4072399
9073984
5488719
197178
10641639
2556518
6574784
1127712
-124978
2630710
8341529
8988395
13407330
1814261
13222799
15263355
3161890
15121741
11057992
9410005
10507859
14058311
-461810
3312510
-3033383
-4145299
1923905
2667625
1744788
9062426
9287367
959859
13373723
9233015
9607847
14106869
11204013
1405455
-2421017
11324038
11195327
-338837
12496956
3274365
9377545
981906
10169051
12235258
4099258
2027920
1369855
11173382
-1666213
1262849
-2482025
7088269
9316669
10115625
9719130
14889600
-244602
12399022
8352780
-992174
832600
7625342
12235851
15712302
10209957
4472997
1577792
11114113
5478321
-2337120
-2657944
12527086
-1648036
2245215
12526986
9977481
2396833
5262591
9686987
1329272
-507244
13090568
-3242225
-2065188
-1019639
5561549
10702014
-883691
664109
9399483
7145186
11010510
-427230
-1303167
-3826343
-1240097
-2513200
4883071
25066
2153958
3287909
14836723
-1205305
4722646
301852
9146260
1867614
-1145034
13650829
3973086
-3312770
-203868
7246606
2533577
-3969460
14386254
-2082649
12496514
1712075
244019
727199
7812932
5079277
4261899
13827355
-3275250
1833989
6799462
-1081107
2993050
3086267
1032926
2146309
1766415
-2005515
13554068
429562
9697190
9152626
12262997
8917451
10395633
2230124
-2071146
9197658
12183865
13326334
-3217105
-1033140
-4570046
9139411
10512133
-2021889
7989057
11485591
12176019
-1484100
13571535
10704872
12508347
5501973
7905932
11356322
-545268
11065896
4573304
11519050
-512170
1669920
451063
9706170
5663589
10601734
10331945
-391590
11417477
12587882
11446119
2233799
-820206
4844590
3779621
11493549
12747502
9160871
3868945
12515970
-327585
-4189477
13889687
1399263
3558233
9045362
2685365
14748963
960776
12105842
4403116
98704
9972779
-394193
2440649
8530002
3624611
1183490
-863895
6777217
-3444701
7121096
-5013281
2803434
11942894
11872537
3593696
1763969
2470481
1123809
13340712
-6486522
-2779607
5856188
3881390
5420856
12193625
-1290741
9355056
12752251
8734444
-1190151
6934102
5072653
12457929
-1041933
1198758
-108358
9094736
10736387
2631352
3634436
3258312
542294
-1400494
10872847
2142742
1845484
11150829
8380937
878061
17405000
2029453
11421557
2220512
12939402
184028
309880
10722096
3219745
-3213952
-2800743
10561452
568238
3717332
6468701
10654091
2652458
4659862
8544264
7993583
1846866
8023155
7582794
11024092
10560310
13601527
10764984
-1984185
2347855
7376561
-3606848
10732455
-2021489
-7719277
12213186
175575
8221701
265967
11185579
-63501
-912883
-376372
8753599
-460216
8608568
13009700
280467
4117366
12021151
489174
4338819
14450861
7537473
9476224
11191484
2619894
6381149
7490865
4335438
-31704
1200264
-201877
-579756
7996437
240964
1733267
12518594
12627336
8875588
12092666
-458412
-109817
990131
32154
2380854
15000786
-463530
7728571
1979086
9252266
12685958
-2071060
1867135
12513782
-4760061
15217304
4043783
-2247775
12968127
1354341
9984560
-1450637
-571751
6111601
6246103
12144866
2346168
4538033
499723
2665098
1106650
16069437
13496313
2301101
2689205
-785362
14611783
11806607
-3802517
7753067
6303781
12246221
4393186
1782680
-5484451
3461930
10687443
13786889
11886850
1272234
8754934
11146160
10142918
776462
1704407
-490345
1949814
-121298
1747144
2567952
7695119
5476058
326734
-1332564
-505187
7513614
-724011
16252616
10908439
1431904
1478566
5561825
6128688
11704066
8999463
7089334
-4270613
13088184
-956470
962379
7594650
885922
9370990
4415336
7512010
-1674468
7095574
1514386
7784564
5777646
-505268
11907096
2647725
9188328
5550228
2929631
-3847939
2300339
10036209
2241421
27669
-345449
13354132
14641973
11795664
8718480
139476
2508202
-3385201
4399249
-3621076
7163168
8715156
15036161
121840
8783996
2094188
1637989
355811
10837996
11016788
11606654
3033448
11821913
5753967
10056467
-1067767
14579719
3363946
-1743687
237898
445572
8110104
13664367
14769743
-107626
-953514
-339526
2575346
-1898961
8519169
10725843
1554309
2083062
8499853
13175426
8398466
14535206
-3411342
8048720
-3395810
11011489
-2766682
11770350
473143
8796086
-2329233
-147561
-466119
8981474
6539443
7958979
-867569
2352232
10054000
-1177234
8365196
8526511
1004509
522538
-3611336
432809
6316526
2049139
2061707
3400852
231925
11539879
12753254
13184216
-1594232
10282346
3497311
3696926
-3730454
3337658
-2206804
1523385
-1195203
9378293
10038185
7665144
13444922
11728543
10180790
3112889
15555093
-981772
-165404
4425301
4239890
4375882
12311077
-2837012
2305613
-1373109
-745180
2855399
13334430
6717035
13814230
796122
-2491284
-711879
956697
12861086
9540210
11824631
4931187
2060496
10105451
13122569
3808181
10177836
11135975
-2685660
2346327
3863082
8715964
13302232
13223891
-1206314
1083582
8400432
-424524
-3805678
1039902
5239210
12418069
5225225
10542095
7907507
1163320
2988884
-1212522
-1582048
4030737
922483
4329705
-790162
3443221
5404812
11097876
-968267
-74197
-533912
3968064
1857304
2168454
5458
359074
7604190
-2530237
-5011182
-3809685
4525702
1701217
-2957365
13054337
2526571
2748956
-5063095
-1606839
10648934
11013434
3652230
-4753673
2490917
13914735
3490533
10661892
-271466
3020393
10697038
578816
4007874
9698313
5137948
-198026
2058239
241183
10352455
9593285
-2010510
1746695
4636912
4862024
2611553
7799262
-278096
11877909
6458807
2186625
13194256
11567836
10007904
-1269274
11990199
33020
8640977
5933845
2848039
4623994
1350891
904151
12947597
3458860
10518128
12295192
-95838
6377598
-226332
11501174
6404092
1470698
7987880
13364803
10441049
-635112
4223604
13754327
2383317
8365751
4027010
5506248
-4670972
-66427
10143122
11045457
11019009
-3695519
1390444
11951999
868561
10826699
11932579
-4605721
111966
4535352
11487375
9203297
-4903500
12893809
2280684
164026
223540
-317575
4852684
-2997205
9929384
10726307
-2453976
5814900
11261481
1548685
9161476
863316
-353573
1293395
1873880
2066982
-3005277
12665336
-898626
-2431196
12931385
12188727
-2420133
948893
12965197
8878671
12324803
6598054
940706
257972
-991197
13282432
-3568428
1694140
-3682367
13728668
4946538
-3666146
-985735
2136770
1810272
-521363
-645602
8073984
1455487
-787790
13536752
-3516313
-434994
1645498
4403753
-791788
4264886
8639358
-653714
3102065
573607
16010816
11603305
8864422
-16839
-2232670
13802999
9595387
-780619
-1593317
2355519
1603008
9120382
10825530
-3141961
-204760
7908792
3743556
3081526
12965349
9791227
3174287
14119090
12977363
7177786
430596
13336290
-746085
12591135
1699613
10313016
-528441
1124661
6242488
7319100
13332807
8397428
1426842
3310384
6489224
12034263
11743823
11301773
78129
235971
9580029
12812014
4344100
331910
14630902
12862366
9024131
-4200926
642182
8801914
13966994
1468051
15551356
3410468
128733
13116970
2782549
9269904
-858397
-1290443
8506144
1306158
-1215866
1206090
-765154
13537932
-4423860
4933761
977587
13798359
3259027
13908949
11425271
12629906
12812341
-175521
6434178
209801
11227426
13529200
10082626
13650470
-2264274
-1085391
1428207
12757444
14258802
1397279
12656856
14500297
12263099
6682455
244012
-901247
2661925
-3749090
-593012
2982844
3226313
11925415
1303546
4695442
322096
12191548
12163924
2353835
9747165
4374978
1659453
2140158
-704926
14030112
1514878
10837221
45436
9592101
-844325
8680025
5907048
-3644230
4915849
15134073
10303285
7728157
349042
10344060
11428384
1186169
9150359
11659304
10024789
1072672
-5173605
6631040
995370
3963884
1412087
9754034
15015281
-2885544
3401318
5810989
3323011
-2480165
712790
-1384515
4411160
7275246
1443279
9144323
10890307
13229785
2610762
-1520575
11112888
11038643
2856005
3677494
13903309
1792542
12698475
11579148
15808916
12255143
-4082862
7861545
11832953
-1164627
13006360
3481804
13564949
3310698
2609057
8906690
15709880
540259
2016483
4992228
6780147
3739922
57621
10279777
-826811
-3978592
-916134
12319703
-1023099
-374677
17652569
4742558
16313754
13419970
9356080
14837147
6308702
2875890
1376394
2582615
11505338
2162231
7460
8933672
14491526
7242630
-482810
10130645
-2760501
-1255263
5532917
3057258
-338578
6543874
15401924
3032624
2801395
8825957
-106627
5691067
13666412
4762103
10637888
2469222
7866348
10799578
2936228
12594575
2012074
15621872
2555901
10119980
1434532
2479872
-3660735
1935476
-80958
1687423
4718412
12190071
10199694
226889
1487379
-3605781
1225274
12145763
2058401
49903
2706591
2174047
579295
-158702
1577550
-307039
8565548
-1040031
12356632
961599
7441207
957984
-3354568
-6056402
1022724
529773
1131667
1212508
9317513
11384197
-2414741
15832724
11714347
2302806
10484340
1374008
1767443
85163
15652007
15579664
693422
-489581
-2746046
2155434
6899351
-1313446
2751089
1226791
10809290
-1144254
-3448658
14142811
-1913859
12305445
10529315
13041049
7752248
14560764
574714
3508544
-1273413
3266845
11233370
820753
1659983
3342447
-85508
-634223
283454
4444822
14907213
2776486
-708206
13434679
2330936
-802384
3964411
12060203
12977368
15896588
13719229
1691987
-425567
393681
403553
-1273781
1133265
9352634
13667717
11014085
8415193
2377987
3949636
-108340
10382962
-4164345
15046140
4137299
709435
-3576810
17302009
15524408
-550072
5241407
2761241
1662357
2501192
1359374
15210668
11950136
10048492
11116234
-111837
12906867
960233
-2126570
-1217019
3776529
4554463
-1097446
6606301
-5314336
4450102
-1673591
9624902
5976368
12948845
2650793
10068093
-3184890
7536436
-162463
377495
12020388
10619488
493671
2956486
-2411860
-1085
2106807
2004282
2165521
4346702
13585541
14074851
364937
8878127
13712886
7807344
2996630
1072046
15006240
8950907
3983267
1028730
791456
559832
-4742114
-3001323
841853
-3829142
3941393
3002935
1444901
11498989
9414872
-659531
5792871
8930866
12234557
12448210
4466485
1120367
1506207
13228406
-173766
-343233
12178034
12319957
-151854
231873
9986308
6604427
16611426
-495143
9015488
-4073611
12913758
3756189
5512691
-1852784
14089001
11105411
9014297
9611257
-390921
8831910
9454252
11126235
1675822
-3011770
10229101
322520
-4422174
12923304
-3805602
8303636
9927135
-4309060
4710130
-3452012
-3120677
11502586
7748502
12255221
4567952
5014263
11490963
-1520570
10412482
12974367
7668426
-193850
3655467
-1050312
7481431
148163
-1117408
9489940
1126032
1276292
-3171237
16009418
11087555
11097265
-225712
1431411
-469164
304449
2600911
-363700
8465375
801180
5714085
-2216027
6271949
10715213
10869715
11840865
7183049
11631636
1085643
11006939
-2706319
-1716845
13972652
-854483
3985695
3607555
12690310
3904692
3448795
7793220
10613476
2341011
4825527
2545257
-1972141
12906367
7285155
-3308218
1584502
15340495
9653370
10526532
598104
1616692
-365295
-4856127
1721297
10046708
424402
10654427
-1537573
7392638
10224630
3612749
1476761
-2920767
11537675
2175648
12552776
2598392
-883732
3701771
2405547
-32950
14257222
9597516
3670132
12371101
4361009
13056888
1191864
11789459
13284472
7033621
12882825
13177688
-2266708
-847935
4664512
-1293108
11175445
-1839150
6668830
9641928
-5603025
1553718
-2031362
5428148
8576196
-182577
529369
2247762
5448740
-2185086
-728166
-4322637
1356950
541525
7024121
-932792
13549675
-5207317
9291985
-1593760
9686795
12414006
1923190
1483182
13029438
-1861773
12666851
10503217
4534056
190416
11901704
3907876
13160263
2234508
9798766
1480806
3313586
15307500
-39157
-1585863
12136514
-5909455
9078084
5270400
14668955
-317530
13603849
-731742
-138863
-115279
-1961255
13521112
9373949
12956633
-3184890
8065825
-494380
2837363
12082505
-1448462
-2533966
2065648
6996718
14074977
7488870
539026
3774895
-1966833
8443913
1854164
8332529
-669282
-601964
-1655652
755505
13605184
9346137
-2732103
11962777
12719005
2413286
11568432
5955873
11671767
11168298
14050572
-1430389
-109904
934026
11892809
2057258
13220804
10038461
11897198
2148095
12122480
9268683
13617196
611966
2918311
-3272684
8796003
-596848
8532442
-4544555
5317503
-195071
11008776
13942224
5059679
2573273
13706370
-371816
-978332
2582480
13900477
10109617
2484269
13005755
9565207
13126086
1512634
16566793
2543554
3229230
8288760
10264065
2307340
1928438
1459520
9012024
6282682
7630264
11776499
6257866
2332014
14214161
14664098
12474393
7994018
3024003
1302681
-4155624
5201769
-76674
4053763
1277641
-2673071
8610642
1253248
2627720
9188864
8232944
2896299
3512319
3404078
3164240
2370352
1625006
8725563
1029003
-2725225
10791420
10374896
9070709
2598255
16264537
930036
13193394
3081294
-6594460
2866647
13335808
-6493520
13781537
12639555
-3438558
7253260
7104103
11739208
1875035
13230566
13136721
1155290
10498228
7723881
2417932
-2524443
1415990
11805375
6305022
11958683
1787676
5667204
11647108
8718186
-968521
1064709
2593963
1995772
-15895
-22291
9732712
4591451
2111983
14802528
2107057
9788226
3158399
10982734
722959
12192063
1826014
5923861
-2973299
2727943
5642935
10081244
12725921
3881720
3817881
-1463596
2269987
4480683
10709334
3428035
-960224
-541626
2691317
-4586907
10523470
1291615
961216
16048482
-1307656
-4132674
1546073
-1735408
-1114002
5050686
-932389
10727261
-986947
12827323
7146645
9538595
2336227
5897187
11300329
3385577
-83573
8354304
10193267
2675324
361049
-534111
-1059413
178393
11160215
-154105
6187991
696694
10309445
-672058
7583117
13110766
-2358715
-2234739
12036770
13801034
10457965
3278062
2382863
-107462
-1971459
9683398
491417
3998655
710224
2679922
-684761
1118707
2679862
-3655676
7826121
10399414
9957560
12111530
14354047
13934878
9032807
8218434
12566044
1244784
-1609267
1431487
10311495
10218798
4557679
-589018
1204479
13002405
5530498
9619704
3168167
3562732
5727409
10327933
9313857
11855358
-1626322
18187416
2415670
-691382
8026393
742288
5836766
9997621
9312989
12652666
-2411451
9850511
285514
868520
1612164
1890644
13098163
1075112
-619703
2114332
10636563
1730073
13662171
9967240
8643292
14040370
157615
7414217
9128890
1313613
-656429
1925852
15937122
15049846
9384804
1248273
10757239
-824948
-838936
-1243432
13605900
1257345
5327119
-3000490
-404405
5760153
-533011
6841320
3328566
143814
704529
-3064839
13615834
801663
9875625
10840132
12105995
3810431
-642756
6435572
4806742
10376723
16350577
13229217
-4238072
-1574228
3853758
-1470843
4766294
387872
14547187
9210661
1634619
8892065
-3073788
9396722
10724133
15069911
669052
10492573
4552040
2137573
2953355
12410653
3711684
3589910
10723721
10005184
75446
7769481
9571248
2431327
-813854
10693468
3823515
-390439
11693958
15405685
12582718
3526162
-388355
11025622
1703165
11317907
3872718
3533519
-3857993
12158529
2290841
-1303365
3835589
-249865
-1440191
444376
12963138
901245
8130132
-1666752
287476
5841819
10066488
613871
-681110
8212685
35766
1781414
10843388
-4893569
-130129
12299695
5546962
6824539
11555190
10917776
17457002
11858466
14246541
-67794
15208704
13063690
6592167
1001105
-1339712
-73799
3017162
11592986
2066032
4804879
10607795
-1411224
1253795
1747807
-3114628
10620801
8233717
3659945
10294320
4921321
-1064493
12365192
17643608
623291
15884847
10574404
11616673
2422267
-683748
8822541
10121764
13707769
958531
10434690
2292356
10629985
1043909
-4036369
10115231
6123055
9716510
573823
10422712
7937966
3289388
2613380
3190462
-621184
11226651
-3032338
1244090
5712363
-1568812
-528013
7412915
9425328
11814329
1403556
12338180
10237900
728526
7659405
-197819
8167239
5319248
-537727
14172016
14703510
14585883
9464940
-875433
1597349
5998298
-3255092
12302029
9752861
10712478
10223411
8235980
241864
13011217
11356967
523679
702307
1756304
13385171
-1777389
5338813
516185
1008730
1852959
150159
7172661
12181247
2965445
-1563489
9205659
-682495
11191814
-1420095
438033
11410227
-932291
12607522
9902237
13902905
2736047
12010653
-332409
-1369458
7921965
9323424
-5145238
169911
10868057
9244465
-3538731
10859256
10162991
8282362
11211364
2700365
11203292
9783527
10398176
13200169
-3927231
9509251
-969857
14583759
-2389998
13870098
-4977018
4699932
6602766
-476020
10684402
12634977
-1897847
12549106
12598508
3697008
126189
7429256
12501288
1082984
2668
9610345
-7647
9726767
4927480
13829963
12591294
14019858
8926270
1523404
3492667
-1266029
9937041
5241
-1773706
1933610
-114103
-1051087
4979099
-5510533
9371240
15903331
177599
15536855
1125898
2285035
3163987
-3627945
499344
12970053
9263598
6016044
-6183174
10624920
3996265
-4789280
12222623
10937799
7694018
3793220
4104684
156382
3093666
-5049102
-1341042
16377255
-775126
8029785
18334520
-1505275
8590444
1144414
-923923
-1720934
4125818
-1309468
-3499854
11404433
10127587
14304021
12021237
2039576
2556878
-959631
-223513
5621385
3447722
-66704
1785561
-1004047
-210073
-34862
3201296
-2561853
3217348
-3648580
13954195
4775029
3437935
2473210
5673405
2196164
10804544
12806141
9670552
-848007
3911812
11862010
5582028
6494860
-827903
276325
-803993
751270
-1504129
4625148
12746871
2703234
13743807
1543713
13643604
1730441
8933759
3338495
-2880641
12887508
1857703
-2696882
9495290
869814
716216
2964581
6069911
5033462
-1260752
9967145
15271156
3944226
-742401
1055225
-645314
-5119914
13444117
12528937
-1742771
5121110
-2198643
-899905
12478812
10148937
6175125
12303505
-356098
-883137
8475727
8664283
3820549
-2166991
12275644
14672498
-2011383
5584282
-1214922
12286148
2948364
-979804
-2325419
1319886
11617056
1254891
14305490
-8243186
4583478
-97859
12060836
13653457
3271162
12974759
8665035
2304997
7386893
38245
-4881494
10190476
12647115
-129652
12065410
12737737
8345118
2172727
9390816
9747833
15223625
1084421
15503649
6106631
830757
7486289
102675
7898898
-232365
16514668
12551382
8896102
15030667
15856850
13375525
5190970
-3406922
11245
13768014
-793574
12244058
-286514
-785078
7154077
14376319
12007241
-942170
-5309229
12092996
12227210
-337358
15207469
71848
-4160541
12634455
1277411
14991165
12077036
4423727
10624414
1591816
4368535
10584583
4965067
540858
2082892
1394657
955623
2642915
2011518
20042061
13674894
12298411
14199588
-739832
15949619
9919193
10610561
6773660
10683798
-1272772
-2009811
978351
1610663
-3172484
-1314483
12962021
3592273
3754519
1327217
3304290
5696874
-2042761
3512120
-3643300
2910946
-2754480
-3080082
9403510
17018720
-94354
3191639
13778293
-386082
-2207357
13398093
-2187283
11998528
3563208
4716435
12327479
-1856108
1236325
-376931
12427119
-3572755
7719162
11645325
-940654
1081058
-432018
11200788
2568365
-1252875
12029379
7043084
12555331
757056
1878292
7164535
-397215
9610163
-972078
9983206
9506472
13186538
10433006
-1792734
12635281
4670466
5458
2877263
4074719
10740905
10294109
13861705
-4627248
14467500
-1828014
12958573
-246016
-35434
-1137480
239452
1575823
2666755
-1553278
8771942
16165036
-1428542
721277
12895628
6557423
2812551
11535797
7669879
1162958
10200592
-3074120
6394159
12773049
-1365534
222337
5819294
10690124
18528696
996870
5684125
10407438
3748867
8245888
11324919
6321687
-2434559
11669505
-311574
9447120
1869409
-4408679
-3478910
-1201485
4373162
9425610
7981333
-3633391
9965364
7914885
416947
8226861
483990
12145769
-2482971
9605055
5013224
3245673
11575525
488726
5151877
-4426971
12940905
828484
958545
15064214
3185858
10138002
10778403
12212273
4329780
10734051
3413447
-1728606
2486382
-472045
-1978236
5315970
6524845
-877311
6311378
13241309
10997684
2288226
-2223505
11270020
9375896
12522871
11248141
11768215
2664466
9505697
12647815
-1197331
15354598
13705284
14762589
1596654
11041457
10735035
1201991
8561554
12326011
-1467107
9239209
3536454
-743474
10254137
-1187743
11336330
-2261829
9594234
-2679567
7614124
9048235
14696001
10553572
2315961
-4171448
12148381
3928830
13510243
9219127
2562359
11326249
2696297
8975560
12682908
5909034
15869566
12518786
6620180
7305445
12793431
1449955
2265296
-613402
12909066
6933250
13960571
6957863
9383695
16659
3896110
529347
2294190
7230985
-1179775
1220142
13170049
12644209
10055991
6927384
12834607
12982471
-3681102
10730214
5925124
5331022
7401623
14178213
7549836
2310556
9107022
312379
1070649
4584932
341413
12763685
785687
1311173
-4790822
8855073
1707045
134646
4787665
2887762
-1220455
-876961
-915914
12601996
-4163936
2171329
11509253
15204839
13680044
17624761
-2052792
11499511
9978954
4723878
8415077
14600434
2859462
3235536
8754230
3599584
6720629
7994639
2106727
10623105
-737296
3915907
15464139
3213951
906052
2050399
2098845
2269047
383287
10548924
6008814
170135
10302024
1632031
11049806
8867084
12386386
10029897
-4096630
9122810
-4540300
6657739
129771
-4725277
1659556
3445347
1036820
13544052
15296845
10462123
950071
-1487987
7776685
7964203
10874665
-4606422
844002
11401743
-1006635
1105715
912224
-426113
3556435
11150635
4318744
3005140
960552
-726749
26595
6472615
-3773725
-1217561
12508164
-865513
12004810
13574210
10242125
17412478
-200038
3115558
-6270551
-5108529
-1332077
11022999
-2376543
3354953
8912161
16741542
9901861
11842148
-1744866
-256481
-1482851
15692012
12308948
10740099
11334732
-4195443
13209298
6669169
2717192
12185530
2325726
-2625766
1097838
11043051
8012285
4474699
-3762697
13362934
13076917
8852966
528243
4303929
3387058
16485903
7732726
2858188
13298521
12482530
8824500
143885
-501446
10783870
10519862
5430390
178853
1648535
12357095
4244734
8506482
903609
11650493
392139
621790
2921831
1653565
-3450368
966108
1698193
9181392
3139763
12484301
3190057
5937977
4444462
1523112
10845625
14917199
290452
12161808
5402638
-3243603
12417360
8732156
3345869
-134938
5062320
-275211
7990610
11199238
5074360
15623142
2948361
13242301
8182651
-3393747
12541542
11244556
-1306471
14264203
11851077
9663380
5747215
4186389
4997450
-69766
-141520
-947595
13451000
11977948
6085518
596463
-1171515
14846431
6341188
12078730
14100349
10336683
12183923
-957304
8066458
9689445
18853
1426437
10273352
11524963
4628935
12254546
-2093567
-707773
14258030
979333
13790550
-2367593
260785
13311493
9981769
-1223400
582472
10010169
2792963
326193
9560888
12744417
788195
5681414
-874826
7260174
15210669
9197933
15226133
270046
7183201
14737955
4617331
-3010479
1303349
1007515
1004908
9097177
2972113
-1890830
12506392
8929063
10630926
11471874
81004
15853006
18598
-5131759
-348463
14061472
3301615
123496
5690600
11879551
3443710
9229998
5271811
762700
1157387
2259314
4023536
14760850
14108827
4080208
5038019
9219961
-2165924
854710
2637635
11140617
-2515193
13437675
-394736
9362738
9501315
15251176
-3648137
5990619
-2617968
9974924
-349240
2059461
2279206
6585640
12150619
-1012083
4345482
638701
-4456341
11574082
523753
5714144
-725768
-236029
12726079
3264908
12770712
12525485
2445845
2429694
6214791
2607287
12575958
1344031
6705281
4517680
3177884
9685285
13794848
1935899
949152
-2255140
-3281524
2388068
15099215
-950243
7612477
6417412
-1347444
12400831
5615825
11222854
3026920
2013350
663126
-7327089
9936122
1235601
11013393
2268697
11276032
1888754
12665552
741421
-1726755
-1033454
7786044
756779
1446145
-4805822
12598544
-4365989
5655214
11127680
11188747
7674771
-3263095
2947527
1533897
-3736996
1573559
3689394
9303928
2309141
-3952528
-1408599
-1525953
2275504
12344932
-2921679
4685681
8492310
7606756
12312041
10803238
1353855
1931344
3794483
9707341
2955561
9598013
2952285
6827688
9817891
9525989
12466335
-915978
3777667
4763890
1114362
-3875745
-493519
13012479
14219439
10466281
14188593
1638422
528541
9715018
2639902
8792274
-1302096
14432461
5657259
3412860
11129553
10878796
1709889
-491214
3296891
-87473
12447332
-750491
-4756009
-4253404
6296384
12456161
7229384
4008811
14588031
9718573
5228547
2245633
4493727
12842810
3296570
1814187
2131258
-1112428
-1311924
9986968
-1708630
753882
2706963
764558
2808456
11445963
9593418
-1916325
1882221
2892890
-1241516
5067101
1207405
7243319
499652
11611765
12883422
-3241226
1197560
10969355
2457842
3465532
598132
560481
1378837
10527950
697060
10131821
5973068
9826876
11708957
13487824
7748207
2293259
5958711
5292600
2035040
12574971
1318826
1946417
10545865
-2295247
-1085094
-941118
3555410
9382486
2842071
15286263
3123366
-2164621
15289867
4026142
3043362
1722009
8583909
10922913
-2653761
12405429
11307320
2439475
-1126202
9011491
7724294
2352115
13930473
2561343
-871663
13755389
-1030748
1065901
-1574064
22048
3074604
26927
2585344
10633338
11374478
10732635
-391332
3753729
12252516
12618401
11661151
11495281
7648447
9085479
470484
10512
8487084
12226140
2983338
13798953
538960
553094
7895822
2911833
10923408
10256369
11010966
3534823
344489
1710063
2987083
15202517
13867447
1949065
11410384
-4058396
1562853
319194
2318520
12830179
19070459
-1411180
13153795
8406956
-1502023
13995046
9082434
12051357
-2683995
8092550
8280414
1916090
12144364
2760622
5970879
-1840814
2246640
108271
653770
9312882
14786
1634766
10977915
9018658
-1255343
7822844
-304720
13338442
1298038
-3187405
446202
-437339
14585148
7132356
9165989
5405075
-2950134
-1511488
65635
14724910
11240738
7946084
3858067
10805659
2266535
12539412
708645
-3060621
6802990
150434
5702180
6744839
5041585
1230387
6209366
15012047
8544790
5228997
10487508
-279946
-1776978
-1512284
11305471
10955414
12999490
2005736
1530724
-3702288
-581105
12810943
4452110
-80334
-2034315
1894998
-1973231
5018780
2093141
-3242347
9826118
-1098184
-2249372
592502
14953000
1572863
12771744
-979588
-997595
12192482
13243702
9885202
1215389
4147794
3837792
14580197
2008872
7938863
5918001
-4388391
12889172
4186170
8655233
3073549
14138566
6212492
4994890
97947
16302919
7219354
-1107616
8905442
8232983
1239022
7845705
8808300
3358193
-4234209
13458709
1553026
4450981
-972582
9592652
7513248
-3517667
11733442
7845287
3966854
4446141
11844384
558465
3504677
3138225
7124489
590381
2599017
9612700
12554644
856441
9999402
9831756
809525
-2134514
5175608
9075734
11969895
15974473
9587436
1678199
-886779
498761
-814891
11315851
2787694
3015785
9260780
9354949
746999
9337853
11746721
12576490
1313920
-482866
13518433
2290658
-1141972
1578048
-401635
12338286
3575230
16470282
9111
11669750
2056445
1192585
7381612
-460282
16204273
11323137
5996438
9531008
-1709930
-260680
-1210504
464997
12775560
-863688
9707409
-404448
11145426
-662153
12616674
6907464
12553790
13615807
-1379457
13977829
4185973
2475042
-926130
1604043
951674
5282358
14275664
12000028
9711240
3332691
8482427
15153710
193423
3927494
11025814
1646213
152870
10072074
13119920
1424212
759597
10938038
1344499
101119
7572743
5620295
2331851
12151109
3359164
11546627
3030905
12799134
-5012505
6719548
-5177516
1476837
4744156
-669234
12579265
12988256
1629809
128321
1126425
-262451
2402614
9986130
7770479
10738456
4762391
490391
-2005573
43276
14149420
5789763
-2533964
-2059777
-150321
-1310977
12844532
1973707
4594610
3129790
10055010
1841791
10687345
3896813
-153761
15561724
10649573
6701059
9128318
8353690
5871829
-2174412
6430181
11029312
10252964
2875174
82117
12394940
7508346
13607934
1441838
3278657
10431970
2140254
3659153
772684
7383583
-892560
12020538
9502267
10495283
10756549
-890281
-3437167
3799728
-1310163
59697
-1959217
7018370
412496
3019346
10266017
10704236
301004
12440665
12929278
4523328
11620045
4681553
14625993
4780936
13312318
11860708
-3583269
11241174
11405706
4813932
2707094
-4319569
923728
4714138
2498344
10339321
-1181958
-702557
12947784
-929443
2769838
-8697713
6623883
13427499
-3567793
10319224
11005766
10601690
9288043
2010632
4774340
390974
6245610
555471
-786022
5566721
3861135
-1465188
-2342218
425570
1652555
-3171651
1396099
15819671
13004259
-797126
12875874
903675
13278595
1895804
8019154
-1395529
7740378
11262273
-1401697
9292564
5365952
1119009
1169960
67925
-653799
-1634071
8696160
10391801
11164398
2438105
-4137661
95577
-227639
11485275
2982474
-679341
5949517
4388805
6474304
10962166
11821192
7941864
2646678
8415499
1133912
12456388
-1460445
2092816
7533965
2397962
13150796
13370525
12760298
5760429
460264
10000141
1223293
9286245
1168416
1211250
697730
-2590407
11722113
13541599
2539659
10762833
11633129
-841493
4994083
9343925
13655858
12185418
8091113
10164280
-5996085
10016427
4804796
8576392
1828279
-5523950
4906212
4615139
13708817
1872602
-4071767
260155
11398475
75914
-434497
-7089465
7212926
8056992
9538814
2105117
12779509
105630
-987278
113406
14596778
1177459
3793128
-2825648
2877589
2759672
11115974
11959351
14232413
8843926
842514
-4268084
482148
11344813
10616793
-314127
8327529
-2391661
-1586714
10438353
-81245
11890093
-3153475
12144676
7021231
769425
4673615
3245313
3674368
7256514
463214
8391648
8525502
9680016
-1063998
9310125
11055910
-2738698
2694599
2714704
13814921
4994735
1627322
7476656
-645971
7456331
11118603
10026334
2509749
-504051
3985594
10988365
13240667
2074594
-2001007
-1213323
5783147
9980449
6538211
4538824
7575848
1523899
3068281
12573221
9604491
14956958
3398168
-1519279
5961891
3195226
9872452
12559738
13255409
-3012500
3890916
208209
9795426
2870454
-1770616
1553769
1188902
11725435
3802006
-4405554
2789056
175933
8238142
6462120
-1837039
7974977
11357830
-411741
5404327
2954654
3129208
12032796
6434957
3156453
9006036
11959575
7632278
2627248
10414927
-365533
-3953082
7728301
-3950367
5752041
11759813
8381521
9500316
-795176
12692897
11442568
639697
11326783
11406104
-1645535
2137573
2941060
-4224104
2184220
-2336650
12172464
1035466
-1027636
1045350
10566500
2522034
5660381
14467585
3801359
1509666
7897615
986404
3074133
-4427505
14069123
1432199
3484380
-6144364
11430705
13259651
9579814
-1692994
2440074
272111
16589615
11950816
-1561174
116322
8412846
-3115360
854574
12230426
-1014743
10193229
12421476
2677754
11977087
13752713
1544657
2641595
663995
4102996
11020597
9485063
-4184247
-1445107
14194045
-3749634
-860982
9158049
9005015
691445
-2862586
15165813
12005496
8568857
-2480602
886226
8383838
8940860
13778067
8673474
1450989
9151089
12693611
28835
837754
2972598
8748986
9081068
12826837
4305720
12719076
15138745
9296053
8402117
-3959452
10359757
17474375
3359908
3645353
3250669
732781
2772680
8817183
9876469
12244636
-2883906
9669035
-2358767
904195
10388687
8749013
12610140
2114020
7279457
5288198
-2890638
9445554
512375
2272321
470304
1677776
615800
1687012
5818033
13150801
12853612
5423852
3735892
413983
8846706
2033891
11147994
15757158
5837191
5667671
12681911
13337159
1931001
1511625
8876368
13889715
1209726
8939233
-369169
13341221
1634637
10119918
10001748
2570974
10009498
3623685
-1951850
11553026
13990907
-647597
16847162
-1971302
-978121
3543388
-1889979
7091947
-1451189
-951412
3296662
8195139
-1593833
12002828
12901691
-1553713
10796503
11502981
7877204
7730801
1907126
1337585
12900285
2049987
11490717
-4040818
12506468
7551920
3381208
3710236
-625937
446425
6407375
15130044
-6955073
1746405
-1370089
12273506
3546754
6886436
2105464
433880
3754711
4270245
-5359226
-1372596
5056377
1023927
4427710
3366033
13995180
-2098365
-5173861
11401490
10135685
-4386105
2461408
-613700
10757460
1349027
3232329
12972508
996950
12342192
13936604
2980183
14236349
4086350
6118048
13093246
6807749
9239945
12381848
5957055
7671247
-1060861
9916385
1045680
16502282
-447581
14181228
3087910
3197983
-5487115
11249193
-495370
-1185415
10050392
-989026
2660581
13790391
-3311
10203865
2689001
7734659
3758448
-3161400
2989468
12590828
11609490
13904452
-1994162
1952160
8558005
-898451
9260446
-1011172
1079196
9116040
2589747
1740803
-3177181
10158191
5312259
-3050748
1832980
727199
12590348
-244981
1475038
-790299
1119539
12137805
-128628
8874714
1545440
10164683
4737451
4066662
516916
10174339
9467636
12951849
7748444
14276248
-637789
1324767
13387218
3540784
14165127
-1896998
9947100
3383408
7630314
10677397
-3177184
9782974
7398506
-3645316
-4707445
-3422146
-3603067
13177448
-3419117
-2141902
4366847
1394081
8329081
319158
2747800
1266699
16329506
7127499
812893
15915476
14630185
9273224
3695601
2082498
-1302454
-1381895
8700512
16297504
545554
1719702
3103805
6816314
7551860
7126719
600108
2183584
11314425
2820140
12461950
-1189765
5013536
7158953
6688219
2158494
10548422
8256360
-1319622
10257665
9479878
8267017
-2603064
-3477523
2285207
6667750
499458
1343795
10287190
14048247
5970752
9555986
11797060
-54084
3762334
12920733
234264
363369
4126948
9865605
14898341
5075726
1948643
14259949
12843161
1854446
10674088
12542351
10876321
5180726
15576366
463501
12955441
9948591
2737075
-1053854
7451959
-1316674
10127456
12455067
8308201
-773726
4251911
-3452917
-39468
1870085
9259608
2267028
-1693094
4084238
67783
11702780
10393929
353351
-5001122
9384098
10457458
11043602
6403828
11907751
1467972
11932859
2830898
12828301
-321743
2625970
5496636
-4589147
-2124616
-2571279
3900677
15377930
1821471
1577187
14115482
1084946
-613723
11826868
12649980
-3953894
4565361
7406820
11634898
8146059
2052866
3609536
9219426
9683911
5351186
1983810
7373177
-3426096
12920252
6890692
-1351316
-13964
-130741
14841753
11439056
13736119
1078035
-295745
7927292
8923480
-451424
7739230
919954
9037034
1965830
-163527
5747367
985894
10811599
2422116
4275952
13364605
1778907
10777038
3130773
8914856
-3740978
9489593
-5889374
5679786
5409603
2137905
13639215
8094903
3408166
5082113
624435
9401330
-5462441
14496009
11856141
207517
696477
-210207
6113686
15581342
8859593
15572282
8389526
2045904
2983149
181629
3064345
3610112
677664
13097638
2391415
9723239
-303202
-1611143
1159740
5089297
-4319994
7430692
2638356
401598
5523494
629717
840921
-1308083
-5221021
-772913
57787
1295493
4725219
2004848
8476714
4548921
799772
10505849
16604871
1883983
15379499
7589795
-358767
8342895
497053
10154066
-435437
14369273
3760472
-1375652
8308247
11337144
12685506
-4063843
463031
10323251
2892275
11970165
14553960
5832453
3255874
12728230
7988666
5556530
271870
7048653
10190625
1446446
-782822
1843891
9278473
11723624
-2116774
11982153
12365762
-4665035
2840261
14186647
3000605
2615316
1926881
-1544711
-1330855
7374883
5880505
8746458
10099823
9498256
3148942
-2205254
-1381158
3260386
15638895
-3127097
2260568
-2678568
-922515
6369178
8862525
867427
9086855
10869359
2040706
-1671259
11043653
9985937
4711781
9627469
9060151
-1212783
-3617627
7888436
-1675030
-7132203
8050433
1950156
10621210
3856571
4889162
263622
11130294
7525342
8497512
3722899
3495885
9982533
-3649191
15010735
1413418
3866676
10066746
12777535
5280217
10391480
-321039
11394223
79428
9045454
11159977
23007
10578754
-4796157
2709343
11477112
2862777
-164318
13137800
9626592
214996
-2945409
14233942
-1907241
14749551
9083925
3614557
3179246
-6912329
1652436
8583350
5649754
6994982
1097195
-1617591
8435083
209350
1448608
11319122
12880488
-496082
2082219
10338163
262163
7498389
5270800
8370905
3329140
3405213
1223579
143704
9164120
7409061
11216529
12510643
9199676
66121
1938497
14384603
716625
3083402
9010546
10815870
401713
-575755
10601848
1486673
13453789
-6091345
15669265
16479620
-5659712
15728186
11613358
4255939
2355918
11390313
11756361
7783760
7631639
10197995
11098297
2388414
13555871
14429913
12963092
14915197
8138370
12125241
16525958
3691355
12597267
2435527
10914485
181027
13952608
13539142
-3249227
11693182
1461958
378693
-252204
3179074
10491650
6416713
3133681
13987648
10804356
-2105476
13234227
9231307
3311884
11023671
2127020
2241130
2905084
-415226
963069
8206056
1472346
874807
8687537
12189918
7396893
783170
6492957
12282455
16082453
10303428
3908407
9144824
6006785
2375603
14299589
766016
16790538
10827350
5271130
-1512119
11300526
333723
-298945
7597721
9374105
14978594
12964127
-21373
4082891
4307785
7163007
8718590
4072289
-1835275
8619970
919007
10783686
-95828
2729772
5744523
11434273
4608951
8289694
3408607
8649293
12076035
1846623
10883072
9763775
1049735
13361592
1970372
477961
12219661
10414650
4356742
12594201
2563895
-2064389
13478786
7246997
9895252
10350198
-2041226
12288751
-409001
10554088
-4496216
-504963
-2265852
9355133
6008958
12753625
-3193954
42569
11171454
9498906
3849422
11078592
12265906
3583823
3180366
14856502
-4317582
9452387
11654983
12545012
3496224
12495984
4807197
16059041
12091094
14790812
12676513
14374755
2312111
5848971
-1624375
1099621
12486870
1264778
-1204664
10937581
11048539
-2547601
-1126828
-314196
3099558
998064
-529515
-328177
398047
12618876
2740120
10960640
12671748
7792909
118076
-664997
9101721
13711041
14206626
-1454911
874060
-2805542
9457744
-5160863
3832987
696111
6562637
12981377
6091258
156459
-4147688
463377
12347141
-475177
11701819
3051868
3545978
-157865
12726100
7019927
3084790
12144557
13833704
10652678
14230124
229141
-2643645
-17254
402062
252820
8298808
10892398
317015
9109231
13550932
11964971
2179343
13984766
-679907
658492
11345632
2009074
-1320118
4117320
-299797
-7147855
561713
194235
676882
-1661228
627926
1060628
9097124
2242838
2061922
4303474
10753343
11280122
13706123
6552988
-684597
10131068
13339733
-756434
-66680
6043093
14831120
9375267
-32808
8447196
181053
-3061664
7417249
15199089
3840017
5664825
1574882
-199173
16183254
-666377
3288396
3613914
14767016
3977424
1971388
4457644
5154622
2768145
416346
5079415
14027912
3830956
1629915
11622545
9096696
4317017
1695030
521019
-957139
7145294
2233628
1083965
8557373
4444155
8297708
253130
1622232
-786955
13817901
2981169
12483840
10726567
-2197741
9440725
15279874
-860594
10386314
1578459
8584597
-6077731
-4335672
13160611
11005092
1894666
-293305
4015193
11194623
7515809
11347824
8147751
3861442
-151965
10886793
2985227
5365948
13987932
389778
11113778
570566
10971548
2114895
-1954211
15093135
5969145
8457918
-3027475
2208080
-290896
10759803
-3320495
11047096
1445436
-888991
-192886
-3094224
5409227
12845667
9329208
1230873
3074020
11150503
9039123
8637684
11333691
15891783
10945210
3851423
10691328
14756938
10660415
-559847
9838903
14230468
1142551
834985
8649629
9281361
-1374738
9094385
9854745
898062
12089973
6663408
12362057
6341004
11506369
-3182288
2373246
206580
12982059
10314110
14608781
9524685
8210330
6373091
10012762
11778894
4052801
7928923
4102184
473244
1703086
984583
4312273
-1297913
-540399
8484059
-1080942
11106608
6423643
6814190
16064675
12243404
1708205
2208110
-4068067
-227246
9473896
255532
13982919
-4212890
1335346
3269873
13352023
882944
-561383
2321638
1820019
895529
9763544
13782382
955379
438743
2610419
7884738
8080118
10583040
3181347
7852334
866104
4717744
4078251
3624493
804456
10311666
11152260
-456974
5642833
-2973991
-3046782
576581
1010886
11784515
10253392
10324709
-83999
2511402
11714495
-5258467
10762267
3414251
12836931
4854644
-3464629
-4338153
12199236
8512712
1886950
11631702
7690108
436074
608656
11303091
1105316
-1988024
9457604
13158506
14344238
7654543
11519906
6562921
-363545
381642
136133
256882
2188223
929589
-685019
-3356199
-29130
9135064
1958834
14639144
15537100
9069792
-3270155
9860446
14926987
2053217
5680747
-1359338
7693474
1146638
3134771
9255020
5377093
5539326
-4078437
-2388744
-725748
5718576
9995877
10645727
3207610
2967503
6650368
2846790
7197501
10117703
2169841
-3433774
1485904
2754864
12283420
177466
7449441
10706329
9010762
-1074316
1338819
-106705
6940028
12895311
69906
13045603
-1001958
508886
2840177
1408005
13721114
-3427839
1276015
11861116
-1722359
14913463
1729803
1977839
-88549
8085548
4591056
12666585
11182386
11259408
955517
-3210918
11933806
8378463
11054401
-969803
-541571
-1226757
350061
14391114
2065663
2163361
-2586263
15955107
9134949
11356374
10992476
-504463
1280296
5872957
3531703
-1341286
10793812
2400788
-891217
12807831
1522639
12918198
4740345
3884456
11823901
1318228
-1766520
-1156963
-3265403
2778797
3539418
-545404
10457741
9072000
-3401141
9723826
-3441392
7811094
1045961
11202691
8163004
2754866
12325061
6400015
2110273
-1328332
9536277
-72812
12723727
12887955
-5149462
-3257271
10060178
9122986
627780
508778
9048144
9324996
2949981
13373045
11119615
8883981
1883823
13734812
1138200
15203228
746494
-51980
12487154
-5049446
1804387
1617740
11313686
2517832
1887202
10443775
-219834
6012117
11436501
6678067
10509001
-403858
3698719
968370
8692507
-1466861
3460868
6107701
4358251
11081468
4366319
4073645
13479244
-836349
13665504
8468599
11239131
11650007
-1445249
-3625983
5035396
5585253
11507289
1492993
7278928
1416724
894445
4314473
-62252
9000909
6284201
2374282
1190299
11696301
3077860
14462365
13155215
-1901769
2142392
15067750
888797
7123193
2063336
10619497
-462935
-1684724
10320470
266922
3444019
12393265
7387032
14864709
-1975366
578475
3253474
11776094
1414526
5030559
-1091785
14463548
5612832
8202875
4933778
-3828485
6047739
8956845
-365141
589537
9242422
-3508302
11485485
9565479
7728853
1748115
7771396
-637560
13561581
905274
8564574
10578107
12301025
11500257
6418223
12500274
13000298
6601015
7497041
3506138
11390171
2234778
6098828
-3198106
-2019152
327404
8321704
8825253
-841747
12660891
8196842
13362415
4854311
13440100
549567
244204
8790988
1987579
-2819790
480953
17632
4235220
5604201
10024585
12732693
2601551
11341957
3212266
11257077
3186353
12030974
1523684
1674208
3946212
-1772744
12194656
1957626
11176175
11577565
-2513755
2862110
9010458
338014
12534257
-3572719
3800777
9126873
4101731
12635913
4149421
-134118
-319798
10715533
12766711
11238647
-250590
6940957
1383094
-5135953
12659336
3979829
1426667
8720667
10453074
-1259575
12036695
2351239
1073228
12442383
1381912
1169410
5674694
-2056248
3828936
7910068
16074866
9736943
-1337839
-404412
-2245427
-1303208
8908005
-2949541
11070063
-711182
14361454
11140621
4882268
11690578
12231125
3531180
1213496
14589026
-4502028
5317201
8293022
259697
13127444
2526023
8438753
12943031
7980453
6213163
11296890
2022056
1307714
-794507
14649384
-4616902
7133289
3520305
357321
-1253775
-2569011
-2548699
11326806
6553380
782224
3739977
2232019
10553790
-689601
-4820338
12394933
9860852
-1019340
-494463
-1698947
3979796
-3327813
13515650
10933516
-1807125
-254576
1032
12022057
13436093
1240844
6695811
336196
4107054
8212288
10435568
11011730
11589933
5629522
16695936
-250568
-2304323
255839
-1351298
2626354
2276174
1752236
971995
9400960
3618103
8872787
11291336
2927092
3181568
3906096
10953049
-2249261
10854075
3176108
-2284557
-1656263
852144
5388125
2444290
4135045
805645
11934363
-748662
1696257
-1366696
3271240
-1281438
862768
1686045
9188013
13472091
8575137
1593102
2609083
9682400
340352
7947790
9274407
-1999282
-295461
4534806
317764
12445011
2215015
11492965
10799019
7970212
1290284
10724080
11400656
1401791
12043227
-533548
6324036
-1632374
11395553
2072290
3029803
11734190
9986081
13085987
-1223733
4707939
2285415
1231018
11814463
250941
8781307
125759
3267559
805546
-4918470
11751372
9456117
-868372
12326302
6719400
2523001
-401993
10978889
5535556
2515414
-4441714
13935122
-48575
2572927
190971
655413
8892681
7883573
-4795849
3454655
-1382867
-3353459
-963256
12550099
-4591640
14306267
11593661
3955353
13672106
12769148
10049280
-438708
6326307
336427
11461555
-4449206
10336439
9576821
-769518
10139659
-94212
12621329
4232367
8269781
5165862
1119919
-1738475
4149482
8106653
2166902
11464767
52
8083533
-266343
-366928
3404776
4884074
13963251
8692523
12077219
7317621
251693
837338
10987232
1864418
11461019
11817292
11601589
10908864
15037016
3830373
-373068
13278158
10258888
-725157
10189543
714104
10075100
17504652
12604269
-44640
6582856
-6396779
9522848
546284
2312895
8254101
-512887
292611
209106
-850817
6393072
13958618
1746119
9399007
2034242
237610
10145722
10406007
-6349769
-1584136
12119574
-1919482
10646687
9797552
10340180
12303209
3213197
12708220
-2084103
-3388989
-2280109
-834465
13059441
12067542
-653995
4865780
1654257
1757159
-4234305
11535351
5060317
8060254
10574027
9147285
10340162
-3163219
-5088586
339561
12566875
14989503
13716273
13760545
15095811
3708721
657648
746023
6854994
4528184
-1846863
2652280
-2836589
-2750173
12040492
-2572414
10229201
13699959
7574589
3353135
2546878
-3818321
13056565
13660768
5697024
15381313
13754072
-2968100
1249508
13358529
4093923
431227
3349209
4255625
3050858
9647076
12056952
15044661
-662616
7158922
-2320371
2070682
4077679
7223971
326901
178115
181037
15619072
10802113
12064060
-1075096
2437380
8923672
10726063
8707869
11583452
-3388139
-4728597
10481787
12593195
10787438
-4512129
7303071
7601691
2936066
10218453
1478262
12265205
3062229
3419256
12229285
9291079
11376248
1902325
11261411
8386980
60663
7489428
11933110
11706995
10291657
53063
12783720
2112540
5748898
11817430
11686260
204675
16939915
14800405
-2385589
11695356
886120
4043929
10556965
1887810
9799442
14320111
3150098
2783989
-5720374
11929919
6395252
-121501
3546321
6495150
-673615
11500938
8549423
14731338
6428559
-1552372
-963521
2284190
12289375
3202251
-465367
11032587
396083
1340012
11182752
15211167
11572840
850268
3690444
-2488252
11592802
16677693
9267778
1726420
6969436
6914612
4157473
10816969
1539322
437572
360079
1641074
-233256
415231
3598371
2494313
11796571
6075966
2767088
-2639738
10121870
10611011
12410644
11602920
-2654903
7855601
8320264
13123277
1992297
-3328886
8996679
-1779988
15380349
16170608
-6392791
4874251
10400265
11509014
12004509
732344
12186978
31125
9768648
16047570
3036442
12578317
11105913
8014567
10980495
7231495
-2504525
12781936
-1705821
-966311
12253312
-2843208
-517837
-6897031
7694032
11120794
-1430130
3924772
-2778526
11230013
14090428
-1827704
14373191
9149297
2409480
3274988
9343133
7741471
-4653930
7470243
12297262
3225938
2513021
-376083
-1905530
13514468
7090720
4208232
11501393
-1338649
-1353194
10333641
94814
13307251
-1866551
-120718
1116949
8825918
-3796694
12084048
12605874
15951517
11812845
-5772019
-2191210
10436740
11930582
3121394
70577
85713
13488790
1699745
1502110
10461067
721727
10154356
13425535
5743587
-3849937
11923290
2379956
6693649
5550840
14712203
1154808
-97106
2228141
427105
14130085
11386316
10916997
13204888
13456917
14467537
14604059
14290917
-1841344
9536909
9605557
7448481
-35729
900742
1458637
11650024
6115838
11995167
10814713
-336115
77486
4857585
704049
-1718434
6664370
-2426881
5879978
1172508
-5752409
-1007259
7965957
9068785
69536
12724836
14808562
9278469
11939013
9751199
-860969
12923304
2359302
11900586
540661
3705941
1511268
15330694
818458
2306158
8284487
-2601647
11535884
12373279
9826699
12501039
12595338
-1120345
2902218
-2795165
11198103
-6724273
7112412
9611176
-606256
-868021
4378498
12287462
-1117234
14704498
11962428
4976415
-4497
12980323
9080356
651191
-6679875
2758387
11749763
125566
-2576346
5708914
1262044
-3148884
8366584
5447365
1927974
10812450
8825573
11430769
1320859
405966
-616278
9490836
-4836820
3187780
-830972
-121266
11002357
11935658
6397926
9134447
163730
13164842
12484868
8552213
11893866
-5212642
12292437
8858801
8583041
7111622
1578485
3846991
11266478
-4474274
11413250
-3673487
13113074
-3401016
15148716
1515384
11766753
8564274
-339686
-4837031
8580652
9855636
387678
3658415
11832571
611307
-804900
7273050
3211235
12022048
5119210
2102845
12981439
1128078
16304022
-1434540
899605
2412667
72908
1128678
2192396
9786427
14543685
11829799
11148426
2864266
767373
2904899
8775171
1859677
1820348
306883
11084131
14401866
4772238
-3023369
-4762665
3097739
866941
11648710
11897414
3417072
9202606
2404176
12436009
-1638118
-1205291
1223645
7118655
-686810
4388221
11530953
8579162
10146526
92402
47792
-315803
-285523
2447244
7120302
12468279
13791259
-968464
10511216
3720773
244664
9408968
-104650
1118747
12914197
3161118
1410232
4885463
12624692
10932293
12025078
13350384
2220692
-1055467
11297147
9459305
5169799
10681758
10925882
14531376
5312666
-3723701
-65901
8697484
7114894
4992957
543568
8039318
1654474
7819033
2665574
2089324
734563
13277728
-1961139
11941941
-721617
471484
10889586
-872885
1384232
12014113
2179832
14689134
15769253
-1021357
1212360
7094713
880221
3622090
1949103
3159964
1815756
5793374
13108166
7914507
11153060
1151777
3128540
7574787
-1051094
7190762
972822
-3297174
1947699
11034925
15590111
13278740
916643
1155977
8609422
14396515
4096974
10945669
6612711
213636
505021
10592936
1353032
-2830502
254991
-1003997
-242544
161806
2515775
-4113842
-37703
4484397
1762153
11082256
3060374
12379797
-605844
11887900
5434110
-1577819
-70068
13998572
3431450
9194046
8521692
404906
2499983
2125223
8871641
10816133
12112178
12812476
6137282
13027190
719851
9513974
16434188
1522301
-732644
4642399
11654055
12455595
1074313
13932415
834490
10050911
14714230
7114534
3356097
8003800
12841561
-2785111
3341671
13866318
16439415
12459997
-1274679
-915893
11418091
13556792
-2290847
13332764
-74626
9127113
24059
11295743
-1666576
15122207
-1472370
-600395
10802921
-128534
3616461
-2491830
4794936
-813794
667012
11442704
-2582575
2503534
12643867
609342
12153727
1969207
5257854
497296
1951568
-1849037
1230639
1175372
9859439
-1343371
11687678
12730303
6189445
-23310
4108292
12926042
4787811
12808160
12808682
1858260
12689763
12122404
9213996
-307508
13243042
3256926
-3377437
-86705
8163377
514386
12235189
510571
334598
-6487769
13566642
1313135
5349993
2501264
13467184
6224897
8354709
12838978
12171970
360819
-1442323
5210496
-4774320
3169665
12136801
13775418
4433406
2928623
2345055
-2281271
-513834
1600357
-3798889
5328377
15774421
1135161
706043
13450969
7009472
10196120
2020599
-2455886
1787948
15182033
6193098
7596570
8188730
9001968
8788286
849889
-801288
-4399900
3720038
8930299
12797464
-1659589
7088477
1231392
10148390
11130453
470223
10105621
16529892
-2186241
-1867188
10436089
11730747
-804053
11926798
15713234
-1153574
-507795
2805685
-1996320
14485950
-1845592
3810508
910794
2771689
598026
11490342
-4042175
18229378
1199061
8126128
-5659024
811399
12145901
-3861823
708765
2324578
15318192
7492525
139317
10175025
202643
11903561
7298675
12991650
10105868
6020481
-4305666
269934
-1804194
424161
13119749
3173038
16518135
4611060
3525017
2484352
2590010
-101669
11317092
5090473
11124899
-1621485
17653
3637116
12593925
4778225
3137638
1678862
1277641
12116935
-4227192
-181782
7177444
-1847817
4347930
12809210
1745442
8482543
9537513
1380663
7569287
7350674
-345090
1723447
10296097
-270571
5581219
1315050
-1526375
-1722802
1508492
1555482
6686899
629055
2943526
12715961
399560
3871828
5533805
3853659
1692302
8316440
12988397
882632
4081094
4152735
-1302760
16533576
14159065
9853270
3232842
-153073
846697
9488924
-4614281
5097326
2155296
5055578
11562413
1856482
15430181
2267827
-4623603
10619785
13919864
13266458
12088998
3845337
12966443
-231848
14287960
9083054
5181392
10526559
453274
4811038
12029931
7720513
11919206
11656422
12498892
2004659
-2136474
2885332
7739674
5400679
7329183
1315215
12553306
3817390
8311066
1152838
3420502
-844907
12397797
13168761
13649304
10716354
705345
1760948
13668365
8775526
-194149
11407787
13626176
6186589
616020
2444474
7555509
2688979
10111030
9404720
8976236
-627067
4012178
2636094
3740095
8804501
325561
8756636
14996205
-1193283
2810320
-655601
8915945
-494151
11694557
3800036
3879391
2995627
-139727
3062988
2120603
7176375
-1684493
6944988
-3563330
-3356800
14392129
-4778221
7301555
2740022
12477469
-3403840
2536978
15735638
8417123
7622906
12164218
1287017
8474679
11684549
-2266579
6959395
13026201
9128634
-248244
5807490
-2462497
10998289
876849
2073796
10734414
9533937
7881882
11498393
10504300
10892021
11320497
11672346
2082752
1360911
5052411
12784994
978353
8101670
15808330
1190020
11020088
11297005
721011
2367386
10804285
11769315
-4210041
-1304658
13228845
3306173
980317
600401
4225419
9492324
2313793
4961502
-5207479
14076004
2514700
13152193
5268005
9842635
8052189
7193896
8734049
3752109
9580795
1505199
-3400264
3699650
10540564
8715255
1763928
1461670
-196609
14261664
3194955
-1979082
14687912
9104564
1153988
11718090
553562
5343439
829175
10664952
488532
2803157
7045791
8021243
3333540
11997325
1288587
-678714
3269532
7581138
4440070
4250254
7349201
6602607
11469291
12282328
-9277
9704582
-1409137
96842
6535020
8992302
14024757
-1597134
10532937
5901664
-1140439
12697661
13195777
805141
12651116
12765825
2131728
11646846
3566730
8754795
3924220
-3320791
4534317
-4819232
7624776
7141289
12358876
11171281
5343249
5757758
5504226
756409
11977549
3271767
11611623
1551739
4255209
9747798
8356632
189599
2455790
2773032
13466705
11112164
13964060
10472852
-217385
695430
9131238
3289594
-724514
3340717
3343987
-1927855
4784312
4263767
293863
470089
-1667804
8486357
-2893268
-260218
3233872
12450600
12692685
10982603
-393409
11103956
10718547
5322767
1152866
-1820167
4569641
-607919
-1290356
2199192
2832493
1866489
8524618
4063140
4809835
10447326
12774176
13671429
13654175
-1134794
7998535
539392
2332966
442768
3209339
5573730
2733127
9832020
-1382025
978711
1148722
14268239
-3261608
-4679211
4097427
-1597331
2299868
6094092
10278928
9094752
6302179
8214818
8023636
3325339
4721814
2817912
11676705
2517917
7740601
3558913
10082073
9278843
-1423031
10340865
979469
18343464
2945020
10812187
2284717
1089234
-321069
-3952710
-304295
17156975
7144802
8324671
8518230
758955
7487208
-3306592
4742094
4067006
-1549196
9237454
10160752
-276879
4625396
8700567
13140322
515769
-56266
7001871
-694523
13769916
-868113
1516280
2923894
10800513
734745
8965052
3058535
-1929786
3479043
1367579
812401
5521578
14377294
1152603
12419570
-3917227
-432121
13225078
10540484
6391
5374081
1753958
2159832
4073635
10628328
10190836
292129
9897311
12720864
3531073
13045135
18627323
1093614
6763865
2207989
-248743
-1766662
12378312
10500480
271779
-4128908
9263440
382557
-1183191
4958340
8261855
7177619
12666087
5341564
-4353430
-992524
12588030
845899
-704040
-2818507
591519
4240809
14629903
414209
-1156226
11291108
6468312
1716101
14429359
10622703
1776706
2625870
861410
3619895
7427293
9027241
799954
1536724
12219305
481575
9896965
4418495
1291206
11157021
3230663
9600105
9333693
1037384
8882321
-2340291
-220422
-1722200
11774588
1295539
6955801
11544805
3914341
3655175
2356856
15291178
13939158
15022455
-1694526
-3233403
14034326
1165502
11873166
11492643
-1543374
5240459
10591665
14271770
4628275
-99048
374626
12631849
1911958
4296302
3637545
1762063
-521693
2431713
3074862
-2187137
3952410
10877044
746338
124572
8770003
-3567781
-963964
3434189
1174976
7527710
12858584
12122706
7505954
2822527
7489798
8635039
12391717
12378334
24300
12137776
1374977
12268758
4533631
10854648
10763938
6090693
916560
1742857
4010425
2764806
-3530126
1857210
445017
5231968
13449014
-847406
-466389
5770971
13499640
-5125910
-4256854
12112056
11631505
-984043
10424347
-4033694
9303469
7311987
-1029963
-1688980
13832164
1095338
1243634
1189214
10424637
2614236
-2338491
3791295
3009053
-3818865
3508863
-3927015
11130220
4788349
14588374
-1281414
-3649425
-858964
10834427
838615
6176083
8751799
3913678
-1708602
-2587626
14470644
13380027
-1488537
14180793
5261026
1609475
7571580
2679395
58935
14111850
14798508
-57646
11767862
420211
15737577
5921818
1386930
6080755
3052330
5632134
317713
14185092
11305947
12057291
2288699
11267413
14575364
12318314
13218489
-844643
6801769
-875058
1898039
315067
10755402
109972
12667344
6034821
12067795
-1332442
5826853
7583491
14186513
14395734
5517137
10581555
14501841
9295560
8661079
-333342
-5308896
8591534
9990820
-3273761
-2151571
1448870
7430770
642618
3759584
15328752
14009108
3413851
1969412
380459
9615310
-1160033
17118244
11405267
3996619
-3419541
2467881
-1345973
-1424190
5898183
4240611
-2839901
6565099
-1339660
-5152245
4823390
14436635
6060375
12970060
1947724
14547024
13882108
1312363
-19529
-2788463
3925769
-5307189
8186584
11650360
1143007
-1744678
-853062
282840
15592631
-2692276
-310105
5992038
10024329
6719120
-2058043
1802785
-577296
2506428
8829426
1627482
1949991
9754849
10646125
1387342
439084
1499578
5339074
1762230
9021689
1003653
1012472
2702917
1408883
2241870
4574315
19301403
4845784
14894608
16517682
11121310
11299530
11838122
-2535110
523191
-3391060
1093651
13445842
11472414
13301433
10826637
-3500002
7921302
18026145
10397562
2662395
12063790
11047002
3225440
1099668
10797004
-3487238
1956339
9256635
3962865
7875969
8199645
645451
10392062
-1520667
-66478
1891053
12402951
1427552
1947245
1779287
8313879
-5227085
3043236
2428655
10477094
7811880
10584697
-3343274
15566348
11085940
-887978
16959837
9822249
753806
-5906956
1122918
2529208
3714708
12865334
6620773
-889009
12725988
-304556
938050
8864212
1429384
7847579
-2291042
10211799
2025747
12707887
10219241
-1822313
-2476555
13315141
8759753
1212103
10262446
2071342
8433397
-111890
-87048
3738060
3848285
12942191
2577061
8199003
-3812018
11240083
14114071
-4343504
10877262
2627931
10049304
18186
5604919
12791232
1906003
47507
-571666
12211170
2811907
4053939
11007492
14064565
68474
3337058
-6763
-1037788
-4645129
8758822
1927879
12050299
12506775
-116316
10626786
16632982
2009873
485952
-1309368
147067
7557736
11087484
-333570
2692257
5032952
12755662
323909
8377103
11868938
917693
8213463
13044583
12365090
2301299
15241022
8629032
12238277
4126607
4766984
12692569
-3197589
4378641
3669420
163386
1073571
-1405018
13883353
8669358
10908233
3044417
10398192
8144529
11815472
1556166
14489050
10518509
4089774
3187048
1012420
11536642
-945497
6617117
-441393
949855
-4412037
12624170
12054097
-3868912
-1897303
7454827
8070141
3727777
2875389
-1724850
1903083
3324632
8530273
858828
4107668
2519580
2574708
6981887
13593669
14538622
-1211716
8112171
390109
12287742
-649404
2792924
42332
1164427
1840285
885069
6977483
1234876
11138023
13586855
11843203
3245831
11139065
-1424291
14986346
12245485
1335463
14866066
-133209
1826782
2335221
927705
-972237
5137940
11915567
13611703
13252427
-299140
4146765
11105918
-886693
4032117
-699049
497254
-1732774
9246728
-160626
18851
9161814
11266672
-2632017
11988652
-3317875
10740092
6988473
10605728
5948060
2178786
-2021189
-59246
1941195
-6419594
14880990
543564
12505655
9903801
9667827
10159922
6982781
1853520
-997230
-4419074
2453347
-2458915
479500
7660922
-270136
-691276
1452207
13446390
7632892
-4227529
13288878
-1299553
-188178
549441
861138
-3617887
525688
-3230324
3731220
1926934
13509237
1971672
12549827
-3885186
120173
6296681
6786441
4660110
-333224
2604180
-3841015
12889390
5614921
-1561499
-509304
-3568366
-1779509
10019347
15472020
-1442367
6803448
6672520
-381374
1434489
5023268
9146328
-2429564
-292301
-330322
12613838
-53890
3830217
13972046
8849882
9349787
5745116
17050109
497808
9264347
1054173
-2062570
13342471
8457083
5521899
3481080
11389774
4340458
10830745
-1783297
-2382508
9878050
1208443
-118755
8822066
-2368643
10539283
-2026298
11279848
9268401
2116226
13660963
1714978
5532319
14302607
377749
251090
4703241
8059431
215637
781014
13179152
9556338
9626680
-6714688
12164761
-740174
620767
6093351
11614870
12831134
4522229
980902
2066480
-575834
3416437
218652
7723835
9926863
2344403
494395
6895339
-214359
593742
7230264
2558838
4290418
-570836
11031624
-269627
8969010
228824
11066640
8754258
11204463
10187687
12037366
226440
-706274
14805553
14305124
3583661
968029
4125766
9079902
10485792
-579404
1221276
3975654
11258395
-1074281
880196
1003556
10953504
16060804
2919266
-492010
-3499983
-1290860
-173936
1435843
-907801
-2197773
10922271
3414640
9614174
-2665618
-3414017
3705534
12750920
-2424252
13263742
2519103
5463764
-364899
12124578
9243532
11646995
12194793
8608080
10884874
1562670
2983867
2814232
1465654
-3224273
13178771
552732
-3660553
2591076
16664017
-4012626
10212435
11670709
16291754
-2078205
1170945
2620025
3576891
7173305
3258436
-1318240
13740331
-1139603
3133784
9957128
16641046
1692258
8856897
4116016
421750
200559
1633899
7375256
-396285
6061571
-381081
3210004
12347577
15780266
13928964
-4954164
9224165
-919222
-249599
8892810
3568235
12015234
12825399
11051029
228483
8319487
-2517842
1545353
3125660
15078190
-711852
1470099
11646167
4964392
1912985
16444676
7615705
11432666
-3477245
8891012
429034
17172688
190424
6551514
9120470
5230137
13083520
1935488
6000102
1195711
-1486443
10970794
10596988
-3312012
494399
6049621
15449734
-375040
-4089065
11593961
11287765
17091426
10258930
2179793
9217750
6025474
10535172
6201698
-3288991
13024933
-739072
10360509
3294095
980937
1973276
-449038
4943388
-769694
-1116086
11204225
124725
12878021
69318
-611114
3883072
-2497055
1494754
11533267
1122540
-600813
-624259
10414810
3061867
4251679
5099653
2621665
-2434412
12139435
2819363
-1143094
-6038348
11831644
-3035914
868911
3713947
7875720
7614464
9783283
3697245
1168608
4085120
276198
14112243
14134435
11220019
9452639
370435
9073011
-1369533
11399573
2701916
11637173
-2538442
11655377
9677173
11464309
345018
11761182
1057661
14431224
-2064972
5802996
15700325
5731714
14515210
5878987
2834057
6180609
2316073
11241412
13251065
5522554
1347257
618417
327021
988225
-121437
10092773
-2877093
11527893
16049655
523718
12717442
-263220
1781112
8065179
3862095
12822547
12423727
2148875
2693118
9020853
31954
16121826
2247742
14984521
1408288
12979878
920614
6004731
3350423
8886724
-771722
-3289300
12243637
12184295
-697115
-53122
9264888
-7614
-3030074
204766
-505831
-940622
5016893
5938333
-854480
9443351
15272667
11604333
1959531
1343822
5657434
-269456
-420004
12004133
441176
710917
9230798
-4460260
-169500
6122284
543725
-5300498
12184696
1591273
4395723
3175856
-485597
12876261
2306920
15927527
6473798
1517449
6453593
10975423
8019127
15163739
3349275
12353880
14080537
-148233
-950555
3032965
-1018520
382154
12224979
5182010
7811301
7873866
1842881
5160010
1622727
15670073
-165050
10993747
-2610030
-432956
2636865
-4189888
11032250
9541463
12583272
881762
13736034
-743416
2217354
473908
12810440
4095718
-2626002
7438632
13374556
341582
11378754
13478800
785526
754859
10764465
12358471
-183080
3993850
1034090
10863474
9285545
-406858
3284112
11129689
6529919
3937266
8387307
12374567
15193305
10453082
2809406
12914155
15359214
4381459
9165524
3553716
3064020
11863355
-806600
10403522
1796093
-2735668
1666710
-1707949
-1982322
-3969852
5634665
-4585158
13223064
-508512
-2744697
8788282
2485786
9429108
9375290
8223378
-140815
1358136
5849649
401447
1446410
9964797
12579269
9926300
11557467
12336953
14382277
-3179559
1477686
10534006
-1298282
14366482
2773964
3306103
12727808
6890316
11694936
13325847
10255195
-61233
8173626
11076506
10636326
-352226
-1268095
2446793
209317
-3576567
-3644806
907805
984521
1998971
14519804
997080
4429718
10783651
6402077
12342999
5319229
1809606
11890827
9599994
462290
-1671660
7674299
-963585
12493654
6567482
11945921
11335724
9415916
5066429
6807639
13364434
585158
11547405
1407333
-895893
1632518
15016122
8772926
13022344
-3609523
1184877
-1068575
-6746810
-738152
11730668
-1447578
11247321
11478724
3969517
628254
12465402
-2491503
3273777
-972822
9868052
434928
-3279807
3157426
538594
12845949
-3724792
7492833
12661194
9071008
9653610
-5043111
5375020
11404064
15174136
1751345
11185759
2955894
11330890
13606716
2667815
7726782
-508648
9668934
-4476959
11148471
10442594
-46358
12696102
11798727
686175
740363
3199005
-4646631
13195049
1845862
3679704
1958287
7992678
3746132
-1863153
16412770
12299975
10645983
-2888820
12689146
-529709
2384118
502244
10106538
9922
12573659
9035152
-1759364
-3067965
13650573
3915125
7732757
-1693684
7215782
721056
4755530
429278
-700484
8519944
-1415415
6496766
8561033
5108332
14260581
5271966
13844697
-1786493
11208939
10261060
-5090309
-2988989
93114
-690985
4611384
10986792
-5537945
-2516306
-416339
-1200275
-4353744
11220481
2008024
1344017
-5254215
-1064505
11335839
8482813
6578969
-183839
1714164
7680747
9464843
4903532
10724296
1336972
-4077923
12767857
12690019
8108634
7828714
2395731
10763580
3735006
6056458
2767545
6476568
-799996
1703001
42352
4340486
-5423275
10382444
13277550
2552392
1283559
5267264
11141112
-113686
408914
11517439
4423483
8276584
7191017
13194636
1675700
15885237
984649
-387548
12507211
11302250
-1330056
2009212
3968328
8452524
12970230
5230538
11252957
9831586
3769070
2480987
-4162603
-332659
-5996828
10446162
-3812050
-120418
3610215
5146075
6851811
-3408340
-1661900
1140431
9828542
2721399
10442492
3886478
-2385868
12040350
10538055
13074255
4081815
13854567
9220342
11532945
12901418
-566780
14610960
8942920
12261070
15103788
10277241
-510775
1010654
939784
1959617
-982311
3234970
-615824
13810356
21594
-3604970
642330
-3638525
753438
3371990
1767939
282838
12308183
10272625
6265382
9283726
3526855
11562868
-515188
-3618492
-4423941
-439147
7196178
-1718152
2257172
11775194
-1409811
-523717
-574091
12206757
-6191172
8174900
2174962
7504003
453602
1685638
5983162
2558269
9343019
5075743
-730690
11966971
10660338
12910002
12443393
13553909
6350894
4546024
795792
17495025
-1852970
12254332
12761718
11032974
332952
-2631491
12710459
684221
2467013
7604129
7679219
8614387
3948165
8271915
3518272
790290
9835045
2284015
9819415
3179912
-6291285
2049538
14836840
-512077
1010135
13761196
11109133
12397021
1670893
8855166
10558885
3866580
13481816
441386
13565462
9708685
-1351474
1171003
3181472
1191034
12022616
14757130
11767520
-115122
1867756
-3042316
10931292
16258264
10963348
10697708
8238392
12319070
15305530
-2271781
59056
2128529
2633660
11114671
11552644
14297002
10686556
3537717
301279
15142941
3173024
3173122
1805531
2464623
13253230
2839317
3295217
12623945
579031
4730919
3727666
14754534
2913881
-1184246
667798
2000334
5164935
11899051
1891573
878156
-604094
13160000
1659890
12983739
8517341
11530158
6998063
2268378
13541660
10480772
9179385
1598300
1197187
12171041
1043689
3403152
5304011
305590
1828683
8111541
5037751
2964567
12956150
1388988
14250792
4483606
3722153
7637006
5972688
-5495712
10515103
12478324
12165538
15064618
5515763
2220678
1919995
5392281
6290065
4263293
122794
6931098
1599597
10737166
-3380325
-3179387
11327759
2431237
4504608
-1633722
11462579
11665792
14705497
301476
12223646
11518007
12268895
11035169
8512852
11455669
12008938
4452184
8459029
-48542
15942756
2673562
4141197
1894697
9040146
2357357
10900053
-1434090
-2989437
11275456
16361975
1331415
186177
1722961
9762085
10788392
11296777
1293264
3870996
2497400
9128038
11125142
12312804
7923500
-1716555
9760247
13783198
-1323185
6436690
7882223
1498648
1902604
9368823
3307239
5819209
-7874477
2469204
7305746
416547
6029414
15700668
2923608
12824788
4994527
6132917
12054451
12227657
1931655
-3478058
7101758
10256709
8686337
11449113
14705792
71262
9688558
1841304
-537769
10423566
-1070323
8442601
4940195
6838199
2907324
2195642
6374206
477446
-3911565
13292068
2954267
-316080
5839352
9107987
-770285
-619336
1433774
-356838
14095974
-65192
11130719
2614705
-4841713
10108750
15132395
3241477
4103940
-176704
1197559
1087095
1133396
13845180
11352949
10779356
10697077
-4682918
8866209
11990713
6663318
-340352
1871329
614415
1826295
-1281633
7061069
4906412
2143968
-576094
-2924535
4308927
826392
12995318
3540642
-697207
1615593
13449212
1282446
-756442
-4592824
4626028
7505672
11396350
8769829
14096804
14651887
12519307
1575345
2888150
12143422
10447470
11692634
-2130498
14863830
1529330
-3377767
547070
12550363
15101522
602298
1411486
1865044
12314665
14292878
-4286371
2618217
550827
308805
1004132
559211
12995851
988091
-810793
1135978
3528671
10377375
10154441
7275814
1484597
332703
2595356
2026979
10307082
11324304
3577864
3425342
7263429
399668
10716189
11188322
13054473
14349333
10739644
-415788
9563025
7911025
-669356
426210
5809620
-3317181
11101572
10577519
10817791
8560448
17390090
15464086
-5279288
12671140
7849426
1743090
1761888
3630817
6997585
-3140855
9550059
-231063
8435655
13490351
2256312
-556804
9742572
-2187817
15174796
12498837
73694
13414128
5026987
1182755
4379136
3944503
3556585
5809293
11693387
8223123
13389967
835261
3383734
8306706
-3746797
1815657
15485330
6156199
749513
3845969
11344655
-436795
-1235483
9409770
532370
2893355
13286076
1213535
2565371
6973064
7045897
11838133
2793356
-239736
2830783
10827744
10057222
5054773
984024
-1023976
2444741
3733791
-2597690
5758786
-2868513
5793857
12584881
10123563
6787936
12886387
-1307742
3431455
-487150
-1059497
11859391
-4333980
2620513
549091
14023674
3095389
13109638
13373709
145105
1372214
12445074
140696
11613131
14486343
-2334762
9488191
282622
-280679
566365
-25139
4645519
2591176
-544199
-1499056
-3034168
561910
11056524
13536013
5826117
6562864
7438935
13423401
4539734
600016
1820796
8985755
12720523
-1458216
-5189290
729368
3495819
10848766
12701208
33065
1126108
15936928
6772643
-371984
-3147379
3022084
-1457508
11405345
13613758
8525793
12803575
2897086
13026026
8137254
3464153
-1405445
11683692
1950379
1347664
11673158
-1482841
-337987
11321410
-1432628
5717239
12615173
2556363
11517195
10335585
994990
11321034
1005442
-811841
3587558
5185887
124411
6759016
8737971
-1053849
-167968
6186656
-1443552
-2240148
-181677
-76472
17160255
11379087
-2417442
-4662934
-1538666
584521
9441349
13247155
9099539
4277218
2264505
-45579
10762762
14158543
1835578
1826653
9936746
10163443
1128741
17215096
9605153
1214453
1949453
11824394
800757
7200935
3153516
416731
1785191
16318208
2907600
8144455
9471768
12189065
-650413
4220486
2664444
7911788
919719
716310
-2352302
3107256
12358923
11445294
-2296744
3124862
-306496
8163931
10799432
4828594
3498618
11056615
9436135
2676148
5124130
12780993
15858675
9332105
-1444211
-1635638
5226364
-2991671
-1981661
-317410
4344015
3186091
15735123
1875901
2393170
4433034
-1813026
936637
676305
5020622
902980
9695169
14831726
3883114
13073172
-432587
-3559789
1877834
7460195
6919937
-3484789
3221562
-4198006
-194213
13365947
6347953
-4317270
494604
630388
11335538
12753639
1132167
10718108
2753835
-405459
1591727
1310328
16167048
-5027089
14358195
12893383
14851248
11790433
283109
9536494
2798213
4396906
7564217
-2056769
-1764332
-4096412
8557726
212079
12231427
599243
10615966
2572096
-4146518
12174461
8777227
10821873
-389137
-1327084
728190
11206267
367466
-4342858
8385943
-646277
2947675
10432497
15150343
15170542
-2949161
4652326
13835911
-4628728
11932380
10755247
-1136034
12657308
644798
7076737
5121862
12477517
2495933
3797154
16427238
-105304
632254
304680
7212240
268411
13613316
15865583
1264950
-134901
2424183
11276886
-1212246
1949130
13373885
-949996
12610484
6481552
7347198
-2924452
-1790966
1931434
8837230
1044834
10420240
-4690549
7413205
652029
-1294840
1639024
8320978
4182775
12841993
13006859
1154757
458670
12076568
11090628
10515256
12429297
16100190
-5878946
10748517
1163445
-2618992
2470174
-1503525
1324365
-4002877
10398940
9985809
-5344181
6553047
13116323
4446368
2399792
7648366
12397396
10608462
12058080
-1317816
5680590
3314596
12639412
4235847
-3331574
16003527
11653634
12768246
14944586
602141
400076
7428389
10319260
1096577
15263149
9778827
10156745
-2377292
-2360706
6821384
13860863
882376
2324402
954353
541396
4071572
-5678591
6275459
3476720
-33971
1579829
2919607
13314417
13685761
7362259
6831392
4612387
4043825
-427651
11723902
8136907
10339815
-1070527
8213503
10626521
-2269446
-4232315
5146206
9564134
1782466
426620
5907319
11558799
12447141
2180231
-2897176
856023
-1460842
9895847
-3862522
-1540726
2201712
5316794
12288915
12024299
12374073
2368347
10576976
3953212
1589423
-453219
11493598
2169827
9932118
10415761
11348230
13604107
-4524764
-418323
12762069
8361681
1102932
14085441
1974772
2803030
10063532
1892373
4491620
-1072488
1799380
795569
-2149363
5970057
13474353
-262553
8132107
10839453
4300147
2330843
-257199
-4568182
9804713
5508417
11301894
11260169
-644262
11174990
158660
2436087
10493535
-871892
2058297
9061255
12722792
12135981
3275282
3205701
13853821
-1822257
1469086
-1527855
-374878
3284341
10364307
11255613
2630213
5935974
7548246
14265096
12735378
2881142
-3814738
1194553
15953678
673874
11485898
14808054
371286
8742511
-1250876
1952850
10940642
2668512
11468118
-1255536
11039105
-743489
-2469771
651794
4065230
2094485
9618399
12561026
9136475
11262737
2222906
2613020
-624331
-2152824
-602897
3221865
11124821
2567026
16603265
-202861
11698499
8829206
1057307
4063377
2333627
7008425
12482797
11549417
2625830
12286668
11464089
1124247
-505633
6626206
2306945
8061135
4951054
4882309
1509973
4150132
10035897
10745825
8231473
9711180
13000125
-1411029
11344292
11891479
15513656
1204542
11289186
10560903
5177455
13652015
6242057
-3575407
648938
13611634
1846541
8210433
-4577195
-921662
-256708
-81268
4243654
420509
71188
11684293
1175530
7429866
2388329
7806812
4158776
14058574
2894849
-1348721
13717099
465906
3013049
1730786
6112652
11141980
10409574
11312720
2566217
15576342
3668407
-1231835
12504407
-4544748
-2994231
7286346
-910069
-2499970
4416021
11038568
-3925731
3162650
1485857
7819886
6263191
-1344328
1237699
1349092
451602
1187436
9706580
13167520
16702370
-655144
7951264
15433942
10969261
-2755062
-184665
12880524
-169380
5204125
-2814936
790664
3994822
535848
9994049
5018112
4163859
3716317
-181545
12638371
9089275
9633411
-943597
2713041
8649060
14696215
7738326
587786
-1780311
13880475
9296394
14785800
1588636
-500783
-152834
-606274
5381975
8542136
11421623
3463419
-1243155
8812969
7415308
11656587
2532833
10693852
13288444
11602490
13046419
2967795
8819493
-5300318
-515450
9348634
124566
9087485
14650929
13184074
7075160
10607105
12781349
6834864
-1102095
-2001372
10152262
-4114087
748273
-107620
13861711
2480178
3221502
658128
14370273
1979426
12170253
10798508
12995771
2138025
13482498
-968642
12938238
10335418
-2699357
10035621
5122665
7627031
12502378
-3060282
6989652
-1371269
-3922752
10751467
-102616
13603709
-545226
2346883
3808886
-593702
-2600117
330171
8827884
2215303
8804503
-1469542
2253748
397225
2885768
2841757
9120465
-61266
12328278
12312009
3603437
14989559
-555544
919070
554986
6861395
-317499
2785987
11692565
5889222
2378248
12467703
10221712
-1967760
4894857
3403368
4991971
4152623
1881090
3468939
12779246
-4665308
-1217850
1733184
-1890846
11763651
11630190
7400791
14566651
-340376
-116660
12771998
13712568
173286
10105564
11624429
557988
11109353
5017199
-54159
11912215
4521384
-504580
4242967
6880115
11886233
-1074398
10288796
492696
2803880
-2448367
2414369
-264133
8887598
4464562
1258566
8717712
4831278
12079532
9258667
10849959
-4979488
12488428
1998094
-2278327
-119489
13926405
3912838
14109208
746647
758381
358348
11601486
11664724
-4270245
-866510
13216015
4025738
-1986268
13236956
-372447
10205898
-2436348
287422
1363342
14278983
443242
14190324
6382125
13598534
5449357
-327798
10916372
6133684
14465904
2587052
1005401
12053203
972928
4427426
8906284
5498830
9791807
-1067454
13977364
11888401
10874866
10327549
-3035088
8684703
12928161
-848644
522424
-848473
-1890964
10405080
3806051
12813112
10712586
14022044
12729424
11166343
1254335
11488705
6176889
11960144
9911052
9214092
822566
3323773
879807
9878038
16719095
-600096
-376124
11689980
-826200
8165413
5411316
6341
-5244878
12144372
8405639
8277372
2217242
429156
13037849
3844309
861206
12272984
-2297248
12196413
-3926
-3732186
2502715
-98130
604634
3385733
4475194
-4986409
-855353
8781001
3842045
9003295
-353554
16921531
2271866
3567227
9361880
-5484523
13287026
10515831
-5395150
1006757
-1756832
257852
11142877
7473063
7558061
-801076
13069628
921580
5650176
10296266
1318421
-135792
11581728
8450057
-2573539
-3319036
-4166584
12311169
3170956
-351623
-1724417
1944279
2282027
3576333
11718801
13119726
423216
7147410
4417125
1379339
9140209
1989387
1265892
13695822
534438
12485416
-3838426
1799872
7964
7000494
9923061
39136
6679276
741731
2073383
12439667
-4535376
9577175
4336656
-4121574
13524288
15347490
10061473
-3747089
11751483
11975089
14938428
3859460
11749452
-292795
13145236
1095692
9588338
-3985643
-4377159
6026735
5590261
-1006872
2649090
-864649
13316299
1809031
-1158338
841354
12754966
10352903
4412497
13302576
4461389
-1352664
9621957
-9994
16671692
5240350
12171701
16577976
3383692
7187297
5322123
2753484
12406083
5861697
18085030
1775061
3436927
-1763049
12258196
9803727
2108861
8537139
11606871
9824300
12410797
5115630
9640990
1313363
3760672
2268833
-4148856
11949983
-451133
-3063409
5661582
-2959361
12389605
7502702
10325390
3745002
-4661518
15281960
1190364
1441645
3118614
13744836
5150144
14585372
13128255
-1895995
-711131
11332780
14294535
3628957
1703080
-2105174
13248187
468969
11575756
5501969
10587849
2141731
4926287
-1016205
-1679765
11362668
11691738
883452
11036147
1440887
10078624
9642225
-711901
5218546
1949804
12744140
5298416
13784695
10403937
8491062
12170818
11061400
10472717
-3056477
12791184
13568162
15135470
8169354
-832258
10219749
10988046
10396793
8134617
8028937
4751155
8226095
6245880
2653710
4942731
2296417
3425858
-4538281
12074708
3553017
13026712
9413592
-5222384
3082823
10834839
731141
508636
11608327
10846493
9108966
630881
1623162
933753
3821947
6218931
-120217
10625801
2371069
-407739
3122520
6958588
316371
12457593
9015921
-6098564
13698135
5778218
965988
5703666
12114660
11752555
1544283
11865947
600346
11528477
10249916
13297199
6083398
-723690
6329296
-40408
-2620430
15006592
346755
9836540
-850622
2697926
8027906
-5071803
3484680
3652103
9259138
-349391
4367540
12641432
8917214
5691404
2489794
2161336
-2906239
-29191
11210143
9908636
-798354
-4026114
9934155
-1537964
1634684
2397248
-4476283
12577811
6443538
29425
-492270
-1427331
3371080
1262720
9589836
-2427098
-309049
10505684
9011012
9557302
14635799
12717707
2333474
15117572
12635180
1667241
-2005937
-3419505
13781617
1295125
12498706
-1556585
8979805
-680521
13207965
-3766223
12481536
11041376
10171002
16377087
12702618
11031673
12947104
2357507
11865944
11366869
4173070
13428317
12816223
4850191
1166866
-1039316
-3470579
6248048
12266132
-2520244
3853195
13449018
16303765
1760346
12890742
14964867
-26443
312884
1028024
60956
14387190
2762057
6503485
8757411
10959412
11868556
1990884
282919
2128230
13021326
5365548
13991506
3682027
1954866
11891651
4187740
10990639
-474350
3740352
-1370476
11743263
-145153
-611219
1749136
11367640
414774
11991029
13493375
13836130
-3211483
186767
11629210
9470785
-1881945
1461185
10511996
2188806
2961217
-165840
-1223685
-435235
3888176
486434
3688767
-200570
-2688172
1997691
2621065
2782186
-3287417
6946026
-1052054
9389418
-2629131
5813219
-519675
8012346
4704276
12410276
-131022
11872415
1514917
-267683
2925519
-3143148
-637023
-633530
-3132528
16672240
5573692
-219402
12108039
15610661
10737171
-4688012
-3491947
-1409842
4770271
-593736
-4285544
1498581
13887120
-607282
3160852
512877
-625165
1175558
276281
2029246
3568945
8993098
1039148
-1302535
8203696
-2526380
7452784
1509111
11153349
711446
4278280
-741914
3402950
13349810
14017774
12530330
10989122
14319492
10273565
-22391
11963902
2232304
-658799
1723221
10853129
12971925
-3645828
1282078
-1298104
3803133
3569118
-2118279
-219017
9409851
4596400
9060711
-692920
5514825
4148325
4521049
2282420
506739
10142517
168775
8726221
5431372
11250836
4493010
12812855
6951074
14252982
9994924
9520183
797837
-2350585
9659516
-1613250
7436273
2404246
-366813
-2767934
9575481
306927
10909756
12037905
-655273
-650066
11496987
11600188
8334836
13693131
-373709
9827354
-1149554
15407450
5240171
9500722
2395851
-2227228
4565407
13203856
699616
2400837
-1949769
-2529944
12309101
15024397
12307164
543374
9331549
1033931
1055414
-145090
9600148
1393236
12791186
16199456
-6427004
-22010
3810643
-3478882
10342528
17044912
9166048
2993756
-252744
17611854
12848231
12000079
2056826
86201
-405415
1387702
12969774
5369095
13161860
4311973
14634342
14284289
-3361193
-1940807
3471771
-861318
2603381
1033331
2166573
-1294325
998598
-4627379
2193023
5889038
8641064
-1445945
10266632
4310504
-154514
-4581053
-1487840
11571846
13491934
8616236
-1991314
11228304
1835757
56309
4732228
865023
7233418
9732982
6654837
-146434
8277555
12569213
-733210
-2174458
15249777
2952114
12714182
-2718502
11087605
535857
10369696
6483089
-1448502
9199447
9009610
-86448
416869
9521328
7791553
11891164
-307643
12244887
11788703
3409983
12397041
10375958
3508026
1266504
3449681
8855673
12780141
12194327
2507041
8175523
10794317
-531562
11224341
11975675
7481708
14492829
-662049
7288201
-1342790
-245514
10163522
9062674
13759055
14992341
96574
-430016
1920663
7832529
10369688
680924
2971076
1870637
1086540
8097847
4073426
12718269
-4291886
4712040
-4786987
1938360
15044166
15758029
7276002
3361578
1194451
8113801
-208744
2059675
10607345
1766727
913842
14308944
2440416
8623914
11289188
30865
7441632
1008286
-2576729
311511
7964455
9967685
10233131
7982452
9479355
1419621
14406238
2935116
1041007
3001362
-4220463
2216478
1140815
11042260
13865642
7239248
99040
10826788
2896758
7629160
3294421
162790
7534871
4175025
8747683
-860495
-2212090
4605568
11638196
8686097
12089675
2390156
865545
14050206
12773232
10745498
9327781
6928451
10988205
13572477
-4371198
333874
-689031
10286510
8907791
4416640
3964045
-655815
226939
5215848
11327498
5685533
8011167
8878098
-2247694
-2646878
13406442
4281816
6332436
10936452
3023726
16840343
1921060
12825041
13469537
8512801
12141204
-554797
5117531
-5233655
1029864
14382388
1302693
9536650
9874988
12439020
6532174
1802850
8829397
-508174
8651001
-2222045
-593845
7393382
11040910
8937353
5989340
11628273
-1795885
596271
-973917
4133008
1974155
10743453
5355307
9528645
-1833912
13219179
3679100
1867468
3710275
3532207
165591
-2475079
8950615
-2276505
5630255
2010085
13862823
3758452
7623537
-6090790
-1393459
1581597
-6119082
-96397
9843370
206922
11810659
2216477
5054876
6088934
12654654
-1586677
7514516
11451480
8940490
13142400
8642950
16269512
10734477
6930199
-290200
14622824
1143915
9465713
8909867
8577186
-768332
16811824
7598519
521042
10938355
1478136
10554248
1017434
8935205
9780076
9379883
-5125160
9149488
11353638
-326274
8552531
14069050
10571728
1856970
-381330
-2475895
-4566371
1849266
2924600
13158951
12790311
-292218
2142736
633261
4344172
-768670
-59647
11135549
1516809
-2427363
-651544
12688578
13153347
10208573
-3138101
2785636
10087416
-769070
-593683
7407275
7674123
10624750
4881430
352144
9501755
10278537
5468036
-2782928
11175215
5030917
-1971339
9556840
1158252
7531495
2950514
-4987232
8109193
12585663
-1094461
11307628
2033945
13391015
5617337
9275708
3378785
2557176
1625299
3305711
12187630
12155141
-3793738
11365075
-650532
10942661
-47152
-4334320
11672056
655324
-746072
13701440
11991683
13340829
5202331
13157395
964727
15328118
7649773
32797
10776236
-861529
10819983
8351215
10142673
7576215
8147988
-126133
13317327
11659823
11889683
15569885
3136802
12633007
9666084
9415522
4130053
5858857
-1089451
-5316556
13404195
5366327
2864784
1950866
7301083
-110274
-5027321
10540627
10288128
-796074
-4330698
12543710
-31288
17130434
827213
10261237
3375316
3537482
1844878
3208840
4870356
-1972998
12337808
1611597
3156537
-2836241
5371501
1434057
-1117756
15958296
-4301073
400783
12699389
-1716267
-906530
11714772
-5311423
10152712
941782
7090790
2722052
-3562858
10148272
14048014
2602023
2591428
114274
11463786
11984403
175168
199291
6198331
-3108068
429267
4255372
2368827
13274704
-1328392
12801245
6143617
7434924
13005846
-713256
2782871
7749208
2757495
-207244
865034
6331519
2335594
2980264
14571311
14627721
1206017
1553890
16168043
10823142
1679767
701860
8961609
6851279
-1172613
15324683
14393775
3591260
-482984
-1548199
3728080
12789695
11537677
5567019
8430814
12426230
9656611
-4227830
13618358
739850
13559418
8723600
7052150
1253118
1201505
4690760
10246277
6623619
6030787
11643494
1984366
-5660918
3565828
935627
1866555
12801369
12856485
8268137
539010
-2353931
-5475535
2365473
737788
627858
13761402
-2060212
8031957
137745
6082913
183554
7288902
11809430
10525621
15055583
-2272014
1560330
-1946397
4841971
13505942
8898148
7762875
12299849
-3047460
9196728
1557957
11391420
10652285
14891341
13989851
6131595
-85108
-1243075
2539546
3203806
3792370
7736550
631966
-4900090
5786773
-1672268
9286173
11953532
-4704269
7487089
7091266
3041334
-2489501
9136779
5669220
10131718
2371249
-39733
14395245
13882870
-2636855
10223366
3584057
-1411529
8079303
667685
-56321
32661
12568115
-940077
11475749
1174479
11079596
-1018063
12638246
6595529
2364248
11902615
-1399106
12404940
10165464
12980810
3580541
7649343
1568947
5332724
8973255
8809915
-1352542
792864
11351800
13078317
10088242
2311567
14362768
6808058
12143364
-312083
6757606
11935898
10269691
-1003648
10463464
-1361001
9372651
71239
11465791
13128864
2292844
15852198
-17164
5641460
4608411
6375546
-147688
1306135
688926
-368041
1249019
4849656
-246318
-901214
1975770
8832585
10555876
11227953
4714831
8756591
16447391
7343121
6948657
288193
8935361
9370355
12692184
1734107
2221482
14349039
1583910
15290221
6008466
5354515
635655
889641
8241157
10720344
-2917702
14144310
1078462
-557691
6695467
340553
6852568
2073905
3834480
-93234
9987148
-3566871
-1984365
7248470
5080960
13646333
1954286
12122369
12714264
11824357
10441055
10084927
7724969
5396645
9505991
7182559
12824630
3989015
2051075
383697
13080840
7741567
8896451
5967217
146657
-1442594
649146
1050426
-1249841
3206004
2635183
8699631
-199970
8944148
1077001
8345725
632547
12048670
14729573
13032070
400224
14560336
1543263
827863
9321663
4664085
2647793
-505970
4435702
10505183
6143516
17211504
8486771
176533
13184316
-1658659
-1890284
10463392
8113928
-2537325
-1151681
9197173
6636868
2676652
11261897
12564281
6086205
-1487513
4529073
7133636
13952217
769596
13808039
12033133
3404262
12878847
156448
4578175
2844198
9155883
10186902
12767511
1432416
3065363
746223
-3635194
-2744182
11605390
-757940
-855967
349312
-3274818
10202651
13642136
11055096
10674767
1302084
4324561
-851939
11010823
3466253
538617
13654371
4943408
-397000
3908251
6250628
-852486
-3436985
626008
1473084
8119877
14892157
12405234
11918703
3884144
-2220617
3147126
12972227
7682264
-2486932
6808268
249566
12163216
258163
3352905
4023973
13842298
6322055
8224415
11866233
7992449
-2940534
13151176
3314444
-3061618
5282202
3177933
5100782
10769178
12889060
-751983
11784446
11001590
5203939
10689183
10487140
9808349
-153472
12132862
12052022
13847744
12294519
817730
5485261
6243057
13710846
10614297
3146842
-323523
687350
1332779
-4494028
11447388
11528027
7396106
10338128
-1342020
10782355
6862549
-2435508
12281486
13434677
2652684
3025632
15245332
9384023
11090593
-1714510
2617385
12051182
3717640
-292430
13264976
-271962
-1846908
2172196
10492
5831315
2818111
9850741
1044109
2750842
254621
12479279
2134934
-1747878
15547169
-2898218
478736
100550
9894342
727247
-247778
14341835
-4764240
15592420
13756643
3666404
3372479
5301897
9426487
3022045
9148283
12326535
9590756
-590391
6357096
4905112
-1230360
15026942
11205110
-567709
52394
10473316
6643520
-235543
13172444
11142589
2337746
-4754136
2179495
2847552
755048
9929167
14214092
12556239
595657
-392059
8222996
6008193
8210095
-1524145
13308767
10540040
23539
3914209
113470
-3284739
4116603
-2440943
11442067
7480965
12117425
-5699191
9889610
12611943
-3485817
1263609
-5421939
3594034
665989
10302784
2183714
9283727
-1123669
12122191
1973851
2636697
16389937
3997725
12001002
12197396
10120757
-3861290
3224040
15160561
9058444
-501407
-988990
5401211
6217747
-2171720
7811036
-1685415
-135497
2166952
1303147
9891158
9051537
10863395
9286484
2069900
-1819835
2619423
-3516528
217513
10477423
-1458870
15144279
10634198
-5122054
9935028
2877604
1234365
-608345
803059
7894440
4358866
13321255
-308793
14410848
1625499
-2361299
5923567
10625684
1222198
-2942538
4642424
13056103
10016060
2971584
2838441
2573236
-253423
8748462
3678239
15612270
9084049
6994
8291408
239037
13410868
7946463
-1396201
1251735
4189415
11700425
8015852
-122907
2173592
1980095
-933043
5285439
194229
7361971
-861480
13826008
4833702
-739731
2992551
12640125
3126730
-647339
7192126
-464696
-649156
11139031
4349705
3324268
11451204
-600197
5513416
15088385
3993850
7767903
-1034530
12130942
13529940
4610272
908417
6402890
11720741
-649416
-4919877
2583217
2657534
147648
10259874
15064377
14276673
1313699
2473643
-1915038
-5185634
8407600
11122803
245722
7687833
3741189
11687302
13814869
2000266
2505364
11388174
1979982
9302654
8623845
-5048433
12997528
2617652
8904572
15560937
13310977
11355476
406362
10395475
10475636
12220771
-3275704
5082866
3071693
3652549
-3465774
549838
3258372
1755845
4991452
15946573
11600553
7282050
3715886
1964045
17356474
8733400
5190065
567797
11819263
5372040
13323728
9185722
-3097574
2579670
5232355
1701251
937322
5502405
5942791
11742611
6479576
6759455
-868800
4821547
-4648569
9141882
12405866
-1275515
9337444
9795555
5753542
-759739
4253560
11001754
12584975
17034525
2213
7907480
62569
-482745
6934625
4714293
11358302
6947021
11954576
1258794
2558743
1470981
13374947
13317390
12600586
1289335
3517997
11135285
4325611
6593386
-2877213
11211206
9175359
10372647
7871545
5257165
15231533
12562069
10359065
6321009
-39743
13639268
368980
-771912
-1532508
-3450077
11503556
3152398
10406885
13779510
10348470
14114231
-1357590
3132055
10619139
8631709
2224954
445143
5690422
1616277
-1650843
2637252
2176356
1123746
-137811
5746405
-3750903
240533
3933013
15314444
270160
2077140
9761869
-93367
2987722
12166282
3976355
9323635
672234
-599782
3577619
9802700
7345190
12965806
12223575
5525605
-5832353
15403460
-94475
15939428
8986670
6909448
11698559
8444223
-3187662
-3432344
370741
3102002
5736046
1617670
8842598
505436
488384
2807816
-1013002
3838144
12528252
8890190
7768772
13742873
-4742758
-2266811
-2668239
-878183
2484743
-4291881
11565986
12130211
410087
-3869624
2047011
10017457
-13613
-5337271
9656952
-1355202
-2129412
-2836862
530663
2118543
10085228
12761532
3227952
4073784
8474084
538757
14387009
4635523
11182627
-1355945
3563098
2884545
9098303
5731593
-840486
12581391
7208346
5679823
-1245053
-3204136
4900001
8202955
-1197285
3128304
827518
12947697
7958420
-1480161
11007905
3888090
2392678
4424911
1854507
6549954
17536503
3148517
5568071
3045873
-2050481
7630031
-2401321
2036550
377147
-794869
149703
12499372
1907906
11508922
1918559
4104234
2286837
8363669
11578029
1674826
11747581
5437811
-2348051
13540902
-2765868
1927607
12722951
1927896
1600294
1478046
10359501
3224316
3245580
1328977
9175454
5136037
1005195
-1047090
4058746
13611230
5792420
11665335
10763054
12502526
-46185
8554763
-480190
4343506
12590528
275746
11172260
2006709
12587256
1469963
3676834
9998167
715175
1154048
1522427
11688205
9018766
858227
-2036612
14531016
16003189
11783226
-3496472
8262863
11835094
10147100
705345
1959125
11772330
1520168
2793485
1859226
3671942
-3807583
12555303
739518
3340228
6948302
3678563
-998118
12178084
12241684
11152471
13782228
7859956
-3134459
16053104
7559122
-2873083
2648015
3283468
6693797
5683108
11614995
12345798
9762755
9172250
8258083
3010039
10288141
5862589
54161
8330669
7940727
10423140
11093137
704337
10193334
14406327
5595271
-857588
517170
9903025
5492817
128724
2761503
11056013
10792824
-4026526
-1477796
1721178
5462081
13066270
9226241
176335
-309876
-1270853
12765275
-5225230
-1679219
7060229
-2830992
3557722
4491007
11359356
-134458
487154
10480293
9811966
13486272
15345309
17576205
4784623
11940108
12081546
4314550
-1892744
-1233836
8398673
11809315
3716507
3598916
10805708
-3554600
12175907
11156554
-2964107
4334645
4598700
3107281
1443681
295173
-2557015
945732
-815132
4136845
1805110
-5309413
-2798147
-4452510
-642179
4659684
4956214
3403758
110134
2855637
13537793
-1421142
-519812
11231729
14986980
7644855
15319475
1625519
10641700
9137996
228805
-1655447
-2829577
14702518
9679374
4372140
2440039
2668785
13188113
1144578
148905
4266229
-469758
4246558
-3550134
12926368
9835135
1365225
3790429
1088473
198311
-2684703
11649300
10945944
12705787
12882604
11581396
1226192
4186329
2094617
-2269250
1136478
-4951010
4907026
-150314
75169
2567272
9057977
9594449
-1858565
4797171
12881845
804863
14015355
5304428
8113895
13031844
-459054
3106370
3608364
12477488
1616605
386853
590932
1737663
7578343
73438
69861
11569823
12583563
15705297
11544537
-3221813
1986595
-408099
4105704
4203022
13012096
12100822
-2073881
12786793
15429951
2392287
-835718
10656679
-2556260
12240274
12246117
10287245
-530306
-4663442
1627876
11211214
11231414
7482783
1946386
-2879167
-3675160
10749689
-4309203
14030248
4118921
9113069
396313
-3897751
4221317
4948962
1663437
10182590
11918748
-1799077
3994535
1156773
-3982003
3202714
7473394
13357955
4015753
3262339
7971771
11087018
7124357
-590691
3483933
7088257
3343764
2722421
13667570
2467166
12970310
6657790
3042867
8882289
11162271
-4457039
-3721115
955805
-68940
11826283
3455595
844447
12736357
13463767
-445255
12216555
6082331
1062214
10420108
9747685
3538323
11043620
4312271
9837708
3698435
-6305483
14482039
10757741
-1011099
1531538
503716
11219742
10968921
2498225
467057
-3873362
4311017
1992892
4001127
369008
3150334
14173301
-1639652
-1119973
9674562
1153280
5226668
7955065
-181400
435643
4732434
-3082236
12219757
13337245
7708527
-3172655
9253744
16964616
4972274
-2954907
13187130
14400183
-4676728
3065316
716815
8244081
13411299
11222335
1934520
1433143
