6645543
4924641
-8816536
1629392
-5093333
3311462
7116063
495084
-1318534
651923
-752934
-7382023
-8027169
3225760
2580007
-2227518
3451853
5280521
6743070
3386826
2119621
8193842
5090756
-558929
-2377246
78186
3877317
-514488
688146
-1021402
-2234933
-1223225
-4229424
-4009117
-4428103
-1327091
5820938
5059438
-7873495
1932700
7846192
-4689278
-1910702
-12320165
-8128102
5264729
-556673
7061647
1041138
1904046
-138708
3715196
5658353
9100455
9024228
855744
-1526206
-3869042
3262582
6525950
-10310577
815243
3099171
-10001386
-4274779
-420854
-929698
4017495
5646696
-8646420
2913124
-9893012
2252821
-2460567
4138032
-1210997
-8578176
7144923
-2572588
-151799
-5234763
-5597514
236187
-13496066
7358735
1305897
5959432
6899991
-7683178
520395
5430091
2110790
-4732681
2882316
-817871
-2569522
5350333
-3499279
8601296
-4665214
450883
5246198
2919518
-10067376
2438653
2750322
-7297713
-6672820
8902053
-3738170
5070171
-662105
1520614
4803687
2431222
-12838452
2338844
5997634
-2885546
1173833
8546866
3389015
7136390
6230366
-431498
-4205518
1162566
3312261
-8276553
797101
-782981
3416508
7680012
8779097
5192970
85385
-2711000
425146
494090
8860162
-3792074
5674488
-1615201
8942922
9242390
2946022
-8128665
4924
-1104275
412381
-5258942
6524115
9105588
-763449
3370251
446100
-2675690
-194011
1539291
680429
-6176067
-827358
-426680
4340290
3295795
-1257062
265026
4328109
-458541
1268338
-8863627
-4832349
3180296
-8181117
8692770
6838946
5218949
-1016346
-2673234
-2088327
5603226
-4675501
3851682
-572773
-612752
-948019
3597086
3189292
-6392328
3181061
-941032
786672
-7672103
2064686
-4631887
1600047
4907235
-1150562
-925826
5749088
-2751255
8867651
-1280917
5300300
313610
-6902838
3639671
7082144
525582
7863380
-8863225
2652579
1168114
1351303
1687029
1552677
3738436
5552603
3211560
4162876
6574680
11834
7303708
868130
-8046627
-9118749
4172555
6233298
-1771645
8920872
7873433
1824606
2051065
1603439
7347540
9818814
7885816
-2951539
5065600
-470227
5736907
6222020
4572037
5214253
-368564
3622466
1111531
4940917
-8636178
2178874
4934256
-2862330
-3262922
4900271
1773125
4885809
3359082
1265085
-5710764
-4536905
3298941
4929856
-1804518
1492137
9915238
-784835
1969154
7232654
2262294
4068749
3233075
-782858
7539797
3579135
3285633
2802708
-8276796
2238649
-2497019
1642960
-2852728
-445597
6300504
1981484
878414
2824144
-6825620
-758539
5737816
-5392546
-2115962
-653927
-8555169
810566
1980258
4729678
-11326463
2935791
-4721483
-2047041
6111474
1282408
-5426055
1007905
4394474
7361381
-4170953
9513233
7447589
7433519
6496123
-7337910
704156
8513117
5500604
1112357
1108159
-12330728
1295269
1488231
498852
3663444
4962127
-4057286
6971560
-7950488
4371824
-3736962
597699
-10513908
-587816
-1795979
6921383
1212392
5370196
1368717
6758242
808569
5537355
962911
-4431952
-2181300
-2707264
4048105
5340795
-4005201
2891193
5312564
-6088253
-3073230
-1035248
6188094
10034996
-978014
5928099
901338
-532307
-650685
8570834
1298715
9857930
-9273124
-1258472
-8474972
6170355
5132953
2065979
2011916
983337
-6154796
-554696
94972
-3533977
3732823
2990368
9450430
1104237
4682053
4361841
621662
5006546
689511
4827069
3139189
-5695478
9552251
-10331150
-7888196
1017591
-9672606
818146
5554391
1221866
-10535656
4625146
4308994
2465448
4013758
-3654390
1618493
6257425
1342163
2995960
-4571196
68385
2835868
4052906
-995774
-437343
1660954
5295779
-4628512
1480629
3050042
-6131704
3756726
-199840
-3307425
1560533
1748010
4059101
3081911
382864
-171791
-2377375
5907612
-816465
3951716
-1145504
4299550
-1653355
-1310514
-3681383
3697740
-1727056
-10109610
-1094848
-1064609
6027894
2745946
249544
7399474
372047
-2756495
5580689
1584015
-1359592
4777862
-10423501
-5403161
1324228
8343667
-3272656
1532113
7245944
3092434
-1073527
679639
-11837543
3712103
4805028
2504450
-296135
5623136
2626614
3372159
-2886030
-2030221
5305597
-7424487
1258257
9253750
5998083
-1847787
-6719059
5582949
-6242591
4003746
-2127195
8135349
4875270
-12058414
-3683028
1330343
8119498
3770122
481722
2346492
5412640
2146526
-632225
3422918
-665710
-9023459
-2492080
-3646042
7307212
-1802689
5709234
-3241071
-179696
6374993
1895866
4844679
2489339
-1208402
-4896356
2447032
5835311
348451
-181883
-5029131
2127981
3454235
-6278392
171294
1779139
10073075
6073089
366885
-949147
392634
-2441983
4940113
-2883816
264719
2884612
-4968317
2853675
5963723
4453545
-860019
4863710
9809034
-216216
8201559
-13161567
81323
7266815
4321929
-6526527
876946
-191160
-901616
7391126
-3897253
1379618
-1859769
3859419
4127224
1270917
1302971
9003401
6223910
-1353613
2341933
2613823
5450909
7490829
1311914
-5246363
6311298
-10218154
1224999
10604804
6457665
2281047
4084458
-12647192
2928299
5364872
-12424894
10310697
5433745
2637246
-3764396
7835242
1656176
2965721
-6376862
-8261049
-447523
-916183
7606234
-8070813
-2093720
-1219255
9322066
1368581
1986852
1397798
-160011
3962936
6087203
4616723
-2290112
-3420192
4036725
7964315
7148585
6315964
828784
-6141099
-1331435
2330458
4962766
11536590
4554752
-4429918
5257434
-2616409
-195875
-3306110
4179303
851654
-4177077
-7705419
11163978
2286976
-495656
2043857
6430319
-4894860
-514027
3383699
440312
-156136
2115453
6743057
3682455
4014875
-8749173
911549
182098
-5107545
1947344
3442429
5944280
-4822992
72013
-401713
-57224
4204806
-5053648
4846835
10370011
8506578
5667464
143310
-3851371
8321810
4325445
-2269675
3367069
2121860
1694198
3659327
2832218
6815708
2847166
2786951
5607550
838053
3375510
-779040
4758376
5549811
-866555
2792480
4713440
5986651
-9645792
6711761
-485291
6322409
2032477
5788811
4178142
6351129
3760151
103107
10390099
-848469
4113470
480538
6754208
-160440
-10946171
5343456
528011
5963052
2599957
1001285
-979808
8188688
-6226551
-30310
2413527
-2449575
3985649
-108843
7097327
450661
-10738921
3779829
2219101
3713900
-4033388
2408244
5622008
-1256300
4533378
-9063260
2978673
5673470
2858163
3674367
3763452
8617374
-4001872
1923874
-2104821
6074275
-4724331
2138834
-7993717
6687441
2867021
-6027017
-1912943
1172007
4113506
416951
-891589
-3414796
6562332
5291671
-1368286
-4098498
-2054879
4930702
-1209593
10664236
637
-6755044
-67724
6130986
350545
9357457
2503642
8189677
5593019
-4017191
7377797
-391915
1365258
685178
1886639
482338
6860117
-2820947
-987770
-1126126
8783104
1423332
3628215
-749582
9510239
4627528
2270151
7190830
3081374
-4120866
1490140
-1242012
-1203100
4565610
-1700644
-2708219
5300715
2702559
249871
-3312013
-7603739
322788
-89363
-2109736
-13789642
2779651
3266830
-380004
-9220850
2490164
3187091
-8561860
188010
2684266
7581493
-4556589
-1043763
1682537
3198427
-5337869
6059988
-6608004
-2723815
3573665
-5335077
-7881636
5701009
-3224516
-3500886
3982655
6765908
6831677
7265400
-4524598
-9991391
-595199
8536119
1705245
6383573
-12667703
6540585
1410918
-9102643
818305
3386110
3172068
-9042056
3809397
6898738
-7093620
133425
-4408259
1671635
-4488646
-4238533
-11253992
1345358
281805
2184788
-162307
8084138
-5362088
-3477790
3703998
4002171
5509770
2144791
5264603
7203353
3726614
4222020
5161956
5514765
4712908
1429386
-1292005
-8861483
8471502
6811502
-947468
-7365591
-177806
-3338948
-3072529
-7709545
-1124280
7216820
150458
343070
-6366301
-1433658
-783072
695499
5680654
6546372
2225809
1204336
-8009279
8134994
7010006
-5797392
3980930
671382
1664500
-2339085
846352
-605461
-7996490
-519425
8652413
938537
3780473
-1341736
-883630
-1966746
-1082839
4599781
6650931
-1795055
-2679635
5153940
6836544
-4776008
2969694
-9800089
7503353
1466150
6639781
3761975
-1476408
-310727
8336420
-11460849
-930114
7952117
1881160
-4911713
867058
1308027
1493093
-1245069
92268
653779
2359418
7397726
6521204
-2887194
-5886196
7164979
96977
602008
2952682
-9022763
204847
8637541
2154136
2853122
4659637
7292236
9479582
-9397322
-2816423
5009872
-1150413
4681490
377066
-5335343
5706765
-3098118
8420558
-7173485
4053075
-4676884
-6454078
-1110757
1138652
6973019
3899332
3821497
395385
3248931
5708236
7722943
4558892
1120784
4758545
-8400792
-3323234
-2335972
-9131990
-10138001
-8843068
-8557003
-9511150
3027763
1345859
6372941
-657577
2631203
1139642
-1102073
3700663
-6244846
5309902
309194
-446513
8829291
-4364215
4644825
3008375
6130239
-3284792
-411041
222627
6732936
9244475
3133615
-9409340
12537
49652
-2210983
5556458
1310968
4750317
5159025
-6634909
-8162033
3360317
-7224391
-9795758
3956042
1410993
-3161617
-1319278
3089944
4887691
-2385497
2769049
-793673
4028276
-4794845
7296400
-238023
-802590
-2180420
1027447
1041641
-7875773
-116449
3624088
1574143
-13132021
7333408
8209019
-9095951
-11976714
-6659438
7569297
7394044
2700363
9331528
-2337422
3406673
-4799063
1706490
2730944
772610
-2346767
4137683
5803819
7695065
8386530
-10936313
-6773364
1571207
-5786402
-3190080
3368974
-8216376
8258676
5066640
-1453045
1686611
5800075
2753706
7377679
-4042360
5125726
1944267
819365
1230115
-1338449
8856571
8728326
1746238
-2674353
1520366
8772504
3381721
7178770
1249034
-441987
2992873
4696604
3340053
4531064
-224065
4319886
3129340
-10075921
684683
2303595
1694404
-12689322
-539951
7910282
1941038
7159754
-906371
-4498176
8052807
9547614
9661435
2719401
714306
7729723
1065264
-302465
-6106890
5420795
-5911080
5602761
-547512
5503173
-1006209
1062167
4503045
-9436801
-3343839
-153012
948410
-8239691
-4405114
4763863
-9081032
4686762
48247
2651964
-4352009
-377701
5103340
2114037
8893508
8192632
304497
6113921
3939663
5576025
-397829
-6811518
-12916640
2538349
-2126159
2226403
9140810
-10631547
-9308318
6362554
-8987737
-7638521
-1495893
-681463
-8103444
-8747982
173060
-2827729
601116
2254181
1857708
385845
200736
-2285052
3466948
-4642402
-12819533
-693582
3816887
7465961
3435780
6020318
980667
7940135
1078156
2295628
-8820151
7330209
3357165
7646975
2380214
-5444547
7912551
-1605362
7893591
1171651
-2986303
2934651
-1592819
2148445
993596
2028735
-5021197
2116920
-366053
6176621
-5066917
3608582
-6796900
7548626
-612496
5076093
-908090
-950009
1409375
99828
-2852391
-5881257
3297949
8564233
7390769
8032354
-1425494
71421
-2520928
-7794007
-3861297
1835124
9212993
-4054825
-5075450
9777757
-1360956
4293465
-2694985
5445590
1144204
-5357550
4894256
1818437
1862724
3013637
6823463
5070486
7004534
-1331433
5052164
8115959
2078259
5651201
-2116414
-2661715
1577808
2342439
6657430
8564962
2372359
5740628
-4401870
3957658
9166167
3717276
-9591259
10392551
-1619019
5072305
3447705
-4851422
5649409
-3870623
7291386
-5917636
102956
3765238
412084
-2933579
2647943
2738451
2968963
4163916
5993328
1610154
5793237
-7042616
-10579157
1666365
5100690
-1376143
2797175
-4694526
-198289
-5291657
230364
819441
3471317
1397248
-1474610
4085088
2286718
7494908
1083373
-6526068
-922269
3152093
5513489
1795616
-1090361
1095147
47037
4860831
8945869
-2786825
2650977
9065789
1393870
4547480
463174
-622626
874555
3101184
3013701
-1507009
2566840
8758048
-2525921
3180668
3216539
1418201
39909
1816307
-3356933
-1607879
9260105
3219922
154343
7777627
321282
6530568
-7515112
4662037
-9143033
2794528
6516767
-8768103
3365752
3904737
-234529
-1059712
-6598545
-7770519
3921571
9841600
1630394
4821417
1673084
1211548
-1618373
1014806
-4748968
9885577
1263071
5268645
1311016
873590
6842587
6933387
4962870
3935735
42280
-7092394
2557580
4420269
5025611
2146308
-654312
-3568876
-1925998
-131853
3456920
-691155
-2389677
853287
6402687
-1300266
399409
2849529
4750499
1456589
4462208
-10589252
-3020292
1004803
3476582
-147191
5332508
-7271344
1539416
6626873
1517575
5495571
918145
-3829616
3318239
6563767
-840714
6114897
-406503
-10368319
-3546020
-13132982
-1313742
7783576
6497162
3366476
5018833
-5410357
1533236
713059
3549153
8435571
8278844
3117560
-3164651
6309458
-3403648
1001397
1502538
2343998
4889849
2481690
4165341
1014997
3305270
-541520
3396942
-1745954
6271995
2185743
173264
-9494528
6097071
-347721
-4528423
-1738666
2561266
-1430823
-834187
5785604
-11014164
-3115334
-4351124
3278336
3246302
7973137
1997794
-911769
3941211
-2732891
-8213128
1047752
5211975
3880242
1933825
2013365
3893878
1797697
5583439
5763097
6841467
7352595
4611905
7182237
2223961
3810799
2233562
1185327
-1515618
-1510378
2953094
3424199
-3984843
-8404364
-3508141
-5015014
7769184
-1170197
4319813
5462831
6113227
1072627
217415
-4867386
1152034
7439983
-4874825
290404
2416191
-209035
-628371
7070236
-12796652
6194703
-4619777
4268171
557330
7616553
-4970367
-7953513
-6090321
2790282
4318802
3038289
4834995
-2703974
7522887
-4134506
-2236386
3657242
7360192
7270060
6890709
-2012228
-1756131
3493904
5567364
-13825113
5362160
-1597724
7585721
-7202416
4085599
5377892
9198186
3017047
5065909
2623122
-13022006
-740629
-6993852
2180675
-3149830
1459577
1366127
646510
600359
5977274
-6457305
6352675
592031
4219597
-1715087
1173220
-722461
7021429
4088578
6979425
1117929
-88057
7432598
-2130870
4099564
-5737304
4923489
8284706
10244548
2956517
2044629
-3468684
1408343
2080855
-9905651
-2654449
1254562
-8862126
2231192
4613081
4019457
326667
-28852
5830342
-144563
1029975
3960347
-3379077
-3527422
-13657330
6217519
4059407
981329
593450
-3550142
3416061
-7706095
3386751
-955779
2173062
-3062585
3371182
2934235
-5976184
-1197505
-8677781
328884
-10719554
-9092014
6093305
-2787208
-4951264
-11137324
4206337
642474
-490170
2159721
-1324499
6872572
-526326
-2361379
4702016
4982387
-9753650
6257637
5662628
3247058
-116430
2782453
6766927
-2124888
-8699580
-4755054
6891168
-5172405
2550696
5121344
42634
2985358
-3268546
-1068356
2159654
-10860409
4916429
-1558792
-900437
949127
3001586
6823309
4518079
-3543801
389691
3438883
1412609
1503964
366818
1099963
3705469
1774981
-3854579
7607187
-1878570
-1827483
6909678
-7060846
1415836
2061611
-751617
2374138
1212341
4331677
-1270250
2830642
312269
-10910768
-3289653
8220640
-9527284
3117891
5029256
-9381531
5199204
-248466
445691
-201105
655539
3375977
2939692
-1528663
381609
1366376
337055
6942200
6496409
-1193697
5168642
8861372
2960857
6330067
7982335
6204779
8924201
1473295
6507630
1081167
-6204356
-385742
-8202835
2890252
2823249
-6923590
6196788
1941220
-331886
7236212
6359614
-472960
-1040609
191660
-4656264
-10391537
-3003766
4360426
8252685
-343269
-1112187
-2284247
969626
2972113
4060372
5784960
-287859
89677
1997684
1291104
7039047
6999546
4435296
9913804
3190427
-4660848
5054800
4888966
-1343380
-462388
5573446
1811310
5979920
5853286
3667194
5570523
-1947117
-9762661
-501540
6716761
7304981
-8138114
1312619
35890
2129701
4132777
5604932
-411592
-4844485
8653919
-5307677
-3207613
-3418305
4118527
122629
-4431922
406903
-11452976
-3342615
802168
-159927
6004079
-10527215
-5026291
1969302
4197407
21110
-4396092
2458654
7049345
-3166387
-1039855
-2463583
5467672
-3434610
-312729
-677924
-1664575
-2739093
5291654
-1041316
7233486
-4475316
-342816
4710452
-5528733
849248
9943633
4100292
-5786397
4865738
5674985
-2162977
-8876523
-1571293
7379553
-2381271
7235723
996868
-2881688
516469
-5261340
7535150
-5814200
695467
633583
2771766
7791799
811727
-1873055
-533746
2826234
-1498913
2792615
276778
-1916155
6614661
5124672
6844530
7715621
-4294969
-3008116
5828939
-617650
-1047343
2703465
8366471
-745618
7865861
1705883
8213532
355021
5311591
-1656978
3260415
3651547
46138
4939552
6006342
3993025
2371263
-1044286
6334574
5490669
7058870
-2255271
-523339
-5081832
3567958
7264249
4250130
3529660
9436981
8542411
500877
-9699
-9178396
7372193
-6491225
-960503
2602448
-1255221
-6602273
-818515
-12624441
678934
3365797
2190090
727743
-509659
3207558
-4805321
7916072
2948939
-3280627
5169908
-9711392
675609
-4841855
7553859
953798
1687098
3087823
5401018
3636808
3460459
10111044
4688400
3977707
3179214
6863565
-304404
-134597
-13687188
1521325
642377
-1390789
2826047
1480296
6555686
467779
-8014985
9804175
-89013
6016909
3720677
4248016
-11831572
-9135021
2031951
701557
5945949
-2376321
7300224
2353852
-10688170
3110640
-295803
-8182292
690187
10520579
1198908
6576086
-6653260
1303277
-2675318
5405837
3821575
-8458987
6046914
2379728
784497
-758563
5228226
7167030
4475277
2232847
2628314
1335200
-754648
-1452564
7477752
-9148032
4229567
-9568066
-3881154
1896319
-20757
3212187
1950676
2236228
2723732
6455895
3373934
6155616
-415996
7720001
6272098
1728254
-5589985
-4356266
-8439069
8867320
2299977
3590400
1830349
-3441708
9944278
4874608
900753
4463578
5345264
5104037
7784655
6291294
2431327
-6607242
5032439
7046034
-8701337
-10520856
4167584
9794880
-2910401
8774355
8720415
-2329432
2819123
-2719775
-10260067
-1337727
6394325
-5189133
7578272
3757938
2241971
8057675
3862783
556392
7703338
2754752
-8060471
3065111
1834677
-1465704
4782701
-4957393
6500870
1394171
5544420
-8893523
344940
-2398363
-11251791
828792
7915476
-4402415
4025024
-9718164
503356
1941231
224340
6753792
-3024522
2859685
6736821
-370390
2142610
-905587
5614182
-9464494
1795701
-4864713
6829073
-573756
1254382
-7737537
6981505
-2377655
-13367792
3716244
9877439
7528989
-5476880
9973465
-11541613
4231122
1641119
373928
1836000
5839684
4719021
-9331762
-312417
4641654
-34588
7207867
7436876
2016395
7019109
3792025
-1679496
-31063
-8417352
3560527
22813
-977873
-1130535
7485905
-2131756
-1088850
5955064
4068678
-1129593
-10985459
-3091508
-206534
-12677160
167442
9029959
6407449
1841750
7736296
9183868
4981555
-9308535
-2359344
7104980
5631910
3276817
-2773531
-7633518
-833369
7663631
6914087
1086803
5076783
-1535477
1003827
-1411410
5273491
5850712
7726478
5334644
-221230
3143558
1040450
6004348
-8131763
-2760670
7621149
-3162767
4898913
99216
5472964
5654873
-40385
3192507
-9306293
-974281
-4185824
-970357
1368764
1036822
2883986
5352751
-5349032
3631596
2743672
5677678
8410791
-2728653
5881828
-2115960
-115538
8984070
1657075
-6684340
6279045
-1107286
-4090831
4467963
-4608927
62373
-4237551
2987725
2941269
-5921073
7244136
3395084
-1084127
863015
3162963
5892656
-1735420
-9508346
5210779
-6535628
7955965
7376886
4016586
1680223
4565523
3507325
6538688
6843115
8304025
6617328
-179478
2840029
4991365
-1626043
4096340
-10773896
8613399
5289837
3097763
8372216
2753712
-4180608
8121575
2588620
983716
-1047472
1688390
-4188805
-6453929
838948
5815156
-6357676
-911487
6441925
2081810
-1725368
4710566
-10599254
3459560
658448
-7695644
2365148
3860049
6221674
-10278
2077659
1259664
-13505370
4352176
2334677
9821583
2789630
-5486282
144891
-11402082
-938636
1362191
-8577495
1868881
-4657943
-3566961
-1604112
-7663340
6805940
388062
-2589000
9433217
-8789179
-8314603
6021317
393395
-1628633
-658985
6554853
-9104254
-1891809
-4880671
5772743
-328659
101810
3783333
-9027309
-7767069
-1073331
1197602
-7967703
264722
-641286
-2229658
-8752329
-5095828
3845341
489506
507509
-4922412
-9113294
5468686
6264607
4829430
-10597453
-4037462
-1415888
5379100
-8570950
2376938
5482961
2935351
2449645
-6276349
-10463488
3330092
-622177
537415
-240501
4085511
4343576
-1397695
2257460
3090105
3634686
9162849
9890070
-8838155
1031296
1515293
1348278
4397827
1355193
3227
3275349
736709
3100557
3832850
-389636
3015912
5053841
-1725240
2410116
7704197
2882357
6070174
-1348529
1452180
-304849
-8416175
3178461
4441100
3336467
-834583
533676
-8129744
6336078
-868055
-3862145
4873068
-565725
-5793279
8033523
2053393
1233715
4257963
-4353177
2979257
-6917230
261906
-3174343
8052429
4999121
4407866
-2714296
5255287
626053
1733602
1841273
2035266
4222098
3361208
-1315895
5498250
-4346295
-784478
-4640388
8544692
1970414
1651249
-7632997
-5172289
2986004
5583830
5574648
5331634
2772955
1858389
2673330
6334028
-393853
5573262
-4853988
2520983
-6432171
-3325269
211692
3096440
5234649
3142670
-1151040
-8014363
6237379
6105169
-10097800
-5724703
6220279
-11579221
-2135332
2615832
1009530
-4379624
-9358519
2310526
4679476
-2620174
1135206
-5326022
2859520
-2318818
825794
-2781465
-450512
9674614
3919232
74831
-449983
-1207325
-2236079
2174476
3578855
-2494587
-6175163
-69983
1333457
86300
1237168
9971528
3588452
1273245
5806621
6187099
363877
-1217257
1887314
-514732
10088958
982706
4536835
2609017
-791664
1087511
2231053
-3868913
-7618604
4369159
-12291036
-962193
-3308216
6239225
568455
-1230671
-1025953
-2407917
-5131525
6765079
3886110
-765786
-4202838
-1302614
4218772
4526324
-7228799
-13006365
8236211
-10133270
3357386
4679967
5289105
1930368
7265076
4239810
904604
-6635453
2707724
-8263827
6937500
5245938
-1888657
-4865651
971114
9589234
-480532
3428974
57408
-3115224
-218197
-9014083
3777113
3509543
5295635
-184889
4649562
8074163
4557445
9698013
-4319978
2134326
637307
-3981765
9032821
6866797
2245715
-1917412
4669068
526108
2403983
6410610
7379114
-7518509
1398719
2996416
-5380431
3690773
6386538
-277961
885779
-9533519
869287
312640
-1747
8067214
9455702
-2282167
5832202
5513228
2062601
-9292193
6640313
6279521
6003128
5455536
-4524046
-3881727
-2908581
3818672
1940924
7390086
6692632
1094964
7051111
5801935
-10321045
298408
7626580
-966034
498045
225274
8119762
-2268052
-6758626
5240758
5803745
1518918
-12686235
1007314
3922461
4173454
6319891
-4618580
-10308941
5510513
327355
7016934
3728399
5612777
2984010
5999913
-338112
5036406
7047539
2196464
3612624
1881563
2910250
5085728
-755401
7441997
8635621
-4529331
8043801
-420037
-7942876
1164017
5818659
-1226011
6519089
-271582
4338105
-6431281
-1868586
4576145
-10306479
6368281
-5201342
2211485
6949590
3311690
-9255147
6558695
4474554
-186803
506259
-4018430
8041304
285207
5434466
7364179
5947412
7377296
5074816
8582079
5088151
-3717877
249586
10175654
-7249143
330196
3508418
-202639
4407510
-4915065
10022706
3611248
-1723551
1785598
7162593
4986871
2630927
4145308
-352033
-746221
212286
-4088261
9275485
2133662
6604267
246411
-1809150
5135676
-3636065
1898913
-5386042
-2682945
-9078261
-5510500
-1999365
6696054
-3672744
1477335
-10968643
-3111282
4528032
3550088
2943840
6640214
-5144373
-324547
4171880
2786083
-7111084
6864987
2640526
8628802
3670538
2969738
2884761
114345
6770327
8044441
7886371
3946035
2305456
10069513
-5406654
-88578
4140317
6716122
-6542647
7234663
3907828
5860133
3563193
336660
747850
7716516
1207035
5154105
1523862
348761
9667720
1534200
-4356021
3756934
3934357
799347
3247332
5137381
5359695
1356101
6812199
926791
-4944399
-9363088
2477645
-976000
-9679360
903172
3471780
-684511
1411644
-12118126
-2472762
3535083
2317044
715391
3202762
1854198
4605103
-179992
-1903026
5938179
-10293962
-111146
-1684786
4552605
2278470
4721770
3530239
-10764849
4580018
5428451
3440502
2893546
4613632
-797334
-42533
3643423
-8782232
1307208
-9306479
-7067506
5711832
4780465
2759741
5114810
-9994857
311050
3566689
-12847603
-2023547
5301483
-2209416
5470396
3812049
5192988
5073953
1709600
3765433
4316406
-735626
2857350
-6255299
2650771
5504212
-774256
-4904555
-706609
1128352
709315
6760267
-6096338
7326673
-1324600
-9596958
-9009691
1136792
6209940
-8847961
225063
-7736925
6123555
1752595
3717225
1418799
2512956
8132063
-7164723
456793
-3766329
4135989
-4098582
-4357501
2831252
-9261119
-1044371
5972972
-5902040
-8495694
-4666776
7537392
-1347425
-7366315
472617
-1221371
-4943059
1682654
735932
3212257
5043916
758008
-192340
-7828253
6477282
-435234
-9761354
10415361
7155896
518567
3325150
7270653
-11074532
4640187
9811533
1146511
1634965
152636
-6271366
5759008
-1872203
3870205
4932529
-2366931
1021120
5771526
4881304
5345532
6099949
7835596
1056195
6740560
173621
-3630580
-2250302
-9349155
52051
156152
787267
8131346
7273438
-12657751
5861413
6841223
-11014562
7277995
-3699926
-88616
-1057253
-7788184
7676083
-11985386
190441
6569069
-9627417
5510505
449480
4340591
5643571
-2101963
5333767
5668151
1954458
-5824259
4145489
2505303
7110330
4866231
4795697
-5656441
86906
1842523
11017711
-5245822
97545
4085084
711702
4102498
-1191261
-658863
-103118
-1090250
-1825103
2294084
3826401
-1083533
-1891511
-8634159
4845984
7695588
3885209
8281761
-551785
3977001
4294047
756596
-8244716
-5669014
-523585
4808940
5077328
893736
3409029
-12910192
3988311
6012947
3394801
9138018
-793852
-10165004
-12756571
8403162
491792
-7081282
-644074
-12971921
-1433545
3182060
331481
1116849
-5700055
6474711
1256111
1903564
-6416588
-280031
-27411
3508416
-2106177
3470449
571696
-1661652
-405208
4217112
-11443148
-3595083
-9508233
-983493
2229553
-8814012
5816952
357528
4445001
468838
2158427
-8914619
4216120
8742060
5332886
-5027614
170695
4450549
1032380
6100383
327555
8872057
10395965
1665662
3528974
3380403
3951544
5462636
-6273007
-12396380
-167135
4567140
-2180919
2894781
3626069
-8853640
804812
7809155
-4398586
-4470401
-4137880
3491264
6266033
3236824
5882763
-4965729
1531257
350446
-3645078
-964022
-10038785
-603330
7096940
2582764
-2448639
8470433
-2338054
5722393
7122583
7228008
-3033429
4353141
4007915
692929
3668389
4902102
245588
3475694
2203505
4481775
-2672583
2381312
5797919
-4804569
1757550
7348312
6630441
-3932152
283242
-4569260
827715
8878349
-6594946
-6923850
-7783109
210621
-643977
-761680
-1106316
761928
5278611
-7809285
3127949
4692312
-1562026
5118078
-1702100
1878875
3150059
-978495
-1660205
5218274
1860840
6924556
2877138
1736451
2962021
-1007726
5406540
3686087
1849127
-13649538
3070445
2288394
-5383947
3024803
4430222
6438237
-863936
-1826468
-1284783
-5469348
-1595959
-98847
-545314
3118265
-3826323
382079
-886042
3349990
-1596039
584537
3033870
-870244
8484819
4657745
2830867
4633002
2284082
768864
4196711
3842196
5746837
5876115
1097769
3975929
3809717
5017138
-2877671
1824894
-3100984
-850791
-397449
-276445
5304198
2987483
182509
1923644
-1274084
-1351343
-321997
-2503196
5681441
5326923
-8476812
-6527648
-4305290
1750214
1100384
5186576
-6777881
3704034
3516764
-3274992
-977629
3958780
-1075601
1848936
3350762
6003971
4154866
5999350
-793415
-6766256
7768919
-1826449
6041644
5362880
3887714
-8421506
-13827704
6902228
7006373
-8335769
-11361480
662487
5584589
6362430
4457074
2910584
8836103
-14199088
5092960
4015984
-9955228
-9041078
4949506
-5197098
-1490450
7053310
8151402
3168620
-6562082
4372173
-2446833
3576822
4016321
-6280313
5976628
-2306361
4984023
3980764
-327514
-1900114
339951
497447
-1675448
-10097051
2813750
5699127
2989540
2730667
3862328
1689813
3674140
4761769
7019196
-8093102
3196470
-4045582
1017664
3144262
6039426
6839021
10052061
6791861
5306206
-10172648
205581
6410806
4075584
1713105
6425848
1449406
3413210
1484533
-8779133
-7773686
-9317290
479882
2968562
4828281
5194917
-9511176
-938421
-6422837
-577760
4132348
2884016
7444647
-8241706
7396577
3006594
4523197
-8109016
6749942
3334920
-9602641
-636107
6129847
4063107
-1923881
-7499441
1084501
7091886
-7152498
2319570
6453163
153894
10969306
3262619
5340302
22441
11284801
-2645317
5731887
-3328349
2513307
4836149
1191151
6000885
5828461
3638810
3160333
2964065
-4863014
5671137
477072
1099310
-880334
2449476
-8157631
3570161
10967911
-8025618
4804473
-70702
2197233
651439
4868977
-37708
2942375
2091106
2916599
6184421
8269081
-4008954
-7411827
6628751
-563765
7504734
5133727
-9723466
69225
-6091890
7944995
7788811
4659708
-309184
692150
2854250
-656290
-2338475
-167500
-5064398
647720
-3715183
4602549
6064104
-5223453
-5806703
504975
6013926
7515957
-4761787
7691146
3425615
2242646
5288332
4506648
4052527
-75587
2087941
10845827
-10970126
1818998
3741706
-421167
1427994
4317665
1046040
2738262
8285573
5600295
-8929415
3135623
-1118472
7169866
3507555
8945276
-1543395
-506384
1967201
-1164652
4786862
7743609
6708022
5052496
10158530
9434223
-9540605
2354277
-803990
5851227
2704535
5041569
9062578
5643220
-3944445
481237
4578024
-414508
3933337
5852323
5796075
-8519694
-27135
4095154
-7915929
8438208
-287286
3485023
1549226
-567799
-13297214
-664742
-8003731
3374049
-7058563
5411742
-11052272
1294996
3296536
7177926
2435780
-1206618
4284284
2655533
6830085
-5935271
-457163
4250483
3609104
-9676075
-5093311
-10265633
-6425905
-473547
52827
962518
415220
541343
4442805
1378054
-3799217
-1027534
2236815
-56736
181203
-720466
6072295
6604590
3816149
4936499
-13533401
5529652
7451532
-5302766
-666206
-1051067
8319990
5312016
-11355757
2371740
1752927
450538
-634619
3761788
6890281
2727078
7405348
3303716
1290989
1464356
6024991
695297
6387483
7543917
3567372
4494595
5925910
648420
-1358506
3345776
5228069
2534822
1407488
-1493752
7063799
1676715
5403777
6431109
2123863
838088
-9672021
3584737
4662053
1283694
4193693
5831018
-107811
3109074
-3463819
2250085
-4389614
4664981
-3500860
-8083957
9493096
-4153666
1910380
5271487
2840007
-4397792
6065994
-564879
319629
710306
5212597
5364823
1712100
-2898409
3171249
3500469
1984184
-797368
1373198
-11831
2013954
4003940
2523129
5964465
1093520
-70498
5039001
1502295
2754147
-6467063
-3079990
3421923
-9428121
3167869
-3061520
-1002566
-3207292
3464154
1939939
-8746903
7028923
-542405
-1293533
3035924
591038
-5628270
1321060
745648
-6014622
977547
8464550
-594369
1825334
5837339
5102008
-216400
2457967
2681487
-12182291
-9893731
-10190794
7582529
2576729
-3747660
8728074
7338587
1822890
-1766889
-857053
3127748
-758997
833469
3136476
5851230
-941551
600292
3098922
2895475
7720857
2909108
10390158
-708321
-10867204
6058735
10545058
2779072
6087862
-1788563
2851458
6234574
2541230
-2397170
2876978
-11509389
490116
-11847859
-4348133
2869242
-8695706
-11621661
954071
-13562253
2964039
6953373
10302855
3163200
-8400386
5894391
2171307
4073214
3054026
-6272500
4480264
-4285982
7020106
-13018824
6472076
4277243
-4146105
4350074
9435684
-9418064
1277508
3520259
8888441
2923377
-864965
627998
-9481717
3142113
4726033
6474023
4058410
1819448
7758508
2996347
-1925607
-1389738
10557143
2996732
8544435
7665213
-4036866
-9401999
-878015
4188737
2305610
5464404
4001796
-5008484
-7482509
2972391
2048396
-4373624
-111417
9278192
2587436
-2743765
5664055
-956416
-61309
742487
2854755
6161782
-1589053
-3015191
2557295
7016497
-1069163
-842740
-12350908
8002613
-3305325
4692211
264029
4046161
1337059
-6676179
3835508
-5181
1153975
-81086
528971
3122240
7753644
-2175167
3382532
5188477
4050584
2411147
18351
-6870789
-1022153
1397122
3794034
-3157207
4964575
-2812355
8716062
-2566151
7429991
4695534
-9558367
4391381
-2859012
-9948
-8848085
-341175
2899252
-9286350
3346329
7365780
-1592827
5260142
1209735
-12261205
3233613
-11148976
2779960
2761597
-10954288
3476318
5096075
1016159
-8123346
1731950
2489222
5772304
4896518
1561229
-802098
-2978553
6233007
-12560557
-1856830
-260741
-8132067
-2629527
-11394508
-1519947
1537569
3468557
-7841211
5132924
2170072
6923841
3358651
6834754
3116086
-4217708
2685870
5183801
2886372
-380518
2251567
1296240
1125545
151941
6594402
3599384
2335633
-677242
1373932
-5847972
983227
1194642
6261158
-872400
-8809082
6121235
-347465
8138328
6460368
3503923
8431466
3616654
-165998
3460274
8088053
597450
-263170
-2372397
-9923095
-3600391
5841852
-440543
1755445
5508627
-5230817
976939
1388062
-11814486
5934382
-1469812
-2537665
8322304
7955480
2598429
9708795
1775201
-2870892
-11041362
296866
3772190
5285805
228463
118796
-513610
6249169
8044246
2091433
7784815
399742
-413198
2572648
-2697438
278926
5201555
391624
-2750143
-310562
1250531
-2715926
-1535951
368196
5807012
2077898
-5678090
771562
3674250
-4871593
-5203394
-13271723
7776815
-5947049
-6529380
338203
-9709931
2176817
8777628
394062
6832371
-9737605
5044864
-147089
5008257
-322556
4105005
970804
367795
5961117
-8491806
7076344
5107148
-1002992
1427990
1968991
-5336419
3271210
-8671569
3164390
447328
-1946461
-1010421
1163597
2922352
1648164
2056729
-968602
-6413503
-837751
-4105765
-9891860
7291400
7353576
105282
4949251
2698045
6057978
-8059840
-7323909
1445819
2275200
-10147144
7109242
5482970
365036
5909839
300653
6911797
-449586
1863722
-1530607
9163764
-342822
4649969
4393972
6599525
3318231
4158363
-10017381
-1039719
7781276
5048994
7046251
-11719145
1866068
7013800
8439674
-945065
-693857
-6725148
3788839
-1420698
1011397
-4726346
3836397
3280788
-3538137
7766082
-5792689
5747093
-3955638
-4955644
-2054094
-1737406
4215657
469830
6589924
1166291
8046273
4999690
315768
8381907
3621525
6275222
5814195
6888754
7969550
-4378801
-2072005
-4965444
-12273717
593767
9001938
4326615
-12828861
-2497606
1900900
-971833
-964347
1154662
2238079
-1217731
5720140
-4624796
11233565
6122452
1039711
4411578
8358471
4344527
571343
-9690717
5214523
-2859230
4228887
2324351
-825413
-739127
-5377623
-1269486
-13669017
6220259
-418738
4892414
3667574
2593342
-10016002
1913868
4299584
5827886
-1459694
-1980975
8078006
1491322
10948652
5296767
3436198
7256011
6118960
8894592
-5587605
1533295
3298973
-2475774
-607758
-8824778
-1763408
1246099
-665186
-173562
474566
-401631
-3355756
1619236
5287637
7607550
-1177369
5110903
3047542
5902810
1394328
8296611
-6412219
2865835
6325699
4694983
7416699
5610635
-729577
-4242985
5906111
10388893
-7155902
-960005
2755654
-952549
2352055
2627274
-2126009
-3466706
-2195724
-4496875
1511834
-2725568
1665042
3919951
3823094
8171169
9437012
-1988224
-768374
4263173
-195586
1244320
616314
5889325
4156108
4965833
5482428
1451458
1483455
5178238
5361194
-1538948
4269281
-2673511
-1469318
-800339
2418706
-13062937
8557412
9815939
4759589
-374791
-2762082
-4278161
1840616
-2299223
8142990
3844130
5188999
-344718
4342967
4281134
5705700
-428869
418037
2934778
-3913251
-9816165
-8873163
-10456330
-2834354
1010443
8794409
1443032
4322256
-3005808
-315068
2435389
-4282502
5740223
545086
-812143
69275
4500479
7353364
-1204434
9357641
909499
9849820
4256738
-4520108
1804164
2900217
-2589117
9404625
1671492
-686258
5220812
-10517513
374192
1359558
6833787
4187528
2536703
3490683
-8321313
8348190
-1254873
8184558
3706405
6094999
-6332974
-617891
-9986313
3870787
3194794
4565447
5894562
-10230773
7103680
5754955
10139104
-9108039
-233755
6286464
-1648566
226533
2871513
3623412
7633031
3693037
-4696886
4392112
-11088616
5681101
-2367187
6857555
6766627
5481892
1113479
7384007
3846470
6014323
2336376
2454737
-9635480
81345
6348075
-6872293
3717388
3171009
6794379
871763
-2821825
4600489
3043554
2078194
6512180
1841631
1377950
1591163
4930392
5949704
4320533
8515812
6029316
7020883
548437
-1140384
1179236
-558795
1999932
4151640
-8260531
8862570
-6371493
595902
6269098
4411334
1076759
-444049
2988919
-1436117
3368707
118223
-6306832
1853581
3318599
5927298
-3879938
2915114
850362
6912766
3666570
-4443295
-11653256
-3267949
817720
3374626
3405156
3807267
6862779
3443280
3191853
7533732
5038005
4534342
-4134948
7997974
-7553981
4011803
946759
2184642
767700
-60869
-6767495
7212399
-9438148
-13429480
7588446
-119344
-3282246
-232910
1993368
5420675
-71017
750458
4109134
6220222
2568895
696478
-10080634
-206222
7420662
447331
8284693
-4710246
429783
-4308820
4105739
-595543
5249932
-240536
-689443
2643619
5569007
1177366
-75745
3765303
2156361
9299421
6051131
-301055
-1625170
4282173
7623120
159343
-955545
-162692
-7459866
-13186770
641498
-1686479
-6293353
3512684
8259578
-13432
10521293
-490063
1001234
6793551
-729002
1187273
-723855
1541343
-748662
6127931
4969961
7187759
3639813
1392740
8586609
-316689
-3198555
-701620
-327089
-11756589
2972064
3030268
2805753
-3308006
-9601627
5257700
-6480134
-2868266
2567370
3770360
6244950
2740423
1815281
-3804897
1531473
7086383
-2050139
5963661
762970
5668332
-337926
7936189
-5504208
-2278508
-1748991
448371
-98916
-11295011
2051405
2966627
338789
-2854382
5403116
3185162
199383
-331825
4641255
6042178
4355637
-12741659
5012293
6190925
314488
5601813
1626112
2893503
4676098
7364906
5208211
-1831119
-524355
9516519
-7132202
7667732
-105999
1293504
1214042
5131408
-4725709
5723227
-2999050
1731558
-5018180
5768707
1929500
3899582
3701237
8440273
-3823524
1186588
2443470
1471788
1158154
-4392552
-1209376
179282
639877
3866995
1902853
1864495
9163101
-685241
-649396
-9621557
1305709
2521721
-1462033
4403939
-7791447
-767551
-1214649
3769328
-3159120
-9610412
-7452617
-149291
3611055
6198966
-2091415
-7074309
9789197
-6556533
-4421270
-2981407
4782546
4304577
-1526244
-8390606
8193373
-5738485
-2669889
-7146762
4643940
6036502
5461204
2015692
5903552
4648233
4773877
3230279
626809
-501182
192884
508245
1849785
2137411
5982991
-165860
7755001
-4989832
3812412
-10825374
6616489
1225352
4001474
-1706760
3345769
4069405
-1717802
-3022270
800119
-9612833
-7614998
3172416
1677103
471151
2945504
477499
5448577
4436287
2389341
-777979
2659621
2564321
-9857462
2214777
1561192
-7214361
-7370301
-837742
9625082
5515462
3740547
2911515
-2596139
3619993
8643107
4069415
7909406
660661
273968
48740
-10538076
7911154
659527
-1407291
2859246
1198816
-941746
6395492
-4080973
2904111
4260582
792377
-12420828
1766352
4792524
3059820
2474763
-10881192
-6361914
6895635
-273041
1529555
3944523
9602014
-162809
4217507
1504109
3998655
1792511
135940
-10254926
7676620
4092724
-11443211
5826519
-4907929
3663521
-824865
7571164
2662497
1867009
2523426
7200253
1978835
-9567168
-240242
2367477
-7359544
-5682937
10127891
5335427
-9711506
-255204
3501031
720093
5588312
3297919
7069122
-3726527
597718
4258431
-6647947
-2541478
3741550
6554159
3303434
98474
4210490
-1453553
-11357255
-410382
2713136
9981838
3221958
-5968607
3249879
3963111
3351350
2474563
369410
-1002336
-10265885
-6022114
858071
-9039000
-1439126
-4936421
5801832
-1190819
3126547
4049628
79414
8460038
1175739
-4190893
5354673
-10149085
-855967
8732181
209671
4801610
-3248874
2131767
6991090
125928
28825
722855
-1501019
7265008
3319747
7745444
8114771
1211011
5297224
3637208
-322713
1169537
1817553
-6735914
-970353
3295207
-1242111
-1415264
-4257287
2350684
3685373
1564207
5845989
674133
1654843
1670467
8408467
-4728115
4117346
3953506
-902117
2580199
-482405
3414375
-112866
3857259
-7291013
507361
-9437594
1843830
6744075
6524469
6849605
-8338496
5745739
1756399
7388304
355134
-5507974
7047397
4291535
4930590
8146113
2541568
3512149
-3058637
4501345
4717993
2365104
634974
1797904
1174104
-9932943
104301
4363510
5393057
-8588228
2228792
111497
-10328110
3070246
5916482
4506328
2597808
-7759561
2469360
3408702
220253
3041355
1185011
4363828
3971368
2398008
161146
-5065122
1915911
1170203
1569684
-6025192
4483409
2630590
-11722833
-5609077
-2110113
-3839503
-917919
1075246
4273511
-9125961
-2896594
1248254
5939064
4395916
3294387
-1490466
-2311849
-4210000
5540547
-10004108
-972236
6421857
2961071
1915553
5712956
7578015
-4709300
-13145735
3174190
5645635
1959945
9075350
4826100
-4004462
-4861415
-3248865
2358314
-3385829
2402303
9658099
1405921
5449191
-2850438
-2599208
-5992632
-5095759
-732715
2091252
-631633
4603390
6978085
-6194432
-4342378
9636380
-3058081
678818
1140262
470350
-4260462
-9809571
-6809180
5605303
97106
-171100
-4289714
-12406575
5069673
-181730
-11125832
952067
3014110
-1764896
-6644489
3075793
3063711
5829649
2400908
1159020
-12394209
3300438
-582886
4985650
-10262699
8821776
2492324
-1730886
-12859157
-987897
6725651
2859845
886573
-1077326
-7502188
-1783280
4322420
-12339561
-1666236
-3736456
1063355
6702731
5845475
3458573
221030
5816214
54632
6872735
-1409895
511438
4427956
6445861
2485825
2615531
1350735
4244025
-182849
-12653257
-5302020
-719238
3007716
418697
1745604
-3584467
4134465
7956739
-11370672
1713699
-1058758
1294869
9941537
-4366683
-2982284
1799000
4884662
-213844
-170778
9133247
7638932
-3609608
8315877
-6930485
7966765
156895
169859
733599
-959260
380915
5847159
5716451
344163
3081879
4207105
5187822
1793933
-4363510
6684072
10138431
-1557520
6021861
1333857
-8588813
6793470
-1528772
5288012
873878
-151348
-366581
-334187
-3937399
-3577927
1659270
6449180
716402
-8648445
-4225462
5496547
4966572
-1407091
-2901763
3380706
-749147
5323388
7877590
4987263
-194375
-9223308
3492134
2243184
-4719197
11398711
-5919293
2089874
-10282275
-6238712
4132896
-4965994
6290681
-479963
4217041
-9051047
2281504
6581925
-1979621
6082117
4955895
1603256
-8963720
-5730365
4250852
2019124
6901177
5483975
2224298
5539321
2068020
6096810
3830023
1984090
2418168
-4499483
-9415408
-2994312
6115873
2894974
-2014884
3429681
1605363
3133060
10660459
-9377298
10444368
-6416675
2249976
4286756
2918328
9902501
4039625
-118651
-5307437
9904869
8094295
8360711
6812422
4630935
5428453
-975122
7741581
4673421
-3296263
6873947
1657744
5404006
-2200934
525832
6410532
-9002074
7201608
2826887
9744470
3493260
1348709
7852335
3307710
8116164
4401615
3594545
-10666020
2305646
6922976
4195457
-2345795
994123
-1808969
3355769
352544
-1551531
1825294
77355
2585858
8327984
2807824
7410743
2378525
2735350
1812173
3135638
841749
-9440331
7003150
-906245
-3738573
5756433
3881066
6623485
5886824
-8482751
8750293
-1926185
5018297
1314452
-1937398
148712
4088563
158395
6891335
-4441171
-796464
3137248
940385
-1024954
3032720
5007237
-10203598
-1024220
-4895953
8350127
-1954092
6469003
1991036
1789973
-1892314
2490508
4991455
2607516
-1122473
-3368589
-964532
7253319
229354
489091
1183451
3660908
-8220828
-286557
271622
-13275341
6515112
8713930
4411127
189715
-1664129
-12601052
4962074
733480
6601056
-613420
-7744006
1557756
7138857
-4586261
-8181762
3651508
1806550
-348394
5898323
10157109
94248
5919185
6808547
-2261101
6668022
1387630
1676900
-7616286
-8403545
6473100
-116153
129580
-5675253
8797407
8449824
8092668
-7735213
5136180
3941509
-3443105
6758907
-5001157
-4385768
-3277735
579136
-1067939
-921725
-2948317
384121
8209359
4950238
-12145347
5748098
8852139
-10456796
387964
-3688039
-2974849
3089470
-9772606
2948559
9676132
1741603
7031020
2929795
3594934
4852971
-7687071
2366988
2735184
8568123
1037435
-1196479
-107771
3542665
1446755
-1170504
-2859534
3443610
-12660969
-3629030
2062039
562541
-104910
-9244414
-3284857
270216
-4733686
-451028
-208415
7748395
-3838904
-4147390
-10133239
2630206
917544
-2484179
5810820
-5077651
3901788
-7977705
2400062
-238790
-3079414
-10627416
5107775
6351342
-946737
4727251
3389033
7335088
276246
1560869
6608114
-10109678
6635788
7069754
4028481
-4074175
2314003
-999056
343253
6105893
-684724
598349
3185814
-3132127
824042
5510585
7429657
1047080
-295768
3375194
-805411
6238623
3935574
2543854
-4723417
2251258
-1636220
-3120386
5422512
7062795
8225938
-654193
-2132234
-1124867
3776082
2306416
3213688
674761
115938
3173529
-1208176
-896991
5557184
4514581
2781795
6765133
3138814
-8567553
2590274
2980731
-11964405
593802
7356982
-1167162
7580251
2739510
-5526930
-334305
5915976
2851681
843118
-4027693
1914905
-4712730
4693999
9079579
5111281
-2026185
6298694
-12830169
-6542322
3425579
4745725
1958255
-6722695
-2203420
-4949090
2563298
-1679608
3421199
6864811
1243590
4428265
1100224
806053
-480534
5161792
4518496
-245101
6771832
3667840
-8096969
-2732212
-2077262
-9814174
9558167
-9144744
8225070
3985744
-6448447
-4795304
-3684194
6520361
3832501
2381754
1295239
-112013
2128204
-847152
994358
54806
-3405186
3507682
353407
-141976
-8263604
255565
3496826
-1253166
1373430
70202
-5999712
956150
1694859
-866209
4551164
6120353
-7406005
-1954876
4282641
6471014
934771
2364708
-53312
-7964692
3044634
7292844
5753511
3278024
-11028087
7892249
700137
4700334
-8102697
877345
10254476
1806096
4350500
3281703
7761888
6003798
3037060
4288013
4675728
597069
-11612850
-7734947
10439432
4068138
3535237
-3426079
4183550
1169009
4029896
1484109
-5344107
-7923728
-8588523
1199124
-12526239
8546304
-1040190
2856902
5669705
2930820
1791156
10220533
1325087
-12475133
1761825
1150897
-3094261
-2109303
8402712
1401432
3579598
618300
5084659
1695368
-4033710
1872688
-270124
1779516
217949
1567394
5003540
-7916460
3809822
-10163817
1492956
-6355324
-1768499
446684
2503694
-4247785
-496732
-1403155
5546103
303956
3512560
-5630918
-2379268
1448074
7419514
7215411
5994555
3768225
-6562937
-886948
-733395
-3323568
7553317
2845791
4430390
720964
1104246
4927997
3959658
687723
-8625298
2465384
-9974984
-263439
6305465
170125
5680982
-11411864
6904814
-4603086
-3447641
-8909449
-1605139
1112605
1954611
3204013
2761180
8846473
-8033244
-3403299
4394384
4268879
-378497
-3486067
-8369294
-8979330
296248
6207748
-2458751
1455033
455896
2573887
4214730
-1683290
-2592059
8194056
4823785
-599865
-6164664
1390780
-4407143
-9688300
2620078
1889148
6041133
8831694
-398269
-1971086
4411520
3198810
-1122608
5041911
4817222
4878641
1628518
8082103
-4680036
6607074
1123636
8001673
2308755
-7034484
-869604
5947657
2542911
8527313
-5896303
6149491
1241306
-9779608
-533992
-8432905
5914095
-2207437
3583231
245101
3351074
-693224
2652847
4921561
129838
5160878
-1381518
-5366002
-3673181
-4007985
-1276597
160886
5327387
-5111099
1852937
-1368371
-722776
629007
771997
1303726
5224571
283696
1576402
4036077
-4604273
-6584069
6160487
3731151
570045
2491665
2702286
-13098040
2776975
3430559
-506114
-958350
-14788
7424181
3130139
4657949
5704795
-534635
4252324
-204261
7269419
4707639
-809327
-690836
-9419776
5025246
-8807763
-1862123
-1314852
587348
3142249
6820356
4481246
3127106
-1146756
2257885
-1539365
-9969114
739460
-1180984
3572307
10769209
6770359
-4760168
-2633260
-11477539
-8252963
6112144
-974332
5390910
1948183
7394363
864283
4726427
-37270
3291579
7340787
-6449224
334426
-2174273
4130094
3204511
5640689
4567712
-436369
956265
-1526122
-6904082
-7517434
-1259540
-10295807
-4151826
-8457086
-8742127
3946109
-1727524
9612097
329764
-2365882
4288458
2994294
696431
2943487
-3824103
6712190
-4182299
3957101
-13589300
-3848189
-4267668
5810065
-9164138
-1122998
-5422407
3570190
3918395
-7557578
3559149
380810
-7344694
5024262
3527864
-783123
-3337404
805681
-8072366
-7824922
-6424896
5587521
448776
3316981
784368
-8406423
3205826
-6037701
5090920
-1992509
3327164
3120696
940261
6415331
6607395
-10479428
-9221091
4036116
10003803
-7267223
10270480
-1970733
-3809350
4758611
-7053102
663431
2646970
-9681810
331104
6838696
6502794
1197295
4750857
9376423
-1762291
-1452912
308412
-28536
-2063683
7176267
7542124
4062250
9926091
6242956
5872974
6077636
5033154
-40513
4531721
4687948
5465824
2465342
-11849589
4724461
4029279
-4236242
2479528
-1637176
2796073
1420370
4554964
-2328250
514806
7338471
-3713238
2518256
8739213
2834889
10221047
-2475431
1698907
-2527546
8039307
1925913
-4416460
-775405
-10270885
1899632
-7585805
-11938640
1242459
1367077
-10949943
2810226
2269057
1233981
5812849
4625623
8660709
-11351899
3671793
-2046215
3073197
5589532
2949091
21426
2082158
6124132
9927610
3435930
-1637768
2703644
7406979
839998
5694426
2377249
3622787
4597646
1838911
500617
-767439
-8302898
-13066707
-1243265
2364231
-1413235
-72987
5142789
-2354877
-1939232
-6120680
4081340
199517
6532636
-6511459
2834212
3943910
5195594
6854520
175689
2459660
2274654
-2342723
-4774020
3860957
5747557
-4806030
3548313
200402
2318317
4994281
1933647
-6992218
-4275165
-331880
3862573
-573033
-2276897
6737981
667767
4099654
1892890
5376467
6398210
-866916
-573878
8512417
-1308665
2554656
5029039
2197483
6699632
-3346773
-350464
6768176
2712900
-599691
184472
489283
-7677359
-3284890
-6582042
2141775
4914099
3194363
4956336
5059734
-2733294
6926309
107620
-668301
-8289727
-1381818
1007681
474227
4443448
-3176930
103346
9335594
-3250512
-3210401
3753408
-2738969
-2153735
777653
-1768508
-476788
-3721088
6777554
1629837
-11481426
348970
2444981
5293784
-5241390
-1922311
-9534580
8035376
-6184387
5579309
-882045
48816
4990612
4585848
-9942996
7014034
-352553
183225
8341324
-9092187
3874891
-346891
444422
3745678
-568269
6952458
3411093
3972422
-1309913
-8964802
7037410
4393710
5536150
1289924
6545444
-4116896
-12870816
-416403
4478007
2274696
3821314
3465643
5827342
1556333
1823147
-4719368
-7705168
2107853
-501526
10082583
-6767026
2579464
5637640
-162558
934386
3718281
708871
1107274
-4562942
1659717
295659
4486771
-2180306
3758090
9481466
-2141491
-1217548
3595508
2295936
785188
-5946626
5004787
4110163
5658526
1132800
-7936520
5341118
3121630
-3681249
-1190458
-771207
-2006554
1413035
-2754234
2327149
-364071
-7437444
653787
7586116
7706038
3882314
-6255588
4651322
5140702
9754288
-12018180
1188859
958282
614
3736722
179336
-421314
3167846
3369566
6347226
9829509
7727807
1618190
-559034
901746
-1191694
-2682694
3603705
5864739
-7925
3435761
6191339
-11746970
3123192
8553053
3049746
-644184
435081
-673859
-1863319
3692692
4649665
2013571
-10188557
3405157
-702934
-1199034
207890
-6293083
-1032998
-1005451
4850199
6906367
-4147293
-1589201
4619982
9383665
-7576558
-3579972
10787976
-3838143
3479945
-6244362
-5123165
3435950
3747592
1761129
2727128
3698483
-6173004
511827
9198282
-5899611
-1825983
-607972
2043988
-4009887
-7318144
1830097
5348906
-386812
-565022
-9537901
-6023123
-1458145
4019109
-6986470
-7604257
2754431
-2263150
-638682
8038289
5432696
2878699
6255477
3667028
6835331
1562829
9222325
-8862508
6637001
8284114
-2923932
-5836554
-991242
1482773
6215420
2708094
4276697
1544384
8039649
1670699
802215
-1431712
-764254
-539540
2228267
-5081826
837178
2072741
-524643
1252655
491935
6694274
-4443371
-3582933
6770370
3742637
-5633619
-10831396
8607013
166520
35391
-9534513
-2223709
-9032244
1550977
-3507518
4426894
3426640
-2813149
3612473
-3040005
-6373266
3952193
-8860341
3811279
-11862793
-8778830
5628417
572860
-323278
1635001
1188611
3629355
6652859
6926606
-9507506
3282974
8084173
5052652
-11832537
3244582
1457051
-989865
-8498595
6025751
808631
1327593
4885694
1997982
6185256
321380
4524724
691584
4993216
-3298311
4900781
3877685
2689710
4044038
-7965093
-3534743
-634689
-12274483
6498787
3754924
1898090
-8707892
-2223526
3282936
6818917
5295459
-4141159
4679458
-7499599
-8335692
606964
9132634
-12463563
3142146
4215402
988430
1840820
2872330
-328503
3061943
-4008341
-1521355
-9004176
-3969607
4921786
2279636
5517629
3280218
-6481960
4406525
1129221
1192499
838311
3179007
-1458573
2843830
2174391
1538884
-9527799
3070646
-6280575
6929683
-815794
-4527919
-1067592
6513611
5783682
4242123
714452
8554521
-9761422
838568
2406252
12675191
647100
203782
629413
6065765
564410
2778396
-1960496
-96287
-1105199
6811384
-51222
2505635
-1427866
7180588
738429
-2271752
2988600
-3788635
3024281
-895851
-7369788
139753
1006727
1975772
4964278
10491302
-5538509
8452102
8312377
9910007
9472452
4833640
7345062
2416153
-3248142
2482534
-934592
753111
6180816
678113
2807447
4895376
6074376
1172597
2528134
-10637834
-4550041
3354718
-2882674
8598617
-3788430
-3331858
6675781
5362266
9956679
10083536
-3677868
8302941
6933203
-5685703
-1490682
3271181
-5802337
-476625
-6539769
-2021577
11111596
9440222
-749196
4113597
188401
637526
3915311
704579
3036723
-2947918
6006535
4644761
-769031
1639802
7182040
-9863953
206345
-4054304
44464
-139209
285480
240641
-11359751
-3323432
432469
10524
174025
-2127591
789336
8475459
-11414102
8827999
-11057287
6269006
1966088
3364230
-1488
-1033989
-3505011
4763080
6587758
2127225
2212197
-11600331
1011570
3237450
-414697
4439823
2045975
8294043
512069
4401168
273254
-1091270
7841204
7485011
9363214
1424461
-4333140
6502494
6889232
-3276828
-6171349
4763546
6772270
-11116325
-196525
1111589
10343350
4959942
-13415667
-432330
5781159
1226011
2824253
1241033
-1180520
1030361
-237723
428476
-11624986
6397759
370914
7367016
2410686
3967882
2028007
-781061
-8051336
6455546
670193
5386047
2380624
5010420
2529701
2501480
92994
-7083986
5565555
-4101800
88813
5894971
-2639497
3837964
1396549
-7080860
5426321
-1109684
1156229
2302129
7257588
4966891
-8120045
-914454
674909
828960
7126340
-5690131
1781187
1952112
-2230375
-1399521
2341872
-6516942
7307977
2105613
5839451
-10065573
3335207
-3471196
2503039
9463434
3322924
7321131
-1408305
1855046
-7058563
5617277
-1194924
1859793
-3604096
-2178959
7037920
-9396242
-62877
9571685
-8676404
-2597450
9461705
-4802416
2852716
177543
7466992
7419843
2250617
2752762
-8247510
-4482483
5665970
-2371070
4421356
-2478288
-1430692
6384918
6164233
2581251
5782099
5389143
1383743
7631038
9828122
4359205
-10468556
-1161810
2975381
-548363
-5154150
-7923415
-2507619
7072900
6181842
1847655
1637718
26121
2315941
6229092
300704
9884497
152121
1546056
7295499
7875751
-1031711
9129137
5182928
972671
9414546
-349677
6757023
-5196712
-8510180
5983046
-2565179
5768454
8056203
829512
6346612
-6081146
6417118
-6015824
6230951
4645358
1375001
7737297
8428365
-8754750
4989905
6173079
-9130792
376067
-4753227
-804238
7393676
-4147619
1762173
4733638
1546334
-12051679
2338809
-4853518
-2671265
6313344
-949807
1185898
4655638
-5886558
725507
3037005
-302794
4363589
-4600821
-497003
-80576
-291926
-3889334
-947233
1365758
419722
1601857
5948382
6976508
9237189
-8445827
-8029166
6422795
-965086
169816
3403631
3554683
4338328
2347374
-10145593
-1800197
1876748
-10222855
-796779
-1073497
9178624
-6316784
5723864
6859636
-7765104
3053375
5588971
-798097
-109136
-8360445
967123
3249585
2226809
57536
1598729
2332472
49324
367398
3251560
5087367
-284068
-6314986
1134083
5475183
7633025
-8309592
-4683224
8076857
1855646
2743926
1947716
-3052823
2497506
3873207
424132
-2133693
-2292688
-4317180
2786805
3642137
7487629
10993684
2278666
2072184
5865455
70016
3198263
7292436
8847283
5126009
-6501315
10061178
7452396
8950673
407308
99015
9387027
304967
6839529
22010
-11040787
6409198
6393343
6954485
4945926
252122
9859961
2536106
1499826
787850
858099
-5934227
44835
2165222
570002
969925
3501803
2641157
2546446
-1371627
9606857
7158632
-1473463
5984906
4415294
4478294
-630312
-4990052
11177797
2441535
3370572
-37456
7691207
3780927
6801771
436273
-7621130
5920227
8093419
5763128
-9349916
-11946557
-5729069
1552494
3902894
-2663454
6727346
1078480
1915750
3694364
2757993
-301288
2258335
6256638
6079388
3823392
10190533
-2026481
5616532
5080216
-5892847
-4419240
-9149041
1795715
3995360
7281303
3354931
7962864
-3070728
3194004
-149020
-1190075
-8165728
962460
3263386
-19705
1123284
-4651850
-2770365
5331496
-6504608
2219943
-2788670
-22883
4879511
3614972
2481336
-38874
3414580
-1318706
-748350
6907301
8576547
1279325
-4953399
2441613
-7021419
5705665
7911795
1063854
-4627762
2054295
2340512
3030707
-4361078
3514272
1815853
-1142666
-12497787
4585394
6401965
6945728
-4162601
2776869
7287013
983158
7459609
-11547938
9321860
4018935
3806095
405605
-3994041
-664761
-11622517
-1585423
4470673
7084984
2856969
-8908767
1054242
7911120
-8837935
1963889
-1037073
1548384
-2739655
-522004
6912020
9085178
3747466
3460787
5394914
-165160
-747918
71340
4020913
9399247
-3406352
-234599
3535907
9404896
469333
1891057
1488202
7903356
3512425
-2264749
10382721
3350657
6070799
3341752
3170703
5116924
1363493
6411512
7591274
-3964446
2932395
-9236084
3750412
-10996338
-1806800
9846773
-1972196
6057865
4908432
-6276535
-154645
521666
5964819
4775408
988224
9312431
-3303639
4966987
3305591
4180384
2394862
-960350
-1432273
4184154
3939464
1950203
3963321
4425296
686165
949697
5780254
-11458
5514308
8748167
1035630
-5957036
4393563
2035534
478332
5157341
-9089710
-586931
-4447813
2866170
8484103
-602705
-545275
5102276
4862403
2262101
11458502
-324745
-3857918
5048690
-3000778
9186047
3092174
2803013
3112602
1736913
-12326098
3489702
-2832614
6994497
753499
164045
1621932
-1957950
8612328
2799966
950856
9550764
4534184
5386515
4318218
-233875
1883796
8061609
511313
-9360291
6379097
-4781506
6621448
7041330
8827684
2504370
1315570
2552906
3842871
2803663
8894923
-5422389
6899702
4664033
5795708
878249
-10937978
1030680
-525942
239201
1735024
5081100
9973416
-5517762
-649829
5419962
-12132138
2558593
3247146
7229904
-1402760
-10918264
5150730
598590
10668796
-8227373
-464204
-592383
3728275
-380460
3066343
3066333
2906734
-9907098
7153159
4021080
-4167989
10147242
-513120
2990390
1235204
6978494
752261
4080455
6434281
-7621999
3536889
3903925
-4217053
8369859
1250377
7069535
2684990
6985889
-530109
-11109518
1559597
3727661
-1276148
-1157788
588666
-3536254
-8753777
6373813
-570739
3666265
8054317
6218519
1043996
7987047
4218365
-1997277
2011735
-3395946
-1512450
1688938
2663972
3553218
-1585143
3749495
1827954
6074555
50057
2650307
3185666
-1254096
-5087408
-5074230
377117
5728850
-4632781
-7827320
4334938
6202065
-9454145
4932106
2885969
-984499
2694949
-373789
622677
-9476892
3417771
8166411
2852765
440130
-225050
-468794
-402509
7341004
7479998
3163572
4716247
-45489
-1269327
-6073762
4179062
-3638825
6715949
4499788
2940951
7457303
-7668744
-8497700
4722625
-536418
6425549
7966477
-477609
2537180
-1575887
3160189
-4596553
-7705829
-2525855
692057
-9121802
3770137
-5041554
-7225077
-8501943
831045
8570137
6322761
-2529756
-2028836
1956654
-3494556
904757
-6038386
6388405
1158103
6684353
2691696
2426512
2347305
-3491724
2762018
-3667062
-1218141
-3106967
-1571636
945286
3109825
4575548
-955211
1692435
-310966
-1933081
3315360
267124
-8403036
-2373875
214062
5946154
-7129484
5566180
-609617
-5562554
4004040
-501968
110365
-5180098
2858742
3130931
-6338000
9578783
6512145
-464666
850155
571331
610224
1552971
6074977
-720732
1224389
-8111481
770721
9090688
-1981794
-6103249
5823578
-5347303
5153487
-4642405
1221107
2920177
-2912588
2341090
-631463
3580903
1239996
-8335044
-2575396
5095155
4569937
7510239
-9121058
6166339
-3861423
4653347
-3490346
-11327428
651967
265878
-657246
1929862
2678081
5308592
1951292
10395145
6753261
-738308
228859
1276647
-8232274
4734706
-1842057
-112298
-790031
8019734
6402351
7069925
1543779
-5464666
3100981
-7806014
3673712
9654790
-6193931
5808784
-3611750
2381879
2018185
9367120
905296
-5603162
-2986033
8157619
7383353
10072940
5163781
4760921
3815593
5309547
-10459985
-3900831
5436397
-6887851
-2116170
9096399
6744515
5912418
-10150469
-370822
4204463
9287124
6597009
-5647203
3321904
8193513
6144032
-5399797
1312938
-1337193
8225965
1062203
-413532
1310137
8622621
-11796046
-886288
-3545260
-784739
-94762
5197517
6223518
4758919
6421397
6373392
2568322
-10481915
-6690327
983072
-3509719
2819683
1809474
520940
6637619
1343506
7969563
-786327
8617235
5318638
1487874
5560608
1739869
3264351
-2689019
851844
-9514896
-7016643
-10149377
-3511359
-2675063
236842
3997618
511043
2011837
4481120
2831839
8182841
6656354
7556524
-866907
-2842768
-8994706
-8488053
6918892
4731503
7535705
-1712759
1005484
5926657
2920719
2717044
-3420208
-3409009
458564
-8870104
2169277
-9076990
7882134
11548029
3853282
5081699
934893
1923192
3508915
-334459
7352801
6212219
4570149
3392131
3646081
-6758026
6319474
600302
5946257
7711698
4646460
7439579
5298289
2933972
585363
-2629562
3559106
7917638
-4204814
5673761
-5116854
-2228265
-314925
656995
-9566633
830816
-4204879
5031332
-9361764
1096097
3063428
4314915
1816377
3014605
4054678
7629339
4763139
3922275
3554033
1789650
-164246
3344094
1180078
2314124
-9017174
539053
4586046
6819763
1262833
2637223
8723093
649810
9218659
5025821
5932384
-6373196
8902181
-1915145
7418436
-2586555
2263288
8330026
296506
1246225
-1697009
4805611
352596
5915464
1999148
121983
-4679831
-5277114
-2018107
-1351488
4303608
4789224
5001394
4741765
1038472
-1701685
-9394733
247987
-1222278
5446041
-2721159
-3941893
-8194726
-4795746
2693668
1733330
3099014
-11812048
-754806
3114754
-715245
-5765767
7584392
-4160254
-10659778
-3627725
4870541
-8293894
2460994
-1135161
5976819
6227341
-2088600
-819433
6204418
4167293
2531393
9997419
-6573760
-9813959
-2859187
5521318
5086807
118763
3465209
4269828
7051147
2354733
-7610925
-2379071
3991902
-4362444
3058925
4458809
-2452061
4096149
489348
1765192
2880100
-1054712
1300996
1136880
-161262
-3703373
10293511
5403400
2798136
-1427928
9392010
6340382
1005846
-7441115
10678828
7666668
-50312
3812469
-6697691
-660533
4346275
1308418
-10542877
-5663812
-142976
-771789
406093
-9954013
3183856
-4019251
-3384800
-2737542
-2893658
-8950429
8506749
-9476823
3477445
-9529734
4332847
7322809
-4568216
-4054637
4173489
-11468414
-3568823
82893
2448605
2882097
298315
-2413234
839387
-5911192
-9343499
1934141
-2247621
1687783
-3254198
-1523553
-8864921
2950553
1585878
9809488
-1926011
3304038
-1635627
-12101234
3321456
4608223
-393530
1404013
7352948
186352
-6217754
346192
47919
9883816
-5390856
4163990
-2664878
2506318
5280832
-524908
5039873
-5496806
3546584
1491667
3081891
5984010
-5353652
-6822686
-132476
7587355
-3972102
8508721
2921873
2074947
8259405
2453763
3487594
4056946
1532126
3648874
-11323928
471430
4288025
-1190420
3267989
-9893862
-2107074
-3123695
-12636153
8280824
3727709
-1099078
-7724526
4506562
7030375
-1594477
3289912
-286051
5620233
-2855545
952212
1451085
1889123
5191288
6839498
6450107
1737907
-2131226
1520223
2449185
221313
-524859
6184451
6967089
-4869092
5645767
-8071156
-8237111
-7524777
6042884
-2241801
-459870
-1175062
-2457787
-2115229
-2099211
-2686957
2295473
2086867
-8743122
-418305
1903563
2552629
1515615
6270611
3183719
-2232513
8816550
41279
235327
-167054
1712964
-9861430
5178749
-9853358
-3279187
633784
-7367606
6202348
-4364726
-8793524
-510510
-995322
2541271
1665420
5417450
9196253
-941288
3552792
3736440
2398686
-277391
7030038
-1981392
-8158030
-5319150
-1979847
3588462
-1414858
9487029
3016418
-10362470
3572369
-12858172
3847082
1129233
1156406
1455100
5546815
-1829085
-2631649
8199906
6331662
1779596
-4951690
335517
-1003935
913095
2327766
3674837
-6344927
5165313
-1770872
6158203
5203699
4512664
4471080
4663359
-9166740
1724283
6644574
-1700544
5408269
6811854
542771
-5314898
178815
3190563
2750584
9027078
2229012
5612723
4685310
8891496
-812816
1074552
-3773499
-6591383
769634
281437
2391845
2641649
6825035
3545476
4571236
5301236
2701295
-1272203
4578609
7054710
4152943
1928175
-12807453
3670195
4059545
1998825
4210236
3615970
-9293967
7653799
8131831
8168602
-2269839
1517247
2223439
-8896723
1273880
-3327069
-8292707
6403886
-10112378
6648519
1326072
-6826732
10678779
2764590
2624879
2508036
4079188
1867416
-4885898
-9295261
2249571
8096810
8808093
-866759
2655850
2317558
3379739
-337097
-2156401
2770806
4279771
2975387
1482274
3203691
3859809
6959437
8132762
-164699
1251476
3170533
-67602
4741912
-5876052
-9553793
6649021
3583837
706004
2160714
1396157
1366173
5840529
2475128
-27557
1035470
-7757108
-11289152
-8497800
241329
1425218
6413976
2630472
2524668
1643750
-876749
6155611
5273755
2241656
150011
-9919322
3185009
3080157
1167326
-4066237
-8986947
2130887
1218364
6295123
1068476
7359510
669846
9548035
-10475904
4862088
6185885
1473922
1706752
4798040
-11750234
9617378
2788121
-808473
-10447494
8486586
73219
3839435
5833565
3671365
1545012
-9112994
841783
-924021
-314814
1441945
1195210
-943442
4679281
2797880
-2113634
-8703494
-76531
-6688697
5021738
5898702
5682282
8955824
3905440
1896631
402688
3020857
-1915057
2357669
3728721
5547750
4850709
937649
-4355390
-601664
1464002
126227
-1907599
1685089
-1417458
2380520
312693
2009957
-9073188
4386655
-598352
-2544066
4061205
8071452
3857919
5730374
6206245
-2779134
276954
-11408367
6370818
-9895536
-1664895
-178368
-4151625
10405897
-9276423
9766459
-2392580
-373135
-362779
7274957
5700720
-12843322
-3498498
211980
2898082
-10518591
2360215
467131
2284404
-1521532
3746719
-3645366
-9428244
-1061351
-4486966
2133911
7527124
10165773
1627241
3957679
1251826
3640012
-2975226
-7635557
-3556933
7370262
4489217
5136856
1445875
-2256123
11260020
7350649
511691
2557215
3169276
1798226
8359150
-6189768
-2672656
-597652
-1944114
-177003
-4478810
858248
5880653
5447439
4944184
10794155
7639259
-50237
4904872
3332303
4514949
3186194
1532778
5523284
7948125
-6674567
7444623
4109539
4018837
-6112271
131988
2420036
-224559
6596805
-952857
-967532
-2994005
3084175
910398
-2851244
-429766
-447110
-219934
-391433
5381658
8979799
-4747944
4877634
5032070
-523739
-76586
1392630
978051
-5734668
4393596
5362752
499364
-178628
1086380
3118247
-1232720
-4870416
-681689
623297
198070
2044665
1938117
-4828203
9368007
4872349
4491322
-1497917
10254592
-10220195
5835188
-5200953
4728932
-4876729
5762439
5897706
4609097
4910602
4220791
9273513
-2398779
1638001
3861999
4756198
3152749
5281340
-6390059
-1940045
-4015333
6437910
-3881865
-4248573
-2495901
-5922105
1899732
6374737
-10195818
-5918376
-237582
7049454
-3053168
7645655
5016637
-4026834
-8953963
3348825
-2007646
3151104
8129476
1095950
-923414
-10396211
-1257742
-10223238
4482860
-12301230
7421824
-750283
-5674836
4096099
4454877
560086
4633856
4828612
3300793
-87454
4170438
9009489
10291130
1307509
2485198
-86411
-12668257
3365989
-529603
-6152801
-8602056
6974103
-303348
3938817
-1976036
-9140821
1087985
5759345
-3733587
-341253
-5634925
-10414981
-3833293
-6585931
6850223
-1000512
1892591
4876380
-4845316
-359292
6565496
-7904334
6388872
-191911
8776509
3514411
-1800925
780781
6818360
-1286123
-8145806
-2859440
1608444
-3267564
4180947
8722993
3226455
2570655
5448163
-6099246
-558151
3742042
-838849
3964148
3707044
5869674
-2782285
8308104
-219879
4397969
5735820
-1781581
-1591658
385861
7943857
-1162685
6322457
6613537
-5841497
-1707045
4598404
775255
-807484
1980718
1625470
-917473
7977620
1783108
-735187
2952358
-3909905
-6115203
-5289412
-8460488
-9482327
2633002
-3807289
8799677
4106715
7382885
64363
2338177
4980225
592047
2059175
-40178
-810595
1156968
-3881276
3711486
4609821
4859969
-3498921
-5810393
-2881578
-4804603
3716218
9333642
-9661639
-9129762
-5298878
341442
677977
-320464
6982999
4814401
-6062191
3071249
-1977611
6932105
6118241
5448457
-1890297
5533736
2042216
-1378167
7691651
3451933
3317285
5819765
4148876
-1024853
-2786484
3684359
-10012573
1740781
3793135
-1123691
-4160068
27844
-5835218
4098785
-2691465
5063651
-396910
-4861197
-7662242
-5249371
3885687
-1150204
3713814
4847581
172889
-351290
-7077948
3044389
6962012
3880368
3255196
6501975
-352788
1974999
2675599
10666813
4540181
-3783408
5990493
-8823099
-2867
6718733
1720464
-4335429
1992008
-8821304
9532456
7566597
6998942
3827773
2714870
-3015529
6427328
3968699
4477261
-523601
2030501
5134982
-423560
6148597
1439674
5939291
-1360267
4715350
2878749
-213322
9008764
-7214146
4688346
3014682
3189919
-1237041
-1793709
2731805
6934213
-1012030
-9418137
-3459205
1657290
-6845236
-337009
5077459
-4941872
3350140
-2887508
-6997485
855536
2667268
3911929
3650270
-1347367
2713416
-1632169
10046995
1342377
5593516
-2939877
-3144407
3713750
1982237
3112715
1154944
4917782
3868881
4368833
858354
7314794
-726432
-1094856
-7899420
1773182
2446617
1027456
-8301917
-240002
6242168
8791548
8258680
6644509
1932785
-6348172
-8021216
-301646
3489596
1391566
-4759035
884134
5087131
1324567
-890539
-406158
-13259002
-3390686
3591186
7156177
7107191
-553638
769699
7504571
-627419
8185363
2035364
-13304776
-4951959
-447256
-1064294
-704250
-1058213
558277
-11926182
3357143
-3278660
-5055667
9847003
-8018406
1283073
4702398
2812789
9863318
-2334469
1325686
6065786
-13100
458567
-6452274
579771
-7318148
-7749642
1480
1365209
5907848
8136254
-8003020
6872965
-559247
4782960
-13186875
-705841
-10108081
1859743
7655581
2401021
-166411
7604926
-3370192
3592542
5316644
599541
-4720112
2949128
-840783
4557928
2722627
768685
4994323
4141915
5540789
832071
-3463453
9063708
-4623490
4279917
7506811
696647
-561057
2062404
-464048
4637375
7067071
-1909827
-1165246
-2088087
3253788
-464069
-8348770
3275730
398412
1009285
3867378
-1492237
-1864687
-2572100
-872235
-5874691
5149485
966399
-2767688
4230287
10418843
-2352727
8748392
1886712
6472059
-3658250
-2029130
1978987
-2495497
6405432
-7997104
-4055201
2935814
-401835
-5333528
9028122
1954467
-12874775
5136418
-2501758
8923613
-8624640
-2169182
-10860518
-8237495
-20132
6112222
-12264299
1324797
1325939
6344319
-1242498
1285143
4029629
388475
-11965835
3105617
-9369898
-9290114
-2508586
3243050
2709259
-7911529
5747575
3039799
-10304050
6387962
935840
6552777
5585493
1589232
211306
-5618627
-1953023
4922036
7463464
304078
2336797
-1968879
-481618
-5387696
6681912
5827764
-9295111
1445364
8421980
-5413758
1665315
-7037777
-12116062
10605744
4197370
-8583655
-4874131
2825325
-3828273
8395177
-344869
-9374715
6444892
-11896910
647747
-1828567
74172
929942
1757223
-8436211
7906429
-12749080
-6583119
-1437118
589342
6310466
-1418461
-3354077
8856157
-4365566
-8854599
6605641
-526694
3978132
-811609
982455
-1465757
3600364
3386794
-8271946
-4963913
-3385849
3728721
367683
-904623
-4681438
-10571173
5345038
-311673
427073
1655394
4569467
10735410
3570305
6403170
397569
5187997
-2901276
4433438
1251113
538669
4836165
3156884
5423153
-459822
5204880
195144
-3817578
3207286
-697355
4041474
-5421985
4681529
-2261755
-1170160
-944460
6898867
-4979810
834521
2571198
3525800
3215040
-7824076
5555495
2724197
150210
-1038731
696807
2418271
10458281
7913452
-698630
229764
-13829
-1090643
-372704
1010988
177589
-286743
-1447080
-10148874
-1385135
-3421966
1847198
2867726
3303918
2542330
2992209
8189078
-780228
-2474750
-7962500
8251066
3424773
-950803
110071
6537299
274169
3839355
-4077031
6010021
3599421
-1949015
1175915
-5799533
6097247
6508342
-5362936
1126269
4619701
1731305
3280629
-11895721
5458120
282339
1928592
8243386
6847918
211186
3190506
7175432
1870404
7201510
3701037
5699897
2191812
-707626
8358846
6096929
-4454139
8388643
-3643108
7454370
2393431
3942738
5531019
7581052
3450084
4790446
4421096
-545753
437805
1473420
-2468903
5017239
-20375
83342
-13310172
4722844
1751494
589514
7529787
1644710
1311523
8368451
7482551
2549235
5286485
-11475532
11021179
8167545
1179814
-134620
-8302464
9712938
2812091
2482568
424325
-4918031
-1952994
-5668253
236442
6282318
-8556857
-453338
363730
2186848
2216977
6577541
-6692231
-5469039
3449291
-3487779
1146778
5752556
6746082
2477355
5246620
-5168087
2892673
3789244
6248497
10858854
3146105
116704
6072902
5425589
-1853566
-6347974
1079461
-1366712
560490
7080643
4168987
-1774503
-369329
1588823
603614
2223183
-2283282
6549491
-10824761
5435825
-2666683
5738441
4536843
-982078
-4698684
3225827
5366352
4564677
-8043695
-18176
-10167351
3538652
31297
-56262
457855
-4877001
-954337
7498216
-65416
3419335
6752238
6757271
7899772
2852458
5452562
1911209
4555179
-150206
5875230
6116061
-851391
-4202741
-10574877
2551473
571780
200255
-1503263
1350570
-3511487
-3084871
5248938
-62197
470187
-236826
-818229
-1093645
3181726
4443624
-480561
1289999
5179348
5052757
2334970
5559673
-4428948
6016718
870868
-5726851
3273039
5620601
3940809
-110866
557256
-12364526
3487699
4354677
3127273
970010
1994895
6619357
7798896
5855092
1140800
-8736876
-1094197
1098307
-8321717
2104436
2687455
-4105675
-344749
7276476
3767295
-398379
7612397
-4627979
2109301
2097205
-3783793
3723764
4397771
2508297
3251416
6351832
-8148777
4784895
8903862
-494910
-253765
6140930
-11266632
-228796
8125284
7264162
-1079252
5634347
4301384
7670854
6574883
2912896
1287237
-4425289
6167178
8044846
7828757
830571
6778435
-828960
5595560
1134906
6528103
-593167
-2690288
4952844
3025280
1259332
4610627
-319549
-3611541
1230352
2419836
3631537
-13620770
-5734043
375420
-3191284
5571923
9990
4248050
4784695
6027378
8454215
3558943
3215377
-1630160
2313776
5501864
-11639915
911111
1572126
-1186699
7289627
1371943
4167301
-1525593
-521639
-10414743
352055
-1802333
7870511
-3398041
4019340
-4970991
-3853091
-8130742
7662786
2067891
-3967877
1853045
-4584064
-5795339
5825114
-12490128
-9063146
8342169
8118469
-267461
8663334
5061049
2859827
456117
-10729299
157042
-9608324
-9650290
7452835
60539
-364047
5539262
-5804333
4440878
-17217
5409339
7597814
349309
4771516
-325516
-590344
3937812
3707893
773465
4637577
6404166
1297609
1216946
-1534100
-816305
9589831
-2027732
-522525
-686355
1519284
3286074
2240321
4060074
-1427955
-4700148
1819527
-13079094
3113864
-137459
-3970740
-2052178
-1070453
-1130837
5269765
2121936
4084579
1342202
4416667
1623420
-1107810
5414777
-428186
-4905904
3502428
2818134
1623515
4962958
4489486
-2068963
6472265
9220560
3639461
3839296
7252629
563828
8775817
-2680450
4726011
3877892
589487
-786215
-5754320
5156758
7550991
-2429672
-3689003
-5072284
6148977
2462903
-436594
8689766
-4652084
-1305379
8438355
616138
1293306
-1287155
5892632
-616510
-2272842
5142912
3072555
5600129
-109146
5659519
10195220
6418756
86836
5973938
723944
4272018
7414984
1646607
2814196
2923662
8305455
3548259
3384383
-6196273
-1827978
-1633516
6592611
3246716
-3858976
-495961
6103693
3557328
2327300
1060916
7993239
1171472
5657077
1778871
5190590
4662066
9756166
3958542
7380009
-11948683
4593148
4954366
212707
3779467
-8812460
5160845
5429456
6393229
6003942
11902974
-10735793
9405021
1282202
2521752
-7836595
-8258939
3047194
3602012
528737
-2742345
7659822
5305818
718599
-11964751
11669071
7942449
6078158
4569551
7262037
9138476
6909274
804162
5079993
1265050
-2278674
2184755
1234356
1416400
-2563224
1340276
-8889730
5468534
-3173472
2403436
-8393991
-7214539
2870555
-2294578
1625384
6702362
6155212
-10097370
4354055
1394524
1481832
1514358
3994089
2331695
3746919
2908752
-8905500
-3776153
4882661
299517
6734073
5818805
2346041
3730663
9600672
-343845
-9178559
8954562
6003887
7075451
10278467
4465362
-2360690
5571669
-2028654
-3445630
1322284
3717242
7272736
-12714602
833110
1905380
-6943051
712908
1024090
3605748
4030113
435468
-1245474
37844
1782063
-5604079
4249882
3302762
-6634303
3989918
-7980514
2242233
3934354
2718077
8522213
1114320
-6845339
-602294
-1121099
-610664
8134142
5969331
2345779
3277209
402591
-1654706
3247403
-5919023
-797423
-3055607
3116440
4141832
3384217
398232
3428571
-12608193
3213104
-3543391
-2593811
6108114
3330194
-8369744
831915
7096373
-10014921
4551221
-2694607
7068743
-10404463
5578310
830840
-406170
3610941
3005566
3334567
2558864
8469860
54242
-10594771
5602578
546601
7630841
4334727
-5362047
-653449
4669330
4574748
6193024
5697455
643243
-363389
3220341
4595620
-8753890
4491739
5565572
-532956
-582136
4424961
-11796517
-1205980
6447872
-799913
524922
6121674
2123964
-1136940
4811476
1691666
-1245967
3989849
1986285
8852593
-6970688
6828425
-9792757
872978
5160438
8381848
1167313
6277672
9860982
1210409
-8615273
-10016787
1851882
7159708
1184350
4787403
-7824437
9508243
-5113776
221470
-1363014
4334446
-10082762
-3849697
7809776
1805905
-8097781
-81099
4886792
-10190918
6192369
5905789
7442606
4731469
-1798246
2442451
4108178
2258025
-2275112
2796058
7862006
-8572055
4826875
-4535029
-9869364
-4935297
-804900
-6127908
2613607
8339851
3526037
585514
3319404
2705688
1502275
-5226324
6430531
1558342
-8963395
-10060568
5903030
5698800
8425299
3142267
-1320548
-1170943
8103407
2359471
3319975
9591476
-378420
-9939555
9319379
-6628343
3175671
1607883
-6588694
-474409
4580532
4544012
6372503
-2777502
4639000
2790460
1922440
6726217
-11689428
4832794
-9310973
6262347
-5274053
-2196418
-2682989
5718389
-10125278
6185349
6618101
5176717
3414312
4043602
-837740
4700185
4145896
-5082707
-145345
6393582
2197209
2412922
-63444
-2991353
6828281
65266
2467700
8611385
-2971347
5192966
547162
4152764
1150092
4222028
1297355
-9676067
-8608847
9109453
8052501
3594001
2528250
8234423
-973666
-8291281
-2241509
981566
1111425
1117711
6813277
-974464
3705209
-1108433
5323817
3193603
1101276
602932
3556679
4636522
1991951
4910437
6650507
-8829890
-3777762
3132657
9354413
2349112
-88030
-11256161
8495227
1039660
-7818168
7063642
946779
-4838702
-193858
8629462
2644637
-3045538
3432315
6667053
-5041612
-10950794
-995396
-8395035
5528705
-5668424
5434989
646881
-1120354
-3404511
-10259874
6240801
-4040916
-3762852
2101889
6303321
6798489
2077943
-9268710
7070682
-9212599
3773677
2600578
-2003416
-777670
3248709
3153430
5156463
2149110
1414247
1754533
5391212
4998038
7412640
425355
3992578
-10247741
2636955
5853688
676655
6732447
-5575410
28282
3607301
170609
641208
2792629
8415559
-160701
5687203
6405272
8475919
7030600
3036674
-640063
4747584
-10317803
7311498
1901717
1413310
5841306
-2514418
-10915159
8856957
-3694961
-5266316
-1629366
1425438
9158883
594688
2482247
-8371939
3691693
3451761
-9256099
-8660901
4730351
-9067925
8268232
-18544
3381107
3693940
2888647
-8443022
1395502
-1463989
-7480136
-1838836
7145024
-718772
-631512
-8162524
4000398
-9313734
1417835
5874726
-136112
2315307
1067901
7868694
-8939507
-380741
7210370
7006542
7230202
6859295
4685491
5305290
5758018
7634289
5735882
-7737106
-1950019
6605557
4308521
-2052378
-634845
7613681
8033617
-359755
6134711
-5506856
-422659
4338246
-6155972
6374309
4186890
6779471
3264065
-1015305
4893798
-1828307
741204
6532527
1735125
1850558
3373191
8728863
942436
-9268155
1028347
8716568
6215899
4895225
2663713
1876009
3012523
6909863
-114267
4033042
-1842709
-1224175
-1150394
6840623
2239518
6237157
407027
4114186
6194947
3344414
1083771
-1426141
-5770975
-7978712
6682123
-8302222
-9552813
7972099
4451154
8662275
5907442
-2211660
-1584392
-1535420
5193229
1644886
2168315
-6642956
-4385949
-1782819
-3121847
6083898
7098725
5725925
-1221641
-1950153
-753385
-1743844
7045640
-512463
7889334
3230118
-8154391
-7580905
-8726063
-4899008
-10379139
4799567
6714197
4062860
-1341358
1972611
-6441814
5887365
-931493
6521645
485336
2726883
-11137647
-2564720
-4354251
6167359
1676507
2424863
4078075
-3973543
-970307
1664379
-4425445
-13094203
-3281782
4310156
-3275809
-1187991
1710927
-11720732
-9424945
1306386
-826081
-115936
910693
-2635633
1234637
9980044
2739658
-344774
5137904
7902780
-4396713
2708159
3377244
132464
2363473
135012
3007741
-295102
9961729
4941998
2291003
5706579
6727845
-9391414
-5955200
5973229
4987471
6523853
1778649
812088
-952238
-5594291
-7815755
-2093577
-9024904
7866398
-1824332
-615904
3456378
1127275
632709
176057
6219279
-845104
7852068
4151277
4602139
-6324795
1400174
7013565
-1027944
-8026052
669124
-6226970
4365272
3712192
5048175
2811881
3557806
7659316
628791
-13135452
-5357337
-11683053
-3374410
10173189
7575153
-4475382
7843499
2661460
2233822
-10824910
6186676
5626131
-6495063
988391
6020409
3470541
-9043457
4726458
-5243001
6795699
-8527052
-11260396
6484440
-2217181
-8950389
-13411970
7159200
3636041
1845042
6079543
80050
5947948
1713592
3127845
-12383830
7650204
1264692
1041711
-5661513
-540434
2447776
-6978754
-1429541
3081495
-1351107
1625173
-3774302
1990508
3863309
6766381
-857463
7258632
8942845
6068706
1337932
-9591283
6395825
-6073788
-1682162
1837002
-600982
129895
-312759
1210420
3151047
3634340
5040629
3004292
4100070
1562901
-3261300
1009061
-8673118
5157798
573395
-10689215
8124955
-2118205
5714970
-756879
2420207
-3442376
3289854
-96302
-2530464
4473604
2358504
-757099
5219883
6181780
-130989
827123
4944192
1262478
5657801
-614978
6331355
-5668892
8304653
5143501
609568
-1710319
-2873375
6178725
-1119592
4904730
-2789106
-9707275
-945903
747781
-11136416
717962
-1607904
1722709
9208992
2085075
-6632981
2881172
4862340
-2753834
8444527
2685190
-11189392
1545850
7056940
4778884
-6195534
-500785
747618
1241339
7416003
8882829
-2171928
9692535
5937408
2092690
-6539388
3831289
-6271561
3854462
-2499521
362366
2866597
-11838836
2567339
9345439
2528631
860123
-1133213
2873329
1983489
2605990
-6577303
-9072109
-9390281
-2603042
-4983507
6918830
3695280
7334253
5351009
559639
3407497
8850756
5631550
5786101
6411877
4994593
4459178
-1124758
3962599
2887791
-246141
3013975
-1208363
6020982
-139642
7132518
162252
-1204258
-340467
3239273
-194448
-3166700
3451602
1778197
5196306
2732249
128985
-10177404
-656036
-270701
2961259
-13169197
302421
-8381407
1559188
4468189
-1531305
882239
-308279
9973953
-2736154
8906960
7032807
612647
1706965
-8510667
8537810
5193321
5007251
-6454529
10219550
-10581273
6573154
3780805
-2929066
2464754
5603140
2944064
507727
-1708959
-1274363
1186918
663400
3709466
-8576369
8705912
-2834416
1165311
-10042195
-2621998
9964309
-4752640
4035229
-8905674
-6500328
3130134
7250161
1394048
9324986
1154210
2861799
1832142
-925119
-3619094
-8638899
2483920
6230888
-8490037
-7074638
6933198
8039906
6172009
1881370
-2922317
2389900
-9536919
-3316719
2593123
-11376121
2028670
844950
-736718
10145431
6236536
-3965359
-115530
-8474569
1117586
234951
7385364
1130464
-10852858
2481802
9258586
2080041
6929135
-4215619
-9563817
806101
1231270
6346369
-1573295
11803285
941398
4529555
460379
-5605709
4967855
4383118
2597888
2997811
7381175
2485795
-11941512
-1991981
7954336
-3789164
183633
6580073
2813897
-6923951
-9407568
-2929733
-7765797
6347087
3186040
-9795000
227922
1656900
274190
4715517
648864
-1270723
9706029
8131678
-7753506
1421506
-268338
-5376896
4044314
4362219
4870327
4658378
1203381
-9979210
7680013
8528328
537213
3306423
3732267
835789
2692846
307477
2513256
-13618559
-460631
-12420355
-3780552
9798439
-3213327
-177498
6944861
-6842616
1680699
3612780
-3304116
-12516781
5017622
-9030236
2331519
1007960
-11542905
7698202
-529412
681390
2795501
3260375
242493
-399347
1498576
5118553
975491
4997317
2091464
8514481
-491468
2129188
6583265
-1189144
-10852040
5018805
-9783786
4618530
6449141
8364960
-3435571
4826248
-684828
-4354955
791672
5626131
5992227
7895737
10068496
1836934
2622292
958078
6501007
1698123
5675876
-1647018
5065480
-10022419
2681559
8988114
6769409
-9225064
2447706
10766259
683056
-2890885
3758545
5970705
-914812
-6008360
6127085
1262653
266333
6193090
3304227
-8929962
5172144
1685866
-8308969
1031553
-3614448
389039
-11920905
-11283512
590293
-1609040
2617079
5763721
4109149
-87757
2250400
1211797
-9206247
2983868
3218072
6496059
2630759
3562596
1745268
5021635
4264764
5259641
-2112704
732029
6927608
-3929321
-596992
3969922
-2064816
5383939
7303222
8616003
-216598
7191850
-1368686
757530
470796
9947911
-7061354
-11442545
3920751
-557525
6617144
2378787
-2807742
6176310
3091228
6757480
-12400430
-9555091
6632762
4558487
4119753
-10583999
9343260
3690362
3556758
10154107
163031
-5750834
4313536
-6206987
694850
345880
208848
6399008
-2712452
-54495
673321
5906502
-2189642
6066791
-515548
-320030
2280237
-6990090
4666089
11057562
-351971
9436606
1645998
-3003460
6339546
1134261
1832921
6360331
4806696
2763343
270354
-2391830
-105760
-1898414
5598558
3179841
7128692
-2653715
-12435458
3265581
6579552
-8887405
757846
-3104257
8316537
2265231
-4579304
1393612
10758148
3040071
-8695439
886896
39925
4984317
-1390825
-3648709
4337018
-1728839
1796746
-72964
1177379
-10478944
5146957
-6425939
5218522
-3154340
2990232
-2385413
3141982
7222234
8399441
4484693
826199
2730208
6580628
1675942
-7939492
1258488
2121841
-4353919
275976
2276502
-3801331
-452806
-5135479
7040868
290139
4215391
-2561301
6623499
4935448
2076089
3012488
2948390
7559809
-1575513
1277407
-1392644
4901082
3147633
-1365431
970824
3798929
-4932803
121754
2916049
8548297
-4630839
2071411
589525
6284515
-5961603
9483183
7648445
6182243
1966788
-4832357
1774860
-3215293
-2744743
-711014
3693132
7090621
-6445643
1376919
-2347258
-5440964
2496518
7627031
2752650
7994713
658871
7559000
-2937546
-1507322
7281178
-11769941
5478863
-636893
-2856951
-8050191
1851977
3392269
3386439
5917683
-8100024
-2665368
-10861901
714916
-4782161
2109524
326355
-834146
-9499959
367448
4875626
6462721
2519686
-4012317
3942767
-12003027
6611482
-239425
2664094
9659007
-1921113
3310208
3281631
3776333
1715139
3080178
-11203829
-653789
-8596194
273726
-9645002
5376625
1197625
6263896
-739640
-2229625
1339560
2307155
-1934918
8037071
-9613112
-2303036
30118
-99560
-2594400
1419707
4409786
4425540
5656149
-1437288
203370
-2538324
33512
-154402
4860344
3168265
-9174442
1310136
-114915
-2479008
-8324793
-777309
6087014
2034326
3074202
-829023
4021051
6510865
-857268
1971402
-997151
2116329
-4246410
-9120329
-367710
2718832
-321137
3633743
6120102
-5560166
1604035
2531613
2502395
-2810830
-792828
1322371
883995
-5581312
878137
-9198622
-2532164
-8646192
4640577
3042669
-4044823
3090529
971501
3579116
19495
6655285
3998569
2594578
-1203568
6082954
146991
6828325
-1234905
5717098
-1152163
10499120
-4612735
6728046
-668810
-1536886
-8106263
68386
-5390814
-5269062
5281591
4030479
4476587
-327817
832847
7645194
5814102
3500231
6128825
-3356791
4215674
5991758
935393
3124991
-3819351
-4314143
567168
3472788
1533937
1578414
-5336309
-1045427
-2931354
9199799
-4333524
-1441750
1965435
7744523
-1564034
7812399
57214
5981836
6924381
-7188970
4701487
-8274585
6025086
772438
8024071
-754241
3016465
1820165
865234
-3284632
-821536
4898656
1781213
-8064644
60281
7053461
4516914
800096
-2550638
-8548150
10354746
501626
5416404
2544812
2295697
3315450
-5026550
5775562
-3275512
-6019615
2768940
6953480
6529620
-4320863
788971
-3731180
3739088
3567414
7997193
9313871
2290879
320357
3094608
-1267908
5350153
1799570
4234876
-3684488
4430205
2989354
3646180
-6151924
-2565036
6474172
7372920
-8637351
4062332
4102715
-4886999
-11082072
4180091
3176355
3381689
-4669190
-10767
-14982
-3034123
4647493
8061078
6422427
7804753
2595903
9097665
6911003
3653538
3548884
5766109
-1552051
6166819
3360099
-1423095
6878771
8990931
4541491
3287344
-11650157
-1185088
9164707
-309013
3633130
99927
5609462
-4050140
4613015
-1170005
2834678
-6195517
-2921064
226165
-629479
2740400
-427302
3005161
3030473
1212721
-3915311
4548315
8204241
-1351945
-1620921
-399001
5010642
-6779658
1717755
6666391
2775
991002
-3401296
-3219225
8420314
-9249462
2926863
3547850
2142325
-3262350
-2118847
5060231
408100
-611897
464690
8929153
2658052
7914586
-197354
6267531
4678813
7109397
7211770
5315401
-414292
-1268686
5783945
9208819
-802378
-8626903
3673717
1535952
2466162
520751
1584985
6887468
3946319
4290317
6465277
-2361926
5441945
-4401087
205927
6904031
4679316
6877447
5952130
6526215
-1853825
4290741
463845
4843129
1160469
10473808
1429535
-9520437
9822441
-1910192
2683908
-3669965
1589471
4942226
-32276
6639950
-1523471
2511856
3581175
1637567
-768289
-8502925
-71962
1841247
-4646941
4326033
3202708
10213313
7868731
-13390241
2182371
3527809
3246017
3303078
-8644923
-4513772
-532246
829286
3330644
-1228550
-353118
-9034875
-2587439
1605251
2322553
-2364924
3403100
2124272
-5748222
6393772
164724
10388334
749942
-717532
-3928004
7899296
1962854
3799058
-5008342
2772969
1879751
-11158748
285957
1678080
-2256824
4541653
1677552
4493579
4419229
3725819
3526156
4312150
-6069240
2406358
-1300861
-2908808
4599499
217477
4740409
-3482550
3332752
11111980
-8293119
2648337
-915370
3561483
4637370
4742175
5262313
-1427298
486874
-6835481
3474606
330337
2501402
1571855
-319357
4411069
6880324
-10705419
5553221
3490769
4503242
742700
421486
-319493
-907077
3153372
3476683
7630416
115750
5623143
7481143
1487230
2721235
2840248
1603843
5692525
4163113
3578799
1397687
-4238615
-4431212
-7926340
-574385
954267
889483
4027301
4313176
-650127
5166087
1242901
501717
5981111
-790515
2936908
-783840
3533001
5372827
-7179994
-5667198
5381210
2720254
5227607
5595168
130539
-10682188
-2771193
1314226
7196949
-7886855
-1781146
3039937
-12017664
-1847768
92884
8229542
8052493
1030945
7177586
3450930
1677005
-8631922
5167917
6646136
8491048
-3365264
-2305099
7155822
384817
-2139816
-296160
-10417026
-360506
-8344153
4523082
422116
1554148
6042940
6057268
4440327
3197736
614094
-360464
8078707
3253367
-7157506
-2340907
-7425198
4042950
480048
-2741060
-3306308
4029914
-6668215
-429703
-12128320
3692140
-4491919
5954689
-1162408
2760351
7653732
-9311509
7944412
642122
11283423
2921083
-2315568
-4633157
6852654
97686
1449750
-3200149
7970759
3905133
5011948
2288454
5212672
192395
-6008079
1038202
3226878
-9388079
-762536
9137493
-775503
-414223
767731
6419924
-4793020
-89574
-693524
-10435173
1105756
2105552
2095161
4981462
3757172
1074341
5252076
1704943
-922644
2837621
6479593
3389634
8171584
-4839193
643529
7500653
-3658919
3494092
5298306
6577876
8290122
1591476
3128410
239532
9291610
7432744
3330133
-2150097
-2979078
-8193650
5405026
-10986738
8271035
-8611200
-408360
-1926046
7038871
1552819
6856921
8343190
-1985488
5762778
-7874041
2167402
-2501645
2229556
-7611513
585912
7452101
123350
-4748836
540226
258958
1924284
-13268649
1436098
8952476
163920
2157089
-12593594
-3140577
-8214896
242783
8409610
4818764
-10669390
-2705586
-8673232
52750
-6053344
8594322
6206412
5440330
4668178
-8443578
8839277
143637
8484374
-2062799
-6072798
-12025904
-2239974
5786398
1752798
-10499369
-1455688
7801204
6397694
7525737
6082444
-400843
-9219920
-3922571
4239357
5943263
2050091
633509
-2083570
-2859397
-1719936
-481145
-4909492
-5727152
8104929
6933607
-4980372
5737175
1930821
-1556209
-5269035
843716
-4235533
1197628
11183023
5270986
-2835907
10190377
-516153
-3129717
8189532
6232910
1301369
1954533
-9235848
-8289316
4857249
-100005
-1068850
-9566192
3091958
1252663
2405640
-576782
-427668
1053278
-10184590
10789642
2981327
1348902
623576
5571822
3944434
8753194
7633727
2807918
7631335
6492375
6776786
7290196
-1493512
-666427
-1344402
-5135456
-7471923
1790066
5370487
5859040
979077
-13095145
1086298
-748275
8677325
1625125
5339823
5933616
-843308
3620835
3006354
1591772
5725258
3029570
-1840904
1633627
1457456
35945
-12025581
-4349579
7112362
-1888747
3360837
7689778
400496
2817141
6015023
-4411940
6995288
2220760
-5404366
-11715667
-780829
-1261181
-2070028
-8550261
4027523
1827816
-1696010
6383587
4161035
1761810
5682891
-10326516
3925648
-3097904
7242216
-1703270
-2045678
897240
6879765
4634672
-14364
-1779485
-2955196
6975543
5390566
7143469
1969783
8571262
196130
6647430
1775845
-3454840
6533141
4591033
6103309
-355925
10355239
4553545
-62642
2947924
434297
2289278
-8838562
8641789
-2518102
-10195457
7383067
5079627
5515891
6220789
670398
2033217
3217391
8883165
-3274243
-2403069
4570383
3370509
7601891
3168487
-938430
-6544783
2083787
4919384
-5969082
-4897355
8856850
3313694
5531168
745182
1347395
1590903
5401375
3998327
-8322728
-2781999
5565454
5390461
3192728
-12629812
-7272050
-11190093
-3676051
-289419
6821439
-1279203
2899660
6812135
-736957
6547501
-38728
-227426
-563237
6914670
4768898
-957949
5012780
1554862
3888456
3821280
5030128
3126556
-8348943
-466245
2513777
10715585
7219608
4976447
-2117212
5233191
2661733
5350814
-748022
-7467353
-4815093
1134369
-8852266
3874576
3672553
3715047
9322545
-3912959
6143368
3675929
4838731
97360
1027547
-68458
-7759711
-9925832
3600513
-173795
5703851
-6123767
6600725
-3882863
-8635123
70107
-14397216
1307907
-114581
5956701
-1078218
-5089533
-772921
4096888
9635799
-6427728
365697
2066887
-6250302
-4752641
7930044
3075569
950228
4986921
7870163
2023451
1328031
10451773
-8043685
-3131316
2994879
7813175
-9634978
-9692422
1755819
2614762
-4913421
1590665
2304376
1370716
-13164781
25521
-2970296
358199
3096709
10946308
1424088
-6224294
2578332
355359
7373259
-3200965
-3034474
2544190
5861672
-1561643
3058272
-10033599
7589979
1896140
4641245
-13219189
8876838
1763559
-9054748
385957
646261
2462210
1313360
5961293
1016948
264308
-12854381
7780780
865697
6998012
6133922
655039
5810937
645714
7779038
3554226
-155527
809613
1416913
-1663426
5987877
3347840
6702554
3874302
-338698
105492
-1425962
2139934
849295
-2803087
9469686
-533938
-11097194
619986
4594955
3254025
4365100
4753098
-2078526
-8636433
9542397
-9473180
5974679
3707327
7698753
-6504173
4137648
-89395
4329770
3201423
-1766534
4316144
3473351
1716872
524887
3217297
4344336
5626691
-4388467
-958803
-8144548
335339
-10317995
-11331811
557301
1503819
4614192
-558010
-5382765
881661
8234523
496098
-8777531
3207388
3197249
7193762
1021972
7517711
-9906896
6029337
4439929
6418310
-8585806
-602169
8049547
-9087133
-6109437
3657522
6052068
3369577
4127637
2028736
584082
-3677721
-12338563
2379372
-3907862
-4043249
5586771
719176
3418261
8881336
-1139260
820286
-2473450
5868796
-9977664
-5850862
2008826
-1191273
8227624
-2858392
-1203591
6667169
-4491600
7032699
1884492
-1022143
-7126409
8356557
3070005
-633204
3766782
-7145029
2071371
5080602
8383832
-642589
-4237379
3738761
-350283
-299660
860344
-1245147
2118744
4311737
-5513125
5774224
2571000
6265298
-930065
2558617
1008599
5510080
-3125389
4693110
1258575
1179805
-1315733
2936695
-10699097
7591669
-1595395
8171840
4080144
1920197
1008480
2062123
1039057
-32725
3873862
-1595650
-4236216
4859978
359591
-10105562
5423256
187826
-3577936
-719656
-269300
6113232
-88805
-5316109
6881834
6991535
2374136
4333785
-3279339
-7867071
-809663
-4138192
789449
-1362110
-1468662
4932601
4118632
-742921
4804076
1892011
584031
2450275
6328000
-6489806
7462639
-4069534
4679181
-7913858
-715415
-9121576
102631
-3476848
1595799
-2536506
-266454
859514
4868615
5598355
-342642
838213
-2150903
-1795973
-7678314
3578574
5422321
-444785
6538516
980853
-543640
-380365
6374400
-26766
-5705438
-559904
2992917
-4154488
697873
5242785
7822484
46464
9527860
-2996575
4428057
-2971741
4360754
-1067893
5412105
5914375
5789759
8378949
7253199
768764
8200092
7995457
4202654
208706
6693994
5641591
6742888
504029
3965595
2061267
3869094
-5796924
-7504229
3305749
3088839
6780757
2445485
59438
2091854
-3589472
2051445
-1484973
-3136312
4136185
8793046
-1866088
587317
6477083
371250
1782076
-9802983
3501325
568530
-3414832
324363
-692986
891895
6840117
-828188
5549743
4873102
-3420921
5381583
-3862451
2979159
5197513
1015668
6192184
10194450
7285271
2778164
-2596653
3413157
-965236
3275641
4147698
-6507306
10235109
3144654
6120682
2554171
-1175100
-8296679
2520055
-5320696
4731352
-2127348
2809390
1674845
5232924
4624821
2122025
-1742525
1414636
7493317
-9295677
-5982497
9221286
3595537
-1193221
4450090
5601086
8143926
3050629
6582439
-6049566
5756957
3130179
-914239
2065246
5582784
8135012
9602119
5213911
3210169
-904597
6718990
-157599
-1991677
-2983168
-140629
7378143
-3258424
-2885388
-4431023
-7511413
1465366
-878620
4380998
-4605597
-152593
6040371
-1607527
3759024
-8503288
6742286
3993748
-4984249
-12873828
4596391
-2521554
-405200
1430816
2938983
2859802
-9786207
5044779
1093413
-8999392
3550363
4545621
-1992983
-587685
9069354
6456757
7633183
-931694
2970859
4543600
-7917870
2401438
-5089554
-1951859
3172236
-3651253
4686269
549941
366270
884685
3505521
2152519
5370912
3283970
5823778
4964661
8400439
4831653
-5112928
5092076
3676349
-237360
-700941
1335324
-297204
-2576154
937712
4376180
6297949
9456004
3326445
-1928272
-7393801
-2195909
-10456312
-8303272
-338523
4599258
-5489069
4914847
1714773
-528282
10097514
8027451
5714095
2391746
-9688461
6454177
-11610289
99675
8324682
6497439
2524832
2572073
3644881
7971465
5095693
7426941
2012006
181775
5238660
4137849
-644136
5503478
6727733
7150011
-8863824
3580946
2958112
11655
6292787
-1013977
1548914
2940353
-439575
5440848
-8514294
-2626572
275852
6441856
652330
10775210
3129302
-9434301
-3536875
-4373255
-2055524
-365575
-864620
7158135
3753132
-2305657
3230492
5239831
1252450
9807839
-1544027
-4880772
5467278
1395270
395915
7132224
2427476
2821697
-366093
7228704
-1214380
1817862
6615516
5271744
8395836
7307521
1149665
-3041461
-460800
-55437
7411533
3292945
5408765
1551035
2550530
-655758
3231148
5324528
2139709
-6983967
6617925
6989383
6540995
5578517
-525251
-1119766
8655100
-1336893
-326604
7671762
4782836
-58452
-13356682
-743446
-8514066
-2324053
2499264
-4454897
3000040
-7768589
3690832
-8776578
-852983
-5021436
-5141524
1763890
5504385
-5380171
985175
-2454863
7962000
7142361
-9142602
7837358
1080020
3292571
-3435193
5694068
5445684
8442686
11029228
6259194
6446679
-3638698
5859696
-1615753
-7521623
2086241
-8237557
-12910635
-554620
4281857
-2904662
-4028846
-3552456
6456276
10282876
-213312
-5990348
5126782
-2448082
-332724
6775823
284595
5420869
5140560
5097195
4370952
-3145462
571460
2821492
5515562
342603
-6738037
4242257
-3563020
-1262443
5628868
11019729
2320156
7442155
-5766495
-2293621
4662877
-5194987
1574686
-4434680
3428841
4214342
1712592
77716
-9442239
5821878
248028
7056642
2499061
3697488
2733007
4740756
1885324
-376349
-678339
-2645782
8955515
6099371
4236072
-5922608
1434495
1000804
-8937505
5379863
238918
6384115
-7181652
264558
-267534
-85123
6293528
1131101
1270275
-96258
-4783674
1255621
5972009
9796712
-8577483
1931248
-1942188
-8961718
4421873
6260492
5433414
-682978
-3365626
1454144
4378856
-510295
4238997
3624816
5687583
4840109
362126
6408282
-8992993
5339823
3032120
955312
-6320675
-3951254
1417418
4659657
5518860
-2996586
3705893
-1550231
-8895647
-9839525
4606629
3295736
4791059
-9318478
-6215083
3427489
-4540752
-760512
1603773
2722845
7402195
3359012
4600066
5616175
-4323002
7850729
8897520
1054077
5751558
-672136
-476292
1522395
-344013
888990
4349715
3553434
-1934880
407362
3183133
444021
-12670996
1799960
1388502
8355352
2995594
2719430
-1270395
7340137
-1514211
4777348
4647716
6379032
2753406
10049978
7080585
2456579
3362444
-500562
3633182
4328325
640218
-5931659
10118167
2269093
3822689
910762
6555215
1759215
2122067
7990682
-94077
7106240
3830016
-3195146
260537
6470353
-3556929
3894310
-5519114
-6847020
1956671
2066197
-9979232
2958629
-3457805
144429
578036
4287677
-2717093
-5485265
2855067
8362457
1995014
7022559
-528108
-3779302
8945604
519573
7102791
2321122
6589456
2534696
397001
-359126
-9083326
2940358
5219120
-2362291
3722464
-9475574
-531784
-134609
3740463
758373
6806484
5003437
4352038
10869665
7873094
660556
2874950
-12652074
7832036
4482214
-5917557
-2911185
7436100
858441
-4312146
4186565
3497126
959463
6746569
-13047762
3146315
-2827888
-264328
-3483604
2328005
-9870798
4658392
5687392
-13442650
260450
-563784
3504878
6428629
5920612
2037410
-11947655
667650
-4751468
6330762
-3035680
218571
-8557156
-6936880
4205602
1523127
-7667049
-2933043
968010
7612358
-1176746
6779846
2836350
9251199
1042383
7802860
2358394
-168081
6615135
7084403
4013765
2708214
8873573
5365848
7835243
1658126
-3708710
5927367
-10281241
-2230265
-12288480
-9723104
642818
212379
2591196
1153590
1630595
1605859
-1860328
19480
-4885411
-8934636
8274144
2315991
5068880
1163576
-9923188
-6170673
424373
5101110
480580
-8530278
5137801
-3247281
5156730
2058082
2148527
476664
3677908
6532267
-550677
-1726174
-1443797
-33214
-5251800
1016122
-2382098
-797918
7101268
2461774
2892811
-2372339
1091623
-3970178
5734991
4080532
-7004372
8459256
-1721303
1315551
-10081799
-7950582
2207954
-1508787
3031977
-2207065
6469522
6108423
1931444
-667023
50505
9460274
-5874848
1821820
5460793
6257330
5201331
2696050
3491280
3175953
5890484
9346317
7610088
196842
-1195625
6793300
5027983
8558631
2489619
4814045
7551712
5632438
-1481525
1805490
8107306
-4045523
713681
-12319669
4734031
4413965
-5521858
158668
-4786121
5922640
-7519239
5476071
-2135372
4803107
1175112
1474353
-4333572
1737740
8648037
-8464077
-3025643
-6299089
-110500
9612772
4783807
3231123
1703117
5518737
-777930
1490263
-8740469
-10709092
-463703
2385727
-3452132
2339427
1439384
-1326601
7113013
2815856
-9526134
-13232625
-551093
-8160796
-5990170
7728098
4367782
1058090
1528079
7385896
1957488
8590337
9291233
2433395
-2702916
1751457
1365913
5460165
511351
1794038
6422765
-233480
-491768
-7552444
7387033
1764655
2472065
8775743
-6085379
719030
7040217
4668723
6212315
-498468
5567808
8205929
-3118747
1934204
4711359
1495531
1443544
-4875204
-724944
-4485715
-8533763
-5393076
5218543
4976844
3355257
5396071
-9676889
6660419
1266391
480573
6349437
5033848
2686071
775873
2280739
136665
-838816
-2265151
1361790
-740229
1513973
-1940233
9255900
-585823
5493381
-4387852
1165634
2212191
-2619357
1843701
4549509
2473177
7749108
3245868
-9153671
2358715
977501
6366820
507467
1022622
-3827550
-10256389
8700287
7213409
8724920
365413
-6238351
2263070
5756036
6010879
1239077
2411405
5602505
3560664
-4482646
1345470
-3502736
5526877
3101855
-6025791
5046093
-4519101
-3663097
365790
1657986
331171
-229885
5849352
4721674
4847885
7245801
-181888
2888623
932597
-181782
5735013
8451068
-3908595
9400752
8740205
2696301
7422650
-1512120
6442101
-9069229
8963550
2979287
1466795
-12212327
954349
-11793164
-1651683
-8662599
5532343
1833588
-885743
-8439016
4164086
4297280
-5486597
4529129
258336
6768655
1724976
-574976
-7275538
2862677
-7282331
4299313
-3260088
480579
-2851449
1872193
3590562
4036203
-4371129
4736437
1017132
1957345
-482555
665664
1156124
706282
1172873
4422696
5178373
3569216
6157965
-4201894
4739211
2786974
-7006560
5519541
-676845
-1705263
346169
6894186
3544546
1430308
2206620
9864
6257337
6931332
2684256
3501040
-12964897
7338260
604512
5412704
6213
-497139
6152778
5148517
-1705092
-2262624
-1696178
506064
-38689
-12630858
6852550
9444730
-2314962
-299146
2317765
8333828
3037902
-1576574
3523043
-8961292
8399940
9279311
5285498
-3004434
-8609263
6185144
7361826
880609
-1369020
713020
7962370
4472973
1327982
6640160
259789
2292838
6318794
-7863271
-10749897
3192599
-4238680
2616277
51030
-2409425
1901539
978751
-327193
3018736
-8638451
-851372
10277314
6228611
726032
-4008708
5364917
-474276
9024720
7117650
-1425202
-7957424
-4910705
2993509
3344928
5517050
4510564
-11393739
4712356
3228371
2663477
5264918
3365121
2653812
-3503323
7309903
-10464654
-9076083
-8565035
4308274
-1158188
5899667
5096775
-10332901
-2097879
5876636
8071745
6282484
1008460
4205706
3843556
4349703
8199651
3428981
-2187336
5757571
-3407006
-1845070
3234815
3987956
-3606680
6623409
-3613404
5600945
-3070934
5733946
6460696
-1653497
-248012
1148745
-1325150
-723478
256150
2832757
3841937
5043856
-9104551
3207288
138864
7022298
-7411032
8230827
-12621072
-5229215
187123
4784489
3912931
568440
5728355
-5145554
-8388709
-6985894
-3069729
-6176220
3797841
3223422
-4918453
8562088
4772605
2808115
-9498923
4384823
1191384
10575556
-553383
3043707
7297446
-10246628
-10541495
2830462
1630173
8758538
848397
6708233
3231032
7382430
1094651
2326284
3506149
5005669
1933498
978623
-14463013
10137190
3472594
3952538
2394838
-2077323
289077
-5526430
3335457
-209075
-14163560
-318961
-1174609
1350856
4375277
8274533
-10681163
4397915
-11665000
-1292975
-533404
5484684
-3972705
-3451524
-67146
4068839
4350975
1036136
-669698
-7663248
5029480
-2860417
2608323
-2919067
8691303
3734296
-1752459
3480983
8965040
-6848847
-7644488
2197524
17268
7883853
-12622234
4443368
4134515
2299764
4837534
-13381633
-2099172
4482528
2169913
1145715
6505621
729967
542918
448370
-2941194
14904
2492744
634992
8063654
3486110
-10065024
8356157
11531356
7243319
647948
3619733
10176451
6511131
4152610
-10301309
5766751
-1887114
-2214882
2967208
6822841
6396571
3619079
6035596
-4493555
6576010
5846910
2565466
5480514
2321346
3011041
-1323052
-1609210
7856933
-1143539
-5030998
7007694
3366129
2472400
1630016
-2182375
-3976311
4744918
-8510611
3893355
4035539
4459529
4912784
-290017
8036283
2435159
-8220177
1845392
-5628675
1425541
5205397
4196922
6581899
289292
6511452
1066775
2178091
-365623
329344
1542446
7821426
6923887
2206721
5358678
780659
2405248
-1562062
-2695448
2303440
-142466
6052895
4338800
2660283
5427364
-4205159
-7855997
1733383
2931523
4075280
3069180
6332968
3405115
5390466
1534405
2628282
-11441
4802898
-11861089
-9328788
2251426
4362209
-452305
4297476
2620840
214099
-1720852
-336603
2910882
-9470989
-462521
3299268
3660134
-1207485
-1356008
409735
5154037
-1211452
-3280402
-6592664
5199846
2223932
-4035446
-637736
3034428
-11881426
1405951
1313647
-10840925
1763489
436533
-2451923
2830490
-331397
7075149
-2543351
-1864728
7451282
-999314
1664289
4177626
9593643
3209023
2095810
1414776
8825384
7186324
-1192459
9774773
3931398
6133704
-2782673
-141040
-6177482
9539133
2545657
8643693
1364751
2535012
571569
10027066
-3112785
6353745
6045269
1110574
-781051
-1223224
6374435
-9274041
8020644
200712
-4457953
1903067
-8409774
4562584
4221802
-6852669
6810554
3149524
2179272
3344908
3527637
3218087
4442737
4778584
764172
-5852169
9723489
-490638
-9682217
-9697996
-48325
6462836
1353009
-6357101
1407127
7744841
3926966
6489831
2012948
3884741
4596742
2520552
5141204
-2686917
9807273
-11468851
571050
7105352
6422097
-4712612
10369549
2244950
3354129
918438
-10206665
5082193
10479849
4017897
986097
4127209
-8013589
-4707924
-147828
886705
8104301
5120028
5788983
3144816
3923439
-5779653
717949
1050975
41185
4910369
-6446019
-10042704
-270884
3040608
-2170663
-893867
4875229
728620
8546325
-10558
-117918
5092991
-1788320
7265546
-1256959
1276082
881294
5550596
3573904
3252010
6401950
9372213
-7468950
4197749
-6810582
4110484
2400243
1294323
2208788
2152182
324578
959529
-5200603
6424898
6972547
-2850457
829561
5056143
4673333
370355
2618423
-3958961
4134178
-4049464
-11571865
-10596479
-4676931
5783579
6890174
6052899
1268481
2967140
4031029
187337
-1533352
2930585
4098223
1164025
-838847
-13401400
604139
-2145266
4210534
3386390
3657714
3272674
-3335386
6357366
2659050
1689011
10210966
4392430
192568
1205419
1646382
-145547
-2411085
3016717
5331356
-294934
2072748
2941051
1608441
1799908
2195519
-13266439
-3514010
-319411
-3151839
10692
-9555006
4157658
3139652
-8417505
733928
-9548514
6353201
-4863718
1154667
-7647722
4031478
2788401
-8084996
-5439619
-9795551
-591470
3979627
3756284
-9931144
-3342452
-462025
-2534301
1730124
3186714
-10551544
3774262
946323
2374518
443356
3615177
-2103382
-10298243
-4254272
8361045
-2398030
6732358
-293861
3596506
2578315
3308874
7033769
8070738
-9320364
3624121
-1678883
6226218
4404173
-1068143
9241240
7488257
-5705898
-11532982
8934058
-7776823
-10638223
478173
5866719
2453904
10014947
-4183231
6492197
9566073
3559598
9372777
-3415572
3311621
1839480
2020655
290701
7309788
-427904
7505748
6165253
426316
-549567
-1594390
2832059
3041403
-1118208
1125508
501452
5674454
905992
-70781
1274289
-12204517
3127003
4303152
-9466792
700482
5774426
2804554
4056054
5902923
7688455
6183975
3119486
-6869323
1489074
3839000
413172
6349311
2656483
-5429484
-189610
-9560973
-1027988
3659272
7081913
-2300693
275215
5850338
-9496601
1595242
-1512979
5759385
-3077604
-2167381
-714890
4244751
3108261
8316993
3625677
6062037
-6806592
3308894
6479787
-9902073
3986121
-1080493
4135470
-6505630
6369959
918310
7742601
324296
6805662
5844006
-4847916
-3322228
1881438
3967834
6332324
-796894
-210856
-290626
6403847
5096984
-12224054
7397535
-1301081
3316074
5017711
2064877
-809030
8145876
-4612400
-1016207
1908480
3498114
5938613
4527411
-8537260
-1096138
6105802
-4273422
-1209484
-424945
2992698
-782310
6161639
1557090
3059453
-1203633
6532038
-528279
3177945
-1432390
4282115
6022476
-9133763
5546483
-775364
4507954
-3920284
-1350101
2658740
2925203
4962631
6798327
70435
8498341
-5901906
6501822
-1588323
1295080
3215838
-9478776
5412621
3059048
-8046228
-4997614
-1966207
3237537
1671621
2495048
5617768
-3165150
2222906
3097908
2437520
5394597
4058889
-12629954
4725941
713974
6403347
-2760608
-946547
-2431594
1726527
3288336
-11858641
-1316657
-4057892
43883
396848
-2582365
7549665
10071206
-6236606
-3928912
-901631
-451713
-10417867
435647
-3312641
6492807
-6407611
5780924
2710934
6026841
4366846
2735950
8708046
-4518637
6901353
3370125
-8881664
4196535
-4995311
-4197289
3770008
3512869
1556155
6216461
6648574
554862
7872083
-210562
4725534
4468575
9830153
-9660838
-4748929
-548792
8962978
4767722
-1254972
-9007567
2661328
4748566
-8478326
7389284
-13241308
-7227610
-764995
414877
596029
4295687
1066637
305516
-8401626
7770062
-2124623
4977453
7167376
-9794645
4349330
-2710754
-1195096
-1367989
2837630
2574591
608965
1138409
-3510120
-4139965
7315218
446142
6814555
446962
12053231
257746
276897
-1242636
8617742
-155758
3676433
7406586
6612259
7934620
8464234
2424176
999943
-7155644
3510833
4389402
2019082
-2176851
-1077644
535143
6824273
4169773
3856795
3441668
3039587
381523
1077733
2007512
9216157
-5340833
-7652547
2413054
4495147
3249895
1095335
10659130
6840971
7660587
9584119
1803703
707117
649362
-9696221
5068531
4387905
5261643
2420197
-1648628
-10477041
5082377
4996972
8776364
3803342
-1038547
5591756
-5018518
2873989
-1549911
-6343282
9442887
7563972
1391561
3735972
4640431
1489330
-478664
949325
-3625434
1154715
6142909
-2303622
4985915
3715602
-9364937
-2931873
-470844
-1164922
-11691042
-4065394
3883787
147460
7159071
4959142
5561513
-3035012
5516715
2746299
3249801
7294410
2069228
-4960994
7337600
2929046
1219405
3855729
4547605
1169611
-576981
4127887
2476191
2835266
2662933
52493
8354134
26748
6091891
5873849
7313594
5252666
2862251
4006597
-764081
-1480201
-638457
9387819
4792505
-9068974
-8284536
-4178056
-1355091
438613
8469208
-8697945
3699524
7248831
-7742904
350592
7305070
1127151
135539
4495655
5537492
-7910376
7101061
5753792
19447
-532586
-791478
2458998
-3104500
768785
10397395
-1546942
5690050
2026039
-8697006
-9117017
-4485975
-5054313
-3335558
-6852616
-2116548
-1084913
-10563004
-2648593
3913576
1101376
4403870
2903908
3411881
1062093
-4588116
9315220
1663272
5606878
7884337
5028436
1258142
7281305
-2462884
3114473
7889138
-387072
2189055
-454752
-6104779
6388670
-4816918
-12711930
4262858
8600956
3745128
6272756
-9935965
4401776
6704821
2834750
-2254891
191290
4609403
3011947
4302792
7968499
4729131
4816774
-11945788
-3390275
516533
7541846
730166
8708
9751124
45949
8522362
-2458287
-3428701
9602046
-945740
-26185
3771809
-3269931
-5292540
418578
3914692
1227614
677757
-3786226
-2456774
-2673578
-1663431
5999945
7063141
2551466
6651150
3760490
1603450
9420794
3190977
7076237
-70082
-3656559
-1681943
-4123096
3413156
6423621
3987431
4257814
1877484
-214353
10516295
-3482432
4151607
5919236
-7114608
900095
-1152170
3169009
-397888
5276110
1567915
2078548
8700795
-5234919
-8534632
1023379
-3482453
-8569715
-8577901
8810481
6215511
3757255
2131001
-4187430
730367
698312
3048315
-6456303
2885968
5591403
3388003
2570377
-8397164
11917916
-6718556
-2980978
5167747
-7866069
-1815346
3189529
6103300
-4597494
-159320
3330311
-452380
3495932
-1006736
-3976667
-6154258
-2841378
-5068445
-2625031
-272144
3343717
4122975
-11372838
1435630
1415137
1608664
-88497
805917
5355929
1055488
-4452412
6193774
6314315
5791387
-224306
592878
2805051
5335898
-6011147
896762
-11373648
1864478
10729746
4047727
3342181
3252047
7863250
-861895
-282786
2799086
1601569
233411
1806015
-1204184
1608242
-6165135
-3501541
3562724
146284
-2311763
1969303
-7926533
2621676
3555755
-555441
355547
3563572
-2983565
2267987
-3997051
-374594
9760433
5506554
1488397
5099769
5438709
-1729322
6480008
2413543
-12695465
6179301
6105656
4835160
8322198
-12294305
-10574876
2314456
2649466
-3900398
2249354
2338266
4772923
-1957666
-4560932
2511342
6409145
500255
6215068
-2686874
9541632
8276365
-3247840
2352022
-3198798
-43878
3594779
685468
2845588
-643425
5170004
-921163
1080907
-3185136
2173256
-6417292
671803
5945314
1374519
4363762
-7192313
-11095203
-1345134
-11791399
1801995
7441536
-9149503
6580905
-2986677
-12003735
2544272
4567315
8713873
8727430
-242574
1509253
5045305
4893648
-5523296
8241500
-207963
9324261
2870132
8029915
4586597
-2451466
8119309
7301164
2035499
8213061
-597816
-4676667
1272915
-2357821
-3523147
2599517
3398188
1011371
1553534
-5939085
-1505245
1827516
-3161086
6718509
563351
-11069396
-7209393
8603563
-1221998
6540492
-10507755
-2677098
-828595
1014419
-11207056
3406101
5125194
3180322
1784792
-778153
-1818386
-299081
-2257204
-12274656
3608162
-6516997
4914336
-1048485
4988889
2726110
1051272
3269715
-5770153
-8939450
-8067186
3145685
4262472
308961
2502922
7597307
-262835
4168165
-545437
891694
2540898
7474434
-12606712
1494520
5100350
-1658305
-8411375
733807
2431813
3031219
-806344
-920325
-373744
-6527950
-3650179
1979280
-1400263
2751762
5846282
3731511
1839069
471417
802313
2215948
-7243567
-799020
8363064
-3759020
6282801
1263635
797770
-248867
4787958
1650718
4351176
2744864
3325463
-155540
-1118341
3949998
2413307
9561816
2371380
2005653
3747029
4672339
214040
6227261
3409407
1408933
2529236
-1160842
5399779
-4159516
-5870025
4750530
323771
5647063
1775262
-1277687
-653021
3313984
-3713577
-8691594
2855239
-1669142
-1791146
-1356758
8598086
-267452
-9613768
6859388
7715011
7620512
-58196
3530742
-3176507
-1240513
3621807
8036838
913082
-1063299
-3356624
3917786
19403
3137870
4553955
-4849992
2965727
372746
180285
-1614291
6376743
2831701
4416186
3644274
2398836
-4857841
6519607
1685833
-1080701
-4434854
5285123
7320764
-3189695
2202339
-1551027
3050206
400269
-8505251
4213673
3559723
4298056
-3218267
-2983803
7718303
-4203299
2054804
-453818
1197797
-9771035
-456290
-1229118
6313879
5102221
3234535
2777756
3877062
-162306
-1734052
4890409
788213
2840577
4079150
-6318582
8463790
-8248712
608103
-2842283
6831090
-210179
-6807808
4985273
-637960
3826556
6012962
-3777109
1650849
313957
4532963
3685812
4839834
6618590
4363216
-12233213
7018116
1920810
2850804
4930242
-1723123
1954571
-234383
7382413
-8441590
3190668
-4810211
7509671
-4179748
-9163763
6492998
-5878021
-447669
5828597
6312791
582764
-3558527
126102
-8204731
-1733587
7041994
-6942938
-3502991
-6366510
5353203
6349903
4937994
3086587
-4880492
-404265
3747302
-6224118
3391601
10792348
4059683
4455819
-272421
-4005484
3392972
-7622838
2432737
5146421
-1523570
3435404
2440210
1439475
7266389
-943130
3441838
4683505
598404
3882354
-4831957
5164337
4875947
2889516
3271772
2564077
-1544201
-482227
255115
-10062264
2565097
3658594
1555502
9174753
-326486
6462837
-59900
6795585
-1062475
5170159
6260305
-3432362
3906670
4795070
441290
3970829
-540767
2550339
-8192461
3349927
-684944
-704185
2039
3267944
5672934
3002995
-136402
1781987
303515
7115748
-9172326
1724676
4850590
-5481591
4679685
6509015
-1126314
6680773
2803777
3220010
1456718
4337593
1889283
4132435
3413139
2596201
-1063340
1848109
7481076
-6969715
4811282
10687612
-7450683
2481549
-1457929
5406420
159487
6844753
5274041
-12979951
4283521
4235101
-8600235
-2658310
-462568
5379222
-11730564
-3226420
-8063029
2937524
2552698
5175606
3823996
-5678280
2703815
-2938183
477086
7910470
-4708466
2531736
-8272543
4969167
-626312
-2574237
256944
-148489
1482985
6879768
5848773
2700702
4942401
-882180
8192707
620593
7240461
3375801
-10642292
1873853
9407885
929367
-8808589
3506873
4682949
7998735
5133650
3474193
-8738856
1432949
3108294
6155010
6424161
-3270819
-3952814
4497109
-6472029
1733443
-3997852
6847659
-491775
-697775
-54697
-9570559
-8549894
-5405656
4048864
-12102726
6650369
-10818150
346966
7911609
5345850
2851609
-8583293
-1228338
-1466278
877776
-5335722
747474
4686538
-3555197
1694201
247207
4361672
4115794
2814013
6320475
-116137
5323686
-4342102
8702843
2411890
625592
7300834
8040034
-3969792
5815152
5454043
-916049
-2446019
3667829
2057244
-9020327
3200932
1756164
-103495
5768486
3908479
9189134
-754743
9145641
6654466
-8566497
-4604845
-5951409
2047124
7802709
-1283530
-12337421
1294136
9868421
-398384
-8983677
-322568
-4347740
-8350542
4604819
-2133887
4953906
-3657687
1792861
2036774
1443722
7021555
5373184
8794023
7351434
-4967796
-14778
-762861
-4657592
-12381269
-7907884
-4723725
-1545016
4894372
172380
9059181
7671075
965548
4560199
426139
4359082
836587
2989181
-6009635
809628
4984043
6177614
3387738
1741022
-1447957
-8281568
-605313
7320927
1744567
-3494951
4482628
2058356
-1296354
-3392049
3182552
-8595915
3484839
87675
3970936
-6132856
-8895589
6827410
7581668
6681301
6754790
-5744314
1921712
-3485764
-408887
-9631512
-10415301
5358965
1786117
-1183949
-3250111
-1872513
5093345
6572594
4245921
1196486
-5633192
7286031
-5729880
1819599
6482345
-2726005
-1909983
8275961
9363804
-793205
-5567033
4167255
-3095665
3829354
-2027192
-3990272
4528365
8780826
-3169217
-3099726
4020247
905921
-172646
5215858
-2488889
1714490
878371
5669398
6260176
1641076
8429168
1187044
5293532
2656227
1080712
2176886
2917278
1264390
-11789729
1092264
3480860
-901389
2955949
-1837861
5870421
5943882
155527
6135314
3550151
-3565749
-84846
5753858
3427363
3707319
5261560
5252421
1372439
1734017
-9722804
4573900
425790
1909355
3847067
170116
7326764
-6151702
5237669
-6011957
9821267
5459261
1160621
2880505
1549454
2956042
-2191198
-51228
6588513
8380582
5223969
492399
1846733
3425353
693865
-1524150
-2274706
-11509402
7899269
4220451
6016208
8484068
-11293463
4554173
-8465329
582897
4513377
2903691
3824237
8445302
2592024
8438431
-1032254
-155763
-7506736
-2760921
7394491
2537570
1579337
3317607
5741281
5868056
6425034
-1463530
2185685
1367443
3208385
445508
9491927
-8104724
-6131809
-291176
8657411
6000233
5758317
8211372
6666156
-9399403
486543
2058794
-11816575
2021537
79506
8868193
984938
-5497781
-8138355
3793494
-3616962
11305295
827602
1423201
-587283
316640
4347552
5153478
4581657
617924
2133565
3835667
2496500
-4469279
6690947
-381263
-5001247
-3719897
6174845
-6778481
4654357
2692158
6829174
3661669
-1483357
3796125
5023444
4333140
-4659057
-2774217
3387606
-4467218
6656265
4137502
531159
11340987
-1461573
1942050
-1611132
5437401
2508401
1010248
3605464
-3046598
8462328
6916693
6981701
7718941
834825
-4555290
-4310781
-3316373
-50689
3822033
-11353497
9564140
1274155
6668466
-2012833
-9627169
-7143978
3680252
-6717111
5805800
60168
9954164
3912188
2373034
3772600
1307479
8512248
-8751880
4020478
-63858
1840565
875978
7656903
4578370
4648621
3425448
1872101
4300426
281069
2566687
3620639
4468029
3334529
8727842
569443
1084651
6204658
-1246881
4845704
1009780
8915529
-1173304
-7942423
988809
3290611
406053
251052
2492326
-8743013
-1579323
3512910
-2564024
-69350
4233088
6645841
-786917
7996846
2817859
414263
-2309437
7343771
7157523
654870
6546382
6052220
3216329
6235150
-6809455
6102388
8652254
-2056414
8933043
36804
-10328884
7117095
4733082
-722922
6587336
8113801
7016009
1552846
1725610
-564205
-6885464
-980255
2802874
-672797
-3410897
-723545
6681071
-673144
2861410
-9946113
8474025
-1185289
286971
-7423296
3996048
1932719
-5201544
-5188344
1182436
-12664291
-8873654
9764317
-6567919
260777
9118910
4451615
-3618361
2227799
4740692
496503
5801444
-8281415
6459095
-4718407
-5189910
1591223
-883752
-538808
2971465
9722406
-6687758
5015286
-1031139
3533641
-498053
-92148
-6070693
8185751
-1257513
3427693
3961335
-2628049
-7762974
-149913
1222511
8101920
6252605
827508
2410405
4080059
9779636
6206364
-2904559
-10029688
806178
-8063450
-178406
4128674
-3256169
1815703
-7957501
-2443751
4630839
5464643
-5516908
-5426247
372005
9279367
-8228545
2929016
7431830
2538515
5205476
6731678
-726304
-5529442
1884283
1977014
-1741734
-5426554
4657710
4060423
2880521
6252275
-8212226
5849641
6351766
934539
7592625
-6088488
-7931725
99760
9166862
-2985257
-202549
2788880
1488450
-2535518
-12992506
-2860143
9517318
-6733447
10498463
6251945
-9426118
3153680
-3955417
7813026
1138228
3065216
-4922835
-4647996
6904996
-1709569
3447577
9612361
3221783
-1236618
1596410
9419739
3437449
5989437
3437940
-4943874
3602827
4223107
-8945138
-824049
7157353
2580229
-481761
5603078
2353527
-970956
2393936
229180
724988
356987
626369
153330
6091794
-8106502
4133731
-895312
-4167001
-4754042
-6738951
5347887
3224023
1219622
48610
-1461774
6714720
-8906339
-1169391
4070098
3173293
2701128
3173430
606644
398339
-4869365
-4402054
-3544600
7188407
-4460377
-5698573
992255
5777207
7539159
-677902
-977461
4450432
-3518954
4751218
-12587281
-8570706
3632970
-8901018
-1660377
3579587
-1297333
-46770
-522214
2952414
7850091
-174720
5937623
1796068
-4672411
-5980
-5616306
1078839
8819905
9884470
2494593
3320690
-312469
-3599196
802121
-2093538
-10466275
1482071
2983302
-10022056
-6585673
-616110
-1801841
3619995
-1567996
-608652
7273880
2467069
-1265274
-1774554
-3157504
-1745739
5125560
7359749
2589016
5650381
-7148374
-5797481
5921683
9804601
7229888
914692
3143823
7902541
393339
-2832053
1084762
868813
-5419319
-10341471
7383248
-3551538
-2994874
-6258286
-7889034
-3535981
-2563342
3178641
2591868
-5725536
5365868
-5733037
4236547
-3134938
8439534
4703393
-1000369
6571723
-1529644
8563728
-944526
1451780
-2105449
7759203
1216783
2782737
1673859
4773222
-160185
8881591
-2498857
900010
5755755
-642164
-1980221
606004
3484172
-619395
1555713
5481040
-3438051
-3135256
-418773
6324846
3490004
1493580
733169
-11367105
8773351
-8253993
-689280
1036760
2732668
4031792
363012
2196055
-195601
982583
1299307
-6833205
-829035
-66961
-11898290
2073261
-8944525
-4696644
-5999748
1375389
983126
1261464
7888156
-9664293
6101834
6939484
11069195
842103
3301687
8915464
4758369
4381597
6325702
-11720981
27627
3486476
8342517
-424557
2268427
5398872
-75199
1717981
1458415
4358691
2438796
-3559892
-420234
-1218767
-757019
1060472
-3946868
3011806
7258171
4765554
-1437615
3014311
9736039
862858
7212477
10053169
1377606
3525047
5670070
-1366540
-3016987
5388222
-1153780
4131935
872416
7483946
6852506
512268
4336621
-9423466
9287467
-11294232
8507570
89732
571040
-5682047
3475880
4864012
-10021153
535399
-652580
-6247999
7221125
6215965
817068
3878167
2207222
7930376
-3786249
-1366774
1453317
3819552
-1942850
2007651
1831540
3676390
-2022129
-789980
3188196
9035804
2316625
5327256
463193
1187853
1583136
3559409
3374180
3159280
-776432
3951831
-1345571
9650627
-5607716
1783636
4161630
5801568
10541781
-39564
8923463
4149411
-4068863
134816
-1223414
-2373364
-5682872
1252882
991167
6386805
5708966
-8170154
1196064
1870918
5413982
6784854
-3612660
-1034904
-1666194
2828195
2656313
7732559
970689
942304
5007375
1014627
10974438
1921323
-12583584
-9563599
4211929
2095056
-4411033
1327381
1499602
5775468
-5426636
276110
-2745973
99787
8834763
-9110742
-442088
3046489
-9263446
4647614
6861117
1104058
494177
-12316246
-2921720
7208997
9435186
-12586260
1638955
4854693
1617312
4054794
2165917
-2070247
95564
5099831
-2828985
3344994
3705602
366495
-11042700
-3472713
-81807
2057162
-1405657
-4987621
2051937
4503741
-8527822
3025431
-2644068
-8363740
1755568
-6161932
6237829
-3907078
7512648
693369
-58495
-3376342
4547688
1421479
-11088488
6819187
7880480
-2465894
-10588046
-3707823
-3081060
-14114987
7547892
2853890
2450773
5373386
2843042
-4521055
6191628
3403265
-8157773
-3311140
1241643
4338554
167949
5091201
-271857
2249843
-1596024
4396008
5002597
-929444
1500772
-816057
-113949
3767350
3433336
-6926155
1403820
1537540
4503111
3305030
6485811
-1139374
2148519
6933804
1947956
1796182
-1852182
192273
-953943
1140848
6481785
7060016
4269733
4817633
4802510
-8388001
2658086
7030776
3585943
1011956
-1001608
4804633
9862851
258855
5077777
4053937
-5728771
2471574
4248648
-4876276
-151042
-6908154
3132465
4937409
6543486
7203908
374553
11133086
-122938
325740
3629906
-6535766
-843883
-549756
8960931
210344
4304587
485038
3037356
2997581
3346434
1807512
-10532913
-371695
-866174
104440
-11807877
4287333
-3716364
1794115
3919758
726792
-6457641
8147387
-562555
-6607322
6011012
11133148
3490565
2791691
-2274605
8306539
6643836
-4696478
2809223
-8712997
167745
2262556
-9307977
5015922
2971190
-355281
-7085346
-8566535
925196
4938129
2125248
-329219
5950905
6570646
-10951326
3472141
8866563
5775122
4383040
3235441
5801345
1743232
-2770869
-1007879
4547126
9026242
9037866
2381345
-3161294
4377152
8671641
4204222
-12325622
6521421
-607025
-464256
6387990
3541182
-3958757
2302928
2154856
-8065578
1916409
6304511
-2779864
2417037
-11881250
2539512
-305334
332427
3523631
2052699
7869964
2901370
-4493779
-8912945
94756
3152432
5663712
7785428
931402
-197353
2740936
5307856
-5972584
5446904
3209679
3898873
317942
-338080
6004413
765613
4501853
-93048
1484081
5142364
4631714
4640064
10484419
-358214
-3304786
708344
1506481
845422
9498025
-9621528
5844320
-10749449
-1594102
6810651
4337701
4780340
2088760
-3586196
2432505
772607
8750010
1250344
9170178
1963412
2916115
-1985125
-793460
-1293098
1208598
459788
-2964618
8047339
423359
7712311
-1447762
5212042
-3349374
4051301
2033680
2989942
-322281
-262555
6885689
-3032240
1143358
7500366
318047
-4141334
-411755
-894222
7496830
7612487
583301
-4360627
2552758
-145118
7243066
-4172317
4647292
-9081142
-1319980
-1468683
406231
-12437090
4681462
208831
6159329
-1964459
-1052964
-8081021
-31545
-9096201
2190232
2007971
-4900708
-8729948
514335
-2191355
-4297203
282621
-2563849
6447697
1826548
96332
-6192195
-509602
-323024
-1090198
2652179
9451841
2173336
5910741
403878
-277873
-1339282
2630555
4659305
-4097435
-671040
2215634
5572086
-8566910
4950970
979465
456842
-3809632
722649
3337921
3712659
-1932617
7771681
-68678
-227586
3710665
1348083
-12671249
4705928
3609943
53192
-6910190
7239647
-4608888
2951752
7030365
-1822458
6099917
-35984
4428657
-104885
-8528690
2971182
5995887
7802164
586332
-1124215
-1592164
-223238
1009639
1124767
6321275
-809081
1617742
-408563
830299
-3155848
-6046587
1878312
5702020
2712502
7076806
3983614
-2112515
7294611
7371533
-1083662
2234343
9264553
-867466
1681958
828810
4342215
710818
4644098
-1689168
5002466
1622618
6123200
5613891
-10487666
438078
968944
-292691
-6974142
3047100
-630395
-2531869
3063775
2247855
-107548
-897472
-8247612
-273579
-1153074
875760
-1576521
-799049
4761605
3583907
3954100
-8213521
-8066657
6704275
3321883
6516982
7489743
6261994
6288460
4253315
-9059564
-1923645
-1128135
2875645
-299643
-12301072
6371474
-526013
1644217
2932619
712505
-9404718
-2189175
625798
571387
1255745
-4633541
-1010059
-8958652
-3980107
2215433
5221156
5098841
-408186
4151715
4847483
10960186
-2179069
9305350
453839
4139876
-9195850
2310359
-9440158
-2680351
1464113
-737707
-8117477
6313553
-7783983
72638
4948913
2813214
4160340
1212734
1609204
5247936
-1709743
-6285231
-5879181
3348757
-7245945
-2760104
-3628354
167955
3717931
4379949
5558133
5425361
867294
3641773
-2249659
-588416
5018226
4431181
-8241918
-8670757
2034995
9176280
4867632
558620
-9084624
4414372
-227669
999723
4430920
7780701
2786046
7658970
-478420
-1212731
5348460
-716236
-3597787
3634574
1783703
2792585
1500076
-757630
3258596
-819864
-3265051
207885
1937004
-4079030
6613919
1659419
4813811
4298366
4880218
1521432
-1305570
1266673
3714381
8843449
8903958
4909864
7490724
2357591
5926096
1289330
4218020
-3199177
3419740
-9209829
6057961
-8972309
8044594
2287888
3911165
336846
4948418
-4488624
-9785205
2145160
4487949
-3468321
2451735
2546638
5335310
167101
10681645
-8878502
-10365403
5015731
6517476
-476482
1506963
5029122
-862496
4531799
-442806
-37861
-4594740
3945652
5578900
2779856
3499573
1141957
-7579737
-4529233
-5015886
-3922144
3599961
5315593
5155194
-544929
5768556
-589187
3891765
5996726
149990
-8525228
4304197
-687390
-256119
3582031
107472
-2709927
-7045456
3635597
2613005
6866325
3996515
7574305
-1874850
5785231
287783
2744601
-269354
3210598
-22169
-3136716
6357157
-537456
-1553963
4872768
-4323511
4986890
-12536162
6080566
4197403
-5871436
7335258
403009
-7314319
-3153129
3260764
2467256
-2667657
-2461152
6558781
3796153
481027
-3902383
-7977446
2762667
3596809
3529569
687251
8025789
929537
2635628
-8436475
1770516
7263055
-6587794
2148196
1119369
815365
4730059
4952843
1364984
4159568
-1399946
1964254
2365517
3842369
5627110
2616559
-9483158
-9352216
7637736
4048254
8835971
-433350
928204
-9493238
7459938
1884235
4044424
4549604
7590484
8311442
-199793
333920
4525508
6296020
-7390151
3725943
2272111
8394129
3978001
3476628
3681013
1167838
-2726205
-5398488
590704
6247516
-4929997
7233
-3153981
-376880
-3750788
-4448432
-808076
588140
7638949
2370290
-7681119
5896541
3697699
2424468
6190164
8983166
3716219
4594456
2391959
3035125
-5602016
-744496
-273617
3109280
-7923837
-3862569
2591541
4739210
6744892
10101272
7793378
9415421
4045513
2553507
6371987
-1018445
1373104
-7290789
4370992
1057476
-1507693
9095954
-871669
10389208
-1380558
6894295
-1183638
-13133242
-4426212
-13620673
-9741958
6961385
6020470
3173550
-4410875
6047243
-727705
1516998
5812654
-62615
5369786
-2192844
-3660774
299546
5591403
1994119
162475
8927364
10743430
5953085
3302121
-2453976
3550586
-1181502
2370868
3360162
-8883294
-8812537
-5895556
-9482425
373217
672302
-12511041
8785139
2431784
3951965
2943086
-4230846
-3222828
-6089605
2747640
2106529
3382432
-13197202
-632679
-565502
-10150848
2283201
-1784384
-13623064
6690200
2474526
5380418
-1232740
-7900363
1554429
-11937614
9994572
6934877
7688038
3784619
394992
4656961
-9721135
-1416997
5013500
-10038203
-8806605
4019885
3730860
-5296599
-1406753
-2290333
-8731538
5718737
139199
-11676330
6264637
-4049112
-1143922
6109699
3600509
1901229
516893
7953599
7463754
-3627458
3236158
1771096
-426074
1641722
812903
5503417
-1266208
1486221
-2307517
1194257
3353114
1573419
-1640417
-2011733
1796049
-2491469
7085654
6302891
1161550
7822345
7309540
6658993
481295
-1472731
-10474291
6974922
6734766
-11079554
6658474
-4907348
1718372
-5217607
256454
6425170
1103686
6086362
-5350738
4254954
-11152951
4317140
7823231
2108458
1554395
285757
-4350425
-493914
1136396
-913623
1935097
7183483
5033154
-249438
-1601828
-257824
-400195
5146489
4214757
-1589086
7513063
-728557
-158768
-817536
1131882
9063361
-8683589
-1995268
-5430748
4140417
2820082
-120691
-7409683
-1549461
7357732
1278218
-7255718
-3496022
-700611
-156622
6221899
3865098
-2546001
-2895731
-6179005
-2376785
-10124113
3632275
-3498207
-290213
2676594
-930800
8869242
1511120
-6122785
6717502
-9756005
2292737
-2103702
3953313
3981007
1114566
312968
3466495
2003899
2942678
6435013
3758676
2668131
-8912543
-285860
6793981
894013
-3068671
3886908
1769932
-3971299
2007475
6588547
-11355949
4197645
7919021
-4915325
6526873
9099815
5048846
5329997
515478
-7265877
-2634577
-9293557
11180425
2804027
4727773
1173131
5593253
1639302
3777924
2463190
1712262
-7695438
2506179
-1098657
1071920
3070583
-2110264
6798243
4303546
4241807
4250449
-9398334
259360
5730045
10606072
4851253
5929527
454886
7820953
1102314
-1368919
4981914
8135520
-277900
-8552580
1872311
1242616
-8513661
-965583
2280631
819073
9567114
184086
2923573
-2691507
9446942
-10989462
2149551
5462789
5863845
-755556
596738
-6675428
-869611
-10744596
1626148
285124
-4866894
6151433
5033693
8494347
-2509449
5112674
-4025057
6343457
-1720933
2964464
-416882
6631906
5169505
9089797
4984135
-8190878
-11338840
-4536243
3279379
4013228
4096086
1182975
230505
-666514
-2423442
2105540
-8294303
-13129060
8184073
8640564
6654219
4859060
-42091
47065
9033629
-5172388
-4192797
7930272
-1310516
-1271647
6377643
-9197237
1348399
147073
-6462023
2456809
-141586
-1320256
7951245
-469733
913006
3533551
-2116134
-5650527
-10660081
5168757
2348584
2940014
6297456
4006895
2250616
-4119260
5360969
-3354644
-12178245
1571348
2562167
-1815534
1102349
1053323
-6714909
-2437324
-1183784
-259615
-2040300
-1736790
236447
3638535
5539078
-761953
2932965
7215310
-673186
-112557
-10421234
4905265
1816800
5959045
7400660
7971837
-2696818
-702371
-278565
-7810594
2992475
-2024601
4703507
1562223
-4700645
-9708379
3080402
-648330
-571593
616865
3243524
2808593
431565
2855288
3268982
982050
1337148
3529958
-626472
5229570
3739977
4545007
-1012964
8321913
-1393404
2692241
1200896
3520716
4569738
-1254105
-4043404
4366464
4727130
-7271955
6137353
4585769
7166104
8300818
6073154
4679090
1975769
6131059
-2440871
4365043
-5136713
1429608
8488302
1176390
8568603
177732
1143316
212525
4900615
646327
-8951057
5835445
-7701753
1751669
-5559371
1220041
-119124
-3447896
5812983
943380
8574470
5178608
2298829
-4313206
18828
3142511
256637
-752450
-886403
1356011
2889575
4758844
-1659004
-3967678
1997123
10701207
-991060
2237979
3724501
-10496853
-1697682
411123
-399146
-7246842
1127459
7921319
-223267
497936
1789170
-2923541
-187618
-1546359
2825959
-45550
6582493
1600928
5670523
-8533478
7924296
2351890
941440
4486962
3043618
1931155
3178827
55630
-6111978
-9762796
-419587
5845660
5347716
6870146
4186726
-176821
1272553
1861543
1248285
-3123183
2551067
-5145683
766104
775166
6761943
-4128699
3688794
4027977
-10842305
3182882
1642667
1286709
-711009
-159811
-928480
7798098
-9463982
-171792
-4088796
-3355197
3409689
1166401
-10094556
9568869
-9956328
-1070655
-9658373
-10180580
-383478
-8425228
1212555
1354613
3399
1697407
1739874
-10526838
-3316069
7513463
834075
6918573
2915048
6355563
4695238
1145889
82825
5608253
5546784
-8720276
-6774109
-11968036
-2630160
2358404
1018020
-9824906
-4656694
4611901
5100456
-6197354
-1923789
-3265825
4213719
2445898
2684927
4728842
-3327035
29525
-3498127
2225123
-3200968
876855
-4527569
7866558
1907798
-3188572
9985439
-10197808
5980765
-2947626
2963423
5793389
5186024
-12142859
4378314
6235342
5076946
-8264341
10316902
3530210
-399458
32038
-7958123
4366406
5167243
7886174
4482446
3939652
1212624
378930
5782273
-2428549
2146413
3473447
3518354
2875224
3728108
-2888054
-669190
4830326
7512858
1804349
6177300
-1491109
7105479
2341895
-5519893
4042760
-11195702
11250764
3694342
2610880
1525645
3733591
4504492
-2007653
3381371
-5999680
3007128
1774815
-4992312
4878449
-363202
7471931
9183068
-4493589
968946
4148422
1933169
-9746022
4584766
-627199
-7478050
4581456
1349024
-5505966
1148734
961770
2240460
3751587
1539377
1520063
-7898670
3231081
3932949
4558110
-12175977
1934254
-205045
-3705310
1192043
5503200
-152916
-1427649
-2304150
-1366776
11622061
3562497
6145743
8300526
532896
-3794485
-884551
2712927
-644749
5957079
-224017
-9136923
524807
1020958
-1183113
-754691
464402
2868701
-765996
4468849
6490228
-5615556
78595
-6993712
8060105
5107904
4929471
3632266
5930312
-82298
597425
-819477
-7717864
4489884
-12530152
-5260294
443271
-3148805
771733
-9462760
-425621
4338903
-3874460
3842521
6866516
-143135
-7414267
3940505
-5056349
7679265
1223670
19534
1928226
-8550617
-3782215
5050455
7933307
-3170789
127906
-5205334
4211470
-4451467
-5022106
6235312
3882562
8663507
4194539
-4378395
1171354
2232162
-9134104
-1802289
6645562
2339509
2354352
3109324
8238054
5234718
5289544
-594637
4421328
-8835451
8404608
-9261960
-140265
-2683783
-8788415
2646470
6990346
753062
2225531
5596762
9093490
7795583
4465561
-7568512
-5280764
2600967
-1045345
3657412
-10218058
6625847
-9050901
-5752722
3524987
-604642
4654864
-4209349
-1814225
-4606205
1366225
6071935
3238175
-6142455
-12306961
7149524
5755296
9125284
-27465
1733779
1409223
2242524
-1102405
-6260028
3744791
2135183
-7840968
1609979
-245245
4924332
2421374
-2882798
-3258010
-9279676
-152481
3567322
2333624
-778625
3358265
-5592025
3891360
5896074
-5361925
6051867
394351
740020
6462449
8224713
752201
828864
228190
2549628
5308751
-8487143
-610326
661575
-9235491
-687416
5899066
7522406
227566
2435269
2408052
3437399
5955543
6759408
-7574479
-2996619
3787535
-7007751
-6453808
-4703945
4602150
-6128574
6582570
-642214
4119099
-1229651
-2240089
2125315
3557941
7585920
-2005881
1752351
-1911608
-721761
-349305
-3041503
7415779
2642574
3540038
159417
-2853331
4876292
3635498
6616671
-9407578
6717084
3018165
4113085
-8883782
3166074
6913058
6218173
-3568292
1079721
1984801
-8795
-8378426
6684984
-2320594
-3479315
-7044389
2996711
-9389077
8133599
7806070
-303302
-2505623
1329503
3082254
4683865
5615245
5978420
1463965
2840836
7091656
6973455
4085663
3256120
8932123
1585226
2506230
-5318649
5191513
4284966
-8682366
4581528
5840693
3286692
1176934
-2457916
5976177
2030841
3179583
6397911
690913
2169378
5951862
-4001434
-13387844
4318697
3847792
3880974
2479576
3455174
7615493
8005971
657632
5452855
-468142
-3372902
3104376
10022943
2684741
4266964
8436675
3791067
441064
3356898
-618431
7112219
-5514818
-478414
6184996
-785050
5457485
-517550
5574452
5861044
-6883882
2854015
4371869
-370238
-2166284
-10002963
-190506
-4165251
508110
6635403
2459142
1735527
-5883984
4088300
5737605
5966246
1793725
4804566
2830794
-4642657
1375311
-882772
1016550
-10363975
3660801
-6530024
481643
-923149
-5197684
-2663142
-1786698
-9598958
9444186
4247693
3525087
-6726909
5424141
-2746853
348299
-424998
-9105558
-7231894
-3597490
5506079
6856595
-9392631
-1517606
3039541
7055890
4429981
9235616
998580
6255644
9234161
-4470286
-833566
4862695
97430
9423318
5442188
-6379004
6187536
5652275
3841273
6683990
522188
-3885738
-348110
-234965
-5893710
-13029403
-2731937
4607253
-5480125
-7558983
2264566
1608276
993847
4860090
6537023
-2288589
4391443
-4088540
-2191425
5579247
-2163925
1327682
5915240
6730266
7065498
6303175
2612760
-8050260
-1479372
-104949
7987695
745581
5181177
4998468
475731
1848137
-362644
-400333
8719956
3047069
6237078
7918668
1843753
7495780
-827513
5386275
6285001
97165
5955048
4018245
3685561
5760487
3936212
6661501
6453629
-2239757
-912788
-1270056
-7410143
-8117934
8266262
853763
622023
-40157
-608233
3622624
-5103852
433315
4510891
-916724
-10015373
-7994992
2172227
1027772
9573800
7634293
-7839344
7436128
4485552
4387486
3765853
884597
-3926644
5594041
-13065299
-127485
2654505
-8959837
-276313
-1420767
519172
2809628
165866
-9593967
5254833
-10063901
-10136955
9227982
5131499
9162350
-1341350
2345939
5435074
6735471
-9458552
3766297
-691574
2070852
3253668
-185018
3464194
-9841459
6514624
-451230
-1003247
-335504
4822227
-8564443
2151099
-681374
-1649956
-149679
7147977
2850333
7088697
2142022
6272685
5438192
5674153
-9863767
-3421256
-8985390
5060231
3479331
4080193
1087088
-1873736
-2832596
3031745
-3482580
5890360
-1837548
56583
-6234094
1330541
-17053
1828220
-2220347
4056513
4753181
-7142269
-8541937
1001360
-9081322
2803793
5422423
3994004
-10874085
-594121
1399973
9154027
-603157
-9863700
4982547
-7708459
4990335
-4583370
3357256
5208696
6275255
-3595120
2497048
2736263
-9568679
4326444
482971
-895960
-3947313
4323245
1712770
2160471
4565623
4651267
-4018648
3506076
-686300
-6385961
-1502377
1801118
5454528
-340659
3911328
-9176978
3469801
8897229
136886
7647096
2168481
-219175
9652733
-2417076
5211608
-759772
3132089
3590968
4081594
8089823
-1766715
6818540
1357874
-2521073
9837257
-1819214
-4821220
1009313
-457974
-10854837
1750092
7507152
1699262
-9866249
2988640
-12396851
1599899
7292209
10570610
4308494
-4318920
1870951
-8169462
-1738796
-348080
-3298453
2687538
6570071
8606329
567333
8045158
-420729
-1878431
-600699
353065
-3641899
796514
-9344107
5927877
4017604
-9825320
6263012
2033827
7764888
-1887066
4377550
1304249
3645684
7568700
-4740405
-4770769
-1580957
-5450283
-4564240
2394222
2391463
8484486
1091989
5832235
-2036213
5545520
-4457265
2767071
4718193
5513189
4229853
11790445
7198633
6937537
-1422093
9647329
-117961
6096706
3258327
6380841
-3221902
-4841529
-1028131
6340989
-1977774
3677538
6400609
-4989219
-1475109
1417445
6423926
7475368
-3728520
7386904
4855528
1181770
-752516
962950
-8092326
-182416
-1249915
6250311
1376932
2458707
1061369
6306961
5536699
-11362630
1134082
1624279
2851554
-6928388
8587186
-1797154
-767548
5394
-924185
6530523
8915946
63341
3794145
-4420599
5298662
4069097
3656586
6689627
-1853012
3818750
-3143107
-1651980
-1967989
-4302116
-2750065
1822444
60639
-4887534
3315549
3521
425225
-6385611
-3700921
6932433
2434756
-3965855
5706534
3984739
-587234
7785900
5757525
7845488
2296841
586455
-2141619
-4932017
-2484098
2295078
-245691
2488493
2414179
3953325
2299186
5005981
-10421502
10860806
2518222
-11853249
-192363
2060434
-8861242
2772466
-1738081
-9054144
6196378
2768713
2652258
3747182
1229735
866070
1911428
-5742520
-69997
-3435563
884510
-1466571
-3373958
6027686
6537653
-1617250
82424
47408
6547383
3119926
3992126
2844820
4602905
5005046
-306912
1811806
3504618
7162143
7773981
4682056
4991070
6288250
907164
-552778
-2103026
-3420939
30406
29017
-8215178
-9927576
6368001
862575
4026992
4142700
-1159317
-3839053
-2865223
5943875
10130194
5043356
6785853
1443640
2097088
7647639
-4376019
4816124
-80762
287421
-1494880
850425
3528657
4052960
3759595
2323583
-7347546
1586373
317959
7349384
4857780
-4803003
2798759
9375061
2241708
3142419
-12727226
204903
1670478
7727658
466432
-12900647
2572346
4546569
5236014
1237919
8012234
-2985624
3586504
5093644
3407151
4089762
228001
-256483
8974081
6083433
-1552498
4521458
-306345
-2574536
5978604
1774990
448768
-1073145
-7178534
-994660
6223413
5093747
-707488
2816526
-6663172
4604496
5383557
8304750
-135347
4606153
936578
1011445
5037441
-6687717
-7865198
7451135
-5355541
1877312
3326891
5320697
174942
-4613959
263040
-311069
-7212966
5821933
429116
3493396
6615864
-2802699
4992489
3391135
4143828
-7727127
222637
35504
643596
6403949
3092671
7349521
-370071
-4258957
-413846
734293
1847196
4487500
-1997539
9391293
3585897
2696727
427496
-80629
8498657
3460294
-1824737
1824528
-1046272
-5920123
662691
4706412
-288818
4072850
-4144588
-1875474
4666724
1793300
6558762
8065271
-6975673
3043697
3819834
-12352684
6628
-431310
-6814298
2444476
3665353
2587654
2902475
1910696
3572664
3363099
3743666
8030793
3981628
-1397556
6319024
8979299
539305
5186842
7510728
1916558
2225093
7419858
-1016961
-259905
2947203
5408569
-8095111
-6473098
6556345
2779579
-3139892
8359531
-6679720
6636711
-2333763
-1629808
-5912447
1000416
7565110
5744962
1177768
10114341
3788627
-80599
-2428000
-6582475
3278944
9590850
-4559920
7220498
1046588
2579944
8978568
-1894541
-4396299
92200
6080143
1214990
6086362
7962612
5431602
2415318
4839382
9874732
-7658862
-644663
967115
9321194
5134182
-4152843
7898582
6751580
-3829943
-13907583
1824647
6447327
-10434574
-375547
1846865
5564323
3279925
-3491427
436408
7537401
1428552
-435872
-734460
7728995
-7491833
3409304
6590217
-3195010
-1505189
-8226087
9049134
4092215
5881458
3225923
6975366
-5203574
-2288316
7014648
3318755
-7238011
-11615566
8404715
6178197
1124477
8134901
-8098527
-10513220
9608302
1018126
2381358
-3603154
9729458
9337607
-316192
5787749
3607518
6434576
1778452
1726206
-7793438
-566883
137814
7202806
-7025012
-1196178
6129031
6308438
-6154142
1810927
1321208
3117026
3972680
1363647
-4704683
-4111167
9231423
1746345
5726697
3840813
2477344
6928151
433764
4117697
2750698
-1502098
368731
729815
9409283
704644
2259868
253707
-1453737
-8717121
4445446
-160446
1599963
1640491
3076405
-8322227
-2406404
-1784954
-1097470
4051373
-3878719
5985557
-2591321
6652425
-5333416
-11532529
-5724510
-10975271
-8628643
530044
4249430
6020137
-994222
-1029830
218098
-4659401
-1595068
-9233323
2651242
2857336
-287335
3192065
3028318
6757513
1384694
3526389
6126787
3205516
8619774
2976616
3822697
-6706589
730456
1988060
-12295828
-3649428
1972764
9138182
4340770
6541111
6355800
5263137
2528230
-5540863
-9673124
2693469
1003513
2202824
3200579
1692998
1696281
-2227002
-6578227
4152878
4861593
9161778
6136158
-6258307
-2810148
-696765
-6692673
-77090
3854488
-1423535
-3674577
-1578954
3487945
5288689
-10401341
-5848909
393661
5889557
5734474
5070136
757658
8395005
-4697550
4666295
757334
-2316161
1872087
-412280
-933545
2885251
-9825941
2077436
-3431031
743495
6229060
-1513654
-471893
6672990
5354222
4063266
9414633
1220978
3114734
5728214
5226805
-2126417
-11549366
6175311
-2480458
-5966837
3557634
944590
-1729054
-9486558
1739097
2050732
5190354
2376437
6988791
3096113
2751558
1000086
3798596
2051326
-2734939
-4448468
1296613
1263479
6351624
2388635
1232422
2772719
6823553
8986642
608990
-1034733
5447194
-9295472
3627460
-5926602
6424057
2686931
4751554
2869251
9373135
-23548
8633572
-1606428
-5720956
1226030
5922486
915870
-6753494
2188275
-5753283
3919570
978617
-201580
-20147
7266973
-6787050
2438870
-2006579
-9832658
2787692
8242859
7402295
2662097
9919901
-1621394
-9049026
6177514
-90863
3124537
6286517
6981102
-3157021
7423871
8180099
-5096865
5007684
4935638
-8674820
-10569878
4156246
1864109
-818077
-8360237
-767883
-2343495
-4813747
6212729
-1225242
5443209
3469321
-3022577
-953799
4117825
5261680
2787388
-9705742
351334
4744698
2910005
3573017
-2014724
2773032
-10712177
3065850
-10190954
8787023
1412424
-7827051
8641155
3228249
8530835
5656998
3303683
-5009884
-2769120
-6068770
7378101
1312107
-4965491
2324585
2717750
8942987
-1643859
-6053702
-1827788
-1350864
496835
-954093
2215677
3941602
3818376
-1817646
3504599
3911140
9043416
6321017
181531
9858640
-5947041
8291782
1672594
6228554
7093178
-5565310
6134108
993665
5005721
3640919
652584
-357582
5901679
-8195901
4851666
-8923579
-9014842
-13982
5480804
9601502
1540322
5039710
-1325571
2979003
3117578
5293245
6412474
9641562
10913385
7897522
-262995
7106871
-1036277
-11214875
-12321307
4177807
3920322
7470226
-1328227
9615689
-3818249
-9498664
-11694295
8735655
-1632136
847835
-10110017
13744
-9028492
-6001483
-760320
-1159503
4972928
545068
-11891865
8000111
1661836
3463490
76672
-421002
-8373694
-10747443
-608779
-3539099
-8878415
-3000556
2964152
7930820
-2011033
1521360
-188778
-3120981
1008399
3449126
10031863
-241087
2683308
-946022
4463445
7466087
-871345
2697128
5398977
-4776758
5894936
1267478
6065487
-497753
5175139
-3239623
-241304
5650923
3321543
7721239
-2879100
842380
1888085
2961397
-10210982
663776
9817942
6800122
2508167
632129
8888391
5241744
-9269787
9291486
2374519
-3278125
8348053
6627484
3045045
-3150221
1897880
1847843
7302477
-465982
8196843
-3370113
1822113
5901699
4610416
3544214
10587277
-1395992
7089294
-4500177
336243
-4978834
-921246
-4682045
6636877
4960160
9416148
2315301
6445803
3364209
-2447159
3638961
946251
7010926
-12478324
3422837
-1228713
-8556980
937312
5410846
-1605654
3554259
7586063
-695607
5676483
7500514
-5830256
-4221860
-944457
7888541
3805594
1335473
-16707
2281831
-2291116
4777465
2653115
4599391
-8882481
-8270965
5966607
3977758
649228
1154709
3485244
3978750
959130
-1946791
-577528
-11575916
-636085
1409022
10073743
-10471641
1408445
-4978653
-7182174
5482699
-1554502
8306574
2269667
2640639
-10336108
3594286
9086188
-4242006
-3738457
7007290
6332225
2146830
2179700
3381386
-827817
8562539
-1657884
4195858
-7488590
-5105093
-695067
1504935
356681
1449754
4949649
6102720
5364546
1604815
-1391875
4162299
473158
6676729
-4915466
-2866019
6648514
-12796712
4573078
5355792
2758784
1966563
1468705
-2838803
-4899944
4856981
108623
-5843455
2360733
5196867
-5279415
3842874
2653959
5725560
1186052
-6372011
68524
1562518
2727877
-8180638
9278359
1206381
-5020274
-2377394
3412994
5666900
7355659
616795
1109909
1719118
-378341
7891135
1757311
1362706
2173000
6575182
-1120407
6850731
702851
2253882
-6796222
6943492
7250749
2733277
2071548
3755025
4698144
-626290
-2734776
-6269026
6147956
-2763071
8803717
220590
190649
-12223846
796643
-3836009
3820289
35365
4026039
-6215203
-7676474
-7545202
246972
-2941666
312584
864209
4297060
-6235509
-232515
9473891
1697393
5006114
-7831004
3447741
3754616
3004510
1857244
2830005
8134286
-1274022
-4924998
2671144
-6014371
12235892
5641584
1020315
8318313
5413172
-3101055
-11087337
9932445
-4178383
6274091
3251371
6918817
-656040
114775
3507791
-1124584
2899659
-11158001
2869958
-6010799
-6637809
3203662
124568
3308735
7549150
2253437
347491
2648156
2767387
10860481
3841115
3520559
1635781
2641462
2152006
2401268
2883102
2358330
-219996
1987882
7081886
3179354
2180556
-253613
7731398
1732486
-4956207
9379705
5133620
7003128
6263789
-550720
-10766714
5887965
1595568
-2451818
5918020
4319790
-4472664
-4539854
-4755769
6590849
3324466
-4021894
5511470
2370420
3132589
1939493
4934307
6800829
-9086674
-12773437
9049983
9990126
2447773
8016597
5262620
9319901
3449514
8600157
-2487959
-8035074
1488862
749511
617271
-2030830
2723989
-1178995
8378011
1567513
2986534
-3970051
3368348
5969964
10472
2343066
1198304
-2457263
-5139116
-8178434
7859075
-6217119
-3579107
-8991730
5150653
2294793
5980421
8189645
-8244161
5409803
2768762
2642363
-656883
6162206
8211695
5983953
9240842
-1254510
-406239
-10102565
581122
6925414
-368825
453928
5893282
6518663
4456745
1806509
3619761
-10257148
2697182
1052456
-11002602
-6436967
5139893
10734246
3354990
8052189
-5078740
6225909
9262586
-806884
-4940462
304388
3378934
-43798
7480921
3275676
-7806182
8641970
4964049
7715112
7984953
5675470
-726456
-3504400
3298065
3878137
-9197954
6213107
2286775
-2138255
2844784
8010206
-3603114
-8969915
-7431333
-1056752
1934896
-6268487
1118402
3966881
-1216378
3360972
2745757
-775234
6345977
752712
-1739646
-8315208
6826144
3256813
5516659
7335616
1096778
-9374670
-9842617
-5592311
-2085779
6184579
-971970
372723
-2792301
-92014
6363891
714317
-7746913
3839283
1844151
4763854
2008319
-309573
3597804
3655565
-5149960
3449468
2594103
3847950
3777347
1639055
3444131
820337
3200985
4392626
3050650
927104
-1464408
4025253
4350999
2511949
-1766020
-6585018
-140900
8387778
2320766
3984665
9011758
5033950
-827385
-6751714
-2366719
222475
6928019
4320110
6684103
3461939
3530387
-9927672
4076810
2827811
7411309
6018002
-1147500
-1520166
-1254956
2193528
5375978
341834
2968340
-3350766
-1603567
5539919
2314556
1887680
4906450
7086513
-2173616
-9547132
800093
-12653614
882626
-2661686
-13297826
3214162
6877800
-2760719
2656635
-12843673
-7652021
-1004538
-9356874
-1497203
7201672
12281765
-535924
-13845322
2625186
-57500
2898580
-641075
225929
5652777
73668
4455424
-8116917
4525209
-347417
-5845937
6025695
3248895
7872579
1812917
-615900
-466363
-3443534
2337812
267727
-195998
2781280
2919577
3740299
4063238
2229407
-4778691
-13396202
4432860
-11271086
2457190
-1519973
8084249
2813770
529519
5976018
6532727
2866804
5328728
7703131
6604699
-142160
3170286
-955427
-1415389
-6077077
5032610
5314014
4688562
5736951
410543
4362939
4269406
1351309
7773318
3618380
2785829
3346161
7598427
3583929
1056364
-218451
-7224662
6357895
343853
-10216114
1576727
2773310
4631989
-8815041
-3312366
3421544
6997199
3668258
2686359
7473319
-4042661
2791412
2018870
5312614
-1826081
9635963
3380344
10413163
6995224
-9925401
5709301
-9359839
7350831
-356246
8193133
-1183260
-9250930
7655914
5977468
4016446
6041999
-1972121
3553555
2493818
3123129
5215816
4936077
5739222
5923902
7716377
9883445
6512283
113640
6353883
668460
371560
5451071
1371454
5497773
361460
-944536
-536311
5964098
-8416216
-4113739
955752
5564444
1429810
4537898
-37972
-7982106
-1025933
-1734413
3073954
2074299
420110
2896364
-6422728
3571860
6090694
-11940211
2205026
7409693
3441005
-10046074
-3029726
6737064
1799740
6528923
5703329
8920816
-615539
4635068
-10554196
5133171
8816855
6396203
5231910
-4555925
1601029
-7582950
-883476
-9103110
1373567
-1533385
9172298
1095046
-287871
1749328
-8088803
7960008
4261598
8915069
573857
3627067
-102507
-4373601
5524670
7218361
1641700
3938178
5662572
-2926465
1540801
3053562
8564056
2510905
-9343197
6858135
-793374
1985989
-8835056
-5256814
7012602
6521155
3976954
-6675359
3979261
1523158
2465023
5622308
-8057079
-518738
-1656975
-2468097
-634418
7786807
-8925744
6625249
-827072
22322
-6370122
4874520
-9528106
-759435
-3746218
6147209
-5926595
7414835
2977276
-9482961
-7011702
-9497128
-125364
959859
-100144
2772106
1561127
-4935672
2220412
5919638
-1146700
7136473
-7590815
8728944
2431913
4974670
-10406361
-3331914
884856
-4544492
10458328
7404361
-5582743
-4053022
-4677543
5573021
3331798
6574566
3654857
9344106
-8037219
7265312
-3049076
-1299925
783254
7886634
6246199
-8685144
-110491
4765567
-1572376
8315795
501601
3842724
-5913433
3874514
5459024
-1398083
10349607
-6300324
348734
6565462
4623214
2558867
3235612
-9246109
644893
2968069
-2112253
-1675443
-572823
-3668707
-430102
4853285
-1543433
8438414
2465662
673500
2992070
3310369
-1094705
3108703
-525866
6467040
148956
7206201
-7856574
-3804967
315032
-555269
-5624673
2351944
6095596
-5124074
-1643206
-2182984
6168605
5191003
4846332
-10453237
2420798
8155036
3442255
772532
3050197
4125835
5170518
4829870
3207352
3250529
453373
4818950
2727181
-5985902
-9112864
-10479019
-3834266
5106849
7337057
-2312534
6550033
8103524
-8259639
3831552
9820743
-1015209
-13306609
5298275
5122351
5347050
8283665
6232769
3501127
4742977
3869699
250066
3718425
3289174
1140877
1276615
4346881
-1665849
-11030964
4684912
8444845
6424158
5294526
5420121
2367795
4227096
7384026
-896587
8806856
-2925175
9768534
558845
5929994
4947663
-5418990
7903379
-36794
5962625
-661472
-1236313
-1430414
-7931332
-2087468
5848432
6684912
-3334656
-255478
4080793
-10288886
7270240
1913521
-1750111
-1133170
1174555
9528606
10300275
-2567161
-1599118
6558317
2645584
5151741
2690798
-71167
-700499
-7841989
-6931384
-4185161
82944
-1189742
-4911927
-271787
-62038
-1915696
553854
-593171
3836562
5097140
-2104096
5260491
3352410
-1989098
1125511
2007037
-277134
-3730085
4042655
699826
1682329
-1241540
329226
-5882831
-5947335
8906595
-8735618
-2588407
7761996
5551110
-3607478
-3306442
3467257
-6606484
-1046659
10078979
-3587199
5735966
3078513
4283070
6327659
1659973
4694327
-1035743
-1205359
2329651
7605096
-6191464
-46839
3960211
-25561
-10497974
3386935
869500
8453268
-2210022
3211315
6577581
-1754204
-8206704
-2518074
7203898
2005035
-9099311
-3771784
-647794
-10319643
3404766
-100248
-6819774
4528420
8060765
-320734
-3642699
4867408
1092412
3618119
1458675
7053933
2005721
2294487
4214349
-81857
6845097
-3196183
-10354243
432304
-7354741
9317346
-516614
2559899
-2318770
6434196
2479066
1452018
-4355306
-1773263
10421734
4189360
-4214581
-51178
-554826
756225
-625116
9782981
9785834
1481485
4219938
7384235
1087056
4456882
5500103
5084347
7999099
-779088
5817803
-8680258
3445130
2200123
7232006
-8198331
6634689
5382512
-1916542
4143032
4272641
-10614597
-408486
2674874
3535388
8281976
-227118
-4855452
886820
-1510066
664258
-11226354
3098838
-5433037
7162214
7266710
388312
2527518
1342852
-13139809
-5671965
820358
-2474644
-5127024
5401042
336907
6276938
9084625
-660585
3860140
-114106
3154504
-1112559
5017339
3195088
3627059
-3216476
-3101102
10977215
-9734912
7514532
2967161
-4433414
-1195461
-1933974
-6149659
5450903
4475787
-8123236
4613049
8084494
4967222
4621693
-7500950
5290264
-4043580
7865326
961031
2831861
-3510480
8949104
6421226
3203526
-4182051
1781374
-4627775
4588334
-10917989
-248406
2977862
2603156
-4160429
9857540
-3668866
-8663540
3823128
-3651208
5481346
5170514
6181370
1783187
-3216981
-879164
4183592
-1227392
-494381
3671073
4106207
2681743
2694328
5864696
3590929
-3537809
-4380606
-3652211
7549684
-8146447
1597430
-495833
-83710
2415899
-4310121
4483489
-5569631
3835811
-885617
-2043585
3717381
-5994160
-1946965
-635925
-650482
6278947
4356452
6801093
1069465
6393248
4965557
-2107497
-2219866
-8129239
-3526042
6901080
5625879
6789982
-1196880
-9271602
-76331
2969920
3728742
1668116
8474718
9222760
2553910
-756803
3672328
-4829001
3342017
-1001421
63805
10434404
-1689598
6791011
4418306
1327758
-3854456
3588161
5394088
2681400
-8306045
4648382
-3380178
7042476
-3818656
7096420
964869
-3755993
5740789
5331926
359042
2139021
-9286959
4128764
3177053
3104048
6034990
-4365144
5719775
-232172
9053444
-1256087
4767092
-6171035
3795622
5200679
6229220
-2876823
-2703941
1750305
-4216675
-176582
1178498
6830697
7182089
-680872
5308562
-324137
4767022
2361248
2020340
7009149
-485359
417054
6190994
-1562597
3577001
6027153
-11235104
209780
-92254
3996649
3864001
-10031345
-3498236
-604517
-3018680
4032289
7979795
5989643
-5551543
2015043
7025126
6023410
-4579191
2106995
-6929792
2332733
1447898
97517
-5396044
3620040
-3709293
3082628
-594133
4140120
492138
6004614
4403783
3257204
5903781
2655305
-2640675
-4405656
-5840116
3315604
10025109
4808785
2732621
2619628
2724821
949997
2299597
7338662
5176541
-10249302
819963
-3328090
145618
-1481335
1638207
7622630
5726061
-2795560
-3327849
7182550
4952037
5018809
8336258
447247
-3151874
8478885
3156569
-439503
7642939
-5362675
-2659647
3736856
-1045919
-487987
-6544393
9505473
5487200
-1049013
2109098
4378446
515786
-1068815
1812921
4292859
6144927
836088
7437682
926977
3253469
6597715
-343450
-12770863
4559675
1563562
-116934
5786490
-6410631
2216047
7139987
4704454
-3824702
807429
388416
5506265
-581014
5242771
7756349
-1600343
-9780873
5571877
4807409
-5286446
-10017207
6135750
8486421
3047220
-4815656
5614783
5257854
1279423
-2537656
1249076
4863934
5577063
9171273
-4609516
5577306
8310468
4055440
192321
1326619
-9707621
7445992
3629469
6499026
2022680
6452490
514802
7223462
8026905
3436732
5787164
5371898
3298955
7074650
30720
4649620
-213740
5352517
8299983
906654
-71061
-9497286
2968960
-1130590
6310550
-350632
3250056
-2207181
6253319
-8272566
4026077
-317721
-1642693
8372048
3936507
3817814
-3565191
-765643
6942976
1961772
-8128106
337075
417543
6786103
-619754
5413594
2717328
4295257
3002453
4493298
-3395733
4156465
-8332871
9133109
-458008
2522061
8606754
-7400973
1960940
77726
5060526
5255739
5170974
6505841
650481
2892829
446003
5875828
-580782
9695687
1365032
-11269004
-12651580
4257933
-2796390
-1165018
3317810
1544609
-5218406
2653662
-1723981
-9707470
6744974
3252928
367798
3897913
5583815
-898752
-1569171
-605074
1024842
-392103
741299
6399267
9130111
7959785
7864345
-1821784
-6587102
2587351
-489181
1735886
-315087
5167952
686682
2644683
7704693
-4476144
6956663
1273278
-4339534
6630140
5882987
4775583
9657498
1827460
-7884176
1331122
-172526
6988529
-1181286
4885019
1988492
2609416
6934717
-2762483
977153
-788397
3677694
-5103950
-1178173
-8464263
-5883860
3511141
7239577
4288378
607332
6053102
3780178
1084350
5607090
962644
-8699031
6673554
-4638532
2038606
-6975742
4160464
378011
4556809
524241
4007402
-3372532
5532825
5240058
270598
-12954256
-600489
-4620561
5047115
-772782
-7600763
3799786
664256
487395
4576229
10429371
-10503552
-6825703
1073203
-4180134
-14561359
-9729242
1436213
2599820
657448
5412550
245230
-6283295
3630503
1635864
2831481
5799665
-2265832
707246
1466835
3257175
5051756
-9941742
3038085
-8175416
4235406
3414889
5010660
2590043
8948271
4143708
4303509
7843163
2831689
-11316085
549028
-5847997
2719978
3193098
-1419350
-7274715
756718
4145270
-793270
-2399223
220338
-494726
-2718682
4061729
-13080682
-583189
-2669034
-171937
2234605
6694289
1813421
4647579
1608820
1454896
2640611
-4071280
-422771
-4514420
-1086730
-6113662
433756
246743
6737230
2973052
-1668953
2125269
711576
4409478
1608750
-1125503
3367672
90952
4290990
-1516327
2380343
3635704
9041922
-1361196
10166128
6357821
8308154
4337826
4367356
2607043
9174558
4115414
-387770
-12971782
2257492
3509712
4745161
6967419
9264583
526289
1914769
7891774
318480
1026541
4634060
-6607661
5012124
6273315
3051437
6279369
1504274
5437818
1323760
-7044453
9937786
-606043
-684936
-2097441
3032697
-8214136
-477435
-5807186
323587
-1725598
5747000
6997180
232703
-8547598
5403398
1470008
8897146
7404244
-3811360
-1694217
119418
2127418
1317414
3628195
-529935
-6030501
7169653
6628732
3755873
-769414
9048573
4301904
2490507
6065610
8205580
-5654441
5424901
4918247
3196298
-1926087
3178002
-4505467
2761700
-4893432
1724177
-203512
3580413
3693337
8233744
5994483
3843647
3831516
-3441088
2282054
1989849
2293344
4839209
437412
2837195
4944469
7780694
-216856
5697269
2693697
152165
-3501748
3457621
8314078
7250135
1338089
-2258055
2498687
8380703
-9167032
2383352
476556
2247067
-4636192
5191358
-6585772
8350484
3180247
-539159
9662637
728632
1028727
4052982
1102716
-11501076
6795841
-6424617
928686
-8430378
7210429
7568799
6684901
4138341
-9348887
4574909
-1835145
3684766
7877072
61507
1317658
-8590886
7059032
4921354
10172303
-567497
738907
-2275337
6590037
3911253
-2624929
4495577
8955515
9285919
-4750742
4768268
-4481553
4448870
4300533
4957160
-9613935
-240488
6375942
4588447
5412901
-3893550
5327427
750113
8028567
614308
322931
-4880176
5900709
2793422
3475774
2517324
1483161
-8639201
6594717
6384789
-5507400
-310990
-82777
2197789
1693782
665380
5453474
3694347
264304
-3111049
4055636
-649135
7723775
1411935
-1707172
5077006
2103809
3231587
-10516296
331382
2613481
812121
-9392820
10840133
9277441
-3118959
7215500
2211121
-6710583
1774158
2443693
3219233
6941335
7856050
2778994
9145491
1220144
5988190
9481236
-864518
2045791
7119543
-46046
6328371
-1793860
4706335
1472090
778024
-306732
3530002
10256790
2850717
2483502
-3325500
5273437
8602137
-10649449
6790087
-6904197
-2813631
-6903123
4319067
1966001
4714856
4935029
5610048
3748140
-1333931
4247572
690122
-2324568
4402414
-1389115
-3309653
785765
-8420951
6183693
4516090
2451562
-1165053
1247137
5731556
-9997890
10580432
-663159
2790175
137923
-2397181
5224102
4729928
-10193322
2627580
-6628251
-11678000
-2980008
-12384947
6015561
2209589
-5663446
3813190
-1374417
7634220
-5913235
-7250803
1656449
-2604688
-8636668
-8461922
4259908
6272185
6576211
4290262
-8466748
937491
-6984124
639341
1361299
-8134668
3558107
2518922
755998
76153
6739970
8145022
-1528320
7891912
6076755
2781684
6983378
3694270
4290799
-960526
4747399
2666054
-427498
7808052
3154315
8354819
575835
6124027
2727896
4813818
9934765
409674
1887306
928266
2266187
3505659
-6871971
-4684987
7068368
4606752
2540707
-389072
4902420
3836560
-7566934
424810
-2723076
-1032664
-848283
5912887
-8093099
9800660
-794938
8150767
-11826806
3124124
4672494
5003686
9348439
2037355
-3239237
3984197
7722894
4792176
2466643
-510096
5834466
-1410566
8608916
1502179
1782491
6352708
8714778
5501251
2454873
8478653
3930584
1394630
4449175
7203664
8036391
1637960
5015589
3076857
3678387
-8211294
-819262
2532414
22463
5911047
6499206
2761541
5291266
601733
5450586
4455091
-1296692
1026732
4400053
-682994
-375337
202255
9403819
5598058
-1263791
4509663
9300382
3747810
6620460
-9945136
-6031190
3360101
7675404
-338788
-9803617
-4519948
-7213211
2155302
7477872
3986491
-6825492
7056980
10088588
387413
-285584
-3102006
-922782
7282824
2363540
3554750
2391833
-551995
-1407064
-2059896
5754424
2320104
8315528
4485447
-9421557
-9068178
8382231
1625811
-7937071
5440497
2921083
5414267
1055818
4695922
-1608502
2637545
-618691
-9901874
-4313243
3468779
1727862
-5724296
99886
-251177
759532
-9944706
-1319769
6415853
-9978434
6878026
4118592
-176163
677731
382714
5976352
6759757
2704341
5260009
2965690
4309353
9546707
319282
-5699704
1809881
4010144
-2428088
5925121
1616851
-839188
502630
6609856
77863
-13262
-5196633
336316
-8613567
-558313
8432311
636503
4285813
8923812
2264755
5371265
-9470237
739044
8002089
-5925172
-1259064
2079356
7682261
3907935
-99735
3989729
1268741
-4613230
4201992
3167594
-297165
-630044
1768034
-2617597
-212248
10228
-24241
-708923
2616745
-3170389
1879267
-732835
-11212587
4529973
-5032425
1823380
2779276
933434
4548365
2967727
-4175065
2781760
-155356
6398745
533718
-336155
-6806051
1166086
7193378
-2745024
-221634
1623943
-5842161
9432570
-9364290
9861882
3376358
6519961
7968191
4170499
5885745
-530985
-4305008
5523042
1737293
-3987707
-4562019
652462
-7858666
2884252
5271486
6134294
5711563
-802795
-5842543
3232916
456648
4986772
-4662408
4725011
558114
-262404
2854311
5907355
431569
6217816
849650
-802689
2994781
-617617
-5198720
-9262135
1709861
1242072
3487659
4754855
7670746
4430179
10429477
6325087
3917409
575441
-1713911
-1846454
2999993
2316944
2165046
3129582
-3935692
498018
8430555
4703161
-4063002
-10056476
12165792
6290452
-8893957
5650559
5503596
1461652
5016304
4983612
1174267
-7540962
-5714575
1567050
7174146
10209436
2531006
7435435
4776128
2765355
-3996821
3829887
-2834052
9826351
4023061
3668995
9214911
1615417
4262710
6561688
5787833
7221960
9382115
-2571598
583659
6922671
5483175
699206
-1353415
-2225129
804527
1865427
4202407
-150324
9168789
2234215
1837217
1316383
-5305456
113559
232056
-1375435
1630320
9302275
-5730743
-258965
2564058
-8164725
-6630886
-385069
3095295
-1776024
237937
7104513
608188
10308149
-3422233
-922779
270863
-1603431
-2085001
1322300
5253867
-3368720
-3072216
95755
-10500650
1325609
5115477
2537924
-365918
5048322
8955181
5469041
3435075
-1047909
3602126
-471142
1663318
7838030
1334985
2381436
-12389709
-8599266
-8252228
3164359
5727529
-1910294
3728933
7705551
2661544
2888616
3410534
9042274
7902761
4056233
-4578959
3914859
606574
5660384
2777140
-4312011
-5294107
1867702
-7448682
-591108
6197981
4206405
-2433366
-4880586
2733262
-4327420
4731621
-6012063
-5964445
10954550
4164352
5636346
7575604
-77708
9010310
7690789
3347531
-892802
7958212
-239563
3488060
4399288
6848615
572815
-5976400
1386648
-11579534
8134989
819998
-285716
-1580266
1237654
-740347
-3459683
7724074
3882391
-3008871
1025026
998240
-1228256
-5051032
282941
3828841
-2012781
2443914
-3803815
1528432
11111
2570626
2149007
-9619106
7864195
-5760483
5213455
-3541868
792311
-4098609
-1120834
6651684
-1370843
4514738
-3339840
8074253
1683811
2055185
3485297
-9720935
102752
3424017
-1155070
354660
7355973
67228
-5845716
5483199
-1426722
-12020797
5117100
3671105
3084211
7110251
-2389713
5899883
4004118
-8637424
9397329
1624690
4974152
-3650432
7394436
7089052
-3909314
415160
8443701
-4154084
-7068355
333333
-1719775
3598566
6427437
-810035
3125275
-3049885
-12183560
39877
4681486
5359725
-5573628
2007199
5135857
90588
-1423896
-3081526
3599521
-28846
7606040
363330
263963
-649454
3544557
-5485512
6648846
-3657753
3050506
4829031
-496763
-1214033
7093157
2144066
5741882
2232192
1644426
-6986546
-5620742
3034829
-1110576
-1396653
-4623126
1084492
7233388
9450589
3820180
-7592700
617739
6719240
-118541
5443446
1327629
7283907
-4327671
5756928
3457735
-2803517
5107406
2114149
8214321
1966477
4299151
-1729520
4346391
1953390
-10193598
807761
-220452
2043780
45501
2784913
1705628
-469312
1938187
1839329
3810973
7984310
6521156
3660887
643570
4301681
1512296
-1786066
4694808
-7986492
5579260
2362741
725648
3037849
2611006
-3270026
-321903
4900409
-12432962
1762899
2771922
4333498
-2376226
6549461
1008853
557225
-298452
6925369
-3076064
-8262079
6066432
10132246
-371139
7512674
-2581082
-7224037
-3055024
5423529
4843144
9599393
3697592
3814855
5865064
-4108999
7605845
3213541
-2647461
2194265
1854191
-9340151
639481
4358991
251863
9569226
-4275640
3754660
4394203
232386
5731377
-5299917
-2580469
-890632
-10488447
-1457414
-644743
3246035
7683982
-5309389
3743466
3841964
-1092715
4828367
-4048476
-1720452
3010410
7785875
2958479
8645851
3533334
-1637768
3741257
8992484
-4745860
-3113667
1070671
1887806
-9302771
3487035
-4502688
8597558
-4052668
8791113
7196734
8688325
1173205
6194112
756234
1120906
1902830
870003
304203
1947026
113984
86470
7099579
1087790
4244561
-3339985
1126660
1672085
4252245
1779664
-5416282
3721068
4087708
8053149
2498974
-796203
-5806780
3529181
5480013
-2547799
-96038
-1150700
1336836
2532139
2857420
8264688
3404758
8059221
561408
6347517
4270240
3526487
-3157455
4905455
6943724
6616395
1321652
1997218
-10770933
-11648847
-3709093
2087162
-3183632
-4595530
618857
5121820
8286242
1172135
4935956
4559147
5340329
1354818
1979170
1839702
3504528
1204779
3863151
9217598
9074524
3838999
1692689
-1022574
10823912
9007020
3260167
-3264658
6861527
-1208204
9373795
-5601196
-881092
-10539499
170411
5866643
90348
-1191557
-5368216
-555059
4087806
168811
3030218
2154427
3614363
-8851051
-3409866
6233973
-9338821
-11650257
4853643
-11664660
-3037422
656108
3132147
-8564399
-10593123
-8387680
271049
-3761525
6329670
9681609
-340687
122130
-452747
7061432
4594053
1925749
7830568
-4497639
-9512015
-6602080
2232474
7113139
2741145
-9804180
-3299545
-592084
-751195
212182
3304797
3726246
1428791
10038225
-273762
2992278
-255570
-7861558
2008454
-10445694
2848446
3741398
3359483
7473548
-11981502
10269637
-3177654
5137207
1792697
-3608397
-2296258
-267786
7414444
5434408
-7785654
-8542270
-6384371
159391
3309406
10765148
4086430
3403255
3824720
4728405
3118511
-2445865
1316633
4195281
-3488095
-5348013
888939
-503025
4303678
7237512
-4346630
8909677
-9863896
6841128
6611948
-2249554
4774467
1661073
-1607331
1899771
-599511
-2952891
4179469
7927564
988843
-10969925
9328855
4051910
2137195
-3576119
10347653
2101917
5972142
-493269
7294482
6971867
2044881
-240591
4541603
4356671
5432705
1342689
1976623
-7159235
4516487
1394225
1200405
463622
3843362
4175065
-476753
-8064681
-8721833
403334
-3099771
2501729
533488
-10061671
-556722
6606062
-9691758
2376450
4640230
-8162198
28542
-2781079
-7715576
-3928354
4040708
1884620
5333399
9520391
-1928181
4144782
5910492
-10214571
4672091
2397800
-12857717
738676
4112837
3073972
-9335941
308657
3858539
3223007
-3325897
5738381
2804989
5045173
8848090
6910368
7512839
2748155
-12271888
1764459
6561595
-1881180
4579202
939546
1464139
3148125
3410487
536223
-1312594
3726246
-8033643
-236295
649632
5815732
17529
-8661338
603040
2427199
-1671597
-12356483
-4623730
5512160
1796302
-9129991
5780010
3184248
1622438
1859762
223186
2141333
407709
2865199
-10726715
174319
-3704281
5791925
4835963
7937308
-9128565
2610758
3081943
4694345
1813745
2450783
-854645
356171
6856061
-2197963
-907734
-2609439
3702708
944694
3708811
-4677502
5892767
9572889
1050010
7438075
2114169
-7451490
2744957
3053777
8862525
-1417910
1529069
-6794353
1751133
-1717337
5987209
-10256745
-7851755
1639417
-13106319
2577081
4042446
3801611
-6732111
-616959
5321104
3676848
1494356
4491279
2187188
1086157
2839442
5780864
-1281939
3087
1392441
6042753
1456781
2961604
-6241865
2124941
2579164
-3664134
6131913
-7155011
-7502237
9133561
2951211
1149756
2401691
3937026
1946603
4084070
6630623
-634080
-486162
-692770
5766300
-586288
4811917
-5562325
-1593647
-2687558
3537407
6427068
-4043840
4645276
464244
-3612466
6470177
-4444074
521413
3843778
-4768364
-4183527
1718080
-238559
950166
4294327
2306930
6144010
1051318
4186713
10201481
857519
4599022
1079102
2125154
3690425
206214
3437884
-3693001
952212
7858652
1254909
5784274
7642627
8539458
6444810
-724616
2076463
-5676430
5675476
8278415
-668530
-5475088
1867430
-4492957
-9860389
-93007
4267011
5636712
-4559077
2389036
10520542
4092607
9139425
-5272183
3430732
67625
-2287014
2873676
10556117
9291451
4108294
-3132097
-520084
5076720
-9659612
-2294804
7362986
6157736
2870452
1232035
1248882
8905928
-658978
4928624
-9778275
5071434
-5044072
-6296538
-5572175
1997
2686362
6130510
-574246
3631823
2517144
-435550
3980694
-9724463
5536502
5574287
6838314
-2309944
-438183
-328980
-816064
7935254
3026234
-13212959
7224096
9889075
4921045
95619
6168626
7021983
988927
-8920499
7216330
1927455
7173276
-736843
3623054
-12023803
3111945
7087046
3120200
-653864
6154350
-2625833
-3939948
2332343
5637589
-7097982
1585656
-4041432
1985032
405187
-5332272
-102693
3187693
-4845255
471395
6285934
7767442
2215524
-562688
6097330
7194495
1420871
6683412
5885617
-287381
-629896
4711020
3298419
-367210
-11093110
585013
1612467
6981486
2024164
1049169
1090903
5464346
4047421
-614549
1256123
-8985426
-1090501
5810485
702578
8017965
-61878
3763738
3412020
505350
-7273484
-5776008
2125198
-2668730
9725557
-1472531
1860269
4706843
2466737
10778958
4193838
670740
-2536632
1555682
-2621817
2730638
-113508
7244569
3180238
-8341847
5386286
-8475924
7214250
2171535
-113875
5426805
954609
2949216
2788311
7121008
253939
-2542500
-3551109
4719400
5346912
5500716
-5018159
3300962
-3847859
-4721983
-4348744
8289568
6072341
4808895
2177066
756923
3817590
-93949
-7979669
6934329
321787
4636998
-1756794
3069910
4452645
3302460
-2473912
-1494444
-6506764
-4756811
1562516
3408726
-11139126
5041580
-1418438
-8438810
6883912
6774488
2374150
6425667
-4817521
-1116510
-4602502
-2804793
1139872
-2074234
861894
-9031337
6744010
6675945
-5554774
141646
837433
1228403
2761605
4304285
4512305
9198950
3518326
4510108
-1234416
-5280073
1664358
-59961
1185967
5694421
495971
4966938
5694845
3703847
-1423843
2183925
2492970
4243111
7993832
5391636
6857560
1904722
3031201
4535113
-731846
5582651
6453690
4872427
3618816
-10014465
8720421
3480214
-5263277
4835451
5127052
-1290656
5605159
8442297
8309389
1682601
-1729521
2791247
3923339
4074998
7348026
2754218
3261735
5907815
-12297480
8859446
9914668
-9910116
-93499
-2440333
-2535266
89500
4146288
-1520254
3733787
-2217308
-8360116
-142152
407114
9124171
6093916
3695610
97731
3808769
-5850867
1057672
6489092
-1645737
2075896
-13128584
8203515
7440284
-3545500
-601130
1247240
8216508
4665955
239582
-872020
954683
1618934
8560905
-728057
795685
1499166
4008849
4371796
-5792971
4278940
-97016
1642611
1559275
508325
3363306
1182695
9827933
5421843
5732894
1065778
2761068
-1056782
2243215
4338600
-10299817
-13619167
4154912
1905778
-8650089
-1075291
-10099877
-2489726
-948770
46361
5831365
-1012372
761181
-9634612
7767456
5747596
-101425
4147147
5650199
-8779283
2650230
4432211
3060070
-11832710
1888254
4924994
1171218
-3710497
6301048
-2507533
-7894339
-5368559
6869576
-9030916
-40550
-4849607
-1389112
-3775927
1822289
7124731
1222198
-6256703
-8796784
6775633
-664503
-6898004
-1733269
4344774
1875389
8557327
6572005
1607282
8066308
-2541529
-4846046
-4496673
6049359
-3846248
-5610661
2309674
917151
4242050
-1742038
8093068
4920630
4881194
-8877118
4777431
3128790
838496
3667113
1962532
5480044
5139308
-618883
5907007
4535666
7521604
3844535
-227440
2032635
-3189717
-542486
6506776
-1078950
147550
2916777
798499
6845741
-11531311
1708773
-707155
7114629
-4771602
-4264562
-8530958
125079
3624181
5617578
-5529293
6445347
-6186990
4287245
10299721
-927722
1322153
4195842
8606036
-1251547
-64296
4622076
4398676
-1014460
-13314145
7039863
-6857472
2870958
6311002
1214537
5593348
1156843
1756028
-11414601
-9089850
1801029
-984194
3576714
-1370967
-47843
6488810
1668526
3260562
55398
9786587
8819351
7416507
1568208
7395779
-3070399
3494859
-9840371
3238250
-390542
-9262361
5026756
1508756
1219425
180105
-5294677
660732
-356654
-680937
2997044
-6930780
7012336
-6193915
1126757
5742940
5513228
-2542607
890222
8691090
-362734
2988696
419946
622605
1889647
10973505
883169
8174476
7179641
-456503
918950
-11464570
-5332474
2075903
4496048
-1318020
682318
6698086
-8079738
-818579
1554834
10056690
8188869
490353
4688955
6952466
-8947262
6213681
8126407
-10907271
-710525
-5193525
65895
-1756657
10004782
-61643
1626071
193749
-10741181
2451352
8538965
6407493
4837969
-9276253
-445026
-3011091
6217505
6219708
-7675990
5117856
5252774
3003201
-3328793
-366291
-4078004
7537920
-2297422
-6843339
3868116
-1141592
6341432
1228303
-3851685
-652147
252337
-9602176
-1382682
-6394712
-270284
-5322084
-10183217
3218700
-2239476
9744624
3299562
3409135
1035882
-4078026
720037
-3026918
4210896
1065632
3883999
3375434
1193440
-1113187
-1942774
8236907
10143166
-7150641
2555086
-4617563
4806
1579286
-3144745
-39091
-77124
-73883
-484827
-1305452
-600865
2941981
5665589
8276967
3448419
-2761307
-8884959
6097092
1423557
289504
-10829032
1958308
3970673
746473
-5755406
-10004017
3465354
-3123316
7452677
9684089
-12917432
3085423
9493687
8743998
3237464
9619490
-734665
677544
-6343782
2423777
-8675577
-12082768
-6016747
6132878
1845888
-240086
1042659
7599197
-506458
4590438
3038621
-2180564
-9264782
952382
-8944896
3805784
6851569
-10805882
-12122530
-2914495
2284695
4515529
5461310
1549948
-8827298
-3521441
-12744380
-9536836
-3898115
-384431
656196
9174744
-1632840
6294367
-5024981
7461713
-9448524
-3233930
948828
-4817436
-1439169
6107431
2950012
8198246
-6120173
2139682
5418442
4792038
4359760
4767537
1730445
1858889
9286972
-7285919
502222
10227346
7640186
5837622
-6189015
-2957619
7370780
4335778
6014074
-53545
-1631802
-1035548
-334321
6418466
-11777841
-6011359
-288116
4469771
10820137
4086821
-2067602
-5978104
7381564
2389838
-6570406
6739676
-1218594
2127094
-4436855
4841689
-125242
3401552
3345535
2368752
8958579
-1637903
-1048778
6310294
7494282
4270168
366122
5467506
7698042
652486
-4007639
-5535931
-6169778
-901813
-3443634
6356089
4386077
3629907
-3401129
6649914
1996377
345243
-2495314
1184001
5760883
2065363
10031653
-1223751
923078
5991704
1334732
3095865
-2449241
3089092
3754746
-7638129
1977555
-566216
-5943674
-2153606
-9838255
-2161101
-10695202
5529921
930251
9598864
-132025
-3029837
-12932349
3253215
676454
3593862
6490418
10206157
6014951
4298319
-2792711
4097665
-12751784
7239482
-713179
4318609
-11567378
-8638404
3220553
228532
-7900916
5474322
4263369
7559649
4578408
81404
3149733
-10369885
3083946
139194
3069281
280352
-495564
-6358101
-196060
2775801
-4245972
-3341807
4850249
2233073
528744
292556
5725622
6472708
-10135911
2096413
829398
-4984352
8001085
3995894
-316909
-5553387
-1374476
-3727264
-2502965
2792640
-9057392
4984017
4995563
-536940
4923532
3623072
6953463
-3256346
-4938947
-525664
-11191600
5666889
3571925
-3350648
5587754
-5811449
-5120983
6136019
4165447
-1750375
1365007
-8433783
-3583188
2351053
2604592
409142
-532433
-235070
-879303
3278517
30306
3273168
1483590
1324052
6181626
4448560
-8965929
4973192
677571
7564290
8157468
2416665
2429391
-9502886
-34791
-6996874
4581765
1836993
-2142311
10454179
9642624
5153399
-12291554
5294571
-8731179
3714890
-11798685
-3533369
-8959481
-3791756
9134885
2550208
981770
-1029519
-2574549
749595
-1506242
9142216
7406389
-993512
7275471
-1675603
-10175768
3144934
-1257178
8669095
-41746
6322602
6906152
-1828838
-7695963
-1729902
-7109771
-1503669
3306607
9648899
-4189383
-2869806
9816990
-10777439
4694175
952620
-363227
1338640
5007199
-12602642
225773
1687234
-2651561
2294911
1188597
1024526
873280
5274725
3771089
496402
3877742
-3650257
1364323
-9772206
7745275
5250681
5979885
-175386
5416018
8379718
-5506227
7131710
-1165991
4092076
349861
-4384651
2789103
-502792
1760888
-1900034
5838090
1096654
4663210
3911116
309460
7590504
-10967811
3128583
-8300978
8228487
-1144995
-9392537
6619472
4723058
3547505
3996967
3315512
211484
-2457603
6915861
8051505
4073730
1142937
-8373820
4743092
6247113
1387385
6682429
-10268810
-4271061
2321857
4678357
2147696
-774882
4578378
-5856666
4960938
-870137
-9877348
-87477
7405077
4226785
3057723
5375868
-745648
4031348
1054655
327480
-4985865
-10928270
6698374
7117639
586797
3079001
-7424721
2737941
190662
4967456
2275938
-4514899
1437365
2345964
6574537
-9345628
795638
1707401
3596759
3971867
-11722025
-503750
4982710
7413464
1013251
3222646
3062880
-9566270
-265094
2801922
2874514
3683646
-10212909
7182131
3582178
2650970
6879012
3754835
2923580
-5023450
3653157
3122201
884686
575442
-3064752
-3039896
1075184
2439198
7240416
6975028
5069925
4564
6092043
431382
-3367666
-8861160
2672209
7392803
4752303
3980655
3675266
-7404060
1693848
7579139
-4654668
5165314
-8016853
4676044
9323522
-1351589
1705812
2737758
-6217992
-2155631
-3324377
7643855
1860902
-10053187
-8873414
1209853
9211533
-1498252
-2047679
-8305974
647096
3040399
1471364
8578058
8197310
701176
9571400
1675885
8826127
6543406
-13086506
3614623
-3397531
-124044
530104
-3167229
9395711
-958342
-2732651
-4677737
4521468
6548590
-674540
4266539
-4553456
-3038078
3418944
542620
-3762010
6539974
1272735
5460241
5635884
-2880422
5916668
3637249
1661771
-1816399
2456340
3661361
3507211
8549875
4132602
9832353
5365418
3660323
4934874
2307144
-1160988
2566020
3332908
-5987251
3018284
33711
-9459451
-6026275
2732397
5690163
3287000
5762901
-4793446
10369303
-546739
6301672
2500373
8404118
-1455821
2546396
512800
-6108390
-1514366
7615044
1923410
6519330
-4016675
3072630
3568488
-2637746
-816182
-13306291
-371223
2131909
3519135
3707766
-229912
-180938
4443407
364254
-1488013
386271
-811889
7549116
-11644072
3483818
-3966279
997451
4410972
-8627756
-2605081
172962
-7708009
912233
5073886
9543292
-29450
4279812
3341803
-2185844
5541187
3987829
6975984
6438803
7652327
-11104255
6543040
8987962
-759637
4108085
-8698511
-1775967
5116773
-2708059
-3077230
5758218
4027240
6235425
-12143261
-659660
125382
2022654
-6308448
5076545
-3281033
862243
241240
7255327
5070246
2449971
1707637
5185404
1564975
-240212
2203422
-7135010
8223126
4036402
707941
1456628
-9288005
-4524102
7364924
4306121
2238542
293941
3269763
-1852652
1144677
8461392
-8281715
-8931666
-26397
-1316736
5151841
4237070
2510637
-94610
1010745
-8133121
5535866
6304811
-9843728
5443783
-627567
1451422
-3947501
4837036
1013492
6783311
2151677
-3657333
4014851
5098227
-8091127
-1981652
4364370
-3122811
5309951
2191205
497507
6328903
8272156
5906780
-2955915
-5752761
1113569
9023337
7773137
392026
-3733522
-803813
4049492
6991248
-12354688
3239146
3587925
437579
1167376
6143014
-741367
4186128
-1560327
-429311
-4867339
-145346
1016072
6237446
-4755861
5508598
3636906
-1122425
-1101727
-6310918
-6229781
4043433
891350
734721
6319772
-2408100
832685
1028253
8919647
-1027428
-4478338
493907
-982720
-106898
3253627
-4873774
-3612328
3060424
-9655470
-29296
8758012
942548
-1168533
425642
-979829
989112
-3217096
6675231
1671319
-3256239
-4719158
4409163
9929831
-1139873
4625890
7510563
664788
-9712055
-12242106
-9066228
-2989146
4536529
5899701
5021776
2001020
-1910065
8421561
8195246
1515058
7885199
1279827
448358
-9840203
160726
-1584751
-5884170
3821765
-2343767
427965
-10341255
-296598
6896082
7524868
-2876671
924424
-7689387
-694708
-90017
-3920479
3746717
1410874
-8907190
809170
1367557
-11521714
3111924
486066
8125916
-9899562
-438378
1674769
-9473499
7378668
9827859
4470828
5111657
5778118
1279149
8035635
243909
3160287
4499838
-3948688
-9593957
5014498
-11994117
678444
4646935
1238898
-8894866
4102161
-4218134
-8806257
6129474
8459662
4307016
1551542
3094430
434286
5755291
2043176
-1043879
3380835
10104351
-7117984
308971
-4308098
-439212
1099008
1757840
-469445
905328
8130285
3010669
546495
2798904
-482502
-892457
-415820
8242774
4551247
2257561
473247
7780563
7563536
2991689
5711850
-1668202
9273794
7036753
3477733
1712777
111101
-1620662
2130
3145037
484946
-5226357
621782
7381653
6530022
3918163
7467859
-5315742
4151389
1448778
-2686364
4085901
1276896
8502858
-13100706
3400628
163671
-316140
3636371
-8455781
-8918395
7781537
-8710825
3631625
-915643
3716628
-1540809
-6983679
252836
-9335218
-636033
3827048
7324682
-9485313
9465997
-82965
7236185
6209555
232911
1310522
3912408
4422278
-2906263
-5229642
-1122965
2828723
-878173
8270937
7190285
-3140088
964783
6380678
410829
3665852
8334467
-2759704
-6777201
2077908
7548027
3204916
2561166
1236567
1084629
2422684
2854016
7703883
-7498029
-6344362
4500251
-1317547
3477368
8655594
1378387
9273085
261857
-4432314
5008620
3423355
4060099
1226664
5673285
-6606164
-17125
-4834565
-8379546
4885981
-823585
-5285632
4354867
1065986
5375121
-8754560
1010432
-9607448
6972214
-10369061
-1272580
958058
7417916
2076906
-5167417
-992771
-9799971
-168722
-3264735
2976495
1223150
-46043
-7872854
704413
5724959
-1406152
-1426179
5471665
709965
7686852
-3701733
5681065
138641
-5133286
4925121
-226636
2276143
-455882
5215536
7505279
-1611467
-2833319
1440075
6477574
6001479
2932413
-2954062
4399993
-1484677
6986591
4636370
16416
-6379483
769890
8655124
-8125584
-608803
7587447
5624028
-1242594
-43465
806229
2394654
6939299
-2888758
-9695765
-2374965
2183699
2911181
-7659496
-1622512
4180345
1533987
7420968
547369
4037495
-10807824
-7596744
1991325
-12685672
5355519
-3380621
3654619
9774814
8103584
7974863
-12077948
-987536
1753720
145602
-9794583
491945
-1548906
8448552
985598
-2048372
-7892353
197192
7180055
6661314
3326639
8904655
-743316
-3937499
6232628
-2327187
6576275
-988948
-6803246
-2461095
345318
-8412432
2714191
1804079
956625
-1730289
245519
1751602
-341131
455092
-4194768
5137032
5839045
-624228
-6208114
7924666
3532289
-1023520
8975455
-2177777
-5902815
-4414038
7260308
4915005
-1866374
-4387519
-1677886
-6318931
3948369
3759747
9259798
4101818
6943112
212858
3718854
4371874
-391727
1393260
-8713751
2864268
5463370
-404653
274402
7545913
-6593589
4948554
-1104911
-10615999
3968524
-6312602
-8991015
2596531
7486822
7330817
6230460
2810739
1844175
4750640
6579811
2580684
-406096
-8119742
-299861
4786682
-13396367
-919747
2776261
2827823
3621193
-2375498
7726715
-9751207
-5376051
3202097
7328935
2210525
-2045107
5241474
3842187
-5163389
141737
-2646882
2780645
3488992
6418633
-1394991
9446200
-418074
4277000
-1243983
-1841498
6808317
4440402
-1498008
-215671
-11585474
11150513
8731664
4706891
7608899
3524317
-5172224
6130667
-8641310
-1582292
2533363
318713
7176178
7127879
2978999
4259136
604188
8634638
6211325
5585484
3251336
3101800
4525554
2822970
-660046
2508963
-1880233
128390
1537507
-9596923
-135249
5040752
-417957
-8975697
6525618
593538
4177274
9583887
-971162
3353539
5196621
167164
879060
1245946
7198081
7193495
7494820
-228360
4375378
-5525064
9678590
75853
5318047
-6067194
-1926561
-993931
-4184783
-350220
4013668
2282421
2804208
-4914509
-1215483
-194097
-2571948
3381901
5133207
5283824
4471583
9408814
8579718
-2965193
1400759
2853378
2407543
-10357467
-373522
-318007
-1719447
3710673
6565542
2946216
-1224246
-1995261
5083208
6190533
1154413
4316028
6556369
1280908
-3253816
-3188321
4257055
3978097
1974254
979747
2143184
7015033
-3945
-4087785
-9186329
5177123
88755
-13866022
2632699
5606680
-3298916
-1846429
215857
8128446
7362639
-9761575
296408
6071851
6210945
-3787484
6374068
2209861
9876967
874704
-5031387
8835668
9541590
7757546
1065616
2700593
-3087951
2837229
3624189
820419
-1159243
2243500
9304080
-3688896
4354392
-8790673
-1515111
1481743
466196
-633624
8789458
6068921
3788324
-12500387
6326501
-5135195
-1234378
7472951
-4930904
1521921
4091979
6106398
1063679
897616
1349898
1221056
6070722
5683368
165659
7962140
1985614
6358503
741011
-4647204
8524119
-4371881
-9988971
4663925
979837
-10676603
483053
1371188
3087463
-9262098
1650561
-1140522
8197010
-5296462
-2931425
-4102312
-8327543
5961411
2488869
7060915
259057
8259570
533702
5306206
5501704
2830447
2686895
-1646160
-9332078
5381245
-3049793
4507229
5687155
-5518862
-1033053
2867337
529967
-9706209
2677942
-8759861
6328391
-2518704
-297135
811264
6308713
6725879
3087194
-4018361
6594707
-224281
4730839
-3253367
-10309540
-348558
5450970
-10443370
5149913
-1739435
1013474
1650566
-11443246
4776917
2586297
6229937
-82430
3084886
5810419
-6642685
-1382208
-1344593
-5361329
5710750
289577
2312920
1188942
-1145953
-9159859
-5865248
-2160679
6200900
7347890
1134499
-3878960
3389447
675931
7723230
-9609711
8230204
1495335
-12139951
3928445
10606513
6396514
-10197508
147385
3649582
836555
5988259
-9109449
3891072
4363502
3370091
-4442428
-5993556
6347721
2703008
-511842
-1184928
3483148
1782744
332015
-651441
1780963
9453324
3801512
9210738
4878739
7800107
6433054
5739197
2865775
-5521264
-2678094
3865920
310134
-646200
2416883
-6038329
3638634
-9406778
866148
-916860
-1007995
-9118744
-10062096
-4178841
8004371
-7306638
-1441892
5497484
6205529
6824961
-448019
-8473728
7678622
3488070
7530299
5526019
-2772377
5530903
-3877010
640532
9169916
5354390
1944782
3483402
6837443
8740012
129671
-858854
4132003
-626009
-4525238
10663014
-9733111
-10573788
-6115756
3319517
1247481
2658962
-1801910
1892850
6392971
2720546
-814225
-1644893
2848320
-2667615
5447019
-427526
6243922
1110689
4533930
4159389
4365701
9985172
-1770001
1258138
3171321
8558371
-7004411
-2388627
-5435662
-88230
5482377
-3164757
1222154
3442395
3905128
5048315
6281814
4596850
6033960
6838906
-537766
-6047542
-204157
10187885
243048
5625257
2416018
5468095
992875
55138
-11631469
1277946
-2208
-5798190
2644749
5025721
-669995
1527454
390892
4187036
1509175
-1359966
640612
4290400
1426314
-8857666
2579634
-4006325
5023941
2127827
-3088026
3400398
4652520
-1134107
270018
-4498990
3935854
-10636951
5386584
3211523
7911446
4579034
6696086
-2834603
3371549
3047423
-1451122
-5690128
5017744
-3272365
5512870
8255563
789982
3459673
-5632120
1303454
-2866179
4819645
-1596614
-7033267
4379876
6071354
2853783
6078969
4610549
811134
3366651
1229498
-653800
-13011469
4100500
-6151534
7568091
2056993
6427113
6603463
3033023
-3221857
6707634
-8985794
6058237
1123146
2005476
-11942619
4807994
400570
7932924
6473837
4358251
690330
1614975
5596614
8154077
-2771662
3759502
1316873
6493420
2669704
565371
-2861193
-6922083
5345252
4312259
-740660
7511939
-5072766
-279017
1550380
-1227584
-5636133
-1488482
5828234
1085671
5981450
-7439308
-1241316
5808298
6888946
956385
2092589
6363965
1232701
-1580219
376497
-4704037
-12904093
9585442
1697632
-632918
5080618
1246742
6786650
-4866435
4945301
5709769
472068
6168564
9291156
5407658
5727966
1566713
3908635
-2218736
-290585
3398103
3273649
-1640537
4555089
5838568
-2841251
-365293
-464557
2899499
3314262
4451145
8785635
531647
4338273
6293500
-7980526
-6151893
-1315158
-7242974
-389239
7306055
1522963
-7320290
-5510798
9074165
-1169011
8440999
232872
2951027
3264860
375154
2931779
7731778
1006766
5887816
8838809
8091921
-1991844
-8648713
5721951
4814133
4842285
7474089
-718959
2862881
3613939
-386687
1860769
1298919
-2670191
3872147
3335075
7266657
-1494283
7714572
6822909
1297962
2270615
-5362080
-4554713
-9390762
-9687298
1138969
-500475
7544803
1781399
4603300
6027813
1079265
1120874
-241533
5977752
9519186
1555011
-3986735
1407777
684816
8386374
-6897345
170306
-2823367
7530757
1260034
8435407
810087
5410873
8153475
3241933
3358217
87431
-12281618
512439
-2585422
5001904
6872636
-919008
7002365
966064
8930095
-462486
-9207024
-8461850
-4613388
-8053474
-536327
1698133
-140262
80858
524555
8456121
1613507
4550993
153521
-8420548
1575733
-4868512
-1268868
4752794
640471
5983424
192389
-379452
8547343
2535325
5199677
-8831752
3449473
5309110
-560806
3992873
2665512
-9923538
-4720772
433874
172979
502868
3258604
5694033
61031
4832996
-11726710
1439720
-414876
5524687
3131630
-6914937
3258269
173953
3840336
8411719
-8292770
854179
-11482709
-5575992
-1173079
-7967535
-2014133
9486751
-2454717
-1734791
-511661
-8709972
4291906
4323104
-9224073
-4031713
2887694
3052653
5749812
10592219
3744903
2896533
3381081
7076273
-611368
-2005292
4219032
-8578521
-5822671
134056
-7503445
6223721
-4254874
5926981
2621346
-11291820
-5027201
-127363
-6891914
620142
5691023
-1767729
-445676
3766544
-94099
2221609
2001900
4925694
6637467
-9769814
1823210
688792
9789664
-62448
-3356414
256386
1530175
4446365
-7013469
-227552
-9757342
9798383
1751872
3287090
-8054100
2403364
-10018345
-2085457
6423968
682058
7101412
8153881
900795
5547917
-1709922
2897454
11108007
2276688
4413173
776504
3655150
-344058
6601341
9951132
4675839
1395728
-803052
-2175659
5868235
6292454
-1025899
-979903
7147707
8427994
-2524500
-6960923
4133599
-4702792
-11123966
3398826
-820158
2936195
-1354509
-4273512
-1577164
-561115
-6730816
6867539
-9075022
1101651
2891937
-11827168
-13214102
-2583166
7437524
4460848
4381106
1417316
122972
6037474
1943630
9957782
2935191
1775303
-3703919
-1918024
6559652
-7121637
-3101308
5443041
-71038
-101295
-5749626
383727
-1239464
9579392
7034397
-5982764
-1497912
-6030829
-689475
4327595
3971008
1995790
-1017197
2994434
-3408027
-9313596
34683
4523313
406280
-2578647
6857201
1763766
9318954
-1523086
-2278180
1873307
-6522167
4491764
8780857
-6188175
-445043
-4633817
8622293
-1826555
-13040760
-10072871
2073496
-3518985
748157
927883
5734922
308140
9471536
2730470
-2187672
3683598
3382001
6088163
-8983706
5465335
5893836
6843897
2703807
6382079
4422290
4586620
-9120851
-4390881
5158172
522200
1511476
-2199493
5485792
-6336298
4030152
6427649
3117453
6610268
163310
1985636
4992607
-12854617
-6289081
3609748
1327981
7533812
2063515
-413340
-4461696
1091290
4755580
-5733258
-764290
-11240
-8018302
245117
461262
3122455
62221
9083872
6240758
-6990356
1496984
11204963
-7976882
-9017376
3547920
8363370
7057960
5628975
1967052
-3796561
-5812970
1058516
6457354
7212655
642484
5114524
-3345457
-346148
7443508
578461
1827146
6108117
953303
808573
3052132
1158012
7015358
8662604
2186433
4547467
6080806
3492806
1282006
5622865
5558192
6612983
10027034
747759
7581042
3894393
6007473
3691749
-3231363
8122886
-12917113
3558370
-4105095
1124583
347363
9135738
-4692750
1008818
343619
3718889
-1186042
-10263103
6539684
2495224
948905
4303763
5768809
1813588
-2634168
3161466
-616943
-1750754
1551584
2754206
-1810746
7058001
7851573
-11757170
-2370179
706462
4732767
1848273
-4086999
-645317
8395261
3587724
-7065111
6328944
434550
-354484
-11666941
-4615401
4476803
-325164
2474960
-12499555
7283925
1532788
-1400381
-3298470
-1701639
-782167
10923592
10033671
548489
-12431542
-9013700
4944548
-3879228
4037820
5289813
426677
3277891
7997368
4047852
-504075
6923601
1250831
6726330
-3608416
964781
-7379418
-5343910
2184491
378509
5860038
-9194262
5041194
-3589298
5235478
-3048086
5849856
1717443
2920358
-339998
1360933
5368291
1647352
-707558
7085100
-13401919
-2234816
7409739
3548202
4426281
-9283375
4734464
-3771587
360739
5563501
7421589
1396243
-8522523
2317610
9347588
1564196
1528313
-2276314
-722177
6590564
7972330
4962170
9224241
4506473
1499538
5272960
3878435
-5033436
1044212
893267
2280907
969140
1811712
-12063981
1156023
7117108
3749604
2883089
8169466
82461
-1691382
7823505
2929590
3084407
4973187
3786717
502214
-75464
-2060974
6360268
7273477
2423465
8359389
-328966
5540732
601620
-448461
-10609595
2877617
-8701998
-3619331
3961599
1154600
-5373955
3669095
9649491
-4718733
-8318385
4257434
-3026082
-3075327
6118314
3894346
2908857
5594342
6581085
2748689
-5598120
-3763323
2119296
2217341
5388248
3475746
-2974859
-2482568
-53203
-1928610
-8552234
8154145
-9213128
-2541943
3942450
649124
583347
3481265
-1742594
7323931
3349903
-1258514
2735546
714584
4899974
3498984
826855
4096416
1559260
3090454
2254260
569286
-3471811
-9094168
6899903
-9323703
-5944999
2750897
900576
-3976191
-912583
-2036368
-2650390
4283690
-2840002
-2785025
3450077
3420756
6901499
10348625
-3468563
-9068302
-6926534
-8003620
6357055
-4897278
-1484258
5812221
3389134
-1968014
-3267440
-170309
6974673
-842307
-6967181
353675
-5984349
6618056
277680
1033829
-12008883
604856
-4378670
2692461
3281950
-7012193
764484
-4965023
-8344002
3468500
-1299379
809863
-250123
440489
8844333
3974958
6928845
-9486642
-9488056
5392435
7028568
-9525396
8703111
7400060
452309
-10818679
6080312
8267176
2508165
9773064
-7768849
-8524721
-4203874
-2892369
3809741
246648
480702
4218270
530858
-7647663
7965673
7572363
2137035
-8447009
4664493
2656392
1357301
-10298272
-5651986
-9795552
-214516
70649
4629492
7938925
-2096258
7108578
2961091
1906833
-4497144
-210119
4555589
3235389
3684571
4699540
-9555849
173718
202083
-1938795
-297413
-4094323
-4732923
-3711838
38846
4556612
8253606
4861203
-375717
-2317555
784776
-6526581
1827646
798413
-12114334
5466103
3283924
8970826
5954899
3950861
-234268
801977
-1008819
-1562328
-1878458
-662241
1430786
9543373
5171253
-555549
1108559
963359
4744721
4810490
731861
8878037
1734766
8352871
6119164
5669717
-5458308
4446913
715238
-306067
-6634440
4975497
-4221390
8058538
1297848
8800856
9335061
912517
-3355610
5695617
-8583918
7742436
-1694616
7085862
3410921
-1073422
8584347
8954985
3282239
8888110
284656
-2615009
-10799997
3761515
5205733
-10580118
4361211
-1626739
-209581
3884856
-1443241
-1362833
-4371401
7670695
7705547
-701833
-431001
3080023
-3301475
2575575
4558269
4574091
-11581851
-2176700
-1855144
-461647
-495673
-1522457
-5662222
-1178115
8753103
-317554
-2697351
3182847
-505075
3629573
6285174
-1557234
-2614482
5031361
44783
-1242661
2781216
488115
-5986210
4080035
4022209
4141533
3190700
1273917
1197176
9397229
694889
6749466
7078718
5932906
-13691257
1852926
-1188340
2000233
6089724
8325460
7526623
1811170
-7912060
-4222909
3019157
-3617885
3946845
5118924
2287002
3768022
-287105
2700634
6983224
-1728425
-7311063
2028396
8206943
2101211
4495157
-87566
10133042
556241
4632127
7494983
-9830965
6434217
-9028303
-6347010
-5968486
4103742
1462749
-5681848
1907680
5206667
2489673
3220378
4047287
-9386410
2578930
1536438
348844
2353321
2314923
-72224
-8902471
1317542
8422151
8117904
3626891
-617331
7578967
4648441
-443487
-1570137
777078
-4101985
-3630503
3148420
-4865762
5666317
3160693
284531
8753340
3470471
5963777
-3977322
6580696
6722240
138574
-11371425
3852074
752293
2264405
10208396
-5868840
6656000
-79802
-2715981
-4173784
2348468
402724
-2584119
4177353
-3945877
3797791
1900942
3658216
-1447650
2117616
2267458
4478193
-3680097
9236239
-11634023
-666842
557692
2916507
215873
-1744967
1557548
3136272
-2205054
-10046922
-78203
1600203
2781290
4813733
4769956
7628703
8131396
587196
-7863283
-4462605
-2764680
7145425
720079
1523088
-8635231
2495984
-11343060
-12821438
-818938
7072560
8837299
1939909
3494392
8380436
-2524187
1137197
6829778
-8509025
1746891
3517223
-8275851
-4444667
3957339
5061070
3218517
4304024
2790360
5869367
9017494
9615055
2417057
8529788
3274523
-1282720
6223118
3885683
285145
4504327
-8157101
3413244
-13446750
1620609
6820591
3796989
8123994
3594191
4696116
-2587684
5388015
-87493
3284626
6247481
31655
2240953
-1937083
3041824
-9890445
2685109
6918533
-2772063
2803085
2993950
1325476
-10933338
4453303
6200856
1703187
8840815
1230238
2161637
-7800200
-10188351
-2718945
6974936
9872966
9338790
7680286
-2309289
7834479
1463428
1808625
4584377
1290880
3384654
174131
-508302
-2688859
5770509
8071149
5640034
-176684
-11652764
-2132231
-836624
-8522234
5378806
-3989735
3216089
1690301
10782734
-1255498
5074342
116304
-385096
211984
4275055
-3382384
-1940919
421838
542485
5743459
6776397
-1495961
3260398
362954
4002857
5731819
-149239
-229728
-1688415
2080210
734929
6745708
66219
-1048708
-5409609
2921695
2912822
7167331
-248869
-6144589
1365541
2213953
2318030
1137287
7590010
3532921
3937550
3551488
-2952228
1968203
5084649
8825579
-8670952
913075
-6154656
4838728
9336263
4635992
2890084
3151465
4563118
-7193654
10928850
6536576
4351513
2455855
-10819673
5115851
1350183
49024
-708189
-1548714
-7632394
10561375
2569253
7126645
2851291
-1483719
3498826
128675
5300622
5605618
726643
5041571
3197492
-1567717
1333360
-2957917
6214720
-493613
-7886110
2944969
6767150
5498037
6569306
1736282
-3254019
813584
-4153469
1946070
1734930
4367131
467136
6316265
2645561
5647080
401322
4229400
5374520
-7507409
6153243
-955583
1730688
-9968758
1808108
4981693
-4461998
-4505824
-8437708
6518610
3963697
5990068
5127639
3665103
2484968
6935130
-8361430
9868333
-9028497
5212388
4605613
2479838
5350537
-8496261
878464
-2732605
8059647
1297523
4390117
4484746
-2619902
6507766
3244831
-4024614
-3727935
1212126
474926
-9004421
4120216
-3198523
-2467693
-2463874
-5545671
3299817
1172819
6552001
6103369
-11224620
7175563
1429022
7400260
5897581
3288771
-1128927
5424007
3624666
-1416821
-2462688
918181
2151126
-1666279
-1197875
4341273
-1473445
-1259392
-2846012
4573179
2092010
6765323
-2231944
4611032
-161634
-795037
-7487958
-287624
1017680
-8235616
-1204349
2080639
2528406
-6759568
-1998842
739231
-11236412
4068558
5058270
5402034
3416247
6663716
-3245548
146201
-12729633
-1971342
7917798
5253965
4505921
9598166
-3272620
7921882
7405279
5371964
8137514
6152090
3041979
3837233
6209597
5986961
-526211
6106021
1175331
2731590
11054257
2387689
-2469856
-2863379
3684861
6683204
-5992758
-2983693
-7862046
3092466
-4138002
-5668026
3673052
4598095
5158544
398494
9056311
1414036
-4717857
700492
9637275
1353806
509077
-783292
-3404674
-12590318
-723437
1378782
7245990
4310033
-8432393
8368132
3139332
-627208
-4568952
3048191
6403496
2114300
-334406
5638903
-3608836
2887044
4553157
3339694
7207938
7040348
3773207
3026930
233563
-1573814
-2726210
5437305
8224582
-7647699
-10600200
8185723
6486248
3150226
1459123
2839895
5873572
1659681
-5200681
-4975467
8636484
-10223556
2432804
448536
6932469
4749792
5992861
8681404
5107654
2160712
2606220
104140
-2351116
2747826
222795
1073365
8101215
-75511
77734
867467
5145018
1288553
6227194
266373
4151774
6725083
7555052
-545044
4562298
-339053
1805162
5092280
3121512
1281057
-2214795
3071043
-555656
2856503
8612786
4127266
3870581
7587840
10050701
5152484
4423892
-7721993
7314359
2193816
-4547113
10999069
-1133934
-4295124
4826410
2863617
9625528
3789498
-3824085
1000423
167635
2638009
-8374646
-351292
702230
3377217
5130581
1164399
1654370
-5975772
5771558
6009820
2795977
-3182626
6546567
4060547
-3714176
5282670
1757836
-1900923
5200786
1841442
-369513
-482197
1405844
3528682
3896726
3633083
-1699832
11282589
-428348
-1888028
405871
6716044
2897967
-11215567
-3110646
6328646
690001
5735707
3483344
6063137
5352147
3945179
-2224875
9469234
2549463
-6064004
2376146
3598313
-9055173
7402486
2916331
1756887
6506212
6173470
2263216
4076569
4701572
2300784
5814087
4882885
3030880
-3833921
528738
-1101931
7405704
-11063122
7667559
-777357
8691565
-1255317
-5829684
4090182
-8759849
-1710390
6578977
3027690
-2920717
6500772
4950145
2375675
-1554326
-6787451
5327707
-3979134
3151153
1869610
7072628
5473506
5665264
5239024
-629709
-1078189
6823996
3897221
6609706
1831307
4841681
2076572
4671068
5772041
190280
-1798111
6666571
981686
8016340
4383217
468736
1466242
-13143726
4859822
3946249
-9679946
2915516
-8592387
6091353
-28494
3429657
7757993
2720595
3519135
3199436
5898166
-2514682
-1030361
866042
1170822
4494965
6193200
-10851913
7218974
102985
2357066
3292866
-21679
5028970
1944912
3140562
4201380
8654703
4173105
6055305
7944119
6764437
7402296
-10524815
6960754
-12280135
-9548589
1873558
-2578565
-12763927
3672057
4734022
-181695
2991369
479564
-480432
9814684
-987748
9087816
-3365887
6448289
-430883
11618948
5715464
-712116
5837676
8561217
-939561
3547992
5264703
-3367326
1368364
6181984
5538392
2687588
4646157
-5677826
-8198352
7957569
1159141
6295494
2347286
-3156078
4694607
838692
-1454093
5440886
-645435
-9039474
4614765
-9725109
6107321
2023963
3236161
-10656818
-5714306
516860
-4612921
-10874960
5962874
6324836
186003
-12866707
8720383
-12265890
-11327589
8244043
581979
-2373648
6836373
1995809
-2292349
-447058
263649
4474299
-4555400
4614107
4996660
-1138246
-2828561
678501
-1326055
457820
-540653
5639723
2273549
-1185890
1008197
-12425472
4572206
8189918
4986307
3514
2563887
1117698
6808557
233494
5593474
-931260
-11525918
4372953
8743395
6339950
-9970397
2739748
-801212
2888270
3226908
5655124
2879406
-92993
7615686
9484759
1832426
-648216
-3210380
-9156277
3299095
-8625103
190695
-252457
-2477313
-2120366
4194514
-3375652
4302047
-4616877
2012444
-3583260
4329132
8308025
-5098077
-113550
6626743
1427143
7641074
-1091849
3514504
6533469
6109464
6964361
2894460
-3746233
7889857
4914951
7706772
-1470027
-5993155
2663668
2708553
-822466
4716137
910406
-4386391
-3761844
573008
3274222
-1083773
-1561426
-5336547
1818376
2210088
-6463488
1434685
-2439238
-754075
2207301
5163167
1452411
-5462077
-217115
97296
-906707
1913851
7829392
6150914
2866328
3177635
856549
-5776888
-8913341
3840497
6155391
-826640
9031713
-11550894
-749200
-150773
-5940477
-2568386
-4409043
6478855
3632487
6299767
1356700
2787688
4352457
-215085
-308156
-4350128
-542389
1928593
194209
-3466568
-8896807
2304328
258819
4224067
-964595
7096062
6388478
586414
4560883
3098779
6632610
7105518
-4901911
-6156289
7085010
1197949
-1205946
4249236
4298771
-1263215
-3773920
7947690
-518459
7904748
2443634
-10169102
3717162
3964425
-8882314
-12060168
-541789
-520623
4782855
2286422
-9598069
-4645166
4484397
725626
3727299
1643578
3565819
7579044
-3014764
6087906
-397984
9219981
1219893
-4601162
5312748
-9394080
-6323594
6508169
3488362
-516752
2279091
-3829753
9383439
-269331
-6411312
-881496
-176768
575686
4670054
6248108
5434954
3956401
7657746
9315779
-12599362
4506799
781935
-13111456
-7486597
-533190
6682416
2915802
-7294781
2160872
3149806
6017320
3513014
8034124
-14581126
3559060
-1435910
7751041
2428360
5403358
-2733208
-2008435
4985172
-11292608
-4486373
-7674106
213156
3383915
4425015
3254418
-4395769
-955332
3577357
7224432
5107004
3734485
1894250
-6103768
3505659
-10089475
-5019517
238766
-267309
5863451
272300
-6969255
8388213
9128760
1102630
147937
773650
4863704
5876434
-6659238
710001
667993
9252700
4376657
9300069
3677511
1029809
4801872
-3556674
-9370585
4284804
-5227073
2376604
1407194
646168
1388688
4860693
4983912
-6011869
-5326302
2368977
1642499
-1943825
-1292694
3858881
-2060253
354202
750149
3933396
2655452
987564
-185662
7425848
-39539
-2344466
3548024
-781154
-10478982
-4519898
3370607
-8457965
548591
-9808970
2520925
672400
-2185789
9683463
4932481
9615206
-9905369
4935932
-2290033
5537806
8541623
-8329661
2253917
6237990
5618647
1827617
2799811
-2634615
3468611
3687932
-3775417
4577212
2647712
10877169
-1531257
3255530
-5044609
3315945
5972597
3202034
8679950
671854
-9211319
-3047604
6172307
706144
-45784
5575377
3157588
-5132509
-3555203
4614152
5217436
6731834
5470725
3406047
-2537174
-3653992
-824924
3441763
9767042
2466034
9062716
6578575
-4140704
1260795
3429148
4805341
-902583
-4947858
-8470678
-4733299
-8479529
6467111
-2355153
-3706735
-741416
9255271
2283549
461610
879523
-572796
11507954
-9220985
6567450
-4661024
-5215533
2520679
6327685
6820510
-1088944
-3430614
7607342
2652907
-8757077
2675211
563360
4478825
1134243
1128210
81087
5443382
6123924
647865
8976699
-8852098
5062827
6428404
147270
7173872
-3406011
-5151900
6925686
2861204
7639034
2659660
-8480530
-3004149
2999308
4745670
-1085214
650860
5381627
2681226
-1398647
5707248
-5915893
4077613
6648197
763050
10321423
-11725002
-1034437
-12287060
3664882
5220746
2057968
-3508333
-1439054
-3827172
5133235
-10130192
5318573
1479411
-3027002
-9231374
2279548
9002744
-11512135
3506907
-2927988
2529784
5125657
5862910
1261222
-1802427
1026516
-4607177
2292153
-6333750
3480230
1003691
6114384
8213938
1793925
2051855
7749535
-11095845
-8681448
-4161403
-12130278
-3776837
5720017
7152270
6642781
-12990309
4156073
-3793279
1073102
-2434698
5070062
880473
914657
-245713
6883969
-8324449
8488382
-11780335
908661
-8012675
6129940
5541347
751905
4217546
6865161
1862487
4049460
-4754207
5204718
2906909
6294735
-729076
-2101036
2877850
-8354962
64058
3192396
-2288051
2387250
-4490132
259639
2921774
4320733
-10899631
3083476
-12571956
6127757
-531215
-10023060
-223353
1255735
6330054
-713446
-9596239
6865434
6254704
5791166
1355933
-318430
5547946
-4368489
-9731981
-170393
7064197
-14973
3660134
-1768061
-12851222
984389
228243
6208462
1135493
2921727
-1817512
3787388
5379105
-10406864
-597857
2324080
394948
2178479
-10431466
-6591604
-1060430
2577481
-258018
-4441933
4100283
3206257
-2938576
3368403
7140649
-6592088
8020549
4490037
-3451363
5496274
5293895
-2826952
4136066
8122049
58449
-1358612
9740445
1832005
5534863
-98056
-840006
-3870625
1929483
-4421798
6106132
8341534
-8705786
10057010
-9811497
3810223
-3904998
5474005
-1016152
-9403363
215404
-136904
6186069
365871
7314533
-9213488
2038506
7610824
-14139635
1727979
-4736002
3552374
8394879
1741075
5614857
-10118211
1500448
4902114
-4066021
5005981
4623546
7335358
3727673
4358666
-4028835
-2245134
-2168874
2515830
-6675028
6496041
7037726
5458415
4720303
1613634
-7910962
5340409
9132884
-9411543
6421602
2688293
7302752
-4368694
11720632
-6355018
1393911
-8373493
-607678
6956732
6702870
4304806
5518486
6525881
2570545
4361362
3316013
549767
-5506936
-1825104
5123118
5986238
-916089
-3978994
-453272
4550358
-689808
-9130753
5770659
-8315488
-4199087
2802216
6941023
-873487
-755602
972364
7520404
6031346
6069360
2734151
6181992
-5829614
7299207
2234041
7103792
4459137
10692970
4367145
3542292
-3599688
886439
5964016
-8352371
849422
8923077
7293327
4524736
-17200
-939144
100020
10353626
-5675994
4222611
2758828
-5851445
1610803
1879245
6260793
7144544
-1822455
3348383
329122
4992656
1337506
2155601
1553620
-2055474
7354631
-488304
-9701958
10062465
797139
-2322985
6506712
8196753
1145989
-11592982
281275
-62478
3969786
10060215
-247264
4866898
465688
-1381505
4831649
7370142
-2862438
7834011
3939141
-3051296
2347110
-611931
4288990
6235926
5207369
5199303
-1240517
510703
-4032920
6001566
-4308608
10450199
506199
-3139728
1286192
-6045609
-2215762
-9570901
5618127
-1991244
1775499
4099626
4332338
6338482
637976
8160726
6442804
5147393
3144422
-7208158
-10159884
3538143
5153684
2707835
5460687
-2238177
434355
7298007
3652879
-791186
-1933419
-8188747
-1449081
4502942
6260310
7510535
-6795371
610489
3578299
3764822
2086508
-9057275
-425513
2129253
8041648
1859203
5726220
3514143
3269365
6975259
4670209
7445234
741936
503404
2717098
1122163
-4329893
810737
6412705
1385139
4393731
2806481
-3105837
233208
-10271748
4103515
7213833
-1164538
620363
11177038
2778976
2197283
-683976
-7961036
4641766
-3588509
-8608304
37011
5430065
-233950
-1913704
441728
-1295697
1915056
3709945
-8800162
1019315
3996406
4804287
-5130562
3671375
-784545
-225492
6296168
-1222587
-3375747
1693588
-182325
5779166
6649149
7016725
3684159
-3472561
1767536
6071785
4418716
2031673
2988273
5626834
-8346460
1558314
3967214
-9864586
-7052032
-8681171
4069598
-10635398
-2330930
3774943
1588274
554002
-4106744
957387
-3304175
5007987
490699
-3667764
2717538
4316372
-6807916
7292246
1645694
-4095807
2730397
-1556259
4787127
7599850
4637575
4378001
-8209063
-4048282
7243711
7876101
4828135
3760726
2903814
1619668
-2668978
10900963
785614
-2900624
1367645
3090054
-2198009
3744998
4225640
3342917
6838292
-3356849
2660380
-7941112
2764939
-2661525
855589
-593961
-1887229
-3733899
1597769
4894085
3345983
-935895
-6370913
-3277558
2522857
-675612
-3109718
-6760578
-2004203
-3378253
-8754353
3118445
-5004889
5841345
6608734
7850913
6983492
-10207042
4996733
6439262
-6281946
-1884168
4638281
-9298761
5298900
9215228
6166499
4781642
1748349
4613637
3188807
3011553
-8935457
-9156368
-460501
1828096
1829972
3210824
1910032
-2110722
145245
-4617653
-2057112
-6523179
-10212032
6078442
4649187
10531791
3268163
8458779
437102
6943531
-117666
1922133
-9404371
-1490389
6403587
3857997
6752579
297692
-1914732
-540170
-1039040
-7201485
5993465
9225157
2822882
-3363644
2319083
-1534053
-2637627
3301540
-9418462
4345814
8882992
1195487
6620715
-6352470
5111285
163965
-5627998
-2355
6573199
-7214814
206759
-2958746
8138654
3981492
-1464790
-10213881
-4891683
1251936
2629057
-810624
2184036
3540943
-4010630
-55015
1466881
-3556082
-59281
1280905
-6977435
-3766234
2653560
6500167
5046182
2914705
7259123
8647277
4781080
-936376
6082956
7830017
-5378447
8287813
3761152
-3212506
-8176829
-218660
-8178322
-3033837
9354290
-3100779
2050062
-11617901
7299263
-3365867
-9749739
3683146
-8125936
-8343745
3169406
-8352456
-371692
68979
7746034
6189624
-7683994
-76621
8673301
6187711
8869052
811494
681667
119200
1594052
-8909634
-5769695
3504566
3016446
3077110
-4054841
2801320
6961289
7723571
1299857
327671
-8932823
759977
-253651
583403
2711264
-3389586
-594330
-2692100
2634457
7309288
1910887
-3699218
-915004
-3313746
4820053
-2330342
5687791
-2019261
33563
41643
8332712
-5072707
2923993
3850348
689448
1862183
2288074
-13158901
1757793
-12237452
6596902
630125
962148
3199846
338911
4063657
2781221
-9824080
7145147
1449872
3742749
2869360
2937723
-2450380
6145647
-3381810
2845288
3680432
-535792
6144776
3143788
4323736
-1432505
3502711
2196911
4989318
-6634072
-14734150
3181028
-10184834
4893092
5544512
2503149
3501191
1209619
2261238
6342157
6076080
-9729277
-630603
366392
1552169
1688599
6358212
4140388
-455617
4820874
1732658
9583673
4137631
300142
2915778
1775585
-47976
4245643
861247
-5596596
7724737
4015475
872680
-12038595
839770
-4094557
-11613572
1164366
2780436
6863954
-1507616
-99255
-473197
-292170
-5172753
-7806458
-8892674
6295287
5424495
-3077006
5106315
7353986
4922630
82674
6857409
-1833584
-6651263
-1783990
2164799
-408842
-2621135
-2903463
3021931
4906518
3805791
-9166665
-9135052
-4308188
1493694
-650885
-572269
-2309663
6221610
4278399
4906341
2971780
427417
8477092
-3195130
-6520292
-3972371
-2275010
5153597
7285592
-665338
3834854
3757130
932724
6814017
6166913
4820440
2947240
3373131
9844857
-4372386
-6440772
2670160
2539302
-1148851
-4349375
3195897
-6618890
2570271
-557920
-1039172
-1830392
664194
-3280796
5819400
2561143
4779260
6507341
1010025
8631686
2077452
3973963
-1274733
4127294
-1531077
8503197
4594630
-4108200
548666
1020176
6449918
6794672
1242622
3280908
-6160446
4462162
562721
3947539
-3523738
4899489
3234839
4325190
5573063
-1111223
3901980
5693985
8123401
-4348436
-1138766
2746203
6459413
-164915
-53432
263777
2983269
-6096485
5697356
585517
7503069
4253192
3144944
562119
-3989453
-1816062
9215563
6669910
-781722
-11857201
377739
6378340
-3154163
-2207089
-10751381
1016883
-215457
4264748
-8647363
6116671
-5091654
1491207
-4192495
-8001290
2469323
-3598973
-1923110
-1026420
8666122
-13115775
-10213246
10029102
-6398041
2757686
-3586480
-1237053
4186629
6083252
-8206733
2019916
1323951
7415398
1015427
3550928
-7069586
3324122
1942917
3290811
-1533872
5466458
-13105044
-4516970
1077569
8207881
-1367425
5802265
7331229
-3295846
210735
-1122825
6779166
2110845
6352987
1581557
-7762385
-11167161
3385100
-1189381
-9124719
-460661
1189721
2482473
-11179967
3221646
5619623
4438364
-334261
-3025556
7938006
3243071
-1763876
3500812
5255191
-715684
-2991152
-10480770
-3263003
-442176
305842
5036683
5469502
-2378632
-9431617
4555451
-630435
-1691511
-8059697
-10710253
3210973
-10470243
-3099062
4839042
-3813209
10087133
4042389
4667119
6281561
5032227
1034083
-5020794
-1352882
-4707407
2741839
-3098527
1786469
5554376
1556964
-895329
-276520
-6935369
2844216
-12068674
3511006
-3059083
270574
3179532
-5017740
2381614
3012555
-11769889
3772913
8883169
3532138
234253
-1779401
-6373074
6807379
-10490975
4423697
-1061923
-6031509
-54291
-4973244
6994123
-7285815
3929044
4757658
-3845823
-19958
7031013
-5422116
-13039773
-10547552
6252065
-11525675
3169033
8773264
3715468
-10129866
5891745
-9567579
7544337
7093802
-312981
-3839499
7733335
2087626
-927192
4541936
5942360
8109083
-474697
-8450739
-10985836
3405081
-6281243
3919973
1310980
-8732664
-264736
5775893
9948607
596248
4794308
-862228
382114
1475258
1916905
-608393
8609325
5130939
-3222920
9192860
-4118025
6407134
-1338830
7552181
4813955
-9427545
8013809
-7982581
-501382
2157941
9640276
1024454
1154917
2611459
-3915388
9202638
8851589
-4506649
-613335
959392
-8987612
-7697878
387741
2317255
425282
-3832727
-7139451
2122281
393002
749977
-7074298
-1770159
5431019
-7495154
-4602950
-2033506
10345317
-5452643
9545493
4017897
2103190
-8188170
-627226
6225057
6794859
-4795427
-347180
5435135
6619691
5678536
2962014
11008888
3131745
1292656
-7547005
-5152597
-896338
5874810
-175960
3439971
6799401
-10271390
2828478
6657453
-7046862
-13049439
563586
2402981
1377485
-11065157
-3418443
5860030
3398305
2878430
117396
6025282
5107551
-8348357
5944823
4925438
2081382
6435409
10669532
-1304236
-7484385
522411
1859063
560718
-2793798
5989310
-10232381
1045972
2718291
-11516121
5009811
7508813
2362931
-389693
-1512089
1802289
-2335115
-10502561
508614
4720192
449258
199805
-3388814
94830
1737237
5702723
1056710
5315396
4219826
5732135
5197466
4958792
1020352
-3779620
2080053
-1413002
4973250
5356709
-718715
5217699
931149
9159257
2214564
4633936
-175388
976573
7303294
9313199
2957201
8600973
6460640
5493629
-3536096
8386616
10304841
5316364
4043861
3951231
4086359
-3096122
9486109
5055167
-11289226
1513912
-5021763
993665
-6366809
-1839775
4010378
-7823177
5420967
-3668670
215231
299155
431653
4945069
4318232
-2274777
3547840
4982491
-149354
5334135
5126826
5981607
2291784
-1873519
9307622
-1201286
8766756
1527792
4626177
-4659256
-1044839
11132702
6442192
-4238347
1269205
2447239
6175616
8043286
8093859
3292016
2999947
4891067
-1590177
285112
3781244
2968615
-9922106
6661722
6514040
368101
5122094
-973834
3752457
6256965
-6699962
3528269
3581930
3574331
3260510
-4555305
-3054438
2614068
-61667
7450737
-6043313
-157531
-1141547
4672322
2283001
1842149
4752374
952227
-7963086
-4649376
-8755979
6251075
5572329
812134
-4225758
429164
5673187
-5656178
-244674
4350151
7280882
-5783340
4442596
-3083622
7091620
4359921
4818629
3719819
-1030774
-8107213
4172974
8067316
3752621
1104792
3421815
-4176493
-7400315
2531764
8947380
-100897
2730715
-1018332
-833071
-680089
462520
1718116
6016112
-6185493
3547985
4586656
-392915
9420723
2061718
-1486720
-1735504
1393971
5490380
7125609
1952980
-2829158
5807174
7849882
6844039
-1307061
8352776
-3618476
121802
-258453
5895477
1361072
1959763
2474520
4885903
-2679541
-838940
10037905
2810700
6842289
-1001944
-626128
-3104051
-9997900
3655204
-622367
3811602
14056
5169520
2291771
6233305
-6883319
5067044
-7373082
292626
4324109
-2206359
2717780
-5837131
-1013731
7521461
-3570282
-9797097
127680
5871243
3284188
231167
820769
-1029238
3165459
2059765
728506
3752772
5703283
2993825
-1125364
-2122483
3428006
-4187480
2821
53175
-1255999
568595
2470221
6113341
-8719066
193722
2524513
891968
-6060846
3623998
3446960
-2489991
-424255
3526994
3017234
1869042
-413580
2371466
-9875860
5156091
2905135
6075890
-715183
5483077
5034485
7193519
2246600
8486825
-261553
5528750
5971204
-1395537
-1456198
134927
5365098
8087349
201527
-4358219
-718778
1522802
5785651
2097366
1616293
1600003
-1144452
4045573
-4201073
4944481
2628011
5289132
6822260
-3585506
4970929
6312009
-3889273
-5699873
-10189871
273850
4475822
2290148
7577287
4907508
4976826
-9409968
587486
-8498187
971878
3164974
5608432
-452849
521309
4242354
-4602063
5466615
7005677
-540202
-595638
2856762
9177260
3144417
4989405
5219244
2794222
6944305
-740736
-3154308
3694730
2859736
-2938031
2356300
8699035
-3748401
-4454163
2552000
4895591
4063907
1617649
539452
2126559
8975845
6951445
3681900
-5003057
-1047699
4935938
-2324985
-2487297
3049863
2744603
-9179965
-4478218
5418227
-1156580
2798245
-732271
9395827
10843157
7155932
-2903208
-2465909
970802
-7456429
1099581
4101401
-398531
-346741
-2646058
2353372
52160
5330683
3602433
3209262
663045
3742293
-5965649
1685479
5097393
-1424582
1422341
8036005
1410370
6138443
2135318
7130909
6864200
5032725
-1394635
-333982
-5729059
-9349141
1351625
7674605
-5513960
-983033
6891396
3724146
-5059029
4174074
-5172331
7351308
281457
4572102
2460947
5333035
-2493701
8525864
1036364
6699530
-7341973
-5053826
865702
2343899
3211069
7131027
-3869455
2445184
151621
-1414414
3408947
-1494957
-388651
-5190773
-5254629
-4816309
5444878
8773068
-489867
7807755
-1748861
3905426
-9343315
4922221
9684304
5854436
211536
7945141
-70037
-9417639
4628705
-1505565
-12636248
-12450992
-2769902
-7170421
-10794325
-1786365
5215094
5944096
10938408
6493007
1750998
7668911
7391075
392873
5606214
-828864
7848641
-1199907
1155577
1966427
1691946
-9739573
829682
4508214
-344368
2243303
5515921
2344456
-10990466
4143114
-1152709
-7229605
-13245412
-8308978
3829349
31187
-7467327
211595
-1889003
-6392359
-9098735
7449082
-480047
-1538948
-5113208
-1761198
7163747
-4642434
9893975
5157362
5763336
3118994
6518040
-1395480
-2606832
6330761
-6746402
2321719
5291867
1639844
5152863
-7762151
1379260
7604484
3582088
-3851564
3634362
5485321
3273444
3853173
-5547386
3237264
-215715
-1029230
4830772
4218122
-4659995
-9852955
-8653537
2106249
976093
5111565
-9359379
8114987
5761331
-2087227
-2539753
4256510
6426299
-2263685
2777990
871860
-1788978
-374550
3234031
2383629
2259262
4105176
390658
5555740
-10572622
6601499
-1059518
3366188
-6206197
2117792
5739736
-4028396
4033259
5758018
765614
3634460
6919080
3667731
2072093
-1108224
3999701
4225963
-730604
9806116
5947103
-78686
-734342
-2759135
1513997
-4035482
189899
6669777
8597411
8292035
-887930
10993433
2767675
-1054739
2916977
-6406886
-7916282
-641546
6698393
2736350
931212
-2484121
3895364
4417497
4542077
-4252981
711579
-4970701
2625055
7249403
8825190
926777
1050971
5114452
579654
4095417
-5117863
-3081961
8719544
7395846
3446539
-115585
7088349
-2804206
4466490
-9807255
3007081
1024561
5073882
-10030706
3562060
780317
5372636
1862529
5867275
1024145
4985094
-486782
4249400
4300170
1391491
-6080346
-876897
-1416094
1707642
7425569
-5267804
-11724580
-2455232
-4401344
1879441
5673569
-3440361
-3684327
-479175
-7950260
-8798036
-1583090
1291522
604703
-4055194
-4267320
-8435691
3632365
6242058
3321597
-1981546
3681583
-845525
-6168863
7346039
4657358
7193440
3435683
4771673
1124048
6303745
4213157
3482654
4030162
10075966
9217850
11181411
-2436778
2025672
2340514
2777716
3631681
4907673
7380738
834217
-1767585
1760229
2564804
4537513
8716308
7611217
1628160
1463506
-280575
555728
2559023
2916490
7176698
1571902
4249957
4060412
3117315
-8917592
-12997348
-4055746
6185544
-12960947
-1356749
8172613
-5814102
6322180
-2592581
-5799303
5322805
-1720023
8179200
-4398767
17649
6453581
2556156
2890537
5970445
-6433197
2897627
-206168
4897848
5184225
1857478
9054170
3801858
-5962290
5665643
453585
2804358
10259503
-10929837
1917082
9343194
-689199
779727
1186174
-4616101
3428304
5983437
-2927340
-8384142
3883180
872922
5762975
5162620
3580791
8117914
1316659
7555406
3112755
5302869
8565049
1222640
4144684
9557057
2685207
-2885467
8219447
-5769823
-427476
464485
4351304
-4860348
-9623036
8148210
1251030
-3618313
581022
-569319
8403188
-17381
-8880101
1049644
-8730494
2611994
-6034704
955814
1207671
2061236
-1352260
2776977
-3111138
2740896
-9607868
1843216
675510
350539
-2959112
1166084
6454250
4001777
3980895
76369
-6089194
2313815
-8126108
-3538805
2488182
-10226360
-5132290
8014496
883787
-7411494
1014649
42646
-1495038
129246
881469
-1780389
1670585
10101572
1310262
7970800
1315255
-13201232
-3835912
6600461
1979016
8161661
6098404
5285738
-147926
4770195
-7671512
-120420
6082369
-11739532
-5667247
3659782
289842
4295058
4532006
-3823595
1946503
1290635
505381
-280328
5472381
-9320362
1036554
-1507170
1718407
-202180
2798493
-2149896
475251
4915573
5489734
-614988
177949
5330037
-10911877
-2159428
-1029162
2272441
-1038261
1688258
7864672
6419500
-11924563
6247633
-8741287
3523744
-730296
-7395460
1708558
375287
4269191
-3212609
1639535
1475018
3678406
-2283633
-11560771
1347710
-5009407
500885
334966
1998320
4059907
177097
729796
6416498
2651757
1863172
344683
420573
-110252
-2540478
-3680983
-5182731
6705846
-9643242
1301646
3845715
1147143
2423887
1741233
2665310
-3095245
-822343
10329031
540121
5895645
4317919
-507619
1172538
880750
6357526
1807307
5204664
5744640
2851946
2787314
5932436
-4198674
6700934
7743761
-3090668
1332258
5109088
4466039
7667461
1881105
5176197
5938800
1430768
5505730
6912
6895715
8145083
8017048
5869660
2604436
3563668
-10535982
-8054354
4032057
-11503800
8713881
2389389
2260313
-7335967
2266429
5264686
-1752237
4010568
-8975424
1659714
3166444
2921436
1363147
-427120
4776751
-3591193
2455146
4281180
3657177
9481119
-1358945
1744210
-9412927
2443775
9603038
-591846
661107
9429600
-493071
6372216
-129450
-10475913
2220798
-336215
3410761
2052796
2135667
2037551
3621618
-953603
2988924
6165419
-1939983
1708090
-2471195
2275750
5124020
-6715798
3213337
-7255334
1772872
5454213
1595383
4101494
8029132
5902709
5085706
2357906
6306395
-1098345
1282928
5832745
5060814
5450268
8408330
1987469
7408934
5470729
6739834
6097845
1347802
-8139562
-1623978
-2016919
-8041287
3972113
-5105593
4535652
-12915235
1334200
8279543
-3241889
5170157
3769144
3729281
9506492
8631530
320147
938186
595631
1439523
2249024
-4089955
-1412817
3597293
-3361265
866089
-4313308
3978647
119560
-9238391
-1331662
4340505
10075678
-443634
1049534
4359396
3240089
9604206
5643939
-5253455
-92941
631979
-11850320
-1131552
-2391344
-419750
7137463
7729956
183566
-10358285
509074
1819771
3460430
-5537200
7481425
-2482271
-5530588
-2822256
-13040879
6165836
2991212
-7338047
10108200
2169785
6092974
6760774
3912198
-8364696
1232309
2159423
3467915
6707369
-7920729
-2535682
-1813009
4612914
1652732
-4336690
2475370
-4236408
808671
798129
3304744
-1118605
-828411
4463462
5524038
-453197
749291
-2577271
6737494
6295109
-8117531
-7713006
-1862258
3239812
-3287564
3381710
-215381
-2631308
-1795423
1601977
-3331576
3508079
5417662
6769140
2452137
-9709578
8342394
-9953008
-9441371
5966350
-609494
3424993
1957582
2765052
7166569
5955033
1131762
8548309
2124731
-3323940
5594614
494568
4609797
-9207596
5050056
-136026
5077290
-10555084
254124
5257255
-3817103
-11244489
123548
153544
-2201317
2127677
3080362
1942549
2716192
-2171488
2627101
-17216
-6590059
-3842719
-11869917
-1882801
-2713906
5149357
5617191
-1913418
-92828
-2236110
-5033918
-1007994
3361065
3449926
2644237
6182847
5540784
5752230
719407
9674341
259027
2747225
3675827
-9576714
3623309
4214785
-2360554
-134466
-22821
8431408
6969475
3482766
-3306432
-590488
4542672
6577556
2756835
330307
-1623230
-3027708
3615491
-1723308
3539906
-551615
2272292
-6358007
-292210
5416327
2171900
-5908926
-2051727
-654457
8108800
9787845
371652
-9308952
4601183
-74339
7754437
-173552
2090812
7899474
9579690
-1288049
1415054
79648
-7361793
2923741
939570
-9005561
2211763
4668580
-12614015
7508197
-466830
321533
-5257833
-1419718
-4560395
7791252
1677672
-4777994
7052017
-297043
4496627
-8187225
3049715
2375892
555484
5420508
-10154716
-4576335
612586
6960207
5142486
3048122
1639256
4345387
8706968
4610465
3711443
7446147
488132
4699948
5602185
-1667684
-8224164
4868272
-1672561
-5177185
-18382
1790061
6680587
8084004
230993
2682871
459278
5216338
-2807683
1694178
6584094
7155375
-1245858
6186407
-9673222
-10151910
286878
6105248
2405638
1159408
-2352328
4434350
-171500
6272754
-660358
9252492
3416528
2133859
1094443
2015322
10996161
9535165
-663222
3208485
4085891
-10976824
3621999
2424454
-605584
3978468
4511618
-10905238
-8880108
6820703
-9099337
3100911
-4175873
2276345
3617716
307713
8591913
-2073029
8695358
6387611
-1093864
4690146
-2332763
6888296
4288534
4015722
6873906
2299855
3907660
5420843
3228715
4129714
822741
6341052
1807728
-6459124
6836509
-1801788
4178241
249666
2549937
-4545044
-13778321
5041877
-183372
7946012
2147414
114132
5539966
157364
7454658
8907488
3736218
3416306
141391
-2383077
6754205
-9701718
-1427773
8215220
-98405
6228404
-5902894
7450846
10082119
9323851
-1149123
5359628
-6465311
-3151275
1312005
913501
-9986161
-994936
994428
-1614488
493276
5403426
3924199
3616038
-504976
376243
2485830
1434687
168645
-8901155
1962764
-4365549
2915354
-5468770
1443655
863263
-1021686
953762
5585609
-1162917
6496685
6417965
6737624
3276005
7644303
5042439
616738
8306195
4775768
3707580
-1825890
11752281
1337890
-7289708
1724727
-8403829
1312611
-2846263
273658
-650269
-2752703
-2904704
2443173
1078872
7088745
-7312573
4236322
-3895425
7035522
6318716
1690388
-4927956
-3556716
6214237
8324115
5519583
-426808
-1301730
4037930
4758580
2046103
362000
-865625
4765530
-923687
-2976151
-732085
-1196274
4299143
-3911934
-4443977
7053860
484020
-38846
-1672519
-308348
-2441245
-10541853
7796903
180421
1908433
-7916220
1327947
53397
988894
-1659845
-2731233
-826696
1571758
6928163
147106
113938
8988225
2722893
197178
1596984
6974328
561750
9744837
-9066167
-903586
-2527935
7526209
9388909
-4328038
-5177404
-93036
4196856
-3149801
4473720
1631552
-6224303
4978167
-9570409
175805
-1666069
5537619
-3621092
-387434
2071555
-1294994
-2153398
6308175
3299142
-3280433
26753
-2074476
-7788105
-4015557
5423185
-781874
2170566
-3953982
-449874
2818367
-6564651
9601832
-259288
-7925297
5514035
-3083248
2281761
-724891
5465960
5044143
160526
947980
1235650
7904324
2080775
5342745
8193189
2107299
1659788
-9743129
1777685
3695567
-7625983
-3356664
-6030960
3048568
-3657000
1782190
6084141
5066807
4291362
565029
3622591
793835
-6663422
3434493
6626594
-165033
8111749
4530857
2773969
-5336407
4420928
5523941
-7919240
972362
-625687
9744286
3419058
5443586
5014980
-10186308
-5055332
540397
-5580956
-12488546
-2823779
6686515
-8524091
-124739
-5352141
3542129
-11469662
1403162
-9423493
3200316
5127751
1116253
238766
-540628
2704898
5637799
2268753
-5214335
-4516691
3616547
282899
2540034
-9018886
9740636
4004489
-6150167
4703184
-10475938
2220662
-4327287
-697893
2470488
-2745227
2203699
1170780
3576279
3237884
5150107
5499387
1819646
98949
-4906465
-2914585
7144044
5603443
3501511
8975798
-1713792
-258482
-3493858
6594152
2949420
-2544964
-5742560
-4052967
-335231
-807245
3367549
-297730
-1231553
3295675
1393523
1176185
-654990
4559515
5697060
696450
-2028383
-9992333
-2308361
1932745
7820065
-2881987
3753152
6174805
254435
2069901
2908093
-736960
-2065072
4966422
4511423
-1531112
1842817
-591102
4354343
5501650
-10011480
7022355
-1886012
-1502993
8806255
6078884
3874225
6705269
8036734
4082357
-8369013
4812031
6189319
-8772976
4737650
470387
-198769
4744009
-8412217
-930506
1718211
2661670
1031454
5925394
3579518
3910736
5305596
5865461
9622438
296307
9043570
-128197
5161826
-6168597
-1527128
6318096
-624093
508258
2764747
-12137913
1876087
-4607006
