225653
724109
-521528
141309
1519858
1882131
686672
-306794
444286
309726
-233940
219673
855454
971407
660092
-472432
132817
-120175
1376972
172761
853464
759455
853027
1202284
716871
354223
-952248
-716156
-674214
742359
-82984
-727584
132080
124124
829446
488337
401103
116523
1178236
235676
-640567
358897
436563
-469121
-30163
1326055
821760
636999
1240107
108269
1305465
227837
896992
1363734
69064
98341
468767
-865411
843305
201585
-795951
1043103
2036484
-59490
-803404
65683
682527
-750563
-805924
758775
927651
-883337
-46525
747751
993798
1051893
424481
-69247
65530
-171052
521561
257965
-587230
880868
-193107
911484
1541589
183276
-735614
-800709
1910861
-731022
118028
655400
1229454
623891
703354
1706605
1228983
1245039
673490
843788
850032
320074
668815
269551
152321
1300754
-125556
-33458
120594
1914995
-770338
374577
-597575
437790
-360056
-33698
221374
1074107
1073028
-278308
55129
-23965
1026668
773982
409442
1464738
1499959
1050106
-402212
417610
-793249
239546
-780506
852451
352597
1139801
591663
-292564
823854
735524
-70122
570067
-471835
136082
318894
1514988
1075627
-8185
905446
-25628
-508707
521046
342797
814446
1354700
-151033
-413465
-570420
-583035
559034
355935
105651
-436561
299468
280572
1417099
165195
-103914
-274455
494225
378087
705688
1281771
1658283
-148369
1526061
311174
1104733
-1183827
-1050407
191843
1187362
1195534
640943
-881879
109927
678052
-242206
608774
-74575
-92195
-734445
957016
249469
720314
1458791
1366786
95186
223792
346129
626685
370137
-113258
-835904
139964
1045168
251633
-947496
-325315
-361545
348244
-766623
968157
-919463
378269
1183093
-35245
328320
779470
303783
-1061900
-953281
-433642
-780992
1425128
-228143
1031447
650832
-14766
586251
479917
614429
629024
-251400
1992510
-705837
1241852
898931
353951
1046464
734780
967765
467039
571278
-538729
705020
991473
1225574
-332162
447728
16599
-218104
549915
1034755
719702
445840
389981
-155163
-1071794
403917
155601
127018
432489
-410606
557159
46655
1482309
1457956
646954
625946
722207
-88501
988425
785458
92195
1398487
165605
-77208
1541356
-802971
606375
-594050
1247208
412895
106150
-421989
753707
-4586
1499453
-135160
329370
148884
-118997
1065123
90717
131850
485519
1742303
-723634
1101845
833958
-466996
-333616
753049
148540
-1226436
496278
208941
431274
643837
251877
118620
1363172
103954
759880
-23049
-131093
-31778
-232559
166974
1206527
837851
715510
180266
448286
8368
-47448
190656
-155722
101478
-7065
425650
-609376
705845
-515034
384357
24881
294193
698437
132659
-227542
-89378
-594943
-764350
906460
-282953
-267020
647094
1104068
-518697
233153
755680
91904
1111010
-978039
-588177
1187217
1344116
179397
1331964
-943680
1296825
1210846
398757
787579
80445
272330
94503
264757
-132973
860102
-134462
-32046
648406
-1150307
707133
-302789
-57446
1229558
871980
682434
1112348
578588
107043
73535
152628
-133312
-71648
332294
-219860
-701532
-80239
65970
297991
-435034
831208
225945
754516
329751
143634
-137337
270740
1274998
484401
139244
904321
-172072
193219
1356978
64090
202908
1189818
-594703
610581
-540757
-1012320
-118665
322586
710022
1273263
1341101
-188785
-415617
888973
95144
1488290
264806
-955580
478234
1349829
72589
437267
690464
896162
-195072
229755
-1069848
1292600
1675932
-108992
-144543
614468
2363
-90285
-368341
-308910
6883
817587
67721
455029
-331273
199234
970276
-241040
404071
-690650
465818
373962
225199
-853059
544804
-66859
1036805
-661901
-56227
100137
400960
487728
-216690
-789534
-1027836
267310
515206
659796
405686
768072
1468011
39655
379701
262520
905731
84207
16586
233445
1552117
1464269
336886
-149526
374375
405208
975026
521120
544012
1512150
-362856
361342
1774688
-340917
955339
1956061
1308050
1018173
487515
-554736
-179047
839526
-664420
-240290
352584
723036
1032590
101337
191907
377622
-12935
384637
133624
165857
1767258
1349951
894900
-383225
457597
-535510
-893326
-446151
-184449
320687
-21680
-201110
-152781
327007
338046
-1013603
-267941
848692
225597
585677
-88953
839999
363738
28737
1188769
934711
492902
-761555
-745903
-685791
891645
1693362
-11645
1663778
-50169
-944288
-78009
220542
-259973
771373
-165854
-1007290
-146306
1392825
640047
-234028
-755051
-1044995
842995
237334
755036
862904
342131
-227825
11181
747368
545332
835801
-607090
423217
-205116
136789
-470488
-829993
1177953
1924993
51813
1934193
-208000
1307873
-310606
-904911
451550
-320939
738724
-336931
222449
380812
-1826
-1164663
343052
-223577
415043
1430792
255344
164474
647087
1338396
-912656
-733030
-371959
1677681
-39232
-1113049
887751
158227
29211
1104920
989438
50255
-119719
1147179
294163
-832754
-854703
256079
970359
918909
571721
431919
1173996
-10027
56578
2193049
1771726
325714
-611771
-12814
-698891
461112
-350083
57447
286002
962923
-593511
1690164
-68458
1009806
279713
-112288
246246
-306835
-529041
-803547
53798
-1075895
465734
-488713
-477179
1130946
-468133
993443
-45552
526218
-362939
598092
1402225
800524
1014313
1473410
1125706
55581
-185028
488274
97383
460121
886214
483318
61701
-154264
743738
-76731
-23675
293243
-1001892
919392
48151
728822
81897
636679
178512
-89405
625396
-1012212
-753795
-1032277
694847
682097
-194757
726594
-320144
-41818
324074
351933
-623291
368877
-62229
-742195
694100
-45282
-743078
565804
-673745
-37984
914205
-550450
-568961
154788
341711
-462938
-1059343
-430540
742791
493562
674706
130099
702171
76322
225946
161860
-554327
812562
-772221
105213
-700254
604454
633910
161304
100662
738538
610216
419645
162741
898004
-791097
-110313
800125
-23647
-1110415
299562
-192507
581073
418554
655783
488394
396448
-409907
-153524
-158401
450123
655945
178354
-171822
604044
-591079
425401
149531
-230211
-112467
-148083
1017957
503122
1189553
431104
993731
485352
196272
442478
-917224
1592668
-368023
953811
1433807
-956419
-615836
719425
-269717
-229965
218138
-380408
1443813
285523
630604
1425595
-1098371
1111707
79263
1168685
541333
104462
-302338
744844
-30626
602610
-177717
679494
413544
-510805
1666693
367198
660813
890138
225402
-645820
-218270
57948
844940
740832
-626388
-464205
887841
28755
313449
1034420
290683
978081
1066806
-276887
-647984
280266
-206525
734954
100194
38033
-23800
1328782
-147890
995067
79031
-981059
-658226
-170143
1210755
-737443
-634588
-378495
-215432
914557
-83665
-484883
-116727
-132936
788573
841653
552049
-133287
-418992
35026
751265
-882514
-404930
367380
1402139
400744
-49091
1259375
131222
-770814
-638258
-929013
1488503
-962915
-20844
102526
465002
-786047
198444
546689
-1113507
471570
1093586
282806
167306
-68035
-1220051
489267
-50373
996520
959342
542028
-569984
119522
88737
851927
186207
270546
-106493
-817115
-209158
874233
-309023
1725004
279182
-323418
-1171323
618885
-382828
195281
-964769
156623
1153945
-756935
644041
82150
503690
975412
655558
752293
948191
-146811
1183264
124745
900680
704256
-878419
-139766
-839821
697649
792745
912456
-296938
273618
84595
352388
-45032
381485
1080272
-645149
249126
506140
1589510
541187
324648
-492816
-661601
-180309
-989267
465036
239584
-293367
861054
166230
-153945
-6775
145184
209233
-689351
47373
-203699
-253551
-28484
574879
816978
-101426
-1250532
339475
110128
-856252
76745
-443350
1306291
-65565
238382
1139600
839728
1208703
1403202
-341844
1634004
292020
233847
771738
244349
1115628
-922083
1091920
-970438
45305
454629
6749
148858
284568
-173852
399025
966198
-1158275
-1064839
155016
84176
-253558
-40772
-677546
703510
1277010
-186392
326169
1611238
-433382
727022
440951
118810
334275
1579770
252634
625849
137259
-901796
-708
1125377
208997
118685
-511
-4598
-54252
1024701
1271851
375160
63908
825154
31104
-150674
-356696
753512
-460924
64979
1842846
1519942
-887739
-778131
90820
1103485
289529
231982
1245084
1715827
633435
1384248
369847
686655
190070
846158
-150250
-903056
944023
605890
-697248
41834
437776
850377
-64364
738282
-29025
225222
504542
-498902
206830
598493
205369
567968
123082
785241
-237756
782716
-17733
479944
-166398
524516
101040
-483609
75428
547953
35835
1670607
31648
-54864
-223561
-494685
69076
234619
608603
65386
1278242
1122094
300463
37140
298458
-10297
-352056
282763
271424
-273539
1367173
-207259
79954
529780
-839009
-313629
-99597
496053
1832230
-765202
26258
1829934
415175
861152
6090
1431647
840500
588701
-635123
613214
1965478
-306906
-468448
-79552
-101824
518805
1204070
73133
1032005
881038
693534
-164550
-864634
881488
440039
990130
1149618
-13648
1729784
-267229
440437
1946730
175197
337194
1118815
1282276
-109865
150828
-36717
-272639
-532188
243587
630471
195145
354920
1485626
154011
460506
1408816
645989
-977795
458773
870099
-1153833
444497
-431788
-471548
573555
-695128
-866391
403633
1794816
-662928
542319
598472
728580
50612
308300
-477315
90835
101874
-161826
231191
-339824
835900
-89578
1062330
188847
-354033
1158960
119900
335707
-959139
344845
1248706
626026
-182437
-120455
1697387
-172294
647671
-145306
459388
381943
914582
876724
-251135
240172
774488
1071036
1463121
549953
-382820
253817
481301
-296705
-70384
603543
445757
173253
-148245
-1071546
37270
1007874
1180524
97053
1129675
933022
107700
801763
341275
-152205
653710
573933
-299446
1322558
-1091587
352048
-616729
354010
-169550
282341
1120526
-28711
68691
-130737
50995
-488713
-806836
132240
1505983
514557
254005
482295
314078
89357
703674
848440
-277682
-891532
-554392
358000
307125
-192923
291486
88852
414153
-438085
760594
675869
-1237682
42494
-1196149
365660
1046244
1230721
-1356974
1131
879469
-1037588
1456159
352820
1291487
293632
-1249651
538779
212139
7279
453907
68329
1358028
404745
137971
-497035
396870
510271
-189385
56573
-608908
-290929
1004565
-193355
1220031
176448
-1177012
693498
-363420
-221448
257257
-884209
400162
-409153
122494
-36650
-27548
835005
333356
381116
798226
570041
-911099
-101268
271506
-658478
-727874
219662
822790
389688
1778960
1409320
-456285
-680568
-190997
-189223
403444
-180618
1520621
80314
406878
-600651
502327
-1016331
945319
599796
448352
870196
-285620
1044138
1549209
737116
656326
-583036
-153148
-232001
6317
642525
-363678
456753
-299767
-424449
421420
460760
956182
120930
-87959
645939
-962195
965089
-327415
588185
-216684
133131
442597
-403411
442282
218231
1264354
158148
381912
-91059
210467
-124314
-509438
640641
781736
971316
1150685
184985
248653
-524964
283728
-417873
-772505
385880
887564
202651
496205
438692
502609
665021
1375995
1515948
1538186
431260
938112
189797
232549
792595
156670
1649942
1882360
457225
851701
-496664
902491
619954
-258579
277660
865297
-25769
421364
-825990
-34116
665604
627365
75626
1040085
66156
82588
-764119
-795626
1304303
288460
122585
-637285
496631
22741
682039
731006
-274603
-163017
-324588
1365740
1453640
445870
953512
600723
-3278
-72263
215159
950750
1027505
-320844
985342
119640
786973
1516183
255026
382586
1561362
605136
152928
738055
369968
603902
-435008
288833
-106466
197192
-312311
689717
-653131
-981149
-194073
1301673
538880
1065774
-788012
507058
1047216
1207750
52096
483818
111859
210669
-901763
-873371
-146670
-536486
869677
1052628
-574530
417749
-544978
182552
201049
-17184
970985
-234709
-235879
1675681
579304
-594019
-859832
972827
1248039
-447619
128572
-37636
-1040423
55353
591588
40641
614585
1235936
-28081
177897
51425
1201512
-492283
360947
826924
1654558
-247367
-309128
-722137
55753
-89229
1145110
-58507
-784500
977313
1629309
835937
105731
197944
-101719
527955
554610
220053
828270
198417
749026
492758
1734672
-63817
-154042
-129718
849262
-219239
563258
716527
947660
603319
683175
431096
84644
-575922
-481279
719030
901246
574069
1395881
670450
192203
-880350
16048
721413
697861
1197325
1067345
-333315
281754
-325195
-391712
-708308
377954
623158
410139
-699447
128604
143848
-315858
45140
-471629
346892
-898972
1312598
-183822
222228
143291
-243470
-485126
-675997
620646
745209
948117
539138
204700
733062
1173890
7746
1206804
323810
199118
459954
547275
-4913
-1086306
4972
-1154513
547236
183022
162813
234809
1336727
36844
-347557
1156208
398203
1012522
-855631
624848
385016
-7715
656726
326642
742573
1179351
327523
578326
-990829
-969460
733925
-19781
414094
427396
-1020872
208080
-399840
113000
511485
819727
-1006224
736618
1463665
-442508
682521
-371092
372420
-88620
-916259
66023
133195
1749171
638983
383679
-301905
-160229
354028
61159
1174967
1113156
-451735
314962
195106
54631
135069
338790
344928
87537
201800
-85755
362411
1185275
952450
190832
-1091882
532612
-218787
1365221
-85139
4172
464250
982126
314387
415129
258584
-425002
663520
35275
1366142
-618891
1173970
-127160
887106
601836
44864
523451
-59704
458613
730063
-1077778
-78065
1584569
-33580
-897230
206636
-598975
-39396
-1150394
585511
1484981
112504
-369572
-622304
384194
493805
1444326
1822996
1619118
274060
187545
981531
-148687
452365
-118203
169750
5904
1873325
1680031
-163089
635064
-499518
33026
-501819
237031
-298625
58608
658012
778053
1264181
-325642
28841
472550
-992168
-123067
569330
961972
-513473
281503
286975
944843
1559824
421940
-1247894
398744
625384
161434
175150
882187
520176
-240594
64580
1637516
583750
-407475
615871
1111511
-63059
1283200
-155520
778295
932975
-567214
424251
-511914
358761
289332
345063
545010
1133353
-557843
-343490
391515
159163
66964
-200781
621377
-916187
276370
1433158
1197300
-972887
97257
-332391
24026
-141771
1363601
-347222
-30877
-592954
679209
-116358
-929278
431077
-756422
553047
63804
212030
-709360
144832
773171
-655532
-97737
-307985
-164165
921306
878128
-506933
175035
1240901
-159540
-267888
987461
305556
397601
235443
125118
-262362
1857282
423764
307320
402436
178223
436368
1453750
-1043794
288135
-50785
763975
-222647
569437
1062497
728820
-823460
937345
283729
-761429
509742
152096
334859
-1082464
-205594
462639
168111
-104139
624705
1052295
-77494
1464246
-82879
719403
-258516
-411279
209084
-91726
158556
755533
-2671
-1056892
-787608
509476
1344547
121167
133984
816769
537270
-157612
396461
-897965
236543
1446014
390196
-1452605
473766
138282
466852
476051
-270892
398402
117836
-140953
-484748
182154
327028
-244067
408176
135639
199077
347159
889428
386877
-498238
173601
-208782
-102911
492356
-983700
-639265
366635
1262330
-527131
463408
593133
291342
53159
207551
-377590
-158829
1735549
-137326
-154815
-839803
635933
1179
378296
682626
-613386
-794717
1204890
1444890
-437186
794207
-263629
847162
-281082
645160
-777962
780465
315926
807532
-268969
-268271
1562133
442706
-655406
1193250
1088903
1284297
183295
125756
-421898
-12352
314966
-65619
-21426
1090881
-239968
-37682
882516
805811
-566153
385654
-169335
-443171
-182456
648270
207504
1568533
-836949
1551854
3872
42423
616731
418649
1603369
-614533
-30167
182659
163894
171882
-196308
1466189
-19461
-69437
-132724
591876
-939655
391612
-468997
-786801
627075
-704340
1375222
180720
1462764
-502297
-390190
705378
15221
733284
1220530
289871
-326228
66726
696159
-749383
-192840
103121
-242676
471777
411489
-164565
155168
-65880
1092807
-1055853
611806
-581533
-227023
-300315
-1043060
1187212
1366596
1273700
-1376990
-721523
320405
634508
432118
86484
405624
-624815
-333537
1818298
403889
389844
818401
-194269
-170074
-748986
250366
64162
975931
-1063315
1558900
-988587
-118783
398342
169705
146611
-104834
267768
-620120
251206
1262344
47584
-362577
977162
1689759
1017141
71114
-92984
723357
270557
-6028
-186199
1908909
48956
1054960
966581
457769
-791535
933308
284509
-658800
275504
-301159
999402
455139
-238683
-1412160
72977
-118079
221911
-866239
-408506
454982
-574968
1674718
1271740
78567
1069841
-465795
-572067
-816591
402715
123020
194389
149746
47355
58107
-990343
1243426
410395
587725
233445
285740
1069012
-183267
173319
-14235
1023322
212949
1023024
826140
163479
430523
1154156
-843834
-41917
-141008
-241193
-720385
-83836
413148
-556800
-116600
1223289
363330
45530
390866
-613332
103160
312798
76352
-990973
487982
218999
278382
-233241
485298
1340110
895208
1691731
186371
373303
355473
3885
1346497
202293
-58167
1345697
895
1648937
794428
1318804
1302624
-781044
209919
10209
-187269
561572
-11630
1321460
1010439
808338
-405154
524688
364755
-570117
274272
-159279
1286196
485380
-383245
764831
454326
111198
-115100
-103496
-55737
311047
-584055
-1104386
1193783
802128
1135104
-533249
-346635
-402382
418587
383436
823608
122760
181780
209765
-95401
117971
399202
1035904
1957639
744353
-488354
25226
-298259
270565
282745
616275
345982
101510
-156892
1707294
-96684
-350611
1741335
1556586
353549
1291184
1581361
20642
1119124
748490
773175
100165
155580
1883814
-344082
727371
679655
1592044
-825581
-157594
978052
-94482
-259400
260616
-1148736
90802
246907
1328653
-816397
1426995
1266310
1081631
292456
42973
-81578
-553964
-58775
742103
8873
46392
684708
704987
-286453
373465
-418940
827779
78729
1507498
156213
310870
268611
-1153280
-907173
-883158
381321
-117667
333529
602138
62091
462625
629743
1268391
-155304
-63663
990475
17338
1155903
-198309
935653
-284997
231497
348584
1277947
932335
-167882
-806387
-1033130
610412
112542
419275
-988051
-195338
-986124
-1062892
478973
235607
1163351
708163
-822419
-28929
324140
10788
152461
376797
1290704
899508
751491
342740
1322126
187813
-456487
-262646
1002160
-586222
321155
37160
553600
34780
142835
904552
1793720
-199069
1066328
746828
724187
-898677
-1056551
722434
1356794
-308406
1026585
-660331
549945
1041767
557931
20137
1005134
-207737
-390992
-460
2314
256626
82202
-188024
250282
1752468
1622569
489370
274699
1542781
292953
152087
244210
661589
-1068325
-899166
-249017
1173679
881004
190240
251354
-746407
637279
10658
1244299
246581
432984
1129724
191881
-38864
732415
-481976
211289
-101414
376763
132642
554601
602585
1330354
423920
87089
-293334
402270
-401191
-498704
1149708
461519
1833780
1349078
269327
-861384
247214
849150
1721949
-825993
372628
159077
208208
-309967
1022563
-1032225
373160
238856
-168563
898590
130990
703416
372146
1365195
-140975
469543
-354122
382321
794445
-8673
-319391
-743617
-285822
1516962
691513
175243
1358193
-363182
163036
394671
697067
508183
-374951
721542
-348015
-38473
308735
-344533
-583646
-571589
-108137
1283748
1204031
142820
663767
413380
-941100
268059
1883580
85020
669488
1336098
320735
-1251719
-277539
-857638
-29424
-218197
280351
947424
1127995
372181
266998
1136172
1351863
-188410
-151042
310630
339661
-212580
581194
90225
1207172
-369954
303400
-411454
701524
-134300
-14822
201910
578000
142693
72904
845692
498223
-1196805
343498
904768
-538845
545685
6110
-545920
-208200
404122
332700
703895
-393441
-788724
-650450
192210
-199984
652865
598700
1479232
-704839
-224190
-452943
-753203
208240
30197
352527
-539625
860298
1022666
291432
457364
1344221
1081686
55230
1171867
222234
346172
434734
284683
1361733
61126
535387
392457
380943
711146
-3431
-177134
-1139079
-138608
-627246
246147
1904879
572073
300398
-718097
242240
-338228
-123957
-960530
908520
1306055
62896
361242
681494
393225
1155753
-70808
262652
540249
616548
7314
-610118
548713
974277
609471
-510348
-119199
826847
-147659
659755
796252
722913
-33239
114688
-62487
-28754
1014023
211304
437102
-296493
786296
1278957
597665
804474
-382428
2063988
1935624
383460
-327770
893622
1034618
190049
538339
931399
-832917
-200288
-842623
2023844
981323
-286331
379658
39095
-210542
420974
752267
846315
984635
1700920
749472
-677819
1562004
108308
465205
1266741
289607
1278412
287527
940517
-449810
-110030
766643
-269073
807759
-90026
383905
166756
594031
1401360
154852
434053
1523474
-334471
1308313
547154
-854878
-62845
-492854
190333
519061
-1390523
207651
-504719
673013
682979
503046
516966
1921812
-286076
1722007
-102284
1361240
77479
1415759
-117063
649349
250842
-334026
693898
486040
1581952
925610
-1084704
418877
-1079
1003830
-596687
368857
-124405
340829
248130
472087
947058
184034
363178
1196458
1412881
41398
801169
334193
217038
1563695
1533211
296446
-763341
1187951
397276
-1050907
507016
-47964
1693611
104529
617812
519912
-1184114
-376157
339656
121647
1077143
554271
188578
402331
-352608
-1178330
240360
-563190
584894
404169
210451
776359
11827
732987
380567
-237880
-573766
595045
359135
541723
78627
48140
326169
54921
-446787
1543814
765077
1144335
251603
-378154
2164509
673063
25170
448814
712920
-818116
241848
1826232
-27254
644749
1126646
-319232
-483018
708940
1140204
1754509
-1207019
-80259
-83349
217509
890063
63130
252081
990096
283433
529296
46667
1070054
-962485
-382223
488854
1271478
274867
226563
1919397
-790943
303120
370360
-806704
540210
-753408
523858
2043361
-141094
1082310
-197231
321028
927581
-206736
36782
503258
-194409
335793
-144263
-530018
-1014535
480784
1457625
592578
488297
1333398
124374
-16242
330324
-79259
-808898
628317
574747
722114
-32761
-206046
1198529
-607394
70292
546649
207773
278518
43617
-441239
442065
115753
-181494
-454084
1116509
852252
-61525
-325864
-439766
-110998
-254117
406395
325887
1175132
1598057
68829
409147
735794
841517
1189602
-528231
1951588
1375406
936818
210902
575188
43236
1040372
134319
-1114310
-43386
482515
1151461
-877059
-503452
134865
1745601
47759
-101643
118834
153606
1627074
-1121131
-604667
1222570
-39926
189518
-65756
-158821
121300
623368
228689
87000
102465
-68075
-830777
-610540
23005
876154
-862643
1153623
490648
1020591
889453
886591
923885
957405
985901
241799
-531749
-1165814
289778
1343785
-146258
161337
791868
1285084
987039
397650
485598
-64888
433852
1099022
-938538
-245308
893921
723236
1004246
322021
-434039
744600
-83075
1225310
645256
489683
70611
1064980
36083
-322552
-33357
-444598
282003
-245850
-334764
-819290
731909
444781
288035
-244699
373868
164803
150005
934515
-1079855
1293535
908581
-566698
-147275
-450067
-467648
1254932
121178
440221
1398744
-228840
29457
52295
272860
-649936
96215
1520313
1523698
1066201
1830047
1090061
171371
-160028
666108
50891
-440795
285526
-294427
273253
1787340
-1060676
-15943
864545
18346
176075
779004
557153
694013
141036
128898
203877
800211
-613930
1504613
994722
1070380
-74451
48587
1744459
1376166
-205411
1973743
238431
-996198
450733
291886
388396
1267085
1049649
1283004
169691
1155586
615942
-321164
1009958
-317338
215661
306921
838732
171240
272330
471264
134636
443757
-1059181
69636
670584
399933
-992052
-159880
528454
-1196866
-770245
409796
104089
722064
1848642
-637234
-711624
172077
982414
269338
-1043128
1131998
-938457
823157
-273441
364101
540619
-89377
875422
1039919
-857873
831907
492299
-103923
1176570
259139
193513
-37333
336654
424207
-852536
366047
101601
-668680
716235
1114116
1911292
391258
550757
1135471
306183
1218213
546083
1895631
518423
599772
1517058
-320328
813233
-86338
457902
284724
381427
214036
-32711
216901
1204426
1091194
405379
618826
161572
1312720
1363352
-397779
20891
451386
5101
91056
796348
-124229
134157
-153278
1066400
1215777
296570
664297
577394
436422
115513
1331518
1977975
263306
42042
-12894
-687775
-194359
537949
170886
796725
342280
-1222619
484076
-123761
627127
-133222
246921
696443
-225273
449675
-937454
255249
1766969
134557
917616
950430
-741401
270071
669568
-656646
-458261
1021518
417165
1569936
644662
283304
-113284
367083
201497
704729
-228681
-1051597
-887673
905357
176691
1206773
1612043
294538
433329
-487283
1651332
-654812
173556
42692
52744
858268
-47911
-134262
472804
-446742
250714
579721
862496
478
725450
1066793
209553
941581
829131
446661
475133
-305909
400012
1939916
187243
277253
147896
-1175888
787469
177198
591229
-218823
584643
348479
1013188
179116
-284192
442790
1468305
10839
-209314
1325082
-435451
998478
241955
-23036
513538
200268
441485
212070
48583
75016
97981
656229
38440
235800
-217459
1610299
160741
712369
570967
-1071002
241593
348447
-962715
579645
717060
244460
348667
365122
-20837
763788
-244070
697917
503960
1232042
1060357
659918
838596
327143
40795
-918953
435043
1494679
-187920
939105
172350
-44742
-217202
-442549
778539
125289
139548
26580
1164474
1410721
404580
416928
207864
449791
1009474
235716
-34328
230089
1069363
-101510
339013
1669307
-1119287
1507849
558028
110654
-169681
431656
-730879
116162
644731
668847
-80625
-1093580
215721
516561
-56690
492085
-18043
1280004
1002477
-47011
199623
1385812
1618115
-340922
238476
158426
42540
14419
234547
149652
534119
606480
783866
86780
-176775
1092882
307175
185127
734996
111349
596261
405732
1210081
646020
770503
187533
303156
353945
-913275
48082
-644622
1148092
-230030
-688
90515
-409185
931080
-444195
-29780
-449976
339521
685729
-121667
331124
5313
-526957
-102409
-296168
1359686
454652
-655052
1072684
982281
442919
197243
175159
267046
1798330
-12325
803942
620921
325843
-155634
-78444
443729
894490
1124167
-970348
1259739
173339
909672
102634
-1184740
464026
-55750
489135
677951
82026
386312
-535285
-220397
851708
354823
1278297
496693
838253
-860410
465472
-773732
1054650
761823
1239186
-400568
1187216
560282
400016
93964
871481
80792
400910
1143192
1161820
1076670
98203
3695
362005
60965
1251218
497224
287405
77202
33522
-707679
834270
669399
120344
1559245
-158929
-813524
929540
62538
1071498
327274
152542
118259
1948125
143740
2056916
615392
504870
-831180
-57855
353988
323950
267586
513865
535168
303039
544674
641431
1478210
-236126
408469
117870
29781
1394895
458595
-353487
1288841
548447
946668
1315463
364736
-1000386
770385
394023
880958
118671
310386
247648
513796
1398244
451903
805217
-747893
-806818
478589
1424533
-321854
-31303
44660
-304027
-130791
-82203
-350183
1264817
893334
-532672
-886933
-855175
1226127
-265328
176232
-921240
1201290
125271
212542
1649769
-980933
441420
262012
-80707
-1086073
-98951
1546475
838408
-940738
217218
-714097
-713236
-965605
782295
676579
504381
340986
460843
1865801
281537
401809
-17882
1550820
326803
634736
187127
748786
224131
750459
525491
644644
1172580
-44763
-863488
724961
267857
719750
682946
633681
-324601
490519
-19069
-1018236
817844
283843
171047
-151723
-702968
-95389
-252997
1074968
1156717
242271
-220774
165790
-764806
-324910
-483841
-927935
12706
-977571
-551455
582584
2107532
1852875
807910
-619585
100093
-277808
-358016
-782785
-198562
-786101
714510
1514821
362601
957028
1243907
80369
1228621
-892739
-220147
-124558
418694
-654835
806024
508172
189146
124606
-373244
46693
101978
118927
-69838
405717
1405528
-387201
91282
459829
-1110490
-1177613
-71122
647682
313206
-804119
47525
525234
936147
-827367
321312
-184033
-108496
620024
498613
-31003
482556
1268000
-972017
1361915
-988817
233059
1208935
551851
-267273
61903
-557805
-743074
81171
86724
559005
98917
314451
582966
521200
649850
-531120
-453000
217260
647311
473805
1540193
231407
364569
588953
481770
-162693
878920
570481
171240
754653
-126310
2025023
447324
444985
394252
49361
564567
175157
234681
1000366
189335
812980
887407
904438
426155
62431
237389
-316065
-773000
381327
-312221
581168
-2334
-1023378
-431598
376902
159252
241681
349226
1193036
220676
189648
292590
554765
735279
367665
558512
642842
-55532
374073
1279131
576765
87601
-59504
-739667
-56778
-746869
-1033557
1075771
-531887
-1031830
576412
698308
34504
330138
1490312
406210
442252
-36773
-185883
505367
786752
-102770
1337904
548933
285221
1036560
1083780
864642
1191766
112149
-99580
751726
171207
1851858
566153
1622184
-257058
624722
-1201662
1507017
-249821
942301
-599436
629903
223493
1410
-70737
923966
951302
985484
413210
530854
-542516
780734
-175826
1039629
-187202
-405643
-157049
-112275
-34324
750235
771545
717088
234241
1587218
-125100
416794
313560
334967
522415
343521
155018
1263315
-235700
611610
469542
527231
326057
1089069
138674
418686
-569128
-379349
-816782
1210079
-497400
74692
1504561
-211083
906333
127438
305754
-119660
-580847
518523
-130903
1518662
1568453
1134463
-1036704
3734
-622532
88615
-293553
61908
1329155
260734
791925
-449791
-436987
879672
1512520
299342
385782
81227
327163
1024736
697683
14164
591790
257126
-934621
-229687
1526736
-806768
1224469
-184331
-1024344
-101597
1308327
-252770
1384477
1360787
1108238
429533
-634355
1331902
367931
1439391
547821
18072
862182
-271617
1603031
-336044
848496
843143
47690
63452
1157946
-721515
169597
628815
561276
-836875
-1117325
994011
721773
-1058072
1533978
700440
1186960
1018856
-729587
-376677
279300
277100
-542599
218211
1568876
897260
1630009
499703
225147
135145
321323
2227
-430384
336587
-287587
355351
-109803
-731312
1189026
124618
-847277
394219
585274
16030
-915305
219582
414585
-587526
1426722
256974
-672266
-178817
609303
-459033
336919
617835
-252466
-203586
641611
101417
495111
418587
60118
91509
122961
341136
1582088
1353934
422533
-877295
1193037
591177
560975
1365566
-1089531
-218743
-92906
683061
1007957
476614
832191
-176438
-73037
55260
331191
66297
891470
740156
679282
244957
1395143
195706
68964
37121
-408120
62932
-170148
513820
331923
393482
671976
54950
-190083
1385396
336444
682265
785073
415300
691583
-439306
1138672
171221
-623458
646949
753766
1765331
-616022
81113
252198
538334
112242
-378916
699699
188514
884980
218386
-1233201
917613
-95252
1100939
-141805
2121250
2577
905657
1159545
-515937
241416
1094886
239288
407929
810767
3491
567661
-811379
920764
793781
346104
-872593
375630
1197628
215946
-138463
-523832
786539
-515439
891707
412162
724253
1694373
194134
-47923
481347
312729
1271801
397078
360714
276345
438743
95186
343995
471491
1110968
1042789
1240759
-1392613
358546
930156
112408
86312
-62352
-455268
16682
-661639
180988
-159370
234538
1287053
42222
1183765
-450133
-567361
1252795
1149204
541836
900661
198804
-340261
1711426
85110
1063761
75977
-1229765
-328789
310124
670052
-489656
-436262
1150657
1001176
-166417
187528
-1117409
1570101
118996
-730682
495582
570367
227796
-654379
461794
727985
982748
-916807
-643152
1381418
62811
-519943
218572
426284
313183
623832
-62966
-386447
963075
1380678
192712
332201
-174223
736469
916352
1449352
683991
706848
1439893
-112924
412565
-64766
159498
-472577
-599373
66543
370433
853481
408887
275051
-121066
136897
1141576
464078
1838650
-440333
1835041
-489085
901468
-250297
-305741
-219700
194148
308830
807995
594265
696275
-291126
468077
445151
86506
698366
150163
940015
-207410
27448
1133105
667478
65417
931122
1057607
751814
661444
629543
179544
247772
215561
-762228
1359642
-1228000
-921012
384580
2092564
1358000
-152751
318258
389452
74386
-879851
-952952
-166496
1742212
113987
1569435
-914596
1146222
-79370
1504119
-1305465
969729
481069
-103035
338173
589398
833526
-412077
-558579
1863684
641163
1224687
-758689
682822
-266685
300053
-11217
-917146
-229716
-185706
-1037181
775381
-438386
-970811
1102931
553192
47449
655667
41875
106351
449677
974778
998122
347517
332932
816641
-213741
-88831
-117296
218368
904853
221801
-437094
-369458
780201
469485
333144
1388004
-624519
1367527
-287447
391876
-805489
1331577
-435536
417642
-151544
-514912
-476225
1700130
-924511
-1052871
12355
1221537
-771056
934744
316792
902655
-551699
171584
-22968
730601
336931
-274305
60263
277928
-273100
108526
869663
713499
-106862
-107700
1598949
208926
1257074
-383011
567085
-451501
-283623
-500268
834211
653697
931952
-489644
197594
793127
-736791
800500
-304663
-89188
119295
122098
-305180
1082073
372015
523476
-1220286
1796581
568595
150050
-880271
675418
-612549
-43168
958310
-966183
358462
-234115
-84552
398201
585044
704741
1344872
321105
151571
111986
922914
741985
482822
103025
-396323
996384
110851
38805
-890244
136879
-792758
-384010
-107336
-122513
371036
623599
388965
267795
-523666
-290645
-540840
-836533
956027
846055
1256497
-71216
-379589
1024145
-1013623
-391986
-769902
1106935
919003
1527229
646766
963055
-257432
46867
539932
167678
-92319
207131
-596780
-350755
1242332
-413746
640766
-1023239
1097522
393232
209524
1153580
145213
246679
526959
1107974
358142
-265654
928043
636122
901500
-333752
421522
-133045
17255
896185
-305263
710104
261130
495982
234130
-1084089
-709307
23392
92306
-547494
246792
848872
1195154
1323143
219884
1766578
583124
1227352
510896
545134
118871
-300145
-376593
1415483
-945738
187883
516980
-1091475
-128409
684569
868283
56522
488061
132387
-674668
-1234204
1246008
-405998
-873128
723070
26578
180767
-488399
264595
-724848
241085
1265649
-342383
2138986
1064776
223311
55351
-259101
1403063
-287607
-162134
754516
663969
-65276
324205
-248342
91406
1167159
488026
327921
330549
1014780
662806
1082663
792045
277436
124083
571755
-37008
1143549
1135985
98006
1210528
-960368
355471
311232
834373
1130428
15157
-143207
-931775
-992964
-152796
-941539
-172507
1075365
1812841
-27710
836161
-13806
1156460
1739783
314155
761864
-290935
198194
371048
-158923
417018
147676
17389
564177
1078305
-279002
-229301
-67086
73536
108293
18287
-145494
-190764
1503994
263209
432872
402889
100701
-446689
332877
67143
1258366
1774203
-384776
486033
581462
788671
-62562
-728502
-266374
-85505
1459879
-576544
29601
872047
106955
168789
-102005
154323
267489
-634033
1145319
29567
96577
866304
225195
540985
-123292
-627036
521574
-280399
521817
-851688
-151730
-273353
495459
-711326
792427
-811854
965087
-502089
1273320
1073326
-491221
-496990
1248289
72971
443142
118496
-115409
238330
1163177
1025895
1124210
185188
664443
402520
-606155
189996
139054
855367
1505161
434994
287697
57964
-114825
611005
-879576
751818
149677
25034
-409726
1168473
788157
-127664
1019875
323107
-877385
-579454
-226458
123190
851286
557379
-552242
1729048
654402
173224
2087791
1957334
429409
194543
100217
438131
1175860
537342
701323
-871517
1282994
-361700
-879520
-378034
297586
-804086
747053
1044775
1041444
696930
-963085
-291708
-421201
-546678
340372
-412175
-663915
-789404
678542
431716
729951
807153
-225062
-533130
251679
-857744
1214281
1832531
181364
-27325
369802
-651094
606253
-51275
932161
-133133
-198624
185053
91717
871375
46583
434767
442569
652663
55982
1357084
334566
116521
461285
-821471
319431
-370502
158632
407704
572637
552999
322313
-80559
238676
-869070
1769329
-349275
-594304
-460518
71400
944287
981009
870345
-759855
-884856
707177
651018
-194331
-1116150
-136754
-692503
319274
-717928
-882869
244029
545991
-154289
527436
186529
-794018
355993
-705579
261493
859884
1252156
89150
431202
269505
816921
450758
779625
104581
-367802
-89031
683167
-524576
-616107
326392
528145
-840598
1466165
-423889
-783562
1043515
329032
1568517
356352
71996
-449566
196305
777227
259747
-846848
77627
252704
1120939
-1097469
614275
59744
81936
-255233
203204
-456000
652506
456245
-167725
1395243
-423168
-797424
-36587
-193096
-946157
962248
1560943
1255781
-469008
489895
267871
674015
-515626
214633
402318
630667
-644374
-676748
585199
419094
72311
730044
549897
262143
-386258
-904450
537159
-105623
-577832
161800
98386
337920
-284679
517391
-653819
-889725
811956
302248
-258088
-104744
922932
-650728
613417
373596
1582261
626024
213093
650103
-296321
1463755
834771
145214
-701464
80627
108054
947746
188641
-188707
-275733
1184268
-110411
-40567
340311
1559459
907197
309128
187490
869300
434379
422830
842614
58734
455529
-1146060
-687199
1593561
891851
128630
-496247
1237328
1923766
1566518
-125676
596095
127517
-497742
381465
137387
104176
-245127
473845
-88727
-292579
-162284
658488
46753
849026
-175533
129113
-321241
515991
476765
1095080
1290053
363501
416172
-646739
-912339
-541300
65387
1395838
716356
1852547
508290
1896474
1314784
-105932
1752631
561215
1396822
-254586
-618082
440752
983689
523847
-35437
-544882
-656402
-291350
739174
494017
1526291
423355
-72656
-80771
10008
633733
-750310
1551838
714422
523881
695525
62113
1341594
135119
659238
-118673
-16058
269187
69746
-911902
776105
149136
2062683
367626
243346
22031
425189
656385
1165690
-120076
343577
76608
-830987
603921
-927800
200924
-1072310
-53295
1657662
-959706
612968
1165550
-548646
-933425
1213244
832823
-239685
-107319
-40438
285527
200155
120081
1009134
377095
670918
517811
-570309
779056
1300345
501383
18044
422865
207599
1347496
377710
676310
-123070
255474
-263986
952595
116582
962842
-110950
109873
-757530
-749886
-422800
-326380
20989
-68983
205661
1278165
73519
650985
186600
1301536
327939
1126917
439953
428063
105641
560112
718331
754634
127934
-62909
-255881
504635
574465
1256188
-749254
476529
950219
588825
941328
420218
-77609
360965
1045650
-219756
989566
-1017273
430507
-155241
166030
865918
652050
-85770
859218
62357
-389995
857382
54485
25127
1040540
110825
582113
1387129
-607382
1517908
-84199
-99981
-228893
-1678
465165
364889
-99751
-42997
609526
-572071
459721
1882250
-11025
123027
761797
1561835
205113
616520
625082
-847882
17010
-109927
-290433
607427
1338244
223405
1378825
95126
693366
623108
1413377
1063376
-1129641
-392591
-473266
-502792
-681948
657097
160618
362829
620131
418024
-324587
41093
7237
-9055
487088
1497119
717624
1402365
697970
253154
508021
-130742
-252845
73047
253141
233712
-762205
338007
430396
750524
1110435
180171
1561047
1429666
124189
797388
406014
788630
-285973
573028
419931
-826986
-843766
525963
223296
1216037
481189
565106
236381
1315952
329697
489755
1468887
-187539
136749
-201629
120096
65455
-79826
1795156
734710
560907
-450670
324815
670482
-24655
650500
-447963
104753
-1341728
213500
-92800
1669752
-85775
519126
-287576
1701382
1177402
-211337
399445
1105867
-231613
1983112
-202745
676612
1083109
658201
530971
581529
-8965
1487432
-78951
279652
1288478
564816
517412
812730
-84389
677258
65269
593900
-194830
-449065
888235
-1197840
67874
895668
113385
291972
744388
109294
685925
-15974
277217
376383
-542376
995352
711967
-51112
666859
563904
230929
328457
-889886
541197
855128
-83477
1376515
1185668
-258629
914476
-922559
455933
842803
-982012
28323
326517
731750
-530214
706687
110286
60798
591956
1777048
-163235
748783
1291165
-1163768
-583849
710390
1330675
226048
-607946
-13289
1376377
86565
-36361
245277
982334
289953
-131575
113995
791199
363737
1502737
102007
814114
-730501
1335814
170216
412498
-718110
1671459
966800
-69825
-667648
765709
1090057
-166143
-154260
-564281
563701
-765567
598675
1280976
377545
-565478
-696178
-7404
345142
191874
390100
-382987
-590842
50147
890591
-1172571
35860
388166
460171
-566111
-825393
-352310
897388
1556833
-39364
1930561
558422
1254239
163736
536405
343431
-1113863
80704
-978525
1384853
-1253665
-147320
388983
98707
189474
608677
-750278
-221318
390804
1872590
1562031
-297642
427852
175799
440957
159095
72863
1128077
208277
1163671
1011109
-512939
-35822
398218
196831
-94170
103362
1636267
-37256
1358344
441779
-635740
-18018
84142
105562
-853087
654461
360399
529564
86595
-37187
85568
298332
960240
578917
-780387
-911008
-501327
870825
-664602
596029
333102
846640
1124586
865453
503031
-174660
1382728
77588
318896
567173
-107048
662935
361538
345562
64033
-130515
84436
380629
400579
824529
-96886
-295438
1062385
451375
168221
556533
707036
-141349
649960
429364
-215886
1332557
1268883
734716
-45019
121517
220251
-1084831
-591701
-512592
256225
-188301
190006
-798556
73343
-570125
32600
-145033
-126630
117474
232989
-845164
-387270
228638
-442360
465484
-147658
-386430
1693921
1072852
-124692
612740
-649219
699178
1186585
82169
738347
-123127
-817174
800211
799072
206905
587055
859848
436636
1126850
393500
1133949
986443
211682
-904099
162057
-337195
522538
83255
1044193
127775
-701774
520670
245537
614239
403923
377940
-90174
350883
590768
335447
627707
61235
76136
508804
223205
759618
-445003
-378779
1263512
177354
1054625
20624
392223
-373508
53776
295640
-42502
-240428
833116
115322
307531
897702
246973
443501
345070
555447
868598
-886107
-133413
640634
128804
867298
625017
962314
-730884
-469757
849760
816569
570073
-214365
-273354
230729
133827
-132387
257964
162983
479086
539786
567208
-902405
-208023
110141
1060422
214468
-788279
1033627
937746
835431
252844
-708480
1471659
-371075
-1052593
458447
1141889
-544368
-207304
211368
1384815
1277248
55463
188865
-212531
-80793
277998
910351
276260
-33689
135100
-594583
425514
616014
491878
726274
-536549
127855
-320898
-671174
-674840
-469130
34604
1113582
-1078866
533573
115785
333209
584548
156361
655845
459753
-972701
221837
79507
474797
8247
102
-44073
-697779
1449949
284398
-287362
394990
-253776
243709
1253861
125304
165870
-143997
1429202
926432
-336204
-523083
-513657
1404347
1226528
193943
1440776
12341
218196
-480064
-651674
874769
1164179
134504
31010
-676620
951777
111008
828801
-228518
308049
932228
1420507
684952
349907
1086940
374209
353590
-685102
-136176
745944
812836
-504586
1193109
-200031
1081079
-733965
808660
1186809
1070805
574883
421270
89049
548891
163395
-500328
268110
185164
385342
1266550
516614
755517
498133
-730107
826809
62749
811166
320111
954093
491506
646421
-234111
-324914
1843921
-117616
-139486
651118
-739752
-194103
1180916
929672
703906
-222294
670885
-637626
1321995
507403
107056
296849
-1120086
848898
19833
300444
-145854
-560284
-304607
444212
1465691
1366242
642628
1058243
-1323024
1271386
742967
729553
-132561
762833
-938936
-617912
319558
48466
28247
343996
-114837
-815498
-951515
-82041
-765150
470839
-1156980
74904
973112
462395
560086
-264548
-1008348
62161
-130579
314826
68265
122797
-140156
66200
910491
270955
1063850
-1134494
393985
-53557
724773
180927
1490542
-28703
-135512
206068
-265598
30063
-631062
845643
-257152
284232
-167877
796112
-1182251
1091833
190224
-574943
-1221947
-1090899
1084876
808230
86943
580646
-259259
986284
-951936
854293
146966
227462
844562
1111685
109525
243817
245591
-204632
-1084443
-701357
899289
333754
1694577
118946
91837
1402034
734948
-755988
-228074
298151
202151
24209
65400
-221338
315977
176995
712909
-1195468
536958
74109
-769601
278945
-175861
467380
80753
-761094
-91922
1156805
-11590
492970
103865
-390659
1317362
11625
129398
-1032715
538962
1804292
733800
600067
-313243
1764384
-505743
-261497
1507167
1581918
331446
1354041
159294
1230733
392846
156658
-136908
-793499
574258
614227
984540
1991585
-1183472
160041
549027
746276
854116
-618947
797953
192633
-835553
235770
-783664
282153
-472589
-756605
-110992
-433110
-371980
71424
-710501
2107290
135809
658130
201338
461969
1702441
46069
99442
151064
480571
351836
-843924
-207435
-951438
-11576
-194615
25584
693093
785799
721263
933485
680199
1450734
-79732
724350
-156523
1009484
842740
-558443
1198278
-246712
-646928
187954
1294245
324155
-287937
204978
219265
382023
617389
387627
651096
634182
1278151
-160262
32854
2092868
291803
1795850
67839
786953
399778
-584729
-419161
246962
187130
211124
411960
66994
576071
-1109531
-363507
712810
-69995
246032
542728
-726467
939472
1165944
610502
-804119
-87240
193652
815880
1043975
968714
-653643
266936
205074
1311746
445238
1099291
134419
20481
219966
717945
442707
-347788
5930
266307
-445273
-48698
208126
742703
933642
1326847
548146
797891
-278765
-912967
1309665
974842
-113310
-525272
-1022548
528172
133560
503613
187932
-38302
-22520
-316949
356566
-960302
14629
1377439
-72997
472412
586207
-1054918
373091
693033
269170
195492
455932
57989
-754991
319296
362043
39130
52954
171825
961972
1698227
239203
721985
-384535
1064168
181505
-56679
-834744
-996542
582949
-186454
130076
-881995
119824
-61234
702110
-232890
738478
257919
194558
200029
-695759
1432800
-264751
403741
1062216
1065361
1359779
717575
783068
243367
2054352
1098821
1063352
644434
1195511
374586
293147
-15297
150876
-345363
463560
51097
-441708
703068
-854476
213506
250843
-181132
472008
580910
1990197
-207407
320235
-758311
-521116
-476641
493448
236668
459183
930862
800917
65014
-192175
-56676
-286245
-419416
525005
167258
110634
258443
431163
419193
123331
-738250
1452679
319805
269843
864929
180359
146806
1308621
215089
-149026
419006
491555
100516
-720393
34274
125745
10910
755074
917739
729787
137013
101774
519947
522497
232894
317378
217723
1522412
-92271
532575
-916124
1044367
651008
-77653
-272879
67129
1566695
943610
88707
315299
664045
1187015
-505307
-962607
-213761
10382
1679467
660902
-1043797
-326523
-127069
362874
1353206
-564314
-35455
-502089
802115
-398660
202417
577302
-841301
1043461
-1330827
1159752
355125
808157
1218391
41565
52189
-635934
65411
205896
752626
1224159
128537
64034
1193261
-457434
380279
-101217
178074
985420
1182458
1725679
-902215
-648547
-1111330
501608
-665862
144204
301171
366686
-578323
463353
183473
790063
-676841
-77660
114250
950286
-285269
724299
1018950
714219
-629132
492646
-438863
-412107
447961
1176666
-103229
155886
1399657
1253034
129361
1032113
659412
-248557
-465729
706133
1079506
568503
60668
317664
924259
54446
443263
854824
985112
1582670
-31034
1242169
39839
623216
726900
1007673
-599566
18303
-303960
204658
-130878
403786
533321
408175
14085
89767
845672
-873155
81813
73881
-122114
950089
145667
582200
1303477
-294523
-788557
20634
722058
1159705
-1274013
562530
618104
410522
-588081
606158
-899590
79115
312925
-147214
-187881
421989
1413299
1760958
1149565
-1000590
1241364
1102462
579461
590204
19521
980120
411703
-722589
1387739
-249174
542996
-804756
-73337
293079
350664
170666
-348760
-311922
-26197
166072
-438656
-632773
843200
-44505
89577
-821233
5030
498952
-108617
-306753
104048
-50266
-433175
-23470
-312590
470946
-200121
1255669
283958
518640
-774865
-1187056
-1204280
881860
1607291
673685
213543
-456151
-78040
767058
947922
516851
139683
-1009774
849623
-469521
-416295
-370880
-443674
1165547
-168391
-62886
1031232
863905
163940
101142
-117167
-1160240
356376
212071
-694642
387985
471224
1210157
687194
1261473
335205
1627435
513815
-730799
-665008
-1008901
584461
-481229
98884
-1121393
454826
-368301
565804
820539
739715
625352
36790
933920
439653
-691184
671378
903493
648694
1089263
-26334
734315
900545
1434632
-857526
80965
1054346
350879
35005
748826
438904
1637760
1248688
-205858
623905
-120199
500012
470308
1204866
-290384
772862
-223606
1062070
351549
1656867
-967698
1644719
1552558
601571
-682608
361910
1360361
1465139
-692653
238927
-387244
-212859
-78632
1329245
-398850
762844
-451161
485584
514692
-202995
557023
-521973
827990
442978
137254
-846639
475254
1005782
52475
24432
1139401
-543325
-117388
207027
1072123
-1049310
17013
512687
1003973
887141
31530
2086296
1521963
355994
244577
461002
1744169
1620027
-1025700
-29883
-719503
826767
19901
1114083
1011612
632405
1847662
571537
-674823
857605
263470
207092
452190
787449
-936616
-900413
477819
1533150
1210231
411786
663830
83021
-577535
76588
-383547
56446
1492277
-704480
-336113
-201057
-294210
-727
-121545
365847
140253
39210
-681780
298233
567208
-300681
-162102
1032430
-703409
276951
115088
508173
938661
498035
-233716
122194
-495700
-962346
1592044
24721
-200274
-1195286
717191
249067
-1117476
-183002
51238
329967
-956438
-25777
1303072
-298231
-439204
-9535
-489138
-1347833
187256
-129416
542161
-909647
766679
938402
-140519
665268
164488
600743
223393
1319488
600816
-51976
526516
1690470
-236343
247449
432702
280269
1304914
-892227
-330645
-199204
357878
77122
119461
-156938
952992
-534951
525528
694963
-1074492
405200
6444
-826547
-450787
-1221587
390101
-644207
123503
112247
197015
-155813
-108008
626127
1304717
-952752
1495909
-505121
945847
756075
1302907
442747
-117445
785222
504735
38023
-40850
313688
190707
1342245
-143965
363857
-15806
926002
1059986
321877
-777151
304573
494019
-139192
-232247
-776569
132250
395710
632996
627973
-353601
96394
-817596
-427651
198851
-298584
168871
-810085
893404
-268487
-157019
-842680
655999
903419
969274
354254
-75273
-771499
413621
-865521
708368
491155
570984
-309264
1502690
80817
-311874
-143550
332383
-46996
379314
-34714
-191474
-237257
433786
65862
724361
103592
-918179
-610724
-517736
1236052
-225840
-535192
170213
519681
254839
308288
-610593
-993871
1248645
545021
497252
635260
88270
136611
95961
619215
362709
-190485
443088
-546345
221543
-863984
489686
47937
-101546
-278958
-974845
-33406
-742227
1687713
1718894
447263
1328842
968834
373957
-174189
799620
963331
582177
394381
-290659
364462
441171
1295296
423608
714504
58396
582267
153659
248213
-102594
803045
936184
590170
918688
134197
-222244
1560745
862017
702318
477733
826545
-30450
495077
-789437
734890
1250419
360992
732030
1057925
1562121
-431507
65358
-118900
1356526
603211
947288
251961
1189600
1201760
315610
427621
25766
152987
643893
844668
-539341
192677
317394
188102
1461795
-106256
-334086
1136539
-5824
-161397
53543
810010
119042
590793
1497177
-339952
266736
150063
-346623
881053
-21781
930941
1174218
1083849
1479648
261558
104050
-995300
1253483
1131394
473100
611158
601949
91054
661718
-833457
401053
58639
-221403
-55023
-881202
127280
-466111
-909972
1119630
415875
167455
478323
437355
863231
194751
195086
340519
964036
444686
1387569
13163
1474899
-876068
-169289
-282549
258291
38521
742928
1002429
-842144
-361118
-9537
-336178
1330068
-556659
723249
532958
773235
703131
819348
157620
-226281
1492119
501958
54757
-509907
281016
1716596
-932949
-563810
-723521
-957973
936033
22812
-212169
636000
688179
-1178856
25184
-69997
-812307
1036782
-1062985
-925108
82509
-177502
-291435
-372875
-429868
252978
-111479
792468
308743
398406
420282
-265312
1240694
1377411
-924639
316060
451067
267857
-747933
-69351
1211253
-737172
-689461
662873
-855667
852960
622241
-469121
705688
-111820
1253847
55057
419637
903326
176665
-3841
-31395
-305741
623250
-757652
-39616
89693
-256908
1521058
1600352
2018228
735507
341197
587567
-296127
299508
-683415
-497871
561358
-510411
492310
-361533
528495
378052
347517
375240
483470
128575
1372504
-316274
1622303
326978
1159713
-630833
599105
763686
68456
-255261
-976399
-604377
-439206
911598
-268998
600240
584373
-386228
482317
821653
1654116
-130693
1072534
545248
717030
223669
-589518
-1002787
402803
60563
498275
739682
31259
198100
451692
-1105017
535410
633978
-1016363
881929
-498606
546938
740609
188275
710388
-1311119
-208807
962562
-132944
-343679
440734
583113
300211
589744
358429
1502443
-130204
200560
165150
345646
507854
151338
-26003
-248953
230288
-216006
-287811
1364873
900294
309276
1727806
1030638
-173792
-156487
277039
154822
371163
-554909
-73481
1186751
297299
1059995
88461
1245008
-10643
-12062
630348
1071559
1053576
731902
1140615
294249
-63894
-207142
-220011
-290086
-491591
635903
-119323
-254460
-110555
694536
1444703
1123039
-242889
749144
302036
-982350
391590
-33260
-950280
149508
298198
1652705
830398
1587195
-95244
696155
1349086
349157
7670
269415
789030
-195915
-1169538
-3587
255497
-213761
2001223
-89949
-702960
245830
335319
468917
435911
697357
-418001
310288
716843
-162394
463803
-151022
536537
134416
362597
1380562
-580469
136315
-659449
872265
173857
69748
-108212
-142184
1378739
-211905
534268
-235038
906556
1184354
-88151
-362888
41267
1214716
-784926
-272066
639628
-486215
215766
-1029079
-771259
774651
1140679
84963
-135070
113126
-722940
3735
8393
-164545
-876935
390489
1589132
1020268
637419
-539248
-833719
1712363
24617
-405827
457554
-757027
753478
1311053
78274
1497410
110809
-204446
711302
571269
46669
561232
1001051
-228691
522004
1061905
131043
96668
-454661
176303
508485
1050918
1033157
2077949
-60627
46175
-4284
959146
1023376
838229
-1003878
-891706
-962107
211514
-109903
1159307
-82166
-351006
-440910
1133043
254159
90127
526912
1372328
74348
78182
917059
-146227
423449
-959606
419443
382987
544689
147843
336387
719833
488189
454965
-569110
995939
1246019
1629404
1017473
83019
604728
982491
-242578
1138033
1195251
622511
1220892
827991
416566
54652
128531
47749
-385817
-5203
-108954
284828
-198757
369873
736737
446883
743759
-77399
-241569
-248454
-802531
869699
-285361
467884
853102
1230426
525704
558465
-1206464
1019028
1247282
-410025
241862
-986534
-736087
127767
213284
239726
-49220
1486966
216692
730678
318271
40187
-936632
161432
698323
967111
285243
188083
563877
-233276
525080
690994
410902
466406
244579
-688350
-1203868
576565
534356
262821
1187190
1013400
-890292
-968657
685022
-541224
221990
275146
1189600
774000
-587102
368174
316183
612769
965176
-263217
124911
825137
-647554
1220208
964371
250477
1587038
252713
1799255
-42382
-616011
1081355
1669877
200112
-74287
316205
393843
-200793
634090
1092344
-855764
135733
-223438
138015
328045
1607860
428976
228102
1276548
592445
818809
-182406
93108
-995452
412187
-207052
-268125
613405
-295491
-877617
745418
582917
-144499
1019385
407293
1637077
-610199
436363
764478
622414
1145417
1770718
781181
413541
913207
457435
-493225
976478
1160556
985559
-534945
1324434
107147
428880
-765543
167868
268940
778688
831431
-5540
932213
68978
545451
-61455
1960031
605196
431663
1218526
-118215
-81370
-726520
25860
1221147
1199692
349415
644785
540074
336012
1472544
-211958
692711
2062768
510311
1159771
1103291
-159154
-972802
758953
-204203
349518
2121761
380867
56623
406364
-36893
1692278
157200
632259
-626390
1119666
-629341
486248
-130109
559903
1113403
238396
448344
1232674
106443
-694592
227722
-820521
790913
438672
1072870
602100
347027
-582551
179274
1374403
762391
1307290
764025
-134083
1197870
952108
594809
26854
-1266051
1275893
649410
149739
-90448
-47527
409701
-865200
1396011
104177
-834100
-29435
12586
490892
811283
-849127
1462787
-9833
-22670
265622
576978
1052246
-204829
432576
1323912
1192635
470956
510587
68030
434982
-594709
-273086
344412
308186
1568291
477113
-161570
-672005
178926
649634
527897
985767
806805
-72914
1329081
373950
-3433
-550537
528147
154480
44653
618069
-888572
-513168
-346635
-514
603016
21051
1364507
115778
429909
-851260
-38141
802177
1407352
-32348
1107790
654042
-521089
1070996
4718
-518534
362440
-1082630
397346
34959
1244237
374509
288441
168099
952686
122723
1687735
937395
-109912
-746779
-494439
1397301
857126
-137629
-274197
396899
103382
-24969
377181
-357060
778229
579913
-428140
343684
1013482
1793100
1164596
405718
242558
947078
207671
830339
669023
1537541
-995070
1051242
-78468
-877230
-1090004
1341328
161453
368974
745167
233974
-421672
428606
1683419
-773398
569453
1217012
1466765
-94833
400961
1037422
837367
-182948
-236215
-1077963
385277
1344148
1982071
-431075
474368
125542
975395
-3921
310356
-873767
272273
13482
355658
1279311
914765
-186419
277023
293792
827513
-203332
1099136
972566
609482
-421591
550441
109607
694986
1266256
53898
-401321
785045
1630494
-755770
768463
1108820
-136444
1911
960160
1610956
555398
315629
958741
-1310823
67152
500290
549799
389267
-119289
635068
-1094912
1186880
-355403
-246618
540203
1462813
-881414
693170
148930
312715
-35537
800742
510773
-819621
1495638
213022
441913
-142281
1330928
344078
123110
291515
822431
533359
435885
944942
486087
-571137
844312
327776
-18878
977716
1486259
-847047
1854505
-127350
-451101
346445
-370164
632542
56189
-831153
-192048
547978
652748
340721
10296
-69533
175214
1276077
99299
782160
-691850
-275815
-352147
-154490
-2945
274574
31594
-241176
778500
-542646
491135
381981
-837414
-97369
45693
-75729
250435
-675864
99702
1185642
1563563
-370549
-905949
-797502
534394
207194
-202557
364623
-493485
421903
703174
25437
1046769
454239
-702648
-732831
-583714
702452
837238
614918
880566
301797
227841
-1111946
163149
-539097
627383
828091
654560
-303806
512795
-664092
-753325
-141337
-531484
38704
-864406
-208475
-633706
1036067
-624958
-369800
359800
232320
172394
137292
-265559
266495
1980018
334812
625405
64371
753109
350963
-188252
511302
1195766
688966
495583
-397919
-965649
545760
348201
508372
487109
235281
-6104
-791535
-202933
-1135956
-340429
-47880
1187116
117125
-535886
1505804
52775
237139
-166349
1594532
684916
1142274
99893
491781
-52370
1547018
598845
1478400
-536970
655833
1101998
872469
176718
1674122
477975
-61639
474387
-460925
-260461
1577251
-459164
-938739
-992032
843372
50267
347984
-192603
1139517
-823318
162570
-960451
-935830
595109
-375977
799746
604768
81363
363813
589259
915932
-165787
-184259
1810287
700753
1127602
-294296
442822
254994
154596
-227099
-1068377
985456
295204
1494266
462870
539414
-93320
339980
819427
1509007
-356256
155230
376777
433229
-140209
1466295
-183573
-1480367
63413
548812
-229760
-450638
-933546
-779935
-1187359
510356
-15389
-275826
-984918
1969423
130130
-337843
-769750
1675868
218572
158737
373156
703227
-713262
-247285
589570
-333917
-873287
1209744
168973
498211
1695095
906793
-220551
78045
133507
829400
433782
374108
959486
-1096199
6832
-757824
-69178
2194800
1295681
840334
653844
493674
-185443
-283785
-797003
78134
-87594
-1121053
212696
-383721
491352
-768694
176438
130603
608367
152267
1633590
20287
1722787
240460
1003983
1209349
1049222
180942
873536
705325
1065212
-812160
1124869
286805
376792
227055
-424242
-706020
77241
602508
273553
-476343
1112828
-108310
1856965
-846690
477890
180580
661274
470849
-28225
1230578
663106
-680500
774253
1046166
1508415
59481
-913443
863683
-948655
1240986
1017085
-598508
397281
401926
1061271
-480660
104269
705461
-322077
238728
547539
147716
-74017
1213286
1112119
361439
51247
1353630
698178
173700
-747946
-31143
779091
852745
1018310
1076699
821081
1871977
147950
932872
-293613
555934
-334658
373740
-978021
-100252
-176876
-24318
-691545
-150740
1078280
394246
860855
466208
288781
256498
1129846
282516
332551
-98425
317065
-290173
-572096
-203709
53404
-171734
-11337
104962
-585924
419109
-898261
-1093861
777862
-421261
314126
1633543
-189309
512965
14707
402731
1665789
-27888
440158
778122
1405620
1499639
498433
372793
819087
1129966
1049984
651872
487474
129191
-1174658
1679221
522579
267708
409287
-158805
1390868
655571
1234200
184350
447639
891570
518011
-81615
-409163
54830
-156855
753672
349509
357745
665952
1162712
-348495
109911
-237170
1911764
212895
705966
-1301292
-536205
-107934
-862495
-53034
1043670
731615
-461079
-243306
-1411513
32757
-69283
857579
663545
617255
-814807
1218301
1588330
790010
1231407
1271965
716817
-547203
-117991
332581
136972
-212981
-43817
373975
917122
-906172
558164
518892
695703
1890639
308807
-35395
404156
-795206
168380
543088
710439
-369506
2026964
311444
192254
1256810
-75992
-210730
1828065
-512425
1741406
1404053
-975249
764419
1470650
167831
-865751
-705483
-730615
-470216
790849
1296137
1036065
-888987
454991
178840
-357853
1283224
615437
1324784
1403956
719236
617692
-385345
-152120
1121947
207334
1430302
1062629
-62304
133882
940457
62604
-651909
229721
-759727
47765
-174895
157813
591858
-337211
634267
-773593
-802509
1548989
328176
-262778
-853977
102322
-350980
1053828
342508
416161
21600
804702
947315
597854
-1076821
1349759
-44902
289485
1830521
783945
-162876
317339
1460843
804851
49608
316679
-560721
-406433
804800
1554992
400949
686000
176394
159174
-841664
722565
399915
207829
249576
856010
1127444
925493
467262
-670946
1237504
-936892
-967066
205859
1266928
300927
86870
-204844
633385
1146151
1958000
-65185
306628
1613942
-400876
1668470
813353
-372816
-901068
1741419
-36568
-367018
1822012
772538
1195278
-982569
713733
312882
-296513
246066
504321
-28136
961210
810133
-349590
-1125253
662433
804405
209179
62730
267946
456644
22131
247819
908368
-211592
424520
-928376
-763782
-79201
191721
1254732
1624841
1238766
-37885
1369631
510193
337871
1472347
-327890
1307960
1258802
949128
-436227
768151
-898931
-738255
736102
-1049140
1761979
689222
1025166
162724
339980
283357
207972
1467065
850584
4254
-69121
711337
648938
-867594
-402751
-926750
787579
783721
577196
632694
-866107
-155739
1230793
519779
1626488
1534054
316650
1251123
772075
-276012
23317
-1057033
1129061
745057
185422
624794
324775
-248993
1782556
210461
-451824
390298
1028715
-604036
462442
788764
18093
1307427
-394781
-609607
7750
721457
954406
377479
1328646
544737
758544
1726402
809896
-453934
-348050
-500881
567230
111474
-9327
-160217
94997
1272268
1702950
-131325
338923
509894
765909
1421624
1328121
1922733
163096
-172076
714045
-257170
224068
-788728
-32436
-258998
1157492
447548
-76438
790356
-505995
435371
-834460
1445601
-1038570
259054
1824047
-307611
282595
689489
1015290
-131314
-20937
1433936
1066361
621949
-919512
458586
700877
404359
357287
592410
-447457
981021
309416
187544
701986
969941
367045
-601907
694843
220457
1178261
177710
-56736
236916
1128306
966286
-40964
189794
294407
1474036
1194540
292058
1445352
684984
-13397
1026808
1660486
115522
-1244480
1891959
-11589
-728512
-1155715
-475076
422204
-231828
992859
-315887
-427167
-149285
312240
-136577
-1039801
355936
379094
1153111
533168
-790151
-739304
-254569
436650
111495
362816
-968209
114964
-129748
978911
20459
-262738
1864285
1152951
-986832
1570941
1107944
239920
261926
437471
603530
-825326
-733325
-907469
1017478
-913289
-584089
916817
-1140233
308117
1230322
1594097
801742
-46820
-143280
-910848
198932
854441
1077346
663936
-765992
-613246
-35915
-253862
-467618
147661
821407
509319
-1131634
320984
971166
642897
-446801
-19063
1226656
1057572
1242204
1686065
116439
180534
294560
926669
300135
-373871
1452132
137061
-615495
755435
364845
-711679
88596
67079
1070437
-1186212
86704
67598
434776
1005048
589136
431188
-206388
965750
-40206
793934
-105841
401352
-713547
-12037
618491
204221
-416546
-47048
263180
1284977
1318141
-702461
-503959
1297561
-654732
1504149
386306
705572
-310667
-207474
242589
1228077
438103
440530
59497
895669
-620684
73004
834559
197741
-176119
272835
179415
323844
-843188
331468
-817353
-460271
-505345
881400
-639569
820616
458226
-887037
871569
689768
-782405
1640198
-738199
236323
878029
1083529
425259
-508868
-845706
-367452
-82970
527739
-234738
508802
981136
1040957
-579610
246649
510293
951467
22487
-616914
-735578
-871311
-210522
-285634
-56269
-133533
169663
1000286
1868015
-421188
-224281
-121679
748826
-846588
130454
1321502
-441351
1340095
-266994
62424
-96221
152441
343737
505118
77529
821113
1678600
-228663
790448
251581
-864370
1475310
37082
577918
431716
281094
176478
235876
279725
1152503
1351165
1146762
-53137
186201
1424762
-110030
-910467
715002
1037467
638123
601591
496197
1568534
-954821
639087
656002
1318634
1056815
-111161
-236322
767453
-149678
1204652
-380783
-372860
10252
110444
-1142283
218488
1700704
-380254
1241121
708591
-99417
206523
1015821
211431
808633
389488
748346
347100
-324340
1833828
-250903
-271524
1117583
70587
438522
-906993
-35467
-222687
3031
1316104
-1038028
569740
1077746
1501030
-736710
517798
148147
286351
189555
-413799
1660730
720131
846439
1474352
-1051668
1811010
127408
401005
434102
844263
-276782
222989
199185
278924
1334117
-220590
61958
842265
378469
-772415
192035
399250
1027946
985420
-368316
-893473
290030
430059
1056232
922700
1791018
767034
167737
-1226671
823043
-48033
1032488
672921
-596967
-932841
-1017085
43000
1012215
1074470
449380
1014314
231611
451090
272340
-428007
1037782
370300
1808103
45654
355628
-133334
287041
-245325
428882
46574
300136
1072742
-762159
-47291
-1321
297992
-347771
140612
352573
-212572
937667
826415
225881
232668
592431
633143
197669
392635
1700712
855823
1124066
-393366
386969
567777
455686
-560528
-742694
-28155
924842
278311
568498
511435
-885573
462966
403781
422188
1140380
967227
220596
1148080
380994
677790
1105519
1697450
974600
562239
1316391
1040982
181827
581559
836407
147701
686656
-175923
-70059
-652034
81278
1283722
1713654
51175
-633464
-102169
71946
397651
647506
960441
503033
993382
-675188
534220
1712278
331109
393890
280830
1137241
904530
63868
26952
-10352
589230
-887709
-173034
44753
333604
579540
-803118
-1091977
164340
124599
-197814
772314
-924090
1457765
357917
-209575
1966779
60140
-169850
104890
1341736
-149909
1798414
-1121732
-361126
385436
312215
1033823
17726
837238
-165250
-639626
-1061183
-908078
185933
313942
865834
46607
1707502
-187290
564603
619314
313701
1302621
525646
-556926
411095
-70645
-473312
1105834
643283
161480
1178797
433943
695360
252730
190407
-11645
419145
1207398
1259168
495822
-153633
-149030
971086
717074
1878878
837716
962120
-302258
284094
363129
1093601
235333
206285
136600
1011330
714410
1173969
1650997
189778
1771195
-751742
857486
161616
-676304
697961
486959
177249
-255720
890899
428289
1307401
411718
330294
648515
1505391
326746
226569
1372067
573570
1462674
-1251680
-206429
-122811
1287778
938320
-528069
-1099686
530921
-370634
474109
432337
173314
-1024191
-208517
-274794
618609
-90704
1000658
332193
22089
-523276
310165
-807418
942583
732497
1447830
37311
209100
625800
992436
476552
570871
-354938
-31502
-507139
165270
63574
1272784
-739998
-924347
992671
410666
310076
-714418
167143
-741410
839602
725747
36497
-119012
24061
178068
8921
719292
157148
-249158
-84187
217017
553742
-311028
162672
985679
351325
139304
1292159
155156
1348666
495122
164177
107781
594390
1221176
297088
-176474
597921
1521288
370662
1331616
-541022
-926332
1565436
799241
-810652
-434811
-375542
-219923
-629203
830485
273495
-52214
1451726
988334
1705321
438395
414004
995001
400955
1211874
817050
189815
349800
269677
1633876
-33688
-227382
872872
-23625
534810
-1026538
53607
1422673
828274
289972
531903
-112878
16204
-133189
105133
389040
-314324
701461
865051
16094
56905
-472292
590394
-667705
1148808
317096
1288468
1668410
-1194600
-652625
135525
694574
-900795
185215
430962
-108058
-181
464554
1102122
1577922
919227
242468
-291278
408138
1204147
60150
-708991
-37636
987966
-1080495
189555
-635410
-273744
1282134
479447
545486
-121592
-1493256
-1259878
1288389
-122677
-863850
46220
-129609
-1983
-790867
-596215
940563
-138716
317259
726108
-156933
717311
110466
-1389461
1024558
-61875
875681
445071
209715
-776163
-702932
963336
347779
446545
-569524
223445
84478
220353
1129308
-690574
757246
425520
888858
88431
-932169
233758
498462
210738
-675737
-614169
-615776
-370406
-243548
624683
-290801
1794011
-271079
432183
191126
640231
117762
1388265
975451
-535738
-243563
-16083
567818
559048
-85240
927013
1391987
1494500
574277
-680375
86424
228489
-826763
885544
-129234
148966
-165502
-602226
146294
579904
-382547
-445611
295347
1505083
281638
1347435
1233057
85595
1041625
-905889
295344
244512
-664061
1289823
705424
811827
79604
-499700
349757
-841151
978999
419850
723507
869356
255300
-846863
1428762
1307427
848486
-158559
44675
-845112
233609
220653
203748
914434
1271537
856773
-851482
58868
14521
-720408
281135
-88646
128540
840412
155383
865557
578532
956222
218391
756939
-152033
207926
76658
1641641
363548
-107048
1411638
1024514
1158117
771491
1996882
-1124824
993734
-26551
693064
-6051
463039
-474534
1092084
329255
173294
-1065011
428058
92648
718320
486295
-513081
1362947
483963
208639
264349
1069042
548365
24957
1046746
738658
300482
1033210
-445474
344045
322977
153991
-289996
-479495
1795562
460977
691687
-697013
-94231
780699
1222456
216915
-1068389
722533
-163365
60055
-609899
221348
-90472
735040
75994
166370
-544104
1068884
-378067
121639
83320
1265061
752789
-437431
1522779
1129476
593313
642785
1669772
285636
592168
107006
264826
133029
406424
1292589
213237
1548523
678099
197983
194841
662289
128172
1893903
211723
-387698
1597702
85007
-64055
391982
929872
36450
919147
-223578
46973
309517
107297
864082
620233
-138083
45047
1279139
750477
470903
28599
-171551
672023
970427
-494533
432163
378711
-805371
-139923
-711604
533673
1570749
210713
-209835
172898
1122407
307137
386254
599440
752965
266075
77134
80870
1714259
577401
564373
-492015
766345
-358339
-49559
122718
594802
-99415
775133
-207191
547945
349324
271529
-887349
32774
414632
-495700
76130
807633
633148
529689
441823
1449374
448198
785950
241118
532658
318476
-951260
678272
1348855
55811
629424
-209005
1620605
709460
31983
-210227
463455
414929
250322
-44773
517235
-308403
643132
605036
490760
-713064
-27875
525394
389254
-933137
-655683
-1288580
324135
1009767
534928
-1136931
1546508
724835
-684792
455166
-115508
958428
-336510
6550
-141757
59011
554552
-1143728
1193099
1315553
424979
1581572
240032
-35801
-620792
1924736
806104
720295
-859697
500917
1830474
460759
647251
1361021
-1148652
262960
182866
846696
-775291
-743566
-61223
-79431
191214
-557311
-898080
709475
-902518
1302621
-129435
1841712
1573912
1048100
-166710
-944506
374775
-995371
8749
-130250
-884516
1583405
-101857
324967
669739
858473
944260
-800380
-901300
-459759
1553068
-203591
635724
614422
1670358
908019
-21233
928182
2195822
2255737
-246177
149287
657500
-35426
2073389
-849883
404414
1178541
-987933
634399
580366
1171264
-675898
549653
99991
-338669
682008
535108
-706558
608960
544610
1073034
1780042
-421852
981445
35037
-34681
2008278
733001
579016
495742
234294
-233710
22624
-778337
-771329
352204
349310
743142
477537
-938921
296390
439445
128616
-72198
387065
-141470
418211
677128
108382
-791869
262178
405635
106069
452042
-592378
-650943
525569
300719
1428414
708144
1346600
954956
953404
572519
740047
-232814
-1111821
-415949
581195
323503
-1337855
759817
1148269
683742
435562
-343246
-727891
565389
4465
311867
1751182
579776
19726
693794
-295417
-1064224
-897902
582091
2107985
543780
-702945
890986
428970
743930
616326
-216917
168252
-1296861
1506505
870262
1195404
417564
618
-394218
1715408
161150
653211
53766
422135
406893
804756
-364843
304475
260973
-738450
396255
-871844
111266
-493745
451463
255834
1286701
-1014573
64709
-197720
858747
-617510
112752
-62812
127995
1068640
1254930
1040194
11642
141718
608345
858070
158202
833062
-15169
160013
-172368
1530241
647699
437357
760836
345940
-644149
1179730
-1185781
-430025
847860
170573
-306356
43770
1012851
131896
1005516
-95040
156926
1231423
627590
325893
659760
-14030
-672716
-218669
225185
329280
963186
876029
1116866
486124
11154
695693
430527
683711
-169115
-145974
1148391
-903914
1914544
181504
712588
590397
1359111
130142
-799271
677531
-1098436
1067353
156638
1448234
-421709
1093563
146289
274519
1879907
-107034
2183977
18686
-205084
628283
-372050
238344
1105084
520237
727887
124816
831902
1458753
1002668
1523222
-289296
621391
197499
59025
614950
404692
426106
359322
769897
180009
860946
1265147
-560861
180104
543885
-36153
647564
265264
342839
940832
-114833
-25835
1248287
307403
-156202
314961
-650016
374169
335292
1641004
-37531
851059
-425558
87226
-360315
202708
490850
217563
603824
1099454
1523566
733879
1117749
1188178
8645
919928
1087380
1067763
272816
1607387
307111
-145086
1152965
542589
457572
1028905
-1074784
-143143
504492
1406197
-872806
-905710
-820878
473402
420207
-454195
-608269
363548
842432
323939
721941
-106931
-18102
185136
938051
809046
313855
-114134
-14741
433094
123165
242105
-173756
-386438
-820356
-61905
1423138
355762
-507494
61552
413361
603656
1468819
-20716
-230025
654653
-389475
1065221
1351947
1354213
16263
2160290
787470
-241088
-74975
85811
895731
439600
403111
615795
1379582
1191405
-963891
104791
-25911
211241
23611
-784445
572362
-272069
728890
-469861
185506
-27742
39816
-642730
1790635
456205
-599545
847184
1266880
-289770
625910
173611
-583009
136118
-1120623
1215447
53982
383521
353930
341170
207500
1019635
730500
571225
322218
317204
1370038
125941
27306
515015
90661
397532
599076
335794
-755381
-128877
1095947
2022915
921800
703534
635228
1324251
-55179
-41965
-125317
469794
485126
85067
108188
303400
1421678
-191260
230035
736170
995162
318603
759241
1345024
813674
15134
666152
955866
1190930
684813
-858133
650852
1210292
558509
557200
1097733
682090
-182976
-108022
686134
132830
-221890
359941
515227
-152226
860438
38349
-1009512
-1155224
972288
1436035
-1057337
-711110
1159311
162090
182220
557642
290975
-745676
-645296
574235
-387442
918897
-277107
919971
1165464
396117
1122482
386013
423902
-521119
514126
14387
391055
274321
455230
769481
537492
110851
179044
472172
-159030
854770
-23349
-578175
249989
1180074
1243128
322888
98199
-631888
-347412
146190
-391863
1197362
757635
-498719
-166126
238591
1596877
-120455
1438135
1527630
421781
1356895
1413523
-180840
1263229
478566
-1021137
-581597
160809
1397754
832087
-92739
92666
-218144
-422125
509598
-690658
1150718
119981
408336
2142090
1827279
449708
-1113077
-810105
630645
-513426
-66377
-21054
765836
-918639
1273833
380536
-724222
133435
129682
-366667
162053
686025
459463
56022
-275859
737200
-544116
481279
-17010
285282
1207520
506231
105995
1064555
-833004
390303
-27989
1286229
-55123
-151011
1286260
490260
852425
1071098
275169
-207445
498038
1734509
821898
-675650
645469
644173
1330457
-596196
303259
180008
711514
-338061
-283577
813616
239659
984018
562634
576462
265938
107050
1020177
-157841
-188137
-96224
90498
-1097400
390036
151801
235693
-474203
-132763
106145
-184058
466664
317056
-707708
506625
1181156
1073135
397882
801587
-817576
386838
-634099
-150438
31072
-393446
-339623
399949
328793
153881
254172
117952
-6863
-977161
717750
1228979
1264085
536052
-26938
384933
444993
239065
71796
189787
-12465
1145020
-804652
-1096856
973418
502960
-105391
677226
-319566
511272
173667
298123
-37651
373471
156836
33022
546619
-631060
514148
455832
1980621
1415762
130800
510807
437457
538676
171379
270023
475584
564520
697536
1119217
1259981
665337
876136
1351441
-104595
519376
-714578
-798527
-424140
1440842
356528
-160885
-633216
707404
-22164
880708
689600
589195
436445
519200
97041
397988
492634
-533324
760644
-747744
1303162
661495
178399
595263
1166187
179713
724640
1279252
211212
75590
956199
1673494
-87651
54018
-295996
1255979
917655
937210
1043524
1236551
779843
294102
129199
160387
587019
1074183
-341331
1028014
1339393
-133886
-76394
74992
1036581
1508399
686455
437571
539992
117419
1076865
465374
-961346
1002013
510148
296413
-803274
62615
735149
212886
54316
-1122385
34055
923834
-1086372
474484
-80674
441533
-271830
73694
952537
270965
1642694
-827526
-742192
138602
355793
365119
174465
391830
-1000228
-353500
724172
1149173
1714199
481728
603442
422136
-745549
1430491
-137336
-705906
757364
-215376
-231053
1507179
-341386
1025130
132708
955650
811868
119484
-54223
130313
282745
751335
655272
-149168
236778
589415
525728
254680
351906
109090
-872039
896961
631917
215241
790753
470466
206724
-388734
881525
626668
426257
629539
-881793
-64954
1543726
359571
-363242
24682
1843528
1441697
-622536
433814
9985
903777
953632
51186
-135276
577792
508189
401398
360275
29295
-902890
69400
204145
177461
443469
775148
-708461
384747
585476
356492
238141
1572847
-409729
274870
480805
-775390
874581
-443011
989465
-469389
-559085
-799660
95686
-806008
750358
-560304
-552897
633870
713222
766704
729298
90526
-120
-741553
671951
531817
1179862
1171318
175860
115189
1631388
-293792
1040972
-109566
990966
59384
767816
-772342
328456
108025
294835
186442
110481
152661
-523264
-107637
949289
-188962
-1156635
-2393
572320
432745
484286
-852469
1455500
355597
764390
1650380
321806
872203
742154
-770406
-438022
784799
744719
-819851
787444
1423141
408381
1227949
406610
2062947
326257
74473
891290
-118875
947568
608994
1071156
-888798
-70438
-692711
659622
1409163
-137658
-608497
-505350
374507
68940
894948
-698085
255801
-346544
882260
767798
727621
-502274
-26056
-142832
380782
1461051
-1042845
-323830
-97588
565740
103250
-88522
-1058244
790551
892363
-150553
466309
2083368
-830628
-800107
778316
307789
669703
426126
-44498
-82484
-107632
1210613
-191314
168693
120504
759449
469027
-1101252
-409707
236951
559185
-235717
522765
399655
754843
-139968
-94394
-231631
776271
502489
767441
923301
-147342
117432
684778
2291
1033153
846399
849876
493400
-1212109
37344
-1110506
521970
322501
-410285
-1029341
-680843
1004930
-661738
1106894
961874
153146
361687
13440
795418
275222
467552
1150430
308258
374138
378895
451253
836825
-62384
328903
-13591
-299091
1185710
761941
368515
362195
-882635
532279
-864370
293041
30727
-9225
934744
-1030549
464707
1114600
357262
171423
983665
1001615
-1008528
-198736
986915
-356241
611237
-505727
1379167
323495
349158
2016423
-395703
186933
275034
1665180
20048
-1070154
496334
653666
229066
16174
123638
120607
862152
41057
-824405
146089
588821
-1114341
606695
-126106
-583383
657670
1020688
-646993
1140839
927247
-730577
-731011
86715
-1021877
-1211572
1095505
797862
115
1001478
-1081856
372428
681246
938987
129240
1321257
921665
612257
-769049
-219640
220653
1067086
80108
392451
1391597
-131895
428862
-392378
27896
819814
147155
447586
853633
382070
-39197
32258
1291374
177480
1553022
247103
913047
-142017
-401912
160037
32325
1047828
756158
231003
-727637
832755
-578608
-612196
-161303
819322
-915
661402
107301
-346579
-347091
-395819
-938012
115927
379126
-96452
1690366
397868
-234677
-923526
406377
1994846
316165
-141003
107988
1828451
-491476
284984
-33395
704216
726285
-260035
853652
100387
-426607
-938629
437903
2019555
1205833
1921484
631263
-751304
622917
36418
-70344
169423
492999
-839738
943128
1213992
286890
930489
-867423
-28085
-301650
-706096
-90751
526664
61511
1691143
1120707
1120875
-224402
409022
-584557
888087
666852
2035123
1353578
815419
1730887
351846
-529681
-779026
936949
1127360
473227
467492
-371467
1798193
618986
-535129
-4391
1848514
721357
-237553
-336242
253995
1385905
966669
268047
1271149
-651220
585125
-103133
1175613
458039
505667
1414845
77541
171165
566857
-325867
184520
965168
542651
623723
-410837
1548531
1249817
484568
488982
-603743
59448
-944073
340684
1079553
-829629
-856120
-890867
-94469
-640325
-241073
623043
-258011
1587168
40041
-34723
-383873
434767
1514
802130
-222030
892344
710196
1535595
135844
-407595
229131
-502340
405674
-561822
1387550
-913478
1087446
-338276
5305
265377
-370271
-51765
367377
569631
291596
1613765
1246693
-30347
125406
-941200
395312
-538511
1097652
-151361
-85528
-499157
1031520
1245840
882032
-536118
-881674
917609
800127
677719
965187
-28628
266608
517484
1338903
947612
1053576
45243
176266
-497142
376910
967340
91533
866575
1223862
-808075
943093
233442
162426
-324949
1643575
451122
1216780
-803363
342744
207889
484008
-983798
1654529
-266036
708960
705967
-1195691
1569501
-438712
418859
401065
1013329
-445676
-440028
1130849
-334394
867662
-77627
1419536
731569
525100
1270066
511446
-488042
-3680
842022
-283694
-117914
-782878
376578
981067
480643
98337
1103934
-940391
311856
200205
829618
-75419
127620
857160
517656
597700
385864
486525
21785
973607
1373074
1922497
724030
-468330
192998
225363
1232191
748555
1047512
912736
1083529
1174654
-27272
456663
62623
-32665
1716158
336647
238152
644605
-1205698
340749
616341
227947
-60637
590544
656903
898094
726597
-1389301
206055
639051
283494
181804
495386
284063
282107
-148118
1644274
625240
775869
638292
-225163
1274265
-51919
1396126
-631245
805243
843622
627509
-717957
910555
-1087485
1223905
116037
899475
1130199
752846
-733670
491950
544120
514966
496345
846309
181645
931436
1326007
38737
-62171
1053261
1013877
201571
320128
-54049
-183331
412807
799705
-276377
552875
558971
-1005715
625606
-202264
-1095456
354360
312040
539080
1442245
1153995
-261198
-98697
54287
349497
-693449
1076876
1370251
980074
312875
979061
-190145
32566
443293
742910
323401
-242433
-57995
162099
-987151
242795
-162985
520315
1191174
372058
-19347
1012600
577122
-369922
-21100
-457549
323713
761741
254010
767404
280459
-642099
8982
1142231
621530
-230766
-79407
-194786
-659184
206944
810282
423628
729499
-258965
279400
-207806
1090446
1604015
525668
439838
1069033
1011054
-386397
1452579
499822
835107
207513
-810808
59937
755805
296041
868927
414046
521516
-291703
865438
2112
222331
-1094916
-348589
-1018781
-622734
-855085
-506365
315108
614662
-807961
236220
97369
324640
-47683
949040
484144
509307
709421
93275
-955012
334921
183135
312276
367890
318700
989778
33921
30903
304054
87098
1300049
-288503
1323825
-509089
41097
470373
542532
-118729
-226626
903721
1066327
-1037560
-229874
33453
698797
880172
407640
656336
-593607
-923655
-33364
22832
200782
688145
1050718
-615441
-391511
929819
1688022
1035424
-1214
285483
63119
225687
431657
467339
1501483
-48376
969602
-134549
783713
941566
97743
889962
687213
-1741
544742
1214866
747993
534532
698160
-309827
1442749
-633586
380748
309871
1643498
164917
1184300
245050
-406357
111543
-833389
1334243
-444491
18147
-381112
367020
944067
721503
39904
548763
-215807
525208
6835
923502
960071
-1022359
-495833
-50852
271864
1970544
518772
275645
382422
923891
515523
-838279
573878
-677206
595170
337871
619560
140880
-44417
2117253
319550
-603457
-735098
-598336
72465
-652260
-16968
874769
1126383
-93806
52475
1180102
1036786
634376
830962
298186
-574006
359884
1014692
-163215
1468193
1304766
287434
1136084
661163
4358
26382
400454
205611
1616225
101758
1157356
-377311
-479850
-1057264
931388
267276
161262
358139
1270648
-290245
-277910
1021461
1035009
-78570
607626
-420458
442954
679416
396616
538269
648597
761099
722809
42259
-60622
1135913
183393
-301830
498789
-908079
821815
93259
362595
1087198
-367755
1259043
-154649
165701
-566344
632590
508238
1455554
-142220
442882
89829
1851243
-947307
927707
286645
937423
-58218
1192784
186390
-934178
1243370
366309
-226894
1815706
200066
-93378
-241584
-243315
647598
100631
935171
-107762
586568
-101532
-216701
-633414
1068556
1601785
-260591
1272125
-170107
140738
1723911
-384886
616417
92118
-556896
1340777
837971
485281
746024
1597760
670750
-196379
1104171
-519196
-421185
-90032
585054
200225
457076
417158
-795417
-315923
717256
474936
-14497
1761699
1066296
559829
511514
525642
196244
356189
257887
-837198
-224206
190871
760088
-387201
1422241
-290137
319667
-689547
-179911
806114
853767
486082
1184492
297452
317864
760284
123841
169918
-27639
196181
972473
90979
659609
223676
1150937
-512514
279920
415106
224446
421224
95284
1374526
-94154
1532212
1102583
-460157
-810742
229758
-573181
-605539
-11686
-64864
1125104
1216712
139928
-188592
9962
565541
-502913
160652
723060
-1063899
747858
-7463
967618
271883
222372
-495046
849824
149828
568737
664260
294014
503703
-518513
810860
1015362
258820
-1214446
327382
171373
-138640
-56673
-522854
1339544
301171
473260
9720
-65773
2002209
1262127
-728661
1592851
-413185
-438078
414353
567145
613494
-44934
98098
1079
978205
-138074
905434
-1049877
-246610
542000
420549
88990
476153
417664
570036
-11982
1404008
847119
561472
512516
-307448
249300
1576860
330020
842253
354602
44944
305231
386176
1097548
-922974
589482
236119
1460358
-1212072
1561388
-135500
-268839
1290891
-194145
301513
517397
-180861
922944
-137673
599242
1299275
-249980
-661863
622555
868694
29808
-31925
290401
-637312
-138017
668761
419784
-607819
578637
-62788
438167
1308706
427363
450658
-501017
496659
204927
1012491
251903
813734
-586866
-857182
1205737
1701535
483379
242128
1166513
-49632
765145
633826
428511
19737
290981
164882
30201
407942
263478
931326
-892174
667497
-303667
-786243
848605
451020
-448739
-965241
361602
1725883
492901
1358658
378734
-252773
-168211
802187
192688
1153177
1089857
-421745
-89967
-288413
908164
711306
241552
343074
21969
1461748
1529846
-898614
1358045
-18942
-216441
221888
964010
-95347
548567
333426
219720
-1027339
443876
367788
1347000
-359429
770121
371709
630444
188952
1032963
-711738
-200870
1333409
-29663
568969
657370
591034
95613
793950
-190601
-976488
-920951
99091
129755
498922
868585
-751167
332987
-156201
-325825
-436420
36514
-160525
-937922
278110
354705
554446
-74339
-442618
497590
-22305
-75944
409048
323898
331430
-36070
-279506
-266732
192590
-5000
956563
21468
-1087282
1178299
786427
-864236
260274
1654805
606938
431022
740067
778391
1352933
90267
-275057
594787
-1091766
618829
387412
1026611
977222
1325913
267052
-313425
147644
1165472
1135380
1857996
59529
1183609
126615
425326
-25264
221408
94135
-859959
500410
302533
306069
-95309
30026
777300
584535
863120
984386
968931
108333
35759
-548156
149348
-243845
249656
-187184
-82373
929799
-198356
-571996
-601327
141726
171889
329052
-398713
649428
-163249
-721087
-132928
1317125
1092981
-549485
-922748
-587503
1184401
-441206
-1178209
1507139
106912
1091033
1167252
-1170347
279038
1098293
-435389
-185855
1071044
74579
-14340
1281214
-89397
1304692
1307610
-549097
300115
929532
461300
602569
1088064
454144
1179651
-413498
263823
412030
1095086
-149780
-1106797
-537787
1158478
-27256
73555
956090
648054
217773
1264120
-194721
776122
-378686
-1157893
1389368
1156783
-447659
866852
-642847
-900456
1058040
548206
211858
90156
-190668
779861
266518
1182868
-671300
-742113
1200904
-222947
1112002
589134
219163
686424
216773
773353
589780
759711
-91145
257337
68084
1148725
582477
-520340
-352080
263090
361761
1336424
428725
830643
-241213
1356338
437352
346790
1054113
111972
1288611
128382
-48293
-842399
-258917
733112
4860
-857924
-240053
-979388
1062072
-63795
1841795
1037362
1321658
-464136
-79834
-197450
-370642
1151536
269033
489353
1413031
411371
-1026122
-298043
668505
-190229
-436698
-235466
-4758
-529881
523487
359116
131705
632717
380269
-586468
-54230
-645760
604580
912455
1074476
-920226
1235856
-36567
23987
1264725
33306
-72855
923229
250929
338373
1160559
-879928
-702801
142120
899007
-86693
406777
-105983
-642509
226836
-295568
-93101
-526957
224705
436876
-1293044
300296
-736658
159091
13735
-287780
-817112
-52098
331984
566186
972807
-790082
1021647
272848
1592508
670524
831985
1255329
-978884
739891
578867
-216772
1120592
-396379
-465908
776603
120356
375031
273215
-71996
237458
14430
-590586
434361
-46309
1458210
21680
-1024560
-764253
1127732
888049
-425784
-73639
-631583
16856
199359
461720
-274445
1360735
-786933
296884
1801408
517348
856941
409511
1220086
909719
1504155
1072857
928748
800115
-468271
247500
332648
262035
547116
802474
1462802
531754
-387021
472842
-1075708
-43033
1017922
-65019
677003
377551
205318
617079
-705901
-328282
-1084925
1072970
-631890
1136479
391765
628181
232921
602006
-209347
255755
1072030
2014050
434217
-1020713
1533825
-386431
437256
-190537
93285
248164
-536190
-1113976
523499
-915862
292901
-540046
310430
95615
42441
-861390
578787
257984
-249514
-1091420
-242015
-13262
1031140
-494630
288312
1058253
-505554
-255594
-356917
1785389
84630
876033
1130075
-29091
-17269
-210842
610909
438238
756647
1063024
918687
1398616
1552331
384815
-1365815
-675168
199409
370213
638325
770169
1093023
615177
766408
506763
-319418
1461753
-121122
1314732
348947
862443
-388804
972593
-262377
438220
1086243
1035199
948026
715921
1908898
553447
1396124
-737982
869441
516664
-3023
318858
717819
123851
-398539
-14927
147558
-75944
549620
804383
-127144
554281
-447192
-1182947
1408682
80124
-1133427
-921239
450029
29574
1345315
992665
708870
1350017
-134640
185783
1373766
430932
-353083
437911
902208
35515
11151
-87370
297575
850663
308065
-63406
1250941
-1028361
494806
1005895
168218
333771
320006
-416618
-13741
990055
775430
-307605
47403
1011312
484547
776414
696715
663967
1313763
-434341
1838395
37149
1324522
1809352
1453803
-29263
-494666
611363
255643
-57937
109815
729697
685952
-1010554
595841
308325
70675
-903474
54322
118089
-58981
-728242
648334
-515930
1356964
171548
1596198
723543
-100459
-903305
-770156
107388
-960540
935458
591128
953174
118401
1002751
-124185
243880
-750343
-40640
385056
1166714
338604
-348768
227275
942424
613470
-325671
571610
-669493
-100476
70679
134642
-936182
333715
461272
-683149
-1194188
1204
-87504
1195011
582540
365244
170703
205637
-73340
863727
1592502
512542
640088
-468629
16754
400083
383703
862163
460242
-894089
681821
69578
-935208
981347
647308
325455
228504
-115954
89653
-357680
786516
-315646
-786163
582708
571548
-803694
-304601
396081
663067
656679
-635882
-400670
92273
480269
809548
-94072
-341266
388037
277854
874142
1383661
1128787
-1046989
1182886
2505
748701
14904
-230682
-1224711
-1198393
641234
336368
-540706
196094
1013989
199134
794005
220198
-205777
944971
511059
1122452
833404
-307777
1366693
-169672
546452
-68483
968195
573056
1232041
-823505
183582
395646
1879358
-606209
-183951
725034
441018
559065
21671
562099
1286265
708916
-771926
-113642
1552675
-891583
-323927
-320092
-862726
423143
-177476
1560084
-741366
-281349
1715982
413330
1052133
-1158269
-106969
534386
246922
927250
420272
1215582
976902
436416
625022
335895
829442
190670
70811
-810190
-588929
-698768
-503328
-959361
693080
-945043
56216
-63545
-110988
882023
1558129
195971
-1001720
591191
1640412
853151
-716108
243557
398892
264630
107906
801608
517759
265421
798240
-264478
-17237
1426387
75482
683262
-727666
174687
535324
268831
175470
998623
392424
-72580
9002
605082
1175462
1529968
-640237
523016
600009
776153
615984
274691
667278
-198011
272789
10683
115018
120766
456882
576481
-926158
-1045391
1132764
190464
-1144959
-896364
521773
101084
-1083663
-524304
1018238
-372874
35920
9185
-269890
1303489
402153
-899370
533975
-456780
-124004
984755
704469
-1087906
414316
916045
1488155
-703280
727713
-364435
134329
282716
-784042
-61650
-64169
1177593
685504
482617
54419
1433819
1655558
145472
1043271
347442
1888865
1281426
1200728
1089534
-689360
350330
-294048
767909
331430
885469
1523281
-55540
766601
1198361
558012
-7415
1157625
-229921
-605276
-426070
-192650
1693465
-672619
-134204
364590
-353347
-173822
2148456
694216
89369
1100273
323224
-705121
1424287
1576874
1309968
575149
39367
350636
447757
-64391
1021587
317991
219296
-127139
384986
82397
-322648
-265915
1222910
425152
1184659
78770
373560
-896272
332782
-712057
102070
-61532
-301013
-528852
-1111277
93241
772486
744316
-537142
-32969
1704895
615953
884910
90521
-402443
733242
167696
-961235
-227628
1217524
266568
-319111
411723
252734
1174371
-163040
374019
507227
1172015
167544
1029121
258200
-720731
698674
765950
213309
-92256
813815
-497501
-400276
1060431
-982426
170859
537416
-642277
-237305
2069933
-163496
149265
601259
195385
227073
823908
1481982
677832
26633
-74718
147317
829159
262648
-185189
1121807
-666227
-553454
-73354
-715015
52699
-685487
-421401
448506
194775
1624630
392565
1471222
1277430
-153676
1219449
361058
546176
-362149
-1086594
-364872
-534458
932817
1235376
1062548
272869
1023622
760664
-639653
304555
689646
-145853
1433279
787199
356795
563153
292270
-162866
-535303
473132
1755524
133560
825617
253849
1217965
692645
880776
-153179
295549
492751
432693
-165439
896827
23826
473224
374571
938040
24253
1195665
156595
248487
1393287
-565295
1118559
212213
477410
110478
334315
-67226
1481522
-68545
-531075
-167268
194985
-906485
1177839
-724219
-524941
1276625
999356
937933
1389689
-1241684
-558993
745746
1034695
734778
-50333
-336749
980306
-795949
337903
11472
1327725
-111930
-1107112
265125
872713
439364
-496679
67718
585570
134668
158554
1728401
630433
-496852
-847510
173087
2109132
873854
-229853
-1158585
1647487
-142153
-381731
-388596
558844
159305
499685
218368
-56318
701046
1260454
206176
168147
583774
822219
264022
-528402
627173
118776
350798
-469967
13755
214628
1325189
1760611
407799
135607
469430
-87397
687386
921227
-82586
328041
-16865
633937
333510
-126968
168511
735422
-877757
223805
-597068
-252451
-776506
625480
-96372
1092438
-960012
634181
499892
-989236
308866
316047
426133
312891
443674
786447
1285771
856743
1172002
-132411
474285
385028
369009
1124674
-245259
273609
-320111
179337
31692
1901691
389633
15536
747020
983100
565640
-489603
623722
1462611
66781
252076
251290
231668
2011866
261980
514807
206547
725355
630635
115605
1820817
1212956
86977
-837612
-148893
538998
862796
760767
-353911
1330156
-398070
725197
353547
427364
224821
-441022
-137467
362339
-226594
194857
-320994
1303014
-267971
119720
1824871
-960049
-615123
573216
747127
513097
781939
937945
169672
-576732
-1285996
451799
1370991
383164
-1034372
-575308
425883
817706
1306480
1269562
108173
141949
-678817
-210115
363095
-24072
-383058
240709
20454
1877460
343685
213728
244625
126637
-597968
-98371
543168
135968
570576
815614
-743121
-598327
76549
1394021
-422007
1453750
943828
134182
-375930
288831
427860
837046
1413626
639522
86373
1230174
1177103
500401
258197
364047
1249588
168642
21275
505571
-121572
347140
1203286
-159248
1099346
1180695
1273567
54667
544890
-205971
1401114
-456558
21641
-185976
615203
223461
119724
-18437
566654
-1040721
674354
646375
738368
865455
428755
148845
275785
-161710
353020
1240747
164950
925304
381879
118627
174385
-550536
-101365
1090866
67816
-745935
-610647
336621
467560
1279807
361593
1543814
-958517
294958
147745
344118
285903
665835
516262
922225
-803256
202469
246603
404622
-640608
759728
1637131
376396
12896
378983
-959340
-436105
-295573
-1361602
-944696
55300
269774
223609
-142813
1462673
175141
206093
177228
-8579
1259943
-435360
257833
53624
-759561
153512
653204
1570725
1684849
238012
-869341
959197
-289252
1097574
537783
263100
1307448
-129584
209577
-59464
1006901
1718283
445707
650571
-19773
-123368
-538911
524916
-1002067
-146377
978080
-668319
1323342
398278
-256002
-594813
1349882
-135659
-65150
45762
-537474
53550
-372816
79494
296381
1197690
959333
-355931
1138158
81750
248896
579021
-1113104
296676
430166
376668
702111
183369
450111
22161
356352
475647
14541
-692621
1382425
895240
1122441
186939
1011523
-95842
-555537
655846
1149252
1455493
-239626
216522
72056
231265
710606
1174713
-94055
361926
-204160
1529968
1384096
8112
1056663
579308
489137
979581
112158
654367
-760941
-59346
119177
792003
-651256
-664167
536884
1394901
916816
-704665
-970945
-314006
-677771
387065
48325
140905
1110732
-506206
-26702
-1113932
1395096
-1181712
702579
150951
1428882
924762
-1067011
743533
1265331
695644
28061
918684
76641
-259989
223976
-182375
-85906
1257602
-792068
-235531
1537352
682624
170898
-600697
310879
209514
1485122
-12549
1293785
78459
498733
1923464
1437509
-236037
607340
422762
1517953
432875
154335
471127
-158350
236570
-603468
817645
1416371
619296
908846
-1084779
64505
-1253922
1652137
-846764
1448325
180925
419539
1315499
766276
1075201
289911
1296420
1148760
1019398
128090
1245512
-4770
-752102
-83800
338937
195541
-693225
135024
553828
386307
557936
-28486
-823806
-1333252
254611
1103016
-246410
74040
-342497
-890185
-373584
-586741
-356736
325739
454307
275545
803667
12299
-1051490
-998903
205354
697516
134798
1603627
76419
90120
-521090
-525721
471941
1763963
352130
249153
196837
-153555
397128
1192499
989421
579277
755134
315302
1334114
1442487
400168
760430
-174449
-298679
330782
1041210
-990783
-479714
-118970
449855
-430525
1343742
1162964
695084
-83227
-24712
1253931
32268
-90150
1281343
-918416
-258871
773963
100389
509863
1154666
-376857
444368
764548
1312910
166907
-29607
974460
-207678
883903
756767
143597
1376176
895498
-98991
-59514
1844012
-409155
-1022038
1595105
305306
-810523
1431400
-879856
186350
966811
1381411
1185097
822417
69939
953270
-128016
29196
1643665
718937
22997
525921
-260698
-496202
604236
-651346
-22967
-870566
220
-30350
572369
541115
749160
822226
-635347
-145178
1429475
-580879
841757
1548346
1278067
680347
-474152
-1077963
-254626
410306
-1350288
35856
1307248
1662740
40469
-131170
1136240
343724
31705
59540
162239
57177
-352078
-919891
89758
1075052
508152
117027
861667
-308840
-517834
-89949
1542662
301553
1357729
489165
698968
313542
133013
276163
885558
-134599
-299534
-84142
53859
751781
1401569
-555418
489760
166572
-124259
-207720
805280
292497
-281861
1285291
1789349
366256
327809
-441067
442267
311708
1178456
1668463
-202544
273781
-670556
-259512
-807912
164904
239232
785368
489466
41642
549705
-876803
-152865
-940354
1071606
-23920
470984
355303
-87661
671091
1745737
229429
-70285
1029530
1161128
1438171
-369239
385019
1692462
1342761
-144341
642814
1243631
-27762
514571
564843
-623312
-780829
373719
1296180
220387
-935169
-466735
803201
-728652
-219456
105252
127729
993071
-1103743
-454704
1361393
852211
-172407
1025861
904134
-385923
1123931
-139616
-208146
1141758
-659431
509924
-82212
1570927
-95257
435711
-1124322
-186655
1296137
208741
-1336476
419967
458929
636717
449571
1267074
-1092293
557959
-109402
1432376
749882
1327448
-133025
967657
1373678
698002
-81703
1595954
638366
-908439
654391
-111680
352025
223244
-103970
809745
-418877
372171
-703358
252230
727683
268925
-688194
609598
-896111
301053
558668
1869448
-457519
708414
1136267
-149132
-33090
-591422
1252586
108669
-481534
-741654
-485870
1298761
600668
1603601
-398015
-772773
-206064
748999
365521
353699
299413
1158955
1743309
-1257262
-274189
61295
776542
55537
-494272
242090
-154774
513793
-876791
1629737
796172
568666
120684
-272353
222564
43991
40077
305485
1150707
-102729
66638
-542397
652096
-508828
453833
1340189
888345
-568857
46381
-993729
591121
-564676
60914
186122
933814
-116840
876505
829788
299124
-682780
682504
125002
57636
-1151555
673161
-250009
-1096991
1121256
623947
641814
-998443
-346154
426313
549532
376387
1304940
559957
188168
113783
743444
-144698
1130359
-830597
747460
1612135
1256167
800467
582861
312955
-917717
691702
-510859
1056243
933567
50931
862559
500823
-73831
118358
324893
82828
-759061
-401938
921935
-796305
-758016
369869
180597
450743
424969
115322
549531
-76776
697023
51638
375103
688005
582340
758733
-351249
-162651
1278880
556334
1391885
1195431
-75306
-194948
1079334
-334682
268525
-288125
-28987
72012
-157743
1850189
698473
-260001
295266
137297
-29177
-535192
890930
-1013047
773738
1724274
-582964
127677
-35661
146930
-21222
1063312
320569
-588933
-888638
336396
-478408
1394896
875484
66852
399306
529896
-172918
-1007231
133252
-212401
207591
680779
131735
-410101
1749835
667467
745509
1030961
570921
-814551
-559799
-319751
937286
-408892
1547185
-258809
172898
536367
152075
1105053
202973
598174
648602
575768
649118
373547
1277614
-597010
377332
1618298
1289566
-208388
-215529
-373490
-54275
482522
674094
-599268
579076
1067984
781534
867091
-464176
578103
-386865
-1069675
-185997
-1229201
-1018309
605655
941105
176544
-1100981
158442
-46890
468875
316391
61915
-159090
401486
-1120
-361876
714170
-203174
-926
-343319
312789
364989
2103354
-371337
234887
-506830
551609
2774
660421
-878608
506498
35359
524342
-451207
517711
637379
-766103
1104842
285648
345228
-758
228736
64107
1186717
339020
-152603
-8398
21150
694843
642988
-112216
60625
893007
1562226
380102
-591164
-187546
1069051
-738781
1488840
-126077
98021
301716
295921
-153665
-1171547
414637
247934
1333143
644837
292665
-169902
798128
449502
1811013
-279821
1093789
1004719
1328876
-634186
-59386
-841038
13477
1287507
552005
423140
-841116
381773
-45837
-98820
729553
1187120
408990
653360
-5644
96889
-609460
554924
-9413
823410
148861
290201
899675
546715
-372381
636021
741075
-24247
378329
215851
454248
112858
733489
-296749
378245
359213
1061434
553888
523749
273331
-573189
1158398
-323666
1288948
170491
95662
1207123
157940
-897987
409559
-825249
614763
1420261
119675
295734
654629
271056
-143307
1228416
819158
199956
-558897
828972
607337
-685050
37066
1037993
-992452
1527837
-424674
191722
422993
900538
402874
-78307
1503298
6643
-364870
839512
5151
1582181
-341389
277612
661747
-428122
806970
-12279
1390795
1188113
623717
576939
503695
1500187
1527916
547434
904413
256322
879101
1389203
-1119096
255952
596044
-550122
604716
627288
651086
371325
-955237
-108562
-11793
1228697
-868367
148066
647935
-973974
709839
822098
573320
706484
117116
-52758
546200
-135101
-440884
1662746
945256
-582680
1192014
580420
421998
-36549
17289
435197
123931
1483496
499040
231403
126217
610532
252276
275116
186274
1144314
-800684
627394
468338
-773871
233584
-580
-46395
490517
140271
1421012
612105
418421
193634
27221
1165886
-1127672
931307
-592281
-34067
1490643
472781
-109057
511280
630020
-451406
-445862
369140
508683
46699
151407
-78444
138663
272012
-191373
1480798
-179881
1106072
52803
567150
2055713
1167354
345979
221284
834614
450547
870847
25398
601973
526040
447489
866203
1402448
-262981
546018
5884
-199778
1435272
260881
-54742
-134471
-564337
730938
-930216
1289666
825325
-329331
1096282
266331
1670640
483592
214107
94241
436981
384009
180064
-836035
273552
1571238
448611
42619
1502920
262947
-186786
-59067
75759
-414225
-974168
-576485
969859
223782
-80594
-100811
1116937
-346594
1387280
-56024
705163
91186
1110414
-473923
103208
306896
-1012110
73473
173494
-169346
-1107430
243884
483085
-260083
-100849
634444
324929
1436371
-163779
-223982
94626
-124073
234327
1526684
1831746
92190
1070781
318229
-548620
484951
804833
1674357
1009513
636752
996628
46334
615010
-1159703
-80136
190417
866572
-554845
-6764
-479116
-1286458
-770478
6585
134189
834334
1715176
-132688
-406856
344621
-275166
-581942
263119
-13973
874738
34338
-11992
262461
-127421
728762
830934
-265068
443649
-961048
1054
579903
374036
484970
802699
28841
797613
-11912
560386
674175
268391
474696
100469
143742
583265
389012
762784
433823
170827
411487
455248
257403
-555500
328537
1278374
1038107
929620
513266
-888916
1013986
16853
701349
-893381
234992
1881340
230086
124568
897320
560219
3090
883043
326273
-150956
-468218
-420876
777031
611658
-433767
954411
1141327
805646
310547
-888796
-943017
-309451
1000530
340317
458359
768364
-332
-131356
376153
1245462
145048
658602
947962
518544
-13413
1353183
912672
1159151
1317112
-99163
-426314
288122
-23718
908049
126918
223889
632133
1281076
-251991
-149386
1430983
-1086679
656837
466448
752897
448315
-613146
-140938
1290435
1225087
-91047
-118633
1373707
-335654
82490
378516
463921
462625
632886
540893
2155407
837965
-111124
-134885
-1124905
63080
-1062933
36007
170449
-713073
645316
905329
184045
437263
1553824
-635320
-9124
70594
-9252
1569927
-160893
82161
237346
415351
812745
-638931
306446
-886200
61227
94083
762416
191797
256827
1411026
-208609
-195716
437392
956883
790255
-37923
565271
1710540
474131
-880292
719923
78554
91711
-988295
1052269
57457
1356779
898083
291153
1541455
116814
370860
464195
1759338
1008084
-71009
-410470
165326
685395
-412807
-11004
550102
126985
514352
1386640
-707751
736634
-163263
830252
32707
-75756
-553416
427028
1001777
-156080
955015
305098
669164
806989
-1049774
1389396
-1033643
216901
-874117
-208232
890002
76257
150195
-2786
333494
198869
720932
1421929
1278620
-11819
1439075
366580
1036440
637575
1143255
-1123136
1120302
-29099
126902
-409017
-1183258
606760
-115920
-771748
521108
1936411
1577983
796618
690471
-14969
1098391
-295259
328803
90687
288201
1530571
-321113
443767
-157508
992193
40161
1138618
776056
215143
613883
1329792
1150934
258944
383186
1314396
780652
1437023
907957
1130309
581027
-153129
-304661
737061
506804
-157845
80113
1959255
896329
1322150
-965756
427923
-394450
383271
-502049
747425
398403
-244012
135527
297328
475726
46684
100371
224636
-662473
-513101
86126
382204
886699
147893
1385237
457523
-357334
1305336
1013674
353030
271905
364974
-873099
796154
1789884
276152
281146
1546744
-85215
114862
357310
1519809
831747
-126005
1141148
-992100
106301
-415862
518728
-178265
371486
-751689
136499
421659
986161
-230329
1534939
190335
1544671
427240
-75471
1523575
551627
620963
401183
392960
123391
470907
-1190853
-103561
865208
1388712
-998845
430949
1229903
155142
581907
462323
-33718
-735853
1082111
356320
1212541
1256046
570348
235208
-1049212
-856764
-1213943
261106
656179
-695202
-790040
473888
-785639
-85321
-75948
-199460
-123068
-1017681
-553224
-1054727
715175
194329
-342060
232989
-491062
2127894
1066384
1004454
144464
1103065
859242
760124
292225
916137
385446
452177
338046
428731
372244
1410779
-116795
-21161
-210499
412869
569306
383838
320706
65321
59529
-322608
250387
-1159447
173877
810101
-147313
939683
1008628
-690695
-560019
-278027
579751
-361712
855236
1419947
223505
1337215
418976
667922
904335
-583806
632939
1020836
-546962
-67746
772388
243332
428890
166660
1559226
162420
-952889
1108018
-168873
653312
-121565
578649
146865
599333
-10528
16738
775439
245972
1347892
-1118929
69781
716676
1229845
-132836
-37126
-124954
-137335
942951
151431
964084
-84029
-244040
664961
519679
384372
292989
-868537
614074
178191
525694
-955575
-208841
475991
422546
203029
922554
359270
383499
-306121
1237021
-839187
223356
-70907
-73849
342751
-363659
508583
166702
-594932
-656656
-450652
693884
433319
-76547
-428741
164883
964210
427463
323857
-187829
870733
388977
6435
199773
-938754
-317174
-958
167377
883491
124807
480459
174990
-65149
461160
1283601
884831
624969
1515590
-262017
-721635
520835
-31091
535625
171259
301946
436698
-87901
745117
375426
90515
222360
79101
145897
310032
341419
229839
1136339
1198518
1320900
519597
-825581
68177
1370404
1431086
-609437
1751752
328023
-980386
-101956
891769
499543
-504404
-827388
-146198
-90009
1514810
45979
574344
341651
552688
395947
551142
-897348
665743
1713858
1025009
651896
154912
1557623
-276518
-34129
114414
1145652
394183
-45079
-177544
270111
-755229
244572
1577854
-113571
625129
-72572
72654
364283
-1028682
207583
817155
-244692
152256
1157067
64158
1140380
164667
1056314
196027
-190995
8645
103701
-704848
474139
-403579
241736
862714
36197
245389
280826
-575534
521480
-99754
1013740
-43064
773267
461982
1858017
759273
-178497
-992893
36582
-116584
570095
1308443
164209
518536
321882
356408
770843
740153
868562
1650463
1088629
112958
696841
360412
451253
856779
1612
974267
631123
134575
254380
871309
1330768
659708
305056
-114327
1976184
-621221
163377
351496
-275453
-836716
328229
742908
426039
1331132
2132893
828082
-344967
636458
1603031
582707
-700951
268549
1025191
851140
390792
-128931
1260514
-6232
-262822
703897
-32920
-204033
405555
-36451
-934906
1046955
-969088
166862
1244133
-143745
946146
-442839
-444780
386066
880359
145884
1352742
480307
-218333
-493913
732011
531039
1066234
-1072942
1367796
-783953
-794351
411561
1613235
-171257
337279
1235152
-420524
-564575
-833396
1348828
196067
28222
837757
-60397
876510
-206108
297780
-10213
-150374
-514936
209294
516664
1123215
-89762
386491
368653
-104965
-300919
-695630
1208163
1483947
397931
84467
-667453
1327052
1088721
1130261
744165
181780
408719
-2035
315060
-116542
258668
-928316
1127939
-277578
1042748
-905037
212404
1140198
566651
-308565
328482
-378767
-192004
1604218
1426040
-173350
313206
47775
-10928
1144426
-781057
-488356
599366
18000
558568
446638
406453
129916
450954
368700
1523283
255040
40151
-162072
-741767
349934
40954
702717
-1059965
-928867
104977
427837
1228815
641846
353438
184520
588724
217669
7973
352671
357247
713375
186048
91850
1007640
52243
532205
-282033
1783249
48485
884340
264766
663532
-1124450
873731
297945
732700
767115
-22191
221605
1168760
904769
472525
-269451
-804635
527518
672093
722537
-471922
216575
738106
-972401
364928
571882
650832
1434201
496962
-418583
866894
-976092
1363679
-46796
889630
795007
-1302062
896006
-83534
675262
39634
385874
401884
-795698
1004148
83876
82836
343645
574639
123009
-321180
-402470
-44178
1247363
435326
853906
1122021
795918
1508529
380991
1074332
-629401
372713
1389094
1638820
447117
357988
-118610
-495031
1201677
-7469
-671299
685144
-419053
918022
464684
255471
131147
622679
1132863
-205927
1251236
554062
998326
525459
522400
614843
1985992
1156266
338300
-741133
435454
1665529
-164462
512190
1201902
-1135870
-568078
-64490
-642113
-1174545
-576269
872109
464802
340867
78524
277657
-87829
-801276
687112
-922538
400203
374000
24013
277872
-40293
2105704
1205812
1346143
-1090425
370341
-273687
1338605
655658
228206
693296
843229
11546
362523
250998
646439
700296
-89682
222626
-244910
671939
446089
-67035
418786
235842
757650
117392
-747767
-65935
256839
454306
106859
-568338
201504
823324
628369
327307
-56281
-308487
163677
785475
-38031
299650
-848754
421789
900352
166899
818724
985305
434726
625510
485401
480968
295055
427162
1366119
642482
581575
-339667
382549
143221
-76263
320120
580912
-262715
10228
1408971
236088
243139
1255049
1328961
-73871
425021
273803
80469
-46759
504485
248973
488200
1278511
357922
320972
540701
-33711
523368
709148
64963
471597
1145090
52901
884711
239422
1043604
-88588
1304641
-676869
216767
-526218
1180347
1372741
-107928
-247712
-958713
1013249
-449332
-185239
1927155
291381
132539
-191227
330400
1972500
250922
-278490
-505153
1115887
-922420
781211
-42332
-241166
-503454
1159307
1708568
-1264039
564427
990021
-744367
783842
436499
763786
181757
1213406
495097
1475503
1089981
1406517
-190458
417544
-135499
766748
-186626
1621775
1121855
-145213
448286
143143
-350460
-8472
792606
-260784
1085498
274753
-113795
101772
1695542
717673
1756835
302896
741137
-129080
368241
-879823
17527
449487
409434
-85546
153348
90565
986548
1268310
-65283
1152303
-473293
480595
677394
670529
595046
-487416
-48608
162403
779353
-95159
798003
-133473
1622950
-449384
431372
1949558
1357934
1273460
348000
-59928
-231797
286555
-579103
1656963
-251110
306739
29478
-62644
683224
842076
1114349
1898952
48518
1396382
283309
-259272
757292
-143381
1090111
556973
174432
-765777
716054
396058
1225891
1255737
-1069814
-57855
1179772
-55155
-1023673
1377365
569644
-178740
-546829
-969460
503309
1816974
201856
483019
301571
317444
1005796
-11948
-692151
1248979
-77053
218912
679285
316141
238182
-567931
1674992
513406
439441
345736
-43623
-139951
-256947
281176
810707
-21185
978461
1576388
141527
632276
-190142
310245
-456767
107202
-309467
-13397
31855
1299569
-638794
-153068
493447
30908
-335294
418312
435199
1659533
596764
1008552
229422
-103771
-1073043
-390256
368993
364096
1634735
282177
446558
-11751
676722
724053
-38168
1742958
925026
380866
-478502
1092829
-316205
-58534
687094
929681
732889
-175223
70741
-329191
61067
1256819
1400805
578645
669150
-963504
264974
439275
-45943
1550820
-12175
-660133
525568
700596
-75321
-291660
-183764
980938
642900
470245
-969720
206041
1199167
1080196
211073
145403
-168251
914021
1158567
212772
1097649
749501
-154048
391578
105006
-253749
991499
1524894
-677858
478945
-210002
475105
646799
2126483
-330801
-56449
279915
-1122385
1166087
573376
230299
415776
403073
830810
-982296
237934
-540750
-882575
645781
624102
214797
868042
-860188
972612
436790
-163073
858335
415505
-157798
458163
784505
16007
784431
-613595
73604
753075
342865
-60666
891616
761115
340571
634501
2175016
267254
-1019471
300945
549644
1405324
1166632
172196
653403
-423097
927544
295284
1327002
-409779
861748
249197
580698
36905
901374
-496020
710278
-843362
478943
-939837
738144
519825
376238
159353
513551
756098
679751
78142
420403
387912
-956321
214500
633150
426202
860277
716299
1596132
250053
1367345
525050
366948
754470
1320319
-649236
-439094
854282
1186521
1759052
293895
1678052
-82445
-62972
783937
-661099
-32915
73856
-207331
-88284
172907
187724
458938
1287209
84908
821447
422087
1239966
1474898
449348
808491
457330
64285
737493
-230647
-499147
-435776
2092470
-415072
253454
-659536
-964722
403358
-536508
750559
1314496
830045
426058
506734
30573
1324389
841013
374636
229797
492953
-264374
45696
-410618
-669857
218646
634706
533294
450262
1207610
821976
-959710
50428
281988
704361
415532
289371
660837
1084220
-173043
840636
-489435
-927322
-281225
253514
34807
-1077099
189634
587531
1975383
331588
181385
697144
-1187241
1050180
216274
408941
-46473
-922334
50249
300544
1221939
1940174
40026
814726
-144992
-1344052
102487
552845
337135
152392
1125189
-706308
138108
-204009
1028363
-11045
-1120146
254638
947930
242480
142086
746003
-102859
250461
-332484
1360270
1042294
-755473
301212
-247453
-1125055
1223655
-1076102
209360
58754
655132
-929764
481678
-727790
426031
62873
-908516
-676714
761036
-794595
441401
271255
743546
590003
638133
596294
-507494
-315729
-446569
204306
1142024
784812
718343
1388539
-327688
-667930
834954
647520
645515
-180953
1521
1915309
1460258
1434489
1793435
1335719
204754
105445
797143
1199988
385401
-162048
172454
227929
1059228
71700
180917
-120751
305871
847737
856744
1182102
-798813
638913
625008
-595395
282020
391279
362576
614434
969372
-535870
-168573
422921
140637
343872
302969
-692751
240913
1173312
188184
108584
-314342
974789
1568412
171972
444953
193380
374688
781780
1074027
813779
1452189
1698786
686145
-219226
566333
-323670
-576912
182377
-426511
907415
11350
-342058
-914408
538504
-51394
1214441
-73991
445166
1271628
541242
318475
107710
18665
705438
-925661
279816
718801
326659
-461677
929971
277585
43013
226800
612870
-943348
532366
-473800
102271
100575
350170
277386
791799
-801745
-828496
347821
837779
-384048
1675833
628614
-331988
146432
259049
-786585
-265423
-79920
-468827
1094802
284975
197837
-126761
950452
13932
-10821
210322
214813
295379
235856
-347315
-115099
885414
-809138
1016383
72023
-302726
-265756
66721
-591248
1184142
550627
1294627
-416809
-448363
643610
748220
-391934
162895
484089
408093
-84108
1665676
-291307
-710862
-1007857
157358
753165
231006
399811
1793569
127044
361848
-156129
-316519
-1034963
117484
924277
688882
-487783
-963987
1042396
42300
128260
1111631
148726
370253
86987
1167949
323302
913268
1445717
165457
271124
478007
969679
19040
508744
892016
771228
83455
441452
107389
334381
363330
294081
351016
-181124
1103934
-448702
-218681
861379
-37936
50185
758181
-776455
257040
-174856
627466
-176350
-545048
227525
-1193152
12002
-285242
-766981
-807037
76680
-1037596
9524
-571828
-642080
-469736
717724
-382637
46289
-843324
189280
1322180
-112307
1722354
-867743
1084048
277727
-1041530
-377448
1127211
1006169
590231
232302
-593899
240829
-615491
1249391
-570395
459153
800933
-61241
388436
318086
-307948
28467
608215
199939
493642
-392219
464942
-520389
-18426
68853
538612
13740
528719
940155
805687
347181
-766040
-170525
835645
691041
410840
-1159649
372063
1319232
971293
642428
951874
-167554
1390450
1039635
-95427
-15450
357277
-691930
-510098
1431990
246274
443875
301937
-125137
286431
-818119
68288
131361
183315
-283375
1252579
-611853
346541
-401153
-1322
809491
566647
1762560
-126605
-1206683
1084821
312476
1275321
27187
278836
1084378
197771
642809
428141
722168
1570749
-761698
-1268192
81429
-775585
890520
-763790
984764
194278
-939315
767929
-1052565
1187992
616229
1394745
542684
546503
48745
1314310
549581
-301789
1099454
647286
-50160
535453
-948094
399450
1865680
683158
-200926
188102
1637240
258306
1187910
1724431
834783
1765007
1991495
-1009571
-324984
692102
-245757
507203
1515146
-229130
880280
-183282
364655
-203349
1021695
99835
121215
1763145
1202434
279679
1512549
-385727
-244948
129108
574437
-72552
483549
468657
1154897
725750
874589
118367
535958
149479
-87404
299258
9483
688356
867684
1204087
413048
-849118
-45577
1182823
792326
891694
293907
566554
1286762
444606
250349
-60116
1091782
380710
-68441
277924
84654
-288497
207221
-369502
-313937
-125785
-68807
1320368
1056031
-146815
530846
1162001
267680
450293
-383680
-238026
524817
-193026
-516838
-657053
555498
-497850
515032
360153
1161860
-66401
457893
226154
1016126
1063047
63218
-248188
-919109
281234
113606
976302
869537
-254210
1159693
-975222
48065
833021
-643600
778318
556145
500870
-980320
768835
165225
1151552
477376
101685
321577
736969
329690
-90520
1342172
-1295452
1252512
1150167
-44964
236847
865782
-852744
233987
542652
73615
-71241
561897
980280
1764547
153462
208461
-1137977
-465846
51676
305187
1148657
346477
525875
273255
1143418
1030155
244162
-209809
474131
638901
-597518
-664530
-730259
-92135
163648
901725
-161494
1621285
-785304
313125
-1191356
-264831
1833177
-41796
460216
-905949
-34424
1009981
-2517
-23691
122992
-898491
-301316
291348
72215
488108
610016
-1210830
-1021100
405044
-283913
347132
238276
706780
747589
-498379
-158559
234990
1241205
865736
-454828
-184045
1303682
-371138
-251201
236734
125557
429713
473912
567751
484527
772672
300542
1814359
427923
283371
763571
723112
772835
272936
-73178
-618558
-222016
326526
87549
1453473
380745
271939
694505
79678
-351730
208374
420253
81830
-666845
1517469
-550764
902171
399536
-848629
1248080
192885
1474838
118899
-113572
462366
950365
31989
377044
184451
1663283
-184657
749604
173211
-437047
444953
1004908
979671
872950
-658063
-972558
-695943
134075
595940
577228
1062064
-98102
373711
600642
288988
-176983
-821695
-793243
600035
-761665
485050
27336
550477
648122
470417
-649475
-320606
2319
95094
23717
-907469
-59160
-186562
461509
334705
1296102
-15925
-156940
-61239
1083920
1484883
425883
876952
1194790
1113856
1118148
1294925
565366
-463034
-456323
-385420
-1140167
437841
361848
130540
195293
483191
249841
155326
-386396
1948310
-553138
797249
-792671
26710
402686
2124760
746345
-889392
878241
-240311
177338
-229052
58237
-1056365
190891
1947460
-801565
470134
1055117
-1487673
-80027
71121
394487
264732
-328507
366047
217100
9569
-444297
1008994
532943
-245938
-880660
1899146
556836
31202
1358972
664166
-452727
-139979
1870597
-941848
687956
384029
-1046780
739118
1226358
976280
632128
472333
-1175803
283464
-219623
-623415
-254605
1273059
643296
735073
26107
696977
1607302
433981
1228923
895026
1181822
241656
981603
51144
177412
70987
-34839
-706915
-775800
-266602
751509
1166796
236177
335990
703463
155236
-602992
727322
-54599
520969
-556247
1402030
-96438
924090
809089
3578
861876
-122540
105175
78825
1496602
1317840
1314976
-634035
350838
650171
-31160
29686
-302685
232306
210481
-8165
361977
97007
1124883
336497
470510
-270460
1074951
466588
181936
-270551
657458
740766
760894
425620
415239
160957
89101
8187
511882
-825128
-357136
1056097
516749
600573
241115
602005
-1305866
425831
1193274
506652
201096
140347
832019
-563457
1059478
534388
156460
274433
490646
62301
93702
-868004
246408
764579
364814
224618
-2253
-218382
-890169
2199385
1411270
1585737
1099901
551011
726316
1018362
1086499
989871
1215610
-120501
1322317
548695
701367
342790
366374
423794
1253769
197801
-41554
-871665
-16865
-250119
867900
1083066
1088751
112718
892528
-220018
1404289
89097
994185
753068
1861127
-351419
1130109
1858475
-267574
1121965
-74153
52539
310415
94307
28917
963280
-560541
1385084
-114941
-364783
-686364
-86126
-215837
404059
533059
598288
-277956
1461201
649238
229629
757724
-525038
-60243
483665
2013880
1437929
953034
135929
516168
-389212
-79896
249583
-244063
226042
889856
55977
544367
476875
343279
-661326
1170013
1387858
140
453742
111067
-1123097
843601
281404
267503
378072
-140296
1465887
1268349
-371110
55615
877930
1252107
57375
-1351567
1283672
789031
875056
241865
321490
1138879
-342322
-459445
324628
449547
-559442
-63463
-34690
-60442
1288944
-1167969
-91297
750666
2020930
1368561
1170808
162566
65664
190728
-991116
-756454
438834
116118
201526
-237870
232497
904267
223047
1194434
770117
1274818
1160643
259004
58792
-158642
-58340
-88407
248646
-506900
201023
-685067
28183
169060
180800
-83242
-834234
82860
-779558
676826
30923
215852
1644714
-568626
223805
395354
-111963
1167525
-599109
-208589
1434363
622663
-413745
361536
-845599
738278
293811
1411418
634026
1271619
424749
-2978
-479682
805419
215299
632236
-939450
741711
164608
1014548
1121186
-94719
610765
-640894
16949
-74379
916270
1137929
-607463
55676
655168
438578
-290159
818018
1323254
-563285
23230
633752
421203
-927540
121594
454368
-636438
73756
-642416
-36894
18604
728527
1020921
-63741
171744
789318
88674
460755
464613
1079207
1050272
1395866
435891
-98777
-135893
259378
573987
461500
-126902
419826
-511938
275467
329443
-676245
1142485
-585718
322589
-96224
-193874
298998
885831
-173034
1172422
1038834
-1190480
1093614
492264
1734894
-638486
-610073
1325660
449453
419411
-165812
1118104
632524
181941
-578212
-300234
-44420
144585
-405125
1071337
-724969
115234
253659
1745882
1319316
-329606
-1274433
1250961
624052
757700
1730088
-916368
68486
678131
645719
523819
704809
455920
-410602
974748
1214942
232944
1035816
-1515
277752
-273844
1249696
-211847
369582
-55214
-42261
-312773
770297
340981
-187560
912895
224252
238097
-347835
-309356
1315265
1501795
83565
355711
-1170521
-76787
-231890
1213178
1178192
724602
234613
-47991
-722960
-627619
656876
477795
1786812
228761
1641011
290913
1094641
692808
80170
30518
19543
238670
1288081
207355
1211005
189167
1465358
163421
-186543
607942
-963875
1132222
1064532
-45239
-48838
524090
1799348
877379
-342897
-949332
1048617
1995758
70218
757693
-182651
-108345
790456
-157381
-210705
528878
271157
-1004206
-804798
1288309
-116753
736713
1189220
680254
1122601
240453
489738
1615693
87447
800134
-831245
901042
234543
488087
551162
1288132
1264106
-880975
-14944
1238078
314382
12157
118725
-204384
1077129
-131784
1029358
744842
1114852
-787071
501981
230635
373023
-383921
-966244
235025
918752
-178859
64019
-26108
175749
1003550
-901724
409057
107189
-185977
-566646
1373985
241274
47248
1147569
224593
-511596
-273753
-408966
-506174
-155007
794316
-1365025
1298981
813057
1373021
-136270
-305919
119851
421731
137477
-12036
1062846
1325371
-712318
832096
96912
-1002432
-570842
698661
150657
-389767
-1144341
-22530
-109822
-116359
294455
-345592
518374
-235074
-1123897
306377
374135
320206
-533599
-60339
-347442
43804
-261172
111126
-856577
637443
-193040
1343340
182809
34719
704146
-252865
-882613
-193159
880347
-1221374
540078
49505
-342374
-278668
-536336
871801
1023377
699033
1426602
297998
-62231
-903692
49394
360129
76802
357650
-590471
662455
322407
984
436255
369122
351887
-92198
245846
141552
-642113
1224673
-480381
721259
-896575
57942
-443703
66259
863651
1035770
739590
404514
-327304
420008
621982
1131231
-1066412
-577548
-437178
739744
846293
201713
-32606
-695102
545656
-6711
849551
-48655
245942
-678276
527822
-330165
301822
-400049
-227464
1095617
989986
802322
792035
63570
680872
-990222
-258854
562927
-43524
-944574
1007664
191120
-182721
246882
1360128
-227424
160967
686423
-1010186
664431
347608
1353681
724429
696936
474840
-343975
-424903
1325111
538666
1161551
1104675
1288005
598794
357126
1603593
479740
154434
1463515
1535393
-24083
1145769
-189120
1460923
424119
-395151
-1184957
514101
-1081259
-358591
-121913
-176474
554456
-632953
1839293
1829408
296009
41687
173322
400818
1031802
796368
393813
-393822
185865
49252
444773
-242015
1066889
1069347
208544
-320669
144954
38701
-181543
94430
894450
541659
-16658
-631694
177104
1135471
1762417
62593
512152
344006
96905
-118109
816009
768443
-603412
50083
42565
1126896
-1118972
-437667
919161
859774
-83214
-255303
1482827
-1085322
322280
551268
-495326
-193775
-123334
798242
104765
24490
-41921
-542999
755740
315106
-212888
-355673
1998787
172192
2261372
222814
1098951
20811
1732049
-621230
939330
756822
525032
1232238
-602082
1030695
876862
220562
-69854
1183550
1018043
300633
69102
48680
396544
353024
787541
909202
300095
818019
-491062
-663791
-720357
703331
248335
1713542
91142
-152696
1550177
1259366
652857
214968
169901
55149
20586
519430
-85090
-193630
759979
213996
-797405
19510
-568552
-21189
701736
-79062
-835252
-181116
168549
50387
512020
-277756
923557
1444670
243001
1138869
1035144
359598
843175
-33510
396710
-482675
1303021
745346
1666879
587778
1660221
238282
-441956
1060340
-73460
1305246
-83258
461105
217382
-638199
572532
851143
44193
-296115
535937
11266
1461881
33640
937357
1323213
1246422
-218021
499549
78792
238349
889015
929512
643893
1308096
656214
1367275
219752
778211
333459
235502
-89133
1134422
334814
-1043259
496227
64005
517350
504013
830741
351551
794437
1667511
46025
-112496
136034
-616082
-382624
879881
-1440299
1578038
1024066
688455
958417
555781
522995
1263113
41808
647737
374289
-1031529
309151
-82431
924133
1381484
668371
-951674
448344
1713339
753715
39792
60092
735662
2010440
330242
120362
606318
-58817
824382
1363387
-142811
-816623
1273615
652709
864200
539164
-715550
-512325
814458
-818654
-1086712
-21499
650852
1283094
238676
521700
778189
136143
1632666
-280679
312625
1664583
1376912
35246
633393
-759549
1346907
-199567
191108
-1412
144970
-92520
266739
768820
489054
1354747
19088
795861
1650034
1043087
355740
289630
351166
-609655
1111447
-153251
635941
-370736
1581415
-147228
-817885
-388159
689051
-735614
-426290
277837
133843
512158
220648
-1175439
207902
244639
427013
-736320
199043
329885
1762444
154167
-919259
1105458
-279139
83627
798615
1707713
77623
1707226
219359
1407822
95573
-544928
-203570
103031
1144763
7553
1752430
1814577
467604
-180572
1066370
1012476
-228188
168693
1518099
-12280
93625
326890
-291797
-656158
-828830
600531
59671
399732
-121404
539899
153914
-69546
174074
802110
336554
152842
-851749
839526
562099
-571312
298175
586703
285922
-385064
389488
-321255
312150
-727326
-410114
-1048273
-195997
145357
263153
1252879
241893
-320134
1533586
387511
1756323
731712
672354
1292964
-2591
804643
210902
786385
1941246
374312
-295199
1149832
112355
819704
1133126
577079
619103
1533028
-132624
-906507
485452
-499321
1167115
665046
131711
280002
85729
-329933
583266
192605
126314
195643
1198439
779989
530608
279549
1968192
99734
-78533
466362
415997
557228
1981795
512232
-118179
172335
620861
1056481
-1128896
370432
670292
818445
293214
436934
-392540
842349
-1010970
-276038
166635
739269
-250168
-244791
832300
-882920
1527256
874136
914630
411527
-41569
122259
-917132
995621
457225
-141432
249126
435888
713848
307023
402292
854563
177651
1210524
290200
888825
-103784
300231
396404
1052832
743062
747053
909388
259080
593959
214810
-250027
2113222
-424373
1199178
510544
1209547
350798
197828
479167
-527450
-967781
1196500
187314
666052
-80939
-43013
-475171
-237311
1233633
1010255
-285289
-268084
-89441
141006
-1191419
-437285
378932
318488
344038
-1068612
-370950
-613496
254016
-272523
520350
192401
-783591
134956
336091
563169
188432
-126034
124023
-441704
976644
255031
547135
1296057
60619
424289
732798
1315757
706054
83249
598218
1010665
173378
1273731
534813
155560
289213
-157601
293055
1613125
622597
1233759
786815
-635683
-24276
1045215
-66986
-307634
1092096
181994
-564143
-262322
296706
799871
672169
1299448
1646368
1873867
184914
329690
1414517
47376
1191426
1249911
-993545
-837731
58964
293309
1368187
1546487
763383
-967875
-111714
320627
1477916
148253
2156910
840476
73191
-585916
1650166
-586626
233123
343902
1059658
859866
592544
-666420
445757
377498
-456913
328682
1430902
-569403
-315746
1318747
309263
-990165
195264
-332398
447670
163665
-360794
795046
385954
-611853
265981
108967
-894668
1020778
263507
-728498
874814
-1010019
-152579
391670
1661638
-245320
214836
1417142
-529738
330300
128840
-172998
-89774
357517
702752
1226310
-97934
-495545
-223323
194841
974351
-523514
-588646
-111342
-45894
-177562
-961809
-573888
1284554
211447
33210
1180080
-683010
55640
-43550
291330
-695071
-656381
512023
380925
1614415
405410
201098
-44955
-941676
-414404
1356077
-1189876
721943
1237145
739873
672755
956009
94229
-1039942
90772
205327
-110512
1053789
-15893
20787
132037
130814
1072595
-256367
-372354
-674186
301699
810082
1007905
1133083
748786
-88566
168797
-1069982
-38216
641736
505557
-1017798
123478
753993
-281890
866493
1464342
822107
684288
467496
-515458
-113821
298796
686578
1057834
1461255
-150287
-139269
-45680
-1203551
-36820
-595140
644839
425740
-520336
800251
-1002416
275675
-438471
1026198
391074
108581
-349598
1107387
-946350
382534
-722521
260989
1146674
525727
1707938
586396
1218988
444227
-781802
-175918
829300
-974030
1600146
-166158
-481669
575792
-56427
429725
301341
-749570
-146072
101484
127179
317415
1948061
1007208
821631
530267
-803616
98246
717676
-22659
853116
839705
1229584
396174
444524
382896
822590
985395
-531345
1395123
213634
-25625
1028139
200506
802076
-457003
-66439
252844
511850
229953
686945
407846
1320588
-926019
140637
417561
319998
1123891
1523746
138560
2010076
-80922
502617
995034
338084
-145038
-134375
838596
-997015
876161
655607
418823
473896
732535
-464307
362955
520813
-148320
523034
-220145
-667551
142010
-318737
-130356
-763579
1510686
975030
632634
301102
-238090
-65931
-317338
110124
405510
454779
-32967
-595813
-115083
-95227
1489810
-984608
-632593
1998969
-798163
118722
42940
435415
960866
18634
-114676
1515780
624810
95766
1127224
448923
431677
1104074
1131286
-68540
600961
146092
1214116
486923
-338625
888224
971656
1134838
170164
-374282
1385006
805554
564668
-682784
-874959
1743766
19279
1316519
-240034
654026
-560343
1187333
254494
684694
479034
450687
-789165
-184455
-202084
-130243
649158
247271
-1139855
-252568
-952401
961303
1188889
-338494
330775
255873
-47767
-452274
-9415
93173
-572984
618835
-69713
-1135785
1277756
856351
895026
-368252
954504
-296196
327519
4805
-410745
298632
232071
-724427
-409045
497830
742155
942931
-1057177
-563431
-479575
-31023
1334203
-18693
-802969
740206
-501362
996851
39417
-422363
710820
453519
1024851
889621
-107315
-673348
185853
1313776
481121
707235
92929
-803802
1164841
-1015694
-41608
745976
-183065
689047
656483
629794
865592
-733931
1239648
926097
401162
-270567
91231
1066005
345047
697282
1167438
-231036
-48335
466323
-976151
1051729
259455
703057
-37813
225953
1109551
1304504
358375
209968
-334765
-225486
-175126
897767
267901
854582
596288
469403
98080
434296
241254
917660
344851
221748
-54974
191829
263454
-200153
958665
1040955
-793794
1253111
412639
-745428
271258
-494038
-208592
871628
-510524
-939917
618197
-270402
167586
284108
-61266
-110469
1065732
1635773
77325
500107
-200527
521574
338745
42950
336181
529731
1462679
190476
268588
1248443
380547
1329502
1008468
1020167
-164652
88926
831690
185304
199378
-827111
-799548
-279487
-150492
226285
180593
1081141
-1998
-923320
209168
555759
515156
816575
1372363
541708
-16335
633461
-279570
1775488
1266630
1358549
373289
572060
-702604
664538
397229
80395
378220
763086
-411602
741434
1526648
536648
612462
1194205
255407
341590
318694
-48213
231343
-543804
507327
233813
386992
616293
-1000765
192457
461982
-232984
140874
784077
1146834
1340212
-284822
154440
267570
531546
635571
576680
-743134
366296
817875
94761
787495
64580
-148122
64145
991797
-40854
-61443
1096011
704493
1016186
1514718
441498
834668
42203
-100912
999317
1650733
897250
349543
-698595
454602
1309545
741753
964934
1357873
1200073
-136343
1591540
772883
20811
-411273
431656
-802659
-185118
-42047
-1093031
906841
342210
-457858
703061
55644
-606285
1387791
458983
-360411
-396538
-144815
-1246158
502636
1607545
790691
333291
264091
1029379
-743925
934669
1617916
-206120
-5229
-2466
728080
-926674
1361910
1064995
1251902
-129505
990712
535745
932513
-1074892
-831944
463019
-294809
549751
417443
-1127558
47506
213432
555222
95553
78179
-60501
988493
1911292
300127
506177
560231
-82431
732094
-379348
-662162
593727
1756750
423785
-671135
1491214
-933441
338757
671906
1879429
594334
873286
123562
177585
-79133
743981
44193
230226
-56504
-1047636
-128025
-66435
451622
1216412
614947
622983
-398853
-57277
898491
1296864
856313
-847637
595718
-537715
397068
-155308
735710
-815134
-625118
278632
-882407
212076
-743502
-199340
741700
139909
-271759
908796
134072
158429
767013
-86688
504790
-30881
-306332
993257
1640837
-331782
-935259
-272343
293073
463343
1401583
-771061
712540
-598674
-805907
1400975
1163459
-465762
553655
651283
631264
421829
492185
1774407
315423
314929
352928
1131027
515311
-820401
312030
-525879
14076
797792
1718064
798953
-835238
-752000
1423401
1233072
-224764
165692
-9939
-413037
286144
1346309
731968
429276
381949
1110219
-55052
48129
-733783
459186
951537
320968
160027
-75127
708890
547408
-378011
85519
136171
-762763
-846431
10577
-707651
1503499
-238851
226210
488577
415573
-869299
-862958
729606
1658841
-109904
-428054
-502165
504467
-823169
780980
1635324
-80332
865472
-499602
361854
484537
589502
863650
51883
125337
151609
150525
569381
15051
-127069
1867107
943431
2040683
508663
-443095
-76338
318623
-671916
-752328
1333907
174824
228568
1037854
179943
1041386
409269
-424140
1246652
-132755
495657
581512
-157007
612774
99200
-199600
669410
1340647
-858679
825428
-809774
82707
793795
224820
385555
755251
475059
494818
233029
145566
-146523
1217753
1221487
-710936
947367
596161
-889276
-350895
930596
-609639
-370608
384777
104185
981088
198333
1116653
750393
-369178
-142414
1005992
1557615
143457
-103762
1230163
-457522
418608
-92457
-225837
1444646
-773351
1128865
270071
-245790
1273487
280725
65688
127011
662955
-916834
719999
-234537
866780
703772
895554
67973
1235782
902182
274400
538002
308840
351984
800225
1070054
-243965
656873
-520361
667518
592664
1321925
-790192
942745
299304
254662
-515360
661754
-1043316
-92716
-673502
-23486
371240
143116
-583520
61417
47252
406873
184848
-75652
-264795
1230538
579952
-847220
650804
327003
-158974
-88974
281264
855313
251994
884760
-753027
900538
-545546
435619
1613712
-352122
1173671
917210
1482309
117603
265236
-286663
-399090
291886
-1245689
-521115
834359
973704
1017686
376123
-431928
-855987
1397282
193976
601358
1716070
1519021
-197625
1307913
-35568
1172667
-209090
1123558
492209
7267
306595
-35821
1653402
-491348
-893419
52443
-807153
-127661
1384543
748846
-564292
847490
232350
987812
-808219
206642
1071128
503028
620798
666745
425594
257946
-498670
967423
21653
801050
1393989
-639052
507239
-312450
332523
1259820
-143209
206265
1020629
-219322
1185237
1588390
-544116
361158
42878
544481
547661
-361265
500899
867241
-155863
-321935
-107053
1061613
1672558
1030708
-882758
-469281
480896
863159
432034
28238
955704
-447947
670200
264006
945741
324260
-231028
-952058
1061371
302246
214439
90891
-165175
653182
288041
1195654
1173236
231285
-103567
309159
-618695
-873701
96881
101603
-151985
1646078
59691
424665
969358
-1024192
849953
386268
1228979
-879370
-168798
-342322
993654
581148
48422
-247210
635160
1359523
-302009
1190308
1595156
-852178
-156240
125467
-78878
-18848
-4860
470648
1058229
696147
1331227
-549052
-870612
572284
542252
-400375
1222525
-792517
1226162
-48191
-80871
728362
435589
397385
1657753
774281
221293
-158561
81750
-933241
248310
20311
568726
391630
673476
1282610
1366476
1365619
1533670
92162
809329
-737144
-248780
483326
1213312
1165879
-543642
-41305
235045
-629934
1061500
693228
913626
-635172
779325
-929990
836058
-771319
12607
810804
676832
-943071
-745271
-777522
6533
-1212861
-360568
360378
-196885
349148
-286826
1089607
733470
784286
1262291
374602
-102455
26069
792818
347730
-626756
-512859
280274
1534748
1822970
889272
471538
-18367
1816627
96216
-653818
458977
119584
-165593
-917134
1297132
244732
717420
1496611
1252061
564378
890573
811194
1132052
168220
288033
-145711
312395
-1045744
153406
264188
357149
316168
337581
25644
594859
-141423
-1312314
-294116
120190
326120
551439
247284
510665
80980
717694
-1099807
974921
33905
1095125
1326343
1636223
359149
52816
2241577
452449
1679166
-319432
127601
-149933
131662
363419
41567
-470140
156787
-399543
1053658
-1009787
-870115
1270791
304374
-796063
468621
691375
276109
122339
-901548
119668
309829
-655049
-863541
569126
-85212
24472
1744079
-905889
209748
-942787
-101503
343919
583285
-545851
-93948
-568576
205520
-440039
271779
-688407
88082
-658907
-184542
204773
60554
1184116
-403716
494806
-163696
-618537
1335465
-197226
-358109
1378798
-268276
636556
859204
592406
-719266
1119991
-150082
362387
59700
-586695
-961509
946112
665851
-252322
1086982
1137207
1412256
-60756
321278
1140996
-223081
576765
-238878
290543
1004897
-40141
1338907
1628336
478111
1176166
-233948
622529
-987733
-184338
441942
1207061
-347960
302230
-498072
-245539
-757872
1473900
-20690
-1028326
284065
320177
353003
16646
-246694
14347
423233
1001909
781544
242105
-1234612
-262258
-721535
2007435
741077
887841
642600
-262300
962200
-270408
1067504
94315
30315
827307
473388
999295
909510
671501
192230
947002
756124
-510143
146195
298028
833345
-859254
1085782
-560509
483196
92581
1712597
-286742
429049
-217657
-1154513
-214078
249526
1068556
-170138
-707243
1141133
457569
1456925
526060
608433
-745976
-313425
397213
622883
983634
298877
-389858
342919
-731502
355585
1439594
-1214739
1357802
1230320
748564
749064
1016008
393415
-768226
1527820
153503
115770
-998772
695872
279069
643251
806739
9195
615688
991591
733228
611157
-370941
-873955
710439
1043532
501460
-362403
367161
343051
873418
816929
-733748
213904
397328
419839
603079
1018556
1298126
640387
500210
670730
973725
-219601
168705
908003
114085
751500
908365
776046
-146168
-851864
694067
637404
1409477
387016
-163501
182336
517773
1181031
942854
813017
1419050
1393271
218238
403271
166633
-1378223
897759
411033
634364
-845830
395681
324981
921636
-505858
-1112198
-46186
-544407
1333157
33822
444655
710335
-66225
814241
167485
121419
1641046
1163714
102243
349114
-919274
1029060
-798745
17700
-562708
29258
161122
-422707
287690
1106600
246834
123421
821623
-24607
-93157
-5818
1494410
342518
-416365
-538383
-698275
86361
252371
279149
476502
235065
1145878
-575308
800234
-110615
502202
-136577
-1278008
1443642
247528
1147476
1106177
-360569
171436
-932520
-5290
1788743
543015
74111
340957
310495
73076
-932515
230969
78432
613710
719026
1119135
-2521
1319361
-709939
869740
100810
1412564
108819
578820
-228664
407964
-89669
92391
1738337
55897
1862313
-98396
533394
-481184
-133527
63901
-541748
-1145975
-768866
208231
1842877
459906
1353925
1428628
287280
1199793
1103207
163909
470848
257393
174833
820261
708932
1132516
937401
565204
395743
180070
273303
833367
1035816
1136948
235047
813647
-965460
607546
-918226
852642
905741
133443
595046
1102034
-170872
514883
1068212
283628
-66014
-136091
62756
383872
719684
623351
116843
-1019971
1809829
-401743
-185223
-71950
-627901
479276
633424
-920486
708769
1617425
-574506
-860466
1242903
-346996
193817
429947
413328
598842
1406818
-173623
-139815
56846
311901
-1261816
387035
-306400
251584
1017318
1437888
1392530
232120
526463
384677
1165676
1373152
112887
1125342
523445
59979
-270406
-114546
488628
-433991
41115
721113
-56156
-246123
242177
314308
6740
28387
714651
125367
833689
171141
253897
-267969
876981
345459
967105
465131
654268
-110575
-816730
499028
-997132
707268
473462
468366
447654
282193
1132166
351510
304744
934837
-63479
485045
1139476
186060
455540
902495
138670
487400
734583
807089
350157
-59249
-299018
210571
-619721
57172
927092
871711
1444167
1344274
-687501
-186875
510523
-731269
-210966
260906
1765740
448078
-998557
13652
720990
-28440
565357
779783
992979
1385112
1701503
443652
650306
111449
-268970
-626304
1269617
