713167
-832037
-14584166
-20840792
-21837292
-12499356
-889482
-13404857
-29240844
-216235
-5639352
-2485371
-5018597
-5719694
-17171631
329880
-25846868
35329
-21790354
-267221
-2313872
-23135018
-14331347
-2618214
-12766307
-13223606
-15104188
-6377522
-13403301
-4768647
-4838454
-1467690
-26006448
-690330
-2325346
-27568610
-2442576
-13352910
-5273236
-25657134
-8040854
-1447349
-16109120
-15460155
-4190080
-4743565
-5329209
-27519259
-9231195
-14256920
-5874838
-9270059
-25204668
-26471353
-1665211
-5965361
-15440820
440869
-13239521
-18964889
-27749725
-3158114
-15068428
-18557225
-11031852
-648690
-22791913
-26805499
-1564364
-5353251
-11486259
-18087199
-7418906
-16294785
-661401
-15920350
-4131714
-26629043
-3313728
-21105141
-20388758
-2696805
-2348266
-1148743
-1389280
-18691604
-2869860
-17052575
267975
-333062
-26461937
-26203651
-1593279
-5794467
-12222006
-12629672
-1513295
-21029022
-5968118
-3339543
-7201520
-24515016
-1202256
-1423469
-13340793
-15106985
-1959233
-21006500
-1095294
-663314
-11933163
-2150291
-13779900
1301183
-3172082
-10302888
-4920825
-17453153
-8871078
-13447462
-6218552
-11672397
-2686912
-6289451
-1325830
-11200835
-12421464
-17224376
-471970
-12749335
-13219680
-5673003
-669399
-15395658
-9444404
-2749515
-7547419
-12886984
-12331416
-918994
-16788733
-25590958
-24038888
-6291805
-28103875
75484
-16565089
-24625322
-27605693
-3099181
-10994888
-7261386
-3551075
-13258509
-10427169
1984932
-6607620
-17359583
-9431325
-23568566
-24930144
-18242960
1731508
-2329209
-26489469
-11903909
-29565774
-22785811
-1598148
-22971639
-587439
-25261085
-26158102
-6168082
-3665156
-7168872
-15506489
-17287381
-21597910
-6665624
-543051
-15252439
-8022688
-14094068
-28031294
-1148606
-10036040
-9009580
-4792642
-1580458
-1399057
-7453639
-2046405
-2350123
-22193386
-15053160
-2174874
-1277673
-15627449
-3144557
-23656785
-13092747
-1902287
-1181860
-2493427
-19429480
-5135011
-14599781
-22400033
-29258591
-15370725
-1284657
-27307010
-5269193
-17577174
-7894400
-1367162
-15821832
-2818712
-5931329
-10027569
-1405720
-563261
-12222044
-12735134
-22781298
-4638369
-2743436
-15539122
-4007229
-13493997
-5299089
-19571706
-3022771
-26779319
211168
-1037581
-4043977
-13833660
-2341230
-1413197
-2344878
-13965683
-13190489
-31712618
-24548706
-5841769
-15143568
-27942498
-17049475
793072
-18928240
-25499996
-25810639
-1438973
-4685654
-23028286
-23610763
-4246634
-12097307
-10692703
-24014259
-7272248
-5192545
-12586940
1142630
-21989974
-13175046
-13556712
-7094422
-1307809
-12217369
-4869789
-4907014
-1771628
-20825422
-2417999
-11383045
-1058102
-6836898
-19543937
-14571505
737593
-19343256
-14498600
-11452719
-1123420
-2031071
-2216774
-3050378
-3358819
-9494773
-4218631
-1461295
-18142160
-1124296
-2168796
-13686102
-6391870
-14138528
-7901009
-23803939
-5290119
-17261873
-6933581
-11308031
-2984163
-15442653
-5540664
-102274
293412
-20685079
-8750556
-16910685
-5015417
-26131389
-13183483
-6887669
-20347152
-2223117
-11393492
-6943461
-25036096
-17129589
-16678171
-2160360
-22620013
-981635
-27001043
372513
-26765339
-12231605
-13168133
-1460637
-28440651
-13547035
-4199275
-16115403
-26236940
-13075169
-14197543
-6396538
-9656506
-342989
-3948937
-1039990
-2851159
-7439059
-2475202
-1310338
-6244635
-7226691
-20042890
-9645321
-13914901
-5065453
-13676074
-5881305
-16653727
-7653794
-4751841
-118112
-17080335
-1702691
-26675939
-2610459
-11711723
-11987981
-12578355
-26907808
-11310212
-10399768
-2168926
-17822452
347068
-960961
53201
-761333
-12321663
-5541150
-27285333
-9732730
-13640287
-13816546
452539
-18949311
-516714
-4724412
-14228570
-24996581
-12809990
-9072075
-7583694
-14797074
-6772503
-23477731
-25040638
-376828
-17589851
-116706
-15380957
362326
-1760743
-5001839
-2104884
-1815115
-11267522
-26667306
-14372400
-2529357
-7484943
-2227165
-8159613
-1925162
-1415346
-19301991
-15567095
-6476178
-5793451
50247
-7284460
-9026834
-21581745
-11682009
-6657906
404929
-2959320
-2925808
1100844
-23525251
-12116375
-18888210
-2118520
-22464526
-1922145
-11246131
-25736242
-12637234
-3078976
-335871
-28793507
-5507809
-28760208
-12010372
-15259001
-5757272
-19716455
-12874153
-2652043
-9303446
-25126802
-10329798
-14948393
-968409
-7999120
-15468162
-9224080
-13068698
-25474680
-3436115
-21393467
-13993228
-23229371
-17484965
-5956799
-2054354
-9495041
-11803348
1667345
-35712
-1359030
-17073470
-5755593
-5925406
-904584
-442678
-12673181
-19179614
-8496857
-28026212
-3483829
-12809203
-3923224
-15285630
-14467280
-26451637
-4313092
-1337873
-1514417
-10354970
99065
1362213
-3095099
-14503112
-23206724
-20550720
-3107845
-13973730
-9836094
-10398025
-8024145
-13789745
-5974069
-27013454
-5235093
-1062924
-6104642
-21711535
-975292
-11221456
-19986047
-2769274
-11912452
-20790570
-3687481
-22207047
-17662613
-23963318
-842221
-16202977
-4433265
-14474386
-9326610
-11699526
-15923144
-14887027
-8943008
-27905392
-8123516
-19015486
-22961861
1333602
-6305437
-5681297
-12691444
-23636928
-1957360
-9141050
-7272380
-2567889
-26131275
-9189574
-6012108
-9341394
-17827470
-2010549
-12744166
-2561473
-2670167
-25256237
-12235259
-18540659
-25042102
-5222698
-11376182
-23174684
-136627
-6563375
-455539
-407509
-21520546
-1869848
-4215942
-4145194
-2100682
-24470462
-2311148
-8048600
-24929680
-13186769
-5897273
-2974024
-906875
-9602986
-12313684
-4919228
-20103571
-1323529
-13329020
-23557505
-6150906
-6132005
-8710288
-23198679
-1521458
-7120030
-4309651
-12544505
-14643959
-1640099
-3272824
-12454378
-9817763
-19565791
-811789
-4419200
-2897126
-11384918
-20938105
-4580794
-17210100
-25784101
-1714412
-2541432
-11735662
-24744123
-13876331
-1643052
-851504
-11870296
-25159408
1157536
-13853348
-21265911
-13695451
-22074927
-19335357
1343729
-3277822
-19579126
-3239843
-12850548
-1575000
-24376658
-4946661
-1912302
-1085403
-12913012
-17860802
-63412
-6831151
-14654239
-19814610
-9505250
-1460576
-27176446
-20884130
-15086938
1198990
-23987210
-12187726
-14548648
-15752149
-25819561
-14123851
-9474772
1165295
-4249986
-27270324
-2966566
-26508415
-276041
-5894510
-24718687
-11394341
-13521115
-2687592
-23774544
-25965141
-3208543
-6616664
-26546485
-5428123
-13016534
-6390131
-2063246
-21151746
-6218089
-8026080
-10967593
-1612269
-25737928
-25975217
-15390023
-14474683
-1722935
-19547718
-19038566
-10427719
-16803179
-20085353
-16646473
-7950303
-611242
-19625318
-5429794
-11026282
-3026042
-18675561
-1237222
193986
-13364149
-9686075
-12046501
-883985
-20753600
-19310796
-25914803
-15214211
-4657252
-5351639
-5595403
-14937115
-10751094
-2852609
-14495547
-23528158
-3125906
-17435525
-3005831
-289716
-9135855
-26780640
-11669360
-6752976
-26673392
-12424253
-7488522
-17058169
-17850769
-19656755
42895
-17125214
-24341744
-4447542
-19490706
-9535897
-4682591
-9112049
-12677602
-7644858
-2571172
-6945438
-10084746
1193761
-4316134
-7003134
-17035513
-2806765
1324519
-24863328
-3875852
-22876552
-28259240
67768
-9743916
-18761292
-6834183
-3175456
-11773241
-6777414
-1253741
-18562358
-1385111
-6393407
-8854389
375189
-25047336
-28266921
-20290948
-3299522
-3218118
-1447897
-20150372
-28819214
-18827802
-5909091
-27889142
-21143381
-14791924
-17711367
-15853228
-26559640
-26284717
-24794153
-16530185
-26793425
-16122077
-8452363
-7760224
-7154682
-1850179
-23877978
-25721207
-4766125
-6436735
-4462634
-13550213
-1144643
-2717403
-51570
-20378091
-12675965
-10798305
-26303842
325135
-7571218
-3426376
-12466553
-21679453
-16038341
-986514
-26862076
-19257783
-18718944
-24581155
-13205334
-17862862
-2400949
-11844533
-22363634
-11649862
-26171006
-22768411
-23529329
-16479445
-6858934
-14183764
-5857536
-24649001
-14035365
-21852121
-12256538
-24798612
-18968471
-8472771
-24694348
-9194429
-4917053
-6209271
-12917915
-2473124
1615
-24255569
-24704551
-4132440
-2348571
-8156774
-13099458
-340409
-27730230
-10441716
-697063
-8207788
-13840071
-28000288
-8776698
-11534470
-20861121
-1819989
-3353100
-6832747
-21486585
-11892738
-4158796
-19810444
-8992914
-24551701
-1554312
-5525042
-22710481
-6652444
-8919826
-4213782
-14354191
-25774912
-3950266
-7723124
191509
-3278571
-18246527
-14020230
-8508389
-272245
-2428295
-11478503
-4368189
-18740316
-20013082
-22976961
-26912507
-6354122
-6147227
-30209324
-12210178
-1251763
-16625880
-2304172
-4405903
-13587213
-12102456
-19118429
532830
-1382441
-4819655
-12077039
-22336205
-788887
-13582391
-7077124
-113948
-29676092
225548
-1706925
-15765561
-19216098
-11391046
-26293479
438701
-6525383
-6291117
-28407061
-2561804
-4674497
2103468
-2465922
-4683846
-10301389
-10311727
2317366
-9397463
-24381551
-9666546
-10642653
-22005257
-4986514
-10643533
-11166640
-19239409
-14280084
-10685779
-1218161
-4387007
-3536198
-1261152
-13681917
-464796
-1886406
-13810707
-23351167
-1406751
-14395352
-11540682
-23917332
-13499798
-3287962
-949721
-20979107
-2961327
-4482339
-13683260
-4190828
-16317830
-20614724
-25101607
-20859935
-11452432
-28136863
-20399055
-27453298
-4442699
-2765573
-15516965
-4660877
-14717040
-14707032
-18650417
-14619304
-7153544
-1010435
-15197528
-1243845
-23740923
-22801544
-21815244
-2327016
-880496
-13261685
-6377582
-2188015
-2095360
-16365959
-24429381
-25296860
-1192883
-20176062
-6766128
-4211258
-29293668
-5953836
-27501067
-11105118
-24381798
-2353146
-12692906
-20714503
-4144384
-21210613
-24456697
-7082469
-8747376
-1105427
-15893922
-13417977
-9250783
-11139743
-18649362
-756802
-6651813
-402073
-13547283
-29356539
-27041940
-22534927
-11042401
-8721653
-3190599
-13033424
-12984971
-15978984
-1631263
-6412646
-1874292
-23727052
-18899826
-13860638
380778
-25940543
-122153
-12713069
-11122310
-2676063
415185
-3775532
-24237897
-6171712
-2362317
-19535821
-10578505
-1749960
-26222072
-28651394
-12750324
-19972863
-10182439
-6819493
-16985093
-4468147
-733349
-11670162
-24102812
-11953649
-26123381
-14759031
-15496176
-10642127
-14463265
-25740578
-15708719
-19580773
-2225015
-13251246
-6833163
-21412201
-8595991
-20634132
-26577316
-13524467
-21432904
-21127723
-19178866
-12098843
-2339559
-4602638
-6340434
-4488142
-3280773
-27119734
-11202297
-9587166
-12152246
-14848486
-1976631
-13682478
-15613954
-23690966
-19675852
-6090526
-580425
-24282236
-21405678
-780512
-28711219
-23037714
-2244505
-14223094
-26888144
-3334190
-21967812
-13061874
-2704060
-15384677
1191023
-8001035
-6634972
-25836034
-22100765
-8427059
-18161685
-9607899
-1308402
-1641948
-19221898
-11538966
-18523519
-24949452
-1664831
-28550874
-8740057
-10220290
-9065169
-6981607
-12434267
-26688909
-17640478
-19701934
-873152
-10718651
-8491154
-1127784
424896
-2084290
-14317442
-2491502
-3047136
-10770261
-1024648
-19732979
-21932081
-9760257
-12424228
-5330841
-12824017
-8912960
-13496815
-8250746
-23043392
-1176375
-17327084
-21043571
-15382152
-21932385
-400648
-19245628
-4924718
-5840846
-2843215
-5441162
-25228337
-1105477
-28042825
-25306921
-249229
-12739224
-25779077
-4831661
-25222266
-26536464
-27555242
-11164094
-5772504
672
-2814728
-7738263
-3533239
-19223346
-7671027
-1047383
-16111696
-2038997
-9365962
-17553861
-5874268
-19519422
-12877272
-17044126
-9202266
-10707083
-10362457
1067070
-23178389
-3792317
-8704480
-17564384
-12521878
-12635058
-12113715
-9706095
-13421012
-6294029
-5857639
-19155629
-6049078
-7211676
-14024905
-10901631
-29035986
677518
-6626449
-1706279
-215673
-1282977
-11616230
-10428625
-10910741
-23894351
-14327161
-15200523
-11811839
-6105181
-20671045
-22909357
-175664
-14053184
-22613698
-25559080
-23068192
-24611685
-8554960
-23029062
-20281869
-11848154
-3516052
-23882052
-2159380
-13430478
-22132519
-2604083
-6372555
-16761735
-5707710
-6309411
-1401966
-20499911
-2649011
-25621266
-1152346
-1926523
-13004390
-20347664
-7804332
-11588492
-25137304
-2483366
-9134696
-20498193
-26318940
596828
-11340089
-22835331
-13179889
-11135011
-11811435
-13340324
21420
-4740122
-7212529
-29925745
-15367229
196473
-10646998
-20505624
-9511531
-11543183
-15055079
-6233281
-767813
-15604054
-20784058
-1882915
-14348271
-11789441
-117420
-3106412
-6896392
-491730
-17174903
-24377693
-1007675
-4519750
-6811781
-22519683
-140786
-26068469
-19994296
-11954583
-18677806
-20187236
-3912483
-2030686
-14289895
-24867426
-12506160
-1762054
-8449682
-521031
-24728358
-2465696
-20398156
-19603663
-14335576
-4399725
-24981141
950932
-8433168
-4290127
45960
-27360957
-13020273
-11100183
-6453064
-1806154
-6951469
627261
-2341255
-5971512
-4629701
-2961745
-1161410
-18771910
-13362883
-10445049
-5143963
-13063329
-6656949
-24075091
-22799365
-3982535
-27223771
-4071860
-15370400
-5986619
-16070968
-12184105
-12476476
-6017778
-10904623
-7417283
-5310751
-7125668
-12219024
-6645316
-3292339
-13038924
-950956
-2304681
-14932725
-8511473
-13692304
-19866355
-13717375
-8824023
-19448919
-2520613
-2610633
-15840774
-23258453
-8303467
-6766475
-6125401
-2234654
-12069286
-8077495
-197817
-157179
-12709183
-4848155
-15716722
-8617771
-4116151
-17145852
-24773898
-922252
-2518700
-3225163
-6954417
-9521633
-25073367
-5070085
-24064324
-19361742
-2436803
-7535812
-12019078
-3315435
-12444431
-13313879
-16757091
-12822758
-22167552
-28526389
-2210876
-20400572
-13759931
-17536851
-6041946
-23849108
-15450525
-14715393
-8347581
-10560814
-27839728
-20552564
-2145056
-17178296
-22801603
-2090655
-4937664
-17221134
-2900644
-26000827
-25342610
-12316696
-10867604
-1563522
-19335970
-11372178
-16809799
-23692530
-26621449
-11432051
-15293006
-15272725
-8504467
155202
-15700779
-1726507
-16574544
-3913453
-19924592
610251
-12486339
-860808
-8878487
-10225770
-7751727
-1068363
-2142668
-26630887
-41744
-1628431
-6376176
-8254310
-1528540
-1478069
-14108242
-1893226
2236809
-4850581
-13397827
-17964579
-27314452
-1356867
-12105284
-4704061
-17738377
-12766974
-12626767
-8110976
-24658115
-7984010
-16507766
-2124710
-13244611
-576792
-26216533
-7153889
-10635513
-19833388
-10756419
-5003857
-10849111
-337591
-9224352
-1806734
-13576908
-1868970
-11087821
-7205017
-15714400
-1701664
-14147697
-4336142
-3549609
-22124222
-925025
-1810317
-20309556
-1153329
-14570205
-26671501
-23954943
-10898524
-15755208
-4929654
-27694951
-4536792
-2949219
-14888261
-6286518
-7674051
-14009454
-16406937
-19871070
-19299696
-20755864
1010618
-2724065
-7076496
-794563
-12268942
-20214531
-15450103
-14048957
1215678
-10407994
-14815065
-24158526
-28131726
-14390043
-27731590
-1407944
-638634
-14858232
-26392052
-18868569
-398309
-23141038
-11524828
-10478155
-25412429
-24196826
-19000835
-5117427
-6928426
-821266
-25608887
-23859428
-21458745
-9522764
-5080271
-3722559
-12344203
-6671703
-18973564
-18173117
-6752200
-775385
-5933136
-783984
-27642582
-6377378
-15151796
-20801
-4701181
-14324230
-14412282
-14023627
-2328822
-12477934
-5879064
-360733
-21452278
-23629599
-4822432
-6777426
-19027861
-10686039
-5725102
-22664222
-16089425
-13914550
-18500535
-13772403
-23996290
-11861887
-14478564
-28741218
-27325288
19319
-9134010
-19393077
-11699938
-2427652
-9401932
-8451866
-12531598
-1276092
-1477966
-7354573
-3999078
-12133926
-6353625
-7925989
-1861786
-8161080
-22631543
-11422114
-10586670
-5696201
-12983819
-8711328
-14024447
-22276631
-18039911
197670
-1558055
-13332880
-9938497
-7777909
-29147984
-12803776
-8666735
-24999436
-12111031
-733466
-7240370
1706097
1002490
-28422418
208550
-3965032
-10677303
-6875389
-9810810
-11165724
-16146055
-10923636
-6044952
-6544505
-4730425
-20606398
-7833739
-11752595
-2234477
-24879881
-21877160
-16867676
-15913482
-8802020
-15585738
-5096011
-4859630
-25601562
-6416114
-11583594
-2229547
-7972959
-18151039
-7157270
1485866
-26443600
-5778398
-11603609
-27761186
-3355576
-6116230
-4770830
-4369151
-7600914
-11519629
-24677686
-4176671
-26356318
-9093972
-27597504
-12156194
-8185844
-9355615
-11363389
-1806479
-14413625
-2768063
-11142850
-15766632
857077
-1284821
-19673750
-15349290
-10457050
-22151913
-18445806
-26797345
-2943262
-3930550
-28776941
-14401166
-2397989
-27475095
-9139541
-611654
-24101313
-9440621
-207757
-12697038
30586
-27702720
-7138153
-3481381
-14299306
-7654856
-6295610
-23398862
-20571375
-1532011
-13383197
-5962823
-4561657
420669
-23774098
-1948986
-876810
-11316537
-10913916
-9567177
-7001993
-133537
-28892008
-18717975
-12975970
-21236205
-7860128
-4867750
-16525993
-8579550
-20597291
-6576703
-20649331
-10355971
-2609917
-1536356
-19145398
-4587601
-13468645
-4992427
-22236995
-17587957
-7418198
-9491277
-21460246
607898
-5890946
-16916239
-5715765
-3570190
-24377214
-1231398
-14383376
-12826497
-24559430
190974
-12034250
-27736973
-18873051
-7419685
-15118756
816441
-18594444
-25914099
-24378775
1810485
-4041933
446255
1769487
-5902637
-3635431
-4597040
-7953083
-16030784
-16395339
-7046752
-10344322
-9785861
-22816215
-2853909
-7670294
-12421036
-3782134
-618335
-6928994
-4713817
-5553945
-5738216
-25481819
122666
-19339586
-1803449
-7448444
-25941432
-5709935
-11843317
-12316942
-28533876
-1519241
-12387746
-2279003
-13809844
-2072944
-2548216
144337
-8826000
-12481861
-3311145
-42346
-8084596
-24024632
-10767182
-7139151
-3572714
-2243586
-1149354
-16360845
-20685715
-5303438
-1503101
-2581211
-18062603
-26415474
-12508392
-23428885
-7263434
-14408457
-6209983
-12836189
-3051102
-24015780
-16604473
-22846363
-19460710
-1549588
-13111462
-1331426
-11624402
-13272743
-6991453
-8520456
20473
-4865316
-11001353
-11711751
-12043047
-1241672
-8854683
-11288047
-1883340
-3205001
-2990494
-7860210
-18136665
116086
-2692658
-4472060
-1504647
-26129617
-10608900
-475554
-10710172
-17322968
-6808097
-13850836
-5153202
-12433572
-3100852
-14006253
-4835361
-22873484
-13256150
-13256871
-13575259
-13073529
-14267311
-16661768
-648614
-7885258
-14131760
-1781576
-907736
-6538575
-8857008
-7661540
-14971027
-13522556
-6288456
-2057619
-11923802
-24165573
-22107102
-3791493
-6633997
-11010656
-19603890
-10756219
-6204983
-21820204
-5227203
-20152249
-14628317
-4659161
-20876190
-5004834
-4733353
187336
-13584360
-12590498
-3450014
-824874
-822361
-12377920
-692776
-14927487
-17660434
-14036822
570135
-19643001
-22538478
-2299386
-12200423
-6388318
-25479736
-7720826
-2177091
-4480777
-6432761
-17684195
-6630064
-14691366
-1985032
-26909044
-11406542
-13500525
-12036513
-1177786
-1612762
-14900530
-5235914
-13221072
-4754398
-6336175
-18994503
-367743
-8488799
-13287661
-17098476
-30324164
-3592275
-20229419
-2159254
-18862408
-3762737
-1974447
-2724958
-258526
-8912318
-1396264
-2847109
-6459979
-8347770
-733062
-1750518
-21688840
-18149645
-10775312
-8468632
-8448700
-3561923
-11166072
-17461839
-25463834
-12677249
-10225943
-2037525
-21180720
-19414665
-13352048
-14774553
-5160658
-25857545
-25362601
-26060916
-14084259
-15060149
-11778784
-14160130
499248
-1251265
-5185032
-29267437
-16173041
-12292600
-1926296
-1973963
-3365170
-24564778
-2058373
-7301918
-12915711
-15798255
-13393194
-12208646
-3862397
-18784337
-6658813
-7244909
-3497978
-26733682
-25394493
-16664850
-12648732
-13827816
-23489427
-334699
-29193330
-3470455
-28563520
-9498940
-15180002
-12502604
-233216
-9164485
-16552296
-5092797
-24798779
-5657165
-13573146
-11737422
-13278429
-25479999
-13084030
-27710192
-17696786
-22691006
760279
-4801859
-137731
-25328085
-18004560
-26567880
-18798444
221166
504766
253311
-12847586
-9650373
-1795386
-18603835
-20456901
-13864756
-715336
-20439309
-1592866
-908885
-5991740
565855
-2726471
-25098017
-2178427
-11510139
-471805
-14951055
-24776200
56106
-24360565
-22079600
-9707052
-13143017
-1927869
-2849142
-11082883
-3499401
-22402077
-4816274
-24817311
-12656033
-11151534
-12606871
-17065679
-22246828
-382589
-21616631
-28752960
-11953670
-5727703
-16493068
-19149137
-6089214
-5382615
-16812915
-3896925
-18727400
1075761
-4894989
-28729833
-26487683
-1245943
-3300375
62603
-8119171
-17226899
-23193264
-2177524
-8870272
-6186717
-6147516
-15303811
-14319594
-13216970
-24378857
-15152598
-27108738
-20771762
-287607
-8782569
-19436512
-7867580
-13055518
-5716808
221694
-25199897
-11166009
-13276462
-2118094
-4951886
-7348490
-3289253
-27732838
-12444306
-396569
-4342664
-11573876
-1966796
407647
-12281522
-10737669
-27726652
-18042281
-20635734
-11186775
-12641570
-5908019
-18320720
-6305690
-1907484
-17615446
-7932815
-6636956
-7756664
-12398157
-20557417
-24779803
-8518772
-3426549
-4336556
-1931099
-12317653
-5825765
-7018600
-16369384
-7041975
-9629935
-1076462
-5418760
-2615390
-27580349
-681883
-9217978
-3633036
-6609120
-6797556
-26820301
-2580597
-13687420
1440949
-5575817
-9877608
-27144415
-26023543
-17655465
-1583604
-26995049
-614011
112593
-4681872
-7188369
-2283633
-16153392
-11847815
320217
-6352134
-26026045
-12768487
-3577717
55810
-12441054
-1731376
-6817694
-19464500
-1186735
-7055057
-16477161
127488
138083
-6558309
-7288102
-6285632
-24142763
-16812569
-14781181
-4879804
-3614889
-12649176
-3996797
-2256777
-26572
-1078941
-1581284
-4301395
-5417398
-19604895
-2119907
-12160609
-6962714
-10855991
-22342294
-5519402
-30324340
-3769528
-10457857
-24806360
-26255643
-6642122
-582386
-3408676
-5818839
-8547849
-5856698
-9938755
-16700503
-15462325
-27649456
53841
-10866107
-19435182
-5816714
-27088277
-17084726
-11351622
-22714352
-18734075
15983
-5320901
-12908605
-20960603
-9499728
-18658380
-12166186
-8866574
-15893457
-8996508
664747
-9462794
-15285895
-4945994
-3131321
-5838361
-8808247
-19083100
-14770036
-25134058
-23842484
-361275
-26687467
-10082071
1638574
-6910743
-14899602
-12621386
-816912
-23785925
-4331632
-6666868
1475118
-6845293
-4516953
-86423
-21647717
-28917965
-13895072
-9270890
-4050732
-5660593
-1687351
-525796
-7929178
713561
-1515443
-8263018
-549591
-4192094
-6196108
-13790915
-17340331
-178336
-615523
-11748078
-26786929
-23859978
-4694698
-27938023
-22506410
-18720547
-18879653
-5397980
-4841499
-2882960
-7647979
-8381836
-23194428
-5417120
100360
-895296
-22223261
-19252446
-2574697
-13357132
-10626149
850193
-12367539
-5851616
-27289292
-14637572
-3164342
-8475944
-12337816
-3381083
-24037130
-27209961
-19232447
-15748704
-1557644
-25137202
-5054273
-3786881
-15718709
-434342
-9642202
-24164808
-4966091
-2204000
-23590412
-405951
-3740147
-4675842
-1772403
-15256785
-3767048
-3427947
-15580300
-25003053
-5333445
-3971386
-3936872
-14118568
-7125307
-15137929
-5251934
-19114881
-21673492
-3018136
-3746663
-14826032
-9074277
-7214857
-3076695
-6160680
-868587
-10781826
-20050390
-10085630
-12345282
-24027265
-7376007
-963751
-4923466
-14324843
-17697635
-465650
-6841393
-23803475
-6343481
-15073126
-20095001
-6829006
-23861540
-1135176
-18563165
-13011445
-2347400
-12323991
-17374471
-9999177
-15824075
-13399216
-7413073
-1710810
-545092
-22565239
-13859474
-13864989
-799780
-6528639
-1800327
1548565
-27056292
-13300265
-13607870
-2420436
-2693228
-22015140
-14077867
-6747194
-18212130
-1395903
-21642936
-2747576
-19419247
-6658138
-19531144
-20279437
-1137991
-18680065
-11841330
-8219289
-13090339
-13141599
-28150896
-708604
74510
-10442320
-10952914
-14217130
-22982748
-14103872
-25527661
-2648373
-26819116
144847
-8767482
-26060105
-26874962
-28322767
69839
-11476984
-5059591
-6717306
-18007735
-14216158
216397
-13603340
-11789261
-2230043
-4568853
-12565223
-17106468
-29558365
642360
-2391927
-15489544
-21595995
-11703938
-2722575
-5160169
-6784893
-4787365
-24021736
-57199
-537186
-574461
-1950154
-589441
-8866749
-3379378
-20550789
-7238150
-4685285
-13315949
-27071424
-14090170
-24735076
-9172549
-15292768
-15872896
-5084948
-3128420
-1242907
-5914934
-14660090
-3047116
-26884223
-3794666
34824
-12488436
-3233302
1098808
-442880
-14530204
-283131
-7779234
-14268851
-7764429
-520120
723934
314305
-27060560
-3525911
1733533
-27274851
-7384611
-1680386
-9703215
-19640545
-16648927
-19751325
-5726074
-1670108
-14606578
-12838533
-14344600
-1566687
-19778571
-15637621
-25868407
-2565583
-8783491
-11718491
-3112141
-11311925
-18361377
-72400
-3268932
-19646481
1222320
-17301360
-1400498
-7200830
864542
-1855743
-467407
-5495383
-20101772
-19443425
-18579066
-19424407
-6731823
-18520445
-25655476
1145812
-21413821
-5940423
-24161540
-4793662
-1602111
-5838707
-524456
-3260335
-25216879
-6918136
-14748437
-11953889
-10312402
-2056894
-2638004
-24423200
-436388
-25718222
153131
-4944220
-7605239
-11887897
-9754920
-11598789
-23957708
-27286562
-15460692
272403
-2722727
-23540451
-5921403
-4859803
-7490816
-13412791
-23441983
-2604696
-305237
-584162
-25105980
-6114591
-11624150
-24086691
-17147157
-1299577
-8639715
-23173286
-21060354
-4308776
-11269
-15410113
-550654
-801258
-8678246
-6257986
-11260037
-26830806
-7551740
1111277
-5105428
-28083869
-19776412
1548377
795080
-1137173
-12808159
-28353365
-18573832
-665042
-848267
-20987986
-5110340
-11704234
-1585203
-5541438
-8420144
-9198815
-6641456
-1766194
-13362614
-15483077
-12567324
-27472834
-1769876
-25774193
-9189532
-2575188
196531
-26468094
-12568269
39804
-18342946
378916
-18229535
-19458275
-10328650
-25022372
-6094026
-30997812
-23529236
-12773272
-22283926
-11905396
-16304050
-13438056
-19635487
-13611996
-17570338
-17452897
-883076
-4122189
-14591540
-2982595
-26885792
-7536203
-19482945
-11220864
-3159615
-7178475
-1531218
-14115057
-13920981
-24283429
-13203441
-24114364
-12403187
-17725345
-13882661
-22212805
-13498315
-26067050
71313
-11658506
-25153211
-5825725
-2631763
-1070312
-3967882
-3216282
-2472324
-15456769
-5039450
-24694750
-25591601
-2578246
-24211710
-3643089
-12736752
-13533815
-964587
-16078649
-21635528
-16775210
-28848750
-14278524
-1111299
-19083011
-18452682
-1903599
439450
-29866251
-21764053
-19818825
-7917770
-13767847
-1178840
-19094696
-22041518
-10455103
-9265300
-16395933
-23302186
835168
-22796720
-13301517
-5137702
-11584396
-11417116
-25733482
-11778035
-2279601
-2267265
-1680928
-12738526
-25232145
-18942296
-3435879
-3944808
-6188088
-5550632
-5110826
-2097720
250902
-17830727
-18312028
-27973159
-22880043
-24973234
-13742991
-10956861
-1729992
-12246733
-14341850
225279
436920
-28684990
-10542835
-22469690
-3051489
-70126
-539493
-6346349
-729628
-1823349
-2847885
-7391601
-22615897
-25072224
-12920330
12933
-29354399
-1567380
-10749260
-6262736
-466057
-6326835
-1513129
-1104063
-1048935
-15456835
-12595623
-24256244
-14258285
-7639981
-13338395
-5569888
-8428888
-2299931
-1386898
-466710
-12242369
-23794340
-7776915
-4515320
-11803554
-1300469
-687008
-2212703
-1915434
-24730319
-25505032
-4987560
-22929337
-7601816
-27965350
-13764017
-12854778
-16654400
-148169
-24242303
-23705512
-2864398
-2553830
-17581851
-9731167
-9454534
-23411003
-1168530
-26240040
-11422856
-10716191
-13614050
-29170957
-13477891
-18914314
-20706207
-3700684
-7687721
-7703074
-14907932
-17171425
-5685242
-2343442
-239595
-23178305
-2340821
-7190244
-2822878
-735164
-27931636
-6341842
-7915226
-22567376
-17701344
-2636430
-14011113
-12631748
-14935008
-10410096
-25230769
-4056652
-7249837
-248386
-7781806
-12590883
-373608
-688967
-2525890
-1656368
-4309364
-2663164
-12410815
-3252886
-6905544
-14705794
-5614141
-22806985
-1744586
-14482324
-2459936
-6170508
-16437138
-18805411
-2551036
997364
-13229836
-1061173
-23343709
-8113285
-1654970
-20970618
-18648258
-25722492
-11839631
-24350374
-5779241
-2659973
-11175176
-8475883
-8304705
814416
-13056494
-13212721
-16053120
-18810238
-26842837
-15411466
-1292200
-14030885
-9609987
-26352821
-27313432
-4532892
-904839
-2516013
-12151082
-19388174
-2900271
-9064069
-19275352
-23804052
-12890486
-18098763
-24106389
-682615
-18131403
-22219833
-12078673
-23845168
-22673060
791349
-27554368
-7847818
-13181765
-25089483
-5574733
-24546513
-12463030
-6449077
-3218985
-12538366
129414
-23086568
-4569630
-5000770
-22603476
-14452375
-17257123
-1030730
-27291365
-17089220
-29437113
-21303713
-5832668
-445743
-6438936
-5782123
-15865035
-9729281
1032954
-9488513
-7497887
-6454384
-16213333
-6042245
-3587775
-12113766
-17099765
-759231
-25521426
-24513416
-463470
-7833251
-26509164
-10223397
-9414835
-15936273
-1226915
2123295
-3073342
-3778729
-7939314
-19311410
-18719484
-11266360
-4048024
-25353324
-25584037
-13538413
-17772340
-3227600
-15501672
-13537512
-11778727
-22376656
-1740317
-23982872
-8232100
-26578321
-2550298
-23876095
-17234013
-202838
-16423200
-26375507
-4483908
972066
-279615
-4179259
-2293085
1543026
-12929418
-10177760
-7416498
-13356907
-3235947
-496098
-18381584
-26542589
-29941496
-25904868
-13513442
-1665152
-18549721
152930
-18916512
-14932740
-2629430
-12909591
-1923510
-12840123
-13155051
-13828955
-14021522
-20351729
-12905231
-9565046
-24652958
-24928756
-6268771
-8272568
-21050798
-18874676
-12140951
-8849788
-905128
-10531725
-5072831
-13188933
-1360328
-4333737
-9608831
-12679199
-12532297
-27089585
-26563294
-15770061
-19308268
-14458288
-14650422
-2695215
-7978591
-27946427
-2130850
-1628919
-14204055
-24278243
-14142596
-18079522
-2932154
-9741616
-14721366
-10256705
-15790741
-26374188
-14186160
-28707577
-17824422
-11775220
-3462003
-26011511
-15178671
-30249644
-10815352
-4132422
142640
-15564457
-6077856
-14105543
-15527451
-25852536
1575590
-15852324
-3705303
-24648565
-11016433
-20343540
-362533
-21538236
-8773774
-5381357
-12818432
-8461019
-14834233
-22629269
-4898549
-12495303
-3119789
-25832446
-19276128
-8171512
-2154749
-14076764
-23979773
-1226092
-2706016
-5537814
-22229370
-5576986
432294
-7382316
-22918917
-11810553
-1479425
-18427059
-609143
-3276276
-1830075
-16014831
-5865798
-16953973
-9748573
-29351639
-21019155
-1334811
-506212
-13973762
-8413642
-22187734
126626
-2283078
-26712353
-230639
-26620099
-25537
-17451710
-5313147
302718
-7023053
488029
-26750222
-1424910
-2343428
-28687196
-19142855
-7358849
-13401352
-12509751
-20571347
-6493394
-11269132
-2322833
-1863529
-18008401
-13482464
-2049661
-17752928
-4114571
-7761913
-2317784
-28697968
-11638861
-360150
-24904886
-7457762
-10591683
-3499122
-14005366
-1557371
-2716477
-2375419
-28685741
-5471872
-1593081
-18213035
-3650783
-3464400
-3048498
-6771832
-20235906
-15938749
-15557372
-17319734
-11941326
-8382303
1881759
-2465893
-4799198
-11362951
-18318217
-27881992
-21877132
-15978423
-25073122
-13874741
-280710
-14181947
-1053565
-12921285
-528415
-2276539
-190233
18022
-3516430
-6804506
-27509260
-16403717
-2909059
-1591577
-3217823
-778440
-16809723
-3061136
-17415265
-2654856
-4513638
-7068027
-15006328
-18263902
-761197
-16826836
-3155412
-22230059
-16388762
-24774084
-7243991
-3775810
-19475607
-23916668
-25926153
-4274958
-15754276
-24797351
-7228681
-596304
-14176079
-20455418
-4893856
-20946419
-502031
-3560224
-16309554
-24592113
-5323785
-24376016
595057
-280870
-129199
-25781007
-12722606
-20160787
-2191926
-15055474
-30005167
-18598361
-944713
-17109091
-15274938
-26351802
-9754529
-1970136
-1294327
-2800858
-1586402
-25520242
-3940038
-16367468
-12097556
-6793583
-7521127
1520604
-23814383
-10090591
-19000545
-23185130
-1440302
-12134443
-2752553
-62826
-3189075
-9031427
-5430322
-8118510
-14098849
-22528348
-21818580
-5694631
-26511680
-9852265
760607
-13487122
-11568274
232165
-3871981
-16311785
-2721458
-12930103
-2438465
-19410532
-13919095
-3893716
-2984272
1682720
-13034398
-13572175
-15777218
-824249
-19557004
-26139265
-19588130
-11509429
-30666195
-4924133
1310794
-16406502
-5244700
-12973438
-3515949
-12812233
-10359297
-26034549
-913431
-15919237
-1300677
-24714071
-928475
416581
-7853141
-11384885
-16068524
-13781490
-221444
-26780228
-1646034
-13097096
-24337083
-10373633
-25418497
-23726113
-11756249
-26512403
-22797471
-12091128
-27489059
-12461340
-23607986
-15832361
-12429645
-2901688
-11876695
-19591133
-10684446
-1963171
-103060
-29478254
-2226259
-17797996
-24664126
-620071
491363
-2228584
-15160742
-6022119
-9265631
-10174072
-14202909
-6810640
-13923370
-19636077
-12073454
-2126504
-4765510
-15525396
-12807228
-1346961
-3751186
-9023987
-15351279
-24376535
-12604086
-8156161
-23499558
-8061624
-11474590
-6963585
-25378598
-23394050
5717
-2790856
-10545340
-9141716
-14519583
-24777198
-4165775
463834
-17573375
-1371140
-3891506
-14940211
-21674742
-10699401
1258618
-25447037
422920
-21420612
-2292080
-25605857
-11969233
-21640700
-11752821
-18230223
361192
950400
-28390726
-2420255
-13410237
-20971669
-5670365
-1990028
-1060570
-22750111
-15169698
-121916
-1623763
-24726582
-20302266
-122127
1004807
-8621784
-6011277
-15423451
-7134833
-22771256
-26869914
-1026037
-14308502
-1003947
-3480740
-19264516
-23535752
-12437588
-784132
-21710811
-1179811
-11394158
-27325326
-123794
-7796941
-3777591
-24887675
-18358140
-7690740
-17679040
-8759404
-3254715
-14176388
-10219908
-28427784
-22397657
-454719
1023785
-18888479
-22972996
-555278
-10509489
-1755816
384333
-4003652
-17340290
-12615867
-4780838
-15949038
921091
-19322047
-6330497
-16289129
-29749319
-12914473
-9175429
-2428988
522804
-20897149
-21088455
-11242625
-17008739
-2118747
-27790672
-20352
-15454978
-27736995
-533529
-1686281
-5969161
-7871456
-7294634
-2551998
-11637055
-20236336
-2158041
-2259774
-9371441
-7737340
-11514812
-4411409
-1666898
-6535103
-1585330
-2303932
-14248704
-11600427
-6630975
-14136201
-912099
-4686417
-11081525
-26095768
-12586145
-21198217
-1930268
-2984692
-14634200
887322
-29185854
-5232546
-18558794
-15640003
-3348964
-5992565
-14813748
-1859462
-22316599
-22680900
-1492836
-29024937
-19294967
-2046826
-6484939
-11075090
-2393564
-652776
-8750783
-6390460
-25894307
-28736678
-769717
-20184117
-14594784
-13261441
-20886569
-27512016
2122687
-28608375
-20817578
-2255588
934597
-12661204
-4596416
-13866641
-12320905
-24012255
-11958712
-11476469
-6819464
-7887165
-2151682
-12796161
-3059845
-4916257
-4370474
-10544133
-2830511
-23131602
-6078687
-5726233
-21095974
-13651039
-2407745
-1641506
-1754496
-25361827
-7053732
-556058
-15556932
-868398
1785409
-3801218
-4142132
-19814829
-2223539
-2016465
-4733572
-16055943
-799412
-20359498
-15779315
-11810905
-4950190
-6593057
-2200771
-18382170
-4877689
-24800310
-5139578
-7475714
846646
-2399435
-8975809
-11763832
-10410444
-570171
-2475173
-17967685
-1843460
-14692894
-6334042
-1921672
-589780
-25882507
-2836840
1312963
-371199
-808890
-20403353
-990372
-26315953
-1918537
-19694804
-2424062
-1058796
-23818524
-25165532
-8235525
-17758008
-1420530
-7080743
-16979850
-19321316
-15151771
-23236412
-12687737
-4562783
-5962083
-23232080
1338172
-5808103
-8402589
-11927228
-24490479
-1626714
-15744841
428694
-746942
-13462123
-7017944
-1587849
551310
-14520590
-5717156
-14158773
134444
-22947976
-1205049
-3507526
-5922321
-24823929
-5989376
-13749599
-26526152
-4771131
-9423433
-26980169
-2129188
340506
-5550591
-9413330
-16661383
-380794
-288635
-19081944
-1683740
-25291334
-14864293
-4170013
-1757636
-11552825
-11376296
-11926464
-2873856
-14114549
28576
-17889145
-1714866
-3809382
356582
-22533863
-546002
-26458885
-5418762
-8000930
-27356800
-2231765
-6930072
-20024759
-10883521
-27680118
-156546
-16576806
-11883212
-26475134
-18096236
-24730425
1395760
-22490998
-1771107
-14201270
-13376481
-7837665
197934
-840794
-12242083
-307102
-15922394
-26086431
-2624026
-9187513
-11313291
-3039167
-3523654
-18613348
-6900125
-4101574
-314119
-21325751
-7807642
-3209314
-1633178
-13297148
-3680186
-9827827
-11610825
-1738948
-17155933
783477
-28738589
-22287667
-14025677
-28294976
-13672020
-27969280
-14715785
-19048682
-28481774
-27123889
-28706379
-11724322
-48191
-12444926
-25860568
-3382734
-8670044
-3558179
-2971810
-1980876
-722021
-10830112
-6923626
-21439872
-9782877
-23353897
-13431348
-12943787
-17186979
-21186279
-10659084
-15742787
-26269788
-20518653
-21486852
-4297603
208023
-8037381
-8723169
-11826229
-7282097
-21454436
-1978219
375035
-9648650
404964
-613670
-26709427
-10419452
-4415175
-4756504
-15841060
-14772229
-3146948
-396671
-19412302
-28727482
-17581036
-22094050
-1929518
-13020725
-8860702
142153
-1935017
-10209794
-25016171
-16241097
-11074882
2511106
-16565805
-2998322
-1579308
-7333684
-22746485
1018610
-5021788
-7810308
-23074628
-12756053
-11513421
-14285741
-6071951
-15310851
-14774637
-2670075
314220
-15654025
-8124672
-4572708
-8598134
-8070715
-539801
-13440020
-6184567
-20627304
-16616605
-12222449
-28201457
-7018830
-4024648
-25630017
-18609652
-1391994
113432
-18247950
-14520473
-4052197
-5392167
-23679148
-13513586
-8567313
-11339166
-13936948
631982
-482013
-15682438
-1339839
-5744292
-235896
-1955980
-862229
-509813
-25915425
-13254688
-5802765
-21037377
-4009691
-25890504
-951012
-14977164
-17495139
-5126066
-26124608
-1218952
-4625879
-18916500
-13517433
-15722496
-14620448
-2513959
-6971560
-3600559
-11170678
-4721640
-12582837
-1703969
-6799157
-3824270
-247313
-1584450
-5707003
-17026764
-14770191
-15115690
-2202687
-25966564
-19509423
-2709867
-710537
-9925311
-25465699
-871146
-10164586
-13031149
-9230235
-18005552
-4177088
-14095122
-8531774
-25858135
-11426832
-12169608
-2861052
-16906751
-5000281
-20519802
-27402215
-381566
-24829826
-15322248
-23676461
-12963940
-14248508
-9385079
-23580491
-12941175
-5845018
-6311786
-13638996
-14706509
-5791979
-4680000
-14376353
-19508687
-7333351
-15635801
-23722787
-13630105
-16903804
-14184659
-1467455
-68410
-15429260
-471739
-2508832
-2438597
-13456371
-5748696
-728470
-11728346
-2738837
-1437619
-2056757
-11801343
-28940039
-12587515
183569
-7309952
-22307235
-1509742
-25725026
-26554575
-14021676
-2000427
-273218
-4362807
-28501368
-5707780
-27167398
-31321703
-7847232
-13103697
-26244498
-6303605
-26675703
-5606786
-11392811
-11048230
370276
-20731004
182158
-3984877
-20389784
-24499570
-26310687
-3626061
-24526371
-3620619
-23580178
-13774019
-25139302
-24483374
-4592419
-28067731
-8338845
-9971818
-14717501
-3017203
-4952326
-7356122
1009612
-3850981
882265
2928495
-2504732
-21292723
-23353968
-8631435
-2244291
-18657804
-258784
707966
-25502128
-27074525
-4317889
2293106
-24020793
-947653
-21896402
-25171601
-1979560
-16320703
-512415
-24059015
-7420568
-2193008
-1947434
-15776513
-3519467
-24449439
-2535781
-13322508
-10075780
-24625233
-14552188
-3016884
-9763387
-3551593
-16304851
-3206068
-10690763
-11677193
-21141920
-10695821
-20478259
-23263309
-26158960
-177954
-13394885
-24749739
-18766925
-12063844
2113848
-12361347
-14655886
-4571595
-2242053
-29160624
-11764553
-12372475
-5561424
-20828839
-18746826
-11561440
-13749015
-18694167
-2348753
-4944827
-6135486
-8331574
-9659083
-14953749
-11648949
-16993223
-27648454
-15484123
-2704067
-14470327
-16768801
-13180702
-27361947
-10430635
-18910014
-6834992
-11538090
-975572
-13538256
-28730845
-4897728
-6829603
-15273678
-2162710
-13295348
-6647850
-28300288
-14285688
-1986621
-810002
-17860394
-3322609
-11949401
-19114653
-417383
-20828192
-6081596
-4064195
-18172738
1159958
-20836650
-13795894
-18842890
-9369296
-334827
-22986728
-17449529
-4415728
-24754059
-18738685
-6948033
-14426680
-13913548
-26621483
-12063745
-301026
-25172004
-11316069
-5154864
-652194
-26974347
-19317372
-3233692
-926907
-16811285
-26771266
-16343364
-29574243
-12112431
-9336292
-27663675
-1518102
-10574934
-2023022
-19758752
-20154567
-23224421
-3875735
-2608085
-12176193
-808832
-5077906
-18928399
-25330526
-2153473
97643
-8603640
-15401728
-3035113
-4277875
-18314207
-2368772
-11570396
-2545993
-20242547
-5965847
-24414679
-3901413
-6337559
-27767679
-17155992
-10757333
36362
-13449939
-5371138
-6684188
-10146876
-5980546
-23247519
-4181547
-1473880
-864837
-3398948
-5474912
-6418919
-24501898
-5830717
-14557246
-11370893
-9266782
-7813062
-21899192
-16888674
-2319817
-3262892
-27577373
-12836767
-13884611
-14264796
-21191481
-3609351
-23862371
-14824563
-24988653
-23419994
-2223728
753738
908471
-7639658
-7629272
-18548994
-22670996
-1166159
-15652566
-28247631
-6233212
474568
-27395255
-28682801
1080840
-17053896
-7383738
-7747522
1506245
-4758656
-26737609
-5502765
1067984
-12903580
-955318
-1100608
-22998402
-855539
-28269386
-15447916
-20174270
-21770588
-7800011
-5515116
-11492602
-2590810
-17794551
-1034643
-17653081
-2086518
-65129
-21043952
-1847349
-10720438
-4201341
-14536600
-13612487
-19883421
-1579462
-10679466
-6602112
-25764945
-14763043
-8042590
-25812678
-13868049
-2423169
-2096794
-3174115
-19082474
-2112670
-21276513
-958638
-23107609
-5669542
-27004294
-3749832
-717466
-9632623
-12534094
-12961509
-10869206
-20975928
-190686
-28249835
-8830328
-14067419
-12115919
-2830232
-1715274
-10332393
-19717381
-22871096
-6121395
-3349722
-9038514
-29466311
-22834987
-26128737
-1479731
-11880653
-12718738
-25653566
-161145
-2634272
-5967879
-166285
-11631407
-24471922
-18454805
-2507886
-27277260
-12570350
-2650623
-11054988
-8019570
745775
-201688
-2040057
-27802152
-16370644
-20925368
-6406820
-1857071
-8404720
-12585252
-2169581
-7915692
-3074499
-4305679
-24718366
-543845
-2283194
-19411446
-20189116
-27821383
-19548833
-6949982
-2880950
-5399723
-18287017
-13376250
-5774189
-25425562
1292345
-23708832
37624
-17695402
-13689892
-16553022
-1544019
-13211552
-19301826
-4069986
-17451174
-9914737
-15485901
-6014696
-8479513
-24993906
508161
-9991798
-12461471
-20365664
-8599123
-11164673
-23588843
-17247703
-12471758
-8063230
-893007
-10038350
-24412153
-5154368
-4418674
-12296235
-11991586
-11997342
-1063133
-2475983
-21969547
-13402280
-1263464
-2683877
-15150527
-22805361
-5704662
-1898555
-2362455
-5246218
-28474
-13275810
-4487954
-12794339
-2207011
-22508973
-26162158
-29240370
-235453
-3600457
1231821
-26105531
-13276967
-2416657
-8393804
-1391687
-2256043
-1293505
-12429561
-2020244
-6236864
-9282069
-7248735
-4618818
-19588618
-5471742
-207190
-4348729
-4221829
-14003399
-16240750
-23939647
962395
458995
-2763016
-15130635
-19268504
-14300478
-1920753
-5706390
-11171139
-18165394
-11130795
-12563285
-780557
931698
-18119547
-10522762
-27627952
-2075
-7700096
937577
-810060
-9016975
-23214194
-17122067
-25223730
-25624582
-11800861
-21689957
-20649338
-3187404
-15067954
-22426466
-2883511
-11239412
-4085417
-27196802
-5082706
-14607134
-2574294
-426688
-25269459
-2403574
-2368946
-1280387
-13625571
-16345692
-11000399
-12843324
-1519423
-1148273
-640831
-18920122
-15649633
-27514483
-23329240
-27030844
-17536308
-1795227
-10847396
-13215196
-27447820
244127
-7094530
-17854722
-2027809
-12996389
-26026513
-21252694
-96570
-437941
-11659040
-1990314
-3537023
206897
-6615251
-10138491
-1016037
-21682990
551377
-14163542
-2780257
-2453902
-13856812
-26109960
-7645546
-6950928
-18701555
-3442760
-12434543
-19684320
-26671435
-5735656
-19674411
-3570112
-3347120
-3314232
-4846080
-3694502
-3163036
-12509851
-16355951
-12790336
-1248122
-9782567
-15494384
-3436371
-13000395
-83468
-13488597
-2235924
676849
-6413591
-20788407
-6015908
-19015898
-13849298
-3981990
-12692693
-5783890
-1281293
-8100379
-2382755
-3447845
1749118
-9593222
-13686685
-4920379
-25761114
-17430998
-5258711
-21771130
-9029546
-21307558
-11965147
-10585760
-24412340
-13429453
-4836701
-14957772
-12279009
-6239921
-3565060
-8901324
-703586
-11750764
-6407090
-10432197
-19755692
-12055316
364652
-1526679
-5162288
-1887192
-14414698
-9512406
-3347781
-14247321
-1255377
1467721
-19700724
-14044409
-12722834
-713606
-6651716
-12468937
-6227191
-2037823
-9862449
-12385551
-13841633
-2359061
-3014860
-15449895
-179008
-20920047
-7692343
-2598088
-8115034
-12880209
-10624025
-4622019
-19458692
-105827
-26518247
-3046397
-11284694
-6804768
-5089090
-16354899
-29179396
-702968
-20797534
-18379360
-3018766
-24937965
-7729374
-15256966
-8147251
-18558075
-9555164
-3227393
-6152213
-11671855
-20001450
-11686923
-13520916
-11028715
-21321933
-16165072
813517
-20957184
-23647584
-13972699
-14649424
-7833912
-7067418
-1135216
-8950965
-325143
1564897
-7371415
-27092184
-3504519
-292212
-1968145
-7555441
-7417050
-3148275
-2730001
-15037736
-6616394
-526082
-5810237
-13145487
-12627397
-11255875
-12513291
-16711694
-24242537
-10633369
-3670472
-15537559
-808819
-19439500
-26388983
-15268383
-11198035
-8394888
-12832742
-25366512
-8037321
-3116515
-16427234
-2778399
-1329493
-3143861
-12025816
-19883009
-26448048
-30042438
-1791755
-14935158
-13293658
-2692348
-17565990
-19893813
-5249265
-4766262
-5981594
-3035542
-458810
736748
-21578516
-631903
-26777720
-12960497
-904664
-13028218
-861910
-25402453
-455116
-9934921
-1453504
-25241468
-16163412
-2533928
-1947464
-10795992
-9115262
-4483345
-4692753
-15712349
-23035494
-13636696
-21542
-1845202
-19779061
-12662208
-3932376
-5423405
-13244134
-10378149
-27870506
-15588621
-17624462
-16796506
-9010832
-12464033
-21813970
-27290973
-2407823
-17369323
-20061754
-26059689
-6631728
-1799911
-25275718
776101
-10235373
-3828878
-16183093
-12727960
-19128312
-13932475
-3232122
-25951949
281840
-7598701
-5945195
-271955
-24286892
-12130910
-29558554
-1762004
-13151010
-702688
-24412662
-1284098
-2210976
-26082127
-11919309
-17699844
-14604909
-12542301
-14207425
-1891123
-25977681
-2782947
-11445465
-18253731
-1209685
-7143229
-18782335
-15320447
-3379244
-4158319
-575571
-11511852
-2376090
-9006207
-7007524
-1832694
-13622759
-14683926
-11122833
-1680017
-2104076
-15817814
-7817214
-9329634
-18137263
-16316031
-23681654
-1971702
-515982
-24399607
-19570237
-26384547
-13212754
-861347
-28838052
-12895020
-17814428
-5276081
-15897588
-1645360
-22452429
-23875401
-6565505
-9646210
-6647688
1688587
-28142182
-2715618
-12703211
140807
-5346673
-8972539
-26334959
-12909380
-6764684
-5599435
-14917939
-2801184
-10001806
-2293895
-12868816
-26763775
-11837752
-851720
-1249661
-12921253
-23191751
-11854119
-14283507
-1580728
-24578832
-10364323
-21401993
-15021391
-527256
-16205241
-552871
-19383085
-26467955
-12093086
-1025314
-5861658
-16652942
-6199755
-6805667
-1070767
-9321623
-221252
-3796093
-4327653
-15419731
-13398523
-19964356
-5486410
-8237799
-10674261
-13253719
-27622118
-13412909
-16883477
-19521961
-16866624
-125312
-20072494
-5994029
-14617863
-27130532
-20747310
570156
-5215070
-15282669
-9703730
-4222970
-10183689
-5359018
-2281076
-600602
-30313531
-9962787
-1953018
-10726059
-11690724
-4612888
-13962033
-1667036
-3282198
-12695653
-15021068
-7221064
-1289978
-2951311
-25923407
-5059901
-1971409
-15755116
-5945978
-15965555
-19531798
-2803519
-12207324
-25261144
-4872828
-7691458
-2138201
-23493067
-617891
-21165309
-7537215
-6890124
-5826565
-21263014
-6114286
-13720073
-13953149
-24047526
-4749990
-14698300
-12570125
-3864588
-4364270
-2949172
-422560
-871600
-8595364
2137937
-26056540
-11359654
-16688648
-12496798
-18840024
-13094801
-2555055
-5283892
-9563606
-16082596
-65858
-15753061
-2832017
-18491320
92199
-1595455
-23225646
-5219908
-1750665
-11955270
-12075003
-8236388
-998408
-5160192
-14276158
-2478987
-11203982
-15408741
-24326473
-18349180
-2778835
-30621949
-25157569
-977698
-18280193
-12688123
1868342
-413476
-21969968
-7824524
-5099804
-17497963
-529288
-7070622
-19307198
-2183207
-13393649
-26313967
-3350764
-28970498
-23284907
-4908464
-19311979
-229815
-13842615
-6188010
-23497799
-2694176
-22005562
-14203109
-13593708
-4410225
-13460331
-4568927
-3747437
-9570752
-329125
-13266232
-15188020
-24639140
-6770634
-14584951
-3448150
-7908054
-20441719
-2019085
-11666012
-80425
-22672120
-1130022
-31676
-13389952
-3561547
-21790184
-982267
-2164924
-25480462
-10870970
-58216
-13646819
-10665573
-14946972
-5999945
-10658126
-10320504
-1980642
-4704938
-5705432
500784
-22128661
-26436474
-6646050
-6949999
-2932347
-15370791
-26824696
-2989707
-10084423
-5874733
-22632794
-17139345
-4141351
-395257
-14248032
-1015603
-10243180
-5390434
-1417862
-2084913
-14217489
-28642550
28312
-24160195
-13741483
-8828304
-7234548
-14058540
-789461
-7029791
-328727
-19887379
-3402237
-27269141
-27503591
-9985634
-14015627
-1966181
-28753844
-12593013
-25997973
-12450224
-4295355
-1091346
-13795858
29707
1298869
-11950042
-2415607
-2804858
-17008755
-4518882
-13684711
-9008085
-17376227
-25983846
-1631889
-1969573
-14564778
-14296310
755379
-18918265
-9070797
-5443463
-18426874
-5338888
-22402184
-28009085
-23403204
-1689060
-7600202
-19838343
-11978862
-10934147
-25440516
-3562701
-20465278
-12632148
-13749440
-19227973
-27382253
165713
-13734108
-10214615
-9444600
-5506404
-2322873
-18988612
-7527522
-21501087
-20988907
-14690369
-16302926
-25589423
-17526601
-28943147
-14476295
-12849046
-18303167
-15046736
-15497126
-21321077
-24931313
-11934925
-6245823
-11656801
-22638825
-26455660
-23152596
-25494135
-8996533
-13313858
-25469657
-26744836
-11445537
526217
-1584392
-13694329
-4174318
-471906
-8829656
-25384922
-12145915
-11818527
-13299387
-514027
584919
-22476953
-6028073
-2265199
-6583879
-17135620
-23672222
-27848339
-247548
-2140393
515945
-6093755
-10560359
-13194896
-12362284
-12385008
-7862167
-2774078
-25633024
-1260109
-25965224
-5811056
-18674043
-24311699
-19314884
-7264814
-21638605
-13259560
-30880942
-1199761
-4351848
-1268934
-1679949
-3340912
-14406444
-18729723
-12408450
-18435689
-7970362
-5935978
-26020206
-25714151
-6193050
-23311678
-22926145
-8381930
-12818990
-3395496
-23139636
512797
-25697603
-15230652
-8472045
-592309
-2606076
-26424973
-17628642
-12213878
-874876
-4125184
670675
-6745529
-26979601
1513552
-7888489
-21367423
-16817346
-29426901
-5953905
-4447322
-6534676
-1153014
-26381600
-18722326
1878978
-3889405
-5116652
-443719
-12381834
-11266085
-27657769
-26125106
-14246458
-15096388
-3688493
-16466203
-19057629
-19013900
-23328251
-5818842
-2919408
-14782990
-18089336
-15172649
-23938415
-23121274
-5002741
-3212388
-739602
-2295306
-12051979
-15352449
-2869531
-15805752
-5496224
-26237709
-14527308
-673848
580017
-1775518
-18654452
-24198223
-11226213
-7494870
-23865248
-1325294
-2748756
-7020546
-10597077
-13566440
-869480
-2203734
-21263487
-11578002
-6582101
-4087810
-6329270
-24615785
-2324554
-13077105
-24429225
-27665831
-7916253
-15748792
-4440651
-3865812
-2243310
-14628745
-11527464
-1308050
-2292719
-2401145
-15119052
-4325529
-20187346
-23645982
-554533
-6546288
-24029273
-8120587
-3561863
1214118
-6019985
-27412858
-23715867
1312922
-3565349
-303659
-23519751
171818
-533228
-12524838
-8365613
-1325299
-8999316
-1477558
-6812275
-19885215
-4490651
-18966924
-18776847
-25765882
-816609
-18945792
-21862968
-11642586
-5945610
-8477202
-4200680
-27065234
-12264809
-23398940
-2135672
-455272
74005
-3515046
-1911281
-3192464
-11189144
-12886608
-21087249
-2342213
-570860
-11700459
-24288701
-133535
-20154509
-26087665
-21508891
-6287943
-17202640
-13350543
-23452100
-29943187
-1622423
-26076018
-13042022
-20847892
-9704356
-9355323
-29476483
-14346757
-17347341
-21146756
-7670820
49021
-20367786
-16492045
-4578988
-16014623
-26989415
-1602432
-24873522
-26396851
-23626583
-1329062
-24182843
-7116129
-7691794
-21769070
-23114742
-4755010
-10545782
-2598957
-8105541
-9958645
-5371812
-871338
-21632971
995922
250640
-3364745
-10953114
-2021566
-17723478
-17244278
-13608400
-12609824
-8465860
-17490227
242367
-2163627
-22674378
-613943
-15490911
-13120554
-11617682
-11657868
-15145799
-12502020
-12357183
-12773509
419511
-30851805
-12600005
-4274062
-3068484
-11681855
289860
-24788991
-14403302
1390684
-14958550
-18952350
-1541653
-9475421
-6235044
-21050116
-16652536
70028
-14692793
-3040314
-11115416
-2407839
923290
-11678014
-6284942
-21634387
-26284587
-5136857
-13231535
-20575887
-4419554
-22117311
-3920624
-20920214
-8420365
-25492814
-3397630
233902
-549942
-1119171
-14046851
-3345638
-12863369
-25040070
-31005266
-3466998
-26391737
-10955449
-7758018
-17938166
-583491
-11135104
-11984955
-709882
-23824316
-14021255
-7492204
-2906348
715686
-14115678
-7841018
-13359938
-1035412
-20899361
-17162840
-4782455
-22886279
-8572008
-28244739
-20387853
930479
-2231493
-9218930
-30278762
-10373455
-24286540
-3277216
-14773843
-9073433
-6623589
-12090592
-9808577
-25295188
-7981968
1329932
-13464624
-5621400
-395524
-11192071
-12087848
-12331904
-14436608
-6809070
-22285934
309219
-3042051
-4035197
-703822
-917388
-26277572
-5932847
-21687343
-7414312
-2187130
-10800181
-28504113
-25924230
-6497670
-6113805
-10269277
-1800348
-18806470
-17431326
-28663944
-8827546
1439653
-1555410
-8952459
-7577083
-9052645
-26618289
-4930820
-6095634
-6875130
-15115447
-21859932
-18637859
1144107
-28155432
-3991005
-1004649
-20512361
-25295439
-37849
-5861546
-22530703
-25181113
-12567114
-24994750
-10859768
-30012258
-2300262
-11447522
-27638889
-3121082
-28447747
-19391899
-24750252
-4883642
-6609795
-2871828
-1976575
-12347213
-24321106
-5550831
3697
-28150708
-22913071
-26542229
-13340535
-14179580
-18561096
-20806358
-3024295
-4773799
-12420265
-508165
-14893726
-6717762
-21814669
-8494004
-2616967
-21965968
-24418913
-16184698
-12774120
-3316996
-7544465
-26351771
-187539
-14084647
-26649658
-15164264
-1831927
496813
-19332885
-26307827
-6212622
-21175123
-5215218
-2493926
-4287425
2038882
-7354788
-15276672
-11402321
-2804670
-4209871
-9759386
-5108473
-8095722
-26991359
-17162242
-13053217
-2781088
-10529092
-5138218
-25852872
-11371581
47794
-13478561
-12681256
-24869166
-16669057
-13113821
-14096002
-14786627
-14356100
-8353753
-27232950
-1631107
-9650459
-7903436
-10170705
-11665140
-28416779
-15626821
-4425155
-19890366
-19838314
-10778188
-1349927
-6859611
-18621425
-12641219
-13361669
-15662053
-1625000
-12797517
-15930036
-12363585
-23633250
-14680915
-4904004
-2149785
-6729551
-2642176
-942318
-15384452
-11555932
-25222831
-14971805
-7660610
-9014470
-18581936
-1222957
-23362363
-13212252
-15370975
-13825800
-21381366
-15163772
-7711019
-24579877
-10605969
-25019350
-860350
-19926571
-25435549
-24267740
-14814914
-11692802
-25582036
-8817115
-13720803
-8765959
-1537953
-26425615
-3539001
-14314387
-19699521
-1422871
-22554909
-670255
-8461478
-4520470
-25633471
-14094310
-13529090
-23326962
-12979324
-419116
-20409846
-17869766
-2223701
-13802176
-24547491
-12161176
-2808382
-26601227
-13767940
100093
-385439
8953
-21869649
-11828184
-10053973
-28361048
-20835122
-23400354
-2043399
-13706733
-12481790
-4724056
-18106161
-6481483
-24099725
-6062919
-20637785
-3793148
-13512013
-21309234
53338
-23543984
-13184146
-12707585
-6855900
-19282993
-8734505
-15268342
-10130396
-6710870
-1322445
-2572642
-1705566
-13408898
-14401779
-246634
-874395
-1941507
-21013544
-561714
-363914
-24417340
-23285816
-1534004
-10177131
-17348569
-905793
-12292707
-3871764
-10835199
-19322373
-5760756
-1439341
-2994769
-13179531
-12263516
-26981421
-1465240
-12647350
-7073434
-16359493
6253
-2180547
-26799661
-5990208
-16040253
-434950
-12284866
-8957041
266214
-7097684
-10011260
-2063623
-6266620
363513
-9491384
-25237245
-3006645
-13821297
-5900850
-20103847
-2217350
-22716892
-14252726
-2233311
-13360288
-13192174
-18217688
-12968471
-27114625
-320132
-9867761
-26909531
-12992763
-11020185
-19886588
-27251140
-6638830
514356
1092269
-10833565
-27251628
-2787426
-2859602
-11399891
-2245702
-14771809
-2979192
-14149089
-13436448
-23377883
-23101049
-5825075
-17355092
-11684783
-1490719
-8856973
-13373409
-6158437
-29005420
-8861622
-24387972
-16314912
-1425133
-24568345
-13042627
-8638187
-19409506
-27212114
-28377918
-2043935
-1046610
-17959049
-13736730
-6324834
-1922909
-783874
1680746
-14711966
-13826550
-8372426
-5219968
-8252108
1846156
-1698580
-12412187
-17793337
-22941254
-11358025
-5740507
-17246281
-223602
-6630668
-2265370
-3329286
-10418085
-18590304
-5797796
-459302
-3092114
-2110074
-10402159
-18732536
-6207809
-5252818
-28473106
-18375329
929144
-15237910
-2120763
-1058609
-12134122
-24828578
-18105818
-20141296
-5814402
-2263453
-11997112
-48081
-28766020
-1013556
-3639627
-3469769
-24384695
-5704234
-23819624
-11161100
-3345179
-4813319
-7416354
-25191446
-5596586
-1873454
-14557316
-2676931
-16395805
-8642754
-10825561
-2353801
-24892115
-3215753
-761417
-7646774
-2992251
-14742957
-1638451
-1017450
-1141340
-12404157
-2227475
-13049058
-12223447
-7955526
-3936679
-20634996
-1159297
-1512559
-11895181
-29820468
-25054453
-16491192
-9312453
-27779274
-10104953
-29396819
-3186382
706029
-2426307
-28050497
-13998255
-14368957
340572
-16419968
-14996364
-2026360
-1082033
-24232849
-2905934
-20718927
-19688359
-24745394
-14474038
-12643596
-19547627
-23823535
-6299632
-10533013
-1546643
-26744337
-7170863
-119885
-10929084
-17336201
-2440045
-19238136
-24057095
-11439821
-1234686
-3999438
-2429034
-6114168
-1732986
-804787
-13577697
-28310096
-6794249
-10946323
-18479040
-5577481
-2131323
-11591469
-27110167
-122059
-16988693
-5454227
-20687939
-27439332
-5017314
-8818759
-7435733
-1443794
-6762131
-26070834
-26366698
-2556853
-22768252
-11605313
-25226481
-27739268
-2386821
-1139840
-15996342
-20410950
-4664475
933186
-666007
-26279344
-30119200
-12704045
-11614863
-4805252
-15262924
220392
-1010855
-25406770
-5111712
-26202672
-26583001
-2584507
782298
-11736878
1442205
-4344740
-958710
-19318288
-3122022
-1885548
-12410288
-2433830
-4042348
-23009619
-1488261
-15789393
67188
-15642091
-7822520
-9115495
-16473420
-24524645
-13841950
-11907878
-12126188
-12759056
-723994
-27150344
-11867007
-22683495
-12564153
-12518847
-9890972
-24502334
-25199460
-26024802
-12286154
-28111033
-7077374
-9564242
-9835414
-5555810
-14396585
-18969824
-25091002
-3781894
-17278871
-12903095
-680681
-21133699
-23795414
-1977765
-15486204
-9576971
-13261755
-15374583
-918580
-21957306
-23171250
-747554
-536345
-8419275
-11803356
-232289
-24687265
-7904510
-9816000
-17130546
-13345531
-5557725
291471
-14619441
-26172127
-11742349
-22185644
-15447214
-2787539
-12264268
-26534437
-12526649
856364
-22756139
-2440861
-13125822
-14661765
-6343024
-25949278
-14739913
-18377431
-7760911
-21116093
-5903013
-4125303
-6981348
-17205973
-12463385
-10259586
-8683155
-4018784
-980308
-22546716
-17407425
-4033458
-26413528
-11552454
-14128582
-6334434
-23021246
-6259998
-12071471
-10070847
119464
-2524855
-4684604
-27494976
-11923391
-1574975
-21918749
-26854077
-11539089
-27859028
-17605415
-3450919
-2522520
-7396114
-9406995
-11374609
-22592745
-24883732
-16778690
-24662753
-25834031
-19631306
-6347037
-4931077
-19389364
-2187395
-1560184
-17649319
-9799319
-638867
-6970829
-9459236
-6179474
-9683561
236258
-24076039
-1706084
-3831966
1834166
-138220
-28212356
-14095852
-8367736
-12438602
-10620217
-2182399
-18162098
-10600946
-4403193
-22395020
-10465340
-19045904
-13347411
-10735527
-27914231
-3375520
-5061303
-11685070
-22160018
-6216817
-14898217
1336693
-11596369
-11712954
-7535922
-8324365
-15151340
-2556535
-13210779
-2178831
-13048691
-19887275
-14330839
-9128687
-11957163
-11336179
-24194636
-13755108
-26708469
-13747809
-17305717
-15616677
-21239799
514561
-17113
-192824
-29627625
-3044453
194952
-17850215
-24418278
-13641381
-11340710
-24521216
-24854024
-9267446
-2532900
-12383397
-317060
-76955
-14499717
-3853161
-4761214
-10869552
-23942935
-14376799
229435
-9294045
-14069274
-14452782
-6145148
-234177
80319
-20030378
-14723351
-25192796
-15235324
-29706935
-11002537
-23799062
-5222796
-3680643
-5891167
-3800824
-511604
-13588622
-2059190
-12995919
-18612164
-24280407
-20260061
1472110
-3643245
-22098516
-25655546
-2432404
-7837793
-6544629
-353415
-3826248
-1264247
-26142958
-19478898
-14570152
-23481616
-4683867
-4477368
-21751762
-27125135
-19049021
-933721
258829
-16646430
-7928995
-4180286
-12491043
-2399713
-9637963
-4748316
-14007099
-27759879
-25867979
-11518721
-25986559
-2523393
-21515556
-11724956
-12634608
-109829
459476
-215533
-14729235
-1589052
-13357713
398049
-2228350
-2184472
-1866691
-29877254
-9976750
-7898739
-9893628
1237081
-20853082
-2497260
-21917546
-187261
-14371668
-26487525
-30212086
-22186686
-91372
-7686190
-7055188
-10741434
-10950101
-15684262
-7906192
-3647854
-25583602
-18196024
-2114605
-5565238
-16655009
-1601965
-1155403
-4782416
-2300342
-13695
-18337779
-2433517
-3576845
-24350172
-18174394
-1493466
-20937175
-27738392
-16581863
-11218590
-7031956
-11203349
-24882944
-19814481
132368
-26431262
-9846764
-6399958
-24013186
-12404307
-20417347
-1989044
-29153117
-23994591
-9990453
-15077385
-25832456
-8539468
-23253324
-7171061
-2955635
-25989399
-14164954
-12578474
-12545616
-2408924
-15771954
-2254805
-11830676
-271104
-8765488
-21121117
-8268760
-13352925
-24802387
-22995660
-8177438
-17690087
-19241973
-25055301
-12709947
-2424602
-11930320
-20393113
-8235999
-5761286
-7025794
150018
-6494680
-10491295
-22449141
-13207194
-16686855
11689
-5041879
-3499793
-5662595
763724
-245982
-19175943
-3096958
-14856706
-3780161
-7141075
-7809064
-14566946
-23492205
-7265564
-19180311
-26460919
-4073472
-21821990
-27139737
-10486058
-14895518
-12713191
-7693499
2775782
-23374533
-8677819
-12799846
-8993898
-14670801
-2852307
-615603
-6357230
-14776454
-24910762
-10510427
-14896621
1230639
-6202256
-21135662
-24921657
-1308538
-18740731
-5642563
-2419347
-1584250
-16469659
-20233254
-13816921
189400
-7143757
-11919569
-11138467
-6836449
-18752502
-1050280
-26777686
-27779637
-28685919
-13036537
-5594849
-29287202
-24795819
-1323464
-21414223
-21057648
-23638981
-12461612
-13665915
-4690765
-19927948
-12121230
-26902296
-14449865
-25728016
-13432375
-4666312
-2198790
184130
-14314001
-20377065
-12318191
-3681591
-1002970
-827860
-22476951
-12707622
-5714970
-5489154
-13594708
299653
-11795072
-12296090
-11435949
-2532458
-7848345
-2371927
-11005738
-20693629
-16351340
-13089478
-11817601
-8368888
-10909832
-2705294
-3508053
-352466
-12750
-6597909
-4210103
-20653712
-8061500
-26983254
-3297800
-4522799
87820
-13722078
-27293511
-2516622
-8979872
-17054197
-2008117
-335864
-19914885
-10870608
-12932009
-12554038
-14457247
-2689285
-14363567
-23128912
-5647218
-12955323
-3512769
-6245079
-9635486
-1824086
565095
-18676793
-5702991
-12279026
-10039193
-6211004
-25917522
-29059737
-5071147
-18420562
-2740592
-15905604
-13426818
-11692083
-22943853
-1722577
-19991131
-10583578
-3397897
-18382913
-13444980
-25446257
-686705
-12614779
-30163878
-21167002
-12025313
-10670423
-24629708
-26858194
-24916463
-21415189
-26234126
-15252306
1320959
-1047789
258238
-2347072
-16524279
-3493863
-25670584
-14704145
-1785500
-26047928
2534027
-14024094
-9689505
-765080
-393472
-28949747
8915
-1417065
-19070078
-31151714
-3761560
-16236810
-2379787
-15307174
-7721232
-17784349
-13827733
-241389
-5399048
-11535180
-717543
-13916821
-4921835
-21393428
-25781467
-20545885
-23189748
-3597649
-3622556
-22017607
-22353842
-30089227
-1280520
-13372636
-12499713
-7355508
-28739215
-9556646
-7886410
-3479451
-26827641
-21235573
-7609442
-21114079
-10787125
-16043269
-460420
-14451047
-22021579
-5492837
-26232940
-4264228
-7759370
-9464030
-1910425
-2213938
-2218524
-21425839
-11695256
-15267432
-18091367
-28016806
-20769778
-27019692
-13886971
-20287524
-20420590
-11873524
-1800914
-16554538
-10687702
-7107522
-5350753
-12517713
-13337298
-20015908
-15115768
-22252668
-23491921
-5308218
-23932646
-25783967
-4331355
1178105
-996638
-2032110
-13853013
-22677842
-18937853
-25840187
-934036
-16918508
-28453808
-15398797
-10800882
-19761983
-17565188
-15793711
-23771818
-5772308
-19818489
-11653626
-5383388
-12461959
-14556511
-21110132
-5490675
-7185357
-19469498
-6177629
-1725463
-20292280
-4862325
-7295946
-342250
552783
-29119055
-15996231
-128433
-7167871
-21635702
-10688653
-14945261
-5526707
-24483929
-5144375
-21821566
-17191520
-21835
-16200240
-9872328
-8006891
764495
-10897048
-14016712
-7222985
3041959
-23045806
-17375412
-25571021
-3120292
-24232310
-8085012
-543997
-2019604
-20629486
-229972
-1347081
-3636424
-24113823
-19285925
-13354338
-17809930
-5452833
-1175003
-661075
-16421260
-357180
-7216121
-6306971
-16842349
80106
-13013408
-2795172
-1655270
-29546442
-22685020
-20005355
-12228955
-4965361
-17641950
-22977473
-1313151
-13823979
-16186091
-11692333
-17555463
-17403694
-1669099
-9920123
-5576623
-24386510
-25582471
-10261782
-20359089
-293589
-17997348
-10576654
-561118
-11959222
-13808956
-13402107
-13804537
-8667185
-26603190
-11094575
-1201011
-30010036
-20000336
-8568191
-14989243
-29837429
-8863481
-12677408
-25396002
-25420621
-12654053
-4557737
-20864137
-4129834
-20072985
-409808
-23179447
-5434945
-1220095
-8468418
-102443
-12736691
-20969944
-17387485
-4654921
-11720774
-7004450
-10559946
-23719837
-11955925
-1936943
-12991705
-14057063
-22811057
-21012070
-24065621
-11629488
-15886882
-10832329
-6573139
-6369402
-2327171
-1814868
-6257860
-12255274
-12854813
-18451359
-7046249
860533
-27059975
-12865572
-1468419
-19173767
-2718333
-24066167
-3684522
-4435240
-6632877
-8881398
-3748857
-8374056
-16026043
-7119622
-6420643
-5906283
-20420332
-27754554
-12895291
-15193058
-2659730
-5964146
-16637000
-29465882
-7035839
-22432264
-5129892
-7970801
-7189028
-17487675
-8965503
-21505137
-437147
-27876180
-13371704
-5102276
-11524549
-9974745
-23598473
-514571
-28823188
-8186955
-23705333
-8308453
-1203722
-11323983
-29521391
-23408321
-11239244
-1626683
-910153
-5138450
-29573393
-979131
-20958365
-579064
-26903242
125932
-6495648
-10713385
-3775515
-10889230
-11931255
-15407681
-1985812
-6154409
-4219288
-3995240
-12548892
-26371030
-13204427
-13926754
-2985385
-22090597
-3379659
-1463119
-2311557
-4377590
-15309484
-27052543
-938974
-16792824
-19143969
-601523
-7819409
-87034
-7678973
-15925415
-10899170
-14990098
-4842212
-1848272
-23748850
-3111691
-14459294
-11553731
-5076861
-2394893
-21350916
-18220492
-6702501
-13101018
-25140083
-13110791
-400443
-281467
-10670392
-20506799
203179
-51127
-14968741
-11922709
-16834074
-13683727
-15448376
-30200801
-4188804
-18174372
-25953116
-2226896
-7363099
-2252390
-15548312
-27022296
-139126
-25348167
-13394679
-10920497
-3271945
-25977492
-4562742
-1814299
-19731209
-12096477
-1232295
1596584
-10696266
-13103817
-641759
-6865344
-21082575
-1504191
-26344336
-21752748
-29796534
-6511000
-22417386
-1515475
-4145563
1674623
-2418787
-19719509
-15461364
-17019698
-1519110
137538
-192457
-12702860
-19617035
-23125284
-23423075
278608
-3908329
-12120742
-3482771
-23521242
-13971329
-26372028
-5581130
-24789818
-11244568
-26652657
-15884823
-7235165
-2969834
-13919317
-11878400
-24391961
-11282849
-1795623
-3588713
-1074505
-5034584
-12807414
-10400828
-13401182
-15761863
-13197456
-4504957
-22016682
-2992887
-545703
-17943814
-13800141
-10890166
-11306834
-14699121
-21592308
-23644135
-7512346
-23582401
-9428503
-7391755
-5648240
-19432269
-23026059
-2196580
-7490299
-2375131
-7119239
-1227394
-1007401
-25543396
-13687198
-11140154
-2325418
-9874150
-109951
-22118407
-13587916
338237
-23087988
-19507632
-4932416
-13185956
-10704249
-18945987
-11462329
-8093642
-15051227
-26009633
-13747903
-19771079
-11771249
-25719409
-15548468
-5767213
-11474448
-22083292
-12196854
-7120984
-12224777
-2932417
-25149839
-15746915
-8345858
-425615
-9483512
-1861632
-20247805
-915221
-14026623
-23034985
616835
-12370871
-3544351
-24191892
-962990
-14766580
-5047189
-15846798
-5037503
-325447
-13387784
-19868536
-3660296
-14592646
-3665873
34579
-24372248
-13228852
-26367371
-28617526
-10556646
-24575795
-14933529
-9316337
-15815850
-14597056
-9563378
-4039091
-15126525
-10336795
-14696683
-26118603
-14601037
-12724219
-28035407
1438942
94175
-12268786
-23518555
-5415283
-23731668
-25563277
-12792307
-14597749
-14851388
-18533953
-11091988
-5121540
-1305940
-11520666
-916577
-14896906
-5133731
-20089230
-1278647
-21256659
-1653794
-2145357
-20158851
-15202367
-1999740
-19785343
-4874247
-957572
-25018181
-14145488
-3098217
-12972300
-5947351
-2462706
-15038761
-12360001
-895185
-19699805
-12591841
-4869542
-12352103
-6081426
-25640412
-15002155
-19262510
-3062906
-17599213
-15625109
-27913926
-12572722
-4064094
-11936956
-5941549
-26755712
371609
1391692
-7721687
-6808487
-4659022
-20902679
-4023992
-3208189
-22408862
-21801982
-3268761
-26215008
-19245279
-26956432
-13245883
-2492271
-369993
-2692150
-2761162
-20081366
-9559858
-15851556
-5242442
70391
-14181468
-972861
-22467932
-16684136
-10987936
-9669264
-3002604
-18797150
-12253449
-4304217
-7555938
-3975569
-6135427
-4282267
-17022765
-9072008
-588439
-20878645
-12836665
-18737323
-19520169
-4605472
-2649176
-9821101
-23936713
-1258706
910681
-12261350
-8548537
-22463828
-4144946
-11881872
-13845531
-16279745
-25620630
-115004
-1486300
-18847050
-25603928
-20965709
-14148460
-1008493
-16787047
-15921280
-14125231
-11016010
-13852441
-7169321
-26114864
-3992484
-9064587
-11867196
-12632826
-2580987
-1875115
-23013168
-26629496
133156
-13649587
-6446158
-27200068
-8496730
-1197298
-7505980
-16019387
387085
-10744069
-5708521
-7026732
2598283
-906659
-19444902
-18166973
-20763565
-5754433
-12286215
-1907139
-9986391
-13562616
-275639
-22067709
-16847518
-3364256
-28386680
-23354055
-14347611
-12961490
-20419719
792192
-5930423
-12859467
2627560
-27928052
-7205031
-13134256
-19585123
-24172014
-5584116
-6411808
-9486572
-3027318
-29146622
-7121567
-12445165
-6607505
-24860523
-1476033
-10570660
-19928468
-10845282
-12968968
-9664836
-24145806
90705
-3436395
-13940703
-3261062
-24436413
-7462304
-6918622
-3118024
-12443514
-2103046
-29348208
-138916
-16125796
-1070661
-13122679
-26803664
-12769145
-2678525
-7920276
-18621160
-23158608
-20822481
-7525130
-10141374
-14086813
-339466
-24346240
-1349837
-1407040
-1629286
-11751543
-12247935
-16502253
-2932188
-26438743
-8997215
-13524819
-26290092
-1400407
-3801149
-16514744
-26305903
-10577498
-18847296
-21918213
-26140887
-24532965
-19894763
-140328
-14116266
-25088979
-3476754
-8333439
-2107710
-15673434
-64087
-8804375
-16874981
-1202116
-9205533
-2077505
-1647541
319382
-11880327
-19750759
-14309513
-11362609
-20548616
-27310897
-22239939
-13747616
-19112121
-2963878
-21221065
-7864112
-5376023
-11455088
-11548836
-18519290
-214638
-2603045
-930757
-11938201
-18230998
770624
-1073359
-14367621
-15901066
-12454317
-4850518
-14067619
-10655816
-370982
-7476529
-25129265
-22337223
-2192976
-20758993
-915414
-11041779
-26932474
-27065119
-2504050
-9936980
-4137293
-21921819
287614
-1632234
-27773936
-3181858
-27192095
-3627896
-2518850
-6421153
-1487623
-2375267
-23618362
-14633715
-19930225
-739788
-4529133
-23247995
-25742688
-6945156
-1246682
-5673095
-28623342
-14330068
-4427180
-523620
-4794838
-5971784
-10496550
-3719729
-26487081
-7924595
1046260
-22850810
-4407897
-7552498
-20497968
-5097977
-26282350
-14735430
-1817537
-24359935
-24646177
-24172192
-7524072
-9087971
-12392517
-13425774
-12920520
-15303292
-203920
-1650807
-6287598
-690026
-25076477
-11706447
-15935010
-889296
-2779270
-8200260
-18771700
-26887375
-9948165
-2480070
-17668938
-25528694
-12505467
-2802785
-14204247
-29629188
1525397
-13242329
-12831909
-9756287
-18265884
-17007385
-17496468
-25635474
413405
-1450286
-4255211
-1653681
-6242309
-20278420
-12184377
-4717517
-29702579
-18541073
-14664545
-27566970
-4892593
-11368222
-21036407
-7012589
-21709359
-15411750
-748465
-92474
-20624280
-6634166
-13314222
-3220681
-2010650
-12152645
-441787
-29250334
-24312864
-12197972
-3606765
-6419543
-2997030
-23778187
-11108675
631358
-15504416
-2002035
-7260354
-10928040
-7013100
-188204
-14876930
-7831024
-22026361
-22160464
-6956823
-16784218
-2435912
-27683549
-12298648
-5383790
-12999293
-13633864
-9391236
-22729360
-10681333
-15023973
-928461
-6231788
-8864646
-11555432
-27768458
-3386741
-4737891
-2063182
-9522124
-23918351
-24608849
-9646405
-6249075
-25795821
-1482002
-1156069
-47920
-11286424
-11665107
-2829315
-22259413
-1461115
-166003
318323
-4979996
-11309115
-26368503
-13172088
-947919
-7152303
-4651782
-15957494
-18221530
-6155552
-5151203
-16945715
-4027351
-14288694
-13257104
-2923810
-23771419
1121629
-18876337
-23578656
-23248382
-24811142
-12226108
-95083
-4234236
-25517885
-7291513
-22455075
-13002953
-15962816
408776
-1698567
-24451836
-1943269
-1118682
-8556062
-25584609
-16980305
-18124772
-17196189
-15570096
-25367711
-778431
-28503607
-788363
-10073206
-5883103
-19221628
-15291510
-8037351
-1940338
-9691744
-3656522
-1109364
243379
-26635523
-12542176
-1168098
-21360824
-3539845
-9269746
-7129769
-6161797
-18751373
-12987517
-26742146
-14163161
-564898
-10834477
-26209369
-16167310
-13113523
-4338157
-12108347
-15429818
-27918226
501550
-12781809
-14396194
-10119022
-9627480
-19520766
-151851
-26141024
-2500464
-24980781
-19285849
-1435890
-14278655
-1432966
-28258178
-9795196
-26535897
-986417
-16462511
-4749975
-1187536
-11406326
-12597145
-4256771
-27566200
-4277827
-3269762
-26925130
-13242938
-12944472
-4247906
-7436661
-27342854
-2872033
-2929254
-18246960
-13054998
-13095509
-28316747
269976
-11025123
-2571463
-11909935
-23388411
-12648670
-25311366
-14027104
-14195595
-14227464
-3191312
-12025188
-5680451
-8009235
-14380759
-2613706
-138300
-715748
-22394206
-16361452
-11429953
-28401118
-12728756
-4184364
-1610398
-30284651
-7277591
-15084984
-23354889
-23334613
-25826862
-10421456
-694616
-706786
-7894666
-2987460
-5237256
-921541
-2112873
-12922918
-7063845
-20588094
-2708420
-27550916
-14418213
-23554411
-2174173
-26991955
-24271069
-18771136
-9737747
-12104668
-10833185
-13067838
-14608414
-1144273
-1994014
-27021266
-3201641
-12519698
-23496956
-3506848
-19214373
-2013612
-23277068
-7010360
-338422
-11658439
422427
-17846098
-6526062
-25882556
-19245321
-7440661
-4471543
-12649622
-518318
-4483983
-7658314
-4077569
-2241388
-15588421
-1754392
-1728446
-23681953
-1823455
-6254202
-9822967
-13716863
-13681136
-14158622
-605940
-15049410
-28005897
80328
-19558137
-3108094
972121
-12461074
-7367053
-4992882
-12174140
-11714163
-5982239
-23855200
1424706
-610128
-12445753
-8105037
-1944234
-14359286
-2635353
-28527867
-9321025
-10962533
-16321472
-28999783
-1072256
-23328305
1125199
-19301222
-25705304
-11621981
-1115710
-23702248
-18874861
-5755956
-5683519
-12022641
-998008
-269872
-1361359
-6209234
-9907166
-279732
-26813066
-2483026
-10662937
-14342198
-25062567
-11798083
-21624909
-5031742
-24093396
-3094448
-734665
-2691945
-11907450
-2852729
-24625038
-1766311
-3832407
-11525470
-24940578
-22227579
-26074985
-4260116
-6019524
-12180310
-15338496
-28145718
-27934338
-406276
-2328306
-21503976
-14985891
-1402148
-474717
-8342084
-14541676
-10333413
-2211312
-9166511
-26714172
-22878548
-12409230
-4749945
-11531138
-7953073
10239
-798064
-23573183
794390
-5785388
45409
-2524284
-12958877
-14900413
-1896973
-22776882
-8103879
-22156080
-12051631
-5090163
-1148383
-1336653
-10831449
-29723061
-26868927
-26194544
-24349683
-5843102
-3462384
-8282974
-1939043
-8620856
-13210360
-1720048
-343046
-7603519
-6649618
-3920210
-27598464
-12845368
-15035380
-26560128
-6129544
-10103960
-14304472
-19123609
-5275478
-23024541
-12272374
-6406530
-1638011
-21843061
-7212971
-5405266
-18478140
-25276753
-1606738
-576301
-29231277
-14925780
-1943286
-25093044
-2635691
-23762673
-13531466
-6961857
-19325747
604336
-19920496
-1650363
-7000096
-918211
-22884509
-8739266
-5906965
-24510334
-17647276
-27534830
-13554544
-15116144
-19837801
-21391485
-11005978
-11545620
-10852413
-13386157
-24859114
-6365258
-12269237
-2230470
-7529247
445972
-3305120
-20840291
-22393255
-26272982
-6741068
-5216779
-1650687
-19699300
-15913444
-27962068
-14768242
-24474930
-21599058
-43991
-8579413
-1467856
-20996307
-6931199
-27276673
-26820938
-2127478
-11842061
-1415899
-21706976
-26035018
227624
-19211358
-18889679
-27211650
-7775438
-27443839
-17150172
-26965282
-13539136
-29238380
-25137794
-22694194
-402428
1484570
-24170096
-2330704
-13518284
-1574406
-1927841
-14661164
-3951355
-8555103
-17924454
595661
-27487208
-27550070
-14031776
-22910503
-22825985
-6548828
-6760052
134216
-31058400
-7631087
-26125796
-2727272
-2032989
-16990497
-18846698
-17470014
-29785229
-2317983
-11913808
-4124847
-9153927
-79421
-12040264
-6907631
-18740926
-13636902
-1644343
-1301124
-2225282
-1046992
226782
-15175749
-5088618
-28572460
-14357900
-26278116
-3124457
-15683077
-1291061
-23296799
-26820024
-56090
-29532992
-12855015
-2571508
-9367430
-13296547
-22316172
-716890
41224
-9513935
-6534673
-13614841
-4483677
-16089776
-20517575
-10671919
-11820031
-21926221
-22936835
-19475257
-13244386
-22944470
-13336213
-834080
-2480368
-13694898
-470004
-24981224
-19116023
-5282603
-12656365
-2900108
-3848671
-23341109
-2481826
-27338413
50750
-19700335
-14145887
-2401260
-1012683
-28487622
-28569741
-7815508
-1913811
-6813957
-7893927
-19252111
-12958337
-6996646
-26805727
-19914840
-23206824
-24052255
-1104525
-1235025
-3998574
-18409554
-1569061
-1696645
-14895921
-2118333
81853
-20428104
-3847440
-4763359
71650
-11523670
-25643565
-13528000
-19939839
-29256513
-13393838
-13534130
-880282
-25768333
-129325
-20153412
-25921914
-27131988
-17180610
-2009576
-3154371
-13644269
-324110
-23958243
-184245
-32540
-28679415
-13318217
-8886538
407495
-2902018
-22577739
-12289087
-2366418
-21337287
-5252956
-12110316
-354860
-7342281
-1970316
-2487436
-23167053
-4851767
-266012
-527058
239410
-8267583
-19153228
-1812304
-25520377
-21731258
-16995443
-11932800
-8424951
-11732085
-9724359
-15633773
-2590743
-2572697
-11978971
-8139446
-13482634
-1469280
-23749955
-6662294
-2272892
-23158831
-5018789
-570671
-9164862
-16413263
-14668777
-4020358
-26713128
-13782342
-9236937
1307757
-561055
-12705054
-2383936
-909854
-12314938
-24064241
-3643780
-5121215
-2235870
-23456781
-571463
-5332948
-19251290
-12686785
-2576302
-13301578
-13772200
-11153996
-1655109
-4824900
-13352770
-28209941
-28278723
-25419275
-11092414
-4831780
42718
-13764583
-4004137
-3362729
-12054632
-425713
-2826367
-12247488
-9209079
-7304855
135332
-27272111
-20519812
-14758904
-8082524
1513895
-13973792
-19286525
-1820189
-15161811
-6918756
-12549869
-9337480
-6205580
-17148249
-4422713
-23119280
-28747122
-8647119
-1486454
-18939018
-19274171
-2632703
-6175132
-12483095
-7950334
-3485161
-25210068
-21115557
-13417707
-5369745
-23361250
-6126684
-2975575
-24382101
-19923593
-1597673
-26657892
-27878251
-824419
-20974365
-4692266
-18683714
-12844558
-12487558
-9145879
-23536049
-15689441
-6276017
-2012604
-10804447
-10058269
-7312213
-2216935
-18836939
-24994154
-984513
-4680224
-16881300
-5912662
-17236742
-20282567
-9866436
-2275126
-1928319
-19310871
-5917066
-12529029
-2638814
-1141278
-13494685
-15039260
-1442052
-4414868
-1403532
-6381186
-12710037
-25974529
-2650411
-3853450
-26061008
1422833
-3927882
-15060348
-10122435
-2500544
-23115021
-19654608
-22339547
-18604443
-15764960
-1738916
-10887149
-12631472
-3743195
-2300644
-7326985
-24439220
-653252
-377130
-16855116
-5938251
-6914173
-20418804
211562
-14973180
-20317536
-1943605
-1195077
-13266336
1358404
-3967900
-23874260
-865081
-494311
-24863392
601555
-3142855
-5526198
-13312425
-21973327
-942017
-13884793
2543184
-16197855
-5468455
-902742
-6951267
-1302127
-2586004
-10108745
-3951293
-5061307
-18705463
-2257858
-14146920
-24770527
-12810608
-1715441
-6018166
-8765501
-10193660
-859240
-21260499
-16123319
-6016760
-2323717
-15854819
-4024758
-8684647
-12600905
-1186568
-27158813
-10267267
-17668071
-3756843
-8601991
-8096950
-5878843
-2324288
-16337475
-10414592
-2700331
-11685189
-390737
-25146097
-27536578
-10987180
-26390868
-18769323
231354
-25007841
-6745563
-4346745
-15472510
-97426
-11315843
-12109452
-11736593
-2521451
-4322995
-19123169
-16641008
-978156
-12068817
-18578441
-5284534
-2082984
-2910685
-3893232
-24806205
-13112695
-4231684
-8804115
-8224924
-14350767
-15565822
-15746818
-29807832
-12674909
-2342797
-6730449
-14435349
-26513305
-11349584
-26407537
-27323417
-23173320
-2019230
-15860275
-20193384
-8636683
590410
-2728447
-7087995
-12768282
-7209603
-2016012
-2326421
-26208800
-11728703
-6027773
-21778117
-10001327
-1901119
-12827586
-19420357
-139784
-2822592
-8790457
-2786485
-2140474
-7327432
-1371755
-27623260
-12496277
-25284072
-5854004
-9426987
-24898833
-12743060
-6443471
-15641916
-2610951
-2165434
-11003570
-8997273
-5131212
-13122460
-11703022
-2292688
-15854417
-7554596
-18035162
-8834247
-7211723
-4421072
-14622279
-2483339
-21679667
-10528353
858010
-9113703
-6996439
-2062933
-24239231
-14931461
-29735218
-8831567
-14009286
-18344816
-27593720
-21526974
-4212350
-252303
-14230307
-11546723
-3357226
-28433125
-16308114
261316
-18089444
-6445765
-4921564
-21294522
-6609872
-23628287
-13209974
-414954
-14580729
-27579509
-28415442
-24561874
-14278111
-4879810
-1670956
-24972501
-852206
-1800528
-13756529
-13982941
-5853670
-25134677
-7946996
-6317065
-3242071
-2374422
-23578770
-12665531
-9668996
839060
-13639218
-1970932
-25038712
-12010017
-1169108
-5894174
-8520741
-29762861
-4514182
-22147600
-2075158
-27809419
-2245396
-1165819
-13580340
-5329537
-6716040
-6008317
-8840104
-25633491
-13911109
-3906299
-4901373
-13529693
-13502640
-5571759
-11467008
-2238624
-13182245
-51461
-9465427
-8453008
-23894006
-6994787
-8185264
-3376534
-9789582
-1299138
-26854846
-6412990
-10022917
-13951490
-2800131
-2737060
-20290452
-11510797
-12023172
-7383132
476556
-1657773
-11244852
-1889526
-2164358
-23011442
-11047560
-12228968
-21219010
-5568554
-27220026
-25756710
-21692015
-6254824
-13839451
-3349358
-3627464
-5460734
-15838104
101552
-4274547
-22542710
-17239341
-17276389
-14875239
1983599
-3804760
-25337848
960419
-5910846
-4016936
-22037171
-8040515
-24757904
-8242357
-24149345
-15281072
-21471912
-6411471
1116279
-6686078
828975
-4929438
-11612617
-15199188
-2183183
-1286707
-26485474
-23484704
-11414937
-994926
-8166210
-15937494
-602026
-26319178
-8367832
-13450213
-21758309
604202
-8354341
-1279043
-5510872
-5384587
-12391546
-19279424
-650542
190155
-16509321
-10924971
-23358342
-217178
-894658
-5789045
141655
769500
-8347071
-3866672
-12422384
-15480739
-9765248
-23490922
305855
-23255672
-15413392
-11465407
-11493314
-3909282
-17401944
-26370307
-6078941
-9109051
-7508201
-21029360
-3348177
-2073515
-4746064
-29280239
-11137559
-7570447
38141
-22138272
-3210980
-7654487
-491790
-13387200
-1266283
-21004110
-3056004
-24614182
-6068539
-20859914
-23238156
-10334875
18875
-1953939
-4119997
-15848192
-7039039
-1839087
-24398653
-27995219
-2024073
-24545409
1300515
-5889677
-454360
370078
-23600104
-19985086
-22564687
-9602266
-18042331
-24922175
-26303409
-23271222
-8793634
1729933
-987543
-432182
-16097141
-27330030
-13029853
-3092012
-22050476
-4523822
-11629659
-914960
-667052
-8146683
-28749901
-7257851
-21339699
-25377524
430516
-26199436
-14330215
-10730676
-278798
-13482121
-21329419
-25726565
-3729364
-4009902
203329
-7045034
-6461345
-13181349
-8697920
-2353826
-26004865
-4512364
-18197747
-6464153
863509
-19765776
-17142028
-3577375
-16322751
-16507587
-7053995
-2952625
-7945933
-1905897
-25358949
-28648169
-19941898
-402501
-12304046
-1040166
-972016
-9790772
-11151829
-24375263
-5208150
-22387371
-2617788
-19027707
-2978001
-1509279
-2954128
-25520197
-14108999
-12117045
-16998439
-12565108
-19474123
-1021334
-1826244
-14599145
-25841040
-21184353
-13903138
569843
-2301327
-12001424
-14253574
-7896346
-19501607
-30294445
-25789795
-756826
-17676120
-318664
-11683602
-2674884
-7682704
-26789098
-11180991
-7404622
-3416856
-7433289
-25245736
-13612592
-11454996
-2281955
-19102892
-27866642
-25171109
-24894907
-12584574
-10099651
-20067391
-16574063
-25288627
-101419
-22766856
-5468499
-1808934
-11999554
-2469780
-5061310
-12730211
-11823987
-25731181
-45254
-12605854
-12220377
-2853926
1142559
-3070434
-118417
-13041421
-21488728
-14530560
-14620488
-7390953
-7338440
-28807601
-3074551
-5408274
-7061390
-26423459
-7182525
-3194698
-23213803
-3911805
-6875247
-8583580
-15505947
-4451794
-13974325
-20502327
-28943549
-342023
-26514701
-12512913
2248121
-3588064
-11704521
-25067419
-19118246
-121248
-24126426
-13282166
-12034576
-5412017
-9309290
-7441254
-369768
-26231083
-6951904
-1692356
-4101523
-1033981
-9431753
-25915257
-6258238
-14660466
-15651528
1288549
-10232468
-1847235
-3122253
-24777585
-765815
-242817
-2097496
-667501
-14873844
-24048040
-23760220
-3092048
-18149022
-17598177
-6572763
-11867422
-23355369
-15780177
-16195921
-16530784
-727670
-4548631
-28712358
-6407567
-25143150
-16263117
-3438501
-8506760
-13690244
-18424828
-6741061
-1939417
-15602940
-3002442
-25340651
-15780849
-16106443
-16247481
-6109635
-14483118
-9910177
-12399563
243612
-605144
-15571957
-8780973
-26295464
-5917597
-14876490
-7819859
-25635401
-16696942
-16705538
-19387646
-22520590
-19630049
-14373364
-22965033
-13383585
-8952636
-27121372
-27956852
-4116534
-19089157
-12760555
-20719546
-5022001
-5294050
-28795850
-8202272
-15401432
-1160534
-10795809
-16926236
-16463215
-23109188
-25722650
-7926381
-14841411
-14949169
-10811396
-21700489
-1321208
-5722242
-3105945
-1124702
104017
-26685991
112041
-235529
-2085677
-13092824
-14588186
1720309
-1583619
469270
-2559465
-876381
-12295810
-6110580
-29805464
-2287111
-13486834
-15055332
-1715395
-2107086
-18528338
-16306038
212834
-16381940
-4593063
-24357933
-5291182
-28118750
-10855605
139282
-12660210
-26420274
216794
-6073597
-13560084
-23345753
-14365322
-4178752
-11479453
-398902
-2625130
-27276679
-685728
-16050943
-3817774
-11947625
-12312610
-14972522
-11275159
-4295150
-8610412
-10670139
-23598378
-5107516
-24629557
770965
-10072573
-2836082
-2490438
-11601019
-14371885
-16795723
-12640109
-29626070
-27297297
-8500572
-2413829
-8166696
67734
-8856778
-6696194
-1154048
-15397959
-2767163
-14240780
-3206755
-17649695
-3972850
258004
-5912749
-24417021
-26080200
-3267276
-13230746
-9401494
-15446666
-2607861
-17147808
-21332084
-8067718
-4298356
-6070243
-1301091
-26422933
-6429501
-10063561
-5437828
-12802218
-13153037
1018522
-22177641
-10456303
-13851720
-2397163
-13686112
-24194214
-22829167
-7818405
-8824385
-8231701
-13472488
-15237612
-4730063
-409945
-12712889
-2317176
-11804664
-23230224
-6439924
547843
-4551880
-13666356
-11722815
-23779497
-25932281
-18361316
-15037259
-24332091
-12139631
-12315148
-1015341
-7635706
-24406597
-16343130
-11629509
-26853150
-13502168
-12725101
-11367236
-9626658
-5178498
-18311845
-10544248
-13147
-13763851
-199560
-3725085
-13397690
-10743940
-21384163
-28466207
-11314127
114434
-11394143
-15894033
-24211268
-881754
-929246
-15707504
-7476784
542219
-3112140
-7081564
-14510845
-20152373
-1886567
952725
-800170
-15148563
-14484400
-3674165
-30532
-7463244
-29538217
-8806156
-15241277
-23715175
-10943864
-1653100
-27835471
-3809394
-5411590
-13425694
1196097
-24252733
-1842863
-3951045
-14639078
-27082737
-707134
-8831750
-14285736
-13905977
-2803284
-9963888
-2936412
-13780923
-4889229
-9581912
-5957985
-7303362
-1756311
-464124
-11365312
-24371003
-3224679
-21296196
-15603967
-14202935
-16854265
-1542907
-28689777
-17115117
-4041203
-11692272
-2320180
-1745154
-23784579
-9635147
-21843545
-14674307
-5045992
-14383578
-13675119
-3275173
-10661671
-3042822
-11331511
-624070
-2932710
-20162397
-902365
-4649072
-6213004
-5560550
-9495405
-7733140
-2547712
613759
-2334705
-15824190
-26491473
-4665951
-11456017
-24718519
-10003132
-13949133
-23192729
-12952261
-12176948
-12564661
-7005806
-12671085
-16019665
-11837190
-20638508
-19880092
-3875638
-25764798
-10953217
-25907003
-27064627
1462
-15586089
-21252060
-26195606
-5831220
176651
-16469575
-12534500
-5854910
-810413
-11793325
-242975
-340571
-766635
-11364681
-19567176
-21104154
-2321188
-419013
181611
-12873162
-536014
-301854
-4114616
-4862986
-12918115
-13039266
-11510239
-8260322
-4894373
-851060
-7145314
-10070068
-10134459
-27638049
-13359231
-2333787
-9647391
-12925254
-21769581
-12990763
-19609138
-18181722
-14921380
-11521748
-307631
-6454072
-9590717
-21469050
-22180972
-17552235
-16162671
-22483207
-16955033
-5653173
-26136051
-12003794
-5943021
-2746855
-2095946
-23872667
-10468316
-27534497
-10555692
-26262225
-28942293
-21011575
-12421792
-25239531
-19995913
-19517210
-2288066
-22226894
204386
-10414645
-25659151
-28733173
-6232443
-17390145
-25991080
-4513007
-14477661
-10649708
-16693781
-12381528
-1730737
860404
-19973549
-5007177
-6016721
-1405729
-12874055
-1335916
-7509599
-6967226
-8497043
-4259324
-29596774
-21302291
-11869336
-14871217
-18347654
-18337713
-8626275
-27493111
-4943528
-13427288
-3172951
-2649349
-12672136
-19351263
-7436525
-2654758
-27079542
-16886364
-9961120
-7032092
-11194331
-9131088
-16656741
-19435851
-14092051
-12481384
-6181798
-530144
-3328155
-7405478
80210
-16779383
-10616653
-28862389
-26519201
-9901747
-21568372
-19300073
-543692
-731762
-6893471
-4283839
-11265409
-25297664
-22689130
-3361758
-18367342
-26313525
-20378545
-17060629
-23769258
-25598701
-21771166
-13370644
-14422796
-11176903
646372
-393582
-12099325
-1589591
-20689625
-2508010
-12997476
-20453586
-9052405
-1250795
-1241617
-2807827
-18870558
-7934400
-5694041
-21266993
-28576836
-1718285
-1173448
211972
-12818985
-8562266
-1302745
-10900819
263874
-19068275
-8244069
-20988536
-4718632
217242
-18554156
-25483238
-24452218
-619727
-19096287
-2251942
-700443
-18186773
-7753235
-12651069
-3874564
-14873809
-17693101
-18309457
-7980184
-18515227
-23564728
-19297780
-16769346
-26473280
-1326854
-24284320
-23602317
-24275961
-19908483
-24939079
-27577286
-3320402
-19783245
-10096573
-12030479
-24879302
-21272760
-8976063
-4800654
-22505564
-1343262
-5212831
-5233869
-14603585
-15685946
-10615653
-4549744
-5779232
-12385718
-5859522
-25820895
-12914720
-13803196
-2273318
-13644991
-4676204
-16257054
-14204007
-5443780
-16183674
-6607622
-655575
-18957515
-1018655
-6545647
-24801411
-30128550
-22804889
-6313706
-3029032
-11607191
-3993070
-5203036
-10790892
-3215299
-16282187
-26483274
-11969152
-29375577
-17448660
-24226223
-22249133
-26666838
-16206176
-14235038
-12338428
-26863098
-100862
-22977174
-4368129
-2263847
-18923171
-5140581
-15866726
-548950
-11278409
-793630
-17119969
-1276738
-26117903
-10374422
-877762
-12880262
-12199667
-10771920
-3257712
-2342035
-4235101
-3420059
-12203119
-84139
-26307639
-27222778
-1764077
-10496702
-1488569
-12208797
-3056502
-2345446
-14315697
-1140554
-13091790
-15785014
-4061868
-16183012
-21868430
-10954857
-10451775
-6895662
-18387659
-16915827
-26654387
-6217391
-27650356
-1928665
-6887199
-1292737
-992853
-7243909
-8420845
-391233
-1700592
-15606875
-14918745
-7805887
-22830425
-25200232
-18796486
-6491551
-16898833
-1467783
-15294426
-12922016
-26992697
-8731134
-337992
-13591818
-3548656
-3251299
-24569614
-9799430
-1632137
-6065264
-15799328
-6253379
-2761769
-13310895
-12529039
686793
-9982141
-2319856
-3264713
-11654624
-7153112
-10201786
-2127960
-575935
-977214
-22664913
-26055606
-995724
-13855358
-1422753
-10624010
-19145358
-3834528
-11875652
-28282793
-3877636
-3746294
-8409785
-20157875
-1848342
-28897854
-4484119
-11524029
-12820036
-17523330
-28510785
-1473705
-13564619
-13963417
-932233
-23785517
-3131928
-2969386
2986330
-29384844
-23689190
-9616952
-1259731
-16244127
-19273017
-10828114
-16330281
-10313949
-12417749
-25218718
-13485892
-15165087
-799198
-6367672
-1007418
-9766330
218782
-13356007
-1468227
-11611296
-7107489
-17906695
-4979202
-5779821
-3578198
-10451171
-17299325
-14995036
-20627849
-6088070
-21998640
-7430231
-10777236
-615077
-22023004
-9647609
-19213184
-16910619
1890520
-2769780
-17761146
722733
-12903690
-222816
-27428097
-3669612
-18897781
-26668633
-9359500
-643138
-13956103
-379595
-26593464
-22904008
-10376951
-28593782
-11926832
260952
-13459148
-1553655
-11961638
-1541907
-10092424
-14303072
-9646877
-12622497
-20374182
-17142818
-22126282
-4790106
-20783712
-13770909
-14500493
2074210
-7017101
-3270735
-23877915
-14570907
-11897169
-1228721
-18484716
-1140701
-9518359
-18252740
-5376036
-13140847
-11885173
-47168
-20485494
-16643129
-9783394
-27743545
-2186448
-16976865
-14819374
-3139160
57312
-1179437
-3773773
-8274153
-25042142
-21062568
-25235005
-27419149
-12803427
-25093756
-19347712
-3558141
351214
-11014831
-5450690
-21491892
-5813191
-16710209
-5691150
329359
-5101466
-21393688
-25450970
-13610972
-26224253
-22207396
-14724809
-3245301
-21961578
-8452478
-11171307
-5655117
-6662366
-25887809
-15191020
-7585395
-7945509
712808
-11797730
-13774981
-1302200
-707398
-331062
-15048788
-7047907
-18344753
-18845576
-18654443
-21781767
-25825638
-23913729
-11771632
-8380744
-13766676
-13685198
-26483587
281457
-27046559
-11274986
-4553872
-7912684
-7316392
-29324498
-18900853
-7901371
-13950182
-3027340
-1066791
-6277924
-6567473
-2806314
-11074495
-4427742
-21193001
-514877
-16699490
-16707409
-17080392
-9696581
-13325275
-12150881
-15780344
-24744723
-13492555
-10580303
-12115952
-15520217
-349651
-799436
-7738968
-2699925
-8184382
-8320185
-26674609
-8455320
-1987149
-12744559
-1730283
-13566569
-6389933
-7361705
-1291787
-17977480
-6726619
-19814267
-14834046
-7423976
-11096346
-22491358
-5934853
-7214411
-1413638
-3434921
-20541300
-11498132
-1901957
-2142626
-4721568
-25467404
-23640199
-17389596
-3868662
-30405965
-6301652
1005464
-24767946
-8606660
-1913325
-13337122
-976895
-531464
-7507799
-10399452
-19652954
-6482830
-15654180
-1547537
-10912842
-632066
-19142331
-11241987
-25891875
1146735
-20931603
-22462822
-6025067
-91260
-1792323
-17491348
-17293501
-1880861
-11171334
-12904423
-14354452
-5686762
-24414991
-206669
190071
105799
-2706224
-18442999
-10747678
-25386499
-10043168
-8438871
-10032497
-2439250
-4881455
-874099
-16004612
-9352207
-3473836
-9210571
-26354480
-7709535
-3080641
-25867960
-17151138
-11398989
-19255278
-273604
-5251056
-29222775
-14000237
-348608
-22839917
268527
-22710629
-4089228
-13139725
-371197
-3808438
-4213966
-2277599
-8167138
-6768437
-19224365
-21224667
-25181825
-723379
-23433542
-8081103
-3949394
-9841410
-24806407
-28218463
-8629771
-8997365
-871040
-3981196
-12950192
-6294582
-26223489
-7997170
-8234160
-13630743
-5787858
-11193992
-5763665
-12768878
-24317945
-24123571
-26900378
606987
-4707748
-1674378
-293425
-25280674
-4226426
-10040111
-13081898
-13901979
-16544537
-22151941
-6699245
-12218064
-2884765
-11650087
-10108421
-17814433
-5165142
-9975224
-8528797
289638
-644188
-10494140
-23281760
-8950672
-2291889
-2079489
-13727059
-20810852
-9865060
-21214437
-23549570
-1073572
-23447223
-12786160
-1512271
-1060656
-10358533
-12732101
-7249102
636553
-14743748
278497
-13129620
-2645765
134048
-491352
-6388006
-6972816
-26420603
-1102483
922769
-16818237
-2405056
-6588534
-13673004
-7059567
-23754349
-13893771
-1319093
603925
-5638002
-4278108
-7728722
-4555892
1580684
-27608210
-16987385
-12234767
-5557689
-12201729
-4881069
-2930905
-5487159
-5462623
-4036853
-28205486
-14387478
-17336089
-10532301
-29816201
-18281742
-17677206
-6302901
-23544183
-1627165
-6191554
-9803833
-25276232
-72773
134723
-740203
-11468596
-285729
-12826007
-1190601
-835527
332655
-1653550
-10373266
-2628265
-25828142
-4673931
-26785235
-14305926
1402246
-16420938
-18650202
-911454
-11422143
-1372818
-705810
-16610228
-1965369
-28668192
-11195676
-868186
-14776136
-27306505
-13054807
-12495074
-10771160
-15866360
-11379295
-6182407
-28688947
-11531604
-16870710
-1637207
-2425059
-15067678
-4128456
-3587450
-10846947
-16616913
-2042929
-15430442
-9723526
-10494687
-11712727
-3782213
-27901158
-2146774
-12586458
-2021106
-227120
-21901767
-14423506
-1226234
-10582196
-5909212
-4723088
-7629584
-6835376
-9868921
-2545052
-24978204
-1883021
-1501383
-24240204
-9845464
-7634642
-1950628
-10515575
-3472007
-14961268
-4364067
-257362
-23344486
-21453560
-18675982
-520917
-13993767
-25389855
-23844013
-15533680
162776
-6795773
-13976792
-1239285
607527
6543
-878323
-25845414
-10648359
-17724083
-15894658
-3287540
-16234762
-20030889
-10717455
-7024704
-22642198
-11698614
-2797197
-2213724
-6629964
-5322571
-2077493
-7175392
-21940776
-17900810
-21180280
-23294450
502480
-24182116
-12465947
-9916239
-684260
-7492105
-15133697
-16712372
-11550481
-6055774
-6656156
463304
-15615156
-24262414
-10873867
-5763759
-2712407
-9925222
-721820
-3658187
-2440542
-14576874
-12777211
-3602702
-4918661
115798
-12407663
-2955547
-595338
-11056384
-13852483
-15285679
-10149556
731658
-25659497
-3600362
-6325648
-21693610
-6538466
-2225917
1000722
-15132516
-1341609
-608012
-6958014
715444
-8040238
-10130570
-13387691
-5977984
-7344630
-8309916
-5257196
-1263598
-16024961
-24938019
-4597767
-10919910
-11745833
-23429782
-18856151
-511671
1007226
-7157973
-20719788
-3151392
-14275169
-14415985
-960956
-2112297
-3440583
-21932175
-8450940
-2970745
-9469675
-8529092
-25066646
-13288821
-16954322
-22972406
-14043914
-12491610
-3078420
-7394562
-3469879
-570917
-15380681
-6412712
-12208919
-489319
209306
-13485743
-1142858
-2327549
-7525452
-17415406
-5340129
-737114
-24674560
-26053054
-405746
-1337073
-16229519
-20512792
-7814521
-1957078
-7046814
-19651065
-6622734
-1998672
-20860180
-9056131
-7157243
-3018866
-261042
-4302115
-4502943
-12739658
-1311971
-12134973
-25057036
-10270822
-1945070
503253
-25919639
-4379978
-14598267
-10967442
-6349944
-20502686
-29818638
-12596935
-26916157
-25241085
-27416986
-546191
-7744200
-20399523
-7382556
-18800765
-384161
-2284748
-10926469
-13798496
-12860819
-9276469
-6699289
-17034344
-20887565
-7804064
-11697481
-22576260
-22290909
-13013569
-9197603
-2972839
-2373346
-14988268
-569603
-12209969
669657
-7583475
-17290424
-20900487
-2591798
-9213235
686707
-16117337
-26478929
-11863934
-1859284
-10719011
-5249277
368094
-735499
-18625831
-19424541
-7948399
-9602192
-17569044
-3364912
-16832429
-24077749
-11023612
-11822943
-3654269
-17770374
-8655613
-25483258
-12727691
-357942
-18935951
-5133440
-13081605
-18205129
-33711
-25856108
-302642
-1896828
-7385676
-4290216
-13182175
-4255149
-8157316
-6968960
-16387550
-7023454
-1527551
-6640863
-1957963
-4898755
-17860713
-23995402
-6503631
-15133563
-8443345
-2690272
-20510721
-2820496
-3845044
-6324709
-5169342
-9160732
-12647778
-13692341
-13484319
-1620923
-23764511
-17709004
-27993176
-6317728
-24075579
-1867677
-9453215
-14203429
-5758099
-25840406
-11221581
-16991940
-6242907
-11999737
-21834724
-15512889
1655986
-14302315
-26277556
-9609431
-12103351
-2607719
-17486687
-10907852
-9347562
-21675049
-12646867
-8126202
-7750095
-12039255
-14877266
-4269258
-3879784
-25139893
-1577011
-1959978
-18969997
-11405171
-23795885
-5625684
-2696383
-9690548
-10531015
-18671289
-24619713
-3705072
-15439085
-18488376
-19674654
-1324713
-25299617
-18734277
-9863441
-21163561
-19827722
-6995776
-9033497
-23716251
-1312338
-24041014
-16741763
-20129244
-7775226
-7593156
-10197432
-16283495
-15663738
-6507336
-7934249
-13057261
-3406155
-23691600
-875099
-14819151
-2689526
-3665987
-129562
-13898411
-13702533
-1483218
-9124029
-18105108
-6693341
-25718009
-3556563
-12407042
-6879562
-2375384
-13475738
352539
-22725806
-11945968
-8514268
-29411747
-24884283
-14969768
-19043883
-12168920
-15334908
-5822356
-14287346
-20163120
-11092778
-26988902
-14062017
-20568076
-17062007
-21151138
-8933900
-30432408
-1699199
-8155061
433034
-3857559
-27898066
-12252887
-10382194
-8364857
-9835225
-1797497
-1128871
-24425606
-15269512
-17221010
-28760007
-2045636
-10938213
-5919812
-18406784
-23498303
1068794
-4884061
-1957042
-6596285
-2951264
-28696830
-21934393
-2311172
146895
-9919540
-4923785
-14491178
-22092678
-3289629
-24707345
-5787905
-14201323
-26162669
930706
-18921705
-17429372
-23844310
-8378187
-21170707
-13699549
-10920379
-11994187
-24108428
-7807595
-6148825
-1617395
-12069059
-1573553
-1071361
661364
-10598250
-25362010
-7730615
-14021452
-24780146
-15620541
-21147537
-302303
-6653103
-28110715
-12935599
-25943710
597150
-6676743
-16750937
-2316468
-9170911
-9048586
15169
-12865613
-24148126
192527
-25284336
-22007194
-6978047
-7638166
-12168936
-15446600
-26601496
-8357201
-18189915
-5264039
-11382721
-2523545
-1293257
-575950
-25619796
-1167762
-22102773
-29413161
1276980
-6954342
-4971474
-4087753
379946
-9773503
-22029553
-3279582
-21695869
-23726729
-7563456
-4391829
-3388969
-5258890
1315614
-3422195
-5133361
-11997305
-5346763
-22297313
-8001837
1726304
-1337233
-1163687
-26335886
-11609597
-22944490
-24571184
-1692065
-7125139
-5613924
-1606912
-7174394
1355136
-14092816
-14039709
-1060129
-258512
-3979082
-30533819
-23438954
-3972511
-26073120
-13494655
-13234811
-23200642
710863
24608
-5406987
-3064062
-24231528
-7452160
-16915616
-2148077
-23540991
-9884535
-12239209
-2036525
-23624256
-4519152
-16242843
-22960056
-22828974
-14953239
-11264845
-6051997
-26728856
-18646757
-3971255
-1287855
-15494026
-17006967
-407204
-11810969
-12684938
-27781842
-14318447
-11351826
-25902970
-13597561
-589592
-12794139
-25313315
-2345091
-5643301
-18888950
-17470123
-14246621
-8726269
-1144717
-5392370
-5351639
-2073059
-18930016
-4576889
-12165682
-17491137
-13788690
-12809324
-16391189
-13774282
-135371
-13324117
-73694
-25466535
1244827
-12958518
-1721529
-2779129
-464523
-514874
-9778907
-15820583
-22168980
-3118064
-17683628
-25115405
-13287656
-2243038
-4625469
-2250807
-13069938
-24803420
806237
-1151902
-7232983
-5435885
-18574334
-5043516
-25784503
-4000205
-26392947
-16582611
65746
-2464871
-19657136
-18080357
-18168594
-678074
-7103157
-13220023
1516712
-19529986
-21328294
623176
-16251484
-15290887
-14402551
-13296659
-18679606
-18092554
-879391
-7068847
-13567316
-19305076
-25834657
-16953607
-18136836
-56933
-8980671
-1896804
-2572166
-807422
-25925481
-5457813
-3123121
-5931259
-20590602
-2991409
-8657683
-26782362
-5952455
-1906452
-20866326
-18970028
-15491567
-24092990
-3049417
-8747582
-1637010
-22281381
-4284188
-27230779
-817472
-4058862
-21875310
-14886998
-3179368
-25884673
-30061465
-7923852
-15560766
-6543159
-21198823
-179437
-21250956
-21975199
-15648869
-13369427
-1661390
-2490361
-1052972
-477038
-22392604
-1196015
921635
-3816765
-19067406
-25702628
-26411237
-11173087
424211
112368
-4980228
-26034654
-5531282
-1020776
-9242912
-5838344
-18029444
-27562174
-71011
-1197792
-177816
-12277666
-26405530
-13600114
-11833056
-12287552
-18956474
-25927561
-17675449
-25713159
-17258226
-4709404
-112432
-13067885
-20826725
-17692564
-1484485
-28516127
-7916578
-10340673
-6073451
-7488615
-11194305
-10955677
-12281493
-26708006
-11138997
-12250101
-8193067
-18511033
-23131401
-14255380
513816
-3834798
-7506531
-1122340
-14331044
-7033510
-12841074
-24663420
-16792590
-24475918
-7835334
-17954723
-2568571
-28599197
-11040594
-8682040
-25661147
-4591673
803089
-906813
-26003288
-22288597
-14046900
-14106412
-316845
-12380068
-23796099
-9078451
-25355762
-11751769
1159780
-6851931
-24203033
-6101140
-11473365
-7199205
-7169690
-12259630
-26860212
-14154020
-20038346
-2896729
-25072354
-9729033
-12599350
-7556233
-10256253
-6507162
-15860783
-28324019
-5998762
-19301794
-20296289
-28682443
-24449720
-5736195
-4005357
-450787
-3011306
-25299760
-17035328
-12983961
-17683401
-15426939
-2076380
-28778325
-8662126
-13273293
-13807643
-20327716
-19902364
-16123599
-26334188
-7190192
-20075003
-20374570
-27523970
-6500143
-11131955
-24007696
-8755855
-16718805
-11391414
-18961399
-158229
-12751022
-13777810
-2113688
-2340423
-24827419
-1373600
-16376355
-10129609
-8014089
-29333206
-9918357
-12718298
-11037267
-616500
-4877544
-18137161
-16856248
-13708874
-5132880
-24012744
-3735744
-7106287
-19210837
-22431095
-5772061
-4323321
-5459092
-2335927
-12210081
-3062952
-1059758
-11617673
-63921
-14401224
-8284830
-7021463
-15905201
-1242170
-12244372
-6403167
-23216336
-238990
-380639
-15551877
-25231101
-19724851
-1150632
-2117950
-25686387
-13256606
-1426361
-24943101
-2759581
-5500650
-12884365
-17965613
-9854014
-26003627
-21996344
-4405804
-8700610
-2709749
-10973629
556718
-13397303
-26624219
-26046345
-7138357
-3442547
-6390310
-12044487
-24277499
-12878055
-9046164
-18845095
-2531161
-6587813
-1209857
-1170040
-2500071
-13396398
-9502241
-13495694
-17315371
-6674196
-17259812
-25336104
-11962677
-1101657
-13287063
-5845778
-21307320
-3641393
-24820739
-2537524
-687209
-12517808
623696
-25955781
-11312112
-4929595
-14558497
-1224075
-6820752
-520867
-6589840
-7296613
-8493745
-28298718
-22623582
-5835049
-4923483
-10468264
-3002865
-19948848
-17886830
-15847906
-8320403
-24847452
-23979179
-25208912
-11354018
-5006030
-15486711
-19013637
-2134195
-765722
-3966884
-12504960
-495745
-13326204
-5569732
-25043448
-25296841
-10147869
-10166917
-17140510
-6646496
-10389382
-599686
-2312594
-13098559
-2541378
-17767182
-8514475
-17488324
-4958048
-8723452
-24483325
-19882890
-966220
151978
-18036808
-19262931
-1134694
-6530971
-1121198
-23736646
-533671
-7400689
-650470
-14409558
-25775458
-9663075
-12989263
-24524589
-23071428
-29231559
-10408410
-19964415
-13464690
-22111654
-26322018
-3337384
-3687372
-5463439
-11635583
-3544976
-1350338
-13072049
-2351644
-26914590
-27116782
-10364064
-14000518
-4503108
-14232124
-10788479
-25733620
-12631311
-17541504
-14493203
-15856825
-19390635
-20104746
-10807968
-1826570
-13303218
-1616556
-637119
-24096325
-20187909
-1572952
-8196508
-6004542
-12774095
-19583483
-1744391
-2328801
-18279160
-13228035
-4955840
-26102868
-4478231
-5902169
-3675318
-12457098
-8419941
-17768369
-10699539
-706165
-20989193
290334
-18061088
-6240563
-1162986
-9610141
-14258481
-21712304
-4367208
-2491458
-374746
-23358005
-3853727
-5605636
-26776889
-342891
1737727
-839311
-2097535
-17132728
-13264897
-2850857
-11907911
-18160690
-2470872
-23352152
-18843959
-17538547
-30661746
-26719716
-25244129
1080245
-4234275
-11906456
-11611508
-2295433
-7095939
-14327307
-1539137
-7686586
-7095781
-3090559
-3142733
101074
-19060620
-27825105
-14251629
-3893745
-11269181
-4923284
56955
-10223534
-19116150
1444954
-21987567
-15526562
-23413416
-1586457
-706911
-2002635
-6469173
-24297350
-11595152
-22896762
-2020996
-27202424
-15438360
-27601081
-8019364
514483
-13623467
-15054170
-709117
-3131628
-12266099
-6032634
-406140
-13146502
-19271514
-11870168
-22770080
-329046
-3886113
-23432781
-2212886
-2729918
-28385172
-8969961
-22946912
-13851403
-27557895
-3970862
-13193593
-700475
-19573919
-17544796
-23227628
-18851401
-426892
-28415988
-1309312
-19863184
-7433412
-6241560
-13328787
-7268758
-9734874
2133135
-15685203
-17249131
-17685072
-11695827
-11867307
-9671768
-20915941
-21291213
-21360890
-19458128
-25044624
-21233873
-15859657
-26238271
-7814319
-1926146
-126308
-16198267
-5706451
-16602635
-14647794
-22938416
-3308128
-13982108
-14790043
-834709
-23609313
-4985763
-25594238
-18720765
-14456989
-516511
-7004560
-559919
-5491617
-26367363
-7754956
-26031551
-7541364
-22521887
-13113172
-2944160
-7281675
-7288603
-750314
-20649576
324737
-21378075
-8387549
-15106996
-21016613
-15561700
-3792196
-8003581
-25699287
-7456151
-2759691
-58946
649449
-13635427
-14148005
-6427122
-1353557
343779
-7307191
-25609825
557420
-5581555
-24430029
-27412598
-9531589
-11420962
-21393346
-14518672
-16868836
-15398050
-12151895
-12105447
-9580034
-24832126
-10006106
-11232157
-5866214
-12883986
-13450323
-7265898
-489402
-3671056
-26061913
-19574084
-16353532
-26564030
-5128437
-24599974
-2783385
-3921500
-24424296
-25403593
-18847931
-26096511
-23276121
-2327751
-20977256
-2588353
-1886883
-23858535
-28051232
-15292440
-3809761
-13190814
-11519033
-19372
-13154894
-16154660
-9658361
-7810432
-11924999
-5894510
-6817708
-1391819
-13258042
-2101290
-628380
-5068165
-13394165
-4903492
-8569510
-10687505
-21120986
-4376458
-1216511
-889107
-8334720
-4777376
-16620669
-12929959
17276
-26251882
-15258477
-27334160
-21100824
-12465307
-20643115
428249
-4016446
-2059552
-8208785
483497
-27382036
1266020
-15328398
-4156751
-10734176
-8282772
-174349
-9478390
-7431393
87412
-464726
-12908185
-21645984
-24096492
-13541181
-25926077
-2294862
-22015377
-23089082
-29047102
-26861837
-3145195
-13333170
-794451
-6117169
-11141219
-27677759
-9634390
-7087009
-4461483
-1100318
-13807280
-9063706
-978556
-13167075
-26784949
-12068324
-26868168
-15756671
-16371560
-9114315
-8065887
-3958173
-19295192
-997497
-262274
-3569292
-14408401
-7196511
-8513740
-13923790
-11382409
-20578175
-7092415
-27210804
-2131928
-11062039
-13659997
-4998456
-13116259
-9463944
-24651611
-2528558
130816
-1930305
1538919
-6166922
-3234887
-1638057
-8908687
-17078411
-15513125
-5959743
-1852153
-16607309
-12551233
-2966716
-9997120
-5851050
-24794696
-23026607
-1270584
-27260711
-25985260
-2073264
-14793009
-15942991
-8368771
-3554237
-18741209
320889
-15405315
-1803578
-605423
-12695054
-25884661
-17569564
-29280419
-23292699
-3470377
-22398240
88707
-698920
-16661759
-11458313
-11207747
-24856868
-8182778
-4599916
-12824446
-8829274
-7887335
-13718786
-11089786
-344791
-855791
-11321755
-2188869
-29082346
-21456307
-10120971
-14323939
-2799876
-20581010
-7202758
-6579266
-7467997
-11836728
-2715267
-1157504
-429142
-12450997
752381
-15435461
-19443520
-960147
-12060984
-1346176
-23904922
-10090076
-17492186
-11454369
-25385162
-412136
-20056984
-7527390
-10192652
-12129804
-19033069
-2038582
689526
-7259072
-19849967
-7544964
-26560274
-3474819
-848166
-4518363
-3162299
-21919222
-2512517
-12066202
-3202279
-9184340
-8512629
-20836357
-11900066
-7953742
-25583471
-7583237
-5811616
-12993096
-16295968
-15707383
-24196002
-1246713
-14063474
-2159914
-20815906
-7096890
-18380531
-2810264
-11164479
-8643227
-1563984
-12680190
1859632
-23089371
-17230808
-857669
-24222258
-21342096
-9835007
-10390306
-11272645
-6696562
-24093157
-6363189
-4510614
-18060757
-13652205
-15797764
-8950164
-10295621
-14380759
-5318082
-12411108
-5476553
-18795082
-17870780
-10578052
-18528269
-7791215
-15494026
-20448274
-1592879
-25597340
-5305610
-7509752
-2587810
-819262
-29088306
-14032578
-25208397
-17975143
-9145968
-5787373
-562892
-1836659
-27637552
-2565394
-11413509
-18441669
-12080026
-20356856
-12194365
-6244984
-20554188
-10855425
-6671276
-272903
-14604829
-166283
-7830674
-21381917
-205560
57401
618957
-24791662
-19273736
-1629279
-1256488
-25477590
1446369
-22538464
-12701366
-26301333
-3366991
-10677245
-3622216
-494763
-13327578
-25205039
-2591858
-4784615
-9022045
-11098921
-9166368
-2841910
-2287581
-13218795
-13884634
-14215616
-1037022
-19239205
-21464617
-27334695
-62996
-12005830
-20398299
-3097853
-12114141
-17062298
-234890
-4615896
-23305630
-2523637
-3494780
-22651553
-6980046
-11694676
-1992413
-11141617
-27419289
-15537470
-1408004
-1281550
-8623171
-9681391
-26080605
-9884169
-11725316
-15861819
-25288080
-12183109
-26097317
-7672455
-5637916
-5284498
-14972602
-23792881
-18747458
-2125680
-19823238
-4992988
-3165648
-18948579
-1479911
-4961100
-11868886
-13106778
-12827021
-11421303
-26494764
-2554209
-21735575
-24988681
-694327
-5166802
-5890529
-4446072
-3949130
-7908717
-19256310
-19087232
-2511936
-25227718
-2408424
-675347
-14344939
-14210248
-27151779
-11037866
-24917028
-7248714
-13235530
-21152641
-3083045
-9438871
-13611243
-15549615
-2299430
-19280028
-19328208
-5211235
-10094263
-17204811
-1720696
-6093476
-13472005
-7273033
-1558887
-14258701
-18550426
-13634116
-947646
-23678765
-6148134
-27785946
-14083760
-23953336
-7382733
-11828291
-11082165
-9777168
141902
-5292376
-27783560
-23005638
-12978822
-10600273
-26027046
-11448943
-469861
-2983329
-7376736
-701105
-826848
-234042
-3737111
-9775764
-15010668
-12613367
-541464
-12782294
-921778
-25716094
-26607304
-9271307
-5287688
-24426913
-15865641
391610
-27619246
-5696155
-1536508
-20815299
-2068854
-6516338
-28968020
-25917658
-13694774
-8198034
-6133101
-29679417
-914915
-3839613
-10612740
-17530739
-4928215
-21078164
-9981566
-4622008
-13455819
993265
-14676206
-11272747
-25478472
-6000753
-15010172
-7915771
-15388361
-830299
-9567800
-8181277
-585682
-20779868
-18443444
-8739843
-8030307
-4718886
-23362890
-14621140
-15053881
-25579413
-1567153
-24685346
-18139153
-14239760
-13503286
-26061348
-5363793
-28754044
-1677024
-13949794
-15962174
-1239538
-24407688
-5798885
-1561338
-6310346
-1449090
-13008158
-8199732
-720770
-5038640
-14749380
-3734084
-746552
-12996341
-5680982
-14873492
-13649587
-24379681
-28456652
-8378703
-12651963
-13626264
-8462369
-18973219
-11991946
-611677
-11152088
-20279012
-13630491
-2335312
-25837941
-11590736
-7486703
-2692461
-1074971
-11984959
-21737227
-28565919
-10103435
-1101328
-27088594
-15080810
-2297129
-720680
-6805558
-21385397
-1651730
-24707796
-11015588
-37389
-4110911
-13844133
-25661109
-12729850
-9548238
-15541627
-3272501
-1975635
-1364721
-24917687
-8269611
-13351551
-23321455
-15002354
-11649554
-5149581
-13964239
-1931890
-557157
-2450717
-27222252
-10018614
-1042062
-16265792
-24582420
-1705457
-6946896
-4254851
-13188547
-12098405
-2606534
-21371128
-20021199
-13426530
-11648758
-9961335
-23145294
-2676513
770744
-344027
-16674976
-25852455
-24218531
-26365631
493437
-8416467
-5899166
-14098723
-3665343
-13141651
-20916088
-6079979
-4542624
-4865635
-14828744
-17023133
-15147319
-3890168
52844
-7752222
1581246
-15701444
-15385096
-16378552
978169
-3074298
-23432438
-5310293
-1224848
-21495278
-6929757
-15155125
-25488428
-90992
-27885136
-21768665
-10137493
-12750687
-26523525
-14969854
-1324273
-13050536
-4192904
-7251964
-19744745
-26078678
-23517423
-7687462
-25263433
-3423299
986516
-12396542
-2115503
-21652754
-3168911
-8183714
-116943
-9228297
-13644206
-11662845
2036627
-12989720
-548347
-1688244
-29228889
-189037
-936134
-7745378
-26193062
-12068001
-2324658
-24565532
-132015
-7511394
-23389712
-17375109
-21915401
-16019047
-10158761
-15002346
-11786121
-9374512
-1557034
-13683677
-726810
-23263479
-18592018
-13423504
-18035830
-16422149
-7368871
-6140152
-3564575
-14535748
-25544528
-25315121
-5834966
-6721773
-5278552
1006492
-22091079
-25344005
-8243702
-28587980
-26506557
-4403205
-27583226
-7961651
-26673703
-1746879
-9963720
-907092
-6215800
-2678399
-23501974
-7731523
-13073609
-26356697
-10535306
-2110333
-20078451
-3638344
-19507041
-12520080
-6855913
-25252603
-12332586
-14490677
-27013031
-23758830
-1775607
-18937510
-3899578
-16719614
-12565972
-19226843
-2429587
-6171455
-11717238
-19908636
-13899492
-2916069
-14136431
-13074395
-17728043
-1529645
-6072264
-2305030
-26105140
-1050345
-12522709
-26148839
-11253028
-19981059
-2871167
-4484018
11838
-1697540
-23071215
-25881954
-25890580
-1749175
-15451343
-7933508
-1602337
-10340439
-5855680
-29651913
-25250486
305136
-7741500
-19274419
-24712801
-4681152
-1688013
600017
-1753805
-3630786
-26495161
-2145088
-15383101
-19660948
-27158285
-11058846
-14567502
-11669733
1100836
-1238069
-20191044
-20643124
-19487322
-27376449
-12436113
-1280208
-3031419
-12822038
-5525303
222423
-15345663
-2647632
-6502843
-25800010
-3995911
-10714887
-24888387
-26054053
-24853268
-2862492
-7477044
-16177962
-28591522
-8956240
-16166673
-21795662
-24703067
-6526386
-16545580
-2711426
-27236789
-11934030
-21035828
-26994843
-7069180
-1066593
-20711868
-21782234
-2997562
-19941178
-14624640
-26341862
-10538725
-14185872
-13562416
-5079968
-28656484
-13486284
-1455837
-12892244
76840
-13201952
-1567692
-26881844
-15194612
-2220980
-17803644
-22931249
-11298528
-9471112
-1449715
-18662734
-6225930
-4705842
-8045272
-785612
-3316901
-10483030
-18855094
-30122006
-11939339
1516098
204085
380634
-19907101
-1426482
-26046010
-18576403
-12667727
-24848208
-1364017
-12721301
1543383
-23457885
-11919218
-9174286
-26432751
-18706034
-21271963
-14983024
-1309894
-27181566
-12135001
-13192057
-3497597
-10895041
-20786
-22782601
-994362
-24606518
-5372805
755999
-12495807
-25288434
-1472645
-14098647
-12390767
-13033486
-2019012
-11323244
-832572
-6572006
-22500444
-11039618
-5416535
-1593101
-10668791
-15114336
-23701721
206245
-27395991
-2507403
-14711336
-26286065
-12299173
-14245336
-13887883
-3205013
-25659850
-19444962
-12378114
2880140
-3030391
-766480
-13373409
-1817983
-21289767
-21515347
63461
-7856691
-775868
501962
-6695249
-14667305
-6785360
300619
-2886331
-4134613
-11789578
-31640362
-22019006
-12971233
-1010812
-974763
-6926396
-12361143
-13646806
-76973
-26526255
-11578302
-12728908
-12801874
-22815920
-3761737
-7539320
-23343471
-11177670
-13780280
-11584613
1325549
-482675
-23238221
223326
-12734462
-13210892
-19148526
-913769
620100
-24672303
-25498710
-6490981
-19654651
-25750054
-27015558
-2380755
-20478260
-18652560
-17092236
-16627672
-9622519
-6230076
-18497796
-13888056
-16075626
-13020849
-29469319
-14386632
434201
-2402566
-26156424
-10720191
-12435522
-3092844
-2842858
-13509604
1384484
-15523371
-7341003
-1427033
-2676789
-1522266
-16507542
-1441731
-1641278
-8492575
-23220214
-20547294
-11714760
-28625435
-12570624
-1657768
-3225544
-6483359
-5559475
-24176393
-18999832
-23834851
-13769415
-18699086
-22340801
-13820497
-468434
-10085453
-1261832
-9532725
-26082663
-4888962
-7923360
-11343749
-20902599
-3171135
-19335678
-15116049
1607215
-11410011
-7503952
-4107919
-23436756
-1538151
-9324066
-9319076
-4885168
-7908258
-24468016
-12382274
-24607041
-1022459
-22030411
-19211117
-3048316
-21488548
-21351520
-19000848
-14394563
-13319894
-30959105
-2646104
-7432921
-13793741
-809397
-8390913
-11143169
-29783031
-29084602
-23361321
-13404367
-10182931
-12838878
-27650980
-357425
333787
461407
-12961471
-801703
-26631443
-12006208
1844410
-19152718
-4578229
-2552827
-18082952
637685
-8894365
-8336372
-16989998
-24914651
530344
-5436178
-7486276
-178853
-18138713
-7124485
-4955693
-10610909
-28142079
-1103651
-14404157
-27377813
-816526
-4491275
-6755880
-993191
-15440234
-664380
-11900366
-6258882
-2751565
-13608204
-7281235
-12957767
-20456146
-14779966
-12446107
-22719736
-13299821
-11934539
-16248630
-6598347
-12361116
-12902356
-24151128
-5405676
-6308978
-7790849
-982547
-1746067
-9559056
-1257297
-6253265
-2282164
-13942429
-17265147
-897569
-15804657
108388
-30118451
-10078869
-7103955
-25702697
-357452
-26253391
-877626
-19773526
-22546357
-12379841
-24954481
-1361782
-23704891
-945993
-11271063
-14577858
-5327204
-11598836
-1353547
-459955
-17534855
-14109337
-24752446
-15551253
-11915353
-1494339
-11457925
-13800079
-11514483
-14080101
-5013154
-25142509
-4412790
-3585903
-11343294
-2983758
-8773176
-22670902
-7232034
-18918811
-13779011
-15144836
-2109697
-25489094
-21900145
-28129230
-10368040
-2685659
-17312746
-13871088
-26749873
-2023321
-23059857
-7422001
-10714089
-222689
-6601273
-7403108
-6152511
-9402798
-12032325
-3887023
-3046861
-199897
-1322517
-965628
-24754347
-27455912
-11326962
-12920526
-16211583
-4642241
-1839072
-10756156
-213758
-3245029
-14849758
-6243609
-17787396
-1176648
-9082600
-429015
-4105439
-12365105
-1188682
-11055744
-18267284
-13200639
-352724
-341226
-15034362
-120100
-25756815
-3662802
-7423339
-3086923
-15250378
-4661918
-13793888
-22093288
-29179228
-1276745
-10078029
-10870152
-20701076
-1324443
-6459219
-2307365
-26422087
-8251777
-11516592
221473
-10670900
-13565509
-5426164
-2154501
-26183397
-11999455
488109
-535440
-3655946
-27400123
-12245652
-378102
-22583139
-508626
-25247151
-24253340
-26216719
-11711648
-11855034
292460
-29746888
-6319954
-9492420
-12568428
-7330100
-5740640
-19187652
-27851797
322894
-13616349
-13534409
-2756889
-17509836
-13677449
-11539106
-2954805
-13837326
-10432052
-14831158
-19773578
-27220967
-253569
-4417454
-47974
-25882742
-16441727
-1343590
-28342116
1092900
-8464312
-6660577
-12461493
-13311769
-18963732
-23877690
-7652506
-1333778
-23086346
-11907716
-4487931
-9283813
-13689861
635902
-19811692
-5784036
-1042395
-12973666
-12843403
-21775266
-2196996
-3172091
-26705347
-9015125
-1148595
-12083546
-22696967
-7248291
-6537862
-4949007
-1470074
-1827280
635960
-819161
-1755114
-14225703
-12407231
-20677213
446609
-16036708
-14381541
-3357824
-11251275
-10457614
-514278
-11510722
-11703426
-5626868
-16025388
-13877526
-547251
-10829563
-19708141
2497446
-12289168
-25569835
-3578932
-13405267
-25055877
-15169923
-2869047
-10832749
-2139986
-23442090
-266231
666589
-3763356
-2144894
-7673860
-897406
-3848955
-23205377
-397093
-413945
-2456159
-25190643
-23872044
-8204629
-21103387
-4597349
-14027642
-22074787
-6805945
-25670256
-20707951
-17666466
-5739774
-11934765
-23044753
-25484769
-6625480
-11199357
-29933
1025545
-2124975
-4005485
-597484
-7720825
-12067202
-559724
-14665931
-21728692
-13805792
-21120809
-1234876
-15116491
-12114503
262062
-25680220
-22073549
-13633373
-2413979
-4986309
-7970783
-9959171
441697
-20583758
-14133978
-26115132
704093
-13305352
-13731277
-13819789
-1602498
-14000921
-27079833
-826596
-23526491
-15632799
-9735387
-12600900
-729653
-14647349
-15690170
554524
-11353688
-22234757
-159491
-5237482
-22584906
-6961457
-18746575
-2168812
-13961080
-28634536
-12076147
-887669
-1222849
1336116
-3101378
-11666540
-26862919
-19125001
-26428974
-507488
-20949001
-5915574
-9885269
-15514844
-14347155
-8396137
-3325704
-3379446
-3645607
-2052953
-22969132
-2467546
-25622804
-2933021
-13937990
-21545252
-18772872
-5153152
-10908187
-14751198
1592198
-27827408
-25934894
-12473057
660365
-6433309
-5283145
-3145395
-26617899
-16554419
-8196930
-13776634
-28182897
-1217266
-13243401
-2779613
-1027031
-14028468
-12279724
-2545247
-9197118
-3374844
-25675841
-11697287
-5154
-744739
-7310808
-4220556
-621511
-12450514
-10666349
-2235951
-15179181
-11586844
-12871496
-14077004
-24261283
-16066439
-29019817
-27042085
-8094552
-6737127
-9744231
-26232502
-14164511
-1567459
-12764152
-6185863
-13153734
-10232407
-14036968
-10859354
-13870651
-586639
-19091999
-7707545
-4012663
-3854985
-15193729
-9967398
-12736967
-2976065
-4434617
-17885851
-7730816
208378
-1700485
-11786245
-8716980
-14152270
-1995100
-26234354
-13373950
-18976469
-23707264
-11514450
-10567753
-19939549
-6985942
-2153492
-26986794
-13364233
-21007321
-6162808
-2412932
-13996210
-12377115
-6011917
-14761288
-21995997
-7346615
-746049
-6464323
-6742257
-15033706
-24597964
-24445715
-5017662
-4907360
-1491179
-8566731
-305343
-29495173
-15588623
-5701579
1328118
-720984
-16593492
-4218058
-7067079
-1104032
-8542563
-13156603
-4545090
-4296576
-12933898
-2671619
-26692387
-16138913
-4446732
-5688885
-23124561
-14127797
-11853887
-9454158
-16532832
-8383028
-29667275
-11234595
-13593845
-11954146
479762
-14642203
-26003792
-11252970
-739176
-776238
-3819991
-1217345
-25079076
-12874995
-14838407
-23228870
-6605856
-13377499
-20808395
-11273989
-17530075
-1155488
-17297144
-17000754
15403
-4930436
-27361361
-19103147
-13237544
-6559519
-6800530
-14910519
-12271306
-9618547
-11248209
465661
550058
-22589393
95846
-28400094
-6427532
-13850930
-5890434
-14922407
249391
-14480734
-25778130
-8490999
-18360098
1295145
-1302666
-12869178
-26648385
-15204495
-14168148
-24898535
-22984926
-5715012
-12909735
-11170812
841760
-3638536
-4611242
-17614097
-13055104
-13133674
-26138163
-16965552
-280770
-26139333
-27139912
-3371888
-1465614
-16198503
-7872659
-6033436
286945
-14875667
-1488610
-1861053
-5835252
-12075889
-23879554
-20749318
-1243571
-5757314
-6664985
-6028629
353152
-24484777
-5533501
-28575400
-30712708
-6122857
-12762261
-1278526
-17375479
-16860251
-17970834
66059
51390
-19308371
-24310172
-16864162
-1073900
-14652296
-969279
-23033574
-28163800
-1223856
-3111254
-3590572
-29065926
-7976306
-21370366
-4240084
-13391594
-550929
-25880201
-5338224
-9084108
207037
-71467
-24536276
-15848618
-12336253
-20777381
-7634408
-4112567
-1770307
-22102901
-18171571
-12379910
-97995
-12134718
-12059601
-7150531
-26399009
-11923364
-5407619
-1764279
-24556136
-28192681
26014
-3522491
-6639150
-8173363
-20729521
-25209576
-29119059
-25279206
-14793293
-1982373
-17766499
-11055179
-15325716
-12989705
-7287388
-26098918
-12590111
-26560170
-12807691
-20296439
-24195891
-3813023
-12885320
-1948922
-14540893
352819
-3285815
-25563217
-2722528
-26352009
-12521201
-13139773
-6961373
-27204894
-25652231
-11913390
-2239236
-2208300
-23041595
-15305311
-10525928
-710036
-11114238
-15219278
-22647616
-8313351
-13807941
-15345595
-6054409
-22903915
1249930
-16242889
-12677227
-21130991
-11792452
-15126048
-26546141
-3158521
-14169987
-22870480
-3446526
-4418022
-8373386
-10168346
-12713884
-19338531
-28611465
-9692958
-10759405
-1412828
-25793513
-10126986
-4230266
-4000849
-24425185
-9075850
-19054122
-10247134
-629731
-11984410
-3176146
-113720
-19601467
-4578896
-6351153
-2540152
-74828
-9000553
-11949648
-15973208
-25547030
-11993692
-1837232
-1730338
-15025635
-6678290
-2871267
-2631321
186295
-11427976
-5867005
-503123
-21155988
-16306161
-18968233
-15330355
-22431403
-4537360
-6856778
-28800642
-14453203
-12932597
-5755305
-20245298
-3681893
-16161312
-14904907
-8474439
-5748533
-3862377
-14417176
-12631601
-7474760
-5229737
-22110299
-18092509
-30574622
-9657217
-2520479
-3758598
-22565533
-14467783
-15487735
-21279605
-11840117
-15498190
-2139895
-10598237
-1754003
-4756294
-24227631
-28557972
-14904033
-6651051
-24655889
-8836231
-10749596
-23118881
102819
-12061504
-5676208
-12068496
-23971365
-4569776
-16762831
-2179485
28945
-6793858
-1514808
-27846040
-12194646
-1589046
-13057716
-6889431
-25919571
-4456695
-28000730
-1104300
-21675191
-13074362
-7413035
-27088967
-7783765
-24236488
-1877
-333031
-22931317
-14278515
-25415655
-11716673
97745
-27083266
-8166737
-4631075
-1877006
-335170
-13463897
-6297399
-29155020
-24965659
-25227774
-973502
-22874493
-13392736
-817961
-12847546
-13303858
-25502264
-15012468
-14738938
-5138350
-25920670
-11397655
-3763970
-707110
-5503021
-8353351
-12579613
-13053604
-1510524
-2588900
-4911421
-25952003
-17150317
-12538705
-9721373
-7059296
-2708150
-2825680
-11814734
-302875
-21294184
-25410729
-11084860
-12225890
-12448989
-1917678
-13585335
-2424267
-17463443
-12326180
-28488902
-23214505
-24546894
-6197290
75228
-4149785
-1588786
-7805841
-16865619
-510136
519302
-964024
-5681685
-19590897
-1773505
-54869
-22415705
-4900512
-4340674
1036855
-20314626
-25295693
-2553840
-12732806
-721458
-15347663
-27314817
-5797162
-6641819
-277658
-15304378
-26136160
-7507725
-18502327
-24033459
-13910576
398965
-14722486
-20592916
-2232777
-8802931
-5484107
1643618
-12582469
-16662466
-7648833
449537
-8484236
-25691437
-2936176
-1456710
-11315952
-7330660
-9277669
-23806012
-2763628
-15051756
-4070125
-27040929
-13622836
-2643219
-15962743
-2388522
-1253290
-22866292
-21041410
-7222408
-6386042
-25066091
-1486095
-24725695
-26045299
-18338251
-25529231
-7945618
-3098226
-13172875
753738
-12399421
-16673670
-666999
-319145
-7928186
-1618888
-21652960
-23145415
-16587050
-4251887
-7733814
-3345150
-7207459
-4276032
-16092191
-12874216
-27325484
-13757187
-6226676
-11531963
-8426358
-16660849
-6658827
-18344919
-26773694
-24316264
-15867164
-25170575
-26373907
-22447776
-22974510
-3627370
-17378635
-1641272
-6883370
-22806295
-18005057
-11683954
-14348181
-12480945
-17811406
-29671315
-2073516
-6098076
-1176512
-29972293
-4918102
-18529947
-26803615
-1279792
-15509984
-18274345
-11559516
-4071657
-7958887
-19629763
-15038427
948532
-27265963
-26885710
-1379294
-23583310
-9162098
-12923091
-1030405
-14554829
-11607640
-8007653
-2868880
-25583474
-5081726
937168
-3290299
-21242558
-12286581
-18202691
-10341958
-13906061
116736
-4140491
-2198626
-15551851
-19137872
-11848548
-6280277
-13012966
-3119451
-20575609
-13794344
-4965381
-26561821
-13912282
-13518691
-16946966
-613203
-13924327
-10092323
-14139947
-20170138
-12892470
-7202549
-17589034
-12537221
-12817917
-24683372
-27430820
-2350224
-22470147
-28677693
-6513444
-24466574
-9231051
-9788302
1547940
-12502219
-19218699
-2582598
-14606342
-5342147
-20051820
-11321167
-25307555
-3966565
-12789772
-13893429
-3496061
-25577801
-25527236
-13098004
-1478893
-1393336
-14835983
-3059278
-15245000
-21101282
-3035082
-22374100
-25171511
-7870631
-22828104
-6261741
-8921393
-27968742
-24779517
-25968653
-437350
-3439087
-7824022
-12700311
-26739664
-27719793
-8250218
-1369587
-1383227
-3397274
-694883
-181775
-873769
-18531766
-1273311
-15742417
-9912411
-16458021
-12345062
-2910517
-27768169
-7944737
-2743568
-3635448
-3758926
-5686213
-1779955
-688242
-14025755
-13030051
-14556648
-8723411
-11751361
-3764348
-1837262
-26634993
550543
-6855384
-12767867
-7210348
-15784859
-22586221
-1647314
-2351688
-12547250
-2496669
-13247256
-2707669
-687681
-13820540
-13578186
-17969691
-17315551
-5398752
-8878021
-16204752
-17563891
-10991169
-25080780
-21136689
-1659041
-12947064
-18200275
-940423
-771482
-14229972
-27653583
-27267240
-431799
-21955034
-27494031
-7433050
-6363235
-26181194
-30000
-11319641
-4599261
-16931082
1669443
-11282078
-7889864
-13277913
-5141763
-6182668
-14722176
-10280004
-9564030
-13895802
-14924549
-12917464
-28522470
-21666830
-6449738
-4722164
-863542
-24546343
-2283485
-11077705
-4277763
-3869718
-23309369
-1860409
-4947579
-23365466
-4633000
-683112
-22305636
-1931818
-476311
-3480990
-26360963
-18628479
-7038678
-19994364
-6126439
-23779548
-12666839
-28827029
-24952006
-4088153
-26767404
-12479200
-5057738
-2578132
-4408603
-13490310
-1450472
-26656165
-1394516
-26519719
-1557171
-3887927
-20567387
-2231017
-17365673
-24730025
-8975233
-5974541
-26410962
-9328666
-26439182
-23503820
1735535
-22845485
-352221
-22576593
-655990
-18405954
-6474953
-4662102
-27809943
-30701499
-1723256
-4358368
-5500136
-10054511
-23227399
-1594399
-25148463
-20804639
454272
-27368695
-11330696
175706
-580731
-12865233
-10348040
778687
891953
-4819371
-7164406
-2329919
-18353706
-17297285
-15266318
-3533860
-7064210
-15556788
-7634983
382195
-437636
-22295091
-3395426
-7204373
-6806432
-10970032
-11240922
-3756121
-20643506
-4984085
-11945649
-2170553
-11528425
-14628055
-23891748
-11107204
-5949276
-24682953
-9023727
-10923088
-20151476
-24816200
-12513235
-18121446
-12660573
-25390238
-18613190
-13956456
-1712775
-21168252
-4375126
-24064387
-15486620
-11699122
-8543259
-276290
-11075504
-26152941
-25656662
-13421518
57210
-6639206
-4050296
-20185579
-9979186
-9929039
-25840433
-1724055
-22656380
-2560730
-1292670
-14287030
-1226325
-19533446
-26010544
-19247683
-7375515
207596
-244537
-5983522
-1050220
-27609065
-16655383
-15085325
-8458716
-29985696
-1642914
-25583811
-17131372
-1630935
-11752994
-19657032
-1266856
-26374679
-29578473
-14073157
-506362
-23744366
-7174952
-1958291
-5921526
247316
-853477
-1605219
-3826804
-18406060
-16810758
-11490471
-1510872
-20570772
-1032860
-15844782
-177321
-9016701
-11325734
-9446933
-22657066
-27473166
-4403358
-18962853
-24989687
-8796004
-13533083
-20060908
-16457012
-11975323
-11843008
-13779736
-170339
10803
-11002729
-26798080
-10619717
-11241981
-25694523
-12579418
-8157575
-13675884
-15674634
-25172046
-18051827
-1680882
-9334413
-19485905
-10221449
-20948763
-12860631
-14155936
-2262827
-12024015
-16241522
-6437618
-9801453
-10884463
-2516652
-417375
-1241741
-1592907
-4417783
-5827748
-15384856
-21294364
-26029644
-11499657
-2127049
-18618924
-22087377
-5670226
-6737498
-26699947
-21808149
-612204
-1465198
-15470359
-2062496
-13337670
-9282988
-14102489
-188297
-6660237
-4488436
-25674362
-14083270
-16662141
-1952064
-15808450
-14069940
-7450329
-23832814
-10699978
-25279949
-2087743
-13320661
353630
-5856583
-2431173
-1738646
-22387289
-11330842
-4696759
-24974556
-3100668
-23771633
-15652724
970118
-16540515
-14203330
-27060912
-11819506
-5955068
-7199713
-5859228
-20430476
-17664518
-6289580
-17091283
-19494718
-29390760
-12503217
-17679757
-14107171
-6190018
-13440237
-14541309
-20594301
-27698552
-6026825
-2302251
-18892301
2632598
-20128126
-9581833
-10531167
-19191415
-701547
-11702509
-11253908
-11576571
-9093366
-14003302
-25010151
-2163426
-10734507
-27254979
-3860742
108586
-17019754
-27102380
-22063854
-23180301
-1355559
-30482724
-3908643
-18781872
-28203967
-593110
-3603428
-9527672
120315
-3501607
-12364234
-25004971
275721
-2406897
-2267406
-3731704
-15920408
-13142945
-1674616
-653682
-11589338
-22624583
-7976011
-2413359
-6511537
-2003341
-8882067
-18046391
-11790266
-15839774
-6765711
-12008284
-19385671
-27648703
-18818372
-19081905
-27291615
-25678577
-6463638
-11569977
-22431095
-23103517
-9844328
-22480693
-572229
-16385083
-2631740
-29523872
-19024629
-19644278
-22907915
-941352
-3229164
-1198959
-25598874
-16553124
-828136
219896
33470
429093
-9811694
-18648951
-6593853
2885661
262026
-2432001
353390
-1808411
-14796315
-25002720
-6123099
-2163233
-12283983
-1110898
-28641810
-21474990
-20676330
-5861107
-10663026
77572
-13704559
-20413717
-16166291
-1226869
192510
-1192367
-27882050
-14151468
-24811883
-19904237
-10703583
-6856511
-12647124
-27497912
186060
-25263947
-13082189
-22346245
-6443429
-20787413
-11045104
-21194893
-4438177
-24118186
-11314250
-15551414
-12108266
-5820428
-11924639
-1732016
-21949226
-13729034
-4055307
-6580498
-6649134
-3194611
-2290376
-14502262
-2513786
258590
-13728172
-6290687
-13297824
-545750
-2303973
-7697452
-5299771
-24426915
-9558010
-5745656
-23414760
-2150281
-6369472
-2272009
-116671
-22175878
1659958
-16102886
-26192278
-26410285
96731
-2397027
-12352496
-9947048
-13952619
-18952544
-22440738
-12058837
-6326437
-882757
-9004711
-5978738
-20878575
-5647597
-12496702
-15881290
-10816460
-19224036
-16878297
-23006966
-11837388
-18819257
-1292758
-20230488
-12220332
-23277265
-8831640
-9418671
-2699992
-19698316
-3658731
-10266710
-2246270
-10828705
-9688362
-16957890
-334831
-8316656
-240401
-17910988
-12748981
685998
-25305141
230987
-21205735
-13520940
-12752100
-23682271
-13019650
-15617838
-2318083
-4999852
-1386717
-9412658
-10016148
-23824953
-1046468
-733793
177152
1190654
-23568167
-13923276
-4019319
-6832776
-22017688
-1459419
-6967118
-12081102
-12413537
-21603642
-3260216
-6681771
-7414211
-16225553
-10308299
-1504981
-1432591
-11316319
-3777562
-10524739
-11233008
80442
-25838699
-10093781
-9737317
-11272817
-15847582
-6125352
-10636647
-14827026
-10636185
-18214642
-26055726
-768507
-7061101
1507662
-14374799
-14069831
-19827311
-20701038
-16669995
-19239107
-3191342
-1947280
-17069047
-1816186
-18123987
-16629306
-12780941
-11714244
-7999907
-21668940
-13414781
-2126873
-7490516
-22924785
-22007922
-11249876
-1346695
-14574775
-29176473
-15243196
-26712742
-21157056
-26035257
-12214008
-23046967
-12586210
-13678216
-11233316
-13916722
-3008472
-10817728
-21264319
-10666355
-20254873
-1842982
-12449503
-13465428
-685221
-12031865
-9660907
208528
-17948525
-26688685
-10792267
-26176090
-19197243
-21094395
-5507245
-1508270
-2543151
-27768445
-12895452
-7042318
-8648240
-2397828
-10220212
-681617
-11602563
-19279660
-8250922
-9496565
-12840735
-1565866
1011458
-12567162
-13461007
-1578047
-15456205
-22855602
-5122845
-17726265
-26346404
-6601707
-466226
-14153742
-15973779
-16191757
-21177422
-6546645
-12191908
-2365168
-13764954
-11250691
-4543198
-11563963
-27437277
-4833231
-3032417
-148731
-20695411
-6515532
-10638691
-11355906
-22072103
-6458743
-1436227
-4378005
-17574386
2187358
-530703
1314813
-1711189
-26495338
-136032
-7022897
-2650431
-3717954
-10121833
-2577296
-9019193
-9942296
-6999272
69610
-15556044
-5870161
-5932194
-636586
-26070189
-24541715
-27458758
-5817112
-6587981
879538
-1393865
-3712947
-25777932
603883
777602
-6342173
-15219728
-278941
-22192156
-2863779
-19790899
-22196363
-8351976
-26172046
-6153755
-26243801
-17532704
-2080129
-2668503
-21985865
-6543077
-25837186
-20707329
-12238459
-12351488
-20304137
-28797896
-6409571
-25919303
-26349285
-2788520
-11395427
-1526353
-923618
-3120756
-209319
-9121114
-8462825
-10900208
-16037836
-12974937
-251335
-1015767
-17781381
-3418886
-435698
-10907931
-4358180
-12721318
-5010040
-20762799
-14218424
-1272583
-2367121
-8315000
64283
-6336879
-4366568
1171987
-8960386
-1352179
-9195988
-8120310
-6579322
-28080632
-2084461
-6948097
1310803
-12497458
-1613683
-1191381
-13875178
-7138586
-11392227
-18308101
-22528681
-12278649
-12396801
-4386320
-13798978
-15511255
-10058947
-10471551
-10542797
-2473107
-6288111
-18667250
-1083863
-4677917
-24544410
-10943514
-19820196
-10650530
-7306635
-4077498
-1649257
-13307871
-3862943
-5861343
-9807280
-26333963
-21762920
-595284
-23119149
-529925
-7424613
-23261647
-24942413
-7370921
-15144145
-5175848
-180257
-20581502
484167
-578738
-12845403
-2135580
-543706
-11208980
-21648818
-9114285
-23327438
-6571628
-7375784
-237865
-746354
-13968657
-1072421
-9537096
-9717608
-13402089
-2506389
-7128618
-13767306
-23883655
-6880883
-11485679
-2735854
-9161918
149803
-17803619
-4623942
-3114582
-21753972
-14722702
-829948
-12195282
-101936
-12515873
-25892052
-6577865
-11848449
1372329
-10750031
-4928475
-14246065
-7177436
-13683326
-1496537
-6652490
-8881680
-572502
-22269678
-1448499
-9036375
-24545905
-2003150
-12340397
-9901178
-14779035
-9157963
-10267816
-11520585
-2375086
-7979901
-12249149
-8023261
-1128948
-14230249
-5365669
-672730
-26255611
-17674399
-9525973
-24051803
-19839014
-13149886
-10116869
-1418594
-12948291
-10711181
-3369330
-16357367
-12312271
-14809377
-1628453
-12454479
-5286144
-5483439
-8016424
2243888
-6175936
-19580808
-20894843
-16505610
-12493199
-2928408
-6113356
-2104601
-6634953
-11078442
-27069799
-13077003
-25919764
-25326325
-2523382
-18845054
-2829825
-24590691
-14625234
-9031210
-10693738
-24242995
-27271703
-2444736
-2312383
-27941334
-9814203
-11829140
-20910293
-191534
167469
-5162463
-4320506
-26049606
-20901342
-21274328
-21277199
-5940912
-9439190
-2335867
-12970211
-3326266
-18363251
-9287283
-6066837
-27505923
-26431793
-10450263
-12216453
-13554782
-4107354
-20309975
-28725874
13414
-6424753
-11948143
-29216151
-25473974
240878
-892792
-19512259
-22333051
-11858323
-12994379
-12405652
-5852862
-18408245
-4539602
-822912
-14174316
-3898138
-617689
-11332748
-24929751
-12702543
-2311434
-14860682
-5371531
-19741702
-14462944
-17935046
-7213779
-1302455
-6890627
-11528274
-23422387
-21086578
2141846
-15138131
-13476681
-390940
203540
-3712250
-2014972
-11147369
-11147868
-26768645
-14159534
-10021586
-1353995
-12833507
-157358
-484623
-6665036
408306
-12181234
-9510582
-7094222
-14649766
-4297845
-14880317
-2398824
-15453285
-29420954
-8219209
-22904817
-1108223
-23534382
-15242094
-24539097
-14427574
1383525
-11588517
-1745939
-14575286
-19249278
-6279338
-9531157
-9741648
-20239743
-6779580
-8229403
-6039163
-1351542
-25087694
-4099868
-18059194
-26917921
916286
-26939584
-26511152
-3443643
-27572464
-2278398
-26687133
-446767
-3234576
-12289126
-12546174
-2986079
622763
-4963292
-26283546
-23599760
-14075662
-6435897
-11517011
-16335162
-9085141
-5618929
-10252120
-6220961
-9954909
-10217502
-24934805
-11277785
-24641554
-23674843
-10207201
243650
-3871447
-13325176
435050
-8819697
-13929692
-21484167
-3196578
-7137799
-5431615
-21550381
-14541981
-28808341
-24895309
-21812746
-19880998
-22612528
-19737846
-16167116
-1783624
-27263595
-10393065
-4429136
-1594333
-14881299
-20833532
-20723991
-26034593
-9388379
-1505171
-20844220
-24268648
-7439758
-10984540
-6807127
-2964007
-7133157
-20643594
-21910889
-9570506
-1357204
-1329
-15598493
-20561811
-22654079
-14957489
-27384387
-2075565
-20308260
-14425132
2084838
-21245848
-24274498
-2281241
-6346697
-16577099
-4716059
-24719922
-21749410
-181495
-6684339
-8988315
-24802522
-13072337
-6682664
-12685495
-5341060
-12163332
-12230584
-5128454
-1535202
-21406935
-12803804
-22881366
-1229765
-13271393
-4749551
-3562822
-8197320
-8611524
-27165576
-6331498
-5200058
-250932
-1032865
-5469744
-8312129
-199256
-5043050
-28873143
-2419887
-20135082
-27863481
605112
-9062911
-24305717
-1157438
-1719819
-5739307
-10510947
-9122321
-5656638
-27022460
-25205709
-4979166
-8621701
593681
-22613369
-6304543
-5416489
-3565694
-4470619
-16564382
-14974504
-14415869
-2509817
-17595058
-7515132
-2455595
218597
-1209400
-18740316
-4027643
-1023841
-8582027
-24374906
-581840
-7922031
-989698
-21478955
-27964782
-22203545
-1316308
575017
-14468797
-3099532
-3129926
-12536582
-2091996
-23756660
-5811379
-15552208
-1482716
55501
-183531
-2628325
-4243259
-22405341
-26700482
-2505210
-2431045
-6161499
-10856676
-4565132
-15560013
-7643406
-1745442
-9075774
-19760620
-16667202
616451
-18526966
-10457479
-27212610
-5778588
-4767236
-26577658
-12908979
-854620
-4091722
-1864940
-14151712
-2682395
-9465651
-21571809
-3429065
-4761866
-4047150
-6213848
-1730579
-5993024
-2570019
-13627412
-24018633
-12606135
-6828336
-21716416
-13973493
-23533140
-14043107
-9100800
-25460451
-24206643
1675343
-27225858
-13282855
-11184157
-27391064
-16370695
-1469998
-22873132
-1414509
-20767807
-8323512
-26524589
-6227460
-6593944
-26118335
-21538921
-11702143
-9632546
1424955
-6580570
-9408007
-28517945
-23956766
-22127904
-29053116
-310162
-20690632
-25305762
-17914985
-26989461
-22188447
-3808908
-20739121
-979289
-6192409
-7404843
-24269730
-12416781
-1524507
-14841100
-24264012
-7950132
-21461360
-30387483
-2166216
-25136566
-10789672
-2432032
506064
-6961545
278024
-16470582
-1917222
-2554981
-1421236
-3544200
-10962555
2985764
-14130597
-24601571
461904
-11828446
-2824722
-4707324
236013
-6234767
-5671886
-11357423
-1835989
-6243956
-13509856
-18099352
-11938211
-28713794
-18325563
-15797243
-27110558
-8845581
-2689046
-26080094
-15000618
-746814
-15556982
-301335
-18223724
-6910332
-19988999
-1397487
-12670860
-10726118
-20065826
-14920734
-25324838
-6380384
-14542115
-13483298
-694142
-30321743
-13246686
-6292033
-819582
-1452717
-8538262
-13888857
-7760697
-26987503
-541957
76474
-11052605
-2701219
-22473278
-16062439
-1082127
-3746174
-540854
-13257355
-14868370
-20663671
-13667277
-11539846
-538957
90298
-5254866
-618566
-2756796
-9178981
-19215859
-7440502
-8103103
-6917231
-13085451
-5577249
-5467988
-17814924
-635844
-13322633
-21047475
-24423272
-7812623
-22840744
-9637055
-13027644
-2692716
-15048654
-7713419
-14651035
-1848824
-13624662
-18771043
-26701656
-323534
-2350906
-2646375
-12815844
-1574676
-25634862
-10677995
-18490709
-8155430
-8347457
-560210
-1979007
-4223042
-17813670
-818508
-2439407
-21825509
-2433004
-5115800
-22709766
-13391439
-20158962
-4814022
-13799865
-7213142
-6202858
-20724224
-17730197
-17626090
-240052
-11625369
-10863639
-6322828
-5002819
-13450590
-20234971
-13721346
-3402425
1291090
-24703817
-5710690
-10512704
-5250923
-17278911
-17743443
-5792356
-801483
-7363202
-2917683
-2133529
-23247274
-26803513
-22970488
-5630671
-15008273
-6113256
-13209622
-26913225
-1552823
-12205234
-23921266
-7402826
-25482729
-9015260
-5194785
-26235624
-10255968
-26970347
-9137461
-14625058
-24062428
-26771405
-13905436
-22135450
-26771632
-22829592
-26559261
-2038443
-25230544
-11170662
-1711258
-24718757
-8569134
-15782513
-20137094
-8466528
-7733706
-829861
-8597617
-1067731
-8382401
-24211219
-21817628
-11121596
-5011673
-4069669
886530
-2126895
-25713284
-11987823
-15414807
-16898723
-2947202
-13682586
-10750701
-5112833
-12447641
-11847802
252562
-2571037
-9730587
-18527956
-2043970
-10100138
-21241758
-1897205
-19723333
-15047762
-1475444
-23299225
-1097853
-5757111
-12296205
-1409582
-8876369
-5193953
-6961546
908133
-25029510
-5631643
-23186540
-444407
-17522418
-7408241
-10399367
-40106
-9606123
-16640351
-8684148
-24020164
-1205155
-1813118
897738
-27793077
-28702305
-16660250
-27283570
-22271948
-14480099
-9333159
-4885988
-13353848
-15504658
-9340179
-2825323
-1442
-4486871
-17859254
-12038970
-19560564
-351451
-21122560
-2970635
-1704508
-16007601
-1675537
-25398236
-24211124
-18495255
-8488476
-12538353
-12718451
-11668696
-13879660
-18894537
-2299962
-19453652
-221011
-5922813
-22041281
434550
-966750
-14509573
-12434186
-11181811
-3280155
-6546066
-9929112
-4932931
-11978054
-17593202
-27533441
-1130250
-21637392
-9578852
-18067046
-13806934
-10916434
-14751927
-12372962
-12379339
-6985444
-23093832
1122460
1538116
-21263248
-2651303
-26725896
-4828361
-8549564
-24194553
-15037736
-20050264
-13135031
-24831224
-2903255
-8816769
-11518451
-20331685
-18587402
-21276806
-15768970
706486
-24347880
-4990293
-579127
-88306
-6332394
-426788
-4490458
-18675955
-9538105
-28874072
-12610636
-14071022
-5782566
-23465216
-20475773
-14176952
-14870974
-8140876
-28797656
-3794467
-6864284
-2120366
748256
-3286040
1936945
-12419302
-7469361
-2315049
-12699244
-28627057
-920237
-25380384
-2811747
-24876943
-12478764
-20083427
-2412361
-10829497
-18554482
-20493957
-793452
-15555294
-14397240
-23340273
-7186607
-21950971
-7167777
-7784720
-9216821
-22833644
-5251903
-24969513
-727567
-9696550
-62240
-3514246
-564745
-5394352
-1608975
-7989703
-116945
-14027365
-22959151
-5406323
-9385143
-24415652
-7886414
-28762536
-3783682
-10963130
-29636778
-1861158
-1962910
-19314545
234370
-13565240
-5880554
-11992163
-13927926
-2375852
-8490630
-24969070
-23924234
-7052856
-2595344
-29939702
-13958289
-2048623
-11513846
-10951768
-20476300
-12822950
-20378214
-10021003
-7954526
-4174916
-8810937
-13811647
-11457337
-19886536
-3818334
-14520183
-9479444
-21886732
-1644173
-149529
-5451732
-4015969
-11446660
-11958829
-13942415
-11855706
-2067943
-21947088
-23097566
90965
-1703538
-293611
-21923848
-25267198
-5180783
-7042183
-20983343
-26084048
-5289648
119999
-1080534
-17971340
-18523040
-12650588
-18294516
-27951520
-13575679
-28417067
-2667330
-15163751
-2634412
-15039955
-9486573
-13848097
-21625636
-13930805
-1316938
-13532350
-4597705
-24749469
-19399975
424613
-5190564
-27128289
-7452095
-10870494
-23504113
-2666790
-10309333
-29043351
-1396874
-10865420
-6275964
-27676575
-28505098
-13294477
-24455778
-21774078
-22550997
-11065848
-16953008
-7548751
-13463179
-146008
-7142854
-154493
-13391310
-11395327
-4584953
-1566651
-10401647
-7594903
-12458150
-22755997
-8674112
-14840842
619074
-1235605
-7685104
-9649256
-28177933
-2511145
-2255900
-13030853
-7001126
-12807704
-1551733
-14388536
-17590499
-26161586
-3703091
-9330089
435838
-11488326
-26948330
-62611
-13338080
-12272112
-14585014
-21692087
-24337298
-11867629
-19522541
-6814370
-12651324
-12861244
-11714471
-9541390
-20789267
-14903003
-8566823
552422
-5817047
-19369844
-11434247
77197
-2006607
-13008449
-3516180
-19061412
-12689999
-10852565
-22683684
-10745392
-10155745
-24729009
-14007534
-3453920
-4308997
-21059796
-6996889
-1015675
-6911427
-21895060
-2250759
-12678636
-25744317
-2238820
-12774928
-25734838
-23062188
-26678949
-10952104
-8394686
-1444849
-4733601
-23507185
-13821683
-16428264
-2636978
-8959868
-16013516
-26328512
-4054015
-3972719
-9547761
-11718769
-6930758
-25626208
-16355862
-996310
-719199
-6477766
-2251641
-2251142
-9063863
-7495952
-22082653
-16075676
-329446
-13393838
-6854128
-2897114
-11904817
-5059938
-2612002
-11870036
-10116041
-6488348
-4332051
-6822988
-3117114
-19174018
-3649759
-1620455
-6532297
-16807472
190700
-551196
-23955116
-27114414
-12568954
-18823542
-3938306
-2562133
-11915868
-23162422
-17809044
-22143465
-12491007
-22682281
-24851564
-17321759
-9431854
-1900438
-11331542
-26631139
-8558343
-25768479
-9592033
-4396813
-11886311
-1701957
-21931137
-11580297
-13001799
-21058936
-3903303
-1335886
-10108279
-11406194
-24493928
-23759311
-353171
-29589228
-26560398
-10480821
-387544
-9781014
327702
-18177066
-26480548
-11399515
-9949921
-12654649
-6159440
-14029049
-8836287
-25057160
-24177591
-4606985
-9880469
-11867221
-25300007
-30613094
-23841925
-23207508
-2139212
-15461428
-537857
-14261963
-6619802
-25877383
-15380785
-12951402
-21156617
-24079285
-12247004
-820760
-12011132
-4028661
-17938232
-11621724
-28062268
-27274171
-25377188
-12879478
-12141488
-5746190
-14008524
-22217459
-15218477
-17955674
-3927943
-4017295
-13036921
-12448548
-6833878
-9557448
-7951266
20702
295678
-159282
-7016662
-168580
-1526383
-18930502
-11851920
-13151355
-26056814
-22276061
-27397948
-26750355
-4523647
-1316167
-127428
-25055818
-1810126
-26332621
1259994
-15791150
-3036829
-17780389
895803
-7548503
-24538727
-20842444
-10143282
-13693421
-13214450
-8060321
-9148650
-14243297
-12448025
-24009007
-17858890
-11281218
-2091158
-2516571
-18952100
-14122102
-76622
-10556321
-26642384
-3176668
-25003333
-5340585
-25170625
-12375084
-14876081
-10962694
-28885441
1156686
-3858465
-18905679
-16601823
-7011500
-25583100
-11416486
-11700706
-5344175
-16586009
-1630614
-24110098
-22077729
-1760486
-15601084
-14579930
-2866076
-10610952
-15241084
-19846931
-31619737
-2579089
-1954679
694852
-10391901
-1313240
-12280089
-7746040
-14836553
-21409259
-16243105
-10455770
-1897129
-24714359
-133444
-6738350
206705
387964
-13973042
-11354599
-2921992
-18730747
-3962387
-5997044
-16300697
-9329845
-6813341
-20110337
-18422281
-6502238
-11460374
-4198594
-12657655
-11261533
-7018204
-14333140
-12797936
-2119937
76513
-7292355
-12586770
-15020608
-8081962
231020
-14353468
-18770939
-1952445
-15790545
-7107632
-24689310
-10205088
-3155825
-11876550
-5857318
-26652529
-14029323
-28038859
-866045
-8797769
-3188124
-21416641
-21392644
-12007969
-4576382
-18487388
-17109725
-5578299
-12384953
-9479606
-4276175
-13748000
-11058013
-13678028
-14954001
-23013393
-21528783
-13486556
-4414127
-5688565
-14751733
-1080782
-14104269
-9021390
-24670704
-25112358
-19854813
-11436200
-459359
-6774710
-23013659
-9485273
-30861516
-1633652
-26306506
-15104502
-57318
-1814772
-14562881
-14223004
-12660016
-14017171
-924041
-23019708
-15138788
-1643742
-14861422
-3197665
-18492716
-17433228
-11837293
529866
-3790453
-1611144
-18976134
-14171525
-22235479
-17676489
-18214221
-13169947
-3630881
-23930032
551576
-19910953
-26236344
572699
-7513282
-20024207
-337264
-28230212
-9516927
-15500675
-11525266
-12456074
-8152000
-25836831
-13325091
-12234637
-4170525
-14558470
1806567
-4660817
-10211389
-7514972
-26683619
-20428090
-138106
-20418545
-6800819
-6808122
-11370392
-13073253
1967671
-26688110
-5993177
-15004724
-7326124
-10190065
-2326131
-22365894
-21935696
-1353428
-21995202
-563286
-8948790
-23390589
-21434083
-5120314
-22863878
-13254283
-4316251
447570
-24571113
-4711130
-11189088
-23981324
668628
-19949161
-5871521
-3679170
-5070442
-425017
-373449
-10530932
-13184517
-23950
-4273469
-23479068
-7135827
-11451212
-8462669
-599332
-13358383
-12507328
-11329718
-11346198
-10632871
-12086813
-15111891
-14331663
-6697489
-19724190
-1943191
-25622059
-10663215
-26081981
-29720151
-5221015
-3043544
-166269
-11353421
-16045520
338758
-12822351
-10932528
-638426
-32231
-26078603
-250449
-7994244
555759
-1101024
-6173608
-3016193
-21641307
-15046378
-10807087
-3826347
-3188714
-15827173
-23462743
-13771166
-2750838
-4054954
-99454
-18308353
-11723408
-2716080
-13616101
-11877039
-16666300
-15332245
-26034174
-12369625
-11705214
-1880321
71718
-7902268
-3394330
-4483737
660254
734765
-11483355
-5868203
-30209388
-12171501
-22810593
-12745983
-18084651
-3884663
-2403245
-19899857
-16153584
-11290131
-3067190
-14615915
-9820613
-14311138
-11978770
-27404515
-19556151
-2171195
-23944743
-8296642
-2052269
-27353025
-15640465
-9193831
-25559936
-26663031
-25056353
-3956819
-16939453
-15348317
-5878266
-24694663
-1040246
-20606490
-982275
-7578150
-765532
-13825352
-1911314
-19352380
-11526299
644360
-18867587
-12008435
-14853203
-14373064
-6424468
-20725868
-22918528
-19626565
-2164517
-4568389
-2556147
-23380728
-25771801
-22824999
-13016575
-22448312
-2077118
-13940295
-2325484
-18969676
-11275586
-20319880
-5435879
-15524733
-1839855
-23097694
-5758051
-8162867
-12678802
-5276100
-14568765
-2657910
-2546722
-205674
-2859121
-14845836
-26700908
-11315702
-23757188
-23351505
-7945392
-8489054
2153174
-6686049
-4505842
-2923808
-14429939
-25891893
-20745986
-26589082
-6851814
-14292886
-11538231
-19639656
-24609563
-5077056
-25598379
-17153811
-13686273
-13731394
-5008160
-6113563
-14324568
-6775231
-21598506
-2893947
-9853020
-5920702
-4566666
-19621802
-198541
-976473
-16612888
-23134349
-1440493
-3855535
-23006279
-7723566
-27918362
1571891
-12053691
-1497358
-9548985
-12744183
-17646439
-1573967
-2357599
-6295485
-4220957
-12058230
-2577312
-14643261
-7163038
-3800025
-9246039
-5403284
-9602803
-9098536
304664
-14848582
-26008839
-6117305
-24780350
-1178377
-24482775
-3304580
-23426163
-7270094
-6532400
-24809697
-13213718
-15450998
-12595215
-8523448
-5961380
-11934421
-18489241
-4529947
1506145
-18914284
-7052786
-11847402
-14621259
-12764138
-23666985
-8470147
-13744798
-708572
-16087695
-2817768
-4134795
-16044480
-7055901
-24529170
-5608789
-662903
-19507796
-10805726
-28711708
-2880481
-13621908
-240538
-23052159
-11903998
-452685
-2680703
-3799692
-2891386
-573719
-4363001
-12031743
-26646402
-805128
-17589569
-19895561
-5640038
-11236114
-7164396
-18815064
-12414188
-1791695
161872
-14330574
-24419287
-449785
-21529394
-5567166
-2810637
-20085171
-25401016
-3199492
-4236467
-14774834
-15158555
-25302814
-14427085
-12706180
-4250928
-28400495
-789753
-300518
-25696538
-18763817
-12325699
-9717112
-26571799
-14810087
-14289791
-5950428
-3818506
-18717171
-24296018
-7956458
-4822886
-12948017
-15515938
-23828379
-3768630
-115006
-13263569
-13465051
-28386027
-12483533
-27330795
-712821
-21028859
-23471601
-7153417
-15736609
-19433327
-15048047
-2552379
-851798
-12463673
-12053428
-7833631
-9483174
-3345513
-435741
-7231010
-8755854
-1346125
-11749599
-9164914
-25249008
-28165540
-3981713
-16023980
-13959376
-10893547
-8873223
-753870
-11707371
-21773407
-12966122
-13864870
-4522759
-4648353
-1306764
-16530815
-944802
-11244044
-10196742
-10889201
-2631869
-12976435
-6798738
-3235321
-27435960
-15865595
-26260142
-24196744
-5043604
-4702258
-9357900
-2040492
-14934447
-8843295
-5793084
-1520734
-583723
-8773332
-11796248
-25046145
-23928218
-39705
678762
-10449307
-17288160
-13560152
-1083561
-19864955
-10672487
-1965631
-2941130
-3466611
-11678922
-30044524
-12507013
-4486488
-13382339
-25461695
-799421
-20890289
-1871580
-7193871
-12834431
-25381856
-4093535
-19378
-2437864
-2379243
-6833952
-26553562
-8175367
-13870327
-11588082
-17222429
-21991069
-24516272
-11574989
-10981864
60619
-2441791
-23705757
-14053328
-11454158
-1860069
-14317855
-14428759
-18264939
-1888486
-20982198
-7089579
-1872149
-17544992
-31129345
-7819727
-1645791
-829985
1325373
-11777757
-15501918
-7073670
