10178247
126347
-2864813
-1567650
-903698
-872579
1584835
2530448
3913624
-799168
7088580
2250062
-3894036
2481129
9187949
-4694074
-1594897
2252906
2493936
-4180043
-5048730
150009
7105543
-2703027
9993613
372828
-5273840
6023618
4835865
4181663
-6445384
1764698
7396335
-2337227
-1790742
-2358099
-1679771
5451787
12064528
4136206
-2690848
12433817
4041617
-4621514
4803221
3239039
-872562
11971147
-7267369
7360822
7440446
3734625
3375022
-6282843
-1772397
150149
2516907
-1513346
3459701
7907918
-7191718
-7484563
-5250599
9449269
-4285963
3625995
3042400
-6834728
-8078203
-5768321
2708776
4847624
421499
4431803
-3780197
4036515
12338814
-4389223
-5968373
8740508
5819711
4552242
7046653
670185
-334078
1806355
-531837
-71256
2539494
8535204
8685149
-3800503
-546589
7213441
3803361
65718
6842306
9497393
-2464297
4910875
11483491
4010207
8120610
9000451
5810322
2167920
-3963432
-1559886
3203722
5073319
14367926
7189396
7406724
-2866531
6225831
-1493011
4115944
105208
134470
6420471
5033082
2324464
3610924
-5518380
13036939
11246392
-477447
3207759
7128742
11856428
2613198
3054133
1054589
7509015
-43677
-1365684
-973746
2155046
5572009
7769618
7665031
-180621
5389879
7603311
1543720
5228446
3762561
4550962
12899374
4093781
-6537830
288690
-2106203
5239638
-609542
3751274
-1328416
-315226
4605732
581776
6629277
7049105
893150
-1244523
-1428909
-3638652
331879
2557521
10803896
-6884575
11291105
500858
-272085
249849
-1394530
5083189
-2077812
9950519
7615575
-1677248
-2888798
-8131653
6025683
6923059
4117907
5546542
1302624
4238759
3189273
3730870
1149283
3754179
-448805
-4321477
2447638
5440912
-286751
1167951
284026
12613301
-1897098
-2078127
8258669
-7678356
4792301
-4922647
4637374
-491279
5948374
3146122
11865213
-5616184
103803
8364484
3274027
-1446550
-3443385
4954457
-6208910
571209
-507123
-4223454
3319155
5545321
-597567
12320976
-67069
2339172
-8290028
-7468643
-808946
-4886434
-775703
10934269
3329251
2988873
-996688
-204563
-4712093
-2572307
-5048624
4258241
5810177
7470131
6538854
4866386
3806303
8511103
-4524085
3590103
14139200
7523216
4805646
4806270
6291223
15433625
10135405
-9283336
-7549962
2372172
3617661
-775520
-694840
6662069
1131782
-452950
-2769249
5136207
12834864
-441115
-151614
4369924
1911370
5040895
3130547
-6445118
7610824
4496007
5415736
7422044
3442574
-2146248
3550630
3703539
-1316712
567042
-7038975
-37223
-4191258
2228407
-1953615
6411204
6338873
-1861496
3048367
1079351
13585737
7824764
892532
7783828
5766906
8728678
1110176
-6145763
8190861
7654552
3950810
1692347
8267265
10990744
12024869
-6054683
9286163
6699017
2840190
5138393
11447849
6429897
4492657
-1467256
-886910
680995
3113824
-255487
8171154
6380195
-923296
2043495
6792249
6428737
88914
-5770794
-5330921
5089114
10870419
3929230
-3166201
-3383905
6636444
3500595
15477051
-329544
4177935
-477487
4524754
4084081
8217405
8309949
-752383
-242161
1180993
11723356
1372706
6371635
-3386752
-4160860
8740133
7851528
-4658253
-1620339
1873866
10673173
4779923
8007284
9863613
2444251
-2266800
-319379
99117
998807
1068276
-4112509
-4960811
-1539795
-4563167
8808988
159259
5013045
12283203
4950591
14418184
-1440638
438071
13500704
5945062
-4559246
299885
3321994
155703
-1047167
-7723868
167251
6348913
10630568
-5847366
-6400522
4115833
501629
-5309345
2030846
-5240855
338821
4340949
5471450
-1597227
-1383839
5127208
326325
10067838
7609436
-6277283
166796
-7161289
-2234902
8187084
3223596
-447082
-2207818
4399918
2574084
3022586
9590126
4794673
5376594
3679379
799522
53088
-6940482
-311635
11836744
737754
36664
8934072
8146199
7794071
-63529
717913
637053
-1909067
56090
-1601441
8088974
10247
-5437767
-2651085
11996340
240220
82556
9983158
4721079
10918444
2977465
6650836
1499938
-7523173
7895126
6874950
-409711
8516691
7503367
-448277
5475770
-8037734
4025885
-4742823
694009
5136749
8443594
1030508
1067743
4085769
669713
3085681
2656297
1386902
283014
-303355
-6643468
2145799
4608325
-253525
4966146
10959478
-396898
4751278
-207113
9404943
7010176
4556015
-405618
6936333
8368334
-5383281
4906812
-2453025
11118257
-2323483
-2055336
9576313
16818
-5649647
7946838
8158502
2649775
5476930
12555611
-136959
-1002706
-458509
3801325
4931836
1377836
233186
4392303
424030
-3223885
5267586
4700527
4476706
-6966813
7970307
4495826
-2810498
10884930
-1892568
-561521
3084021
1498540
2465769
8464956
-5341631
7625257
9841552
14534360
7268989
3869722
8423333
-2253812
7484704
4028133
1042259
6968669
12492273
593416
-4487115
8827245
4432659
-3164720
-225908
-411121
-5330657
-5643446
-539196
7144853
1935480
4027033
7628724
-2516293
1109650
-193969
-3716844
656825
2590335
3773694
3872144
-2614940
5528720
-5712673
-273060
7759742
5659346
13373103
-5474657
8771268
13430998
-714963
953701
-2534222
3876207
-700186
2241104
9519352
-5477630
7250634
8458835
-3604145
5186915
-7131238
3618986
-4807142
-34601
-7296746
3774217
-5814924
-593093
813443
-994839
-3528272
-1334607
8280499
1261260
-2003927
1755315
3390383
2425145
3519494
1691167
5115541
2657145
12849648
845916
-4912453
-4408708
4254823
3404772
2173425
-2377078
3814671
-5790512
2035853
-5890491
4458547
-5285256
1853735
13368306
1992098
3125933
3081493
2808851
7722165
-18008
-1058843
3253686
8656684
2052775
13031008
-221125
1238335
2265419
-5272910
10635036
-4121274
6601157
-725954
5845851
-2887641
-628796
-7524260
944468
-1473585
9199851
-696205
8117219
5340517
4926123
11430166
8235387
3716861
6916248
10766599
7289528
-3136734
597674
7417357
-707127
12490397
11130549
-5946375
5949366
3174276
1296794
7968106
-500965
12943512
3594693
15294016
12953217
-332779
1134405
-1818432
3615103
1430360
2307895
2684159
7579751
4651685
2612197
3155728
-5984243
4042899
3925593
7762432
4135263
5009184
2250779
1339834
-7055367
-3745979
3948685
-477609
-2778544
-463784
-1419625
-3910991
6067686
7447451
-853219
-2726497
-4504252
3540178
-7591091
-5738281
-2239835
5523839
-2706224
2566329
3732637
-6428799
-3085273
5827880
-608428
9191716
856128
1546673
-1292259
-1074
2097360
5098519
1456327
-5276067
1939879
-2626294
562265
1942834
4866532
12504129
2440617
-189754
-5417885
-1366417
-1627084
7910913
1512938
5023844
11474873
-287386
6188340
3893204
8891539
-4225276
509991
2453888
5916626
8523006
369604
6619077
-20147
-2049476
3575471
-2417661
3064126
772890
5562069
2415506
1595937
12647152
5802141
507361
2760279
3106986
13018865
-4633723
-794307
3778392
5077080
-7675267
-2446033
5147648
13211500
7499705
-1764027
2026655
4988014
13160537
4759596
-7583751
6965512
-1800927
928341
-6127314
-5760874
1181254
-1728551
-370171
3865310
-1696446
12836236
11024070
-587905
9827363
3135696
7973566
5705472
-5497421
-1399123
8074426
7862713
5245001
731713
10217402
-1479296
-4602708
7200072
6538119
8050250
8023888
18458
4947395
-3161399
5895260
11034440
-7601113
6700596
-2920944
-2903499
7486229
1576551
8186199
5603745
12722900
3339654
1380435
5308161
7150197
8179717
8660774
12217230
14404
1357968
-211171
-6358875
2801232
-911009
5727560
14479179
-1404833
3192676
7811940
5577898
-7630433
5618868
-823564
-5262281
6897336
-4882227
3075411
8281603
-6316561
11280777
-1209437
4135026
1414987
3717789
-983305
7879533
-867821
3826773
2226989
387987
-628738
9223579
3960323
4384980
2554161
12632712
-4256018
7568989
-6024406
7151271
-1799005
6589253
-7332209
15411340
8317363
5344935
-160391
8391652
3450149
6538628
8602731
-345340
-2703116
3674703
-1355585
10629
6555843
9088071
4620001
8642877
4328490
8726726
6675015
-1219184
8498182
-3555474
12525759
2705021
937029
-6812320
-5281211
6819224
995769
2536326
-6796915
-3167216
5065379
-1779870
12076522
7079519
-4851816
3601971
-1043181
8813912
6331499
5517766
6053769
7031879
3005208
-1803923
5088980
2773698
13261485
5029890
1471203
-68173
4842077
-7692441
12153354
-230629
1356824
-8960292
-2788688
7685400
7683524
-363032
-4161969
-3249709
11271115
-437717
-4197637
2607262
-7141215
428484
7908723
8573086
6836796
-2320111
-5152918
6334320
-4596182
8142936
7376946
10362
7912245
6777603
-6864900
3061478
1634255
5255702
11639985
-5027267
7073439
4162656
6497145
9000890
10139084
-3655055
7039328
-972996
-6855206
-1869928
642972
12219203
8862989
-1658619
-5384196
6407600
-791989
799767
9474421
13023022
5195130
2869366
-3834886
3714984
1596001
-632615
6591085
6725746
-4938686
14159285
9215127
4279700
-907092
5345545
10759246
533352
11453195
1811326
-4404392
-8172396
5018921
7192865
-820155
1740090
4065292
11260817
1306257
3007173
6790117
-2906934
12895920
7858864
-4718578
-4653244
6354544
-1835006
-1892133
-2401778
6686990
6772511
5640238
14259586
7491129
2024099
5667726
-202111
-2088154
2228979
-1853879
-1879736
4055595
6590369
5362257
-1982386
1756466
9243638
-936340
-1982999
1363989
128529
7981523
5088399
4602141
-2211751
-5463339
10428523
11932039
5128366
-2915359
11892482
7446290
5192078
12878815
-929495
261468
7547740
4000333
7836428
-1769673
7621390
4034402
-1402251
9596
789257
13419068
4901134
-4485490
5397489
6599348
-5127548
-279504
-2621211
-356784
270548
9676609
712920
7545414
6639724
7290082
-5452042
8102014
13886714
3787
-796417
6510566
5136408
13777759
1080664
8940896
7234358
8334612
526567
-4480616
5958836
13502346
14675504
8855714
686697
-6421895
11379780
7215478
5594753
-2748344
-7165751
4439178
-9004205
1302454
7977390
2257885
12969225
1180178
7207951
3107373
1552134
-2195405
661841
8033346
3911930
6584462
-6901575
4089109
5969140
1016588
-594114
66358
76911
3152428
5978936
5801173
3386933
839472
-511504
-30775
-4099153
8051583
6941794
-4319926
4805722
4003332
4457730
4139340
3483118
5398460
-7017050
-4775745
3434429
6072579
1784711
2312201
3182783
14556777
5801032
-3231152
3074178
-6776463
4388345
1995976
3921924
7961547
12849427
4343100
-578725
4308604
7469953
7656910
521499
5493201
5040503
5083405
2658823
-7985384
11369933
-286837
1610611
307701
4630782
-1612185
-3330900
2885932
-2793058
-5099767
-5142195
-1157551
13252595
9018638
12126335
-1669072
2037387
5040692
-1034469
4656271
6958714
544876
1457074
-2970885
10758655
7367477
4486969
-3108584
-7461328
10958496
-4859576
3097916
2216719
-1169456
12925042
5679070
-3601594
8198004
335057
-1297045
215496
2540
8259392
12795812
-389053
5691129
-479269
-407401
1901793
-2173918
10296624
-3953080
3880816
8341487
4533067
-6047213
632505
13013749
1928993
-2495575
4211349
3453900
-5608158
12077963
-228425
4076563
7115070
4158827
-18081
12409410
1762116
5344526
-7095862
5190411
2900141
3747114
5997475
-970337
4215936
7058501
-660474
-4466945
6920397
11999635
2152064
-5010096
5873612
-7725987
1323795
4284897
3334153
-743610
611455
8272170
-928851
-714223
-3286005
9402774
9550598
-5750939
2024629
9358071
-4724708
1733694
2046457
-4913307
-621620
1846424
2870357
7735234
7849848
-5504419
-5222470
2092732
-6464410
-6337690
2686300
6539170
-4670280
4042335
5166837
-846914
-428692
10447158
1749810
-1003806
-772005
1051768
2982538
3615427
2960402
7952349
-4054806
1426350
-7326324
-626894
2609245
7641339
-329489
-4775587
6534340
89834
5364626
-1309260
3478771
6189497
-3073971
314288
-128864
-2108080
-6089964
10819913
7395290
-973152
-807698
8511130
6646954
-5346209
-6021260
4071734
8279511
4352790
5419361
2008510
4014484
-4197450
5778018
1503835
5280187
-3910142
758361
772933
12215754
1228757
364860
1687388
6488794
35820
837110
2551539
1679694
-3954588
2493045
-3115665
12881264
1126884
4984944
2557628
7613148
2577838
304755
5291042
1052524
-1916766
9830791
13244084
4921176
3761611
609860
-630457
-557775
4633949
4880288
711389
8827631
1990237
-5382647
3315491
8032086
3951281
4875216
-1160785
5400046
768241
-400678
8186273
-664875
2604892
539179
7883907
4720095
-510073
1000447
2762470
99175
-2595109
-4960035
-2971046
5980114
-4636203
1650379
1996752
3187291
864567
2049705
-6370781
-2436473
-6825043
2669968
7923183
9638662
5601545
-670244
2743177
-894874
10226015
5488965
-1519867
9952055
10118980
-55261
-5026618
8594949
-4070581
3111878
2961361
5126438
9134936
12689556
-1909579
-2043701
5491563
6981541
8722641
6826234
-3029913
8478745
5513369
-878828
-2014818
-2590051
-4249015
10421039
8071775
7585793
8450356
4518943
11079559
6998527
189791
7022341
-6789041
12070435
-353572
5666326
2302930
-3089967
359716
-1866158
-1362537
4753063
11397647
-4611694
7361257
12185865
10218656
8242730
-8648805
-2201192
1570903
14224611
-3580658
2725545
9272400
4607783
8735150
2760533
2155787
-336219
572956
-316632
1293062
5999900
12501286
12185675
5734430
-222199
11240132
8494245
-5000237
6003864
383346
-1922453
3285257
7481315
-3737931
73645
-357573
4736590
8134056
-1459741
-3309097
71920
-10242909
1505841
1732780
-2106222
6521459
5365236
14876913
4703576
-1996040
-91924
6497906
9164585
12851898
2803733
170561
-158525
2683389
-115874
-94347
-4789700
-2191995
1413130
5795217
1706620
205125
13055586
847818
6307262
13649552
-301333
-2070937
-6175425
3901497
-1171484
-4914059
-3140532
1598691
7506403
-1866347
3751124
-302673
11523760
-562353
6859810
3129771
5035308
4448579
5429913
11789257
2621930
2087271
10621338
-3545727
3236256
-6541495
5595623
6126325
5853630
378786
8121186
-5264701
5349445
4174305
5752137
2674797
-4200798
-7413447
8088258
7664291
1268157
6555867
12003026
12415597
14888797
4821638
4243065
3485391
2575
8663351
-150901
13983959
1461469
14558246
-919661
-2857790
-3154274
-6948062
8917309
3601429
-3752249
-5790998
-4849933
5481270
12320338
4674900
-2536851
-2044873
2926346
-1976188
9157571
1596911
5162384
3194526
-4716735
3129315
2898656
2372260
10439183
5476562
-6378570
-445989
-8137245
-5786739
7513935
3287437
7837930
4767849
7222948
6296818
5759164
-7901656
1558964
2209656
3983627
8202710
-3347051
12176958
-6518639
-1309493
6377998
11974849
6931618
-3638022
-3116260
14796565
10819637
-4094944
4941143
231724
3418236
6162932
7129126
-1405791
722822
5631681
1981815
1558208
-5527923
-4310455
8787990
-5010250
10167000
-7885603
10318
-1179472
2718905
-1142129
-1260693
3567761
-1578042
-573478
5996010
-107571
7575837
3852215
-3846388
11402447
-7550681
3742893
3293611
8713479
4923242
-6540664
-3158584
-7580693
653595
8621723
8190774
4781639
1266647
2413342
-3205697
6657131
192953
-496000
-2086382
-7500051
8985023
-667977
6918062
-2600490
8256155
688620
3140290
-147454
5292643
-3262474
858410
745224
667614
12264825
-1434338
5895626
1417395
4250231
4112902
10755978
-51846
-3575044
8385406
5342283
4259090
-1808843
2908246
7460403
4219228
-3565890
2726962
-1209007
3341091
6470050
-650376
-6908111
10008512
-5748831
3529646
-4893670
-2016937
-4342519
5186636
13822767
12153065
7893906
2746532
4493712
-5739395
-1301083
5174682
6454102
3623597
-4726905
5481428
-1489465
7238216
8872774
-634273
-1221745
-696576
-1673835
7939952
2503822
-2494174
9425736
5992355
662664
-2937429
6009223
-3158817
-4208922
-2843336
2315659
11546033
2756964
1951665
-3624971
2124240
1920129
4550999
6094598
7534084
-6781033
1163314
3521764
6434917
2174687
-1986521
-7696729
4801509
3005138
2974302
-4687977
7713205
7400320
-1778573
-5548424
4289147
3935436
11472488
-2078065
8078115
3363277
2703338
10742065
7071261
3484560
-3777647
7095691
887664
-661786
-7444102
1925376
-105489
1998496
4555245
-3198712
2418773
-667256
-9977298
7239363
-3055364
-1299632
-6547977
-1683401
6584821
-604602
7819868
4783402
8504607
5780915
12794024
4228413
5625786
13711549
4515776
-5548011
3643597
2084973
2916520
752797
6813641
-2443159
6786059
-348873
-154219
46758
-374274
-287568
648530
-4622020
7863137
6452557
10150867
6630198
-230706
-4582976
9069431
6652298
7357943
995269
2694701
-1118206
-5339005
9433974
-1313104
2531513
-4221141
3072615
8716894
1581357
-278471
-3956636
3394655
172779
8863013
8443095
2048901
3818130
7946964
5961109
1156834
4461139
-5598172
-896577
-1251437
5257493
13595616
-7328844
11409961
9012818
8249028
-790028
-699729
5686821
12466238
5335682
-1094140
-2980314
-1826836
-2845745
-3269437
233897
4727778
-3861451
7482427
11806764
-1056052
-913560
-588751
7180504
3662226
-1048545
9725922
3298364
7130276
3619304
3815081
-558879
3593940
11905059
-3314505
4388831
-6565639
-769183
-2320105
12736020
7693385
9879434
13722797
8251558
5445907
-5981431
-1462640
6441045
11299363
6152144
-4186800
4001809
-2726473
8913187
11796080
1318350
2529751
-750990
3174334
2381229
-110041
4686028
4114907
8501362
8228022
702956
-509009
5283038
84568
-1013050
5743789
-2589174
2249714
-4174225
2046036
3917907
2441103
6183141
-2219854
-4387988
9897176
7843908
107466
11116450
2965871
-930551
-47164
2340964
2616266
-6200531
944538
4848063
4781804
-6270884
-4074899
1775899
1365647
1868710
11821368
-7001242
4467599
7944925
20768
204196
5969149
6229967
9654082
3675148
4843427
2928949
-1316068
5172636
5418781
-790694
3182609
7734027
10120665
10516947
-2709057
-695558
-2684092
2769204
9555154
1930792
7503775
3818447
5731665
9038584
-1999719
1327691
3011642
3180306
6269125
604064
-8430325
2854277
-845660
3996073
114001
4034466
-6555418
9969251
6961895
657873
64337
-5291856
-3948056
3994768
-1640493
-3051634
6976697
6226480
-2699228
8648763
-3888403
2347077
-5639808
4924182
678810
6904145
-3148730
2731263
6697601
1526133
4100396
-2660767
8824161
10195364
7555832
-40198
7120525
3252155
266524
8903167
-255473
1766461
-4185088
11570746
-3569891
-692571
4876392
2147932
7706482
7005548
-343853
7044139
-31296
-549459
3351559
8745262
2707100
10231047
8899941
5889700
4841440
6461766
-1074078
8420439
-1451026
-1357634
7560191
4912663
2529779
13235651
-5946518
-527811
11328228
-1336279
231597
-1239194
5184753
-7948420
11801621
5313490
2351754
185583
8405073
3287814
3154809
12086448
-2345837
7804459
-4141530
-5021034
9809023
4314021
14137206
-1550346
2842318
7014089
5047981
-707467
1503586
-5289373
-1082850
606608
6341401
-5393800
-43680
-815565
-391334
1551200
-3501534
658256
-1370342
9005758
419439
11352970
-4336108
-2208946
961332
8433646
10064047
-4914187
-4853881
-3140123
4517878
-4297848
-165951
8427324
-204263
-4339519
2806474
-1010923
-499566
-6196749
2097576
-4679125
-1163656
-905559
8752558
7714266
-3678584
4084751
3782053
1448259
-3291409
4839057
7556203
2878998
7827070
5205951
-2291962
5214758
2904631
6570288
12623192
8785472
-2027121
6746823
1004584
-1350570
2684482
15173
-4611063
1954082
4274469
-1545492
6252439
871659
-2682147
8755479
2781176
-3254075
-35657
2863942
-343071
-7751733
-939937
12700879
-2619622
-1401701
2428976
-91152
6079869
-2725485
-6689451
-1055480
2925898
-5617310
-1671000
4032310
357912
71658
-895258
663798
1178003
-3161261
-1884353
537849
14090441
2880032
5544525
-5255560
2846477
288794
-3485415
-2433876
-2609935
3074139
10000075
14213543
-616528
5564287
11094003
2435783
12151773
-3284887
3979269
8218334
-486309
-1815677
5572281
4319861
3325794
12070099
5888735
13776784
1219831
1965481
3080499
-2466714
3687177
6418654
-2809826
11492990
13482730
10335411
5067967
1987572
-788011
7991535
168609
707672
4096459
-428121
7575230
3639123
-4082525
4195519
4880548
8236554
3078228
18555
-1628982
387086
-3551167
258405
4702746
8706858
4781083
5723752
-7081857
-1672092
11028586
101547
7828575
13761703
2696159
174492
8674901
-1160682
4920701
6159363
1014380
-2156566
2300259
4801241
-1049412
8182641
9192390
8299131
276248
4109940
7237530
7696884
-803302
-2630702
2242455
3545747
7103515
9434626
9435268
14173632
9268487
-1686897
-137773
-223627
3457278
-1693961
-7159869
12628044
1436198
-6222338
1191632
-617865
-1146996
-739678
3922554
-2302516
-5413516
-1048491
-6782709
1914502
-4998153
3454196
8915307
-7524107
3204892
-607154
4625687
-6302289
6981587
3179817
-1559096
4683656
-219980
-2281964
-210490
-2758746
6964792
-6052487
-2315883
11562311
6203651
1873262
9036894
-189655
220380
-378134
-6037600
10158621
4016246
8162931
-1351720
-699763
-7818837
-3824484
261363
1379485
-7335338
585387
-918185
2172880
2496157
6307034
7760338
9422941
3306146
-4141582
7800260
7813522
-7956072
-235334
9204609
-388597
-6553903
13195365
8715657
9253592
8371045
631007
540595
-6537298
4155734
-5965582
-3283759
-3115558
-206597
-5583902
14083318
9752140
2630373
-824800
-5808986
-1077210
607621
-1896310
-651553
2763803
-6014145
4534110
4633170
3401167
-2190002
-1635992
8996103
6758870
10842932
4447070
-1006553
-1336032
3322123
693316
-1083246
12934225
-1132842
13849061
-409911
-926590
3128148
4716855
5420856
372445
7888706
3440304
-3689363
3109439
-827644
6505681
9436282
-5379792
-4774228
-741840
691493
6581585
2526183
5329814
-5503331
-32541
4086193
8724459
-2217750
-2079870
4120492
1611862
8087030
-1500520
4906393
-805481
-6709521
14117383
269307
-7376217
7794980
11215331
-4148843
-667055
-3113865
4713790
4116663
-5489061
12745793
7951874
8511780
728196
-1030366
3809216
-1182415
8240577
-3839787
3788792
3152367
2554466
7732559
870692
3921687
-1937779
11033613
-2725234
6554775
3859110
9997021
-558690
-4268335
-2719761
7485694
3602179
244284
-4391695
-2422003
4574709
-1295335
7634613
3363492
-5923285
25804
-5693728
2056291
8823588
-5009640
-1561590
2987576
-1194278
12291102
6080562
1961596
7926662
4171603
2154060
6020104
8138194
-3499086
-5180398
1303441
7499257
555271
5920254
156821
8231241
-4979216
6415159
5419825
3498612
-362782
-2590654
367482
-3192439
-726636
3112701
7876497
11164223
1411634
-170828
6548600
-8544935
6813579
-636411
3618722
3155192
-1334141
506953
12131704
6323481
-1061763
2763307
12300838
6002007
6143716
-76111
5369440
-7595614
-4732885
859640
4274740
8617761
11433120
8973092
967817
-5587834
11399719
3121290
11675126
4350772
-636120
-7295316
-6894925
3633866
6759152
12277109
1504646
3889542
201552
6735224
-5662617
4250246
12580908
5257283
138093
-475455
-2232339
8116423
812088
814349
837874
-4933209
-228400
-6421302
-1105996
12236172
3735517
12230317
-1456931
3746715
6415221
209333
6262608
13425351
7650280
8191559
600546
-46086
678408
425623
-3374675
-5742878
7807632
4256347
-5544593
-4376416
-858445
2732909
1104206
11265148
4997077
-3732299
7834688
8242383
5401489
809124
6912208
-4194558
12219688
6177137
-3162261
-5282409
12678277
13095476
1611050
5163438
-3001515
-2016482
3101121
7736961
3043394
4450659
7370608
1173887
3872872
-1318973
1595264
-2538217
-4433014
-2904873
12515810
-1726459
7111548
348542
3598858
7230567
5103341
2188627
-3418093
7143393
-5504703
8024949
3854728
7927111
4188196
376426
7539465
1977308
460591
419457
4983915
4674531
4699522
-4754098
7808621
4716480
11098002
102999
-154598
-1643282
3564253
11253844
4358574
-3647842
3922583
-366134
6629974
943714
3188950
6758350
-1858489
1618544
4223655
12455029
4441417
-1278905
5762489
-5793129
-2330970
5584278
-1097173
-3594678
3194584
1540747
3375237
-514404
-4001583
7807555
-2583205
1443316
-5909122
4084402
-3772810
-2142718
488612
5503745
-5443702
1864629
8738439
-988003
-1634500
287252
479233
4328238
-1099723
10099167
7723314
10989516
4284092
2722300
-2905918
-1300927
-1228168
633951
4988050
8387717
-369750
5281794
-7409945
4834043
-2036629
-9049377
375228
7453678
6793300
5889103
797083
-5009570
6203379
-956851
6098167
5901632
-2540869
980271
5346787
-2905462
7199962
45567
-4116093
3549253
-3187104
11895292
-1509790
6286166
3745428
-385137
5199985
1071056
-796821
-3535130
4335578
7736301
-1756476
-3682653
3967368
5640629
1063979
11556562
-167849
3040557
-694058
921068
13078072
-334945
-2292014
7911408
-5027805
-4325201
7350812
4253562
5642429
-1760106
3800446
4265780
-3081305
-6361352
11242025
6789631
811161
-3892614
1726217
12267994
5262890
12615504
-1913356
986711
4956714
9791914
4271519
-1839422
9439074
-1635945
8521396
-5897003
364156
979488
-3156014
-1174462
12190717
-3808111
8641725
-3398695
169946
-204438
3194238
4822751
8105353
9421025
4012665
1262229
-1253638
12463559
306624
-582602
1859624
12390718
7289462
-9550261
-3134892
10680914
3656229
2663090
692507
611689
3612946
3571048
-1114792
7367859
6183681
8721973
8292757
2309427
-8350250
1151859
-4101050
495460
3801066
-300692
1536586
-5407035
-3011936
1234878
3356123
-4071544
-5485693
-8845352
8829057
-5727215
8917523
-1087747
-307005
7002466
5718505
-4080609
6772262
-5251248
9689114
-4326297
-4401106
-4154018
12945746
463627
9904843
7552187
577422
4651264
-18206
2319557
3912830
8835923
1517629
-57315
-6742798
8707169
-2815741
-5001029
-4423716
-3242040
-3858668
-6954853
3349144
-4710442
4942300
3912132
7751489
1685330
7244769
5588631
3104240
1968785
7762748
1130456
11255032
4183418
13505713
8873851
4786441
8305372
7952166
5418891
2562426
5294344
9528479
-4678157
9406366
-497510
4509182
2455995
3277518
-5420543
-74486
2691765
2130245
1327194
2992172
11385260
10521224
-328667
1402288
4379678
-5300194
3423353
2688278
-75336
5384443
13411497
4377504
1114846
-2347703
1462576
-986700
8431735
-3223191
4257581
6906217
-722983
5410308
10618437
13192995
-5063224
9068569
2084479
-1526184
707649
-1197851
-1072398
-6978959
5218607
-1224883
-6329184
10345295
1731888
930639
4433413
-816125
-1292539
15308177
-2107218
-992620
3331276
5073898
-1735905
-260248
6868781
264810
9627935
-218760
12888407
-4343511
4547984
-1049444
1233108
4678744
2524687
-957971
8645720
3487039
3767585
-5802143
4188318
-4430698
298366
-779796
-4686217
732485
2135172
5641319
6054453
4783508
1428659
-490940
-1254024
5984890
2912992
-1808131
-1107677
-3450585
-1809892
-5184585
355455
-62400
-2031073
-5027807
-2961958
2001322
3850514
-1386740
3064525
13703965
-4592367
10721975
2804780
2873128
654011
8667925
-9035816
477362
-6252634
9343244
813020
-4067701
3400252
13407120
5759173
11022334
4268316
-257926
8186785
-417568
8011272
9274725
-4717711
1197829
5449256
8469209
1279495
10519253
1684053
6479169
7586129
-3826637
3531657
452356
-619879
3698458
8619510
-464803
3864307
-1369524
5010285
4231568
6002040
-2670540
-1652129
87492
11921759
-1480448
6964473
-7777183
-6995658
8428956
4774288
8532067
3236400
-3536910
840783
-5155763
-3207791
4700481
-838528
822385
5073966
5673823
-289635
6264089
-4202260
4914183
-4224985
10842897
2798684
-2707962
3839555
13151023
2901519
310691
-3841235
-5788036
12549310
6734471
-2606210
-7213200
-391147
-3210193
-5912136
2958616
-7314120
474997
1064032
5387046
3207268
2219656
-221078
1394374
-5508898
9830007
6318002
-976676
-5432336
13761017
7477111
4497740
6437918
3538394
7062969
-2236241
7025519
4838566
-1955935
365767
5686413
-1012318
4919902
8092623
1651422
6002720
-1088514
3840062
1965187
5483483
183944
-1905190
-3017719
8786507
3186324
9874620
1422268
9682386
-3844660
6807233
3875631
-760967
5578066
809525
-4089334
12443389
-1507127
-3152365
4086166
-422590
8367594
-4719543
7606333
2540180
-128710
3425592
4591080
13054097
11151463
-553446
5612553
4208750
-969776
-1251285
10542711
-550150
4850124
-471841
4137810
5424344
3728696
-90570
-459606
12251423
-1755141
8826447
-5024530
451693
-5183017
3331310
-4405870
-1006507
-316767
2622767
9080258
397055
12783108
5793575
-1380373
3353565
2145055
-652267
1092670
-280505
2373071
-2714500
7978478
5024758
4046294
-3158113
1828470
3739900
6394172
7046697
2512911
8298293
-3811684
10782370
3477350
-2092270
4851589
12773461
-1645961
9366956
-297397
3617434
1957430
5008789
-550385
2973734
7828098
12966231
-1043894
2074800
7909478
3442791
-2354836
941162
-3557083
-3862399
4463293
3038229
472052
4865997
-2634336
3259848
-366380
-3914662
230556
2734028
4697888
9068125
8522415
8517415
8807701
-4967713
11692637
2988544
7371881
7918091
6971826
9108063
924875
8711222
-2148415
-7423889
12290450
5781483
-8261663
-8748258
13320560
5604737
10978295
-1801958
-2735039
11500613
8180352
-5001296
3296755
-2999144
13967717
4434897
-1570587
4102906
7907486
11952263
11351403
-8394688
13614912
599108
750262
7031554
-348982
-4913656
3874244
158790
8276627
-4269077
-5132164
-5062645
844090
-6234879
127945
85431
-6568195
11387708
-635711
418649
9776660
-2514838
3539011
-5044504
338302
3327841
908628
-9136071
8773899
2197248
-1612078
1715778
-3778321
1414223
8413840
5344764
5942036
212765
2198
-210411
5095724
4778484
914295
-2136609
11053601
5011039
5612908
1889120
10463703
-57697
1484836
12967401
-7108461
2534862
2870897
-438121
-5935036
3455335
8431916
12921199
616850
886046
-2355055
3611182
-3546564
-1736095
1652764
2894202
9266625
4773654
2123038
7149761
13941463
-3320319
-5688847
3402501
3386583
2979662
3636214
5218897
5713340
10768606
11987454
2120433
8758840
4360897
-4522560
599487
14001813
7257465
14594587
3860084
411043
3983575
-1332573
-120164
1149831
7708190
3674926
6112735
3653730
-864749
604426
6991766
-5093000
-5459066
1283982
12779919
4589760
261212
9057723
-3453630
902025
243034
11337517
9212376
-1063071
4363890
722616
7163822
-388226
9154088
-3648396
2995249
9233238
-5859343
-6095690
-2681930
4348323
12652341
2437794
-752173
1212521
3819920
4186240
3232460
858962
4654976
-660155
726300
12716748
5759716
4923215
653190
-3064458
-3981369
1524202
-946994
8077164
5017019
-4308322
-181876
361950
2999202
-1198461
3300971
3000747
2540024
4998466
7838104
16172884
9198798
-1759718
8279692
-1700925
4789969
-589177
-3853427
5769241
5760576
4978307
-5135008
266669
11276114
2115220
5364927
12745509
-5165174
-3646905
90294
8271190
5549331
-2299245
544626
630941
7800572
3521340
1971246
-520671
1440217
7600480
1343865
10858554
6351598
1748979
8488487
3051004
295593
-910871
12318207
-5565197
-4789967
-798797
8818173
-3360442
-5352888
1903455
8500276
-2784611
-3977861
1578472
169387
-2168782
-100234
-2631966
-170228
-4854521
2153881
274240
3870537
9183056
-2495949
8419233
6694856
3070621
-5956796
3383
7790614
-6493585
8627340
10911968
-5015427
4044721
-4615153
7895750
6833783
6295549
8949672
512062
-7025447
-7341560
9442396
-3554740
4327716
9031123
6708190
2787839
8105916
-1675715
6606367
9105157
14779325
7778060
8560718
78835
4809693
7856991
-1015654
7166635
13498371
3300972
-387702
-1858669
2552368
4504769
706502
12111679
3134115
7265223
4119427
9162127
-1291246
1892051
-352
8505283
-998812
13472146
-5590176
7555616
3160389
8436059
3218352
-254203
7472035
700983
-191908
-2761614
3583473
9143101
-7091235
2447648
-4342325
3780041
3300592
4674055
12796334
-1199488
8458916
5034861
5660345
2075071
2744474
-9104703
-1351252
-1344020
-3155187
1401346
5129543
1079364
8020528
-3237016
-4428366
7726700
-6911560
3599831
-1017667
11002942
790750
-6900577
-285786
12802616
13297444
52328
-1281161
2703621
-5023211
732276
4675148
-406194
98374
9883414
5357141
-90752
-3658790
8278079
5851527
6980017
-885638
-1300445
11610006
-4864864
2423846
-4186323
4691772
1295020
-5023263
7481212
7552260
13559531
7184845
4856422
3852452
1306259
926158
2498922
-1538559
415605
6910157
-1698716
-7586477
8060404
-1142672
-2770174
-352619
-7369143
5677359
-5432988
618834
-2981430
-392364
-3432213
-4863354
9720649
2455743
4340958
-7765918
6009392
6147355
695062
9106596
5516963
-4311472
6668921
8016996
-4303811
11104309
-2169718
-5629497
13324145
-2320176
-816792
8162761
4994827
8247104
-4943411
3963218
1003272
3844330
1708394
4971960
-4645682
-638613
4485810
-385639
3809268
7331339
-264000
-655763
9458360
4318486
-6205242
-4328932
-2313621
8699590
477358
-493592
4713531
-291815
1716159
-6193275
3722118
-3914657
3652689
3648035
-134975
8173331
5751570
6509211
10135923
5045282
8163948
3063953
-380931
-2215157
12636172
11086955
3922906
-1269640
2547644
-713003
3661983
-7138104
6219893
5267914
6447341
-1143872
-4448877
2585718
-2968970
-5346975
12664408
-2022435
4212578
10694309
5769177
8451962
-5236544
-1553352
2639543
-4718823
12779801
-381184
5017635
-2153184
8381683
9169270
6742988
7228982
-5593940
7044212
8230119
4162319
-935390
1259597
-1880719
13151825
1012791
5810696
3211299
5464139
8781510
7429175
2491804
6473713
3934879
12169086
2190105
-3168213
7554341
8578666
-2213123
1699811
-667780
-15090
711836
792275
1424536
7091502
6232007
-653713
3572237
112569
3412609
2913990
-4669919
6062731
11697226
12940376
3520825
6252179
5696404
-879094
5960654
5114234
9273009
3566300
-4937696
3113329
-1504945
-16082
8434852
-3598298
-413319
891870
351675
12060072
8148986
3436923
149241
7567217
-5783227
-418086
-2455604
2311461
1498729
4178065
9466355
-3962577
-2292995
579309
-3305479
-728260
-4928687
-2139339
4405528
447607
117583
-2742955
7304198
-4410504
-8554900
13801557
12214585
4402399
3272806
4836213
6153635
6424622
7454349
-2213647
5605113
-4987752
703732
-3687182
6540671
8083290
-535435
566221
-2117921
2089919
9780980
415644
293547
-7206142
5707763
10848201
2726702
5413028
-2425479
12052326
8580502
5670095
8890491
10253394
9323151
6943486
12402327
4529542
-85953
-4947830
1562439
-2318375
-1294014
12064433
-573967
-926980
11317846
10143552
6730065
-1700281
2934152
3097400
8980354
168709
2467330
11210622
4268442
5827297
-673937
857371
3317563
-982566
5263694
11785912
-2125751
11258876
-4758148
11332182
-363110
3044464
637173
3511699
-63915
1472377
-560986
3486570
2832196
8157708
-2840432
12807974
204509
-5682007
12649142
-4276859
-1382450
8828400
8536357
6922813
11917928
1590912
242804
8972805
7261484
7442624
3750257
-5446966
4243704
7516211
-5961192
3516808
3784417
11871930
-1678442
-4998414
4642006
4310041
1148508
-1365294
11423109
336566
10122036
1650276
-2582067
3212065
4390407
4839142
3019829
789867
11136194
4443484
5183663
-1179785
13664254
8232518
4776735
4674088
-1608919
9773727
6351963
3132099
7259495
1486819
-4271416
6028511
4200558
-5515262
9989420
-6519950
334336
2760909
862277
8153812
3894882
-4728188
-3575345
-603067
-3625155
5898842
594200
-457277
-4836766
5563972
-27978
5283159
427668
3690699
-6082875
-2039830
629886
5107511
-4236723
1798651
11965420
9341585
-4857595
-4660745
4353467
1332689
1172928
2814801
6881905
-8730562
-2423416
3079041
-7835632
2020977
-387694
14606
6911250
2069036
-5552468
-1154074
3349186
5889218
1080307
1937096
4278619
8268258
-2967513
7516087
6282123
5203105
-1063212
-500323
3629786
-5348275
12716463
12298493
9478869
820293
-5131697
794056
4428903
3465682
8195053
11556722
8236547
3063755
1093159
-3664604
-1355983
2734347
-1607390
-3066212
6420520
2198628
-336603
-4630928
5854896
7471001
2940197
2564092
10429245
4093803
4898269
-207927
10891139
7845256
2871272
5323463
-2334930
2349139
11435253
4516870
11081733
7942284
4323475
3642979
-56074
5030828
3700335
7127616
5858731
-3682512
1071554
-1713579
-2920849
6049274
8504539
5284705
449526
-1751475
1546912
-443
-5672671
6716723
2507995
-8918548
2466075
5152431
8475398
-591167
-4668917
-2283820
3178629
306224
2533662
4852281
-1606813
-5319517
-3753371
-7200366
13951444
2594730
-442675
952588
-1950116
254896
-2379191
-1835650
5959974
820712
7748611
4569657
7868074
6053358
-2830785
-605141
-1231216
3102650
8659721
5493116
12200218
1769450
-1681900
5403836
4013575
-39061
13811428
3655221
4219600
3777705
4168515
6081737
-931803
4260770
2582440
608263
9184494
-1824312
2092617
-7330219
10574741
354316
12280292
-2550247
6501705
-1187752
2253529
-503643
779808
12388928
101308
8458348
-1699020
-2102960
3132320
11127061
1576500
-3105804
-978508
5491385
1746563
1477034
13386788
1245833
9726588
1641616
-536606
-4122138
-383372
8052419
-5375059
1308739
13321975
-8660132
-2376604
561898
-813859
203451
-1707683
11272754
450857
5698492
3850129
3099590
-5480653
5245073
10840256
-7056911
2608183
-3350008
3473588
5104071
2862144
-1893287
13338011
-5617972
-1931032
3954258
-3187316
-2472512
5420473
8026455
-534451
1361608
5677537
-3933289
7858338
4338589
7090682
10402450
7826993
-2400242
-2129714
-3589042
3305475
6794681
3110840
-6238263
-1513021
9286717
-2093587
-480865
7417223
1591089
6771707
4330938
3604533
5958420
4374760
-8375788
2621373
11612510
4134982
2226938
-1494331
5150920
5231918
1481427
6217995
7700405
6852590
-1228334
4556092
-1805289
3250471
1095296
2674158
2214989
5224875
-6930187
4491229
2713639
6885254
6628136
12275203
7528140
5854106
801471
7191382
-3826371
8306340
2238519
-8327874
11234681
-5569575
4047899
1012388
-3116456
6816928
2680902
-6044979
2258270
-3001138
3088042
6090294
3783065
6151522
4050193
130553
-2603320
4834684
-2228880
-4599128
5759962
3712091
4193799
4174383
3138331
7413418
4211739
6593385
5243590
-377209
13203628
1919582
7903677
7779437
-4202525
-5865663
4486499
6221889
1798336
12234679
-3976398
7223642
-2865017
10654515
7817256
281454
5455117
7354379
4655711
12343736
12677381
-1811872
-34438
3976476
929338
11242224
3384516
6819866
6881435
11892362
241299
-1022989
5490321
1010406
-85569
5809835
-1249955
8425920
13780192
-1010018
-4363211
-4536221
-6547874
14767484
-2971855
-3564099
-560794
-3437922
8070257
-1071225
-6486757
-333093
3922962
8633315
3314410
-6378989
9120572
6206042
6473161
4259611
-1200520
8664713
-2205525
7018244
-796681
1850518
-2681581
-2820327
-1891585
7730465
1630515
-176108
12547094
-346599
11957056
-4817291
-1107163
12623458
3511511
2588054
2876527
7153593
-460354
-1341726
-162322
13907015
8039362
-4405049
8587988
3494899
11241813
6024438
5399308
1680411
6330320
9310971
5052118
-4241924
949117
-2214973
8496543
2106148
4053009
-1312368
8247286
-315005
-8438673
-1405617
-8047903
3544385
-8027048
9131613
-6240329
5208328
-2678423
4455732
645268
79781
-757091
2228043
2992976
-5811269
3947110
914303
-3118804
13752293
-4005286
-4789913
-2621470
-5721480
10855381
-5415725
8548211
11134544
2322270
772013
2103137
-3194998
-2221740
7352879
-6850379
-325320
11463674
3132539
9012223
6211194
-1115948
-6120428
1183482
-1707300
1031339
-100960
3442113
5294444
9154442
1972434
4864322
-2451753
7559934
12775469
-4268917
5000982
7078510
5335730
8557268
-2005354
4445000
4588186
10007047
5667112
11574461
2260055
6114757
1468892
1408772
-1007700
7544631
9959995
5530223
8599402
2482443
-925508
4335144
9895689
3397551
-716838
5852150
311627
10638591
989865
-2153584
4847472
8775164
13079169
13354659
-2092219
13341095
-1175015
6828550
2997779
8714988
5080863
-3123635
2708798
11770150
-5696162
-232900
-1891245
-6599538
7486406
5664168
1928807
675705
-4417304
4247949
8198556
8194920
-786627
-1802328
7151429
3340285
7248344
8896627
-3109554
-4992757
-1754924
-2523639
6300230
-1112331
5008162
3412752
-4992467
2281253
-1080710
4882809
-1961693
-1883129
11120784
5860187
-4179214
298125
4296386
4953122
-7583838
646902
6035599
-53511
3022030
5457328
-5843625
-1123314
-1640084
-3236386
13262329
8089702
389610
-3299635
-1506378
-9215653
-1598626
-669798
12377575
11889428
9410782
494415
-1565097
1234842
8270779
2362769
-7454153
1474969
-8355037
12604032
-4860993
5063517
3408172
-8846510
7114941
908637
421431
4659564
-6317010
184705
5625969
-209215
4552591
3318777
2039139
12154048
8226725
709267
5348189
-777060
5026134
6019143
-1544852
-3348373
2723991
638093
1258923
-4204561
6771633
11960158
5042601
453578
-1350849
8273398
-5316020
8237677
8234869
-1412218
-6848082
-1182677
-2351870
-6331385
-1986564
5858033
10236209
-2025203
6818192
-1322403
2480809
-717421
7583170
3884021
12240997
3686659
-1207622
4079372
11006333
-9378136
5148775
2769057
3408729
9324620
3698790
2137550
-3238080
6623189
-2722674
-1616208
-2336626
-964660
12961559
8305405
-2891348
-2990781
-1122719
-974344
-6809186
6150116
474565
302283
6791175
6769734
-1922652
5056004
8761777
-4495754
13225247
-4471972
3222105
10630748
-509064
7431443
-854418
7743275
8321512
-359012
5162442
13843838
-3319369
1836997
10111382
101190
5617489
9985374
4651303
895646
7846200
-1438144
9203427
9181485
1186561
6144519
5962290
-583161
-656939
5250751
-3141497
4356534
2983390
-5422702
12829087
5217245
1431196
12886423
637844
209403
5839138
-3733179
2114091
446425
-2032805
5172413
6783780
4270539
5375864
-9167120
11398557
1347576
-890098
12372650
1656885
-2830048
-6162523
-86258
3054558
-4085674
-147967
8223771
4621468
231443
-1925969
9771348
3049069
-5237650
2533951
3158969
8630714
2980603
2291724
7437207
7687431
8482286
7083047
4407847
-1116002
8804576
2002861
4432388
4849563
4178574
11408218
2353451
10751925
519684
-1244623
5704184
-226599
4754834
-2773790
8375453
-322190
7838523
9991307
-6179939
10652872
1675325
9712601
-7606624
6210718
3100546
3398786
1655148
661837
5039931
5650324
1328835
3718216
5106095
-544691
4331602
-506954
8512889
7499037
9071486
6481024
393368
262232
6314917
7051293
-7411878
-1569706
13392888
9629084
-3661260
8719574
8776037
4375384
1164405
12183580
-10326318
-4698036
2835654
224911
4823851
12202466
-5879746
-4589690
494582
-3865939
-3560338
8616109
-6163320
4953885
6116970
-5866847
-5448452
1280480
1077287
11666516
-1404932
3050943
3898050
7733196
3644022
3370334
3654917
3107496
-4963000
4850728
182975
13335313
9070352
2759662
214881
2816567
3473209
-2982567
3584838
6818627
9013207
1128444
2074581
-5950646
-195915
-7334089
-6071283
9797209
3901195
-4685597
11876332
2070254
6047224
2955201
10859551
-7619872
10945371
8080237
-3533884
1678107
12503737
10237337
6255273
-4263124
4159263
8490170
-4506762
8911260
2191155
329668
-243573
-6376258
-35258
8875126
-168160
3435382
-1914113
-3485405
-5196159
7641965
-838901
12478900
-5036072
-6242049
2196900
3704111
-2301788
-1320462
-7612828
4213331
8550824
-513372
10016864
-3613267
6507521
6888174
930053
11975925
-1636445
-4237435
7168407
-6370634
-2078657
197697
-9023653
11358981
-3294011
-2159749
9072796
10193693
11271964
-1408755
5354125
-5624580
-303807
-4802363
-2224715
4164850
6552005
12502990
-4947999
-3883602
3648121
4422846
1869520
5855716
-3538604
-1126433
-3681779
-4444211
8047789
737642
-6563451
3545233
8286598
2558037
-3748030
10187079
-6245696
560090
8555543
4682024
1490233
4227330
7278158
2122610
-5908867
4518184
4735532
-6935926
-4573684
4763087
3560821
8568490
6931383
8753264
8501182
6453645
-1040118
-3450277
12835512
3309899
6839570
423118
-1367447
8375054
-6256924
-3397159
-5138858
-366767
583399
-867984
12018759
9726583
-1582962
-4923307
-364824
8835000
-5659374
-6301711
7020258
6673084
1056894
-2066320
-3862979
13049981
-1708733
-718234
-5920284
6707244
-795660
928790
7251570
-453183
2362902
-4045596
-4421692
11081358
12622956
9667188
2251490
7328007
7331928
7451733
-4283591
7267525
3438120
-5595030
491290
3323615
8028640
-591825
4701578
-456079
-235648
13637541
1883850
-224264
7498451
6857079
6778162
10796019
3970019
6714706
4275178
8699908
10119563
-176675
3236104
244165
5755453
9684423
8957627
-1320731
2771383
4063633
-7272871
-2381224
4308874
-4675841
4836408
169426
4791224
-4262544
8069784
11221121
7219890
7795817
456667
10051877
5573653
707329
-232651
9037837
-430044
9362857
-1081696
5369318
378214
11295280
7593473
9095771
3932199
-839486
2971190
-4239511
2002400
4287181
-2784627
9341227
429732
8418424
745257
812351
6953423
7464528
-4022081
5458416
1403569
-219552
7326339
10998635
6368252
207473
-1616974
6380137
3040766
7859373
6233131
8005616
3477863
-4648940
4031549
7479040
5851487
-3015221
5978285
5556858
-6133992
3726378
-6074383
800285
-74693
-6738006
4921891
7188263
4843972
2103340
2231033
4179747
-806907
5692102
3865337
5935557
-2115781
7020859
-2649141
-7498609
4133372
9628160
6468110
-835901
2811974
1657529
-1317338
-1437538
-3069927
-3638283
489011
3093485
6211399
-3249000
684384
13311116
7522302
2909079
-36447
6420805
9343960
-3664852
84148
-4173613
3989978
7316283
2216815
4531800
4755322
3897704
6468880
9890395
12476034
-3553725
7755203
7786778
-3623628
11936704
6688506
656500
8329179
-4036144
2740076
1377874
-8307
13933298
10430353
8694305
327456
-751364
6841446
2874759
3269520
3378637
4126627
-884632
5196492
-1984997
6049878
-6103835
12932988
6262256
-3108874
4347185
-7330437
1109541
3828632
9890281
3241077
6635299
7372414
1553256
-1893562
-83429
-3691322
3679811
-6325844
-6488599
9981166
8370604
4444048
168826
9435404
4862544
11883940
5277970
4354308
2315466
166116
9632910
-4406858
2827105
-2369131
1290792
459123
-1984305
2998937
755387
4603913
-1124247
-329295
-1018097
-3835414
-5143946
1036942
4291962
-1020921
-6218421
6165811
2839494
3626410
3667644
-1527949
-763652
8186477
647589
13570430
2451441
8144910
3447117
-1437192
9518121
-233262
8028463
7876784
9254085
-1585827
348023
8739077
5297887
11776131
1027255
5307796
407329
-443998
-4539867
5277024
717298
7710748
-318109
-3069583
-4953213
3101567
1690190
-4133498
3651258
2652004
-2136775
231705
-5093513
-1006236
-8014045
14390944
585410
159021
7042226
264156
-6516199
6338170
10874121
-3753598
-736468
10939013
-3975424
-4624635
-1861009
8618358
-4402336
-6594861
4145576
9445224
6423740
2608996
9584913
-3463368
-6292951
7232190
12352471
13051962
5371291
-3920309
-5482874
11541234
-6350731
-899302
636349
3932481
-747009
432463
8467752
7339593
10081821
11446730
-1134610
5607957
8069324
6219067
12299917
11127867
-2716500
-8358582
11726827
-445931
6153995
8916084
-2287743
840937
-2976891
3511967
2032866
-6479017
788999
-5735089
-106144
-2181973
13418851
668283
3903386
7480941
3085306
-2802633
1992828
12587677
-183510
-6284958
6411883
5161883
9164595
15937384
13497398
2929892
-7171607
4213068
-781337
-45608
6484341
-3130134
-770652
-172329
8823814
-648085
-1292414
-36818
-5625294
-10112006
13629472
2809413
-1918561
13763680
8591123
4962219
6047449
7014278
1093720
-8463179
7464066
4685231
14675
4720545
4577344
-2924487
-5291639
-1809295
1683617
-358823
3065704
-2454265
-1841744
-8397176
-7510392
1676494
6684009
8468843
4162587
-3320011
2855054
-6088238
1192157
3590055
154827
1142225
-5112614
-7843427
-5557627
1665190
11372053
220195
5309013
4263191
-2258506
-2684383
965395
6370694
3712021
552095
-172703
4089647
8486061
3012583
-3576906
8443595
1233423
292555
7927043
-3192340
6746354
-1452462
11103129
7287733
-3610501
2139249
961689
-512527
1549542
12802088
-9112211
-7248352
6857267
-697723
-4144304
-1921934
-1440949
7795834
6110798
-4838031
1957750
24647
6856603
1013374
2453025
-1501637
1887460
-3256294
1202099
536272
9296426
5887880
9472569
6695753
-764363
-5783989
-1997442
4392738
-2315358
4255511
-2074996
3888435
-3531396
4906862
-6254854
-4205779
7211055
-215085
2466350
1944889
5327743
-3663298
-5624058
3399299
5108467
-3891926
454669
-17342
1563162
4798326
4232655
8773483
6636214
-2066390
4401402
-3737904
-1956000
12571500
753377
-5883915
-4096711
133382
6277737
12359772
2926310
9566778
-3582441
2466224
3514868
-555922
12687317
7304620
-5251493
5852830
10969414
9472003
3103832
3028201
-1368887
417606
2493536
11923573
10027011
8889630
7670469
-547767
11608450
-2535954
-7960876
950864
-4514230
5283447
1935514
4117324
780495
-1239378
-4852215
4749222
13053252
9065721
11092779
-1088558
197757
-4351439
-240874
-5473338
-6594877
-6714
-4212352
-1058690
7887262
2094272
8341237
-969458
976185
-4659404
8944152
-1263395
7572097
9620084
2331228
3029425
5995432
2697143
7738423
-316739
748160
10011826
4005447
4873893
83106
2440164
2815832
4802513
-2061911
-7426749
-4111974
8919086
426265
7628431
5357447
-4044800
5619691
9072571
11251916
186280
5330392
6577308
13295023
1538879
-3750818
7081756
13783537
-2987470
7439618
7125717
7119656
6978637
-2758161
6757008
2967466
-276973
11123754
47834
10032051
-1034536
-1278464
360504
857071
1149350
9636311
8388950
-2279857
-698730
13100662
11471418
3948347
-1017278
15966806
-2366606
8144018
3531197
6078141
1681611
2515291
-3774741
-510556
6842618
8462874
533842
-1534025
3573112
4651328
-1529146
8583898
2560658
6035031
-4152630
3003720
4059539
1761105
2953311
3569268
-1488
-933249
6412473
527241
4308467
-7705166
-5377930
9948518
5508093
6164254
2699234
4498734
-6480
-3989328
12750219
1333800
6790075
10204564
3753146
4822790
-2015255
10330648
6399145
-2274286
-705832
14923316
3114226
-5281100
6372379
2707181
-1223677
-3944313
4037749
-1997886
1832729
-10281273
-6003975
12675514
2826045
1877119
-466399
692243
134291
-672808
4975015
5452986
5166663
2412236
-3637310
2966367
-760541
-6349190
-2147831
6163914
7262949
-292122
5664177
12194104
-142142
9013183
14455834
-7076797
2216590
-600140
-2341852
-8198213
12150884
6281170
-5987332
3283802
11777483
7419242
10971998
-3204694
-1333178
12585056
3445141
8459026
-4107568
-8110403
2606991
-5285076
-7496577
-1467304
6789896
-2388776
-2672312
1495152
7819984
-2808659
7166187
-6195196
6310416
73225
35036
8696045
4195891
-5823391
318114
6251821
1450531
4169490
-347854
2863019
5362089
1961148
-7074084
-2469332
-3714324
2600481
1790914
4095744
3894034
4834062
12721567
7994111
-5679769
11703529
4335790
-2569897
407558
-4433799
-3468320
3845016
4087268
12936605
6661590
-3031100
385614
-5326284
-5921821
-6153189
71313
8570586
7106122
-1116419
-2430096
15297132
-4406177
2726630
-3304343
11751946
311649
-3915291
7375599
3219619
5218574
1397440
5134190
-4257458
4724014
6714197
9848955
-4928314
13531453
2719104
-3051355
-6144854
7087643
-79773
-6195294
1467364
-5227794
13607600
773384
4349468
3502274
2311942
1357477
2418576
4093290
5195811
1602037
5148235
8319833
4217772
2510750
8301688
6673674
-6664697
9054124
8108758
5259423
9272205
-4999856
-5434918
-2399011
789509
5022285
1321488
-4053051
1302423
293184
-456459
-1925818
-8098206
4073137
13832450
4281581
3550517
-291487
4380135
-2666561
4464276
-743693
-6269651
7236306
4399898
-323665
-6016185
-5228001
12418977
11577925
4569157
-8423829
8140032
-6872495
8796014
-528042
7236811
1936573
5036087
-2384879
469544
-7107701
-4976543
-2574095
-2815975
4502313
4675353
3656160
9195515
1025417
10456868
-407751
8185583
8788417
-4440553
-40646
4279694
-1907104
30874
-6806798
743939
12077062
-470570
3352678
6876086
2162093
-3898495
7892114
7369725
-6679236
-527369
-5915462
9434595
4482673
1531372
-846083
-4546522
4532215
-5439921
-3927300
15145211
-4203644
3839665
-3689490
677504
14179525
-6792913
9643182
8405298
108195
6264280
-199183
8826564
4028519
1306302
3401353
-3144403
14259293
7595778
-779607
-3445230
3862220
7871209
-6961001
1366318
-4740143
-2375708
3722914
-665587
-297162
2374718
8193638
5181937
3912492
6874935
-159969
-2683549
12634233
8374424
11331452
12501538
5629324
12767053
11263019
5062451
15972040
-1157808
1447790
6905475
7363729
-4329175
1469114
6099160
12238599
-4897182
5889715
2855472
6342453
-7713613
-8019221
946598
13442976
11450333
-4244940
5456156
325181
-2605189
6976414
-45784
5505148
573727
-2550156
-4933041
-3843393
3059064
10113975
20008
4476021
743362
-918564
1010229
6831372
-159778
-546396
12716539
14704289
13590061
-3812991
8594115
1462989
-8430943
6193703
6887551
4112264
6076367
3714358
11608876
8069196
2134427
12804302
14039791
-2342512
-1006938
3922815
1231532
12318568
2871165
4814823
-5240413
9051600
456525
12715372
-3558068
-1567429
3916828
13034276
12401477
-4106396
3883112
7095011
10755061
5795316
-304287
-3907549
6262346
-1136830
683349
-1743756
-42110
-2283546
-3744292
13658734
4257920
7337946
66609
2777564
-1986391
1872725
-1089099
-4633130
-5549548
677854
-1844223
-499206
-4815590
5378096
-5082505
-2701474
3315547
6299612
2771313
5347635
2384479
10739889
-713168
-1522577
5199883
5157291
2625196
-2197760
330729
3690525
3052135
609061
909402
-588092
2821850
-1005904
8926335
-4185074
1511142
3515351
-4733911
233050
-6393131
9151240
-6995273
4879413
5387833
-44185
3572345
3357623
-3106536
7656099
-3287536
6914558
7854365
-47283
6440078
4835503
3227982
1433305
9661807
-3807037
1649555
6422333
-4713117
3869249
6800016
3398133
606331
8959034
347729
3042603
-6929059
-7941474
1199946
1767808
8266092
3918415
3592491
7539167
5155360
8874695
5051872
370184
4699558
-692117
8755917
16304
-2002908
-8525327
843237
84016
-6846778
7756858
97700
-1410896
1067052
1229538
-800584
4855917
4707988
-2330636
4299434
-2252747
3821857
13596988
1172413
-1156572
6369757
2611651
-6277411
629562
-2470245
-2663017
4236380
1821396
-4306221
11722660
232977
8960583
5709469
-1588229
9554796
779902
-3205390
-578058
5710101
7785336
-841269
11703610
4757344
5486214
11844032
-4674597
2186481
4027303
6676019
7279364
-4483931
6536749
4769344
-1396239
7548520
3495766
4901978
-505513
417106
-2531492
-5401797
5542143
9107496
-50154
4451750
-5665337
-6953869
3496420
8570324
13783212
694263
490137
1117659
3166966
-91793
6325027
12050582
-319752
11642909
-631452
2213073
-221431
-2035311
588031
2340347
8636900
4334710
4248661
-558139
2984453
2600285
5037295
11268402
-1268393
-2755484
6845520
-4256510
3207492
-2225982
3429772
336069
1069679
5440778
-460591
-3189336
-7286926
-3081057
5988736
1279547
8758164
-182577
-1441253
9941544
4834811
-9345565
601354
1358642
-4116531
3953035
12381675
511704
2062778
3504561
-4725210
-7228508
-2908234
10242854
5142004
2743416
12801
-5967655
11740302
6557504
-4633239
-6749079
-1787225
12395441
-1904537
-177980
-1593345
3792154
454356
-3693173
-1447809
-1325021
-1870489
-3346393
-5601275
6157017
-4891736
-5458671
9186033
6828406
4073254
31132
-2491750
-654757
1216135
2353885
-4618841
-6383769
3192788
5114549
3736932
7492558
9533740
301810
8240107
3340181
4758459
-2518707
10615639
7952479
263891
-992221
-3238928
-4581310
-1244026
-984732
-1189451
-4575450
-821864
2604899
-31946
-5250556
-6201818
14262390
4944129
-5010473
-2485983
2955631
737191
4494027
6151565
-1045073
1253913
4715128
-73363
4729518
1245034
4877429
12903308
6169803
4184886
7730907
7432087
-6195899
1396227
472097
13543353
-1798646
92620
-6171417
5573874
1887740
-1308148
3589544
-6369149
-2256039
2854355
301888
5342517
13583354
1521642
113533
12360310
4171525
-2014800
373438
6640993
-1639312
15330213
14905818
5400204
-4087036
-1252958
-3608679
1597967
4872737
4433896
-1836503
-587201
-797360
8610554
3713777
-2973764
3178143
1237583
2782985
-5492766
3951694
2989156
-6490260
12811063
4230325
-3899504
-8920026
8315759
-2075161
-6903599
153094
-6306507
-969530
306345
4889824
3459873
-6290355
-4813364
-821813
-4247187
5643208
-2363839
9715580
1746123
12013748
4932194
2118602
-5798599
-1101090
-3334111
-1085763
2036274
-2362358
2168443
1860678
1344856
-4650428
-738785
-3020433
4623846
9373940
653537
11441221
2980881
2742077
443424
695803
8140527
-7040213
13023859
8392126
7515028
3941311
9377765
-3394598
-570607
-5151783
10960904
2905081
3942237
-3635077
8500783
4264074
-5508848
2373516
2026704
683361
4194414
3377446
4339686
-4184606
8668329
-6828985
9034032
-4839073
-299191
1698181
1735894
-1026379
5097808
-3595968
93278
-1979296
4617883
6155113
1522349
4839839
-2002736
440555
3146702
2575442
6490864
1764500
-4931870
4309126
3959388
-3357009
8116065
10930130
-4444985
2412882
6226496
9366289
13612277
-3087369
9901006
2267723
5120244
6865993
-5521273
7648383
3364450
319222
-6973763
-3599423
10453277
-1256363
-2703510
-5894820
-1260728
14222291
9227874
13169649
11495936
2377522
-4245789
4867935
636123
-1166965
5378558
6831411
-4141196
-6386959
2411088
4242515
-1034909
-8653896
-2869768
56805
8219045
-9094011
-5355698
-7379919
-1834136
9219165
-4904034
1227685
-3086040
-786559
-3606189
-5142820
7713433
-3026417
5963573
2902706
2786935
-5531014
-3763104
8040879
1063833
3478572
4960436
8451644
13728058
-1263503
3334055
3733811
-466308
8023580
-712991
8852243
5673512
6039785
8478843
-3903393
11800736
-727077
7155998
7737494
-3323575
-416493
6227399
-493338
4781451
10467653
-1055040
2928074
-823189
909696
6101299
9454619
-975786
4756150
70951
8854688
-407789
-9101526
-2940729
-1976932
7192931
12343140
-1786905
4261945
2509631
742517
-688238
-490023
9315151
8851774
5270870
7664833
5612066
-2033328
-4653490
6129864
976674
7503639
4829755
7248057
-509392
6883369
7019222
8872768
11227963
7706431
-114597
-6268571
3586967
3705868
10468487
-5309078
1624445
-4807115
5474073
1158422
-3364254
4610663
-376365
2634987
4438527
-6699244
7692302
5528240
-2728865
8693960
1830738
7463898
-7535714
9173007
-187686
-6244246
7859699
12252522
10427855
-7361906
4234254
-8212345
16202
-3920034
9165513
-2024903
-275356
2790191
-736062
3953796
9498349
2748117
12019987
4604515
-4732761
13722624
5116220
-3585566
-5795908
-1852822
-4868692
-2966065
2159214
14416586
2680180
12506527
7170024
-5400141
13091340
5300247
13722582
-2039173
6827925
-4150808
9500400
521781
3744182
2879544
12701806
-806281
7140375
9314959
8257314
-6092217
130157
9067269
-1441693
-5196062
9180038
11629584
7320471
11298258
2848304
-599466
5009121
6204391
3883746
7327051
-5472841
-58101
5211333
6121376
-1177474
5632730
-7352223
-4868513
5455093
5855597
-3718007
2698199
-1762787
5854708
11160530
2834482
-3014580
6804405
2241748
8476974
603149
5100647
10514553
5709501
11745868
12264946
-3607036
2860402
10527292
-5704092
4319387
-4432719
-2967895
5783542
-619393
9420816
669980
6006137
6948180
6518726
1750298
8227565
2803288
-5757824
-1259435
-167556
-7249596
-6149267
7551724
-58573
3867461
8353117
2634650
4313227
-4337456
-684868
-5548434
14095829
7419195
2749655
1060826
6180671
-5935964
1618312
-4228856
2940146
-1063775
3171827
-2437109
2248591
-2283303
-4657880
3851513
9813889
3131901
799866
-5131045
290106
608638
373585
-963063
5980885
-6078554
8387203
7667741
11785851
13139644
2505276
6813869
2798672
-1216836
3963770
-3358812
12324888
-4669018
4147114
-5716025
745695
4273027
-6565339
179526
-2248258
2638309
787513
65004
4176039
-1653662
12172706
9720852
-655923
-6996875
984071
-1276681
-1241491
7492038
-1509947
-6463498
4503899
-1966701
-1678671
12460032
-6453855
167893
4421977
8484613
-6551137
10860412
7528432
9005411
6408832
6280594
-2927889
3895854
7002072
-2659051
7928049
-4329743
-4233941
7924102
3105468
545887
11526971
-3568033
9281765
3523611
-1145151
3830523
-2362210
7287272
2259632
12468488
-1560746
-4189187
-503951
-2494423
-394220
-3500784
1803557
-4985802
1896404
-6151256
4057665
-1707311
3983057
-1673481
-2754603
7877267
6985147
3485461
-5192616
3259201
549442
14766257
-1015686
-3596555
3715856
906040
8403095
1873801
-1613795
8942835
6800926
-4442198
1678767
10920553
11638411
-3452733
-3536413
2785746
3584962
4773583
4808539
2933113
2731306
6318166
4070533
-4139657
-4131095
7919559
13924939
7266513
3509205
7343039
425146
-4190650
-280760
-3745588
-3402651
7795653
2996668
7508673
4274189
-3885188
-2652513
-2628393
2200191
-3091465
-6832608
13522122
646748
3093529
13330236
4597323
-752777
2165686
-3886388
3839221
-5477988
8619506
7136177
-124888
-7322974
-839378
-5951258
6036300
1984976
9002390
-2780748
13968763
-4480235
-838925
2407128
812182
1199024
-1020699
506910
6261976
-2632665
-6686765
-450741
5755422
-2878978
342405
12618307
4511705
3231542
-3806731
455859
14007147
-2565419
8738611
-3670458
-6269412
1575653
-2251120
943862
10467261
6979446
13655848
-3879033
-716562
-2373853
4351762
-3362496
1597801
2381619
-1959248
131407
-1118566
-29670
-2484144
4240048
-2016680
4638269
1210783
2109884
5954957
4590990
9323080
7444305
3680956
7289240
-2772538
8929849
8583713
11556542
-5920149
2559339
-4892515
8325482
4070182
4213125
-1337276
2775807
-137645
11865907
-74950
1301912
3644063
1912957
8909495
7213304
6021966
11354120
-8409140
4275462
3876177
1785098
-1048143
-3917033
-1264495
-6016784
9189157
-5636362
4714921
5054109
-1513484
5941580
-2923189
11253794
73074
8620729
3781658
1249246
-592086
4801123
10143877
-9539254
7687881
10071074
6132930
-1711947
-6405715
-5332386
13510080
4335998
143641
-3928604
-5128355
64771
6097279
6552613
-3440422
9432928
6741202
-440888
5312625
-5719530
-474589
-181539
7165705
-7876314
5879203
-10445087
8376322
-5674348
1745370
7208822
1244785
-3880046
-2194319
1842938
13681929
7739498
869479
7999017
5109378
1746132
6184254
3498508
14450
-4226820
-4962035
4538094
11797876
7244543
4267091
9642410
9051555
12527535
10963323
4638755
4378673
-5851316
5323124
8668850
297153
-4233718
9203523
4410043
-992612
493029
-1021353
12704742
8786278
8565995
2955884
313706
11134456
3936936
11168746
617638
11278222
7671589
2060831
488743
-588116
4532315
5607545
2748410
10499374
-1880158
124560
14040093
195903
10875388
4574231
855318
-529336
949853
7325069
4717996
8520782
15207065
-2659589
8379758
-1404467
5657737
7489465
621553
1554719
4797643
-7498168
-8107158
-5429514
-3405638
485300
9362741
2903096
-971630
-27517
6966995
-4325686
9705749
-695990
-150303
3725941
1491665
-7937703
-5700888
6638603
275336
-1543494
3177425
2192874
11274827
6561813
4679174
-7404264
5301992
-3378503
7055500
2005793
9087728
8185002
-5205049
6825909
-426666
609668
4225949
38947
-1988376
8285197
-385124
13585164
-3203816
8278559
7710375
653083
12202093
-855448
-1840137
-1273955
2518220
-4312195
158091
2665153
7825921
5834017
8859261
-441861
-5729986
2252857
4332903
-1793319
5681191
2686705
5242203
12742434
-1032979
377545
-8347713
11161085
-7464851
4443679
-4536914
9497400
8924891
8507049
3137648
3106071
-963697
7502025
3870356
591772
2916078
-234448
7559232
8744172
152492
4617198
6532080
6068337
-1286387
-1979904
1715226
2590969
5517338
11882335
-1233662
2807697
7881240
2144804
7151527
8282393
7876035
4524664
5172992
2794778
5790385
7329825
-3488917
-5822223
12077308
11928154
10863004
-765040
1781379
3328326
9375243
2613478
-6166444
3711821
3693524
9173165
-5059906
5878917
7436609
1673601
-5299314
4860590
4257732
653757
-4107564
5699418
3934720
10659951
1740602
-2225782
1350778
1028622
-2508444
12614835
-1633391
6180285
5769793
4921597
6216129
5873589
-6002372
1497160
8850020
-450445
13900215
3291230
8168681
6950073
-4636975
-5790663
-197120
3697377
1290502
2964232
8396563
-6266716
-7251150
-3856438
-1925921
225177
3030243
7293356
-1143886
-1777849
511956
1077006
11214732
-5912604
1044851
4457286
3930625
724383
-3280857
2181993
10409240
5184116
-197885
5447951
12617093
3981584
12625763
1096309
7472838
3528238
1085437
3835753
2010663
6078679
3219085
6847123
5503944
8831570
7007853
9509278
7589172
-3620308
3143372
7472373
679040
3805058
2009455
-375574
3946661
-237745
9173250
6132911
3832926
-7570251
755879
4246664
5756777
573885
4200183
445099
-193542
-815400
2491294
2139125
270164
2806801
-533185
3876403
-5069165
3932719
-301565
10102732
756221
-2215582
1187170
-2897950
-499976
-7376117
-378585
-4004874
4799431
-1473758
5085783
-4855443
-702222
9475562
5758051
-4179371
3793283
-6499238
6850097
3965238
-6475618
-2535177
13377059
5143769
-6260571
628383
946463
-1479158
13300378
3645511
2382605
3386504
2104426
4925107
-1891177
-2129154
-5134089
2667998
-1451556
-2294950
4567775
-490885
-4762746
8546543
98898
2117759
-1348943
5939462
-584679
13372700
2599833
817410
-6546352
2276568
3736505
-6108283
-1995135
14366706
319709
-2081036
13720523
5515443
2802075
4808918
-775955
217179
1061685
10322594
5830021
815870
3584973
-1989578
-5723979
-2673263
6373330
8567534
2743560
8062449
3850846
-6267282
2529348
3662969
-3326724
7378625
2435373
-643009
8438764
11123400
3811056
7012644
2019849
5754500
6017204
-3204150
-7777854
3799054
11139575
2531787
-466436
5768180
11431525
3994581
-946237
219631
9801109
-401724
8223937
-2058285
2029957
3078093
-3744933
8793680
-1965456
6458063
11558436
4111110
4578915
-6873183
10086043
-7266612
-2586489
3272022
410652
1982622
8354262
9460658
-201609
5467039
-4237158
2065288
5719955
-1393280
-877170
12710019
-892073
2533963
-7429951
5095274
-301480
1554130
6489431
8006781
2331977
4908916
2323191
-4659940
-5655581
1337252
2479175
-344494
-648182
351774
3023376
4688737
1725259
3955462
4765593
4290709
4723437
-482331
-1257602
4343733
10743371
2114677
11458857
2304288
11907472
4916232
-1006212
5217350
4753655
-1341377
6950230
-2463702
1033875
4772297
-3538503
13209033
2905274
4855706
-275261
14455157
-3134327
5556522
-5273630
3364866
2735816
-7264533
-6823089
8685233
-8069846
7477672
779246
-6665626
-1420503
-1011907
3455946
9358145
7925759
-2358221
-4896149
3599152
6857642
3972240
12813914
-3255458
-3037313
-1491255
4408262
11130096
4844311
-1963600
4686526
11026570
-472146
-4129054
13416202
-5851969
2256374
3917530
10928430
-4803621
2833475
13491241
-5544112
-3371336
-1085990
-2612776
3515470
-1127666
85187
13970996
-1592201
-6573571
6086159
-4355071
30195
8606972
-2614241
7784748
8014338
3676101
4579768
1467443
4671671
-1890507
4467745
-1895206
-2229985
-1820722
3946947
6912392
12471141
6637736
-4972633
6597063
-4910198
848689
-1416
264738
-5665661
10761472
13342248
551705
634675
1912323
-2821847
7599836
-1569389
-2496053
1622206
3128708
-7774516
-6828716
7082387
3497011
9148423
6508771
-465954
1806155
-1893938
7664421
12278316
7785701
4518842
6508067
2495273
-3516055
4785543
-2853494
3800420
-4160910
6344734
8595838
3298779
7593902
7807807
6005917
5640950
271176
4132523
8682320
6769664
-5425583
-936652
2941177
-955336
7006383
5993670
7162905
116385
8367528
-5458629
-1848260
-7609728
10750979
13338108
-4543935
6287727
-2760424
10455080
9464489
-1229072
5217546
426711
3832229
4994691
3393752
6534369
50534
7934209
13815264
1023529
5028232
1696331
10078058
-3319307
3366029
-3558475
8589590
-3522011
-3676331
8620082
-5852523
10536498
13833304
2835334
7873989
7381053
614223
4553758
2137897
-6126679
6110952
4777093
-1797621
7443637
968378
-1806314
-5300092
5145376
-4177186
-179255
71724
9069207
5740109
4541408
-216839
1781781
8400543
2807857
3822385
7392265
-5593227
395115
3080156
3165806
5687596
4174747
1762145
7675114
3913923
566915
-3946822
-4280079
438456
11968563
-1031068
-101762
-9844758
2671869
263977
521803
-3232597
1472586
-2170388
2150688
8410031
13700476
4855586
7489842
-3320330
6835344
-466787
-5617092
-2194473
7719402
8139295
10943364
3680854
-4078986
8190033
7153753
9281029
724358
-2825223
-6301882
2097872
-3668447
4607119
-2345810
2537652
7253449
14939006
3117577
-1568523
-2630138
-1621354
-5109586
3247449
-2696050
5025506
-1338449
2736084
3789541
752022
2140277
-2771494
145552
4576035
-5533951
8421179
4545710
-2535444
-6729958
8532687
5826307
-644288
901898
7665747
7923882
506714
5221492
5072493
-962992
2162312
11260296
-1586659
5981247
-3003537
7126661
4835832
2226825
-8272235
1703669
4806859
443976
8361297
2577891
11555011
9722187
5941481
3228770
10766535
5298006
6520249
-3607653
7538191
8163525
3757452
-56824
-3479660
-760289
3548441
7766481
6098732
4040774
786606
5276404
1373681
-9371059
-342292
-429614
2598590
12847829
9877852
8175776
1242716
1848660
-1168650
-1272865
9797674
8178099
502899
4538174
4377771
3982969
2791434
-707770
8311251
-6108516
-2603232
656053
2085307
3872115
2514905
-5967179
-107950
-6450367
4246502
5265140
3294753
5201919
3873922
5732040
-3286538
-3563082
6176
2310118
-4179197
10573521
-2185739
1572895
-3500669
-105108
6657930
7871829
3802168
8268443
-3930817
4919826
-3171170
461193
3903052
10055268
-8344519
9162212
-4754682
8141253
899568
3681289
8173249
7491335
8180081
14703145
7309797
6242440
927060
2563185
8791899
4560896
33830
2161064
7283185
-3578199
5235416
5052784
5933467
9610627
11680913
503977
-522671
-5416330
681576
-278546
3742153
7145736
-506775
6476588
9715941
-1225589
-6814493
1391459
10782370
3565553
5594481
-4150114
3255564
-6966184
3028354
-76121
-195705
14055278
3475358
1134133
10226807
8240457
-4599051
7112517
5592491
-1713874
7569532
-4764490
8206048
7501452
5420754
-1146325
1937831
-1305620
225429
2087460
-437501
7816211
3872920
-2282172
11949149
-542924
4422908
3862725
2788327
-2263696
1953136
-3485514
5680122
11692898
-266471
-2079484
324976
7677305
-453651
-4262288
7434242
-686874
-350569
4290918
-507385
9190379
-652495
11422716
134809
5809803
3724735
3797191
-7704782
-1284044
-1922752
-5346449
-2129664
13167016
9300795
4897873
7077172
-4757870
12965720
1643542
11325348
190981
792632
-1423981
81724
-5814811
5285174
-847615
9622249
-1084935
210145
7932409
2990942
-4105785
-1143431
-836235
1508417
4385249
8415596
6431560
4415990
1238677
5341481
-5348966
-3579419
-1304421
-461684
3315862
135151
4419852
-734259
-1702624
7395886
-1766767
-1420813
12615329
739581
-5906074
7560088
-3619494
-2606090
8559019
-5656637
-2600645
8169907
3232434
4417495
8502428
2100639
-3761033
998269
-3343630
-4067332
-3562165
-2114309
-5169314
4900915
8984164
3550386
847092
-1062690
-3755422
4226102
-975753
-1050619
9463188
8293920
5994301
-4766659
8106752
-842780
878037
3149092
-6715738
3155134
-3994292
-1530644
6786952
4153803
750870
9260988
-3985908
1315732
3265284
5573531
8201302
-1870708
7087777
-1213261
-302812
5017192
28298
4788827
-1497084
4195872
2786400
3818302
5173945
9236936
3953284
-4432105
-101980
-163179
-6090090
9075183
652186
8360327
-9514027
-433229
9412947
4084919
-3376578
-3862902
-7572013
-1468290
-261476
3903639
15144112
-10151598
11867357
7161
-1412427
2755795
-8591237
-606231
2897591
5143325
2125579
4860319
-2083774
-5565128
3075823
3297168
-4260141
4693783
9046185
-307146
3168094
6013986
164051
5063027
-1408791
2402627
8877688
-2129684
2665146
-9560279
12491213
-1299434
11625969
-5827496
-2373974
10685007
10592721
10455825
1146568
-5354360
15831
3143953
12221690
3300774
-1107421
8661205
6554670
-296371
10419861
-1015481
-5203728
-4512071
-1108025
5203132
-1450900
6735614
675733
-3133861
8253018
7497520
-4502392
-248901
12563534
-1681385
-1629973
5522003
3333010
9067614
2419819
2760841
5415712
-134172
-1221988
2483271
-3872902
-817998
72754
-1535163
6360303
11349897
-999699
5536153
-4711028
-2097002
9038970
-888869
8538321
3339684
6965352
646892
9458528
-2101023
-4071241
2946260
2997109
-2020367
-10118500
-21615
574162
891314
-1560791
2611189
6202235
4716216
-4160153
-1177085
4246471
36310
12377074
-6167102
12196860
-2850024
3185565
-1948723
345570
-1659921
-1038401
14175926
11421862
-1093541
6848273
3074148
-5159448
11607297
6117483
10692901
-5033492
-810004
6256084
5430377
-1797101
6669090
1838857
-962587
-2411651
-4478742
3006013
5695795
5638976
6685281
5495655
-2310233
8194895
2496897
13695982
7874432
1435787
-5827009
-1173263
3530004
4860297
11307674
237373
-2146753
7737752
-6542537
696488
12204422
3902130
4012513
-803474
4576670
3505211
-5345728
-845237
-4801465
2253113
-885241
-202550
441456
6475062
4901297
140196
2384327
-7195813
9768624
-5340725
6141287
6189732
8150764
9768984
2881200
4952793
8351303
1205578
-959502
3173824
-4980739
-1632497
8902213
8578872
13132287
-570352
-1637980
-2170096
6468513
-4664006
5415635
8589444
2617939
-3146060
976323
4636572
196956
-2723931
8080278
-1867544
7088552
14127520
-6583395
-3076519
9617688
4019011
-1622690
11953540
5227551
8499456
-161046
5332652
220823
2118610
2647553
3759448
3468330
571918
4586625
4330883
8963605
5317455
8541826
12856467
13631826
72382
8023852
3386900
802698
11186458
6999349
3005111
3133980
523682
-4020193
9625433
6513686
8599694
2473666
-4532888
8295670
-1342763
-7266653
4711711
3478722
3670475
-5547846
6261212
10829653
-4361528
6531052
7300871
1885779
7536396
3979826
1176350
3864387
-8685048
1801867
1289907
878798
1856801
-1853682
1576106
6807933
2966823
6390548
1647482
5354335
-959654
-5644167
11213643
-2452039
6088567
12960628
-1580455
8895656
-904609
-5444818
7908607
1316642
-5290201
4631553
13470755
-8596395
3002755
6786600
-7693757
5656004
8329090
4525889
-3407295
3950454
-651874
5918224
11706707
3933021
3549319
5156106
261286
12232350
3186607
-2297808
-4159111
5006102
-1444316
-713722
3593459
-3220776
3674464
-2578694
-1890110
2775077
2636635
-2978009
-2276124
6923527
-654643
1264395
-7686346
6908015
4619504
12354130
6824019
2925317
8294733
1519398
7651482
4262771
5049993
9990414
-4367599
237493
12217621
2457228
2487195
4305529
4714013
10490152
-3108385
-1376694
-687278
780550
12272604
9076129
1939102
3599334
8168682
-1092123
2510273
2032361
-478229
2958522
3550423
5672699
-3004456
4099719
4955414
3693932
-5685323
-4930380
8110422
4245662
-7051613
-8044681
6161223
6953339
-2685143
12173317
4114381
4978337
2083428
3477946
10421648
-499554
2556730
7143906
-2264481
6477896
11588571
-695346
8813493
4548707
12458886
-67620
4210558
6764024
-5283009
-263711
1175992
-2252707
-7678549
5260937
2383437
4049291
1680865
-2256970
-4096778
436722
-7383768
2109403
11473182
11479589
12665607
4203675
-4178756
2741840
-1816720
4008102
6658331
12253842
12403042
420103
4544903
7278856
2571615
-4284538
934854
4975598
-7221770
4167269
4352798
-2484060
13650352
6673085
11100571
901433
-4940932
5247086
2392143
2519780
-429053
-305940
4914223
7338408
-270731
7367812
5543635
11089695
12107639
4284605
-4828305
-4721344
231874
1150249
-6878302
4392565
4155373
7676428
491098
3829297
11733132
8403137
6767777
-5529958
10334007
-576309
3792159
-387562
-1318459
-1126385
-3206065
-568884
9276268
-3937336
-4751022
6677062
13681127
1391445
6991912
-326587
-1864937
216539
4709976
5116009
9719769
-362091
-3500826
7238265
-3913866
-1165060
4207889
-1601111
2759483
12482491
4236944
9938464
-1097688
10444112
-898039
3332268
3203643
3929603
5162286
514314
-434373
-5605972
-3241180
-706273
8580049
1290328
1765935
-2862300
-166814
5208286
7900102
-1496868
7439800
8176535
-453552
7541326
2572791
-1180618
2701831
7783402
-7716507
2830889
-10512
4189733
-882956
826981
-570334
38126
-390471
7773616
2944405
565181
8826864
9337695
12331435
4168477
7909532
-1146806
8416507
8703206
7251562
-432799
-2039573
1035652
6033701
6474713
3882976
-839988
4309478
-3630267
-3838948
-7883491
-63999
-5465673
-3670178
5385198
6146251
4122251
9301321
4001984
-4314738
7104302
-1157742
13244295
9743795
3679190
-2332775
442623
-5873786
6977449
-1463317
4669081
12624657
-2527283
4876424
11932517
-5603003
-7068864
-2732094
-239175
2425175
-1164957
-6839240
9024399
9495944
-169847
690575
2960345
-4740787
-5984919
-6381173
2515721
-1326003
-489336
-597279
-1225000
-3442259
-2541314
2519486
8974326
5258650
-7365882
1236391
-1028446
-6196534
-2843830
1460442
468561
-294716
12238358
290463
8428563
7271882
8943735
6529767
281097
3766915
-6241749
6422738
583888
-838685
11302643
-683213
-8458096
6967158
-374763
9715343
9180720
14021778
-1085212
832511
-4953457
4648021
-359169
3546512
-425191
-3108942
3840362
-2825665
4591045
634331
-1516138
1479152
2221771
-1012355
-503059
8556462
-1884557
4099876
-980835
316102
-5501196
414916
2770539
2906986
4578320
12641138
-67380
5347501
-5256415
-1460614
4851477
1463784
478589
-6244279
3747211
14160994
-525508
2400443
4433806
1980119
10010903
-4050802
-5879771
937012
2401896
4673286
8964446
7788488
-1277964
-7724515
2522172
10583903
-2492947
-6280184
6410125
5163078
-4027096
-2074718
-3356674
9839093
552173
7477715
809616
5579366
8156195
5513309
3966299
2162224
4459299
12742244
6881131
2899192
95586
9934055
9741718
-6543277
-4252817
3593551
-120556
-1220682
-6194876
9025849
-3656828
-8035806
-306698
1812182
-5083744
9534875
-3161641
-1027485
-1567735
11507141
-1673650
827795
3221603
-681607
3456411
-2649472
-5881685
-1786597
2407437
12817967
-2799437
1004833
-3385054
-1255064
1092253
-623197
7830144
5919129
5988747
3897844
4897145
4521694
221763
-1584915
-5061980
-2605516
-618679
1391965
8564610
5210320
-4239486
-3499564
9991245
7783349
-5380265
-7370363
-1901458
-430238
4742368
2193540
4158152
11765620
2579784
7950672
7581404
4358089
7882684
271965
-5618684
8583269
-4056266
6245967
4085374
-8321893
-3184481
7473322
5764405
-6412273
8316877
8148715
6868104
3381142
-5457938
6971004
-7693581
2375030
3165557
-1567683
-1726697
3353221
-1664556
-8957693
13096449
-1889329
-5115661
-891992
5061554
10262196
3219927
923788
-980345
5053810
-684198
4875991
3481504
5127345
2445547
9287708
6179782
-4824442
-6278577
655272
-7752213
-2825608
3214367
6752985
1989031
5389519
2996174
5814609
4103192
-1384050
-2530253
7400016
4779696
-6117960
-150223
7940998
1252546
4278055
9232957
-3261673
-3484306
-1084570
793677
503853
13432821
11867660
6236289
814950
13211586
-2585900
3018699
-1465559
14107639
-558389
7134075
8197835
-1684959
4312891
-9111047
-474819
2910863
-4122369
6216772
-3889515
-4016581
6151719
636563
-1007035
-1106196
2221580
-5662017
12085566
4869415
4333340
6674956
-2327113
4279636
4534708
13213281
7338899
1451772
-5914482
1125718
7901565
-2326644
-4705981
6433025
41534
7542527
3395663
4532110
6741958
110093
-1586947
3141664
65457
-7885387
-1447165
-8750534
3873643
12388827
-3740955
12571107
66062
5685544
1753800
-644070
-2523030
-2510639
3287423
-5499672
4400868
103837
7491166
5445264
-3327344
2158894
-6043752
12499998
-3647892
2698312
-139
12294912
6697029
5969453
846030
4958968
9491271
4817668
-1468587
8911557
2720202
3867942
-37586
-949877
-6251260
8515883
-1108284
4425832
5786802
9583343
-8773297
5490042
-794503
13553300
6959444
135537
12824552
-2901597
12985413
427389
4178663
1471868
6702482
5197415
667596
8694796
4248823
1800708
6115207
4909699
5672061
2421705
12584332
334240
626971
8990314
6043352
307957
12439819
-719704
9641172
2138500
222653
8167618
-413048
1378913
4246101
12237987
-1449890
-980095
-4996081
13656873
-4924421
-41312
8869245
13146646
-1798784
4243128
4289887
8532144
-3580726
-4068420
-1665007
-4185291
-863676
-5777958
-232156
-2886435
7144421
2963828
-4966515
3047762
-4140407
-6838198
3775747
12559220
4645219
-778076
11572830
-1662664
-3957322
9029706
-8795877
8186716
1616830
8597527
-1023208
7095225
4874939
5899214
8486189
7771120
-5094140
719134
6304752
12060107
211849
-192679
-5972636
8476923
-7309977
2702867
-4116805
6662801
-1829284
-1805091
9160120
1968577
32252
13281407
3328879
44495
-1717735
3834013
-4547311
5710015
-819614
10789443
1078704
4608325
5369019
-285401
7882229
3097885
4406330
-5330223
8710318
-667452
7295829
1442025
1092682
8185689
10678155
3081304
12310515
9779794
8223085
-4911705
943566
11943772
4435547
-687710
-2895520
-837387
-21019
2374448
-1129485
3372604
-3058386
-4613179
1654274
6151414
-5885690
6704791
-436644
4938926
-21628
1917141
-1524168
4941454
-774968
-3882950
1200643
-1736815
-910349
12493740
959468
5301970
12901465
1352977
234960
-3215479
-3848724
-5826448
3596477
-7062705
4173166
1077222
8541867
-422768
2541748
4340259
6165606
3812063
1673690
1030769
-606521
-3487645
-4196849
-4358484
-347851
10883035
-8048422
1924424
2133390
-4985817
2891181
-2066389
4493849
-2209484
3930255
-1527405
-1489711
4355520
936872
282491
6463701
1471140
6504219
814729
772459
6352858
-849904
799709
-4378025
-4437319
-152427
-6575528
3626673
5671214
12194415
-7221306
1168959
523287
-5997869
4788242
124470
8426639
4504662
5196037
11745032
-3794727
-2723645
8783930
430516
3825923
-5803736
3138570
-2186739
3851777
12504514
-1096349
-5651899
8312263
8647042
5061764
4816438
-5724672
-2176399
4271282
-3111176
3869646
-401138
2904056
6848705
-3358589
476629
5328904
-365709
559581
-9849197
10805960
1330319
3228937
178303
5586723
12350093
-4313879
-1898134
5650617
9165599
630784
-4324015
5475232
3902134
-4988518
-6724023
-1886583
4194576
-73477
8645531
-268850
-8605333
7199022
-2397972
4586876
12472267
5098812
4254373
-3641725
3170835
10591523
1931574
7480761
793959
3628872
-1850229
3590284
6363413
14788088
3697461
-4202183
8100240
11467794
3846133
3625768
14786028
-1369116
7227089
-894750
-857818
-5782966
10463253
1374083
2573703
-2908493
-6211057
7779383
-7685898
11372496
-613915
12847472
1172977
-1856801
-1675801
-1087371
5457347
-6433168
-876870
11504898
-6948555
-4341521
3858487
9663065
10589985
3071565
-1194591
735134
-1851434
4220002
5185699
9457890
236377
3194167
79950
2881246
-3731269
-6330700
-2160855
5823873
11308944
-6512033
-1150990
-4769730
3610868
11211491
5722736
7263228
8552651
9050558
-310404
6350123
6043956
5259966
-1340838
4092526
4136392
-5334911
12110337
-694866
12083622
7814220
-1310705
8693728
-4873253
-116644
7004530
1981018
-3788740
-4925398
-820517
1150616
876274
12645523
4634485
910224
642674
-4738914
12236206
5178654
-2570686
6356820
10429860
-1113688
6264556
6244962
4782143
20373
144256
-5977426
496398
-5636752
-6433058
4218011
-5254349
12155570
12062743
5563751
-2182686
-2113834
5171735
4664604
-414391
-2100856
3987244
7485264
-1970065
-4998514
896860
-5903787
7008291
-4478236
-983918
-167147
2849116
13102729
-959087
2318947
6094028
8015493
7401339
-2077404
1958717
9640314
3563804
417107
6206268
3922680
-2789149
8314086
-3137668
831076
3313043
1985655
2282886
-7492127
13001242
9652044
4662119
5749284
-5289452
4861071
8035622
-1169938
-635346
-1111568
1727284
5920310
199889
4842265
-2718202
-7284259
8872640
-8351642
-1051601
-5247613
17328
7450960
-407186
11080153
4133906
-2232911
5870997
9077200
-4255687
7261967
-7216018
11656077
1450557
11446001
2490016
71589
-6032988
-4217598
14788528
12373777
4562169
3830147
-4193131
770054
7314424
-1388255
7524599
-3251024
3412996
3444348
6926981
1954429
4010841
2788118
3850009
836194
-4611079
-7179304
4547670
9527850
8134673
5195654
-6834181
5532913
7350479
-165700
-561870
8971868
-933277
-4308164
8571585
3183118
7786735
2564472
-239355
4980189
-2235918
10438623
4752229
-773536
2674259
8943969
10957504
5469982
688663
6125754
-7958989
4282319
2818407
-4786436
-6384846
2672174
-3944866
-874806
13549425
-6563841
-1973274
1141976
7485263
914442
271948
7375314
3126365
-4135233
-778073
12477099
7662345
-1954763
-1627669
146479
-48760
857915
8540980
3969576
1519262
-1112604
1365967
4766506
-3056326
-20486
14245364
-5823854
-1267473
-2023657
8454876
8710694
-770269
-2292496
9680953
-19846
10031123
-988626
-535132
735252
2221681
10087818
2517132
-2523561
-563148
-1349940
154562
5143740
-2840880
294625
8646365
-1347887
-1273646
-1169605
1227609
-5029650
8862361
2868128
9802908
-962340
-5885906
-8150051
-7623597
-3951493
-1156789
-585303
5774985
3298441
-952804
8879488
-4270751
-4804134
6072631
8095122
6354536
8351122
12805948
-1119876
4415872
6339879
-1322121
-7583922
-495699
3321197
-3544321
2837689
-1582684
-2952803
-5446962
1619839
-255690
-1554769
4535991
11433807
-8070397
6438684
-3534687
7386252
1519195
-6299277
-6119672
13711372
3537884
-6249160
-4663431
-5264244
12330198
10097038
1876831
11408662
7585571
8837496
-3713386
363782
-766413
-3127677
2409909
4046679
-5974719
74153
-893747
5490856
7525871
8441083
7224060
1303343
3144214
-2008673
-1031736
3363515
6382497
16765
11259682
-2612086
-717863
913259
-1114733
-1956886
7454874
-6535326
4124440
8417808
4344270
-1005523
9244895
-1121369
-2765099
-308829
4016386
7189068
14362034
9451920
3655104
-573184
-1464747
1046308
203167
7383444
5337693
8777514
6650247
-2865327
-4593712
4402579
6392388
-340382
437035
4287126
4921885
-6208133
-595744
2719604
217273
-1243612
-2048100
4600426
11926736
1834043
-2608809
-7105848
-7183555
6748400
-4131183
8891005
6701574
9366354
10876010
3593955
6804189
-7952198
-4370811
10467611
-3927261
6533401
-1003564
9743196
-3647962
2109732
6615189
4214195
6064963
4257997
-1671708
4196916
1932059
3776570
1828649
-5260333
-1955100
-4142863
2991724
1751698
9818802
3351256
2887404
9512386
-3920908
-754938
-1026714
7878730
5644431
13722739
2249161
2634299
-1088202
67522
13741620
7027461
-386054
8265043
-1829213
5441633
6224341
6848381
611874
-433608
878325
-784648
5782854
1347201
6876624
-53927
2761058
-2023003
6590599
-5369320
672035
562123
5124339
12967218
-2650230
-443684
-1052129
4944990
6237263
-3222293
4488308
8718253
9001282
-3582389
-423199
6501849
-2874592
-126937
3273279
-5319860
1764957
-2028324
4501588
14195927
-3739399
13911487
1596590
-2074318
4687626
-649913
-4498263
-8946707
1431147
6019180
1844006
11520755
1035186
-4300320
-1533021
-6044753
-3867679
-2398803
-4713742
4615735
-3964492
2591993
8077490
2228378
6239243
-3061505
-5268724
3572415
-84924
8139492
-2476141
5961336
2695430
-1575036
3065363
1913179
8101966
5950298
-1340712
1041531
8959504
9918902
-1039345
-3421123
8894887
-3352521
1137657
-3039687
383931
3179109
9581168
-431353
-1606487
2667501
9009982
-5444939
-2723936
2644875
-2405615
-5339088
1482468
4258405
8397348
7202705
-3135696
14596
3637097
3267535
1014211
-452205
7792819
-4165993
-2648194
255556
7649088
-5521517
-168643
1680155
11250024
13903854
1443393
5332971
3523703
8515005
-3432313
1932240
5341038
-3014370
2704080
-7902469
-1136660
2710139
4862632
6673572
12000789
1315075
6708261
5015716
3855407
4608770
3754396
-927233
1965376
13268272
13064600
-1884365
5268075
1515941
-2861549
13190162
1842106
26614
2957892
-6336706
5754497
9136146
9708037
2673446
6996252
8203383
-1268549
2419591
3785207
-8388378
-2224267
6047546
7705560
-344411
-3851293
4224851
8236279
-3170467
8184072
10890810
4513961
7879198
877985
-349935
-5118413
12078894
2579914
803756
11735818
4845197
4210467
6177717
2172403
-1155224
3878800
13306926
6048731
7517563
921600
2253471
6083118
5181472
5110009
2691631
12575788
-2407636
-5728467
-805007
-1673577
9060175
-311890
4009154
-6415712
3032086
2801681
11744141
1067552
348831
-123868
-3625444
3233821
11026800
-1947320
11904460
2152057
4709699
6250287
-5125266
9799832
7646613
12563987
5984523
4361105
6250982
4004598
-1459589
-5799170
-711975
6113843
10328916
6483235
-8479264
7708868
-4555731
10840208
1580811
135226
5265007
-872310
3652532
433338
7572266
3691698
6226323
9985737
9192244
-4144686
-6766258
3115360
7313243
5754120
2529562
3836343
-5253424
3113687
7903381
6678914
-2239659
-6296069
-5706381
7628305
-3293549
-1004343
-3538747
10611739
9464557
11425643
5187413
5211920
3017904
-175279
-6123203
-5211415
10936303
-359720
6123049
10669191
3400915
5093920
-1216375
4675046
8288219
12938686
-29079
4735171
1779848
1937972
8005674
1606162
-3140574
1889587
-193977
7288824
4098689
4038874
5705468
554760
-947692
2174859
-6003846
701443
-7027190
-3898722
-2278578
2658579
646266
4743853
13442461
-3616804
-5900237
7568547
-5000955
9107212
2808753
658597
8810888
-2704922
-2813361
-1505273
5106095
6067239
-8999472
5646763
-2708529
3288463
7356758
-515278
1219889
3112144
-204632
-2740752
-2225847
2898783
6237996
-591080
-5752340
8310841
4735106
11539721
9683575
-3591645
8829762
12151380
1661132
3859387
3771976
9814690
-6343774
13158667
7401977
682292
-765353
-991244
-119935
-3296290
-1069669
5406470
2947333
13238720
4958342
-4545747
-2008527
1878091
11855177
394730
-5677343
8230195
-4350706
7780754
2964056
493249
2833854
-937164
-776347
9795343
6105530
6327476
-5271657
7487347
14253724
12866055
976409
8909972
-209430
-3401279
-3799497
3418365
3706036
4547717
8079892
6427816
6121972
-800080
4370043
5933667
966699
5399705
14966784
-326948
292448
3894027
-3931490
13139584
-4416057
-6439514
4467432
1014802
4209657
-1997204
10551021
10416381
2047547
1462160
8636048
5947536
4191821
2166857
3118217
8744628
9794436
3951333
1971688
-1262823
-6353410
6082933
-2195863
10437147
7152840
2772807
2023477
-2031017
-6755805
4620069
-5159377
-5590345
6450427
6515876
4869273
-2236071
4101009
4269326
9003109
1068214
4262678
175712
-4409827
-1704988
12379696
-4608163
3035869
-1573362
10139637
8356258
-2625104
2161074
-946578
-538356
12548530
-1977524
-7807389
-4808502
-2425293
5036482
-6705662
-3373118
4133097
4715137
-4176989
1267073
3580972
3362379
-2867642
-218695
6552007
2499202
5944050
-4132868
4660808
4275146
7136273
7776620
-6608852
7417683
4959423
8463568
-3565311
-1556356
450415
7757216
-4429336
-562781
7768554
2952729
4126660
1149401
322819
-3318171
-4416946
-730474
-6490231
11713619
4987389
14739187
535911
-6855867
2159552
-6397847
4789565
-7143207
8622599
4999573
5989101
4535303
2060114
216724
781121
301217
4228264
-1235207
2918224
-392005
7568823
4677902
-136156
4970244
12209234
-2712094
3636252
3711011
-407728
-5232466
4337223
765869
-4460321
2143492
-4696481
10731411
8212121
8714569
-229653
5117353
-3885416
8455171
-102717
-3590335
6824042
2832282
227477
151166
-944797
1035151
1126694
427830
5851010
13037292
1054170
12244889
6188745
5395706
4978313
6782211
5589710
5120009
-6323011
10822379
4670127
9749152
-2317734
6035850
1816962
-7771563
-357159
13719479
-4473935
8228261
-1212677
5838240
-624105
-4198823
8054859
-6896963
5152530
-1625115
4030435
-4716682
2807912
9268120
3097232
7529391
-109469
6421894
-320821
8714851
6428045
13678215
-1458139
12261724
-17281
-2020607
-2788068
2935779
9172147
-371384
8458248
2117143
5545254
689505
7577680
-3005604
2403968
-1638000
-7130984
5213482
1435999
-4765677
2241433
6841530
3119374
-4942900
-3553604
1108015
-6204117
4256992
-69167
1478665
-5701295
2181329
-2455083
2859849
11888156
-4995692
7367693
4194659
2000739
8348715
4558294
1976017
2966342
1369751
-6124127
354600
5098550
5311995
7018086
7833548
-316098
11700221
-1174
11432238
-3066981
7243060
4459014
15258943
-1419454
9949
2481405
-2413956
12085799
-4535543
7901036
8240662
1263900
6444929
-4324453
4518222
2193183
-4066638
-126065
2014494
-3328389
1886893
3760503
-7576529
5305585
531696
11532491
7134066
-4597580
4765155
8335060
-3849843
-117782
-1002809
-275604
7514659
1049541
9084147
2951285
212673
-1151096
5891192
1033854
-5131241
8705582
-4874574
-2101030
2979010
-2853015
5739230
1157753
-4594454
-2690867
12783780
-72395
1050070
11995180
5906480
13031648
-5078984
705851
1135290
-490174
-895716
5698415
-2016801
4726561
-7713950
-206996
4218059
-13766
-5383813
7964392
-109376
-838393
5645605
296947
-2009618
7162200
-35330
1690464
7067747
7852031
7361813
-776969
3602912
-383418
-7945925
403681
10440524
7697081
-1031
5927392
708953
10088022
7608810
-226057
10011856
13104616
6797165
-7312501
-2454885
4994057
6902862
13250624
384629
4457110
-2164624
-5720586
5828417
2493878
-3033427
9442695
3118103
10059040
-5485553
-5653097
1198847
1176703
-1402081
7729457
3743674
-4519212
11726591
8147223
-664342
6571433
-2241509
6233177
13600546
-1112086
11371457
3670333
13628744
1038392
2652279
1883598
-3779849
3568551
4460453
6200328
13038993
5912354
10734683
-4492985
4389532
11801683
-7088236
-956432
1297218
4961454
2321612
3132160
5331068
1055292
-5407973
6649280
3104012
-3894245
2075570
9977379
-2997006
10285719
2713289
9014860
2926338
9042242
-4111577
3534179
-1746959
-2692782
-4714985
10822022
-7539389
5188289
8771507
-255006
-1607155
7842234
-702203
1876312
13340808
11811820
-5797658
-4797106
-4232830
8011466
858771
-4596827
3028589
-2629251
4875904
-1164031
-5874712
8307668
-1619802
-382702
-27315
-2521713
8479460
3901258
6674576
8629053
3753556
619478
4593418
1005661
7622553
-2433860
-313299
13373976
2320412
14114
13897892
-6300467
6653088
4234180
2885435
12473506
2754465
6846011
14460800
141403
-5942652
8216941
2239621
-3646266
-2670071
7872100
8149426
-5524941
2576895
4022654
-1007811
-952616
7130008
2442858
3873127
398733
719339
963232
3216439
4366755
4296520
1712158
11772906
-5920185
358082
-1135345
-3091938
-603460
3571808
5989750
-8100116
9159120
-3483274
-2371634
4253049
59743
13472479
3034734
4644275
9245810
-1376013
-3761697
5935687
-967499
-3173982
-2034479
3330637
-4428306
8736913
8106441
-316617
3951227
-4820756
1189218
6778928
8919876
5840034
993704
6611849
-3159919
9975652
-6667171
1246513
-1326815
42643
-2947533
-4709257
11689122
12652004
2376151
1287358
12829087
2630346
8014740
2519306
330538
-510720
2582295
8378355
3349615
-495175
-2815521
402919
4886914
1879278
1094071
2404490
5306332
1296888
-2384814
12348390
11995584
-2761739
-8166699
2736226
-5933915
4829634
-5107779
6587243
-3943082
7556696
4840692
-2152948
984332
1172855
1802470
6204545
-473040
8186492
-1072969
5476664
7502150
2953900
-3262363
4577650
2873993
4180552
600413
6802330
2924588
5547084
-151769
-2676537
7581057
2866929
6047825
3022519
3014414
-975166
6309381
12902117
5974149
384347
14155617
4419690
-5859050
-3852917
-6933824
7526424
1439943
-5668989
9258110
2760839
3912900
633683
-5759470
7472799
2696500
-744194
-1917434
8462738
624001
-1622559
-2426377
-158812
-260296
873748
5720035
6262494
-6188320
664484
8385657
605434
1873365
281514
9215323
-1853912
1761002
5266289
-2556858
5972084
1739372
11661571
-5333161
-5563274
793188
11413984
13697647
7677183
9454186
-6003239
5716888
10745798
15920024
-1504756
4761049
1303501
-6267886
-693952
4545983
7561314
-5900427
-3957991
2847709
4494677
13579829
-3347179
11255108
1552563
-4027927
7758344
5785557
5213701
-973554
3314530
10950745
-2912956
556655
2663565
-2628562
-1485425
8491690
-1693604
12496481
787527
3779001
1637363
738290
7177487
10299812
-561017
214593
763179
-1700931
-2319428
-2699628
5794195
-2560918
-1464160
9643647
11053468
-1845604
-628633
10549122
8882843
2945602
6937943
-3282403
-548004
1640539
-1810811
12733353
-1404020
-766613
-1941255
5055230
88356
4830256
4971020
4293825
1278186
1218395
4011452
4159287
5720239
-1092101
1990068
132554
3629801
-628901
7672003
213649
4219262
12092884
-5955665
4003205
-4015889
10803927
-6339029
-170807
-849133
86179
-3219959
-4203599
-7794553
2917344
3355596
1460475
11473130
6961403
12004154
188034
-637540
7335715
6991074
1273734
11316347
4612910
195758
7660222
3102056
11199228
4216491
6894660
7903289
5984691
-407140
3192627
2000416
3976393
-6283624
7759426
3964356
-3201470
11973902
-66524
2358513
4537223
7970143
925805
-7077986
12534854
4911657
2486574
-3913677
421867
-6134965
3145237
-1152316
5014032
-547499
-6581517
-7311746
2466091
8908012
-89740
-69338
4061814
9989014
-7393228
4214176
1414583
5484996
3297561
1278474
6036700
1800180
-4790795
-634900
1276891
11406289
-557308
-2630575
384117
-867034
-524543
7933559
2545068
-4766607
-1091097
8094766
-49779
7216607
-3454192
281170
-1781904
-2849302
12072228
8028095
12369339
-3622419
18363
2735333
12414568
8343071
-693889
-8357464
13033352
-2310922
-7289044
-3506221
14602236
9411587
-4853677
6162683
1578990
9778212
1897460
5259739
-229997
13446534
-2802358
1583174
-5921597
11005460
-5370924
5718855
-2905379
-4929772
6808922
-4707825
2034485
-2051998
7756411
-8028649
-5361700
-1477919
5568085
4375501
-1942889
9667184
-1491104
3406038
3867975
-6871003
7702425
3717052
8791461
7850050
11564278
-4835675
-2842380
9664953
4528155
4633102
3587562
7702093
4050520
275559
12340884
14688899
-8692647
7705501
3618717
14229596
-1335746
9109
-778594
12123226
-2786970
-3351990
-3285013
6706641
3702414
-540868
5041213
9166379
8929534
8742145
10358819
-2931190
3829634
-2587322
-5224342
5658878
-3202403
-3416458
1135965
1447735
12301574
-5885176
-2043654
2551837
5088291
-180896
-3365434
-1232318
-2819360
6552687
-1390530
5380809
-1837246
5894549
4692092
89144
11704049
4883144
-1989768
4549292
2129748
3214858
8141765
2153196
381685
1593349
14305046
-1253577
-4556806
-3079245
1387572
2760906
-410687
970631
2067679
-394139
-801346
-960245
4591304
-491122
2877448
-389206
7452233
2723745
6209298
-8874682
-1069570
3591537
-2100
-3425218
4569663
-1620926
-1342363
9077653
1491977
-1001864
2053155
10066020
-1684283
-2780480
-545928
575087
-5821965
-1825392
-1350724
1899594
1487021
-1588843
8237337
-6712824
4003107
-5986519
2336992
-1211472
6913728
9235169
2228692
13496090
-4443492
8940154
8126559
5634516
-7864899
3016990
740402
7380766
-918657
629118
14248549
-1113690
4454603
3625120
-3234307
-3355698
324697
7053323
8761692
-1049485
9644150
-2665392
-6795482
8723386
13956504
4631655
2416033
2465813
-1224658
2136140
-4586894
5275885
5233834
-4609221
10257037
4202008
10398483
4118180
-1255330
4427641
5924851
-493785
11794741
-3152870
1747255
-498371
3516259
2780953
3039971
4861573
3107643
8136889
-4097415
5834874
-104427
4006560
10832966
3076351
3953264
-2206776
11401876
1769217
3715660
490234
321861
255446
215198
1935969
4055195
13327989
-5502771
13199704
827674
167740
469037
5848449
5096631
-4032487
-5989947
347142
3396351
2586309
13172780
-162884
-7508968
12798542
7094780
2391199
8108717
5114536
3541501
3431071
982785
-4829059
6680390
3401997
8256858
6574106
845291
4542240
13577360
-7307599
1170778
-5569047
11634363
2630140
11254689
3978667
1211672
5964050
1041048
-8889119
1452469
-888944
-7961129
3877620
3671971
3418594
8350339
3193722
7061361
-4746421
-1646865
9607182
6783650
-1266373
9902527
6865741
-5610646
-7811621
897942
-1391879
8877549
-4140569
8252921
-5165783
13040678
12047295
-757473
653479
-163953
1629543
-176542
2122875
807275
-232849
-658721
8127504
7799052
-3708824
1534100
3681025
4147418
13182514
5791170
6952475
4061660
3741484
7523332
192279
8157153
255933
4965792
1903213
-2895353
299318
-4376677
5560944
-1398425
8489882
1891498
-2410175
5572584
8861167
484006
1289955
1740144
4131859
4255993
3604369
-1705967
-3535841
5412372
1663609
-6070789
-1033777
8660206
-5764491
1491474
-3909164
950284
2525693
3156951
7797344
1369993
3893309
3101946
12973949
7780138
1361228
6091170
7829963
278794
-5036058
6179087
4836747
-6839935
1583098
2904847
8567943
3242312
-5715207
-382305
-5608932
-2488210
1652963
-8053286
-7668222
7062048
-4952849
1350970
7376424
-2644682
-3009313
1750546
-4183256
5176171
2035320
5766659
-5632327
9366348
4284888
-365108
-1926887
712277
3837666
-3470568
39682
-2697789
8033291
-309161
2635591
3315978
-1336142
-2785176
895859
10690197
5438130
3710542
7431900
2769058
1313282
7948324
3246512
4317529
7261039
-2323671
-2131829
2177701
4357929
7040964
-588011
-219356
4775233
8103247
2065362
-2875565
12268866
4344165
-4217225
-2057163
2824849
-3023983
-3413934
9701922
2508676
12834278
2846558
215337
10239976
-470952
4641457
6854783
9281686
6237436
-1581859
8203176
4661994
2946732
4135414
-3772388
962937
7887873
1703505
2137731
7700761
-5477401
9621612
-5785033
-2959649
2878832
5323341
7441983
9512691
5430169
8022768
-8170670
7849015
-1074029
219897
3837974
5077133
-5632541
-5445909
9774849
4010021
-327452
-4063859
8969433
-2450672
-1776761
5501329
-4714456
-5409773
-5356903
11914020
800418
-338556
10919831
10908544
1127035
-5000178
-5422727
267450
8326560
6908142
437162
910513
5003036
3461908
14041209
5808173
-5290556
1735074
6908118
-2510858
7173209
3354181
-725856
9932684
-5562250
5048422
815775
2692048
7133855
3552729
3547544
-5301302
3054525
-562138
-447291
-4940933
1615554
8032350
2574219
2486810
8492966
-728477
779461
8742830
8252982
4636018
6710865
8405112
-2343289
6233459
2484912
367398
-3799576
2407111
-2998865
-2178020
-6193266
-6240348
4567242
-2158559
373957
2365175
1766839
-2733883
142223
283600
794025
14695263
2689319
3174653
-216638
10625741
1682727
6968325
4266568
-3382901
869126
-8080265
4081123
3226944
3446563
-322552
-2957347
1575642
-2630975
1532637
660424
4159521
7947631
-4892584
6817050
1147310
-6465392
-5762131
9079945
-2705149
-4442968
6390714
-7168154
4364283
13660116
9989433
-2329003
6305879
-2597363
287208
5135744
1803416
-6303218
-2072635
9116238
-177195
2330205
-3984634
-4664437
-2991973
-5721341
-5746381
-5703081
3787314
4629558
3489464
-3807216
-7746674
-2965701
2495519
-1241185
9085685
-3036760
11651256
1638237
345672
-763206
13467779
7599955
6011509
-1954794
-1142865
4306523
-1240222
-641026
-1854570
-996575
1179435
2871760
13196
1050326
6910867
3641712
3307178
312998
-1917833
7248072
3009339
5822430
-1306797
6732854
4391749
8237175
-3623938
-1856687
-4048240
-5561428
6382870
1482920
6433581
12134850
2719601
8376756
8361269
8135584
488938
5029632
7711126
5684692
4798841
-1979243
-3890951
3032956
6640383
8797502
12630083
-1451932
-384009
5394366
-1103866
-2115517
-1362185
-2082176
1154121
7957734
4127982
1601102
-4423078
9866930
3130067
4208911
-6561827
11947629
5536581
8291868
-4698537
6822888
9102171
3758840
4388174
859260
11170237
-5268393
1299617
12879562
5182652
1612724
7686606
-4032043
682181
4778208
3541459
3739498
-694730
9234976
1505593
-1893405
10826341
14721186
-5134512
12205014
4458284
4657314
-2735320
2299328
3400667
3549715
-519628
-1613016
1621783
1882949
32680
-4817331
10346413
-6404596
4619376
10681136
2301290
-3615298
668689
12016388
2792008
-543268
12078832
-630748
-5397327
6526499
-793294
435684
3755263
-234865
5267727
-5277529
7879504
-4735246
-3314962
5527228
9350012
-9308165
8068469
2943156
-1110366
3406323
768551
221170
-1435793
1243279
-4454025
-5689807
-1370503
7870298
-127874
3664802
-933898
-6201703
-302408
9293455
-3763523
9435078
-4132493
1514030
28699
-10101698
4740187
8354376
12310953
-4791004
3317352
-2835622
504550
9894159
1545837
5181658
11109969
-1510425
-2058605
-287491
9019047
-2273271
14182090
5447809
-4849789
-1205052
178191
6611911
7087920
10002222
9276509
-1801018
615100
13423220
-1067285
9617925
3533504
3721996
-292117
2967328
-1280070
1957892
3102642
-1440668
5468766
-2999918
4899084
-1840116
4353387
2394338
-2071480
4105900
7812129
-5215594
904272
-308948
-5098026
-73800
8445455
-1890815
-2942880
8772605
-1820096
2300259
339092
11062004
12558104
2360479
-477031
11720247
-2664743
-4402491
-1616993
-2949684
9467081
4163925
12602163
11499851
8593360
-2229926
-3854443
3965633
-1866019
8874224
-5493976
7430786
-3179901
2915174
-2063752
2308015
-1207287
13122234
5320068
12752199
-6245772
14991282
1211474
-2327974
1468659
4095366
114697
-158367
6984413
7648868
3420011
-2879561
2216371
812493
2391441
-4705025
3917281
8549936
1240340
1879131
1082038
-5724662
-1800138
-8176700
7576670
9136151
-1744160
2311639
-418611
-605156
144886
-6023383
3403832
4668182
3761894
6837807
10317523
-4399009
7332706
1347086
5138910
5433732
-2064529
6664165
-1717011
-3298144
821491
8111357
2905054
12413753
-6023119
-8377271
4973378
7704666
-64888
2236596
4792035
-1080406
3488099
6229885
6322981
-375503
6121115
-6661790
8696629
6628454
6969367
-5307873
7014255
6047329
1906540
10860441
-8655542
-51162
5094481
8932414
4184304
-198507
-3947888
313238
-6298918
-2288446
-1920654
-1346556
12810111
8884400
4821620
3985169
3473936
-2568780
5698688
5825832
-2179407
3304669
941909
5474687
591890
2897781
12860665
8257014
11838761
7911912
-4362889
-4281586
4577243
1308738
8528200
4250750
-7694158
4834744
2468397
9647714
-5714946
-1156341
-794246
-4196057
5614484
-822742
5463004
-306541
9178787
-7037117
3082597
13041340
1027230
5065693
-7500933
6133385
944801
20532
12866287
-9932477
-2850684
-881496
-1552128
-965575
-3461057
12537052
744796
9186008
-7145746
10161437
-657370
-3010634
-169017
10207426
1265832
-4958008
-299916
992383
8057915
6074758
8993004
4632549
-3503990
-2594644
520452
-81847
-4885843
11514031
-7850061
1114090
-3162292
14326366
13293315
-1916150
3491730
1402125
3203770
-4382412
1859741
-1450946
5321789
1381207
683381
-7018376
6720080
8055359
5325738
5639350
-5485691
11360331
-4171286
3769608
-4292644
-1493962
7662011
11191901
-3758622
2985373
12255153
10718762
-1048466
1844846
-4841558
-622751
9970912
196853
2856975
11142953
-7999050
8037097
4273098
4901297
12697929
2429745
11809108
-7351445
3894039
342012
2444721
-5707910
9968632
-3549709
-281816
-4208316
14561593
-2955150
2035604
-3227274
4492228
481628
10091985
-1903061
-5585320
3369860
12574862
10541847
-9014715
1825796
-4128974
-1709208
14048259
8191324
-3361792
-278885
10248228
3792654
4684716
7317005
8790515
5879956
12466690
-9890677
6895604
-3418324
456532
-7640235
11599846
-464449
-447730
544355
6393078
-5700000
3909278
-2483461
2517050
-1804875
2386288
2991455
9206985
-80022
-450337
5335114
5719588
259136
2286677
-6584629
1060351
9127109
-355286
5712253
6443659
10632562
5841297
6542970
739264
5189767
3044973
-1222376
784341
-2534893
8247900
8957671
28264
-6234499
-7756920
-2535654
4547220
5631735
8274511
68182
-5242844
-3594050
12548813
9150542
490044
-1179591
10875240
-1232568
607483
7782968
2013467
-977883
-7570701
5331645
-282192
5147428
211047
12229888
-3461536
-7574885
-126596
12393513
7957451
-5535825
127923
211841
9436442
13667480
-3862245
3721445
2285625
4242190
8685404
2153030
2805599
-2049626
6780378
-7025508
3038775
8426088
-4757866
-327940
2429697
7738545
3452912
-4345723
7630048
3857972
11911087
-4329158
13658569
7325848
-5957669
-5880625
11754668
-3099892
-5869720
932187
12230167
1567778
-5496783
-5707776
373410
702308
6438006
-5598151
6182344
10473963
4752866
-3498656
4094687
1877696
-4208830
9271539
6916703
-5961841
14974910
8106619
-56599
4171141
-7462776
5024225
6142121
13561723
9018730
8979706
-2689193
9118722
2365144
-4969547
8302109
4116242
7851445
3265975
13386419
12646919
-4087386
5134611
4098864
-234520
8474916
-1649507
5532025
-2270469
-4063126
1442519
5106272
6787445
5733773
7257447
2271070
8697140
12951930
8783712
13991763
-1786158
7867828
2507919
6809931
-1993472
4733991
9077791
9301155
13341396
3645127
4047750
-3723566
-5070204
3206664
8172098
-1630555
3118202
-3503292
10646128
5492286
8270052
-6010101
9588418
1425408
744870
-2949889
9783821
3976569
-5921926
-4609907
1785198
4278206
900502
179460
8410227
-1132190
1887508
-3107085
5013649
3999315
627342
6122046
899006
11770306
2153908
4470585
-2987565
-1312343
6775379
-50835
5290842
-5596679
5352406
-5068930
1923404
4207511
-2091467
-3020608
2941532
7709562
1090551
6386062
8260163
5012633
789450
7742548
-1821249
7701867
-2842627
9884903
13641785
-947607
8614807
13374634
4552385
9374226
-417778
10469426
5383382
-5106089
-1727219
3110854
8439204
-899546
3281232
-2206871
905835
4391635
7897570
2163358
1529609
6048005
13371213
3085683
3096954
8170145
15178172
4255604
-1735295
918192
-26249
2827335
2401044
-4431097
6876573
6447542
7229018
3570763
-6590365
6462298
6498069
6236034
3566427
10442926
2733306
-2493126
-7817753
7657318
289072
-5479671
-4409715
6151327
-3598303
5222286
342293
-4129673
153157
5452368
4240478
-898039
-1088302
9763200
-4868352
4423056
-1114366
-1024837
7956771
4350290
7946849
4867256
1126207
-2966825
756101
4166690
7423241
1794564
-2004133
1049829
2807449
8499540
13178900
8400633
8614586
3605405
123114
-3603590
-2563552
-4676371
-7497341
7068728
-1437540
3407787
1295025
-14129
8495361
-3414284
3574791
-3921272
1979559
-3946067
-234518
-5476076
-5480003
7244497
-3746035
5539798
-2730956
5198423
7812291
-5276528
6240668
621482
13639541
13444352
-3193120
-6222386
8317242
6121895
-2443756
-1347633
12479582
9149781
-7016444
-156017
6669009
-1457664
8455241
2638127
-375404
4456729
1159739
3127333
7540033
-1634252
2217279
8515398
11772934
8543103
13011167
-5540053
-1053041
-6058075
8499964
1128715
3010506
5633661
11963593
9252125
-4285969
-5124493
1590109
-7505024
8632533
-149371
362137
-4396730
2696106
4013321
56753
-1805181
1893910
-2054220
2845631
-6886125
-2282964
513607
12370237
12327257
5660134
7160765
-2123589
842939
79584
7336139
-5410478
4881886
479801
-5050179
1780287
7038327
-938
10989430
4226412
-380808
3154313
-406359
2455155
10160932
9451972
6178816
-278200
-1230379
10560095
-3607375
10453478
-10424327
4358129
3465507
-1368550
1121124
5795810
10091204
1991556
8488998
2424624
2913818
-8619
-4123453
-4646292
13240178
9431918
-925539
4015724
-5133035
-3650020
5483769
8697920
11908298
2108001
-838346
12869118
-2209959
3937235
-7010739
6787951
6319756
5408487
-819687
7170390
4129937
22500
7506075
638393
13422194
-2658071
3471791
-391193
-782883
4920962
800402
6216132
2120379
-1801916
284144
4390970
2189548
4859388
2942890
-186283
4236045
7208418
231680
3598944
15987664
1808308
581684
4412210
-2208156
12080528
-4211901
-7554526
7007238
-5235321
4513522
453714
5755228
4669319
-5519088
7954892
3685145
3235281
-4947859
-427247
9320254
-1196478
4108600
1515510
12320627
6060378
-1406504
-9703548
12016324
5771971
2793955
6586082
4730930
-283836
7976238
203064
492323
2688748
-2046032
7206806
-610741
-7403370
-3818831
6543405
-374586
203970
-3544076
4954428
1536230
8098300
3089784
4542056
-5221870
3049956
102197
-836232
25435
-1845048
-7531698
3103207
4480518
-7459672
1355037
3485797
1958739
4311015
554481
-496190
1333369
4064369
8196373
3793415
2927834
6155878
5626503
5574506
12086103
4577613
3444679
-5690794
3656876
-3699119
8192671
6069727
4935117
-7856285
-3763277
-1539038
1143746
272063
-6382214
821122
-5461412
5069090
1568502
7096828
1431561
9454519
4073169
3307902
3469868
14888286
6467312
11619554
-2232483
9339840
1589183
-3510748
7761162
-3457760
5872390
10986414
-6847145
8181597
-5741856
-1688075
-4612212
5946372
5613644
-3171227
-5915171
4489030
-4609298
-7795734
12465511
-835066
3686109
1816559
-6978292
1002464
4973335
3838529
8798950
12133642
5034533
7667087
450454
-511619
11623
1905221
7150632
-2291110
3732796
3054314
-1706048
-2972547
-3272274
12879841
7151760
8839706
-6002340
12076429
3359783
4995347
10674537
6662663
8450380
573403
2172531
-7905016
8366999
4446189
-315136
518874
4618358
-453813
2723387
11256280
-2994166
910080
10332133
223047
6708931
-1263308
-1359065
-331878
-375958
771086
4560488
-2452490
-4452061
-2750925
1345744
3922143
-2165326
6324587
-3970694
3766986
-2265025
-3249875
8190851
6855277
9707399
8808446
-6480915
-5885618
7146541
1232168
-1326092
291133
3723138
3553004
5665748
-6545754
4059435
3688543
6045161
6191418
12973298
-7630868
-325162
-316954
5413488
1424294
3401466
-3043120
-6365111
8069322
4805137
-595651
8205998
3103842
7758296
-1859432
-7016141
3590042
3294153
-1669247
9486950
487918
-2792008
8912064
-131418
-2742501
5322898
1440536
8503220
-5384333
-5028658
8363739
-2381375
8755654
-2584136
3998578
3523213
-7286756
6272383
-6020844
1419652
9902353
-1094775
2168622
-7845289
5265213
13356549
651150
12134481
6237073
12241269
-8188583
794511
-305938
379594
411207
801117
-779279
13375491
2152415
9311350
12717939
-5296359
-4558540
-2921502
9029710
7710478
1164615
-169947
3022969
713040
5076752
-193378
-91951
-392975
10516846
-4304435
3920014
-74092
9378391
4043528
690189
-535682
320022
11509935
3519599
-762425
3689401
-6350958
7647836
3713487
-369742
4595052
3533656
11313661
4729588
-1356144
6034624
10495910
-4284532
-2046603
4776457
105337
-2090630
-923996
4985474
-2512858
1147283
1070641
1075817
-1736562
3761097
3500083
11434673
-2422663
-7247121
7922560
617639
309876
4803249
9510107
8685849
-3567998
-6126209
10654887
6517693
-1420584
305909
211383
-804966
9604078
9907036
4195249
9864782
-1029264
-638857
4906218
5325625
3830551
6500109
8164835
-1083246
-2672960
8542906
-1555324
-1113833
644904
3308943
8985189
2463768
584761
2776605
302861
7618300
7274691
-2669705
12334967
9335668
6114826
7616393
2182011
452958
1470465
753710
13330356
6162419
6937917
7963135
3966703
-2817080
-6243542
13798449
8848474
-6248190
11180348
2911549
8983726
3758482
10217086
2747360
-2095641
6825874
-3886056
-6206320
-5749075
51230
3539971
9738913
-1370601
7019086
3629231
9115979
1657854
795635
-4710801
-4563085
3455141
5787766
12608097
6210115
509567
4660094
556036
-1181804
-1737202
-416333
-7833838
-5059552
-2102464
8807009
2457364
808497
-865657
-7239965
-1209633
4375891
8309001
-5874923
4111097
-6480775
-1133419
-5894430
8004280
188532
5682708
1729533
3731109
11770189
4362772
10387712
-78590
5084553
2870818
7900373
3130540
1087685
-397447
6456790
-1538750
-2496538
5097149
12464359
1027739
4443596
-138818
3097608
13339573
-3427342
7187797
-566041
-5384745
5913388
2109326
-1674020
182370
-1138028
11940578
7491104
8063460
2179322
-7059876
-1246484
9023922
-4223370
4389367
-7047
-5828641
8362450
-1228983
6605961
11009629
5722890
8734542
-1007190
1593030
6045852
1593469
2693335
199168
4101814
5728382
1034589
-6228604
3272763
1336197
-3781402
7936024
4805929
2428796
5028323
7685841
6249650
8507585
5544642
-6110526
4876706
3757700
-10539
-1842956
3943100
1588787
1881158
4478973
11565508
-4592119
3397468
-1469460
4226477
5940038
12140052
4224542
555719
-245626
1096300
3922546
5279937
6820381
3889830
-1056057
1043683
-1995844
4332018
-4402987
-4934507
7013734
14475395
6638289
6788443
-6606941
-286111
8802694
2547570
8791526
-6941445
864892
-6319898
2049085
1073967
12105570
-5644567
1610
7863605
8286914
-3112750
9259761
9845254
-554129
3197762
4661469
2902695
189952
-2555014
759231
4497861
5369185
7409922
3883983
9782949
9369653
8824741
414400
-517683
1931162
-3723328
6605016
146729
4090706
5613604
2283081
9477133
5114930
-3161675
-9495448
559381
-170428
1269269
4698365
-1397079
2222089
12887131
-1751674
4485366
13676803
4367838
4127839
-1230459
-1021580
-4211568
-4766268
2326575
936396
5822463
10364433
2069979
8124619
3826342
-5995146
4895746
-3617308
2722
2656513
3874160
12672969
7985405
5644469
5218426
6096504
-1041567
570840
-1347679
11774727
6124138
686026
3971731
8268778
7875294
-6148448
1601546
-5759341
1204343
-2899758
13151928
5162758
320950
1700157
-4912293
2786710
-4482878
-1228369
7094233
8367885
-736260
7178415
3471707
8626452
-5247679
3339724
-5201939
652483
8418627
197173
-3677584
-7064518
-1322788
-2317794
3835608
-6412747
5069418
8541523
-4261051
-3964640
10018847
-6628332
-23810
1156873
3537241
4197532
5223706
3198234
4481739
1117250
3968036
8617936
8160787
-3927433
13812371
7739395
-329275
-1216097
3012328
-5071445
3930986
440195
7980048
6974
12523392
9555630
-515245
-4827456
-7145052
-1353120
3015906
923704
1284081
-3483572
3495741
3609084
-3337077
10522099
7704049
-2808118
-3909186
-6036778
3690585
7020974
-853301
6163288
2789152
7950590
10688690
-6296899
8866900
1691839
-5277822
-313606
-5313656
1175367
1515122
361766
4331267
5639703
-2784428
-6680319
-5063664
7994403
-4832099
-294936
-6485233
339704
3922490
12441313
13004495
-1239279
11084758
-1700321
13322713
458447
-4276600
-9893353
-3840036
-1911195
12324389
7783958
9175243
6840049
8570431
12627544
12487572
-8376083
1495288
-5707904
-2110382
-3016472
-7273181
-2046156
6069453
-291041
3914509
5562118
-453282
-1932213
3303760
1685325
-5868039
-2588318
1126062
-1847967
-2416380
1116579
8902052
6036776
7387288
-2525079
5203301
6336764
6986026
3913576
-5228286
12954331
7812860
941695
3478809
1324901
13405874
12654937
-1696792
3210556
10594110
-149082
13110709
13175699
-2284798
1287150
13709123
2599983
-4196286
4661146
-6803021
950612
9314420
1510681
159103
13301664
-725415
1906467
-4017891
-732667
2007766
6078934
-121647
7654704
3866797
2224160
51925
430007
9134208
1541650
-3229679
5238037
5583140
1228086
-2573864
579766
-2092166
3735319
8837552
-510072
3751054
-8383125
-1992925
-3771432
8472503
634586
26071
-7479057
-5250093
8665908
-91546
-280026
1941664
11224773
-9511145
-639220
-128379
7946582
-3793318
11954390
-2442598
-4341248
9382914
7456953
-2093651
-5596942
-1234878
4197602
-7495866
1825484
3959670
9508440
-2480059
8543067
-3774584
2544903
-2501227
8493123
843891
342758
-742288
-800416
728736
2650891
2678135
3640480
11473848
1380608
302882
-1336398
-5825564
1947388
-92096
-913259
2289212
-7163096
3444082
3635813
13296
-2142686
-4534388
6566531
-2607480
5216731
-509829
6096983
3875335
5132788
3268229
3318948
-5595668
4888410
5078512
5032731
203660
7457052
8922471
5868558
13344009
2320145
320252
2952063
-3693912
3364332
3481748
-5306469
9200150
5254188
218786
212422
9867
2596746
3157396
-3605671
1968730
-768627
3753589
5306872
100870
11981500
-7151168
11614787
-1629404
50078
-2870359
-1816020
7381289
233275
-5418875
2075867
-1998867
4403253
7563607
-1883190
2932093
8812082
2071187
7258357
4404963
2164345
6684852
11383392
7780112
-1609379
4091196
6616873
13186869
411794
-2717983
3850991
-635209
1030094
9062339
4575313
7764446
3035365
8189341
376134
11822500
1564280
-1725453
3801398
217805
1248635
-6370133
-1660751
12199
-5650153
6574103
2395583
5889251
3688140
-5446475
11655945
2104975
-1826692
13865387
4732874
8767576
3867485
-3656203
-1280061
6573291
7133922
-6621739
-6195671
-444250
8119238
3181580
1530033
12742407
-6617325
8509385
-51883
3058535
-2827695
3681544
3353503
2513833
3599592
7120363
-1681948
-313515
-4705224
1036515
-4470133
-2573891
-1645169
5104444
2023395
6285117
8076627
-4375301
3877945
4245879
3973632
-2627404
1955584
8917853
8445955
-6481028
2732676
250684
2386371
3128039
-143478
8456007
4400190
1040539
2827252
9135529
-83239
10684951
8090163
3973470
-4063679
4961882
-305843
1812512
9844754
657670
4617276
1262114
1881515
-1414861
-117849
-2147098
2123363
-1947291
13248418
7740777
4506307
7997270
3798934
13123380
-5079095
5702964
-176261
6417891
2909585
6501082
4325027
-7266345
5604133
5817936
-537476
-3986586
-4085845
8757658
-6612268
611511
13727007
4638539
-1305709
186991
10248568
-5122219
-997011
-177183
13087381
4827143
7681903
1813676
4856947
775401
-2575449
4785782
4009005
3102988
5231432
-2169431
3259889
7815930
-1543135
-3634571
-4117645
-5373372
8386718
4634474
3311465
2584579
-617254
1247494
-2228709
-8050670
-1250111
-1620975
-7496927
-2024698
-115892
150659
4399685
7988260
7362144
-1347772
2301068
7642195
-974877
6408986
2128820
2091041
-2407091
5525563
-4707070
3474557
-4705476
4376132
570547
4043547
12932249
3834781
-3883785
16409705
7721651
8026155
2974155
1334068
2786427
831435
6474339
1817370
4643220
2773865
1638837
756839
8148537
540479
5511857
-2066025
-7129730
-4287429
4644557
-6048599
6584942
-1944227
-1976231
3275776
7840553
7140485
4495048
-4461614
2823099
-2322472
95213
12831041
5702456
3916087
5666890
-269735
14035252
6254344
1505547
4843607
5657051
5147046
3886831
3346463
-621644
-3351133
-915068
2289089
1086835
8038655
3900687
3615428
4096875
-1836678
6527441
2982473
-3489565
1388340
3011688
4935415
4746582
9224242
721767
3116639
5490130
3191889
8590670
1711146
806190
-3459307
-977238
1317946
-5552982
-1762735
1220132
-983139
9972278
737592
9666088
369282
-212067
-950276
-5591686
-2278546
2863273
-913733
6435738
1580736
-6648306
3184561
6564466
5290385
9513446
11130974
-1895193
3767403
342458
6038500
-3341952
-7711
4337843
-3581967
-1709808
-8238264
-1049247
-846120
-6320219
12547725
9040176
1058522
11976296
-3084236
-853065
6799547
284613
-4808069
5766963
-3382957
10760984
6400771
-4731579
12178003
-302684
-5240813
4309828
-3349400
5094008
299040
2737157
-6942593
3027139
-3066340
10631059
7408422
2740221
3629737
2434540
-2548097
-782259
2116598
-1649949
127116
2434943
5877410
-3074239
-3026848
583206
-365630
-7317274
5950286
-7016489
-9670085
-3065133
12017249
6138123
5818918
-1158386
1909756
2745478
8504969
-334086
11436363
-1059304
-3186976
-5810868
4489916
4698620
-24179
-5226995
1863680
749923
-1478588
11081150
12386261
2476835
3666882
7154252
1310367
-1334103
5654283
7603113
-5101966
6212498
-5581354
-227634
3714778
4764031
4543611
7778186
8947887
-577464
4781361
-3319585
-4948644
-7107401
310664
4055059
-2317340
-3819612
1036882
4741829
-2350818
5836783
1178363
-1889630
5113604
11488203
-4742867
3260553
8738513
-372836
4394175
6899442
3126073
481726
5202921
6651202
7030212
1414014
6720212
6485042
-5149580
2305538
8143361
2962729
3829161
-4947499
-7919856
-2099185
-6052723
-3729881
-390512
2720563
1684132
12736645
2975726
5343489
3314382
6533156
1388695
3467676
868295
299350
-7897
5786278
4353069
4716542
-2975891
4670383
8898482
3310330
3658123
323458
5861155
4521466
1694244
12816189
-1016324
-833788
6611947
-7517320
6305244
437370
-431830
8653449
3913831
-225439
22961
8347911
11640957
2332434
5578190
-5721527
4396161
-4634669
926628
5756142
11130619
3886505
2441306
4561717
7969673
-601474
2060349
8182111
8203178
2711853
-8046089
-203007
3215985
10636745
4997250
401820
12876299
-246859
6421449
-3548004
-7699721
4721232
-6650725
8768571
-7794
9810483
4385857
-447902
-1068110
5004950
3896798
4796168
8825732
1588628
6824246
3711408
171752
9299096
5272515
9206661
12905754
6503918
-1891369
8138204
7268151
2520463
-1129484
8779072
1687016
-2925588
-5474369
8159181
11700757
8945223
5282055
-888400
6299095
5598260
-243716
-687917
-9773318
-518562
7988866
9210652
5973768
1896027
7368180
12816218
-6030566
7624321
5601680
-6229164
4304926
-4193899
-3172023
8601860
-2019256
-1847622
-3514482
2991362
-3316189
-5850661
-1026269
-4510344
71437
-10321120
4382056
177444
313439
-8360482
2153864
6599608
-2189598
3413067
716234
-3779172
222342
8682168
-2248912
1878167
-203088
-780114
320229
-2132319
3999241
183882
-4130177
-5237896
4620668
2266023
2372802
-28407
12517342
9335885
8136971
-7309893
1693324
-5344884
-4336284
3884362
2227507
1561161
7736506
8256746
12112834
3981824
704297
1166083
-830783
-4438159
1201816
960187
-2103771
10386386
-941961
-6285421
3050752
1799711
6491864
4793102
-4585440
1591732
-6542867
-5469915
-6525197
1829680
8912479
-5237234
2389512
919785
-4923296
685373
6765359
2585212
869677
8624503
1954833
4919487
6242770
3552844
-6669528
354285
689478
-1055092
5821960
8025801
6202170
-1027630
2032433
-1337247
-1432248
11699457
-1000292
10416414
8471651
7823044
10613183
-1142869
-1087469
11755283
462285
4440851
3561176
998192
-4229971
6646025
-5278301
-1967916
30809
-533188
4053845
4110054
13518415
-1272183
3818284
7249305
8130695
15206847
6093320
756746
7131315
425048
-2120559
-3562810
-3059201
3753825
-7242107
10514433
2843461
13640692
6055842
-2179382
5220357
3227138
9272715
3987097
9280176
-2891131
7351829
-531858
8269613
-567712
-440522
2498109
5598622
-5360825
4932126
10127734
-1229167
1566072
5109635
4520932
-4863910
-156154
12007226
-4462940
-2171938
6368950
5008398
5673639
346618
10564575
-4636846
597278
2551669
979291
-3724115
8763852
6915092
-6890790
4117931
-412385
2899743
1339322
1140063
8988806
3672584
-3262958
83266
8112991
4171858
3122735
-597580
-1224831
33607
-5066532
5376257
1595973
4301780
14329523
-1360336
13046763
11693791
3152896
-5524158
12400613
5407255
8873127
7905634
-4768667
4062796
1496548
-6555758
-1963072
5544408
7202747
5931933
1029951
1297777
8768150
-2615655
-179440
6740670
5499312
6362628
11631802
9041600
6113221
445713
-1841239
8621434
13493835
-2864146
-824194
-6290926
7720489
10989401
-3810711
5753441
4557220
1740063
1905157
-2056043
-5552594
-3362439
1552797
-2922219
8521435
2975272
8488092
5764727
4105457
2894763
14189916
7177160
11229671
8033241
2754363
-6714204
140493
9783162
-3152490
-4684194
-6270759
-897843
-884106
-5697163
4440871
7875821
-3027440
9138956
-5343331
4386756
-2193586
4570772
6182770
1188067
7414022
-3062917
-4946376
8650778
8457968
8940612
-5975963
-43934
6951407
-5639646
-2037852
8717848
8193049
2714149
-6415875
2365915
7102157
13215553
9889809
-902311
-363812
2726839
8178950
3403021
1242812
-4803861
-962398
2469549
-2368046
8841360
9490950
6420029
10591697
3582269
1252204
3091190
14871217
-5131830
3412266
3098692
7741430
3229398
1391214
3821602
-91659
3474953
-4396894
6066915
-1510688
4061373
7366071
2609641
-5252747
468563
5565908
10975804
7039723
3728064
-1246513
5933950
5357483
8707489
8183334
-146939
13292570
-6244801
-5402553
-4376588
7345394
-3985994
7646966
5542699
6970501
-613634
-1749621
11427047
6356878
-3241585
3165138
1400245
-502564
4938744
-1009459
3412993
5736495
-1566525
-1507754
-7819080
7298729
654899
2719041
2165192
-3318134
8310815
-7052754
5697111
8501692
-7934375
-6688223
1350519
6376307
4951374
9621420
3195452
10789548
9437462
-1924458
-4209791
169135
-5378563
7792443
7416394
1036843
6751450
-7795035
3744096
-6111150
6974560
-888115
4323952
8091610
7774752
889431
5980996
810758
-175937
6429750
77230
-3694204
-2859851
-2569980
3413116
3756684
11405315
-2210090
2739273
-233085
1063300
-1522122
-3860415
1804093
9136147
6063071
4512010
4780150
747772
6602871
5473763
-6767277
-4516077
1840009
-4419990
-5978216
10959700
6400914
10887
2163373
6495161
-2023210
-1265782
-4059930
-2494227
-2074931
-1613508
1751788
-1785126
8676627
-4324320
-2736459
4437994
-5786043
1523644
-4725429
371912
-4733117
6554111
11249327
4217001
11664607
6603276
8628720
9437678
-1906073
-7298292
-2088163
743016
-4215659
-198657
141414
-369111
5759668
9130633
-3172531
7392969
4713507
-2603607
5033937
9703874
13467239
4740105
-1775911
5920306
770744
13920528
8540987
9291987
5375962
13699524
-384743
-2432486
-2091163
12591512
11244574
-196491
3345655
4742234
4655369
-3419073
9793382
-207987
-1890774
6220273
2460613
5628336
10190447
631883
-8094683
-952405
7123189
3594688
8584337
3720091
-5317466
-6728739
15670068
-2631542
-2313445
4493081
4222228
-4684807
3354698
11144165
2496683
8789797
-2323582
4244954
11973901
-4168442
-3228291
-2621758
4414432
-109247
-444266
4812939
-1120931
3939042
-4518468
848351
7180702
-2845290
12973094
3631320
-1960752
-5196137
9718042
-113210
457169
3860684
9391986
-4675327
5806127
-450891
193382
7719056
-254253
9019983
3251477
-4022082
-4508264
7669505
-1645854
-7553315
2714426
-77885
9065653
9255240
-4157427
-385807
552831
8134011
904449
-3240837
6011840
-3170926
-5102834
-1187824
1915973
6502142
2846652
4423316
-7939687
4029948
7468963
8800792
4453876
-2842568
8496873
-773493
-4335773
-2406714
3252220
-4154380
-1914834
3865228
12949282
9025022
-676309
7631982
8128674
-6705382
5315720
735910
-1023564
4526689
-6919491
8193321
-4989476
5101875
-2362220
10564588
1932410
-1965158
-4488258
2091501
4898353
-1834488
3532280
-5257691
-4120429
915030
-731717
14179186
4757855
5450914
7102132
4139299
12662218
-2805888
-2395067
-1450406
10603312
9962717
526818
-4302492
-4688228
4671775
-2509041
3695847
210399
396926
4920002
-267911
-2119026
10484455
2669847
5747320
9829114
8261483
2721625
7590711
-862263
-5122447
-5861998
3977976
8283975
12828197
-1576438
-1022744
7029054
8713606
4471045
749558
9529495
6100738
12144914
13806077
-3309631
-1113689
-4761831
4535523
8940050
10997426
-5392391
-767817
-5007865
-3079299
6613953
8305121
-3177025
-2035520
13527
-1606830
-6469630
4305289
-5836491
2031721
7574729
346637
3549700
-1102342
6926273
621057
4329920
6741209
2866347
4656934
9574303
-4196165
1444641
-4201223
-3217604
3794294
-3595110
-1293983
4783448
795191
691529
1167238
11936089
7641126
1902122
2469839
4917371
4541936
13016438
-788481
6016540
-4452414
3374327
-4295038
2341819
-427119
4318008
-2319104
7228064
1222804
15269120
-3201105
9519760
8251781
838696
-3504733
1073149
2628404
249238
3930852
-2483598
1360537
4481664
3859255
5569315
3360701
9067488
9174701
2921958
7021567
65437
6103406
9945956
5375324
3582500
258152
360350
8917233
13470613
-2342365
4930513
7281671
8602088
-3784343
-4601662
-3583415
-4540035
8061293
-446833
8384027
8761048
10656812
1622242
-4792220
-2784584
3502762
13739099
11654175
9225346
5375964
-1064295
8701365
-1146672
3705092
-2472929
-5996530
4970291
7283536
4120150
8695659
6670359
1320747
4559437
2431494
3672123
5992283
-4603791
-5265162
2649999
6895231
6776287
311617
13805768
2469088
2795350
8500502
6303181
5018003
4068562
2110572
825838
1260856
-4968075
9204400
1755447
3914821
3861244
573644
-304178
-5593858
3409154
-6801926
8413984
381820
-4425046
979419
1622862
4180018
1977697
-133268
6821461
4968142
9424570
-4898113
7734633
5513067
4132281
13331823
3868025
-2597730
9132120
3280715
4750178
11128033
3511200
-2505243
4691833
9067959
-9025
-8476033
2721363
7715074
-223042
-710900
2948994
5122319
387348
1353529
-3325473
3801664
-7270006
11434746
-2044564
6288741
-1939037
3180937
6759143
-5320660
-4055009
-44984
-1046954
10941896
-3018582
2818795
419965
-405391
-3894690
3502608
-204019
6955852
8710134
4976884
12178799
8810928
-74639
3161294
-3877743
8126847
3169639
2832090
-53547
9524518
12309465
-6784209
-5815471
3756043
2841587
9596361
-2690015
5440455
200095
8691977
1196278
-581257
7901493
-599701
-4421713
4188076
2526535
3720681
13194986
12205183
5963407
-251850
-4005740
6369887
-29854
6337087
-250811
208231
-908189
-5050643
12531656
754151
-1025847
4641404
-112940
6747480
137394
7554739
8388971
2569640
8464713
-2913998
-3970676
6337854
8618123
8105858
-1561088
3445957
4379559
310379
-2539366
-5065021
-6227778
1239564
2442505
-3615646
-2705697
-3832889
2583114
-1997936
-558071
969608
8264714
2944550
3876431
4211973
3596990
10436724
-1535399
-231657
3918778
5207255
-4591514
-200292
-5049880
-2703213
-610553
5878008
-1681289
4293540
-1903328
7486527
-168107
-5632816
8115325
-3967928
7201017
4448163
6509524
12995699
3816789
-2027249
9532970
13603399
12857439
5210994
-2056292
4228312
6166447
-1009033
7694826
214610
-446940
-4143470
6361147
5665093
6739013
12469966
9967391
593236
5036311
756767
482570
263944
1660514
-5750231
12156970
2239828
960073
5582094
2177367
4086018
11074543
342104
-3145664
-3897636
-446751
4472045
-2171081
2732937
7531620
-4842284
-3581373
3313316
-1025238
-4025221
177472
4869558
8407940
-112865
-6982236
2845893
-7901564
819581
-2436890
-1260090
12581777
-906436
5743091
13446089
-2847183
-1058254
12830520
-3261755
3425321
-4752049
4327173
993371
8791102
-7995926
6994499
-353753
5278789
6552806
8027668
-4025706
7108426
3227510
2880933
-2817995
-519886
9483516
899141
2730751
-1822291
5176387
4756457
890179
-7017771
2017707
193570
1486663
1573353
2321475
503462
4475135
-1774254
-2117196
5354758
-3514053
-3028063
-3653298
-870524
5859410
3265342
3211466
2750652
6977458
780724
6924179
8906468
5314011
-6298669
9323448
-180121
14190895
11606813
3400628
-3128074
7566826
8252142
-6199916
1973415
1972276
-5142882
-106674
4072894
-3321488
13122112
1397722
5750092
4456826
4153808
-6825610
-5480583
1834749
9269240
8387937
4254065
-2231347
-3822322
8719228
498104
-519352
-2746364
9373059
-6876959
-1767071
1178448
7737677
1002487
796123
7228599
6441187
4514601
12224586
-7111211
-2033433
4409896
4544447
6081347
11094764
1589636
8861335
2554954
-2513384
2571932
12124799
4277171
8642511
1424034
7044705
8185987
6549728
5184047
5276040
14035070
8461753
21288
3410003
544415
4173235
-6922228
-1537821
4542608
-5085120
3555501
10851774
4733097
1883164
9813211
9092562
9574532
12281913
5732663
7368177
6419187
-5848007
12311126
9118092
-403023
1922008
-3551452
-406313
6843389
-518069
7033873
-2991055
1587937
-7572258
11025667
-9445517
3657419
-1560878
152771
4739771
7822028
7739961
1331698
3279652
2660807
11861862
6570341
-3546029
-5310659
5587998
-1805446
-2169422
8264071
14019606
4914197
3461880
12498873
1074584
-700431
-1572448
-4649955
7533057
-5393652
-4664168
-1180620
11002665
-1429201
-4638781
813323
-3535994
5582373
9407741
-449796
9861770
4936032
-839054
8006438
-1731944
1843411
-393058
1139740
-3209920
8492796
-6905052
-1536379
1108565
11190726
10418559
8205016
8803151
3689389
-4468211
3878427
4693683
5290799
51531
-257538
2578969
9160900
3770204
9211632
-4489491
6662433
6898236
382140
2129395
7928063
-3667218
-719378
4993853
4383939
9351922
8105004
5301634
64884
842509
7577915
-4930639
-2815907
-1236506
3400231
4399829
6584563
4268818
-5104243
-3014573
2544970
-976982
3566929
-941156
-1616988
2331926
-1346545
5512871
3104546
6587872
-157156
9958525
-5730084
-2572096
156383
6704950
4274174
-2248421
-1667226
12680352
7168084
30685
1639219
3265047
-6407020
3261479
-4962758
5913681
1253194
2839079
3850964
5353629
392084
284208
-3691732
2805668
7875855
6943694
6077748
-1759430
11448689
8262071
-6426354
7106690
4660997
762182
4636465
4190845
7708980
1539305
5736018
11892442
2599648
4403179
4166863
13435443
-6284049
-848914
7222784
-993419
-4676609
7296194
6651672
-2274724
1528391
-1345819
6055462
-8317904
24487
5160354
-84946
-7104691
1676045
-1528729
8789493
11153795
475472
-6953293
-3372537
4179390
-784573
-667280
-223587
3262654
-214719
13133046
-2296155
1076539
8978957
4230364
3789730
-4414855
-1348566
-616491
12241821
-1446950
-789792
-5581758
4336795
200495
-1059220
-3218104
-4339640
8521757
7214957
1269736
2274454
8287605
-2788746
-2838814
8982172
755174
2955114
6231838
9380001
3806073
4419130
5025949
5553301
8600068
2404718
4334128
-2991186
-7244289
-6947969
7065404
-3045400
9033451
9071285
2876160
5425469
-1202623
-1795072
-6148747
7070815
-5785376
8549600
3755487
4938637
-1756223
3817309
3163364
2074223
-987648
12182132
7886822
3745736
4569311
8030551
40899
-5145553
92012
7517308
5734260
-6137944
-384486
7119854
6439727
-2799743
147570
-3061390
422316
4614528
1389515
-5981179
8651755
-5177810
1319654
-5020759
-747505
11865020
418239
7076147
4072029
-2286914
-5839045
-3232244
2757061
13733221
-3431395
-2324969
5919424
11140559
4794946
4582465
10139761
-269058
2780496
8814519
1374670
10115303
4570278
2069118
-1326542
192437
-5445500
8422302
3138016
197730
5690953
2109920
-8749137
474987
3271143
11239916
-3941803
-533860
-1035772
5708952
4942574
6744265
-4331351
6418706
-3521842
-1730006
2935894
1217610
-277510
-1828175
2155757
10337975
8651293
4543137
2493633
-5512160
11103626
-1149119
2617363
6362148
-2528901
8088026
-3533794
-162048
2979676
8817529
2959518
-207084
2978977
3574486
10513499
3782648
3588148
3613914
1061299
7502535
1343152
3857951
4266985
11703169
9457149
2720356
11937398
4524795
7069597
-1051348
4141608
12180122
7140383
3331121
-6028323
-2478216
-3631627
7224702
3454927
6312533
7723556
3894966
7528060
1914586
8308815
3164418
-2396554
2952797
-927393
3311175
6095609
9281180
-7996070
7841608
-3829953
6956037
5385531
-1972956
2269192
8695877
5355438
-3540790
-1403373
-93600
955284
1425990
-2510323
-716629
12177834
3531046
5807223
229314
6701151
1622803
4598777
5572731
7148990
10513553
9262165
-1086964
4836687
-678218
-2014310
2262722
2621621
1425709
4764406
5600183
-1933668
-1181883
7363360
2148896
-4256655
12694330
13665172
4873225
-4357485
3463807
2729961
1797545
-6858413
11255408
-4266813
6812745
2884049
-346775
123826
1120239
6429147
1068122
-3008111
-35233
2073702
-5267969
6870199
11048376
8731674
4397568
3345994
10178827
2068825
206693
7743583
-2502705
11642234
-2579664
4721547
-1592046
887787
-4466074
-982472
-93899
6154920
8082536
889616
-513367
11580471
-206693
-3514971
221593
10979170
-163583
481125
3724338
6119140
-5856305
-4521571
8064980
8156272
4946331
-8318660
-2645902
4164988
871770
8966084
-4490861
5019520
12301082
3154922
10946877
-5340242
-48829
-626545
11629923
7185185
8173403
6408693
-2750549
-4461398
1739950
622437
4999613
-1400826
12999092
12780849
4411183
6204579
7618846
4277042
-4533521
9691972
4084322
-6497246
-5808200
6718447
1351243
3191054
5826027
-6792966
528544
-5610964
1080063
5602829
880251
-235048
1585560
1673161
-6146734
7078346
5122243
8036977
6218910
130736
3227072
1929554
4966449
-7686654
-3587471
13052513
6595800
4622762
1976742
4538056
-7577759
-1282417
4195913
1878787
7857816
1820070
13188042
11824400
-1069019
-968130
1377945
398729
-3403623
-4042321
12960545
-4560944
1038952
910435
1492875
2807276
1645452
8056362
6568476
-92135
-1280690
-7249853
3220541
12949285
5584196
6651312
1192547
-4996942
5338827
6565864
-6378418
12352637
5001183
13110731
-4804456
9053192
9261772
3627566
795894
7951407
9074686
4124343
1640462
7267928
4718620
4477612
6787533
760088
-2766379
15220515
-3541549
-7671668
-5006770
9582528
5548979
5898031
3628632
-4049559
5648031
-1752419
-1570712
11851516
-2078741
-3888338
-3639025
4867353
13416690
171348
7208190
-3127067
4369254
272233
7544267
-1449132
-4686306
3036349
1676676
3347388
1464510
7817687
8481702
2858953
3787835
9095708
1409464
-1523494
5203662
3480390
-472255
1157886
6187609
-1160799
3375441
-4241493
5602623
150464
3373970
11994528
-4930409
7275638
-6637082
2567047
2543424
6550868
-3681372
4564177
-5032451
3722584
8487936
3572542
-3046500
5982159
8579545
-5760912
1706660
58367
-10142019
-1924169
12194136
2007152
14259217
11554718
3851833
-2850536
-4064129
-1064672
1032943
-3425263
5008763
909350
3139996
10340854
2366398
494524
-3024011
4353857
-1462850
-4567274
-1416719
11371294
3289055
7506220
-5516221
-22466
5935887
597390
5627183
-8444885
-1487420
-1647629
6703167
-1340153
10792236
1620932
2624311
763013
7716496
11996228
1805846
5900961
-209705
5121951
-2143121
-3103090
3764350
3963442
5934483
-4130039
-6579240
3875298
13721931
-5445825
-5971669
1144783
8299610
-1398010
-4973344
-3698217
-9543632
625418
-4049232
8055283
8808791
2045365
3133004
-7187495
-435825
-774890
-2596404
3810544
4197088
4071081
9484243
1127817
4394025
3546185
-5995700
9368594
7809851
4765314
2612472
2604022
6014027
5192326
4589212
-3163863
8580680
947196
7826065
-10507
6840416
8351178
-4432781
729081
6826084
3184787
-169347
6369696
-3362953
5275858
7483983
-3555445
-5828022
-6502200
5014701
-216225
-142216
9019240
-9710947
-2786509
7629628
-6269519
-8463030
3653745
5987861
2696502
8814990
-988013
6456617
409697
2695061
931572
-497608
8234333
11297408
4732147
614828
262685
-1661597
4309703
8485446
11216339
5834480
4627739
-1642987
3262521
-606614
801955
3763640
-5969809
-6201643
3975981
-2212320
10664051
403440
3342908
3872365
6551377
741869
-663938
-4849982
-4330020
13
1484228
3804451
-5900386
7084336
-158267
372097
-1271523
4892659
8053620
1229604
12768261
2018277
570736
4575586
12860145
4066136
1086068
-8077556
5146589
2447253
12228346
2510621
2637372
3023370
9068557
